solid Model
facet normal 0 0 1
  outer loop
    vertex 49.071872571159304 9.607442417694323 0
    vertex 52.878462024097665 7.610814578664559 0
    vertex 53 9 0
  endloop
endfacet
facet normal 0 0 1
  outer loop
    vertex 48.69293596813542 9.27173388162332 0
    vertex 52.878462024097665 7.610814578664559 0
    vertex 49.071872571159304 9.607442417694323 0
  endloop
endfacet
facet normal 0 0 1
  outer loop
    vertex 48.69293596813542 9.27173388162332 0
    vertex 52.51754096628727 6.2638388533946525 0
    vertex 52.878462024097665 7.610814578664559 0
  endloop
endfacet
facet normal 0 0 1
  outer loop
    vertex 48.69293596813542 9.27173388162332 0
    vertex 51.928203230275514 5.000000000000007 0
    vertex 52.51754096628727 6.2638388533946525 0
  endloop
endfacet
facet normal 0 0 1
  outer loop
    vertex 49.359457653871736 10.02408133870808 0
    vertex 49.071872571159304 9.607442417694323 0
    vertex 53 9 0
  endloop
endfacet
facet normal 0 0 1
  outer loop
    vertex 48.24467026278932 9.036465890360624 0
    vertex 51.12835554495183 3.8576991225076895 0
    vertex 51.928203230275514 5.000000000000007 0
  endloop
endfacet
facet normal 0 0 1
  outer loop
    vertex 48.24467026278932 9.036465890360624 0
    vertex 51.928203230275514 5.000000000000007 0
    vertex 48.69293596813542 9.27173388162332 0
  endloop
endfacet
facet normal 0 0 0.9999999999999999
  outer loop
    vertex 49.53897781659471 10.497437104996123 0
    vertex 49.359457653871736 10.02408133870808 0
    vertex 53 9 0
  endloop
endfacet
facet normal 0 0 1
  outer loop
    vertex 47.75312702853617 8.915311364394086 0
    vertex 51.12835554495183 3.8576991225076895 0
    vertex 48.24467026278932 9.036465890360624 0
  endloop
endfacet
facet normal 0 0 1
  outer loop
    vertex 47.75312702853617 8.915311364394086 0
    vertex 50.14230087749232 2.871644455048184 0
    vertex 51.12835554495183 3.8576991225076895 0
  endloop
endfacet
facet normal 0 0 1
  outer loop
    vertex 47.75312702853617 8.915311364394086 0
    vertex 49.000000000000014 2.0717967697245 0
    vertex 50.14230087749232 2.871644455048184 0
  endloop
endfacet
facet normal 0 0 1
  outer loop
    vertex 49.6 11 0
    vertex 49.53897781659471 10.497437104996123 0
    vertex 53 9 0
  endloop
endfacet
facet normal 0 0 1
  outer loop
    vertex 47.246872971463816 8.915311364394086 0
    vertex 47.73616114660536 1.4824590337127361 0
    vertex 49.000000000000014 2.0717967697245 0
  endloop
endfacet
facet normal 0 0 1
  outer loop
    vertex 47.246872971463816 8.915311364394086 0
    vertex 49.000000000000014 2.0717967697245 0
    vertex 47.75312702853617 8.915311364394086 0
  endloop
endfacet
facet normal 0 0 1
  outer loop
    vertex 49.53897781659471 11.50256289500387 0
    vertex 49.6 11 0
    vertex 53 9 0
  endloop
endfacet
facet normal 0 0 1
  outer loop
    vertex 46.75532973721067 9.036465890360631 0
    vertex 47.73616114660536 1.4824590337127361 0
    vertex 47.246872971463816 8.915311364394086 0
  endloop
endfacet
facet normal 0 0 1
  outer loop
    vertex 46.75532973721067 9.036465890360631 0
    vertex 46.389185421335455 1.121537975902335 0
    vertex 47.73616114660536 1.4824590337127361 0
  endloop
endfacet
facet normal 0 0 1
  outer loop
    vertex 46.75532973721067 9.036465890360631 0
    vertex 45 1 0
    vertex 46.389185421335455 1.121537975902335 0
  endloop
endfacet
facet normal 0 0 1
  outer loop
    vertex 49.35945765387174 11.975918661291914 0
    vertex 49.53897781659471 11.50256289500387 0
    vertex 53 9 0
  endloop
endfacet
facet normal 0 0 1
  outer loop
    vertex 46.30706403186457 9.271733881623327 0
    vertex 45 1 0
    vertex 46.75532973721067 9.036465890360631 0
  endloop
endfacet
facet normal 0 0 1
  outer loop
    vertex 46.30706403186457 9.271733881623327 0
    vertex 42 1 0
    vertex 45 1 0
  endloop
endfacet
facet normal 0 0 0.9999999999999999
  outer loop
    vertex 49.07187257115931 12.39255758230567 0
    vertex 49.35945765387174 11.975918661291914 0
    vertex 53 9 0
  endloop
endfacet
facet normal 0 0 1
  outer loop
    vertex 45.92812742884068 9.60744241769433 0
    vertex 42 1 0
    vertex 46.30706403186457 9.271733881623327 0
  endloop
endfacet
facet normal 0 0 1
  outer loop
    vertex 45.64054234612826 10.024081338708086 0
    vertex 42 1 0
    vertex 45.92812742884068 9.60744241769433 0
  endloop
endfacet
facet normal 0 0 0.9999999999999999
  outer loop
    vertex 45.46102218340529 10.49743710499613 0
    vertex 42 1 0
    vertex 45.64054234612826 10.024081338708086 0
  endloop
endfacet
facet normal 0 0 1
  outer loop
    vertex 45.4 11 0
    vertex 42 1 0
    vertex 45.46102218340529 10.49743710499613 0
  endloop
endfacet
facet normal 0 0 1
  outer loop
    vertex 45.46102218340529 11.502562895003877 0
    vertex 42 1 0
    vertex 45.4 11 0
  endloop
endfacet
facet normal 0 0 1
  outer loop
    vertex 76.5611678056573 46.33706391575444 0
    vertex 77.47474688535246 42.27970245171896 0
    vertex 79.30857236933312 44.160101656589134 0
  endloop
endfacet
facet normal 0 0 1
  outer loop
    vertex 74.81580316181214 44.59245802436522 0
    vertex 75.45722086854838 40.59791594716735 0
    vertex 77.47474688535246 42.27970245171896 0
  endloop
endfacet
facet normal 0 0 1
  outer loop
    vertex 74.81580316181214 44.59245802436522 0
    vertex 77.47474688535246 42.27970245171896 0
    vertex 76.5611678056573 46.33706391575444 0
  endloop
endfacet
facet normal 0 0 1
  outer loop
    vertex 78.10016416405273 48.266166729266544 0
    vertex 79.30857236933312 44.160101656589134 0
    vertex 80.9392413780649 46.21916349619837 0
  endloop
endfacet
facet normal 0 0 1
  outer loop
    vertex 78.10016416405273 48.266166729266544 0
    vertex 80.9392413780649 46.21916349619837 0
    vertex 82.34945335452866 48.43504238657381 0
  endloop
endfacet
facet normal 0 0 1
  outer loop
    vertex 78.10016416405273 48.266166729266544 0
    vertex 76.5611678056573 46.33706391575444 0
    vertex 79.30857236933312 44.160101656589134 0
  endloop
endfacet
facet normal 0 0 1
  outer loop
    vertex 72.88603134609787 43.05430062164936 0
    vertex 73.27739922923956 39.13258503021572 0
    vertex 75.45722086854838 40.59791594716735 0
  endloop
endfacet
facet normal 0 0 1
  outer loop
    vertex 72.88603134609787 43.05430062164936 0
    vertex 75.45722086854838 40.59791594716735 0
    vertex 74.81580316181214 44.59245802436522 0
  endloop
endfacet
facet normal 0 0 0.9999999999999999
  outer loop
    vertex 79.41342775981248 50.35549345917426 0
    vertex 82.34945335452866 48.43504238657381 0
    vertex 83.5242466770971 50.78422899572641 0
  endloop
endfacet
facet normal 0 0 1
  outer loop
    vertex 79.41342775981248 50.35549345917426 0
    vertex 78.10016416405273 48.266166729266544 0
    vertex 82.34945335452866 48.43504238657381 0
  endloop
endfacet
facet normal 0 0 1
  outer loop
    vertex 70.79613378198611 41.74194562860272 0
    vertex 70.958408750581 37.899256106017376 0
    vertex 73.27739922923956 39.13258503021572 0
  endloop
endfacet
facet normal 0 0 1
  outer loop
    vertex 70.79613378198611 41.74194562860272 0
    vertex 73.27739922923956 39.13258503021572 0
    vertex 72.88603134609787 43.05430062164936 0
  endloop
endfacet
facet normal 0 0 1
  outer loop
    vertex 80.48443440637791 52.57875507654352 0
    vertex 83.5242466770971 50.78422899572641 0
    vertex 84.45115739462257 53.24179966553628 0
  endloop
endfacet
facet normal 0 0 1
  outer loop
    vertex 80.48443440637791 52.57875507654352 0
    vertex 79.41342775981248 50.35549345917426 0
    vertex 83.5242466770971 50.78422899572641 0
  endloop
endfacet
facet normal 0 0 1
  outer loop
    vertex 68.57240668095288 40.67190579925754 0
    vertex 68.52485272532442 36.91101415825829 0
    vertex 70.958408750581 37.899256106017376 0
  endloop
endfacet
facet normal 0 0 1
  outer loop
    vertex 68.57240668095288 40.67190579925754 0
    vertex 70.958408750581 37.899256106017376 0
    vertex 70.79613378198611 41.74194562860272 0
  endloop
endfacet
facet normal 0 0 1
  outer loop
    vertex 81.299708123991 54.9079773118882 0
    vertex 84.45115739462257 53.24179966553628 0
    vertex 85.12035146252927 55.78168083890872 0
  endloop
endfacet
facet normal 0 0 1
  outer loop
    vertex 81.299708123991 54.9079773118882 0
    vertex 80.48443440637791 52.57875507654352 0
    vertex 84.45115739462257 53.24179966553628 0
  endloop
endfacet
facet normal 0 0 1
  outer loop
    vertex 66.2428301694493 39.857644948359294 0
    vertex 66.00254992757348 36.17834392422998 0
    vertex 68.52485272532442 36.91101415825829 0
  endloop
endfacet
facet normal 0 0 1
  outer loop
    vertex 66.2428301694493 39.857644948359294 0
    vertex 68.52485272532442 36.91101415825829 0
    vertex 68.57240668095288 40.67190579925754 0
  endloop
endfacet
facet normal 0 0 1
  outer loop
    vertex 53 27.510532999165243 0
    vertex 49.07187257115931 12.39255758230567 0
    vertex 53 9 0
  endloop
endfacet
facet normal 0 0 0.9999999999999999
  outer loop
    vertex 53 27.510532999165243 0
    vertex 48.69293596813543 12.72826611837668 0
    vertex 49.07187257115931 12.39255758230567 0
  endloop
endfacet
facet normal 0 0 1
  outer loop
    vertex 53 27.510532999165243 0
    vertex 48.24467026278933 12.963534109639369 0
    vertex 48.69293596813543 12.72826611837668 0
  endloop
endfacet
facet normal 0 0 1
  outer loop
    vertex 53 27.510532999165243 0
    vertex 47.75312702853618 13.084688635605914 0
    vertex 48.24467026278933 12.963534109639369 0
  endloop
endfacet
facet normal 0 0 1
  outer loop
    vertex 53 27.510532999165243 0
    vertex 47.24687297146382 13.084688635605914 0
    vertex 47.75312702853618 13.084688635605914 0
  endloop
endfacet
facet normal 0 0 1
  outer loop
    vertex 53 27.510532999165243 0
    vertex 46.75532973721067 12.963534109639369 0
    vertex 47.24687297146382 13.084688635605914 0
  endloop
endfacet
facet normal 0 0 1
  outer loop
    vertex 53 27.510532999165243 0
    vertex 46.30706403186457 12.72826611837668 0
    vertex 46.75532973721067 12.963534109639369 0
  endloop
endfacet
facet normal 0 0 1
  outer loop
    vertex 81.84899070169568 57.31385264242485 0
    vertex 85.12035146252927 55.78168083890872 0
    vertex 85.52472907695345 58.376925686765254 0
  endloop
endfacet
facet normal 0 0 1
  outer loop
    vertex 81.84899070169568 57.31385264242485 0
    vertex 81.299708123991 54.9079773118882 0
    vertex 85.12035146252927 55.78168083890872 0
  endloop
endfacet
facet normal 0 0 1
  outer loop
    vertex 63.83671622795137 39.30940854243207 0
    vertex 66.00254992757348 36.17834392422998 0
    vertex 66.2428301694493 39.857644948359294 0
  endloop
endfacet
facet normal 0 0 1
  outer loop
    vertex 63.83671622795137 39.30940854243207 0
    vertex 63.41826068890896 35.709018657175235 0
    vertex 66.00254992757348 36.17834392422998 0
  endloop
endfacet
facet normal 0 0 0.9999999999999999
  outer loop
    vertex 82.12537077164721 59.766109055035145 0
    vertex 81.84899070169568 57.31385264242485 0
    vertex 85.52472907695345 58.376925686765254 0
  endloop
endfacet
facet normal 0 0 1
  outer loop
    vertex 82.12537077164721 59.766109055035145 0
    vertex 85.52472907695345 58.376925686765254 0
    vertex 85.66 60.9999999999999 0
  endloop
endfacet
facet normal 0 0 1
  outer loop
    vertex 61.38433987190844 39.03409478582648 0
    vertex 60.79940298507463 35.50801765608101 0
    vertex 63.41826068890896 35.709018657175235 0
  endloop
endfacet
facet normal 0 0 1
  outer loop
    vertex 61.38433987190844 39.03409478582648 0
    vertex 63.41826068890896 35.709018657175235 0
    vertex 63.83671622795137 39.30940854243207 0
  endloop
endfacet
facet normal 0 0 1
  outer loop
    vertex 82.12537077164733 62.23389094496276 0
    vertex 85.66 60.9999999999999 0
    vertex 85.52472907695346 63.623074313234554 0
  endloop
endfacet
facet normal 0 0 1
  outer loop
    vertex 82.12537077164733 62.23389094496276 0
    vertex 82.12537077164721 59.766109055035145 0
    vertex 85.66 60.9999999999999 0
  endloop
endfacet
facet normal 0 0 1
  outer loop
    vertex 58.916558215269376 39.03516782381468 0
    vertex 59.43555628181682 35.35607414383061 0
    vertex 60.79940298507463 35.50801765608101 0
  endloop
endfacet
facet normal 0 0 1
  outer loop
    vertex 58.916558215269376 39.03516782381468 0
    vertex 58.117742471122355 34.9732799154976 0
    vertex 59.43555628181682 35.35607414383061 0
  endloop
endfacet
facet normal 0 0 1
  outer loop
    vertex 58.916558215269376 39.03516782381468 0
    vertex 60.79940298507463 35.50801765608101 0
    vertex 61.38433987190844 39.03409478582648 0
  endloop
endfacet
facet normal 0 0 1
  outer loop
    vertex 81.84899070169604 64.68614735757308 0
    vertex 85.52472907695346 63.623074313234554 0
    vertex 85.12035146252931 66.21831916109109 0
  endloop
endfacet
facet normal 0 0 1
  outer loop
    vertex 81.84899070169604 64.68614735757308 0
    vertex 82.12537077164733 62.23389094496276 0
    vertex 85.52472907695346 63.623074313234554 0
  endloop
endfacet
facet normal 0 0 1
  outer loop
    vertex 56.46442220973347 39.31261415485747 0
    vertex 58.117742471122355 34.9732799154976 0
    vertex 58.916558215269376 39.03516782381468 0
  endloop
endfacet
facet normal 0 0 1
  outer loop
    vertex 56.46442220973347 39.31261415485747 0
    vertex 56.88473749670915 34.37089847988187 0
    vertex 58.117742471122355 34.9732799154976 0
  endloop
endfacet
facet normal 0 0 1
  outer loop
    vertex 81.29970812399158 67.09202268810978 0
    vertex 85.12035146252931 66.21831916109109 0
    vertex 84.45115739462263 68.75820033446354 0
  endloop
endfacet
facet normal 0 0 1
  outer loop
    vertex 81.29970812399158 67.09202268810978 0
    vertex 81.84899070169604 64.68614735757308 0
    vertex 85.12035146252931 66.21831916109109 0
  endloop
endfacet
facet normal 0 0 1
  outer loop
    vertex 54.058785945030664 39.86294280048794 0
    vertex 56.88473749670915 34.37089847988187 0
    vertex 56.46442220973347 39.31261415485747 0
  endloop
endfacet
facet normal 0 0 1
  outer loop
    vertex 54.058785945030664 39.86294280048794 0
    vertex 55.77282184911678 33.56665457810742 0
    vertex 56.88473749670915 34.37089847988187 0
  endloop
endfacet
facet normal 0 0 0.9999999999999999
  outer loop
    vertex 54.058785945030664 39.86294280048794 0
    vertex 54.81471303230539 32.58421264290186 0
    vertex 55.77282184911678 33.56665457810742 0
  endloop
endfacet
facet normal 0 0 1
  outer loop
    vertex 80.48443440637872 69.42124492345454 0
    vertex 84.45115739462263 68.75820033446354 0
    vertex 83.52424667709718 71.2157710042734 0
  endloop
endfacet
facet normal 0 0 1
  outer loop
    vertex 80.48443440637872 69.42124492345454 0
    vertex 81.29970812399158 67.09202268810978 0
    vertex 84.45115739462263 68.75820033446354 0
  endloop
endfacet
facet normal 0 0 1
  outer loop
    vertex 51.72991842622482 40.67922923067394 0
    vertex 54.81471303230539 32.58421264290186 0
    vertex 54.058785945030664 39.86294280048794 0
  endloop
endfacet
facet normal 0 0 1
  outer loop
    vertex 51.72991842622482 40.67922923067394 0
    vertex 54.03860286916747 31.4524804857303 0
    vertex 54.81471303230539 32.58421264290186 0
  endloop
endfacet
facet normal 0 0 1
  outer loop
    vertex 79.4134277598135 71.6445065408239 0
    vertex 83.52424667709718 71.2157710042734 0
    vertex 82.34945335452875 73.56495761342602 0
  endloop
endfacet
facet normal 0 0 1
  outer loop
    vertex 79.4134277598135 71.6445065408239 0
    vertex 80.48443440637872 69.42124492345454 0
    vertex 83.52424667709718 71.2157710042734 0
  endloop
endfacet
facet normal 0 0 0.9999999999999999
  outer loop
    vertex 49.50712271286574 41.751202491966964 0
    vertex 53.46732797270594 30.20475870040513 0
    vertex 54.03860286916747 31.4524804857303 0
  endloop
endfacet
facet normal 0 0 1
  outer loop
    vertex 49.50712271286574 41.751202491966964 0
    vertex 54.03860286916747 31.4524804857303 0
    vertex 51.72991842622482 40.67922923067394 0
  endloop
endfacet
facet normal 0 0 1
  outer loop
    vertex 78.10016416405394 73.73383327073174 0
    vertex 82.34945335452875 73.56495761342602 0
    vertex 80.93924137806502 75.78083650380147 0
  endloop
endfacet
facet normal 0 0 1
  outer loop
    vertex 78.10016416405394 73.73383327073174 0
    vertex 79.4134277598135 71.6445065408239 0
    vertex 82.34945335452875 73.56495761342602 0
  endloop
endfacet
facet normal 0 0 1
  outer loop
    vertex 47.41836721218553 43.06537444214429 0
    vertex 53.46732797270594 30.20475870040513 0
    vertex 49.50712271286574 41.751202491966964 0
  endloop
endfacet
facet normal 0 0 1
  outer loop
    vertex 47.41836721218553 43.06537444214429 0
    vertex 53.117697791306384 28.87776081150075 0
    vertex 53.46732797270594 30.20475870040513 0
  endloop
endfacet
facet normal 0 0 1
  outer loop
    vertex 79.30857236933325 77.83989834341072 0
    vertex 78.10016416405394 73.73383327073174 0
    vertex 80.93924137806502 75.78083650380147 0
  endloop
endfacet
facet normal 0 0 1
  outer loop
    vertex 76.5611678056587 75.662936084244 0
    vertex 78.10016416405394 73.73383327073174 0
    vertex 79.30857236933325 77.83989834341072 0
  endloop
endfacet
facet normal 0 0 1
  outer loop
    vertex 77.4747468853526 79.72029754828091 0
    vertex 76.5611678056587 75.662936084244 0
    vertex 79.30857236933325 77.83989834341072 0
  endloop
endfacet
facet normal 0 0 1
  outer loop
    vertex 74.8158031618137 77.40754197563338 0
    vertex 76.5611678056587 75.662936084244 0
    vertex 77.4747468853526 79.72029754828091 0
  endloop
endfacet
facet normal 0 0 1
  outer loop
    vertex 41.99999999999877 45.68548401026142 0
    vertex 46.30706403186457 12.72826611837668 0
    vertex 53 27.510532999165243 0
  endloop
endfacet
facet normal 0 0 1
  outer loop
    vertex 41.99999999999877 45.68548401026142 0
    vertex 45.92812742884069 12.39255758230567 0
    vertex 46.30706403186457 12.72826611837668 0
  endloop
endfacet
facet normal 0 0 1
  outer loop
    vertex 41.99999999999877 45.68548401026142 0
    vertex 45.64054234612826 11.975918661291914 0
    vertex 45.92812742884069 12.39255758230567 0
  endloop
endfacet
facet normal 0 0 0.9999999999999999
  outer loop
    vertex 41.99999999999877 45.68548401026142 0
    vertex 45.46102218340529 11.502562895003877 0
    vertex 45.64054234612826 11.975918661291914 0
  endloop
endfacet
facet normal 0 0 1
  outer loop
    vertex 41.99999999999877 45.68548401026142 0
    vertex 53 27.510532999165243 0
    vertex 53.117697791306384 28.87776081150075 0
  endloop
endfacet
facet normal 0 0 1
  outer loop
    vertex 41.99999999999877 45.68548401026142 0
    vertex 42 1 0
    vertex 45.46102218340529 11.502562895003877 0
  endloop
endfacet
facet normal 0 0 1
  outer loop
    vertex 41.99999999999877 45.68548401026142 0
    vertex 53.117697791306384 28.87776081150075 0
    vertex 47.41836721218553 43.06537444214429 0
  endloop
endfacet
facet normal 0 0 1
  outer loop
    vertex 41.99999999999877 45.68548401026142 0
    vertex 45.4899337656059 44.60520946524506 0
    vertex 43.74608695652056 46.351332531554434 0
  endloop
endfacet
facet normal 0 0 1
  outer loop
    vertex 41.99999999999877 45.68548401026142 0
    vertex 47.41836721218553 43.06537444214429 0
    vertex 45.4899337656059 44.60520946524506 0
  endloop
endfacet
facet normal 0 0 0.9999999999999999
  outer loop
    vertex 42.87729099706881 46.67792670412338 0
    vertex 43.35187491619071 46.62153104078658 0
    vertex 43.118001574823424 46.67849741819656 0
  endloop
endfacet
facet normal 0 0 1
  outer loop
    vertex 42.02897095397752 45.92444549624415 0
    vertex 41.99999999999877 45.68548401026142 0
    vertex 43.74608695652056 46.351332531554434 0
  endloop
endfacet
facet normal 0 0 1
  outer loop
    vertex 42.643690413067525 46.619851966829344 0
    vertex 43.35187491619071 46.62153104078658 0
    vertex 42.87729099706881 46.67792670412338 0
  endloop
endfacet
facet normal 0 0 1
  outer loop
    vertex 42.643690413067525 46.619851966829344 0
    vertex 43.565359953551436 46.51032831249 0
    vertex 43.35187491619071 46.62153104078658 0
  endloop
endfacet
facet normal 0 0 1
  outer loop
    vertex 42.114205183564906 46.14956109780068 0
    vertex 43.74608695652056 46.351332531554434 0
    vertex 43.565359953551436 46.51032831249 0
  endloop
endfacet
facet normal 0 0 1
  outer loop
    vertex 42.114205183564906 46.14956109780068 0
    vertex 42.02897095397752 45.92444549624415 0
    vertex 43.74608695652056 46.351332531554434 0
  endloop
endfacet
facet normal 0 0 1
  outer loop
    vertex 42.43073508635659 46.50763816739741 0
    vertex 43.565359953551436 46.51032831249 0
    vertex 42.643690413067525 46.619851966829344 0
  endloop
endfacet
facet normal 0 0 1
  outer loop
    vertex 42.25076405487535 46.34778718746581 0
    vertex 43.565359953551436 46.51032831249 0
    vertex 42.43073508635659 46.50763816739741 0
  endloop
endfacet
facet normal 0 0 1
  outer loop
    vertex 42.25076405487535 46.34778718746581 0
    vertex 42.114205183564906 46.14956109780068 0
    vertex 43.565359953551436 46.51032831249 0
  endloop
endfacet
facet normal 0 0 1
  outer loop
    vertex 75.45722086854852 81.40208405283252 0
    vertex 74.8158031618137 77.40754197563338 0
    vertex 77.4747468853526 79.72029754828091 0
  endloop
endfacet
facet normal 0 0 0.9999999999999999
  outer loop
    vertex 72.88603134609959 78.94569937834942 0
    vertex 74.8158031618137 77.40754197563338 0
    vertex 75.45722086854852 81.40208405283252 0
  endloop
endfacet
facet normal 0 0 1
  outer loop
    vertex 73.27739922923972 82.86741496978418 0
    vertex 70.79613378198795 80.25805437139626 0
    vertex 72.88603134609959 78.94569937834942 0
  endloop
endfacet
facet normal 0 0 0.9999999999999999
  outer loop
    vertex 73.27739922923972 82.86741496978418 0
    vertex 72.88603134609959 78.94569937834942 0
    vertex 75.45722086854852 81.40208405283252 0
  endloop
endfacet
facet normal 0 0 1
  outer loop
    vertex 70.95840875058117 84.10074389398255 0
    vertex 68.57240668095483 81.32809420074166 0
    vertex 70.79613378198795 80.25805437139626 0
  endloop
endfacet
facet normal 0 0 1
  outer loop
    vertex 70.95840875058117 84.10074389398255 0
    vertex 70.79613378198795 80.25805437139626 0
    vertex 73.27739922923972 82.86741496978418 0
  endloop
endfacet
facet normal 0 0 1
  outer loop
    vertex 68.52485272532459 85.08898584174165 0
    vertex 66.24283016945132 82.14235505164012 0
    vertex 68.57240668095483 81.32809420074166 0
  endloop
endfacet
facet normal 0 0 1
  outer loop
    vertex 68.52485272532459 85.08898584174165 0
    vertex 68.57240668095483 81.32809420074166 0
    vertex 70.95840875058117 84.10074389398255 0
  endloop
endfacet
facet normal 0 0 1
  outer loop
    vertex 66.00254992757367 85.82165607576998 0
    vertex 63.836716227953445 82.69059145756758 0
    vertex 66.24283016945132 82.14235505164012 0
  endloop
endfacet
facet normal 0 0 1
  outer loop
    vertex 66.00254992757367 85.82165607576998 0
    vertex 66.24283016945132 82.14235505164012 0
    vertex 68.52485272532459 85.08898584174165 0
  endloop
endfacet
facet normal 0 0 1
  outer loop
    vertex 63.41826068890915 86.29098134282475 0
    vertex 61.384339871910534 82.9659052141734 0
    vertex 63.836716227953445 82.69059145756758 0
  endloop
endfacet
facet normal 0 0 1
  outer loop
    vertex 63.41826068890915 86.29098134282475 0
    vertex 63.836716227953445 82.69059145756758 0
    vertex 66.00254992757367 85.82165607576998 0
  endloop
endfacet
facet normal 0 0 1
  outer loop
    vertex 60.799402985074614 86.49198234391899 0
    vertex 58.91655821527148 82.96483217618544 0
    vertex 61.384339871910534 82.9659052141734 0
  endloop
endfacet
facet normal 0 0 1
  outer loop
    vertex 60.799402985074614 86.49198234391899 0
    vertex 61.384339871910534 82.9659052141734 0
    vertex 63.41826068890915 86.29098134282475 0
  endloop
endfacet
facet normal 0 0 1
  outer loop
    vertex 59.43555628181684 86.64392585616939 0
    vertex 58.91655821527148 82.96483217618544 0
    vertex 60.799402985074614 86.49198234391899 0
  endloop
endfacet
facet normal 0 0 1
  outer loop
    vertex 58.117742471122355 87.0267200845024 0
    vertex 56.464422209735545 82.68738584514288 0
    vertex 58.91655821527148 82.96483217618544 0
  endloop
endfacet
facet normal 0 0 1
  outer loop
    vertex 58.117742471122355 87.0267200845024 0
    vertex 58.91655821527148 82.96483217618544 0
    vertex 59.43555628181684 86.64392585616939 0
  endloop
endfacet
facet normal 0 0 1
  outer loop
    vertex 56.88473749670916 87.62910152011813 0
    vertex 54.05878594503267 82.13705719951264 0
    vertex 56.464422209735545 82.68738584514288 0
  endloop
endfacet
facet normal 0 0 1
  outer loop
    vertex 56.88473749670916 87.62910152011813 0
    vertex 56.464422209735545 82.68738584514288 0
    vertex 58.117742471122355 87.0267200845024 0
  endloop
endfacet
facet normal 0 0 0.9999999999999999
  outer loop
    vertex 43.3518749161919 75.37846895921479 0
    vertex 43.56535995355264 75.48967168751135 0
    vertex 43.74608695652175 75.64866746844692 0
  endloop
endfacet
facet normal 0 0 1
  outer loop
    vertex 55.77282184911678 88.43334542189258 0
    vertex 54.05878594503267 82.13705719951264 0
    vertex 56.88473749670916 87.62910152011813 0
  endloop
endfacet
facet normal 0 0 1
  outer loop
    vertex 42.64369041306875 75.38014803317203 0
    vertex 42.87729099707003 75.322073295878 0
    vertex 43.11800157482463 75.32150258180482 0
  endloop
endfacet
facet normal 0 0 1
  outer loop
    vertex 42.64369041306875 75.38014803317203 0
    vertex 43.11800157482463 75.32150258180482 0
    vertex 43.3518749161919 75.37846895921479 0
  endloop
endfacet
facet normal 0 0 0.9999999999999999
  outer loop
    vertex 42.64369041306875 75.38014803317203 0
    vertex 43.3518749161919 75.37846895921479 0
    vertex 43.74608695652175 75.64866746844692 0
  endloop
endfacet
facet normal 0 0 1
  outer loop
    vertex 42.250764054876576 75.65221281253555 0
    vertex 42.430735086357814 75.49236183260396 0
    vertex 42.64369041306875 75.38014803317203 0
  endloop
endfacet
facet normal 0 0 1
  outer loop
    vertex 42.02897095397876 76.07555450375722 0
    vertex 42.11420518356614 75.8504389022007 0
    vertex 42.250764054876576 75.65221281253555 0
  endloop
endfacet
facet normal 0 0 1
  outer loop
    vertex 42.02897095397876 76.07555450375722 0
    vertex 42.250764054876576 75.65221281253555 0
    vertex 42.64369041306875 75.38014803317203 0
  endloop
endfacet
facet normal 0 0 1
  outer loop
    vertex 42 76.31451598973993 0
    vertex 45.48993376560739 77.39479053475628 0
    vertex 47.41836721218718 78.93462555785689 0
  endloop
endfacet
facet normal 0 0 1
  outer loop
    vertex 42 76.31451598973993 0
    vertex 43.74608695652175 75.64866746844692 0
    vertex 45.48993376560739 77.39479053475628 0
  endloop
endfacet
facet normal 0 0 0.9999999999999999
  outer loop
    vertex 42 76.31451598973993 0
    vertex 42.64369041306875 75.38014803317203 0
    vertex 43.74608695652175 75.64866746844692 0
  endloop
endfacet
facet normal 0 0 1
  outer loop
    vertex 42 76.31451598973993 0
    vertex 42.02897095397876 76.07555450375722 0
    vertex 42.64369041306875 75.38014803317203 0
  endloop
endfacet
facet normal 0 0 1
  outer loop
    vertex 54.8147130323054 89.41578735709814 0
    vertex 51.729918426226725 81.32077076932684 0
    vertex 54.05878594503267 82.13705719951264 0
  endloop
endfacet
facet normal 0 0 1
  outer loop
    vertex 54.8147130323054 89.41578735709814 0
    vertex 54.05878594503267 82.13705719951264 0
    vertex 55.77282184911678 88.43334542189258 0
  endloop
endfacet
facet normal 0 0 0.9999999999999999
  outer loop
    vertex 54.03860286916747 90.5475195142697 0
    vertex 49.50712271286752 80.24879750803403 0
    vertex 51.729918426226725 81.32077076932684 0
  endloop
endfacet
facet normal 0 0 1
  outer loop
    vertex 54.03860286916747 90.5475195142697 0
    vertex 51.729918426226725 81.32077076932684 0
    vertex 54.8147130323054 89.41578735709814 0
  endloop
endfacet
facet normal 0 0 1
  outer loop
    vertex 53.46732797270594 91.79524129959486 0
    vertex 47.41836721218718 78.93462555785689 0
    vertex 49.50712271286752 80.24879750803403 0
  endloop
endfacet
facet normal 0 0 1
  outer loop
    vertex 53.46732797270594 91.79524129959486 0
    vertex 49.50712271286752 80.24879750803403 0
    vertex 54.03860286916747 90.5475195142697 0
  endloop
endfacet
facet normal 0 0 1
  outer loop
    vertex 53.117697791306384 93.12223918849924 0
    vertex 42 76.31451598973993 0
    vertex 47.41836721218718 78.93462555785689 0
  endloop
endfacet
facet normal 0 0 1
  outer loop
    vertex 53.117697791306384 93.12223918849924 0
    vertex 47.41836721218718 78.93462555785689 0
    vertex 53.46732797270594 91.79524129959486 0
  endloop
endfacet
facet normal 0 0 1
  outer loop
    vertex 53 94.48946700083476 0
    vertex 42 76.31451598973993 0
    vertex 53.117697791306384 93.12223918849924 0
  endloop
endfacet
facet normal 0 0 1
  outer loop
    vertex 49.071872571159304 109.60744241769433 0
    vertex 53 94.48946700083476 0
    vertex 53 113 0
  endloop
endfacet
facet normal 0 0 0.9999999999999999
  outer loop
    vertex 48.69293596813542 109.27173388162332 0
    vertex 53 94.48946700083476 0
    vertex 49.071872571159304 109.60744241769433 0
  endloop
endfacet
facet normal 0 0 1
  outer loop
    vertex 49.359457653871736 110.02408133870807 0
    vertex 49.071872571159304 109.60744241769433 0
    vertex 53 113 0
  endloop
endfacet
facet normal 0 0 1
  outer loop
    vertex 48.24467026278932 109.03646589036063 0
    vertex 53 94.48946700083476 0
    vertex 48.69293596813542 109.27173388162332 0
  endloop
endfacet
facet normal 0 0 1
  outer loop
    vertex 49.53897781659471 110.49743710499612 0
    vertex 49.359457653871736 110.02408133870807 0
    vertex 53 113 0
  endloop
endfacet
facet normal 0 0 1
  outer loop
    vertex 47.75312702853617 108.91531136439409 0
    vertex 53 94.48946700083476 0
    vertex 48.24467026278932 109.03646589036063 0
  endloop
endfacet
facet normal 0 0 0.9999999999999999
  outer loop
    vertex 49.6 111 0
    vertex 49.53897781659471 110.49743710499612 0
    vertex 53 113 0
  endloop
endfacet
facet normal 0 0 1
  outer loop
    vertex 47.246872971463816 108.91531136439409 0
    vertex 53 94.48946700083476 0
    vertex 47.75312702853617 108.91531136439409 0
  endloop
endfacet
facet normal 0 0 1
  outer loop
    vertex 49.53897781659471 111.50256289500388 0
    vertex 49.6 111 0
    vertex 53 113 0
  endloop
endfacet
facet normal 0 0 1
  outer loop
    vertex 46.75532973721067 109.03646589036063 0
    vertex 53 94.48946700083476 0
    vertex 47.246872971463816 108.91531136439409 0
  endloop
endfacet
facet normal 0 0 1
  outer loop
    vertex 49.35945765387174 111.97591866129191 0
    vertex 49.53897781659471 111.50256289500388 0
    vertex 53 113 0
  endloop
endfacet
facet normal 0 0 1
  outer loop
    vertex 46.30706403186457 109.27173388162333 0
    vertex 53 94.48946700083476 0
    vertex 46.75532973721067 109.03646589036063 0
  endloop
endfacet
facet normal 0 0 1
  outer loop
    vertex 46.30706403186457 109.27173388162333 0
    vertex 42 76.31451598973993 0
    vertex 53 94.48946700083476 0
  endloop
endfacet
facet normal 0 0 1
  outer loop
    vertex 49.07187257115931 112.39255758230567 0
    vertex 49.35945765387174 111.97591866129191 0
    vertex 53 113 0
  endloop
endfacet
facet normal 0 0 0.9999999999999999
  outer loop
    vertex 49.07187257115931 112.39255758230567 0
    vertex 53 113 0
    vertex 52.878462024097665 114.38918542133544 0
  endloop
endfacet
facet normal 0 0 1
  outer loop
    vertex 45.92812742884068 109.60744241769433 0
    vertex 42 76.31451598973993 0
    vertex 46.30706403186457 109.27173388162333 0
  endloop
endfacet
facet normal 0 0 1
  outer loop
    vertex 48.69293596813543 112.72826611837668 0
    vertex 49.07187257115931 112.39255758230567 0
    vertex 52.878462024097665 114.38918542133544 0
  endloop
endfacet
facet normal 0 0 1
  outer loop
    vertex 48.69293596813543 112.72826611837668 0
    vertex 52.878462024097665 114.38918542133544 0
    vertex 52.517540966287264 115.73616114660535 0
  endloop
endfacet
facet normal 0 0 1
  outer loop
    vertex 45.64054234612826 110.02408133870809 0
    vertex 42 76.31451598973993 0
    vertex 45.92812742884068 109.60744241769433 0
  endloop
endfacet
facet normal 0 0 1
  outer loop
    vertex 45.46102218340529 110.49743710499612 0
    vertex 42 76.31451598973993 0
    vertex 45.64054234612826 110.02408133870809 0
  endloop
endfacet
facet normal 0 0 1
  outer loop
    vertex 51.92820323027551 117 0
    vertex 48.69293596813543 112.72826611837668 0
    vertex 52.517540966287264 115.73616114660535 0
  endloop
endfacet
facet normal 0 0 1
  outer loop
    vertex 51.92820323027551 117 0
    vertex 48.24467026278933 112.96353410963937 0
    vertex 48.69293596813543 112.72826611837668 0
  endloop
endfacet
facet normal 0 0 1
  outer loop
    vertex 51.12835554495182 118.14230087749232 0
    vertex 48.24467026278933 112.96353410963937 0
    vertex 51.92820323027551 117 0
  endloop
endfacet
facet normal 0 0 1
  outer loop
    vertex 51.12835554495182 118.14230087749232 0
    vertex 47.75312702853618 113.08468863560591 0
    vertex 48.24467026278933 112.96353410963937 0
  endloop
endfacet
facet normal 0 0 1
  outer loop
    vertex 50.14230087749232 119.12835554495183 0
    vertex 47.75312702853618 113.08468863560591 0
    vertex 51.12835554495182 118.14230087749232 0
  endloop
endfacet
facet normal 0 0 1
  outer loop
    vertex 49 119.9282032302755 0
    vertex 47.75312702853618 113.08468863560591 0
    vertex 50.14230087749232 119.12835554495183 0
  endloop
endfacet
facet normal 0 0 1
  outer loop
    vertex 49 119.9282032302755 0
    vertex 47.24687297146382 113.08468863560591 0
    vertex 47.75312702853618 113.08468863560591 0
  endloop
endfacet
facet normal 0 0 1
  outer loop
    vertex 47.736161146605355 120.51754096628727 0
    vertex 47.24687297146382 113.08468863560591 0
    vertex 49 119.9282032302755 0
  endloop
endfacet
facet normal 0 0 0.9999999999999999
  outer loop
    vertex 47.736161146605355 120.51754096628727 0
    vertex 46.75532973721067 112.96353410963937 0
    vertex 47.24687297146382 113.08468863560591 0
  endloop
endfacet
facet normal 0 0 1
  outer loop
    vertex 46.38918542133545 120.87846202409767 0
    vertex 46.75532973721067 112.96353410963937 0
    vertex 47.736161146605355 120.51754096628727 0
  endloop
endfacet
facet normal 0 0 1
  outer loop
    vertex 45 121 0
    vertex 46.75532973721067 112.96353410963937 0
    vertex 46.38918542133545 120.87846202409767 0
  endloop
endfacet
facet normal 0 0 1
  outer loop
    vertex 45 121 0
    vertex 46.30706403186457 112.72826611837668 0
    vertex 46.75532973721067 112.96353410963937 0
  endloop
endfacet
facet normal 0 0 1
  outer loop
    vertex 42 121 0
    vertex 42 76.31451598973993 0
    vertex 45.46102218340529 110.49743710499612 0
  endloop
endfacet
facet normal 0 0 1
  outer loop
    vertex 42 121 0
    vertex 46.30706403186457 112.72826611837668 0
    vertex 45 121 0
  endloop
endfacet
facet normal 0 0 1
  outer loop
    vertex 42 121 0
    vertex 45.92812742884069 112.39255758230567 0
    vertex 46.30706403186457 112.72826611837668 0
  endloop
endfacet
facet normal 0 0 1
  outer loop
    vertex 42 121 0
    vertex 45.64054234612826 111.97591866129191 0
    vertex 45.92812742884069 112.39255758230567 0
  endloop
endfacet
facet normal 0 0 1
  outer loop
    vertex 42 121 0
    vertex 45.46102218340529 111.50256289500388 0
    vertex 45.64054234612826 111.97591866129191 0
  endloop
endfacet
facet normal 0 0 1
  outer loop
    vertex 42 121 0
    vertex 45.4 111 0
    vertex 45.46102218340529 111.50256289500388 0
  endloop
endfacet
facet normal 0 0 1
  outer loop
    vertex 42 121 0
    vertex 45.46102218340529 110.49743710499612 0
    vertex 45.4 111 0
  endloop
endfacet
facet normal 1 0 0
  outer loop
    vertex 53 94.48946700083476 0
    vertex 53 113 -10
    vertex 53 113 0
  endloop
endfacet
facet normal 1 0 0
  outer loop
    vertex 53 94.48946700083476 -10
    vertex 53 113 -10
    vertex 53 94.48946700083476 0
  endloop
endfacet
facet normal 0.9963151549802659 0.08576777924517318 0
  outer loop
    vertex 53.117697791306384 93.12223918849924 0
    vertex 53.117697791306384 93.12223918849924 -10
    vertex 53 94.48946700083476 -10
  endloop
endfacet
facet normal 0.9963151549802659 0.08576777924517318 0
  outer loop
    vertex 53.117697791306384 93.12223918849924 0
    vertex 53 94.48946700083476 -10
    vertex 53 94.48946700083476 0
  endloop
endfacet
facet normal 0.9669991316837017 0.2547796681899228 0
  outer loop
    vertex 53.46732797270594 91.79524129959486 0
    vertex 53.46732797270594 91.79524129959486 -10
    vertex 53.117697791306384 93.12223918849924 -10
  endloop
endfacet
facet normal 0.9669991316837017 0.2547796681899228 0
  outer loop
    vertex 53.46732797270594 91.79524129959486 0
    vertex 53.117697791306384 93.12223918849924 -10
    vertex 53.117697791306384 93.12223918849924 0
  endloop
endfacet
facet normal 0.9092296928885463 0.4162948060807388 0
  outer loop
    vertex 54.03860286916747 90.5475195142697 0
    vertex 54.03860286916747 90.5475195142697 -10
    vertex 53.46732797270594 91.79524129959486 -10
  endloop
endfacet
facet normal 0.9092296928885463 0.4162948060807388 0
  outer loop
    vertex 54.03860286916747 90.5475195142697 0
    vertex 53.46732797270594 91.79524129959486 -10
    vertex 53.46732797270594 91.79524129959486 0
  endloop
endfacet
facet normal 0.8247066724326008 0.565560699169547 0
  outer loop
    vertex 54.8147130323054 89.41578735709814 0
    vertex 54.8147130323054 89.41578735709814 -10
    vertex 54.03860286916747 90.5475195142697 -10
  endloop
endfacet
facet normal 0.7159171135214145 0.6981852809728705 0
  outer loop
    vertex 54.8147130323054 89.41578735709814 0
    vertex 55.77282184911678 88.43334542189258 -10
    vertex 54.8147130323054 89.41578735709814 -10
  endloop
endfacet
facet normal 0.8247066724326008 0.565560699169547 0
  outer loop
    vertex 54.8147130323054 89.41578735709814 0
    vertex 54.03860286916747 90.5475195142697 -10
    vertex 54.03860286916747 90.5475195142697 0
  endloop
endfacet
facet normal 0.5860620888552514 0.8102661464029085 0
  outer loop
    vertex 55.77282184911678 88.43334542189258 0
    vertex 56.88473749670916 87.62910152011813 -10
    vertex 55.77282184911678 88.43334542189258 -10
  endloop
endfacet
facet normal 0.7159171135214145 0.6981852809728705 0
  outer loop
    vertex 55.77282184911678 88.43334542189258 0
    vertex 55.77282184911678 88.43334542189258 -10
    vertex 54.8147130323054 89.41578735709814 0
  endloop
endfacet
facet normal 0.5860620888552514 0.8102661464029085 0
  outer loop
    vertex 56.88473749670916 87.62910152011813 0
    vertex 56.88473749670916 87.62910152011813 -10
    vertex 55.77282184911678 88.43334542189258 0
  endloop
endfacet
facet normal 0.43896251083242244 0.8985053778824562 0
  outer loop
    vertex 58.117742471122355 87.0267200845024 0
    vertex 58.117742471122355 87.0267200845024 -10
    vertex 56.88473749670916 87.62910152011813 -10
  endloop
endfacet
facet normal 0.43896251083242244 0.8985053778824562 0
  outer loop
    vertex 58.117742471122355 87.0267200845024 0
    vertex 56.88473749670916 87.62910152011813 -10
    vertex 56.88473749670916 87.62910152011813 0
  endloop
endfacet
facet normal 0.27894670331176913 0.9603065847485874 0
  outer loop
    vertex 59.43555628181684 86.64392585616939 0
    vertex 59.43555628181684 86.64392585616939 -10
    vertex 58.117742471122355 87.0267200845024 -10
  endloop
endfacet
facet normal 0.27894670331176913 0.9603065847485874 0
  outer loop
    vertex 59.43555628181684 86.64392585616939 0
    vertex 58.117742471122355 87.0267200845024 -10
    vertex 58.117742471122355 87.0267200845024 0
  endloop
endfacet
facet normal 0.11072304307312783 0.993851300614245 0
  outer loop
    vertex 60.799402985074614 86.49198234391899 0
    vertex 60.799402985074614 86.49198234391899 -10
    vertex 59.43555628181684 86.64392585616939 -10
  endloop
endfacet
facet normal 0.11072304307312783 0.993851300614245 0
  outer loop
    vertex 60.799402985074614 86.49198234391899 0
    vertex 59.43555628181684 86.64392585616939 -10
    vertex 59.43555628181684 86.64392585616939 0
  endloop
endfacet
facet normal 0.9961946980917454 0.08715574274765789 0
  outer loop
    vertex 52.878462024097665 114.38918542133544 0
    vertex 53 113 -10
    vertex 52.878462024097665 114.38918542133544 -10
  endloop
endfacet
facet normal 0.9961946980917454 0.08715574274765789 0
  outer loop
    vertex 52.878462024097665 114.38918542133544 0
    vertex 53 113 0
    vertex 53 113 -10
  endloop
endfacet
facet normal 0.9659258262890679 0.25881904510252207 0
  outer loop
    vertex 52.517540966287264 115.73616114660535 0
    vertex 52.878462024097665 114.38918542133544 -10
    vertex 52.517540966287264 115.73616114660535 -10
  endloop
endfacet
facet normal 0.9659258262890679 0.25881904510252207 0
  outer loop
    vertex 52.517540966287264 115.73616114660535 0
    vertex 52.878462024097665 114.38918542133544 0
    vertex 52.878462024097665 114.38918542133544 -10
  endloop
endfacet
facet normal 0.9063077870366497 0.42261826174070016 0
  outer loop
    vertex 51.92820323027551 117 0
    vertex 52.517540966287264 115.73616114660535 -10
    vertex 51.92820323027551 117 -10
  endloop
endfacet
facet normal 0.9063077870366497 0.42261826174070016 0
  outer loop
    vertex 51.92820323027551 117 0
    vertex 52.517540966287264 115.73616114660535 0
    vertex 52.517540966287264 115.73616114660535 -10
  endloop
endfacet
facet normal 0.8191520442889929 0.5735764363510446 0
  outer loop
    vertex 51.12835554495182 118.14230087749232 0
    vertex 51.92820323027551 117 -10
    vertex 51.12835554495182 118.14230087749232 -10
  endloop
endfacet
facet normal 0.7071067811865499 0.7071067811865449 0
  outer loop
    vertex 51.12835554495182 118.14230087749232 0
    vertex 51.12835554495182 118.14230087749232 -10
    vertex 50.14230087749232 119.12835554495183 -10
  endloop
endfacet
facet normal 0.8191520442889929 0.5735764363510446 0
  outer loop
    vertex 51.12835554495182 118.14230087749232 0
    vertex 51.92820323027551 117 0
    vertex 51.92820323027551 117 -10
  endloop
endfacet
facet normal 0.7071067811865499 0.7071067811865449 0
  outer loop
    vertex 50.14230087749232 119.12835554495183 0
    vertex 51.12835554495182 118.14230087749232 0
    vertex 50.14230087749232 119.12835554495183 -10
  endloop
endfacet
facet normal 0.5735764363510377 0.8191520442889977 0
  outer loop
    vertex 49 119.9282032302755 0
    vertex 50.14230087749232 119.12835554495183 -10
    vertex 49 119.9282032302755 -10
  endloop
endfacet
facet normal 0.5735764363510377 0.8191520442889977 0
  outer loop
    vertex 49 119.9282032302755 0
    vertex 50.14230087749232 119.12835554495183 0
    vertex 50.14230087749232 119.12835554495183 -10
  endloop
endfacet
facet normal 0.42261826174070855 0.9063077870366458 0
  outer loop
    vertex 47.736161146605355 120.51754096628727 0
    vertex 49 119.9282032302755 -10
    vertex 47.736161146605355 120.51754096628727 -10
  endloop
endfacet
facet normal 0.42261826174070855 0.9063077870366458 0
  outer loop
    vertex 47.736161146605355 120.51754096628727 0
    vertex 49 119.9282032302755 0
    vertex 49 119.9282032302755 -10
  endloop
endfacet
facet normal 0.2588190451025233 0.9659258262890675 0
  outer loop
    vertex 46.38918542133545 120.87846202409767 0
    vertex 47.736161146605355 120.51754096628727 -10
    vertex 46.38918542133545 120.87846202409767 -10
  endloop
endfacet
facet normal 0.2588190451025233 0.9659258262890675 0
  outer loop
    vertex 46.38918542133545 120.87846202409767 0
    vertex 47.736161146605355 120.51754096628727 0
    vertex 47.736161146605355 120.51754096628727 -10
  endloop
endfacet
facet normal 0.0871557427476524 0.9961946980917461 0
  outer loop
    vertex 45 121 0
    vertex 46.38918542133545 120.87846202409767 -10
    vertex 45 121 -10
  endloop
endfacet
facet normal 0.0871557427476524 0.9961946980917461 0
  outer loop
    vertex 45 121 0
    vertex 46.38918542133545 120.87846202409767 0
    vertex 46.38918542133545 120.87846202409767 -10
  endloop
endfacet
facet normal 0.07652633342196526 -0.9970675605459193 0
  outer loop
    vertex 63.41826068890896 35.709018657175235 -10
    vertex 60.79940298507463 35.50801765608101 0
    vertex 60.79940298507463 35.50801765608101 -10
  endloop
endfacet
facet normal 0.07652633342196526 -0.9970675605459193 0
  outer loop
    vertex 63.41826068890896 35.709018657175235 -10
    vertex 63.41826068890896 35.709018657175235 0
    vertex 60.79940298507463 35.50801765608101 0
  endloop
endfacet
facet normal 0.17868439298542257 -0.9839064425561157 0
  outer loop
    vertex 66.00254992757348 36.17834392422998 -10
    vertex 66.00254992757348 36.17834392422998 0
    vertex 63.41826068890896 35.709018657175235 0
  endloop
endfacet
facet normal 0.17868439298542257 -0.9839064425561157 0
  outer loop
    vertex 66.00254992757348 36.17834392422998 -10
    vertex 63.41826068890896 35.709018657175235 0
    vertex 63.41826068890896 35.709018657175235 -10
  endloop
endfacet
facet normal 0.2789467033117692 -0.9603065847485874 0
  outer loop
    vertex 68.52485272532442 36.91101415825829 -10
    vertex 68.52485272532442 36.91101415825829 0
    vertex 66.00254992757348 36.17834392422998 0
  endloop
endfacet
facet normal 0.2789467033117692 -0.9603065847485874 0
  outer loop
    vertex 68.52485272532442 36.91101415825829 -10
    vertex 66.00254992757348 36.17834392422998 0
    vertex 66.00254992757348 36.17834392422998 -10
  endloop
endfacet
facet normal 0.37624953300770675 -0.9265183694409317 0
  outer loop
    vertex 70.958408750581 37.899256106017376 -10
    vertex 70.958408750581 37.899256106017376 0
    vertex 68.52485272532442 36.91101415825829 0
  endloop
endfacet
facet normal 0.46956054924279245 -0.8829002721682709 0
  outer loop
    vertex 70.958408750581 37.899256106017376 -10
    vertex 73.27739922923956 39.13258503021572 0
    vertex 70.958408750581 37.899256106017376 0
  endloop
endfacet
facet normal 0.37624953300770675 -0.9265183694409317 0
  outer loop
    vertex 70.958408750581 37.899256106017376 -10
    vertex 68.52485272532442 36.91101415825829 0
    vertex 68.52485272532442 36.91101415825829 -10
  endloop
endfacet
facet normal 0.46956054924279245 -0.8829002721682709 0
  outer loop
    vertex 73.27739922923956 39.13258503021572 -10
    vertex 73.27739922923956 39.13258503021572 0
    vertex 70.958408750581 37.899256106017376 -10
  endloop
endfacet
facet normal 0.5578897702682917 -0.8299150584427258 0
  outer loop
    vertex 75.45722086854838 40.59791594716735 -10
    vertex 75.45722086854838 40.59791594716735 0
    vertex 73.27739922923956 39.13258503021572 0
  endloop
endfacet
facet normal 0.5578897702682917 -0.8299150584427258 0
  outer loop
    vertex 75.45722086854838 40.59791594716735 -10
    vertex 73.27739922923956 39.13258503021572 0
    vertex 73.27739922923956 39.13258503021572 -10
  endloop
endfacet
facet normal 0.6403000686128169 -0.768124874050061 0
  outer loop
    vertex 77.47474688535246 42.27970245171896 -10
    vertex 77.47474688535246 42.27970245171896 0
    vertex 75.45722086854838 40.59791594716735 0
  endloop
endfacet
facet normal 0.6403000686128169 -0.768124874050061 0
  outer loop
    vertex 77.47474688535246 42.27970245171896 -10
    vertex 75.45722086854838 40.59791594716735 0
    vertex 75.45722086854838 40.59791594716735 -10
  endloop
endfacet
facet normal 0.7159171135214142 -0.698185280972871 0
  outer loop
    vertex 79.30857236933312 44.160101656589134 -10
    vertex 79.30857236933312 44.160101656589134 0
    vertex 77.47474688535246 42.27970245171896 0
  endloop
endfacet
facet normal 0.7159171135214142 -0.698185280972871 0
  outer loop
    vertex 79.30857236933312 44.160101656589134 -10
    vertex 77.47474688535246 42.27970245171896 0
    vertex 77.47474688535246 42.27970245171896 -10
  endloop
endfacet
facet normal 0.7839386471538707 -0.6208383022160915 0
  outer loop
    vertex 80.9392413780649 46.21916349619837 -10
    vertex 79.30857236933312 44.160101656589134 0
    vertex 79.30857236933312 44.160101656589134 -10
  endloop
endfacet
facet normal 0.7839386471538707 -0.6208383022160915 0
  outer loop
    vertex 80.9392413780649 46.21916349619837 -10
    vertex 80.9392413780649 46.21916349619837 0
    vertex 79.30857236933312 44.160101656589134 0
  endloop
endfacet
facet normal 0.8436429961265298 -0.5369045493257179 0
  outer loop
    vertex 82.34945335452866 48.43504238657381 -10
    vertex 80.9392413780649 46.21916349619837 0
    vertex 80.9392413780649 46.21916349619837 -10
  endloop
endfacet
facet normal 0.8436429961265298 -0.5369045493257179 0
  outer loop
    vertex 82.34945335452866 48.43504238657381 -10
    vertex 82.34945335452866 48.43504238657381 0
    vertex 80.9392413780649 46.21916349619837 0
  endloop
endfacet
facet normal 0.8943967280946632 -0.4472745161235562 0
  outer loop
    vertex 82.34945335452866 48.43504238657381 -10
    vertex 83.5242466770971 50.78422899572641 0
    vertex 82.34945335452866 48.43504238657381 0
  endloop
endfacet
facet normal 0.8943967280946632 -0.4472745161235562 0
  outer loop
    vertex 83.5242466770971 50.78422899572641 -10
    vertex 83.5242466770971 50.78422899572641 0
    vertex 82.34945335452866 48.43504238657381 -10
  endloop
endfacet
facet normal 0.935661372142858 -0.35289913102718734 0
  outer loop
    vertex 84.45115739462257 53.24179966553628 -10
    vertex 83.5242466770971 50.78422899572641 0
    vertex 83.5242466770971 50.78422899572641 -10
  endloop
endfacet
facet normal 0.935661372142858 -0.35289913102718734 0
  outer loop
    vertex 84.45115739462257 53.24179966553628 -10
    vertex 84.45115739462257 53.24179966553628 0
    vertex 83.5242466770971 50.78422899572641 0
  endloop
endfacet
facet normal 0.9669991316837016 -0.2547796681899235 0
  outer loop
    vertex 85.12035146252927 55.78168083890872 -10
    vertex 84.45115739462257 53.24179966553628 0
    vertex 84.45115739462257 53.24179966553628 -10
  endloop
endfacet
facet normal 0.9669991316837016 -0.2547796681899235 0
  outer loop
    vertex 85.12035146252927 55.78168083890872 -10
    vertex 85.12035146252927 55.78168083890872 0
    vertex 84.45115739462257 53.24179966553628 0
  endloop
endfacet
facet normal 0.9880775292537161 -0.15395712449858245 0
  outer loop
    vertex 85.12035146252927 55.78168083890872 -10
    vertex 85.52472907695345 58.376925686765254 0
    vertex 85.12035146252927 55.78168083890872 0
  endloop
endfacet
facet normal 0.9880775292537161 -0.15395712449858245 0
  outer loop
    vertex 85.52472907695345 58.376925686765254 -10
    vertex 85.52472907695345 58.376925686765254 0
    vertex 85.12035146252927 55.78168083890872 -10
  endloop
endfacet
facet normal 0.9986729339277557 -0.05150117513347288 0
  outer loop
    vertex 85.66 60.9999999999999 -10
    vertex 85.52472907695345 58.376925686765254 0
    vertex 85.52472907695345 58.376925686765254 -10
  endloop
endfacet
facet normal 0.9986729339277557 -0.05150117513347288 0
  outer loop
    vertex 85.66 60.9999999999999 -10
    vertex 85.66 60.9999999999999 0
    vertex 85.52472907695345 58.376925686765254 0
  endloop
endfacet
facet normal 0.9986729339277559 0.051501175133467345 0
  outer loop
    vertex 85.52472907695346 63.623074313234554 -10
    vertex 85.66 60.9999999999999 0
    vertex 85.66 60.9999999999999 -10
  endloop
endfacet
facet normal 0.9986729339277559 0.051501175133467345 0
  outer loop
    vertex 85.52472907695346 63.623074313234554 -10
    vertex 85.52472907695346 63.623074313234554 0
    vertex 85.66 60.9999999999999 0
  endloop
endfacet
facet normal 0.9880775292537177 0.1539571244985719 0
  outer loop
    vertex 85.12035146252931 66.21831916109109 -10
    vertex 85.52472907695346 63.623074313234554 0
    vertex 85.52472907695346 63.623074313234554 -10
  endloop
endfacet
facet normal 0.9880775292537177 0.1539571244985719 0
  outer loop
    vertex 85.12035146252931 66.21831916109109 -10
    vertex 85.12035146252931 66.21831916109109 0
    vertex 85.52472907695346 63.623074313234554 0
  endloop
endfacet
facet normal 0.9669991316837029 0.2547796681899177 0
  outer loop
    vertex 84.45115739462263 68.75820033446354 -10
    vertex 85.12035146252931 66.21831916109109 0
    vertex 85.12035146252931 66.21831916109109 -10
  endloop
endfacet
facet normal 0.9669991316837029 0.2547796681899177 0
  outer loop
    vertex 84.45115739462263 68.75820033446354 -10
    vertex 84.45115739462263 68.75820033446354 0
    vertex 85.12035146252931 66.21831916109109 0
  endloop
endfacet
facet normal 0.9356613721428618 0.3528991310271779 0
  outer loop
    vertex 83.52424667709718 71.2157710042734 -10
    vertex 84.45115739462263 68.75820033446354 0
    vertex 84.45115739462263 68.75820033446354 -10
  endloop
endfacet
facet normal 0.9356613721428618 0.3528991310271779 0
  outer loop
    vertex 83.52424667709718 71.2157710042734 -10
    vertex 83.52424667709718 71.2157710042734 0
    vertex 84.45115739462263 68.75820033446354 0
  endloop
endfacet
facet normal 0.8943967280946642 0.44727451612355396 0
  outer loop
    vertex 82.34945335452875 73.56495761342602 -10
    vertex 83.52424667709718 71.2157710042734 0
    vertex 83.52424667709718 71.2157710042734 -10
  endloop
endfacet
facet normal 0.8943967280946642 0.44727451612355396 0
  outer loop
    vertex 82.34945335452875 73.56495761342602 -10
    vertex 82.34945335452875 73.56495761342602 0
    vertex 83.52424667709718 71.2157710042734 0
  endloop
endfacet
facet normal 0.8436429961265356 0.536904549325709 0
  outer loop
    vertex 80.93924137806502 75.78083650380147 -10
    vertex 82.34945335452875 73.56495761342602 0
    vertex 82.34945335452875 73.56495761342602 -10
  endloop
endfacet
facet normal 0.8436429961265356 0.536904549325709 0
  outer loop
    vertex 80.93924137806502 75.78083650380147 -10
    vertex 80.93924137806502 75.78083650380147 0
    vertex 82.34945335452875 73.56495761342602 0
  endloop
endfacet
facet normal 0.7839386471538765 0.6208383022160843 0
  outer loop
    vertex 79.30857236933325 77.83989834341072 -10
    vertex 80.93924137806502 75.78083650380147 0
    vertex 80.93924137806502 75.78083650380147 -10
  endloop
endfacet
facet normal 0.7839386471538765 0.6208383022160843 0
  outer loop
    vertex 79.30857236933325 77.83989834341072 -10
    vertex 79.30857236933325 77.83989834341072 0
    vertex 80.93924137806502 75.78083650380147 0
  endloop
endfacet
facet normal 0.7159171135214193 0.6981852809728654 0
  outer loop
    vertex 77.4747468853526 79.72029754828091 -10
    vertex 77.4747468853526 79.72029754828091 0
    vertex 79.30857236933325 77.83989834341072 0
  endloop
endfacet
facet normal 0.7159171135214193 0.6981852809728654 0
  outer loop
    vertex 77.4747468853526 79.72029754828091 -10
    vertex 79.30857236933325 77.83989834341072 0
    vertex 79.30857236933325 77.83989834341072 -10
  endloop
endfacet
facet normal 0.6403000686128169 0.768124874050061 0
  outer loop
    vertex 75.45722086854852 81.40208405283252 -10
    vertex 75.45722086854852 81.40208405283252 0
    vertex 77.4747468853526 79.72029754828091 0
  endloop
endfacet
facet normal 0.6403000686128169 0.768124874050061 0
  outer loop
    vertex 75.45722086854852 81.40208405283252 -10
    vertex 77.4747468853526 79.72029754828091 0
    vertex 77.4747468853526 79.72029754828091 -10
  endloop
endfacet
facet normal 0.5578897702683016 0.8299150584427191 0
  outer loop
    vertex 73.27739922923972 82.86741496978418 -10
    vertex 73.27739922923972 82.86741496978418 0
    vertex 75.45722086854852 81.40208405283252 0
  endloop
endfacet
facet normal 0.5578897702683016 0.8299150584427191 0
  outer loop
    vertex 73.27739922923972 82.86741496978418 -10
    vertex 75.45722086854852 81.40208405283252 0
    vertex 75.45722086854852 81.40208405283252 -10
  endloop
endfacet
facet normal 0.4695605492428032 0.8829002721682654 0
  outer loop
    vertex 70.95840875058117 84.10074389398255 -10
    vertex 70.95840875058117 84.10074389398255 0
    vertex 73.27739922923972 82.86741496978418 0
  endloop
endfacet
facet normal 0.376249533007709 0.9265183694409307 0
  outer loop
    vertex 70.95840875058117 84.10074389398255 -10
    vertex 68.52485272532459 85.08898584174165 0
    vertex 70.95840875058117 84.10074389398255 0
  endloop
endfacet
facet normal 0.4695605492428032 0.8829002721682654 0
  outer loop
    vertex 70.95840875058117 84.10074389398255 -10
    vertex 73.27739922923972 82.86741496978418 0
    vertex 73.27739922923972 82.86741496978418 -10
  endloop
endfacet
facet normal 0.376249533007709 0.9265183694409307 0
  outer loop
    vertex 68.52485272532459 85.08898584174165 -10
    vertex 68.52485272532459 85.08898584174165 0
    vertex 70.95840875058117 84.10074389398255 -10
  endloop
endfacet
facet normal 0.2789467033117781 0.9603065847485848 0
  outer loop
    vertex 66.00254992757367 85.82165607576998 -10
    vertex 66.00254992757367 85.82165607576998 0
    vertex 68.52485272532459 85.08898584174165 0
  endloop
endfacet
facet normal 0.2789467033117781 0.9603065847485848 0
  outer loop
    vertex 66.00254992757367 85.82165607576998 -10
    vertex 68.52485272532459 85.08898584174165 0
    vertex 68.52485272532459 85.08898584174165 -10
  endloop
endfacet
facet normal 0.17868439298543357 0.9839064425561138 0
  outer loop
    vertex 63.41826068890915 86.29098134282475 -10
    vertex 63.41826068890915 86.29098134282475 0
    vertex 66.00254992757367 85.82165607576998 0
  endloop
endfacet
facet normal 0.17868439298543357 0.9839064425561138 0
  outer loop
    vertex 63.41826068890915 86.29098134282475 -10
    vertex 66.00254992757367 85.82165607576998 0
    vertex 66.00254992757367 85.82165607576998 -10
  endloop
endfacet
facet normal 0.07652633342196465 0.9970675605459193 0
  outer loop
    vertex 60.799402985074614 86.49198234391899 -10
    vertex 60.799402985074614 86.49198234391899 0
    vertex 63.41826068890915 86.29098134282475 0
  endloop
endfacet
facet normal 0.07652633342196465 0.9970675605459193 0
  outer loop
    vertex 60.799402985074614 86.49198234391899 -10
    vertex 63.41826068890915 86.29098134282475 0
    vertex 63.41826068890915 86.29098134282475 -10
  endloop
endfacet
facet normal 0 1 0
  outer loop
    vertex 42 121 -5
    vertex 32.5 121 -10
    vertex 32.5 121 -5
  endloop
endfacet
facet normal 0 1 0
  outer loop
    vertex 42 121 -5
    vertex 42 121 0
    vertex 45 121 0
  endloop
endfacet
facet normal 0 1 0
  outer loop
    vertex 45 121 -10
    vertex 42 121 -5
    vertex 45 121 0
  endloop
endfacet
facet normal 0 1 0
  outer loop
    vertex 45 121 -10
    vertex 32.5 121 -10
    vertex 42 121 -5
  endloop
endfacet
facet normal 0.11072304307312555 -0.9938513006142452 0
  outer loop
    vertex 59.43555628181682 35.35607414383061 0
    vertex 59.43555628181682 35.35607414383061 -10
    vertex 60.79940298507463 35.50801765608101 -10
  endloop
endfacet
facet normal 0.11072304307312555 -0.9938513006142452 0
  outer loop
    vertex 59.43555628181682 35.35607414383061 0
    vertex 60.79940298507463 35.50801765608101 -10
    vertex 60.79940298507463 35.50801765608101 0
  endloop
endfacet
facet normal 0.2789467033117719 -0.9603065847485865 0
  outer loop
    vertex 58.117742471122355 34.9732799154976 0
    vertex 58.117742471122355 34.9732799154976 -10
    vertex 59.43555628181682 35.35607414383061 -10
  endloop
endfacet
facet normal 0.2789467033117719 -0.9603065847485865 0
  outer loop
    vertex 58.117742471122355 34.9732799154976 0
    vertex 59.43555628181682 35.35607414383061 -10
    vertex 59.43555628181682 35.35607414383061 0
  endloop
endfacet
facet normal 0.4389625108324204 -0.8985053778824571 0
  outer loop
    vertex 56.88473749670915 34.37089847988187 0
    vertex 56.88473749670915 34.37089847988187 -10
    vertex 58.117742471122355 34.9732799154976 -10
  endloop
endfacet
facet normal 0.4389625108324204 -0.8985053778824571 0
  outer loop
    vertex 56.88473749670915 34.37089847988187 0
    vertex 58.117742471122355 34.9732799154976 -10
    vertex 58.117742471122355 34.9732799154976 0
  endloop
endfacet
facet normal 0.5860620888552538 -0.8102661464029067 0
  outer loop
    vertex 55.77282184911678 33.56665457810742 0
    vertex 55.77282184911678 33.56665457810742 -10
    vertex 56.88473749670915 34.37089847988187 -10
  endloop
endfacet
facet normal 0.5860620888552538 -0.8102661464029067 0
  outer loop
    vertex 55.77282184911678 33.56665457810742 0
    vertex 56.88473749670915 34.37089847988187 -10
    vertex 56.88473749670915 34.37089847988187 0
  endloop
endfacet
facet normal 0.715917113521412 -0.6981852809728731 0
  outer loop
    vertex 54.81471303230539 32.58421264290186 0
    vertex 54.81471303230539 32.58421264290186 -10
    vertex 55.77282184911678 33.56665457810742 -10
  endloop
endfacet
facet normal 0.715917113521412 -0.6981852809728731 0
  outer loop
    vertex 54.81471303230539 32.58421264290186 0
    vertex 55.77282184911678 33.56665457810742 -10
    vertex 55.77282184911678 33.56665457810742 0
  endloop
endfacet
facet normal 0.824706672432604 -0.5655606991695422 0
  outer loop
    vertex 54.03860286916747 31.4524804857303 0
    vertex 54.03860286916747 31.4524804857303 -10
    vertex 54.81471303230539 32.58421264290186 -10
  endloop
endfacet
facet normal 0.824706672432604 -0.5655606991695422 0
  outer loop
    vertex 54.03860286916747 31.4524804857303 0
    vertex 54.81471303230539 32.58421264290186 -10
    vertex 54.81471303230539 32.58421264290186 0
  endloop
endfacet
facet normal 0.9092296928885467 -0.4162948060807379 0
  outer loop
    vertex 53.46732797270594 30.20475870040513 0
    vertex 53.46732797270594 30.20475870040513 -10
    vertex 54.03860286916747 31.4524804857303 -10
  endloop
endfacet
facet normal 0.9669991316837019 -0.25477966818992154 0
  outer loop
    vertex 53.46732797270594 30.20475870040513 0
    vertex 53.117697791306384 28.87776081150075 -10
    vertex 53.46732797270594 30.20475870040513 -10
  endloop
endfacet
facet normal 0.9092296928885467 -0.4162948060807379 0
  outer loop
    vertex 53.46732797270594 30.20475870040513 0
    vertex 54.03860286916747 31.4524804857303 -10
    vertex 54.03860286916747 31.4524804857303 0
  endloop
endfacet
facet normal 0.9669991316837019 -0.25477966818992154 0
  outer loop
    vertex 53.117697791306384 28.87776081150075 0
    vertex 53.117697791306384 28.87776081150075 -10
    vertex 53.46732797270594 30.20475870040513 0
  endloop
endfacet
facet normal 0.9963151549802658 -0.08576777924517451 0
  outer loop
    vertex 53 27.510532999165243 0
    vertex 53 27.510532999165243 -10
    vertex 53.117697791306384 28.87776081150075 -10
  endloop
endfacet
facet normal 0.9963151549802658 -0.08576777924517451 0
  outer loop
    vertex 53 27.510532999165243 0
    vertex 53.117697791306384 28.87776081150075 -10
    vertex 53.117697791306384 28.87776081150075 0
  endloop
endfacet
facet normal -1 0 0
  outer loop
    vertex 42 76.31451598973993 -5
    vertex 42 121 0
    vertex 42 121 -5
  endloop
endfacet
facet normal -1 0 0
  outer loop
    vertex 42 76.31451598973993 0
    vertex 42 121 0
    vertex 42 76.31451598973993 -5
  endloop
endfacet
facet normal 1 0 0
  outer loop
    vertex 53 9 0
    vertex 53 27.510532999165243 -10
    vertex 53 27.510532999165243 0
  endloop
endfacet
facet normal 1 0 0
  outer loop
    vertex 53 9 -10
    vertex 53 27.510532999165243 -10
    vertex 53 9 0
  endloop
endfacet
facet normal -0.992730841170264 -0.12035562716125972 3.4207126634913617e-16
  outer loop
    vertex 42.02897095397876 76.0755545037572 -5.0000000000000036
    vertex 42.02897095397876 76.07555450375722 0
    vertex 42 76.31451598973993 0
  endloop
endfacet
facet normal -0.9927308411702649 -0.12035562716125267 0
  outer loop
    vertex 42.02897095397876 76.0755545037572 -5.0000000000000036
    vertex 42 76.31451598973993 0
    vertex 42 76.31451598973993 -5
  endloop
endfacet
facet normal -0.9352101221445995 -0.35409324681259197 0
  outer loop
    vertex 42.11420518356614 75.8504389022007 -5.0000000000000036
    vertex 42.11420518356614 75.8504389022007 0
    vertex 42.02897095397876 76.07555450375722 0
  endloop
endfacet
facet normal -0.9352101221445922 -0.35409324681261156 1.0060493346186684e-15
  outer loop
    vertex 42.11420518356614 75.8504389022007 -5.0000000000000036
    vertex 42.02897095397876 76.07555450375722 0
    vertex 42.02897095397876 76.0755545037572 -5.0000000000000036
  endloop
endfacet
facet normal -0.8235015443007081 -0.5673140281487394 -1.1702660803801841e-15
  outer loop
    vertex 42.25076405487658 75.65221281253555 -5.0000000000000036
    vertex 42.250764054876576 75.65221281253555 0
    vertex 42.11420518356614 75.8504389022007 0
  endloop
endfacet
facet normal -0.8235015443006944 -0.5673140281487595 0
  outer loop
    vertex 42.25076405487658 75.65221281253555 -5.0000000000000036
    vertex 42.11420518356614 75.8504389022007 0
    vertex 42.11420518356614 75.8504389022007 -5.0000000000000036
  endloop
endfacet
facet normal -0.664077715774049 -0.7476635522829247 0
  outer loop
    vertex 42.430735086357814 75.49236183260396 -5.0000000000000036
    vertex 42.430735086357814 75.49236183260396 0
    vertex 42.250764054876576 75.65221281253555 0
  endloop
endfacet
facet normal -0.6640777157740635 -0.7476635522829115 -9.455134147705277e-16
  outer loop
    vertex 42.430735086357814 75.49236183260396 -5.0000000000000036
    vertex 42.250764054876576 75.65221281253555 0
    vertex 42.25076405487658 75.65221281253555 -5.0000000000000036
  endloop
endfacet
facet normal -0.46617595736337225 -0.8846920236875335 0
  outer loop
    vertex 42.64369041306875 75.38014803317203 -5.0000000000000036
    vertex 42.64369041306875 75.38014803317203 0
    vertex 42.430735086357814 75.49236183260396 0
  endloop
endfacet
facet normal -0.46617595736337225 -0.8846920236875335 0
  outer loop
    vertex 42.64369041306875 75.38014803317203 -5.0000000000000036
    vertex 42.430735086357814 75.49236183260396 0
    vertex 42.430735086357814 75.49236183260396 -5.0000000000000036
  endloop
endfacet
facet normal -0.24126307453920798 -0.9704597512848684 0
  outer loop
    vertex 42.87729099707003 75.322073295878 -5.0000000000000036
    vertex 42.87729099707003 75.322073295878 0
    vertex 42.64369041306875 75.38014803317203 0
  endloop
endfacet
facet normal -0.0023709488564776205 -0.99999718929681 0
  outer loop
    vertex 42.87729099707003 75.322073295878 -5.0000000000000036
    vertex 43.11800157482463 75.32150258180482 0
    vertex 42.87729099707003 75.322073295878 0
  endloop
endfacet
facet normal -0.24126307453920798 -0.9704597512848684 0
  outer loop
    vertex 42.87729099707003 75.322073295878 -5.0000000000000036
    vertex 42.64369041306875 75.38014803317203 0
    vertex 42.64369041306875 75.38014803317203 -5.0000000000000036
  endloop
endfacet
facet normal -0.0023709488564776205 -0.99999718929681 0
  outer loop
    vertex 43.11800157482463 75.32150258180482 -5.0000000000000036
    vertex 43.11800157482463 75.32150258180482 0
    vertex 42.87729099707003 75.322073295878 -5.0000000000000036
  endloop
endfacet
facet normal 0.23665855412661213 -0.9715928822087476 3.3631203298030518e-16
  outer loop
    vertex 43.35187491619191 75.37846895921479 -5.0000000000000036
    vertex 43.3518749161919 75.37846895921479 0
    vertex 43.11800157482463 75.32150258180482 0
  endloop
endfacet
facet normal 0.23665855412660536 -0.9715928822087494 0
  outer loop
    vertex 43.35187491619191 75.37846895921479 -5.0000000000000036
    vertex 43.11800157482463 75.32150258180482 0
    vertex 43.11800157482463 75.32150258180482 -5.0000000000000036
  endloop
endfacet
facet normal 0.46197560894918893 -0.8868926297675644 0
  outer loop
    vertex 43.56535995355264 75.48967168751135 -5.0000000000000036
    vertex 43.56535995355264 75.48967168751135 0
    vertex 43.3518749161919 75.37846895921479 0
  endloop
endfacet
facet normal 0.461975608949201 -0.8868926297675581 6.543644669295924e-16
  outer loop
    vertex 43.56535995355264 75.48967168751135 -5.0000000000000036
    vertex 43.3518749161919 75.37846895921479 0
    vertex 43.35187491619191 75.37846895921479 -5.0000000000000036
  endloop
endfacet
facet normal 0.6605249155594212 -0.7508041262041782 0
  outer loop
    vertex 43.74608695652175 75.64866746844692 -5
    vertex 43.74608695652175 75.64866746844692 0
    vertex 43.56535995355264 75.48967168751135 0
  endloop
endfacet
facet normal 0.6605249155594212 -0.7508041262041784 0
  outer loop
    vertex 43.74608695652175 75.64866746844692 -5
    vertex 43.56535995355264 75.48967168751135 0
    vertex 43.56535995355264 75.48967168751135 -5.0000000000000036
  endloop
endfacet
facet normal 0.9961946980917454 -0.08715574274765789 0
  outer loop
    vertex 52.878462024097665 7.610814578664559 0
    vertex 52.878462024097665 7.610814578664559 -10
    vertex 53 9 -10
  endloop
endfacet
facet normal 0.9961946980917454 -0.08715574274765789 0
  outer loop
    vertex 52.878462024097665 7.610814578664559 0
    vertex 53 9 -10
    vertex 53 9 0
  endloop
endfacet
facet normal 0.9659258262890688 -0.2588190451025186 0
  outer loop
    vertex 52.51754096628727 6.2638388533946525 0
    vertex 52.51754096628727 6.2638388533946525 -10
    vertex 52.878462024097665 7.610814578664559 -10
  endloop
endfacet
facet normal 0.9063077870366497 -0.42261826174070016 0
  outer loop
    vertex 52.51754096628727 6.2638388533946525 0
    vertex 51.928203230275514 5.000000000000007 -10
    vertex 52.51754096628727 6.2638388533946525 -10
  endloop
endfacet
facet normal 0.9659258262890688 -0.2588190451025186 0
  outer loop
    vertex 52.51754096628727 6.2638388533946525 0
    vertex 52.878462024097665 7.610814578664559 -10
    vertex 52.878462024097665 7.610814578664559 0
  endloop
endfacet
facet normal 0.9063077870366497 -0.42261826174070016 0
  outer loop
    vertex 51.928203230275514 5.000000000000007 0
    vertex 51.928203230275514 5.000000000000007 -10
    vertex 52.51754096628727 6.2638388533946525 0
  endloop
endfacet
facet normal 0.8191520442889929 -0.5735764363510446 0
  outer loop
    vertex 51.12835554495183 3.8576991225076895 0
    vertex 51.12835554495183 3.8576991225076895 -10
    vertex 51.928203230275514 5.000000000000007 -10
  endloop
endfacet
facet normal 0.7071067811865449 -0.7071067811865499 0
  outer loop
    vertex 51.12835554495183 3.8576991225076895 0
    vertex 50.14230087749232 2.871644455048184 -10
    vertex 51.12835554495183 3.8576991225076895 -10
  endloop
endfacet
facet normal 0.8191520442889929 -0.5735764363510446 0
  outer loop
    vertex 51.12835554495183 3.8576991225076895 0
    vertex 51.928203230275514 5.000000000000007 -10
    vertex 51.928203230275514 5.000000000000007 0
  endloop
endfacet
facet normal 0.7071067811865449 -0.7071067811865499 0
  outer loop
    vertex 50.14230087749232 2.871644455048184 0
    vertex 50.14230087749232 2.871644455048184 -10
    vertex 51.12835554495183 3.8576991225076895 0
  endloop
endfacet
facet normal 0.5735764363510494 -0.8191520442889896 0
  outer loop
    vertex 49.000000000000014 2.0717967697245 0
    vertex 49.000000000000014 2.0717967697245 -10
    vertex 50.14230087749232 2.871644455048184 -10
  endloop
endfacet
facet normal 0.5735764363510494 -0.8191520442889896 0
  outer loop
    vertex 49.000000000000014 2.0717967697245 0
    vertex 50.14230087749232 2.871644455048184 -10
    vertex 50.14230087749232 2.871644455048184 0
  endloop
endfacet
facet normal 0.4226182617407024 -0.9063077870366486 0
  outer loop
    vertex 47.73616114660536 1.4824590337127361 0
    vertex 47.73616114660536 1.4824590337127361 -10
    vertex 49.000000000000014 2.0717967697245 -10
  endloop
endfacet
facet normal 0.4226182617407024 -0.9063077870366486 0
  outer loop
    vertex 47.73616114660536 1.4824590337127361 0
    vertex 49.000000000000014 2.0717967697245 -10
    vertex 49.000000000000014 2.0717967697245 0
  endloop
endfacet
facet normal 0.2588190451025233 -0.9659258262890675 0
  outer loop
    vertex 46.389185421335455 1.121537975902335 0
    vertex 46.389185421335455 1.121537975902335 -10
    vertex 47.73616114660536 1.4824590337127361 -10
  endloop
endfacet
facet normal 0.2588190451025233 -0.9659258262890675 0
  outer loop
    vertex 46.389185421335455 1.121537975902335 0
    vertex 47.73616114660536 1.4824590337127361 -10
    vertex 47.73616114660536 1.4824590337127361 0
  endloop
endfacet
facet normal 0.08715574274765701 -0.9961946980917457 0
  outer loop
    vertex 45 1 0
    vertex 45 1 -10
    vertex 46.389185421335455 1.121537975902335 -10
  endloop
endfacet
facet normal 0.08715574274765701 -0.9961946980917457 0
  outer loop
    vertex 45 1 0
    vertex 46.389185421335455 1.121537975902335 -10
    vertex 46.389185421335455 1.121537975902335 0
  endloop
endfacet
facet normal 0.7075678257613689 0.7066454358073284 0
  outer loop
    vertex 45.4899337656059 44.60520946524506 0
    vertex 43.74608695652056 46.351332531554434 -5
    vertex 43.74608695652056 46.351332531554434 0
  endloop
endfacet
facet normal 0.7075678257613689 0.7066454358073284 0
  outer loop
    vertex 45.4899337656059 44.60520946524506 0
    vertex 45.4899337656059 44.60520946524506 -5
    vertex 43.74608695652056 46.351332531554434 -5
  endloop
endfacet
facet normal 0.6239753316067704 0.7814440386529422 0
  outer loop
    vertex 45.4899337656059 44.60520946524506 0
    vertex 47.41836721218553 43.06537444214429 -5
    vertex 45.4899337656059 44.60520946524506 -5
  endloop
endfacet
facet normal 0.6239753316067704 0.7814440386529422 0
  outer loop
    vertex 47.41836721218553 43.06537444214429 0
    vertex 47.41836721218553 43.06537444214429 -5
    vertex 45.4899337656059 44.60520946524506 0
  endloop
endfacet
facet normal 0.5325316453375359 0.8464100936981417 0
  outer loop
    vertex 49.50712271286574 41.751202491966964 0
    vertex 49.50712271286574 41.751202491966964 -5
    vertex 47.41836721218553 43.06537444214429 -5
  endloop
endfacet
facet normal 0.5325316453375359 0.8464100936981417 0
  outer loop
    vertex 49.50712271286574 41.751202491966964 0
    vertex 47.41836721218553 43.06537444214429 -5
    vertex 47.41836721218553 43.06537444214429 0
  endloop
endfacet
facet normal 0.4343873604342184 0.9007261632122119 0
  outer loop
    vertex 51.72991842622482 40.67922923067394 0
    vertex 49.50712271286574 41.751202491966964 -5
    vertex 49.50712271286574 41.751202491966964 0
  endloop
endfacet
facet normal 0.4343873604342184 0.9007261632122119 0
  outer loop
    vertex 51.72991842622482 40.67922923067394 0
    vertex 51.72991842622482 40.67922923067394 -5
    vertex 49.50712271286574 41.751202491966964 -5
  endloop
endfacet
facet normal 0.33077738090133324 0.9437088132915017 0
  outer loop
    vertex 54.058785945030664 39.86294280048794 0
    vertex 51.72991842622482 40.67922923067394 -5
    vertex 51.72991842622482 40.67922923067394 0
  endloop
endfacet
facet normal 0.33077738090133324 0.9437088132915017 0
  outer loop
    vertex 54.058785945030664 39.86294280048794 0
    vertex 54.058785945030664 39.86294280048794 -5
    vertex 51.72991842622482 40.67922923067394 -5
  endloop
endfacet
facet normal 0.22300538304323686 0.9748172131911393 0
  outer loop
    vertex 56.46442220973347 39.31261415485747 0
    vertex 54.058785945030664 39.86294280048794 -5
    vertex 54.058785945030664 39.86294280048794 0
  endloop
endfacet
facet normal 0.22300538304323686 0.9748172131911393 0
  outer loop
    vertex 56.46442220973347 39.31261415485747 0
    vertex 56.46442220973347 39.31261415485747 -5
    vertex 54.058785945030664 39.86294280048794 -5
  endloop
endfacet
facet normal 0.11242741190994296 0.9936599403474168 0
  outer loop
    vertex 58.916558215269376 39.03516782381468 0
    vertex 56.46442220973347 39.31261415485747 -5
    vertex 56.46442220973347 39.31261415485747 0
  endloop
endfacet
facet normal 0.11242741190994296 0.9936599403474168 0
  outer loop
    vertex 58.916558215269376 39.03516782381468 0
    vertex 58.916558215269376 39.03516782381468 -5
    vertex 56.46442220973347 39.31261415485747 -5
  endloop
endfacet
facet normal 0.0004348188114106805 0.999999905466296 0
  outer loop
    vertex 61.38433987190844 39.03409478582648 0
    vertex 58.916558215269376 39.03516782381468 -5
    vertex 58.916558215269376 39.03516782381468 0
  endloop
endfacet
facet normal 0.0004348188114106805 0.999999905466296 0
  outer loop
    vertex 61.38433987190844 39.03409478582648 0
    vertex 61.38433987190844 39.03409478582648 -5
    vertex 58.916558215269376 39.03516782381468 -5
  endloop
endfacet
facet normal -0.11156324541050101 0.9937573357080068 0
  outer loop
    vertex 63.83671622795137 39.30940854243207 0
    vertex 61.38433987190844 39.03409478582648 -5
    vertex 61.38433987190844 39.03409478582648 0
  endloop
endfacet
facet normal -0.11156324541050101 0.9937573357080068 0
  outer loop
    vertex 63.83671622795137 39.30940854243207 0
    vertex 63.83671622795137 39.30940854243207 -5
    vertex 61.38433987190844 39.03409478582648 -5
  endloop
endfacet
facet normal -0.22215756107331958 0.9750107784316818 0
  outer loop
    vertex 66.2428301694493 39.857644948359294 0
    vertex 63.83671622795137 39.30940854243207 -5
    vertex 63.83671622795137 39.30940854243207 0
  endloop
endfacet
facet normal -0.22215756107331958 0.9750107784316818 0
  outer loop
    vertex 66.2428301694493 39.857644948359294 0
    vertex 66.2428301694493 39.857644948359294 -5
    vertex 63.83671622795137 39.30940854243207 -5
  endloop
endfacet
facet normal -0.3299565712114567 0.9439961128703755 0
  outer loop
    vertex 68.57240668095288 40.67190579925754 0
    vertex 66.2428301694493 39.857644948359294 -5
    vertex 66.2428301694493 39.857644948359294 0
  endloop
endfacet
facet normal -0.3299565712114567 0.9439961128703755 0
  outer loop
    vertex 68.57240668095288 40.67190579925754 0
    vertex 68.57240668095288 40.67190579925754 -5
    vertex 66.2428301694493 39.857644948359294 -5
  endloop
endfacet
facet normal -0.4336038908919005 0.901103582172108 0
  outer loop
    vertex 68.57240668095288 40.67190579925754 0
    vertex 70.79613378198611 41.74194562860272 -5
    vertex 68.57240668095288 40.67190579925754 -5
  endloop
endfacet
facet normal -0.4336038908919005 0.901103582172108 0
  outer loop
    vertex 70.79613378198611 41.74194562860272 0
    vertex 70.79613378198611 41.74194562860272 -5
    vertex 68.57240668095288 40.67190579925754 0
  endloop
endfacet
facet normal -0.5317953739765621 0.8468728831513785 0
  outer loop
    vertex 72.88603134609787 43.05430062164936 0
    vertex 70.79613378198611 41.74194562860272 -5
    vertex 70.79613378198611 41.74194562860272 0
  endloop
endfacet
facet normal -0.5317953739765621 0.8468728831513785 0
  outer loop
    vertex 72.88603134609787 43.05430062164936 0
    vertex 72.88603134609787 43.05430062164936 -5
    vertex 70.79613378198611 41.74194562860272 -5
  endloop
endfacet
facet normal -0.6232955225880882 0.781986375534537 0
  outer loop
    vertex 74.81580316181214 44.59245802436522 0
    vertex 72.88603134609787 43.05430062164936 -5
    vertex 72.88603134609787 43.05430062164936 0
  endloop
endfacet
facet normal -0.6232955225880882 0.781986375534537 0
  outer loop
    vertex 74.81580316181214 44.59245802436522 0
    vertex 74.81580316181214 44.59245802436522 -5
    vertex 72.88603134609787 43.05430062164936 -5
  endloop
endfacet
facet normal -0.7069530328064729 0.7072604961439101 0
  outer loop
    vertex 76.5611678056573 46.33706391575444 0
    vertex 74.81580316181214 44.59245802436522 -5
    vertex 74.81580316181214 44.59245802436522 0
  endloop
endfacet
facet normal -0.7069530328064729 0.7072604961439101 0
  outer loop
    vertex 76.5611678056573 46.33706391575444 0
    vertex 76.5611678056573 46.33706391575444 -5
    vertex 74.81580316181214 44.59245802436522 -5
  endloop
endfacet
facet normal -0.781715280992151 0.6236354860520386 0
  outer loop
    vertex 76.5611678056573 46.33706391575444 0
    vertex 78.10016416405273 48.266166729266544 -5
    vertex 76.5611678056573 46.33706391575444 -5
  endloop
endfacet
facet normal -0.781715280992151 0.6236354860520386 0
  outer loop
    vertex 78.10016416405273 48.266166729266544 0
    vertex 78.10016416405273 48.266166729266544 -5
    vertex 76.5611678056573 46.33706391575444 0
  endloop
endfacet
facet normal -0.8466415684608996 0.5321635599644794 0
  outer loop
    vertex 79.41342775981248 50.35549345917426 0
    vertex 79.41342775981248 50.35549345917426 -5
    vertex 78.10016416405273 48.266166729266544 -5
  endloop
endfacet
facet normal -0.8466415684608996 0.5321635599644794 0
  outer loop
    vertex 79.41342775981248 50.35549345917426 0
    vertex 78.10016416405273 48.266166729266544 -5
    vertex 78.10016416405273 48.266166729266544 0
  endloop
endfacet
facet normal -0.9009149578589667 0.4339956666903209 0
  outer loop
    vertex 79.41342775981248 50.35549345917426 0
    vertex 80.48443440637791 52.57875507654352 -5
    vertex 79.41342775981248 50.35549345917426 -5
  endloop
endfacet
facet normal -0.9438525523067999 0.33036700728725826 0
  outer loop
    vertex 80.48443440637791 52.57875507654352 0
    vertex 81.299708123991 54.9079773118882 -5
    vertex 80.48443440637791 52.57875507654352 -5
  endloop
endfacet
facet normal -0.9009149578589667 0.4339956666903209 0
  outer loop
    vertex 80.48443440637791 52.57875507654352 0
    vertex 80.48443440637791 52.57875507654352 -5
    vertex 79.41342775981248 50.35549345917426 0
  endloop
endfacet
facet normal -0.9438525523067999 0.33036700728725826 0
  outer loop
    vertex 81.299708123991 54.9079773118882 0
    vertex 81.299708123991 54.9079773118882 -5
    vertex 80.48443440637791 52.57875507654352 0
  endloop
endfacet
facet normal -0.9749140879736391 0.2225814930997807 0
  outer loop
    vertex 81.84899070169568 57.31385264242485 0
    vertex 81.84899070169568 57.31385264242485 -5
    vertex 81.299708123991 54.9079773118882 -5
  endloop
endfacet
facet normal -0.9749140879736391 0.2225814930997807 0
  outer loop
    vertex 81.84899070169568 57.31385264242485 0
    vertex 81.299708123991 54.9079773118882 -5
    vertex 81.299708123991 54.9079773118882 0
  endloop
endfacet
facet normal -0.993708731966674 0.11199533924760059 0
  outer loop
    vertex 82.12537077164721 59.766109055035145 0
    vertex 82.12537077164721 59.766109055035145 -5
    vertex 81.84899070169568 57.31385264242485 -5
  endloop
endfacet
facet normal -1 4.6068430190542774e-14 0
  outer loop
    vertex 82.12537077164721 59.766109055035145 0
    vertex 82.12537077164733 62.23389094496276 -5
    vertex 82.12537077164721 59.766109055035145 -5
  endloop
endfacet
facet normal -0.993708731966674 0.11199533924760059 0
  outer loop
    vertex 82.12537077164721 59.766109055035145 0
    vertex 81.84899070169568 57.31385264242485 -5
    vertex 81.84899070169568 57.31385264242485 0
  endloop
endfacet
facet normal -1 4.6068430190542774e-14 0
  outer loop
    vertex 82.12537077164733 62.23389094496276 0
    vertex 82.12537077164733 62.23389094496276 -5
    vertex 82.12537077164721 59.766109055035145 0
  endloop
endfacet
facet normal -0.993708731966685 -0.11199533924750296 0
  outer loop
    vertex 81.84899070169604 64.68614735757308 0
    vertex 81.84899070169604 64.68614735757308 -5
    vertex 82.12537077164733 62.23389094496276 -5
  endloop
endfacet
facet normal -0.993708731966685 -0.11199533924750296 0
  outer loop
    vertex 81.84899070169604 64.68614735757308 0
    vertex 82.12537077164733 62.23389094496276 -5
    vertex 82.12537077164733 62.23389094496276 0
  endloop
endfacet
facet normal -0.9749140879736601 -0.2225814930996881 0
  outer loop
    vertex 81.29970812399158 67.09202268810978 0
    vertex 81.29970812399158 67.09202268810978 -5
    vertex 81.84899070169604 64.68614735757308 -5
  endloop
endfacet
facet normal -0.9749140879736601 -0.2225814930996881 0
  outer loop
    vertex 81.29970812399158 67.09202268810978 0
    vertex 81.84899070169604 64.68614735757308 -5
    vertex 81.84899070169604 64.68614735757308 0
  endloop
endfacet
facet normal -0.9438525523068322 -0.3303670072871664 0
  outer loop
    vertex 80.48443440637872 69.42124492345454 0
    vertex 80.48443440637872 69.42124492345454 -5
    vertex 81.29970812399158 67.09202268810978 -5
  endloop
endfacet
facet normal -0.9438525523068322 -0.3303670072871664 0
  outer loop
    vertex 80.48443440637872 69.42124492345454 0
    vertex 81.29970812399158 67.09202268810978 -5
    vertex 81.29970812399158 67.09202268810978 0
  endloop
endfacet
facet normal -0.9009149578590081 -0.43399566669023504 0
  outer loop
    vertex 79.4134277598135 71.6445065408239 0
    vertex 79.4134277598135 71.6445065408239 -5
    vertex 80.48443440637872 69.42124492345454 -5
  endloop
endfacet
facet normal -0.8466415684609471 -0.5321635599644036 0
  outer loop
    vertex 79.4134277598135 71.6445065408239 0
    vertex 78.10016416405394 73.73383327073174 -5
    vertex 79.4134277598135 71.6445065408239 -5
  endloop
endfacet
facet normal -0.9009149578590081 -0.43399566669023504 0
  outer loop
    vertex 79.4134277598135 71.6445065408239 0
    vertex 80.48443440637872 69.42124492345454 -5
    vertex 80.48443440637872 69.42124492345454 0
  endloop
endfacet
facet normal -0.8466415684609471 -0.5321635599644036 0
  outer loop
    vertex 78.10016416405394 73.73383327073174 0
    vertex 78.10016416405394 73.73383327073174 -5
    vertex 79.4134277598135 71.6445065408239 0
  endloop
endfacet
facet normal -0.7817152809922122 -0.6236354860519618 0
  outer loop
    vertex 76.5611678056587 75.662936084244 0
    vertex 78.10016416405394 73.73383327073174 -5
    vertex 78.10016416405394 73.73383327073174 0
  endloop
endfacet
facet normal -0.7817152809922122 -0.6236354860519618 0
  outer loop
    vertex 76.5611678056587 75.662936084244 0
    vertex 76.5611678056587 75.662936084244 -5
    vertex 78.10016416405394 73.73383327073174 -5
  endloop
endfacet
facet normal -0.7069530328065406 -0.7072604961438425 0
  outer loop
    vertex 74.8158031618137 77.40754197563338 0
    vertex 76.5611678056587 75.662936084244 -5
    vertex 76.5611678056587 75.662936084244 0
  endloop
endfacet
facet normal -0.7069530328065406 -0.7072604961438425 0
  outer loop
    vertex 74.8158031618137 77.40754197563338 0
    vertex 74.8158031618137 77.40754197563338 -5
    vertex 76.5611678056587 75.662936084244 -5
  endloop
endfacet
facet normal -0.6232955225881631 -0.7819863755344774 0
  outer loop
    vertex 72.88603134609959 78.94569937834942 0
    vertex 74.8158031618137 77.40754197563338 -5
    vertex 74.8158031618137 77.40754197563338 0
  endloop
endfacet
facet normal -0.6232955225881631 -0.7819863755344774 0
  outer loop
    vertex 72.88603134609959 78.94569937834942 0
    vertex 72.88603134609959 78.94569937834942 -5
    vertex 74.8158031618137 77.40754197563338 -5
  endloop
endfacet
facet normal -0.5317953739766407 -0.8468728831513292 0
  outer loop
    vertex 70.79613378198795 80.25805437139626 0
    vertex 72.88603134609959 78.94569937834942 -5
    vertex 72.88603134609959 78.94569937834942 0
  endloop
endfacet
facet normal -0.5317953739766407 -0.8468728831513292 0
  outer loop
    vertex 70.79613378198795 80.25805437139626 0
    vertex 70.79613378198795 80.25805437139626 -5
    vertex 72.88603134609959 78.94569937834942 -5
  endloop
endfacet
facet normal -0.43360389089199103 -0.9011035821720644 0
  outer loop
    vertex 68.57240668095483 81.32809420074166 0
    vertex 70.79613378198795 80.25805437139626 -5
    vertex 70.79613378198795 80.25805437139626 0
  endloop
endfacet
facet normal -0.43360389089199103 -0.9011035821720644 0
  outer loop
    vertex 68.57240668095483 81.32809420074166 0
    vertex 68.57240668095483 81.32809420074166 -5
    vertex 70.79613378198795 80.25805437139626 -5
  endloop
endfacet
facet normal -0.3299565712115452 -0.9439961128703447 0
  outer loop
    vertex 66.24283016945132 82.14235505164012 0
    vertex 68.57240668095483 81.32809420074166 -5
    vertex 68.57240668095483 81.32809420074166 0
  endloop
endfacet
facet normal -0.3299565712115452 -0.9439961128703447 0
  outer loop
    vertex 66.24283016945132 82.14235505164012 0
    vertex 66.24283016945132 82.14235505164012 -5
    vertex 68.57240668095483 81.32809420074166 -5
  endloop
endfacet
facet normal -0.22215756107341217 -0.9750107784316607 0
  outer loop
    vertex 63.836716227953445 82.69059145756758 0
    vertex 66.24283016945132 82.14235505164012 -5
    vertex 66.24283016945132 82.14235505164012 0
  endloop
endfacet
facet normal -0.22215756107341217 -0.9750107784316607 0
  outer loop
    vertex 63.836716227953445 82.69059145756758 0
    vertex 63.836716227953445 82.69059145756758 -5
    vertex 66.24283016945132 82.14235505164012 -5
  endloop
endfacet
facet normal -0.11156324541059864 -0.9937573357079958 0
  outer loop
    vertex 61.384339871910534 82.9659052141734 0
    vertex 63.836716227953445 82.69059145756758 -5
    vertex 63.836716227953445 82.69059145756758 0
  endloop
endfacet
facet normal -0.11156324541059864 -0.9937573357079958 0
  outer loop
    vertex 61.384339871910534 82.9659052141734 0
    vertex 61.384339871910534 82.9659052141734 -5
    vertex 63.836716227953445 82.69059145756758 -5
  endloop
endfacet
facet normal 0.00043481881131566576 -0.9999999054662962 0
  outer loop
    vertex 61.384339871910534 82.9659052141734 0
    vertex 58.91655821527148 82.96483217618544 -5
    vertex 61.384339871910534 82.9659052141734 -5
  endloop
endfacet
facet normal 0.00043481881131566576 -0.9999999054662962 0
  outer loop
    vertex 58.91655821527148 82.96483217618544 0
    vertex 58.91655821527148 82.96483217618544 -5
    vertex 61.384339871910534 82.9659052141734 0
  endloop
endfacet
facet normal 0.11242741190984785 -0.9936599403474274 0
  outer loop
    vertex 56.464422209735545 82.68738584514288 0
    vertex 58.91655821527148 82.96483217618544 -5
    vertex 58.91655821527148 82.96483217618544 0
  endloop
endfacet
facet normal 0.11242741190984785 -0.9936599403474274 0
  outer loop
    vertex 56.464422209735545 82.68738584514288 0
    vertex 56.464422209735545 82.68738584514288 -5
    vertex 58.91655821527148 82.96483217618544 -5
  endloop
endfacet
facet normal 0.22300538304314305 -0.9748172131911608 0
  outer loop
    vertex 54.05878594503267 82.13705719951264 0
    vertex 56.464422209735545 82.68738584514288 -5
    vertex 56.464422209735545 82.68738584514288 0
  endloop
endfacet
facet normal 0.22300538304314305 -0.9748172131911608 0
  outer loop
    vertex 54.05878594503267 82.13705719951264 0
    vertex 54.05878594503267 82.13705719951264 -5
    vertex 56.464422209735545 82.68738584514288 -5
  endloop
endfacet
facet normal 0.33077738090124886 -0.9437088132915312 0
  outer loop
    vertex 51.729918426226725 81.32077076932684 0
    vertex 54.05878594503267 82.13705719951264 -5
    vertex 54.05878594503267 82.13705719951264 0
  endloop
endfacet
facet normal 0.33077738090124886 -0.9437088132915312 0
  outer loop
    vertex 51.729918426226725 81.32077076932684 0
    vertex 51.729918426226725 81.32077076932684 -5
    vertex 54.05878594503267 82.13705719951264 -5
  endloop
endfacet
facet normal 0.4343873604341292 -0.900726163212255 0
  outer loop
    vertex 49.50712271286752 80.24879750803403 0
    vertex 51.729918426226725 81.32077076932684 -5
    vertex 51.729918426226725 81.32077076932684 0
  endloop
endfacet
facet normal 0.4343873604341292 -0.900726163212255 0
  outer loop
    vertex 49.50712271286752 80.24879750803403 0
    vertex 49.50712271286752 80.24879750803403 -5
    vertex 51.729918426226725 81.32077076932684 -5
  endloop
endfacet
facet normal 0.5325316453374576 -0.8464100936981909 0
  outer loop
    vertex 47.41836721218718 78.93462555785689 0
    vertex 49.50712271286752 80.24879750803403 -5
    vertex 49.50712271286752 80.24879750803403 0
  endloop
endfacet
facet normal 0.5325316453374576 -0.8464100936981909 0
  outer loop
    vertex 47.41836721218718 78.93462555785689 0
    vertex 47.41836721218718 78.93462555785689 -5
    vertex 49.50712271286752 80.24879750803403 -5
  endloop
endfacet
facet normal 0.623975331606699 -0.7814440386529992 0
  outer loop
    vertex 45.48993376560739 77.39479053475628 0
    vertex 47.41836721218718 78.93462555785689 -5
    vertex 47.41836721218718 78.93462555785689 0
  endloop
endfacet
facet normal 0.623975331606699 -0.7814440386529992 0
  outer loop
    vertex 45.48993376560739 77.39479053475628 0
    vertex 45.48993376560739 77.39479053475628 -5
    vertex 47.41836721218718 78.93462555785689 -5
  endloop
endfacet
facet normal 0.7075678257613071 -0.7066454358073904 0
  outer loop
    vertex 43.74608695652175 75.64866746844692 0
    vertex 45.48993376560739 77.39479053475628 -5
    vertex 45.48993376560739 77.39479053475628 0
  endloop
endfacet
facet normal 0.7075678257613071 -0.7066454358073904 0
  outer loop
    vertex 43.74608695652175 75.64866746844692 0
    vertex 43.74608695652175 75.64866746844692 -5
    vertex 45.48993376560739 77.39479053475628 -5
  endloop
endfacet
facet normal 0 -1 0
  outer loop
    vertex 42 1 -5
    vertex 45 1 0
    vertex 42 1 0
  endloop
endfacet
facet normal 0 -1 0
  outer loop
    vertex 45 1 -10
    vertex 45 1 0
    vertex 42 1 -5
  endloop
endfacet
facet normal 0 -1 0
  outer loop
    vertex 12 1 -5
    vertex 12 1 0
    vertex 9 1 0
  endloop
endfacet
facet normal 0 -1 0
  outer loop
    vertex 9 1 -10
    vertex 42 1 -5
    vertex 12 1 -5
  endloop
endfacet
facet normal 0 -1 0
  outer loop
    vertex 9 1 -10
    vertex 45 1 -10
    vertex 42 1 -5
  endloop
endfacet
facet normal 0 -1 0
  outer loop
    vertex 9 1 -10
    vertex 12 1 -5
    vertex 9 1 0
  endloop
endfacet
facet normal 0.6605249155594065 0.7508041262041911 0
  outer loop
    vertex 43.565359953551436 46.51032831249 -5.0000000000000036
    vertex 43.565359953551436 46.51032831249 0
    vertex 43.74608695652056 46.351332531554434 0
  endloop
endfacet
facet normal 0.6605249155594064 0.750804126204191 0
  outer loop
    vertex 43.565359953551436 46.51032831249 -5.0000000000000036
    vertex 43.74608695652056 46.351332531554434 0
    vertex 43.74608695652056 46.351332531554434 -5
  endloop
endfacet
facet normal 0.46197560894924744 0.8868926297675339 0
  outer loop
    vertex 43.35187491619071 46.62153104078658 -5.0000000000000036
    vertex 43.35187491619071 46.62153104078658 0
    vertex 43.565359953551436 46.51032831249 0
  endloop
endfacet
facet normal 0.46197560894924744 0.8868926297675339 0
  outer loop
    vertex 43.35187491619071 46.62153104078658 -5.0000000000000036
    vertex 43.565359953551436 46.51032831249 0
    vertex 43.565359953551436 46.51032831249 -5.0000000000000036
  endloop
endfacet
facet normal 0.23665855412665432 0.9715928822087375 0
  outer loop
    vertex 43.118001574823424 46.67849741819656 -5.0000000000000036
    vertex 43.118001574823424 46.67849741819656 0
    vertex 43.35187491619071 46.62153104078658 0
  endloop
endfacet
facet normal 0.23665855412665432 0.9715928822087375 0
  outer loop
    vertex 43.118001574823424 46.67849741819656 -5.0000000000000036
    vertex 43.35187491619071 46.62153104078658 0
    vertex 43.35187491619071 46.62153104078658 -5.0000000000000036
  endloop
endfacet
facet normal -0.0023709488564775502 0.9999971892968098 0
  outer loop
    vertex 42.87729099706881 46.67792670412338 -5.0000000000000036
    vertex 42.87729099706881 46.67792670412338 0
    vertex 43.118001574823424 46.67849741819656 0
  endloop
endfacet
facet normal -0.0023709488564775502 0.9999971892968098 0
  outer loop
    vertex 42.87729099706881 46.67792670412338 -5.0000000000000036
    vertex 43.118001574823424 46.67849741819656 0
    vertex 43.118001574823424 46.67849741819656 -5.0000000000000036
  endloop
endfacet
facet normal -0.241263074539201 0.9704597512848699 0
  outer loop
    vertex 42.643690413067525 46.619851966829344 -5.0000000000000036
    vertex 42.643690413067525 46.619851966829344 0
    vertex 42.87729099706881 46.67792670412338 0
  endloop
endfacet
facet normal -0.241263074539201 0.9704597512848699 0
  outer loop
    vertex 42.643690413067525 46.619851966829344 -5.0000000000000036
    vertex 42.87729099706881 46.67792670412338 0
    vertex 42.87729099706881 46.67792670412338 -5.0000000000000036
  endloop
endfacet
facet normal -0.4661759573633954 0.8846920236875214 0
  outer loop
    vertex 42.43073508635659 46.50763816739741 -5.0000000000000036
    vertex 42.43073508635659 46.50763816739741 0
    vertex 42.643690413067525 46.619851966829344 0
  endloop
endfacet
facet normal -0.4661759573633954 0.8846920236875214 0
  outer loop
    vertex 42.43073508635659 46.50763816739741 -5.0000000000000036
    vertex 42.643690413067525 46.619851966829344 0
    vertex 42.643690413067525 46.619851966829344 -5.0000000000000036
  endloop
endfacet
facet normal -0.6640777157740508 0.747663552282923 0
  outer loop
    vertex 42.25076405487535 46.34778718746581 -5.0000000000000036
    vertex 42.25076405487535 46.34778718746581 0
    vertex 42.43073508635659 46.50763816739741 0
  endloop
endfacet
facet normal -0.823501544300685 0.5673140281487734 0
  outer loop
    vertex 42.25076405487535 46.34778718746581 -5.0000000000000036
    vertex 42.114205183564906 46.14956109780068 0
    vertex 42.25076405487535 46.34778718746581 0
  endloop
endfacet
facet normal -0.6640777157740508 0.747663552282923 0
  outer loop
    vertex 42.25076405487535 46.34778718746581 -5.0000000000000036
    vertex 42.43073508635659 46.50763816739741 0
    vertex 42.43073508635659 46.50763816739741 -5.0000000000000036
  endloop
endfacet
facet normal -0.9352101221446033 0.35409324681258225 0
  outer loop
    vertex 42.114205183564906 46.14956109780068 -5.0000000000000036
    vertex 42.02897095397752 45.92444549624415 0
    vertex 42.114205183564906 46.14956109780068 0
  endloop
endfacet
facet normal -0.823501544300685 0.5673140281487734 0
  outer loop
    vertex 42.114205183564906 46.14956109780068 -5.0000000000000036
    vertex 42.114205183564906 46.14956109780068 0
    vertex 42.25076405487535 46.34778718746581 -5.0000000000000036
  endloop
endfacet
facet normal -0.9352101221446033 0.35409324681258225 0
  outer loop
    vertex 42.02897095397752 45.92444549624415 -5.0000000000000036
    vertex 42.02897095397752 45.92444549624415 0
    vertex 42.114205183564906 46.14956109780068 -5.0000000000000036
  endloop
endfacet
facet normal -0.9927308411702683 0.12035562716122357 0
  outer loop
    vertex 41.99999999999877 45.68548401026142 -5
    vertex 41.99999999999877 45.68548401026142 0
    vertex 42.02897095397752 45.92444549624415 0
  endloop
endfacet
facet normal -0.9927308411702683 0.12035562716122358 0
  outer loop
    vertex 41.99999999999877 45.68548401026142 -5
    vertex 42.02897095397752 45.92444549624415 0
    vertex 42.02897095397752 45.92444549624415 -5.0000000000000036
  endloop
endfacet
facet normal -0.9999999999999999 -2.7508685652430107e-14 0
  outer loop
    vertex 42 1 -5
    vertex 41.99999999999877 45.68548401026142 0
    vertex 41.99999999999877 45.68548401026142 -5
  endloop
endfacet
facet normal -0.9999999999999999 -2.7508685652430107e-14 0
  outer loop
    vertex 42 1 0
    vertex 41.99999999999877 45.68548401026142 0
    vertex 42 1 -5
  endloop
endfacet
facet normal -0.9927088740980536 -0.12053668025532634 0
  outer loop
    vertex 49.53897781659471 11.50256289500387 0
    vertex 49.6 11 -10
    vertex 49.6 11 0
  endloop
endfacet
facet normal -0.9927088740980536 -0.12053668025532634 0
  outer loop
    vertex 49.53897781659471 11.50256289500387 0
    vertex 49.53897781659471 11.50256289500387 -10
    vertex 49.6 11 -10
  endloop
endfacet
facet normal -0.9350162426854169 -0.35460488704253007 0
  outer loop
    vertex 49.35945765387174 11.975918661291914 0
    vertex 49.35945765387174 11.975918661291914 -10
    vertex 49.53897781659471 11.50256289500387 -10
  endloop
endfacet
facet normal -0.8229838658936531 -0.5680647467311605 0
  outer loop
    vertex 49.35945765387174 11.975918661291914 0
    vertex 49.07187257115931 12.39255758230567 -10
    vertex 49.35945765387174 11.975918661291914 -10
  endloop
endfacet
facet normal -0.9350162426854169 -0.35460488704253007 0
  outer loop
    vertex 49.35945765387174 11.975918661291914 0
    vertex 49.53897781659471 11.50256289500387 -10
    vertex 49.53897781659471 11.50256289500387 0
  endloop
endfacet
facet normal -0.8229838658936531 -0.5680647467311605 0
  outer loop
    vertex 49.07187257115931 12.39255758230567 0
    vertex 49.07187257115931 12.39255758230567 -10
    vertex 49.35945765387174 11.975918661291914 0
  endloop
endfacet
facet normal -0.6631226582408012 -0.748510748171096 0
  outer loop
    vertex 48.69293596813543 12.72826611837668 0
    vertex 48.69293596813543 12.72826611837668 -10
    vertex 49.07187257115931 12.39255758230567 -10
  endloop
endfacet
facet normal -0.6631226582408012 -0.748510748171096 0
  outer loop
    vertex 48.69293596813543 12.72826611837668 0
    vertex 49.07187257115931 12.39255758230567 -10
    vertex 49.07187257115931 12.39255758230567 0
  endloop
endfacet
facet normal -0.4647231720437615 -0.8854560256532135 0
  outer loop
    vertex 48.24467026278933 12.963534109639369 0
    vertex 48.24467026278933 12.963534109639369 -10
    vertex 48.69293596813543 12.72826611837668 -10
  endloop
endfacet
facet normal -0.23931566428756226 -0.9709418174260508 0
  outer loop
    vertex 48.24467026278933 12.963534109639369 0
    vertex 47.75312702853618 13.084688635605914 -10
    vertex 48.24467026278933 12.963534109639369 -10
  endloop
endfacet
facet normal -0.4647231720437615 -0.8854560256532135 0
  outer loop
    vertex 48.24467026278933 12.963534109639369 0
    vertex 48.69293596813543 12.72826611837668 -10
    vertex 48.69293596813543 12.72826611837668 0
  endloop
endfacet
facet normal -0.23931566428756226 -0.9709418174260508 0
  outer loop
    vertex 47.75312702853618 13.084688635605914 0
    vertex 47.75312702853618 13.084688635605914 -10
    vertex 48.24467026278933 12.963534109639369 0
  endloop
endfacet
facet normal 0 -0.9999999999999999 0
  outer loop
    vertex 47.24687297146382 13.084688635605914 0
    vertex 47.24687297146382 13.084688635605914 -10
    vertex 47.75312702853618 13.084688635605914 -10
  endloop
endfacet
facet normal 0 -0.9999999999999999 0
  outer loop
    vertex 47.24687297146382 13.084688635605914 0
    vertex 47.75312702853618 13.084688635605914 -10
    vertex 47.75312702853618 13.084688635605914 0
  endloop
endfacet
facet normal 0.23931566428756226 -0.9709418174260508 0
  outer loop
    vertex 46.75532973721067 12.963534109639369 0
    vertex 46.75532973721067 12.963534109639369 -10
    vertex 47.24687297146382 13.084688635605914 -10
  endloop
endfacet
facet normal 0.23931566428756226 -0.9709418174260508 0
  outer loop
    vertex 46.75532973721067 12.963534109639369 0
    vertex 47.24687297146382 13.084688635605914 -10
    vertex 47.24687297146382 13.084688635605914 0
  endloop
endfacet
facet normal 0.4647231720437615 -0.8854560256532135 0
  outer loop
    vertex 46.30706403186457 12.72826611837668 0
    vertex 46.30706403186457 12.72826611837668 -10
    vertex 46.75532973721067 12.963534109639369 -10
  endloop
endfacet
facet normal 0.4647231720437615 -0.8854560256532135 0
  outer loop
    vertex 46.30706403186457 12.72826611837668 0
    vertex 46.75532973721067 12.963534109639369 -10
    vertex 46.75532973721067 12.963534109639369 0
  endloop
endfacet
facet normal 0.6631226582408012 -0.748510748171096 0
  outer loop
    vertex 45.92812742884069 12.39255758230567 0
    vertex 45.92812742884069 12.39255758230567 -10
    vertex 46.30706403186457 12.72826611837668 -10
  endloop
endfacet
facet normal 0.8229838658936531 -0.5680647467311605 0
  outer loop
    vertex 45.92812742884069 12.39255758230567 0
    vertex 45.64054234612826 11.975918661291914 -10
    vertex 45.92812742884069 12.39255758230567 -10
  endloop
endfacet
facet normal 0.6631226582408012 -0.748510748171096 0
  outer loop
    vertex 45.92812742884069 12.39255758230567 0
    vertex 46.30706403186457 12.72826611837668 -10
    vertex 46.30706403186457 12.72826611837668 0
  endloop
endfacet
facet normal 0.8229838658936531 -0.5680647467311605 0
  outer loop
    vertex 45.64054234612826 11.975918661291914 0
    vertex 45.64054234612826 11.975918661291914 -10
    vertex 45.92812742884069 12.39255758230567 0
  endloop
endfacet
facet normal 0.9350162426854152 -0.35460488704253473 0
  outer loop
    vertex 45.64054234612826 11.975918661291914 0
    vertex 45.46102218340529 11.502562895003877 -10
    vertex 45.64054234612826 11.975918661291914 -10
  endloop
endfacet
facet normal 0.9350162426854152 -0.35460488704253473 0
  outer loop
    vertex 45.46102218340529 11.502562895003877 0
    vertex 45.46102218340529 11.502562895003877 -10
    vertex 45.64054234612826 11.975918661291914 0
  endloop
endfacet
facet normal 0.9927088740980539 -0.12053668025532466 0
  outer loop
    vertex 45.4 11 0
    vertex 45.46102218340529 11.502562895003877 -10
    vertex 45.46102218340529 11.502562895003877 0
  endloop
endfacet
facet normal 0.9927088740980539 -0.12053668025532466 0
  outer loop
    vertex 45.4 11 0
    vertex 45.4 11 -10
    vertex 45.46102218340529 11.502562895003877 -10
  endloop
endfacet
facet normal 0.9927088740980536 0.12053668025532634 0
  outer loop
    vertex 45.4 11 0
    vertex 45.46102218340529 10.49743710499613 -10
    vertex 45.4 11 -10
  endloop
endfacet
facet normal 0.9927088740980536 0.12053668025532634 0
  outer loop
    vertex 45.46102218340529 10.49743710499613 0
    vertex 45.46102218340529 10.49743710499613 -10
    vertex 45.4 11 0
  endloop
endfacet
facet normal 0.9350162426854169 0.35460488704253007 0
  outer loop
    vertex 45.46102218340529 10.49743710499613 0
    vertex 45.64054234612826 10.024081338708086 -10
    vertex 45.46102218340529 10.49743710499613 -10
  endloop
endfacet
facet normal 0.9350162426854169 0.35460488704253007 0
  outer loop
    vertex 45.64054234612826 10.024081338708086 0
    vertex 45.64054234612826 10.024081338708086 -10
    vertex 45.46102218340529 10.49743710499613 0
  endloop
endfacet
facet normal 0.8229838658936596 0.5680647467311509 0
  outer loop
    vertex 45.92812742884068 9.60744241769433 0
    vertex 45.64054234612826 10.024081338708086 -10
    vertex 45.64054234612826 10.024081338708086 0
  endloop
endfacet
facet normal 0.8229838658936596 0.5680647467311509 0
  outer loop
    vertex 45.92812742884068 9.60744241769433 0
    vertex 45.92812742884068 9.60744241769433 -10
    vertex 45.64054234612826 10.024081338708086 -10
  endloop
endfacet
facet normal 0.6631226582407863 0.7485107481711091 0
  outer loop
    vertex 46.30706403186457 9.271733881623327 0
    vertex 45.92812742884068 9.60744241769433 -10
    vertex 45.92812742884068 9.60744241769433 0
  endloop
endfacet
facet normal 0.6631226582407863 0.7485107481711091 0
  outer loop
    vertex 46.30706403186457 9.271733881623327 0
    vertex 46.30706403186457 9.271733881623327 -10
    vertex 45.92812742884068 9.60744241769433 -10
  endloop
endfacet
facet normal 0.4647231720437725 0.8854560256532078 0
  outer loop
    vertex 46.75532973721067 9.036465890360631 0
    vertex 46.30706403186457 9.271733881623327 -10
    vertex 46.30706403186457 9.271733881623327 0
  endloop
endfacet
facet normal 0.4647231720437725 0.8854560256532078 0
  outer loop
    vertex 46.75532973721067 9.036465890360631 0
    vertex 46.75532973721067 9.036465890360631 -10
    vertex 46.30706403186457 9.271733881623327 -10
  endloop
endfacet
facet normal 0.2393156642875655 0.97094181742605 0
  outer loop
    vertex 47.246872971463816 8.915311364394086 0
    vertex 46.75532973721067 9.036465890360631 -10
    vertex 46.75532973721067 9.036465890360631 0
  endloop
endfacet
facet normal 0.2393156642875655 0.97094181742605 0
  outer loop
    vertex 47.246872971463816 8.915311364394086 0
    vertex 47.246872971463816 8.915311364394086 -10
    vertex 46.75532973721067 9.036465890360631 -10
  endloop
endfacet
facet normal 0 0.9999999999999999 0
  outer loop
    vertex 47.246872971463816 8.915311364394086 0
    vertex 47.75312702853617 8.915311364394086 -10
    vertex 47.246872971463816 8.915311364394086 -10
  endloop
endfacet
facet normal 0 0.9999999999999999 0
  outer loop
    vertex 47.75312702853617 8.915311364394086 0
    vertex 47.75312702853617 8.915311364394086 -10
    vertex 47.246872971463816 8.915311364394086 0
  endloop
endfacet
facet normal -0.23931566428754905 0.9709418174260542 0
  outer loop
    vertex 48.24467026278932 9.036465890360624 0
    vertex 47.75312702853617 8.915311364394086 -10
    vertex 47.75312702853617 8.915311364394086 0
  endloop
endfacet
facet normal -0.23931566428754905 0.9709418174260542 0
  outer loop
    vertex 48.24467026278932 9.036465890360624 0
    vertex 48.24467026278932 9.036465890360624 -10
    vertex 47.75312702853617 8.915311364394086 -10
  endloop
endfacet
facet normal -0.4647231720437725 0.8854560256532078 0
  outer loop
    vertex 48.69293596813542 9.27173388162332 0
    vertex 48.24467026278932 9.036465890360624 -10
    vertex 48.24467026278932 9.036465890360624 0
  endloop
endfacet
facet normal -0.4647231720437725 0.8854560256532078 0
  outer loop
    vertex 48.69293596813542 9.27173388162332 0
    vertex 48.69293596813542 9.27173388162332 -10
    vertex 48.24467026278932 9.036465890360624 -10
  endloop
endfacet
facet normal -0.6631226582407933 0.748510748171103 0
  outer loop
    vertex 48.69293596813542 9.27173388162332 0
    vertex 49.071872571159304 9.607442417694323 -10
    vertex 48.69293596813542 9.27173388162332 -10
  endloop
endfacet
facet normal -0.6631226582407933 0.748510748171103 0
  outer loop
    vertex 49.071872571159304 9.607442417694323 0
    vertex 49.071872571159304 9.607442417694323 -10
    vertex 48.69293596813542 9.27173388162332 0
  endloop
endfacet
facet normal -0.8229838658936531 0.5680647467311605 0
  outer loop
    vertex 49.071872571159304 9.607442417694323 0
    vertex 49.359457653871736 10.02408133870808 -10
    vertex 49.071872571159304 9.607442417694323 -10
  endloop
endfacet
facet normal -0.8229838658936531 0.5680647467311605 0
  outer loop
    vertex 49.359457653871736 10.02408133870808 0
    vertex 49.359457653871736 10.02408133870808 -10
    vertex 49.071872571159304 9.607442417694323 0
  endloop
endfacet
facet normal -0.9350162426854123 0.35460488704254234 0
  outer loop
    vertex 49.53897781659471 10.497437104996123 0
    vertex 49.53897781659471 10.497437104996123 -10
    vertex 49.359457653871736 10.02408133870808 -10
  endloop
endfacet
facet normal -0.9927088740980539 0.12053668025532466 0
  outer loop
    vertex 49.53897781659471 10.497437104996123 0
    vertex 49.6 11 -10
    vertex 49.53897781659471 10.497437104996123 -10
  endloop
endfacet
facet normal -0.9350162426854123 0.35460488704254234 0
  outer loop
    vertex 49.53897781659471 10.497437104996123 0
    vertex 49.359457653871736 10.02408133870808 -10
    vertex 49.359457653871736 10.02408133870808 0
  endloop
endfacet
facet normal -0.9927088740980539 0.12053668025532466 0
  outer loop
    vertex 49.6 11 0
    vertex 49.6 11 -10
    vertex 49.53897781659471 10.497437104996123 0
  endloop
endfacet
facet normal -0.9927088740980539 -0.12053668025532466 0
  outer loop
    vertex 49.53897781659471 111.50256289500388 0
    vertex 49.6 111 -10
    vertex 49.6 111 0
  endloop
endfacet
facet normal -0.9927088740980539 -0.12053668025532466 0
  outer loop
    vertex 49.53897781659471 111.50256289500388 0
    vertex 49.53897781659471 111.50256289500388 -10
    vertex 49.6 111 -10
  endloop
endfacet
facet normal -0.9350162426854152 -0.35460488704253473 0
  outer loop
    vertex 49.35945765387174 111.97591866129191 0
    vertex 49.35945765387174 111.97591866129191 -10
    vertex 49.53897781659471 111.50256289500388 -10
  endloop
endfacet
facet normal -0.8229838658936531 -0.5680647467311605 0
  outer loop
    vertex 49.35945765387174 111.97591866129191 0
    vertex 49.07187257115931 112.39255758230567 -10
    vertex 49.35945765387174 111.97591866129191 -10
  endloop
endfacet
facet normal -0.9350162426854152 -0.35460488704253473 0
  outer loop
    vertex 49.35945765387174 111.97591866129191 0
    vertex 49.53897781659471 111.50256289500388 -10
    vertex 49.53897781659471 111.50256289500388 0
  endloop
endfacet
facet normal -0.8229838658936531 -0.5680647467311605 0
  outer loop
    vertex 49.07187257115931 112.39255758230567 0
    vertex 49.07187257115931 112.39255758230567 -10
    vertex 49.35945765387174 111.97591866129191 0
  endloop
endfacet
facet normal -0.6631226582408012 -0.748510748171096 0
  outer loop
    vertex 48.69293596813543 112.72826611837668 0
    vertex 48.69293596813543 112.72826611837668 -10
    vertex 49.07187257115931 112.39255758230567 -10
  endloop
endfacet
facet normal -0.6631226582408012 -0.748510748171096 0
  outer loop
    vertex 48.69293596813543 112.72826611837668 0
    vertex 49.07187257115931 112.39255758230567 -10
    vertex 49.07187257115931 112.39255758230567 0
  endloop
endfacet
facet normal -0.4647231720437615 -0.8854560256532135 0
  outer loop
    vertex 48.24467026278933 112.96353410963937 0
    vertex 48.24467026278933 112.96353410963937 -10
    vertex 48.69293596813543 112.72826611837668 -10
  endloop
endfacet
facet normal -0.23931566428756226 -0.9709418174260508 0
  outer loop
    vertex 48.24467026278933 112.96353410963937 0
    vertex 47.75312702853618 113.08468863560591 -10
    vertex 48.24467026278933 112.96353410963937 -10
  endloop
endfacet
facet normal -0.4647231720437615 -0.8854560256532135 0
  outer loop
    vertex 48.24467026278933 112.96353410963937 0
    vertex 48.69293596813543 112.72826611837668 -10
    vertex 48.69293596813543 112.72826611837668 0
  endloop
endfacet
facet normal -0.23931566428756226 -0.9709418174260508 0
  outer loop
    vertex 47.75312702853618 113.08468863560591 0
    vertex 47.75312702853618 113.08468863560591 -10
    vertex 48.24467026278933 112.96353410963937 0
  endloop
endfacet
facet normal 0 -0.9999999999999999 0
  outer loop
    vertex 47.24687297146382 113.08468863560591 0
    vertex 47.24687297146382 113.08468863560591 -10
    vertex 47.75312702853618 113.08468863560591 -10
  endloop
endfacet
facet normal 0 -0.9999999999999999 0
  outer loop
    vertex 47.24687297146382 113.08468863560591 0
    vertex 47.75312702853618 113.08468863560591 -10
    vertex 47.75312702853618 113.08468863560591 0
  endloop
endfacet
facet normal 0.23931566428756226 -0.9709418174260508 0
  outer loop
    vertex 46.75532973721067 112.96353410963937 0
    vertex 46.75532973721067 112.96353410963937 -10
    vertex 47.24687297146382 113.08468863560591 -10
  endloop
endfacet
facet normal 0.23931566428756226 -0.9709418174260508 0
  outer loop
    vertex 46.75532973721067 112.96353410963937 0
    vertex 47.24687297146382 113.08468863560591 -10
    vertex 47.24687297146382 113.08468863560591 0
  endloop
endfacet
facet normal 0.4647231720437615 -0.8854560256532135 0
  outer loop
    vertex 46.30706403186457 112.72826611837668 0
    vertex 46.30706403186457 112.72826611837668 -10
    vertex 46.75532973721067 112.96353410963937 -10
  endloop
endfacet
facet normal 0.4647231720437615 -0.8854560256532135 0
  outer loop
    vertex 46.30706403186457 112.72826611837668 0
    vertex 46.75532973721067 112.96353410963937 -10
    vertex 46.75532973721067 112.96353410963937 0
  endloop
endfacet
facet normal 0.6631226582408012 -0.748510748171096 0
  outer loop
    vertex 45.92812742884069 112.39255758230567 0
    vertex 45.92812742884069 112.39255758230567 -10
    vertex 46.30706403186457 112.72826611837668 -10
  endloop
endfacet
facet normal 0.8229838658936531 -0.5680647467311605 0
  outer loop
    vertex 45.92812742884069 112.39255758230567 0
    vertex 45.64054234612826 111.97591866129191 -10
    vertex 45.92812742884069 112.39255758230567 -10
  endloop
endfacet
facet normal 0.6631226582408012 -0.748510748171096 0
  outer loop
    vertex 45.92812742884069 112.39255758230567 0
    vertex 46.30706403186457 112.72826611837668 -10
    vertex 46.30706403186457 112.72826611837668 0
  endloop
endfacet
facet normal 0.8229838658936531 -0.5680647467311605 0
  outer loop
    vertex 45.64054234612826 111.97591866129191 0
    vertex 45.64054234612826 111.97591866129191 -10
    vertex 45.92812742884069 112.39255758230567 0
  endloop
endfacet
facet normal 0.9350162426854152 -0.35460488704253473 0
  outer loop
    vertex 45.64054234612826 111.97591866129191 0
    vertex 45.46102218340529 111.50256289500388 -10
    vertex 45.64054234612826 111.97591866129191 -10
  endloop
endfacet
facet normal 0.9350162426854152 -0.35460488704253473 0
  outer loop
    vertex 45.46102218340529 111.50256289500388 0
    vertex 45.46102218340529 111.50256289500388 -10
    vertex 45.64054234612826 111.97591866129191 0
  endloop
endfacet
facet normal 0.9927088740980539 -0.12053668025532466 0
  outer loop
    vertex 45.4 111 0
    vertex 45.46102218340529 111.50256289500388 -10
    vertex 45.46102218340529 111.50256289500388 0
  endloop
endfacet
facet normal 0.9927088740980539 -0.12053668025532466 0
  outer loop
    vertex 45.4 111 0
    vertex 45.4 111 -10
    vertex 45.46102218340529 111.50256289500388 -10
  endloop
endfacet
facet normal 0.9927088740980539 0.12053668025532466 0
  outer loop
    vertex 45.4 111 0
    vertex 45.46102218340529 110.49743710499612 -10
    vertex 45.4 111 -10
  endloop
endfacet
facet normal 0.9927088740980539 0.12053668025532466 0
  outer loop
    vertex 45.46102218340529 110.49743710499612 0
    vertex 45.46102218340529 110.49743710499612 -10
    vertex 45.4 111 0
  endloop
endfacet
facet normal 0.9350162426854152 0.35460488704253473 0
  outer loop
    vertex 45.46102218340529 110.49743710499612 0
    vertex 45.64054234612826 110.02408133870809 -10
    vertex 45.46102218340529 110.49743710499612 -10
  endloop
endfacet
facet normal 0.9350162426854152 0.35460488704253473 0
  outer loop
    vertex 45.64054234612826 110.02408133870809 0
    vertex 45.64054234612826 110.02408133870809 -10
    vertex 45.46102218340529 110.49743710499612 0
  endloop
endfacet
facet normal 0.8229838658936596 0.5680647467311509 0
  outer loop
    vertex 45.92812742884068 109.60744241769433 0
    vertex 45.64054234612826 110.02408133870809 -10
    vertex 45.64054234612826 110.02408133870809 0
  endloop
endfacet
facet normal 0.8229838658936596 0.5680647467311509 0
  outer loop
    vertex 45.92812742884068 109.60744241769433 0
    vertex 45.92812742884068 109.60744241769433 -10
    vertex 45.64054234612826 110.02408133870809 -10
  endloop
endfacet
facet normal 0.6631226582407784 0.7485107481711161 0
  outer loop
    vertex 46.30706403186457 109.27173388162333 0
    vertex 45.92812742884068 109.60744241769433 -10
    vertex 45.92812742884068 109.60744241769433 0
  endloop
endfacet
facet normal 0.6631226582407784 0.7485107481711161 0
  outer loop
    vertex 46.30706403186457 109.27173388162333 0
    vertex 46.30706403186457 109.27173388162333 -10
    vertex 45.92812742884068 109.60744241769433 -10
  endloop
endfacet
facet normal 0.46472317204378355 0.885456025653202 0
  outer loop
    vertex 46.75532973721067 109.03646589036063 0
    vertex 46.30706403186457 109.27173388162333 -10
    vertex 46.30706403186457 109.27173388162333 0
  endloop
endfacet
facet normal 0.46472317204378355 0.885456025653202 0
  outer loop
    vertex 46.75532973721067 109.03646589036063 0
    vertex 46.75532973721067 109.03646589036063 -10
    vertex 46.30706403186457 109.27173388162333 -10
  endloop
endfacet
facet normal 0.2393156642875655 0.97094181742605 0
  outer loop
    vertex 47.246872971463816 108.91531136439409 0
    vertex 46.75532973721067 109.03646589036063 -10
    vertex 46.75532973721067 109.03646589036063 0
  endloop
endfacet
facet normal 0.2393156642875655 0.97094181742605 0
  outer loop
    vertex 47.246872971463816 108.91531136439409 0
    vertex 47.246872971463816 108.91531136439409 -10
    vertex 46.75532973721067 109.03646589036063 -10
  endloop
endfacet
facet normal 0 0.9999999999999999 0
  outer loop
    vertex 47.246872971463816 108.91531136439409 0
    vertex 47.75312702853617 108.91531136439409 -10
    vertex 47.246872971463816 108.91531136439409 -10
  endloop
endfacet
facet normal 0 0.9999999999999999 0
  outer loop
    vertex 47.75312702853617 108.91531136439409 0
    vertex 47.75312702853617 108.91531136439409 -10
    vertex 47.246872971463816 108.91531136439409 0
  endloop
endfacet
facet normal -0.23931566428756226 0.9709418174260508 0
  outer loop
    vertex 48.24467026278932 109.03646589036063 0
    vertex 47.75312702853617 108.91531136439409 -10
    vertex 47.75312702853617 108.91531136439409 0
  endloop
endfacet
facet normal -0.23931566428756226 0.9709418174260508 0
  outer loop
    vertex 48.24467026278932 109.03646589036063 0
    vertex 48.24467026278932 109.03646589036063 -10
    vertex 47.75312702853617 108.91531136439409 -10
  endloop
endfacet
facet normal -0.4647231720437615 0.8854560256532135 0
  outer loop
    vertex 48.69293596813542 109.27173388162332 0
    vertex 48.24467026278932 109.03646589036063 -10
    vertex 48.24467026278932 109.03646589036063 0
  endloop
endfacet
facet normal -0.4647231720437615 0.8854560256532135 0
  outer loop
    vertex 48.69293596813542 109.27173388162332 0
    vertex 48.69293596813542 109.27173388162332 -10
    vertex 48.24467026278932 109.03646589036063 -10
  endloop
endfacet
facet normal -0.6631226582408012 0.748510748171096 0
  outer loop
    vertex 48.69293596813542 109.27173388162332 0
    vertex 49.071872571159304 109.60744241769433 -10
    vertex 48.69293596813542 109.27173388162332 -10
  endloop
endfacet
facet normal -0.6631226582408012 0.748510748171096 0
  outer loop
    vertex 49.071872571159304 109.60744241769433 0
    vertex 49.071872571159304 109.60744241769433 -10
    vertex 48.69293596813542 109.27173388162332 0
  endloop
endfacet
facet normal -0.8229838658936441 0.5680647467311736 0
  outer loop
    vertex 49.071872571159304 109.60744241769433 0
    vertex 49.359457653871736 110.02408133870807 -10
    vertex 49.071872571159304 109.60744241769433 -10
  endloop
endfacet
facet normal -0.8229838658936441 0.5680647467311736 0
  outer loop
    vertex 49.359457653871736 110.02408133870807 0
    vertex 49.359457653871736 110.02408133870807 -10
    vertex 49.071872571159304 109.60744241769433 0
  endloop
endfacet
facet normal -0.935016242685414 0.3546048870425376 0
  outer loop
    vertex 49.53897781659471 110.49743710499612 0
    vertex 49.53897781659471 110.49743710499612 -10
    vertex 49.359457653871736 110.02408133870807 -10
  endloop
endfacet
facet normal -0.9927088740980539 0.12053668025532466 0
  outer loop
    vertex 49.53897781659471 110.49743710499612 0
    vertex 49.6 111 -10
    vertex 49.53897781659471 110.49743710499612 -10
  endloop
endfacet
facet normal -0.935016242685414 0.3546048870425376 0
  outer loop
    vertex 49.53897781659471 110.49743710499612 0
    vertex 49.359457653871736 110.02408133870807 -10
    vertex 49.359457653871736 110.02408133870807 0
  endloop
endfacet
facet normal -0.9927088740980539 0.12053668025532466 0
  outer loop
    vertex 49.6 111 0
    vertex 49.6 111 -10
    vertex 49.53897781659471 110.49743710499612 0
  endloop
endfacet
facet normal 0 0 -1
  outer loop
    vertex 49.071872571159304 9.607442417694323 -10
    vertex 53 9 -10
    vertex 52.878462024097665 7.610814578664559 -10
  endloop
endfacet
facet normal 0 0 -1
  outer loop
    vertex 48.69293596813542 9.27173388162332 -10
    vertex 52.878462024097665 7.610814578664559 -10
    vertex 52.51754096628727 6.2638388533946525 -10
  endloop
endfacet
facet normal 0 0 -1
  outer loop
    vertex 48.69293596813542 9.27173388162332 -10
    vertex 52.51754096628727 6.2638388533946525 -10
    vertex 51.928203230275514 5.000000000000007 -10
  endloop
endfacet
facet normal 0 0 -1
  outer loop
    vertex 48.69293596813542 9.27173388162332 -10
    vertex 49.071872571159304 9.607442417694323 -10
    vertex 52.878462024097665 7.610814578664559 -10
  endloop
endfacet
facet normal 0 0 -1
  outer loop
    vertex 49.359457653871736 10.02408133870808 -10
    vertex 53 9 -10
    vertex 49.071872571159304 9.607442417694323 -10
  endloop
endfacet
facet normal 0 0 -1
  outer loop
    vertex 48.24467026278932 9.036465890360624 -10
    vertex 51.928203230275514 5.000000000000007 -10
    vertex 51.12835554495183 3.8576991225076895 -10
  endloop
endfacet
facet normal 0 0 -1
  outer loop
    vertex 48.24467026278932 9.036465890360624 -10
    vertex 48.69293596813542 9.27173388162332 -10
    vertex 51.928203230275514 5.000000000000007 -10
  endloop
endfacet
facet normal 0 0 -0.9999999999999999
  outer loop
    vertex 49.53897781659471 10.497437104996123 -10
    vertex 53 9 -10
    vertex 49.359457653871736 10.02408133870808 -10
  endloop
endfacet
facet normal 0 0 -1
  outer loop
    vertex 47.75312702853617 8.915311364394086 -10
    vertex 51.12835554495183 3.8576991225076895 -10
    vertex 50.14230087749232 2.871644455048184 -10
  endloop
endfacet
facet normal 0 0 -1
  outer loop
    vertex 47.75312702853617 8.915311364394086 -10
    vertex 50.14230087749232 2.871644455048184 -10
    vertex 49.000000000000014 2.0717967697245 -10
  endloop
endfacet
facet normal 0 0 -1
  outer loop
    vertex 47.75312702853617 8.915311364394086 -10
    vertex 48.24467026278932 9.036465890360624 -10
    vertex 51.12835554495183 3.8576991225076895 -10
  endloop
endfacet
facet normal 0 0 -1
  outer loop
    vertex 49.6 11 -10
    vertex 53 9 -10
    vertex 49.53897781659471 10.497437104996123 -10
  endloop
endfacet
facet normal 0 0 -1
  outer loop
    vertex 47.246872971463816 8.915311364394086 -10
    vertex 49.000000000000014 2.0717967697245 -10
    vertex 47.73616114660536 1.4824590337127361 -10
  endloop
endfacet
facet normal 0 0 -1
  outer loop
    vertex 47.246872971463816 8.915311364394086 -10
    vertex 47.75312702853617 8.915311364394086 -10
    vertex 49.000000000000014 2.0717967697245 -10
  endloop
endfacet
facet normal 0 0 -1
  outer loop
    vertex 49.53897781659471 11.50256289500387 -10
    vertex 53 9 -10
    vertex 49.6 11 -10
  endloop
endfacet
facet normal 0 0 -1
  outer loop
    vertex 46.75532973721067 9.036465890360631 -10
    vertex 47.73616114660536 1.4824590337127361 -10
    vertex 46.389185421335455 1.121537975902335 -10
  endloop
endfacet
facet normal 0 0 -1
  outer loop
    vertex 46.75532973721067 9.036465890360631 -10
    vertex 46.389185421335455 1.121537975902335 -10
    vertex 45 1 -10
  endloop
endfacet
facet normal 0 0 -1
  outer loop
    vertex 46.75532973721067 9.036465890360631 -10
    vertex 47.246872971463816 8.915311364394086 -10
    vertex 47.73616114660536 1.4824590337127361 -10
  endloop
endfacet
facet normal 0 0 -1
  outer loop
    vertex 49.35945765387174 11.975918661291914 -10
    vertex 53 9 -10
    vertex 49.53897781659471 11.50256289500387 -10
  endloop
endfacet
facet normal 0 0 -1
  outer loop
    vertex 46.30706403186457 9.271733881623327 -10
    vertex 46.75532973721067 9.036465890360631 -10
    vertex 45 1 -10
  endloop
endfacet
facet normal 0 0 -0.9999999999999999
  outer loop
    vertex 49.07187257115931 12.39255758230567 -10
    vertex 53 9 -10
    vertex 49.35945765387174 11.975918661291914 -10
  endloop
endfacet
facet normal 0 0 -1
  outer loop
    vertex 45.92812742884068 9.60744241769433 -10
    vertex 46.30706403186457 9.271733881623327 -10
    vertex 45 1 -10
  endloop
endfacet
facet normal 0 0 -1
  outer loop
    vertex 45.64054234612826 10.024081338708086 -10
    vertex 45.92812742884068 9.60744241769433 -10
    vertex 45 1 -10
  endloop
endfacet
facet normal 0 0 -1
  outer loop
    vertex 53 27.510532999165243 -10
    vertex 53 9 -10
    vertex 49.07187257115931 12.39255758230567 -10
  endloop
endfacet
facet normal 0 0 -0.9999999999999999
  outer loop
    vertex 53 27.510532999165243 -10
    vertex 49.07187257115931 12.39255758230567 -10
    vertex 48.69293596813543 12.72826611837668 -10
  endloop
endfacet
facet normal 0 0 -1
  outer loop
    vertex 53 27.510532999165243 -10
    vertex 48.69293596813543 12.72826611837668 -10
    vertex 48.24467026278933 12.963534109639369 -10
  endloop
endfacet
facet normal 0 0 -1
  outer loop
    vertex 53 27.510532999165243 -10
    vertex 48.24467026278933 12.963534109639369 -10
    vertex 47.75312702853618 13.084688635605914 -10
  endloop
endfacet
facet normal 0 0 -1
  outer loop
    vertex 53 27.510532999165243 -10
    vertex 47.75312702853618 13.084688635605914 -10
    vertex 47.24687297146382 13.084688635605914 -10
  endloop
endfacet
facet normal 0 0 -1
  outer loop
    vertex 53 27.510532999165243 -10
    vertex 47.24687297146382 13.084688635605914 -10
    vertex 46.75532973721067 12.963534109639369 -10
  endloop
endfacet
facet normal 0 0 -1
  outer loop
    vertex 77.36 54.5 -10
    vertex 82.34945335452866 48.43504238657381 -10
    vertex 80.9392413780649 46.21916349619837 -10
  endloop
endfacet
facet normal 0 0 -1
  outer loop
    vertex 77.36 54.5 -10
    vertex 83.5242466770971 50.78422899572641 -10
    vertex 82.34945335452866 48.43504238657381 -10
  endloop
endfacet
facet normal 0 0 -1
  outer loop
    vertex 77.36 54.5 -10
    vertex 84.45115739462257 53.24179966553628 -10
    vertex 83.5242466770971 50.78422899572641 -10
  endloop
endfacet
facet normal 0 0 -1
  outer loop
    vertex 77.36 54.5 -10
    vertex 85.12035146252927 55.78168083890872 -10
    vertex 84.45115739462257 53.24179966553628 -10
  endloop
endfacet
facet normal 0 0 -1
  outer loop
    vertex 77.36 54.5 -10
    vertex 73.27739922923956 39.13258503021572 -10
    vertex 70.958408750581 37.899256106017376 -10
  endloop
endfacet
facet normal 0 0 -0.9999999999999999
  outer loop
    vertex 77.36 54.5 -10
    vertex 75.45722086854838 40.59791594716735 -10
    vertex 73.27739922923956 39.13258503021572 -10
  endloop
endfacet
facet normal 0 0 -1
  outer loop
    vertex 77.36 54.5 -10
    vertex 77.47474688535246 42.27970245171896 -10
    vertex 75.45722086854838 40.59791594716735 -10
  endloop
endfacet
facet normal 0 0 -1
  outer loop
    vertex 77.36 54.5 -10
    vertex 79.30857236933312 44.160101656589134 -10
    vertex 77.47474688535246 42.27970245171896 -10
  endloop
endfacet
facet normal 0 0 -1
  outer loop
    vertex 77.36 54.5 -10
    vertex 80.9392413780649 46.21916349619837 -10
    vertex 79.30857236933312 44.160101656589134 -10
  endloop
endfacet
facet normal 0 0 -1
  outer loop
    vertex 80.28487122140427 60.09471774751698 -10
    vertex 85.52472907695345 58.376925686765254 -10
    vertex 85.12035146252927 55.78168083890872 -10
  endloop
endfacet
facet normal 0 0 -0.9999999999999999
  outer loop
    vertex 80.28487122140427 60.09471774751698 -10
    vertex 80.48336182298821 60.270565075935124 -10
    vertex 85.52472907695345 58.376925686765254 -10
  endloop
endfacet
facet normal 0 0 -1
  outer loop
    vertex 80.63400162821853 60.488804510751855 -10
    vertex 85.52472907695345 58.376925686765254 -10
    vertex 80.48336182298821 60.270565075935124 -10
  endloop
endfacet
facet normal 0 0 -1
  outer loop
    vertex 80.05006537574678 59.971482133046045 -10
    vertex 85.12035146252927 55.78168083890872 -10
    vertex 77.36 54.5 -10
  endloop
endfacet
facet normal 0 0 -1
  outer loop
    vertex 80.05006537574678 59.971482133046045 -10
    vertex 80.28487122140427 60.09471774751698 -10
    vertex 85.12035146252927 55.78168083890872 -10
  endloop
endfacet
facet normal 0 0 -1
  outer loop
    vertex 80.72803599916867 60.73675276928369 -10
    vertex 85.66 60.9999999999999 -10
    vertex 85.52472907695345 58.376925686765254 -10
  endloop
endfacet
facet normal 0 0 -1
  outer loop
    vertex 80.72803599916867 60.73675276928369 -10
    vertex 85.52472907695345 58.376925686765254 -10
    vertex 80.63400162821853 60.488804510751855 -10
  endloop
endfacet
facet normal 0 0 -1
  outer loop
    vertex 79.79259034828087 59.90802023849214 -10
    vertex 80.05006537574678 59.971482133046045 -10
    vertex 77.36 54.5 -10
  endloop
endfacet
facet normal 0 0 -1
  outer loop
    vertex 80.76 61 -10
    vertex 85.66 60.9999999999999 -10
    vertex 80.72803599916867 60.73675276928369 -10
  endloop
endfacet
facet normal 0 0 -1
  outer loop
    vertex 79.52740965171915 59.90802023849214 -10
    vertex 79.79259034828087 59.90802023849214 -10
    vertex 77.36 54.5 -10
  endloop
endfacet
facet normal 0 0 -1
  outer loop
    vertex 80.72803599916867 61.26324723071632 -10
    vertex 85.52472907695346 63.623074313234554 -10
    vertex 85.66 60.9999999999999 -10
  endloop
endfacet
facet normal 0 0 -1
  outer loop
    vertex 80.72803599916867 61.26324723071632 -10
    vertex 85.66 60.9999999999999 -10
    vertex 80.76 61 -10
  endloop
endfacet
facet normal 0 0 -1
  outer loop
    vertex 79.26993462425321 59.971482133046045 -10
    vertex 79.52740965171915 59.90802023849214 -10
    vertex 77.36 54.5 -10
  endloop
endfacet
facet normal 0 0 -1
  outer loop
    vertex 80.63400162821853 61.51119548924815 -10
    vertex 85.52472907695346 63.623074313234554 -10
    vertex 80.72803599916867 61.26324723071632 -10
  endloop
endfacet
facet normal 0 0 -0.9999999999999999
  outer loop
    vertex 79.03512877859573 60.09471774751698 -10
    vertex 79.26993462425321 59.971482133046045 -10
    vertex 77.36 54.5 -10
  endloop
endfacet
facet normal 0 0 -1
  outer loop
    vertex 80.48336182298821 61.72943492406488 -10
    vertex 85.52472907695346 63.623074313234554 -10
    vertex 80.63400162821853 61.51119548924815 -10
  endloop
endfacet
facet normal 0 0 -1
  outer loop
    vertex 78.83663817701179 60.270565075935124 -10
    vertex 79.03512877859573 60.09471774751698 -10
    vertex 77.36 54.5 -10
  endloop
endfacet
facet normal 0 0 -0.9999999999999999
  outer loop
    vertex 80.28487122140427 61.905282252483026 -10
    vertex 85.12035146252931 66.21831916109109 -10
    vertex 85.52472907695346 63.623074313234554 -10
  endloop
endfacet
facet normal 0 0 -1
  outer loop
    vertex 80.28487122140427 61.905282252483026 -10
    vertex 85.52472907695346 63.623074313234554 -10
    vertex 80.48336182298821 61.72943492406488 -10
  endloop
endfacet
facet normal 0 0 -1
  outer loop
    vertex 78.68599837178147 60.488804510751855 -10
    vertex 78.83663817701179 60.270565075935124 -10
    vertex 77.36 54.5 -10
  endloop
endfacet
facet normal 0 0 -1
  outer loop
    vertex 80.05006537574678 62.02851786695396 -10
    vertex 85.12035146252931 66.21831916109109 -10
    vertex 80.28487122140427 61.905282252483026 -10
  endloop
endfacet
facet normal 0 0 -1
  outer loop
    vertex 78.59196400083135 60.73675276928369 -10
    vertex 78.68599837178147 60.488804510751855 -10
    vertex 77.36 54.5 -10
  endloop
endfacet
facet normal 0 0 -1
  outer loop
    vertex 78.56 61 -10
    vertex 78.59196400083135 60.73675276928369 -10
    vertex 77.36 54.5 -10
  endloop
endfacet
facet normal 0 0 -1
  outer loop
    vertex 32.5 15.999999999999993 -10
    vertex 45.64054234612826 10.024081338708086 -10
    vertex 45 1 -10
  endloop
endfacet
facet normal 0 0 -1
  outer loop
    vertex 32.5 15.999999999999993 -10
    vertex 53 27.510532999165243 -10
    vertex 46.75532973721067 12.963534109639369 -10
  endloop
endfacet
facet normal 0 0 -1
  outer loop
    vertex 32.5 15.999999999999993 -10
    vertex 54.03860286916747 31.4524804857303 -10
    vertex 53.46732797270594 30.20475870040513 -10
  endloop
endfacet
facet normal 0 0 -1
  outer loop
    vertex 32.5 15.999999999999993 -10
    vertex 53.46732797270594 30.20475870040513 -10
    vertex 53.117697791306384 28.87776081150075 -10
  endloop
endfacet
facet normal 0 0 -1
  outer loop
    vertex 32.5 15.999999999999993 -10
    vertex 53.117697791306384 28.87776081150075 -10
    vertex 53 27.510532999165243 -10
  endloop
endfacet
facet normal 0 0 -1
  outer loop
    vertex 32.5 15.999999999999993 -10
    vertex 46.75532973721067 12.963534109639369 -10
    vertex 46.30706403186457 12.72826611837668 -10
  endloop
endfacet
facet normal 0 0 -1
  outer loop
    vertex 32.5 15.999999999999993 -10
    vertex 46.30706403186457 12.72826611837668 -10
    vertex 45.92812742884069 12.39255758230567 -10
  endloop
endfacet
facet normal 0 0 -0.9999999999999999
  outer loop
    vertex 32.5 15.999999999999993 -10
    vertex 45.92812742884069 12.39255758230567 -10
    vertex 45.64054234612826 11.975918661291914 -10
  endloop
endfacet
facet normal 0 0 -1
  outer loop
    vertex 32.5 15.999999999999993 -10
    vertex 45.64054234612826 11.975918661291914 -10
    vertex 45.46102218340529 11.502562895003877 -10
  endloop
endfacet
facet normal 0 0 -1
  outer loop
    vertex 32.5 15.999999999999993 -10
    vertex 45.46102218340529 11.502562895003877 -10
    vertex 45.4 11 -10
  endloop
endfacet
facet normal 0 0 -1
  outer loop
    vertex 32.5 15.999999999999993 -10
    vertex 45.4 11 -10
    vertex 45.46102218340529 10.49743710499613 -10
  endloop
endfacet
facet normal 0 0 -0.9999999999999999
  outer loop
    vertex 32.5 15.999999999999993 -10
    vertex 45.46102218340529 10.49743710499613 -10
    vertex 45.64054234612826 10.024081338708086 -10
  endloop
endfacet
facet normal 0 0 -1
  outer loop
    vertex 77.36 67.5 -10
    vertex 85.12035146252931 66.21831916109109 -10
    vertex 80.05006537574678 62.02851786695396 -10
  endloop
endfacet
facet normal 0 0 -1
  outer loop
    vertex 77.36 67.5 -10
    vertex 84.45115739462263 68.75820033446354 -10
    vertex 85.12035146252931 66.21831916109109 -10
  endloop
endfacet
facet normal 0 0 -1
  outer loop
    vertex 77.36 67.5 -10
    vertex 83.52424667709718 71.2157710042734 -10
    vertex 84.45115739462263 68.75820033446354 -10
  endloop
endfacet
facet normal 0 0 -1
  outer loop
    vertex 77.36 67.5 -10
    vertex 78.59196400083135 61.26324723071632 -10
    vertex 78.56 61 -10
  endloop
endfacet
facet normal 0 0 -1
  outer loop
    vertex 77.36 67.5 -10
    vertex 78.68599837178147 61.511195489248145 -10
    vertex 78.59196400083135 61.26324723071632 -10
  endloop
endfacet
facet normal 0 0 -1
  outer loop
    vertex 77.36 67.5 -10
    vertex 78.83663817701179 61.729434924064876 -10
    vertex 78.68599837178147 61.511195489248145 -10
  endloop
endfacet
facet normal 0 0 -1
  outer loop
    vertex 77.36 67.5 -10
    vertex 79.03512877859573 61.905282252483026 -10
    vertex 78.83663817701179 61.729434924064876 -10
  endloop
endfacet
facet normal 0 0 -1
  outer loop
    vertex 77.36 67.5 -10
    vertex 79.26993462425321 62.028517866953955 -10
    vertex 79.03512877859573 61.905282252483026 -10
  endloop
endfacet
facet normal 0 0 -1
  outer loop
    vertex 77.36 67.5 -10
    vertex 79.52740965171915 62.09197976150786 -10
    vertex 79.26993462425321 62.028517866953955 -10
  endloop
endfacet
facet normal 0 0 -1
  outer loop
    vertex 77.36 67.5 -10
    vertex 79.79259034828085 62.091979761507865 -10
    vertex 79.52740965171915 62.09197976150786 -10
  endloop
endfacet
facet normal 0 0 -1
  outer loop
    vertex 77.36 67.5 -10
    vertex 80.05006537574678 62.02851786695396 -10
    vertex 79.79259034828085 62.091979761507865 -10
  endloop
endfacet
facet normal 0 0 -1
  outer loop
    vertex 82.34945335452875 73.56495761342602 -10
    vertex 83.52424667709718 71.2157710042734 -10
    vertex 77.36 67.5 -10
  endloop
endfacet
facet normal 0 0 -1
  outer loop
    vertex 21.5 15.999999999999993 -10
    vertex 45 1 -10
    vertex 9 1 -10
  endloop
endfacet
facet normal 0 0 -1
  outer loop
    vertex 21.5 15.999999999999993 -10
    vertex 32.5 15.999999999999993 -10
    vertex 45 1 -10
  endloop
endfacet
facet normal 0 0 -1
  outer loop
    vertex 80.93924137806502 75.78083650380147 -10
    vertex 82.34945335452875 73.56495761342602 -10
    vertex 77.36 67.5 -10
  endloop
endfacet
facet normal 0 0 -1
  outer loop
    vertex 79.30857236933325 77.83989834341072 -10
    vertex 80.93924137806502 75.78083650380147 -10
    vertex 77.36 67.5 -10
  endloop
endfacet
facet normal 0 0 -1
  outer loop
    vertex 54.36 54.5 -10
    vertex 60.79940298507463 35.50801765608101 -10
    vertex 59.43555628181682 35.35607414383061 -10
  endloop
endfacet
facet normal 0 0 -1
  outer loop
    vertex 54.36 54.5 -10
    vertex 59.43555628181682 35.35607414383061 -10
    vertex 58.117742471122355 34.9732799154976 -10
  endloop
endfacet
facet normal 0 0 -1
  outer loop
    vertex 54.36 54.5 -10
    vertex 58.117742471122355 34.9732799154976 -10
    vertex 56.88473749670915 34.37089847988187 -10
  endloop
endfacet
facet normal 0 0 -1
  outer loop
    vertex 54.36 54.5 -10
    vertex 56.88473749670915 34.37089847988187 -10
    vertex 55.77282184911678 33.56665457810742 -10
  endloop
endfacet
facet normal 0 0 -1
  outer loop
    vertex 54.36 54.5 -10
    vertex 55.77282184911678 33.56665457810742 -10
    vertex 54.81471303230539 32.58421264290186 -10
  endloop
endfacet
facet normal 0 0 -0.9999999999999999
  outer loop
    vertex 54.36 54.5 -10
    vertex 54.81471303230539 32.58421264290186 -10
    vertex 54.03860286916747 31.4524804857303 -10
  endloop
endfacet
facet normal 0 0 -1
  outer loop
    vertex 54.36 54.5 -10
    vertex 77.36 54.5 -10
    vertex 70.958408750581 37.899256106017376 -10
  endloop
endfacet
facet normal 0 0 -1
  outer loop
    vertex 54.36 54.5 -10
    vertex 54.03860286916747 31.4524804857303 -10
    vertex 32.5 15.999999999999993 -10
  endloop
endfacet
facet normal 0 0 -0.9999999999999999
  outer loop
    vertex 54.36 54.5 -10
    vertex 63.41826068890896 35.709018657175235 -10
    vertex 60.79940298507463 35.50801765608101 -10
  endloop
endfacet
facet normal 0 0 -1
  outer loop
    vertex 54.36 54.5 -10
    vertex 66.00254992757348 36.17834392422998 -10
    vertex 63.41826068890896 35.709018657175235 -10
  endloop
endfacet
facet normal 0 0 -1
  outer loop
    vertex 54.36 54.5 -10
    vertex 68.52485272532442 36.91101415825829 -10
    vertex 66.00254992757348 36.17834392422998 -10
  endloop
endfacet
facet normal 0 0 -1
  outer loop
    vertex 54.36 54.5 -10
    vertex 70.958408750581 37.899256106017376 -10
    vertex 68.52485272532442 36.91101415825829 -10
  endloop
endfacet
facet normal 0 0 -1
  outer loop
    vertex 7.692935968135423 9.27173388162332 -10
    vertex 8.071872571159307 9.607442417694323 -10
    vertex 9 1 -10
  endloop
endfacet
facet normal 0 0 -0.9999999999999999
  outer loop
    vertex 8.359457653871736 10.02408133870808 -10
    vertex 21.5 15.999999999999993 -10
    vertex 9 1 -10
  endloop
endfacet
facet normal 0 0 -0.9999999999999999
  outer loop
    vertex 8.359457653871736 10.02408133870808 -10
    vertex 9 1 -10
    vertex 8.071872571159307 9.607442417694323 -10
  endloop
endfacet
facet normal 0 0 -1
  outer loop
    vertex 7.24467026278932 9.036465890360624 -10
    vertex 9 1 -10
    vertex 7.610814578664556 1.121537975902335 -10
  endloop
endfacet
facet normal 0 0 -1
  outer loop
    vertex 7.24467026278932 9.036465890360624 -10
    vertex 7.610814578664556 1.121537975902335 -10
    vertex 6.263838853394649 1.4824590337127361 -10
  endloop
endfacet
facet normal 0 0 -1
  outer loop
    vertex 7.24467026278932 9.036465890360624 -10
    vertex 7.692935968135423 9.27173388162332 -10
    vertex 9 1 -10
  endloop
endfacet
facet normal 0 0 -1
  outer loop
    vertex 8.53897781659471 10.497437104996123 -10
    vertex 21.5 15.999999999999993 -10
    vertex 8.359457653871736 10.02408133870808 -10
  endloop
endfacet
facet normal 0 0 -1
  outer loop
    vertex 6.7531270285361735 8.915311364394086 -10
    vertex 6.263838853394649 1.4824590337127361 -10
    vertex 5 2.071796769724493 -10
  endloop
endfacet
facet normal 0 0 -1
  outer loop
    vertex 6.7531270285361735 8.915311364394086 -10
    vertex 7.24467026278932 9.036465890360624 -10
    vertex 6.263838853394649 1.4824590337127361 -10
  endloop
endfacet
facet normal 0 0 -1
  outer loop
    vertex 77.4747468853526 79.72029754828091 -10
    vertex 79.30857236933325 77.83989834341072 -10
    vertex 77.36 67.5 -10
  endloop
endfacet
facet normal 0 0 -0.9999999999999999
  outer loop
    vertex 8.600000000000001 11 -10
    vertex 21.5 15.999999999999993 -10
    vertex 8.53897781659471 10.497437104996123 -10
  endloop
endfacet
facet normal 0 0 -1
  outer loop
    vertex 6.246872971463816 8.915311364394086 -10
    vertex 5 2.071796769724493 -10
    vertex 3.8576991225076824 2.871644455048177 -10
  endloop
endfacet
facet normal 0 0 -1
  outer loop
    vertex 6.246872971463816 8.915311364394086 -10
    vertex 3.8576991225076824 2.871644455048177 -10
    vertex 2.871644455048177 3.8576991225076895 -10
  endloop
endfacet
facet normal 0 0 -1
  outer loop
    vertex 6.246872971463816 8.915311364394086 -10
    vertex 6.7531270285361735 8.915311364394086 -10
    vertex 5 2.071796769724493 -10
  endloop
endfacet
facet normal 0 0 -1
  outer loop
    vertex 8.53897781659471 11.50256289500387 -10
    vertex 21.5 15.999999999999993 -10
    vertex 8.600000000000001 11 -10
  endloop
endfacet
facet normal 0 0 -1
  outer loop
    vertex 5.755329737210673 9.036465890360631 -10
    vertex 2.871644455048177 3.8576991225076895 -10
    vertex 2.0717967697244895 5 -10
  endloop
endfacet
facet normal 0 0 -0.9999999999999999
  outer loop
    vertex 5.755329737210673 9.036465890360631 -10
    vertex 6.246872971463816 8.915311364394086 -10
    vertex 2.871644455048177 3.8576991225076895 -10
  endloop
endfacet
facet normal 0 0 -1
  outer loop
    vertex 8.35945765387174 11.975918661291914 -10
    vertex 21.5 15.999999999999993 -10
    vertex 8.53897781659471 11.50256289500387 -10
  endloop
endfacet
facet normal 0 0 -1
  outer loop
    vertex 5.30706403186457 9.271733881623327 -10
    vertex 5.755329737210673 9.036465890360631 -10
    vertex 2.0717967697244895 5 -10
  endloop
endfacet
facet normal 0 0 -1
  outer loop
    vertex 8.071872571159311 12.39255758230567 -10
    vertex 21.5 15.999999999999993 -10
    vertex 8.35945765387174 11.975918661291914 -10
  endloop
endfacet
facet normal 0 0 -1
  outer loop
    vertex 1.4824590337127326 6.2638388533946525 -10
    vertex 5.30706403186457 9.271733881623327 -10
    vertex 2.0717967697244895 5 -10
  endloop
endfacet
facet normal 0 0 -1
  outer loop
    vertex 7.692935968135426 12.72826611837668 -10
    vertex 21.5 15.999999999999993 -10
    vertex 8.071872571159311 12.39255758230567 -10
  endloop
endfacet
facet normal 0 0 -1
  outer loop
    vertex 7.244670262789324 12.963534109639369 -10
    vertex 21.5 15.999999999999993 -10
    vertex 7.692935968135426 12.72826611837668 -10
  endloop
endfacet
facet normal 0 0 -1
  outer loop
    vertex 75.45722086854852 81.40208405283252 -10
    vertex 77.4747468853526 79.72029754828091 -10
    vertex 77.36 67.5 -10
  endloop
endfacet
facet normal 0 0 -1
  outer loop
    vertex 6.753127028536177 13.084688635605914 -10
    vertex 21.5 15.999999999999993 -10
    vertex 7.244670262789324 12.963534109639369 -10
  endloop
endfacet
facet normal 0 0 -1
  outer loop
    vertex 1.121537975902335 7.610814578664559 -10
    vertex 4.9281274288406856 9.60744241769433 -10
    vertex 5.30706403186457 9.271733881623327 -10
  endloop
endfacet
facet normal 0 0 -0.9999999999999999
  outer loop
    vertex 1.121537975902335 7.610814578664559 -10
    vertex 5.30706403186457 9.271733881623327 -10
    vertex 1.4824590337127326 6.2638388533946525 -10
  endloop
endfacet
facet normal 0 0 -1
  outer loop
    vertex 6.246872971463823 13.084688635605914 -10
    vertex 21.5 15.999999999999993 -10
    vertex 6.753127028536177 13.084688635605914 -10
  endloop
endfacet
facet normal 0 0 -0.9999999999999999
  outer loop
    vertex 52.68487122140427 60.09471774751698 -10
    vertex 52.883361822988206 60.270565075935124 -10
    vertex 54.36 54.5 -10
  endloop
endfacet
facet normal 0 0 -1
  outer loop
    vertex 53.03400162821853 60.488804510751855 -10
    vertex 54.36 54.5 -10
    vertex 52.883361822988206 60.270565075935124 -10
  endloop
endfacet
facet normal 0 0 -1
  outer loop
    vertex 52.45006537574679 59.971482133046045 -10
    vertex 52.68487122140427 60.09471774751698 -10
    vertex 54.36 54.5 -10
  endloop
endfacet
facet normal 0 0 -0.9999999999999999
  outer loop
    vertex 53.12803599916866 60.73675276928369 -10
    vertex 54.36 54.5 -10
    vertex 53.03400162821853 60.488804510751855 -10
  endloop
endfacet
facet normal 0 0 -0.9999999999999999
  outer loop
    vertex 52.19259034828086 59.90802023849214 -10
    vertex 52.45006537574679 59.971482133046045 -10
    vertex 54.36 54.5 -10
  endloop
endfacet
facet normal 0 0 -1
  outer loop
    vertex 53.16 61 -10
    vertex 54.36 54.5 -10
    vertex 53.12803599916866 60.73675276928369 -10
  endloop
endfacet
facet normal 0 0 -1
  outer loop
    vertex 51.927409651719145 59.90802023849214 -10
    vertex 52.19259034828086 59.90802023849214 -10
    vertex 54.36 54.5 -10
  endloop
endfacet
facet normal 0 0 -1
  outer loop
    vertex 1 9 -10
    vertex 4.9281274288406856 9.60744241769433 -10
    vertex 1.121537975902335 7.610814578664559 -10
  endloop
endfacet
facet normal 0 0 -1
  outer loop
    vertex 1 9 -10
    vertex 4.928127428840689 12.39255758230567 -10
    vertex 4.64054234612826 11.975918661291914 -10
  endloop
endfacet
facet normal 0 0 -1
  outer loop
    vertex 1 9 -10
    vertex 4.64054234612826 11.975918661291914 -10
    vertex 4.461022183405291 11.502562895003877 -10
  endloop
endfacet
facet normal 0 0 -1
  outer loop
    vertex 1 9 -10
    vertex 4.461022183405291 11.502562895003877 -10
    vertex 4.399999999999999 11 -10
  endloop
endfacet
facet normal 0 0 -1
  outer loop
    vertex 1 9 -10
    vertex 4.399999999999999 11 -10
    vertex 4.461022183405291 10.49743710499613 -10
  endloop
endfacet
facet normal 0 0 -0.9999999999999999
  outer loop
    vertex 1 9 -10
    vertex 4.461022183405291 10.49743710499613 -10
    vertex 4.640542346128257 10.024081338708086 -10
  endloop
endfacet
facet normal 0 0 -1
  outer loop
    vertex 1 9 -10
    vertex 4.640542346128257 10.024081338708086 -10
    vertex 4.9281274288406856 9.60744241769433 -10
  endloop
endfacet
facet normal 0 0 -1
  outer loop
    vertex 51.66993462425321 59.971482133046045 -10
    vertex 51.927409651719145 59.90802023849214 -10
    vertex 54.36 54.5 -10
  endloop
endfacet
facet normal 0 0 -1
  outer loop
    vertex 51.435128778595725 60.09471774751698 -10
    vertex 51.66993462425321 59.971482133046045 -10
    vertex 54.36 54.5 -10
  endloop
endfacet
facet normal 0 0 -1
  outer loop
    vertex 51.236638177011784 60.270565075935124 -10
    vertex 54.36 54.5 -10
    vertex 32.5 15.999999999999993 -10
  endloop
endfacet
facet normal 0 0 -1
  outer loop
    vertex 51.236638177011784 60.270565075935124 -10
    vertex 51.435128778595725 60.09471774751698 -10
    vertex 54.36 54.5 -10
  endloop
endfacet
facet normal 0 0 -1
  outer loop
    vertex 51.08599837178147 60.488804510751855 -10
    vertex 51.236638177011784 60.270565075935124 -10
    vertex 32.5 15.999999999999993 -10
  endloop
endfacet
facet normal 0 0 -1
  outer loop
    vertex 73.27739922923972 82.86741496978418 -10
    vertex 75.45722086854852 81.40208405283252 -10
    vertex 77.36 67.5 -10
  endloop
endfacet
facet normal 0 0 -1
  outer loop
    vertex 54.36 67.5 -10
    vertex 53.12803599916866 61.26324723071632 -10
    vertex 53.03400162821853 61.51119548924815 -10
  endloop
endfacet
facet normal 0 0 -1
  outer loop
    vertex 54.36 67.5 -10
    vertex 53.16 61 -10
    vertex 53.12803599916866 61.26324723071632 -10
  endloop
endfacet
facet normal 0 0 -1
  outer loop
    vertex 54.36 67.5 -10
    vertex 51.435128778595725 61.905282252483026 -10
    vertex 51.236638177011784 61.729434924064876 -10
  endloop
endfacet
facet normal 0 0 -1
  outer loop
    vertex 54.36 67.5 -10
    vertex 51.66993462425321 62.028517866953955 -10
    vertex 51.435128778595725 61.905282252483026 -10
  endloop
endfacet
facet normal 0 0 -1
  outer loop
    vertex 54.36 67.5 -10
    vertex 51.927409651719145 62.09197976150786 -10
    vertex 51.66993462425321 62.028517866953955 -10
  endloop
endfacet
facet normal 0 0 -0.9999999999999999
  outer loop
    vertex 54.36 67.5 -10
    vertex 52.19259034828085 62.091979761507865 -10
    vertex 51.927409651719145 62.09197976150786 -10
  endloop
endfacet
facet normal 0 0 -1
  outer loop
    vertex 54.36 67.5 -10
    vertex 52.45006537574679 62.02851786695396 -10
    vertex 52.19259034828085 62.091979761507865 -10
  endloop
endfacet
facet normal 0 0 -1
  outer loop
    vertex 54.36 67.5 -10
    vertex 52.684871221404265 61.905282252483026 -10
    vertex 52.45006537574679 62.02851786695396 -10
  endloop
endfacet
facet normal 0 0 -1
  outer loop
    vertex 54.36 67.5 -10
    vertex 52.883361822988206 61.72943492406488 -10
    vertex 52.684871221404265 61.905282252483026 -10
  endloop
endfacet
facet normal 0 0 -1
  outer loop
    vertex 54.36 67.5 -10
    vertex 53.03400162821853 61.51119548924815 -10
    vertex 52.883361822988206 61.72943492406488 -10
  endloop
endfacet
facet normal 0 0 -0.9999999999999999
  outer loop
    vertex 70.95840875058117 84.10074389398255 -10
    vertex 73.27739922923972 82.86741496978418 -10
    vertex 77.36 67.5 -10
  endloop
endfacet
facet normal 0 0 -0.9999999999999999
  outer loop
    vertex 70.95840875058117 84.10074389398255 -10
    vertex 77.36 67.5 -10
    vertex 54.36 67.5 -10
  endloop
endfacet
facet normal 0 0 -1
  outer loop
    vertex 68.52485272532459 85.08898584174165 -10
    vertex 70.95840875058117 84.10074389398255 -10
    vertex 54.36 67.5 -10
  endloop
endfacet
facet normal 0 0 -1
  outer loop
    vertex 66.00254992757367 85.82165607576998 -10
    vertex 68.52485272532459 85.08898584174165 -10
    vertex 54.36 67.5 -10
  endloop
endfacet
facet normal 0 0 -1
  outer loop
    vertex 63.41826068890915 86.29098134282475 -10
    vertex 66.00254992757367 85.82165607576998 -10
    vertex 54.36 67.5 -10
  endloop
endfacet
facet normal 0 0 -1
  outer loop
    vertex 60.799402985074614 86.49198234391899 -10
    vertex 63.41826068890915 86.29098134282475 -10
    vertex 54.36 67.5 -10
  endloop
endfacet
facet normal 0 0 -0.9999999999999999
  outer loop
    vertex 59.43555628181684 86.64392585616939 -10
    vertex 60.799402985074614 86.49198234391899 -10
    vertex 54.36 67.5 -10
  endloop
endfacet
facet normal 0 0 -1
  outer loop
    vertex 58.117742471122355 87.0267200845024 -10
    vertex 59.43555628181684 86.64392585616939 -10
    vertex 54.36 67.5 -10
  endloop
endfacet
facet normal 0 0 -1
  outer loop
    vertex 56.88473749670916 87.62910152011813 -10
    vertex 58.117742471122355 87.0267200845024 -10
    vertex 54.36 67.5 -10
  endloop
endfacet
facet normal 0 0 -1
  outer loop
    vertex 55.77282184911678 88.43334542189258 -10
    vertex 56.88473749670916 87.62910152011813 -10
    vertex 54.36 67.5 -10
  endloop
endfacet
facet normal 0 0 -1
  outer loop
    vertex 54.8147130323054 89.41578735709814 -10
    vertex 55.77282184911678 88.43334542189258 -10
    vertex 54.36 67.5 -10
  endloop
endfacet
facet normal 0 0 -1
  outer loop
    vertex 54.03860286916747 90.5475195142697 -10
    vertex 54.8147130323054 89.41578735709814 -10
    vertex 54.36 67.5 -10
  endloop
endfacet
facet normal 0 0 -1
  outer loop
    vertex 49.071872571159304 109.60744241769433 -10
    vertex 53 113 -10
    vertex 53 94.48946700083476 -10
  endloop
endfacet
facet normal 0 0 -0.9999999999999999
  outer loop
    vertex 48.69293596813542 109.27173388162332 -10
    vertex 49.071872571159304 109.60744241769433 -10
    vertex 53 94.48946700083476 -10
  endloop
endfacet
facet normal 0 0 -1
  outer loop
    vertex 49.359457653871736 110.02408133870807 -10
    vertex 53 113 -10
    vertex 49.071872571159304 109.60744241769433 -10
  endloop
endfacet
facet normal 0 0 -1
  outer loop
    vertex 48.24467026278932 109.03646589036063 -10
    vertex 48.69293596813542 109.27173388162332 -10
    vertex 53 94.48946700083476 -10
  endloop
endfacet
facet normal 0 0 -1
  outer loop
    vertex 49.53897781659471 110.49743710499612 -10
    vertex 53 113 -10
    vertex 49.359457653871736 110.02408133870807 -10
  endloop
endfacet
facet normal 0 0 -1
  outer loop
    vertex 47.75312702853617 108.91531136439409 -10
    vertex 48.24467026278932 109.03646589036063 -10
    vertex 53 94.48946700083476 -10
  endloop
endfacet
facet normal 0 0 -0.9999999999999999
  outer loop
    vertex 49.6 111 -10
    vertex 53 113 -10
    vertex 49.53897781659471 110.49743710499612 -10
  endloop
endfacet
facet normal 0 0 -1
  outer loop
    vertex 47.246872971463816 108.91531136439409 -10
    vertex 47.75312702853617 108.91531136439409 -10
    vertex 53 94.48946700083476 -10
  endloop
endfacet
facet normal 0 0 -1
  outer loop
    vertex 49.53897781659471 111.50256289500388 -10
    vertex 53 113 -10
    vertex 49.6 111 -10
  endloop
endfacet
facet normal 0 0 -1
  outer loop
    vertex 46.75532973721067 109.03646589036063 -10
    vertex 47.246872971463816 108.91531136439409 -10
    vertex 53 94.48946700083476 -10
  endloop
endfacet
facet normal 0 0 -1
  outer loop
    vertex 49.35945765387174 111.97591866129191 -10
    vertex 53 113 -10
    vertex 49.53897781659471 111.50256289500388 -10
  endloop
endfacet
facet normal 0 0 -1
  outer loop
    vertex 49.07187257115931 112.39255758230567 -10
    vertex 53 113 -10
    vertex 49.35945765387174 111.97591866129191 -10
  endloop
endfacet
facet normal 0 0 -0.9999999999999999
  outer loop
    vertex 49.07187257115931 112.39255758230567 -10
    vertex 52.878462024097665 114.38918542133544 -10
    vertex 53 113 -10
  endloop
endfacet
facet normal 0 0 -1
  outer loop
    vertex 48.69293596813543 112.72826611837668 -10
    vertex 52.878462024097665 114.38918542133544 -10
    vertex 49.07187257115931 112.39255758230567 -10
  endloop
endfacet
facet normal 0 0 -1
  outer loop
    vertex 48.69293596813543 112.72826611837668 -10
    vertex 52.517540966287264 115.73616114660535 -10
    vertex 52.878462024097665 114.38918542133544 -10
  endloop
endfacet
facet normal 0 0 -1
  outer loop
    vertex 51.92820323027551 117 -10
    vertex 48.69293596813543 112.72826611837668 -10
    vertex 48.24467026278933 112.96353410963937 -10
  endloop
endfacet
facet normal 0 0 -1
  outer loop
    vertex 51.92820323027551 117 -10
    vertex 52.517540966287264 115.73616114660535 -10
    vertex 48.69293596813543 112.72826611837668 -10
  endloop
endfacet
facet normal 0 0 -1
  outer loop
    vertex 51.12835554495182 118.14230087749232 -10
    vertex 51.92820323027551 117 -10
    vertex 48.24467026278933 112.96353410963937 -10
  endloop
endfacet
facet normal 0 0 -1
  outer loop
    vertex 51.12835554495182 118.14230087749232 -10
    vertex 48.24467026278933 112.96353410963937 -10
    vertex 47.75312702853618 113.08468863560591 -10
  endloop
endfacet
facet normal 0 0 -1
  outer loop
    vertex 50.14230087749232 119.12835554495183 -10
    vertex 51.12835554495182 118.14230087749232 -10
    vertex 47.75312702853618 113.08468863560591 -10
  endloop
endfacet
facet normal 0 0 -1
  outer loop
    vertex 49 119.9282032302755 -10
    vertex 47.75312702853618 113.08468863560591 -10
    vertex 47.24687297146382 113.08468863560591 -10
  endloop
endfacet
facet normal 0 0 -1
  outer loop
    vertex 49 119.9282032302755 -10
    vertex 50.14230087749232 119.12835554495183 -10
    vertex 47.75312702853618 113.08468863560591 -10
  endloop
endfacet
facet normal 0 0 -0.9999999999999999
  outer loop
    vertex 47.736161146605355 120.51754096628727 -10
    vertex 47.24687297146382 113.08468863560591 -10
    vertex 46.75532973721067 112.96353410963937 -10
  endloop
endfacet
facet normal 0 0 -1
  outer loop
    vertex 47.736161146605355 120.51754096628727 -10
    vertex 49 119.9282032302755 -10
    vertex 47.24687297146382 113.08468863560591 -10
  endloop
endfacet
facet normal 0 0 -0.9999999999999999
  outer loop
    vertex 32.5 106 -10
    vertex 54.03860286916747 90.5475195142697 -10
    vertex 54.36 67.5 -10
  endloop
endfacet
facet normal 0 0 -1
  outer loop
    vertex 32.5 106 -10
    vertex 45.46102218340529 111.50256289500388 -10
    vertex 45.4 111 -10
  endloop
endfacet
facet normal 0 0 -1
  outer loop
    vertex 32.5 106 -10
    vertex 45.4 111 -10
    vertex 45.46102218340529 110.49743710499612 -10
  endloop
endfacet
facet normal 0 0 -1
  outer loop
    vertex 32.5 106 -10
    vertex 46.75532973721067 109.03646589036063 -10
    vertex 53 94.48946700083476 -10
  endloop
endfacet
facet normal 0 0 -1
  outer loop
    vertex 32.5 106 -10
    vertex 45.46102218340529 110.49743710499612 -10
    vertex 45.64054234612826 110.02408133870809 -10
  endloop
endfacet
facet normal 0 0 -1
  outer loop
    vertex 32.5 106 -10
    vertex 45.64054234612826 110.02408133870809 -10
    vertex 45.92812742884068 109.60744241769433 -10
  endloop
endfacet
facet normal 0 0 -1
  outer loop
    vertex 32.5 106 -10
    vertex 45.92812742884068 109.60744241769433 -10
    vertex 46.30706403186457 109.27173388162333 -10
  endloop
endfacet
facet normal 0 0 -1
  outer loop
    vertex 32.5 106 -10
    vertex 46.30706403186457 109.27173388162333 -10
    vertex 46.75532973721067 109.03646589036063 -10
  endloop
endfacet
facet normal 0 0 -1
  outer loop
    vertex 32.5 106 -10
    vertex 54.36 67.5 -10
    vertex 51.236638177011784 61.729434924064876 -10
  endloop
endfacet
facet normal 0 0 -1
  outer loop
    vertex 32.5 106 -10
    vertex 53 94.48946700083476 -10
    vertex 53.117697791306384 93.12223918849924 -10
  endloop
endfacet
facet normal 0 0 -1
  outer loop
    vertex 32.5 106 -10
    vertex 53.117697791306384 93.12223918849924 -10
    vertex 53.46732797270594 91.79524129959486 -10
  endloop
endfacet
facet normal 0 0 -1
  outer loop
    vertex 32.5 106 -10
    vertex 53.46732797270594 91.79524129959486 -10
    vertex 54.03860286916747 90.5475195142697 -10
  endloop
endfacet
facet normal 0 0 -1
  outer loop
    vertex 32.5 106 -10
    vertex 51.236638177011784 61.729434924064876 -10
    vertex 51.08599837178147 61.511195489248145 -10
  endloop
endfacet
facet normal 0 0 -1
  outer loop
    vertex 46.38918542133545 120.87846202409767 -10
    vertex 47.736161146605355 120.51754096628727 -10
    vertex 46.75532973721067 112.96353410963937 -10
  endloop
endfacet
facet normal 0 0 -1
  outer loop
    vertex 45 121 -10
    vertex 46.75532973721067 112.96353410963937 -10
    vertex 46.30706403186457 112.72826611837668 -10
  endloop
endfacet
facet normal 0 0 -1
  outer loop
    vertex 45 121 -10
    vertex 46.30706403186457 112.72826611837668 -10
    vertex 45.92812742884069 112.39255758230567 -10
  endloop
endfacet
facet normal 0 0 -1
  outer loop
    vertex 45 121 -10
    vertex 45.92812742884069 112.39255758230567 -10
    vertex 45.64054234612826 111.97591866129191 -10
  endloop
endfacet
facet normal 0 0 -1
  outer loop
    vertex 45 121 -10
    vertex 46.38918542133545 120.87846202409767 -10
    vertex 46.75532973721067 112.96353410963937 -10
  endloop
endfacet
facet normal 0 0 -1
  outer loop
    vertex 32.5 121 -10
    vertex 45.64054234612826 111.97591866129191 -10
    vertex 45.46102218340529 111.50256289500388 -10
  endloop
endfacet
facet normal 0 0 -1
  outer loop
    vertex 32.5 121 -10
    vertex 45 121 -10
    vertex 45.64054234612826 111.97591866129191 -10
  endloop
endfacet
facet normal 0 0 -1
  outer loop
    vertex 32.5 121 -10
    vertex 45.46102218340529 111.50256289500388 -10
    vertex 32.5 106 -10
  endloop
endfacet
facet normal 0 0 -1
  outer loop
    vertex 7.692935968135423 109.27173388162332 -10
    vertex 8.071872571159307 109.60744241769433 -10
    vertex 21.5 106 -10
  endloop
endfacet
facet normal 0 0 -1
  outer loop
    vertex 8.359457653871736 110.02408133870807 -10
    vertex 21.5 106 -10
    vertex 8.071872571159307 109.60744241769433 -10
  endloop
endfacet
facet normal 0 0 -1
  outer loop
    vertex 7.24467026278932 109.03646589036063 -10
    vertex 7.692935968135423 109.27173388162332 -10
    vertex 21.5 106 -10
  endloop
endfacet
facet normal 0 0 -1
  outer loop
    vertex 8.53897781659471 110.49743710499612 -10
    vertex 21.5 106 -10
    vertex 8.359457653871736 110.02408133870807 -10
  endloop
endfacet
facet normal 0 0 -1
  outer loop
    vertex 6.7531270285361735 108.91531136439409 -10
    vertex 7.24467026278932 109.03646589036063 -10
    vertex 21.5 106 -10
  endloop
endfacet
facet normal 0 0 -1
  outer loop
    vertex 8.600000000000001 111 -10
    vertex 21.5 106 -10
    vertex 8.53897781659471 110.49743710499612 -10
  endloop
endfacet
facet normal 0 0 -1
  outer loop
    vertex 6.246872971463816 108.91531136439409 -10
    vertex 6.7531270285361735 108.91531136439409 -10
    vertex 21.5 106 -10
  endloop
endfacet
facet normal 0 0 -1
  outer loop
    vertex 8.53897781659471 111.50256289500388 -10
    vertex 21.5 106 -10
    vertex 8.600000000000001 111 -10
  endloop
endfacet
facet normal 0 0 -1
  outer loop
    vertex 8.53897781659471 111.50256289500388 -10
    vertex 21.5 121 -10
    vertex 21.5 106 -10
  endloop
endfacet
facet normal 0 0 -1
  outer loop
    vertex 5.755329737210673 109.03646589036063 -10
    vertex 6.246872971463816 108.91531136439409 -10
    vertex 6.246872971463823 13.084688635605914 -10
  endloop
endfacet
facet normal 0 0 -1
  outer loop
    vertex 5.755329737210673 109.03646589036063 -10
    vertex 6.246872971463823 13.084688635605914 -10
    vertex 5.755329737210676 12.963534109639369 -10
  endloop
endfacet
facet normal 0 0 -1
  outer loop
    vertex 8.35945765387174 111.97591866129191 -10
    vertex 21.5 121 -10
    vertex 8.53897781659471 111.50256289500388 -10
  endloop
endfacet
facet normal 0 0 -1
  outer loop
    vertex 5.30706403186457 109.27173388162333 -10
    vertex 5.755329737210673 109.03646589036063 -10
    vertex 5.755329737210676 12.963534109639369 -10
  endloop
endfacet
facet normal 0 0 -1
  outer loop
    vertex 5.30706403186457 109.27173388162333 -10
    vertex 5.755329737210676 12.963534109639369 -10
    vertex 5.307064031864574 12.72826611837668 -10
  endloop
endfacet
facet normal 0 0 -1
  outer loop
    vertex 5.30706403186457 109.27173388162333 -10
    vertex 5.307064031864574 12.72826611837668 -10
    vertex 4.928127428840689 12.39255758230567 -10
  endloop
endfacet
facet normal 0 0 -1
  outer loop
    vertex 4.9281274288406856 109.60744241769433 -10
    vertex 5.30706403186457 109.27173388162333 -10
    vertex 4.928127428840689 12.39255758230567 -10
  endloop
endfacet
facet normal 0 0 -1
  outer loop
    vertex 1 113 -10
    vertex 4.928127428840689 112.39255758230567 -10
    vertex 4.64054234612826 111.97591866129191 -10
  endloop
endfacet
facet normal 0 0 -1
  outer loop
    vertex 1 113 -10
    vertex 4.64054234612826 111.97591866129191 -10
    vertex 4.461022183405291 111.50256289500388 -10
  endloop
endfacet
facet normal 0 0 -0.9999999999999999
  outer loop
    vertex 1 113 -10
    vertex 4.461022183405291 111.50256289500388 -10
    vertex 4.399999999999999 111 -10
  endloop
endfacet
facet normal 0 0 -1
  outer loop
    vertex 1 113 -10
    vertex 4.399999999999999 111 -10
    vertex 4.461022183405291 110.49743710499612 -10
  endloop
endfacet
facet normal 0 0 -1
  outer loop
    vertex 1 113 -10
    vertex 4.9281274288406856 109.60744241769433 -10
    vertex 4.928127428840689 12.39255758230567 -10
  endloop
endfacet
facet normal 0 0 -1
  outer loop
    vertex 1 113 -10
    vertex 4.461022183405291 110.49743710499612 -10
    vertex 4.640542346128257 110.02408133870809 -10
  endloop
endfacet
facet normal 0 0 -1
  outer loop
    vertex 1 113 -10
    vertex 4.640542346128257 110.02408133870809 -10
    vertex 4.9281274288406856 109.60744241769433 -10
  endloop
endfacet
facet normal 0 0 -1
  outer loop
    vertex 1 113 -10
    vertex 4.928127428840689 12.39255758230567 -10
    vertex 1 9 -10
  endloop
endfacet
facet normal 0 0 -1
  outer loop
    vertex 9 121 -10
    vertex 8.35945765387174 111.97591866129191 -10
    vertex 8.071872571159311 112.39255758230567 -10
  endloop
endfacet
facet normal 0 0 -0.9999999999999999
  outer loop
    vertex 9 121 -10
    vertex 8.071872571159311 112.39255758230567 -10
    vertex 7.692935968135426 112.72826611837668 -10
  endloop
endfacet
facet normal 0 0 -1
  outer loop
    vertex 9 121 -10
    vertex 7.692935968135426 112.72826611837668 -10
    vertex 7.244670262789324 112.96353410963937 -10
  endloop
endfacet
facet normal 0 0 -1
  outer loop
    vertex 9 121 -10
    vertex 21.5 121 -10
    vertex 8.35945765387174 111.97591866129191 -10
  endloop
endfacet
facet normal 0 0 -1
  outer loop
    vertex 1.121537975902335 114.38918542133544 -10
    vertex 5.307064031864574 112.72826611837668 -10
    vertex 4.928127428840689 112.39255758230567 -10
  endloop
endfacet
facet normal 0 0 -0.9999999999999999
  outer loop
    vertex 1.121537975902335 114.38918542133544 -10
    vertex 4.928127428840689 112.39255758230567 -10
    vertex 1 113 -10
  endloop
endfacet
facet normal 0 0 -1
  outer loop
    vertex 7.610814578664552 120.87846202409767 -10
    vertex 9 121 -10
    vertex 7.244670262789324 112.96353410963937 -10
  endloop
endfacet
facet normal 0 0 -1
  outer loop
    vertex 1.4824590337127361 115.73616114660535 -10
    vertex 5.307064031864574 112.72826611837668 -10
    vertex 1.121537975902335 114.38918542133544 -10
  endloop
endfacet
facet normal 0 0 -1
  outer loop
    vertex 6.263838853394645 120.51754096628727 -10
    vertex 7.244670262789324 112.96353410963937 -10
    vertex 6.753127028536177 113.08468863560591 -10
  endloop
endfacet
facet normal 0 0 -1
  outer loop
    vertex 6.263838853394645 120.51754096628727 -10
    vertex 7.610814578664552 120.87846202409767 -10
    vertex 7.244670262789324 112.96353410963937 -10
  endloop
endfacet
facet normal 0 0 -1
  outer loop
    vertex 4.9999999999999964 119.9282032302755 -10
    vertex 6.753127028536177 113.08468863560591 -10
    vertex 6.246872971463823 113.08468863560591 -10
  endloop
endfacet
facet normal 0 0 -1
  outer loop
    vertex 4.9999999999999964 119.9282032302755 -10
    vertex 6.263838853394645 120.51754096628727 -10
    vertex 6.753127028536177 113.08468863560591 -10
  endloop
endfacet
facet normal 0 0 -1
  outer loop
    vertex 2.071796769724493 117 -10
    vertex 5.755329737210676 112.96353410963937 -10
    vertex 5.307064031864574 112.72826611837668 -10
  endloop
endfacet
facet normal 0 0 -1
  outer loop
    vertex 2.071796769724493 117 -10
    vertex 5.307064031864574 112.72826611837668 -10
    vertex 1.4824590337127361 115.73616114660535 -10
  endloop
endfacet
facet normal 0 0 -1
  outer loop
    vertex 3.8576991225076824 119.12835554495183 -10
    vertex 4.9999999999999964 119.9282032302755 -10
    vertex 6.246872971463823 113.08468863560591 -10
  endloop
endfacet
facet normal 0 0 -1
  outer loop
    vertex 2.871644455048177 118.14230087749232 -10
    vertex 6.246872971463823 113.08468863560591 -10
    vertex 5.755329737210676 112.96353410963937 -10
  endloop
endfacet
facet normal 0 0 -1
  outer loop
    vertex 2.871644455048177 118.14230087749232 -10
    vertex 5.755329737210676 112.96353410963937 -10
    vertex 2.071796769724493 117 -10
  endloop
endfacet
facet normal 0 0 -1
  outer loop
    vertex 2.871644455048177 118.14230087749232 -10
    vertex 3.8576991225076824 119.12835554495183 -10
    vertex 6.246872971463823 113.08468863560591 -10
  endloop
endfacet
facet normal 0 0 -1
  outer loop
    vertex 21.5 106 -10
    vertex 21.5 15.999999999999993 -10
    vertex 6.246872971463823 13.084688635605914 -10
  endloop
endfacet
facet normal 0 0 -1
  outer loop
    vertex 21.5 106 -10
    vertex 6.246872971463823 13.084688635605914 -10
    vertex 6.246872971463816 108.91531136439409 -10
  endloop
endfacet
facet normal 0 0 -0.9999999999999999
  outer loop
    vertex 32.5 15.999999999999993 -10
    vertex 32.5 106 -10
    vertex 50.959999999999994 61 -10
  endloop
endfacet
facet normal 0 0 -1
  outer loop
    vertex 50.959999999999994 61 -10
    vertex 32.5 106 -10
    vertex 50.991964000831345 61.26324723071632 -10
  endloop
endfacet
facet normal 0 0 -1
  outer loop
    vertex 50.991964000831345 61.26324723071632 -10
    vertex 32.5 106 -10
    vertex 51.08599837178147 61.511195489248145 -10
  endloop
endfacet
facet normal 0 0 -1
  outer loop
    vertex 32.5 15.999999999999993 -10
    vertex 50.959999999999994 61 -10
    vertex 50.991964000831345 60.73675276928369 -10
  endloop
endfacet
facet normal 0 0 -1
  outer loop
    vertex 32.5 15.999999999999993 -10
    vertex 50.991964000831345 60.73675276928369 -10
    vertex 51.08599837178147 60.488804510751855 -10
  endloop
endfacet
facet normal 0 0 -0.9999999999999999
  outer loop
    vertex 54.36 67.5 -10
    vertex 54.36 54.5 -10
    vertex 53.16 61 -10
  endloop
endfacet
facet normal 0 0 -0.9999999999999999
  outer loop
    vertex 77.36 54.5 -10
    vertex 77.36 67.5 -10
    vertex 78.56 61 -10
  endloop
endfacet
facet normal -4.492191873882581e-16 5.635902576480779e-16 1
  outer loop
    vertex 77.36 54.5 -5.000000000000004
    vertex 72.88603134609787 43.05430062164936 -5
    vertex 74.81580316181214 44.59245802436522 -5
  endloop
endfacet
facet normal -6.027552409883473e-16 6.030173873113021e-16 1
  outer loop
    vertex 77.36 54.5 -5.000000000000004
    vertex 74.81580316181214 44.59245802436522 -5
    vertex 76.5611678056573 46.33706391575444 -5
  endloop
endfacet
facet normal -7.772791720602095e-16 6.200964546204923e-16 1
  outer loop
    vertex 77.36 54.5 -5.000000000000004
    vertex 76.5611678056573 46.33706391575444 -5
    vertex 78.10016416405273 48.266166729266544 -5
  endloop
endfacet
facet normal -9.532897035993301e-16 5.991981273340133e-16 1
  outer loop
    vertex 77.36 54.5 -5.000000000000004
    vertex 78.10016416405273 48.266166729266544 -5
    vertex 79.41342775981248 50.35549345917426 -5
  endloop
endfacet
facet normal -1.096529765520304e-15 5.282287328914162e-16 1
  outer loop
    vertex 77.36 54.5 -5.000000000000004
    vertex 79.41342775981248 50.35549345917426 -5
    vertex 80.48443440637791 52.57875507654352 -5
  endloop
endfacet
facet normal -1.1696075007040617e-15 4.0938569140270885e-16 1
  outer loop
    vertex 77.36 54.5 -5.000000000000004
    vertex 80.48443440637791 52.57875507654352 -5
    vertex 81.299708123991 54.9079773118882 -5
  endloop
endfacet
facet normal -1.1545090383020417e-15 2.6358460577442046e-16 1
  outer loop
    vertex 77.36 54.5 -5.000000000000004
    vertex 81.299708123991 54.9079773118882 -5
    vertex 81.84899070169568 57.31385264242485 -5
  endloop
endfacet
facet normal -1.892222149176544e-15 2.1326174834897e-16 1
  outer loop
    vertex 80.28487122140427 60.09471774751698 -5.0000000000000036
    vertex 81.84899070169568 57.31385264242485 -5
    vertex 82.12537077164721 59.766109055035145 -5
  endloop
endfacet
facet normal -1.6065289844204666e-15 1.81339635607882e-15 1
  outer loop
    vertex 80.28487122140427 60.09471774751698 -5.0000000000000036
    vertex 82.12537077164721 59.766109055035145 -5
    vertex 80.48336182298821 60.270565075935124 -5.0000000000000036
  endloop
endfacet
facet normal -1.785095059303655e-15 1.2321621538147468e-15 1
  outer loop
    vertex 80.63400162821853 60.488804510751855 -5.0000000000000036
    vertex 80.48336182298821 60.270565075935124 -5.0000000000000036
    vertex 82.12537077164721 59.766109055035145 -5
  endloop
endfacet
facet normal -5.176909307020603e-16 9.86377657908128e-16 1
  outer loop
    vertex 80.05006537574678 59.971482133046045 -5.0000000000000036
    vertex 81.84899070169568 57.31385264242485 -5
    vertex 80.28487122140427 60.09471774751698 -5.0000000000000036
  endloop
endfacet
facet normal -2.0123543047468207e-15 7.631853205832403e-16 0.9999999999999999
  outer loop
    vertex 80.72803599916867 60.73675276928369 -5.0000000000000036
    vertex 80.63400162821853 60.488804510751855 -5.0000000000000036
    vertex 82.12537077164721 59.766109055035145 -5
  endloop
endfacet
facet normal -2.823793239604202e-16 1.1456579527540133e-15 1
  outer loop
    vertex 79.79259034828087 59.90802023849214 -5.0000000000000036
    vertex 81.84899070169568 57.31385264242485 -5
    vertex 80.05006537574678 59.971482133046045 -5.0000000000000036
  endloop
endfacet
facet normal -3.2525173313493978e-15 1.498383676228002e-28 1
  outer loop
    vertex 80.76 61 -5.000000000000004
    vertex 82.12537077164721 59.766109055035145 -5
    vertex 82.12537077164733 62.23389094496276 -5
  endloop
endfacet
facet normal -1.8336101203661218e-16 3.396196681000477e-15 1
  outer loop
    vertex 80.76 61 -5.000000000000004
    vertex 80.72803599916867 60.73675276928369 -5.0000000000000036
    vertex 82.12537077164721 59.766109055035145 -5
  endloop
endfacet
facet normal -1.183710538055229e-15 3.101702936285875e-16 1
  outer loop
    vertex 79.52740965171915 59.90802023849214 -5.0000000000000036
    vertex 77.36 54.5 -5.000000000000004
    vertex 81.84899070169568 57.31385264242485 -5
  endloop
endfacet
facet normal 0 1.3695004456097378e-15 1
  outer loop
    vertex 79.52740965171915 59.90802023849214 -5.0000000000000036
    vertex 81.84899070169568 57.31385264242485 -5
    vertex 79.79259034828087 59.90802023849214 -5.0000000000000036
  endloop
endfacet
facet normal -1.833610120413713e-16 -3.3961966810009628e-15 1
  outer loop
    vertex 80.72803599916867 61.26324723071632 -5.0000000000000036
    vertex 80.76 61 -5.000000000000004
    vertex 82.12537077164733 62.23389094496276 -5
  endloop
endfacet
facet normal -3.6840714171847596e-17 -1.4946865295999957e-16 1
  outer loop
    vertex 79.26993462425321 59.971482133046045 -5.0000000000000036
    vertex 77.36 54.5 -5.000000000000004
    vertex 79.52740965171915 59.90802023849214 -5.0000000000000036
  endloop
endfacet
facet normal -2.0123543047476005e-15 -7.63185320583536e-16 0.9999999999999999
  outer loop
    vertex 80.63400162821853 61.51119548924815 -5.0000000000000036
    vertex 80.72803599916867 61.26324723071632 -5.0000000000000036
    vertex 82.12537077164733 62.23389094496276 -5
  endloop
endfacet
facet normal -7.200489469197542e-17 -1.3719386447019548e-16 0.9999999999999999
  outer loop
    vertex 79.03512877859573 60.09471774751698 -5.0000000000000036
    vertex 77.36 54.5 -5.000000000000004
    vertex 79.26993462425321 59.971482133046045 -5.0000000000000036
  endloop
endfacet
facet normal -1.7850950593048552e-15 -1.2321621538155751e-15 1
  outer loop
    vertex 80.48336182298821 61.72943492406488 -5.0000000000000036
    vertex 80.63400162821853 61.51119548924815 -5.0000000000000036
    vertex 82.12537077164733 62.23389094496276 -5
  endloop
endfacet
facet normal -1.1115764182968536e-16 -1.2547104011134955e-16 1
  outer loop
    vertex 78.83663817701179 60.270565075935124 -5.0000000000000036
    vertex 77.36 54.5 -5.000000000000004
    vertex 79.03512877859573 60.09471774751698 -5.0000000000000036
  endloop
endfacet
facet normal -1.6065289844221084e-15 -1.813396356080673e-15 1
  outer loop
    vertex 80.28487122140427 61.905282252483026 -5.0000000000000036
    vertex 80.48336182298821 61.72943492406488 -5.0000000000000036
    vertex 82.12537077164733 62.23389094496276 -5
  endloop
endfacet
facet normal -1.6267684360627717e-16 -1.1228771764787983e-16 1
  outer loop
    vertex 78.68599837178147 60.488804510751855 -5.0000000000000036
    vertex 77.36 54.5 -5.000000000000004
    vertex 78.83663817701179 60.270565075935124 -5.0000000000000036
  endloop
endfacet
facet normal -2.4690467527409285e-16 -9.363859202527947e-17 1
  outer loop
    vertex 78.59196400083135 60.73675276928369 -5.0000000000000036
    vertex 77.36 54.5 -5.000000000000004
    vertex 78.68599837178147 60.488804510751855 -5.0000000000000036
  endloop
endfacet
facet normal -4.464906843418342e-16 -5.421378438306507e-17 1
  outer loop
    vertex 78.56 61 -5.0000000000000036
    vertex 77.36 54.5 -5.000000000000004
    vertex 78.59196400083135 60.73675276928369 -5.0000000000000036
  endloop
endfacet
facet normal -1.892222149176701e-15 -2.132617483487995e-16 1
  outer loop
    vertex 81.84899070169604 64.68614735757308 -5
    vertex 80.28487122140427 61.905282252483026 -5.0000000000000036
    vertex 82.12537077164733 62.23389094496276 -5
  endloop
endfacet
facet normal 3.669530270739791e-29 -1.3695004456108657e-15 1
  outer loop
    vertex 81.84899070169604 64.68614735757308 -5
    vertex 79.52740965171915 62.09197976150786 -5.0000000000000036
    vertex 79.79259034828085 62.091979761507865 -5.0000000000000036
  endloop
endfacet
facet normal -2.8237932396058823e-16 -1.1456579527547582e-15 1
  outer loop
    vertex 81.84899070169604 64.68614735757308 -5
    vertex 79.79259034828085 62.091979761507865 -5.0000000000000036
    vertex 80.05006537574678 62.02851786695396 -5.0000000000000036
  endloop
endfacet
facet normal -5.176909307023327e-16 -9.86377657908647e-16 1
  outer loop
    vertex 81.84899070169604 64.68614735757308 -5
    vertex 80.05006537574678 62.02851786695396 -5.0000000000000036
    vertex 80.28487122140427 61.905282252483026 -5.0000000000000036
  endloop
endfacet
facet normal -1.1545090383019928e-15 -2.63584605774294e-16 1
  outer loop
    vertex 77.36 67.5 -5.000000000000004
    vertex 81.84899070169604 64.68614735757308 -5
    vertex 81.29970812399158 67.09202268810978 -5
  endloop
endfacet
facet normal -1.1696075007040857e-15 -4.093856914025894e-16 1
  outer loop
    vertex 77.36 67.5 -5.000000000000004
    vertex 81.29970812399158 67.09202268810978 -5
    vertex 80.48443440637872 69.42124492345454 -5
  endloop
endfacet
facet normal -4.464906843418388e-16 5.421378438306417e-17 1
  outer loop
    vertex 77.36 67.5 -5.000000000000004
    vertex 78.56 61 -5.0000000000000036
    vertex 78.59196400083135 61.26324723071632 -5.0000000000000036
  endloop
endfacet
facet normal -2.469046752740883e-16 9.363859202528044e-17 1
  outer loop
    vertex 77.36 67.5 -5.000000000000004
    vertex 78.59196400083135 61.26324723071632 -5.0000000000000036
    vertex 78.68599837178147 61.511195489248145 -5.0000000000000036
  endloop
endfacet
facet normal -1.1837105380552953e-15 -3.1017029362861404e-16 1
  outer loop
    vertex 77.36 67.5 -5.000000000000004
    vertex 79.52740965171915 62.09197976150786 -5.0000000000000036
    vertex 81.84899070169604 64.68614735757308 -5
  endloop
endfacet
facet normal -1.6267684360627732e-16 1.1228771764787993e-16 1
  outer loop
    vertex 77.36 67.5 -5.000000000000004
    vertex 78.68599837178147 61.511195489248145 -5.0000000000000036
    vertex 78.83663817701179 61.729434924064876 -5.0000000000000036
  endloop
endfacet
facet normal -1.111576418296889e-16 1.2547104011134849e-16 1
  outer loop
    vertex 77.36 67.5 -5.000000000000004
    vertex 78.83663817701179 61.729434924064876 -5.0000000000000036
    vertex 79.03512877859573 61.905282252483026 -5.0000000000000036
  endloop
endfacet
facet normal -7.200489469197191e-17 1.371938644701967e-16 1
  outer loop
    vertex 77.36 67.5 -5.000000000000004
    vertex 79.03512877859573 61.905282252483026 -5.0000000000000036
    vertex 79.26993462425321 62.028517866953955 -5.0000000000000036
  endloop
endfacet
facet normal -3.6840714171847596e-17 1.4946865295999957e-16 1
  outer loop
    vertex 77.36 67.5 -5.000000000000004
    vertex 79.26993462425321 62.028517866953955 -5.0000000000000036
    vertex 79.52740965171915 62.09197976150786 -5.0000000000000036
  endloop
endfacet
facet normal -1.0965297655203989e-15 -5.282287328913331e-16 1
  outer loop
    vertex 79.4134277598135 71.6445065408239 -5
    vertex 77.36 67.5 -5.000000000000004
    vertex 80.48443440637872 69.42124492345454 -5
  endloop
endfacet
facet normal 0 2.9605947323337526e-16 1
  outer loop
    vertex 21.5 15.999999999999993 -5.000000000000004
    vertex 12 1 -5
    vertex 42 1 -5
  endloop
endfacet
facet normal 0 2.9605947323337526e-16 1
  outer loop
    vertex 21.5 15.999999999999993 -5.000000000000004
    vertex 42 1 -5
    vertex 32.5 15.999999999999993 -5.000000000000004
  endloop
endfacet
facet normal -9.532897035994633e-16 -5.991981273339782e-16 1
  outer loop
    vertex 78.10016416405394 73.73383327073174 -5
    vertex 77.36 67.5 -5.000000000000004
    vertex 79.4134277598135 71.6445065408239 -5
  endloop
endfacet
facet normal -7.772791720603679e-16 -6.200964546204941e-16 1
  outer loop
    vertex 76.5611678056587 75.662936084244 -5
    vertex 77.36 67.5 -5.000000000000004
    vertex 78.10016416405394 73.73383327073174 -5
  endloop
endfacet
facet normal 2.0886577540386153e-16 2.615759098163055e-16 1
  outer loop
    vertex 54.36 54.5 -5.000000000000004
    vertex 45.4899337656059 44.60520946524506 -5
    vertex 47.41836721218553 43.06537444214429 -5
  endloop
endfacet
facet normal 1.7681583202125663e-16 2.8103251000899326e-16 1
  outer loop
    vertex 54.36 54.5 -5.000000000000004
    vertex 47.41836721218553 43.06537444214429 -5
    vertex 49.50712271286574 41.751202491966964 -5
  endloop
endfacet
facet normal 1.4193498925972724e-16 2.9431003280962365e-16 1
  outer loop
    vertex 54.36 54.5 -5.000000000000004
    vertex 49.50712271286574 41.751202491966964 -5
    vertex 51.72991842622482 40.67922923067394 -5
  endloop
endfacet
facet normal 1.0558273263732824e-16 3.012278380394097e-16 1
  outer loop
    vertex 54.36 54.5 -5.000000000000004
    vertex 51.72991842622482 40.67922923067394 -5
    vertex 54.058785945030664 39.86294280048794 -5
  endloop
endfacet
facet normal 6.908262872571932e-17 3.019789688272558e-16 1
  outer loop
    vertex 54.36 54.5 -5.000000000000004
    vertex 54.058785945030664 39.86294280048794 -5
    vertex 56.46442220973347 39.31261415485747 -5
  endloop
endfacet
facet normal 3.3611224360222177e-17 2.970639155114105e-16 1
  outer loop
    vertex 54.36 54.5 -5.000000000000004
    vertex 56.46442220973347 39.31261415485747 -5
    vertex 58.916558215269376 39.03516782381468 -5
  endloop
endfacet
facet normal 1.248788867625381e-19 2.871974985449591e-16 0.9999999999999999
  outer loop
    vertex 54.36 54.5 -5.000000000000004
    vertex 58.916558215269376 39.03516782381468 -5
    vertex 61.38433987190844 39.03409478582648 -5
  endloop
endfacet
facet normal -3.067169427486343e-17 2.73210241169354e-16 1
  outer loop
    vertex 54.36 54.5 -5.000000000000004
    vertex 61.38433987190844 39.03409478582648 -5
    vertex 63.83671622795137 39.30940854243207 -5
  endloop
endfacet
facet normal -5.832108132889113e-17 2.5596105138502403e-16 1
  outer loop
    vertex 54.36 54.5 -5.000000000000004
    vertex 63.83671622795137 39.30940854243207 -5
    vertex 66.2428301694493 39.857644948359294 -5
  endloop
endfacet
facet normal -8.258409656539856e-17 2.362706881587974e-16 1
  outer loop
    vertex 54.36 54.5 -5.000000000000004
    vertex 66.2428301694493 39.857644948359294 -5
    vertex 68.57240668095288 40.67190579925754 -5
  endloop
endfacet
facet normal -1.0339782782055328e-16 2.1487849854452422e-16 1
  outer loop
    vertex 54.36 54.5 -5.000000000000004
    vertex 68.57240668095288 40.67190579925754 -5
    vertex 70.79613378198611 41.74194562860272 -5
  endloop
endfacet
facet normal -1.2083052232083225e-16 1.9242005067731207e-16 1
  outer loop
    vertex 54.36 54.5 -5.000000000000004
    vertex 70.79613378198611 41.74194562860272 -5
    vertex 72.88603134609787 43.05430062164936 -5
  endloop
endfacet
facet normal 0 3.8799656986452953e-16 1
  outer loop
    vertex 54.36 54.5 -5.000000000000004
    vertex 72.88603134609787 43.05430062164936 -5
    vertex 77.36 54.5 -5.000000000000004
  endloop
endfacet
facet normal -6.027552409884891e-16 -6.030173873113286e-16 1
  outer loop
    vertex 74.8158031618137 77.40754197563338 -5
    vertex 77.36 67.5 -5.000000000000004
    vertex 76.5611678056587 75.662936084244 -5
  endloop
endfacet
facet normal 2.3682284977497915e-16 2.365141259896874e-16 1
  outer loop
    vertex 43.74608695652056 46.351332531554434 -5
    vertex 45.4899337656059 44.60520946524506 -5
    vertex 54.36 54.5 -5.000000000000004
  endloop
endfacet
facet normal -8.937199458592425e-15 1.2185986284107687e-14 1
  outer loop
    vertex 43.565359953551436 46.51032831249 -5.0000000000000036
    vertex 43.74608695652056 46.351332531554434 -5
    vertex 54.36 54.5 -5.000000000000004
  endloop
endfacet
facet normal 3.398676041929244e-17 6.524718349114591e-17 1
  outer loop
    vertex 43.35187491619071 46.62153104078658 -5.0000000000000036
    vertex 43.565359953551436 46.51032831249 -5.0000000000000036
    vertex 54.36 54.5 -5.000000000000004
  endloop
endfacet
facet normal -4.492191873883779e-16 -5.635902576481174e-16 0.9999999999999999
  outer loop
    vertex 72.88603134609959 78.94569937834942 -5
    vertex 77.36 67.5 -5.000000000000004
    vertex 74.8158031618137 77.40754197563338 -5
  endloop
endfacet
facet normal 1.1115764182968857e-16 -1.254710401113487e-16 0.9999999999999999
  outer loop
    vertex 52.68487122140427 60.09471774751698 -5.0000000000000036
    vertex 54.36 54.5 -5.000000000000004
    vertex 52.883361822988206 60.270565075935124 -5.0000000000000036
  endloop
endfacet
facet normal 1.6267684360627717e-16 -1.1228771764787983e-16 1
  outer loop
    vertex 53.03400162821853 60.488804510751855 -5.0000000000000036
    vertex 52.883361822988206 60.270565075935124 -5.0000000000000036
    vertex 54.36 54.5 -5.000000000000004
  endloop
endfacet
facet normal 7.200489469197357e-17 -1.371938644701961e-16 1
  outer loop
    vertex 52.45006537574679 59.971482133046045 -5.0000000000000036
    vertex 54.36 54.5 -5.000000000000004
    vertex 52.68487122140427 60.09471774751698 -5.0000000000000036
  endloop
endfacet
facet normal 2.469046752740693e-16 -9.363859202528468e-17 0.9999999999999999
  outer loop
    vertex 53.12803599916866 60.73675276928369 -5.0000000000000036
    vertex 53.03400162821853 60.488804510751855 -5.0000000000000036
    vertex 54.36 54.5 -5.000000000000004
  endloop
endfacet
facet normal 3.684071417184947e-17 -1.494686529599989e-16 0.9999999999999999
  outer loop
    vertex 52.19259034828086 59.90802023849214 -5.0000000000000036
    vertex 54.36 54.5 -5.000000000000004
    vertex 52.45006537574679 59.971482133046045 -5.0000000000000036
  endloop
endfacet
facet normal 1.102457731587687e-14 2.0353065813926576e-15 1
  outer loop
    vertex 53.16 61 -5.000000000000004
    vertex 53.12803599916866 60.73675276928369 -5.0000000000000036
    vertex 54.36 54.5 -5.000000000000004
  endloop
endfacet
facet normal 0 -1.6423356062509228e-16 1
  outer loop
    vertex 51.927409651719145 59.90802023849214 -5.0000000000000036
    vertex 54.36 54.5 -5.000000000000004
    vertex 52.19259034828086 59.90802023849214 -5.0000000000000036
  endloop
endfacet
facet normal -4.5527508511611044e-17 -1.8471236301535454e-16 1
  outer loop
    vertex 51.66993462425321 59.971482133046045 -5.0000000000000036
    vertex 54.36 54.5 -5.000000000000004
    vertex 51.927409651719145 59.90802023849214 -5.0000000000000036
  endloop
endfacet
facet normal 1.4139751966994646e-16 -8.483160457025605e-17 1
  outer loop
    vertex 51.435128778595725 60.09471774751698 -5.0000000000000036
    vertex 43.35187491619071 46.62153104078658 -5.0000000000000036
    vertex 54.36 54.5 -5.000000000000004
  endloop
endfacet
facet normal -1.148263140859909e-16 -2.187832624395415e-16 1
  outer loop
    vertex 51.435128778595725 60.09471774751698 -5.0000000000000036
    vertex 54.36 54.5 -5.000000000000004
    vertex 51.66993462425321 59.971482133046045 -5.0000000000000036
  endloop
endfacet
facet normal 0 0 1
  outer loop
    vertex 51.236638177011784 60.270565075935124 -5.0000000000000036
    vertex 43.118001574823424 46.67849741819656 -5.0000000000000036
    vertex 43.35187491619071 46.62153104078658 -5.0000000000000036
  endloop
endfacet
facet normal 0 0 1
  outer loop
    vertex 51.236638177011784 60.270565075935124 -5.0000000000000036
    vertex 43.35187491619071 46.62153104078658 -5.0000000000000036
    vertex 51.435128778595725 60.09471774751698 -5.0000000000000036
  endloop
endfacet
facet normal 0 0 1
  outer loop
    vertex 51.08599837178147 60.488804510751855 -5.0000000000000036
    vertex 42.87729099706881 46.67792670412338 -5.0000000000000036
    vertex 43.118001574823424 46.67849741819656 -5.0000000000000036
  endloop
endfacet
facet normal 0 0 1
  outer loop
    vertex 51.08599837178147 60.488804510751855 -5.0000000000000036
    vertex 43.118001574823424 46.67849741819656 -5.0000000000000036
    vertex 51.236638177011784 60.270565075935124 -5.0000000000000036
  endloop
endfacet
facet normal 0 0 0.9999999999999999
  outer loop
    vertex 50.991964000831345 60.73675276928369 -5.0000000000000036
    vertex 42.87729099706881 46.67792670412338 -5.0000000000000036
    vertex 51.08599837178147 60.488804510751855 -5.0000000000000036
  endloop
endfacet
facet normal 0 0 1
  outer loop
    vertex 50.991964000831345 60.73675276928369 -5.0000000000000036
    vertex 42.643690413067525 46.619851966829344 -5.0000000000000036
    vertex 42.87729099706881 46.67792670412338 -5.0000000000000036
  endloop
endfacet
facet normal 0 0 1
  outer loop
    vertex 50.959999999999994 61 -5.0000000000000036
    vertex 42.43073508635659 46.50763816739741 -5.0000000000000036
    vertex 42.643690413067525 46.619851966829344 -5.0000000000000036
  endloop
endfacet
facet normal 0 0 1
  outer loop
    vertex 50.959999999999994 61 -5.0000000000000036
    vertex 42.643690413067525 46.619851966829344 -5.0000000000000036
    vertex 50.991964000831345 60.73675276928369 -5.0000000000000036
  endloop
endfacet
facet normal -1.1482631408598198e-16 2.1878326243953715e-16 1
  outer loop
    vertex 54.36 67.5 -5.000000000000004
    vertex 51.435128778595725 61.905282252483026 -5.0000000000000036
    vertex 51.66993462425321 62.028517866953955 -5.0000000000000036
  endloop
endfacet
facet normal -4.552750851161099e-17 1.8471236301535434e-16 1
  outer loop
    vertex 54.36 67.5 -5.000000000000004
    vertex 51.66993462425321 62.028517866953955 -5.0000000000000036
    vertex 51.927409651719145 62.09197976150786 -5.0000000000000036
  endloop
endfacet
facet normal -4.400582884924358e-30 1.6423356062509423e-16 0.9999999999999999
  outer loop
    vertex 54.36 67.5 -5.000000000000004
    vertex 51.927409651719145 62.09197976150786 -5.0000000000000036
    vertex 52.19259034828085 62.091979761507865 -5.0000000000000036
  endloop
endfacet
facet normal 3.684071417184854e-17 1.4946865295999928e-16 1
  outer loop
    vertex 54.36 67.5 -5.000000000000004
    vertex 52.19259034828085 62.091979761507865 -5.0000000000000036
    vertex 52.45006537574679 62.02851786695396 -5.0000000000000036
  endloop
endfacet
facet normal 7.200489469197546e-17 1.3719386447019555e-16 1
  outer loop
    vertex 54.36 67.5 -5.000000000000004
    vertex 52.45006537574679 62.02851786695396 -5.0000000000000036
    vertex 52.684871221404265 61.905282252483026 -5.0000000000000036
  endloop
endfacet
facet normal 1.111576418296854e-16 1.254710401113496e-16 1
  outer loop
    vertex 54.36 67.5 -5.000000000000004
    vertex 52.684871221404265 61.905282252483026 -5.0000000000000036
    vertex 52.883361822988206 61.72943492406488 -5.0000000000000036
  endloop
endfacet
facet normal 1.626768436062772e-16 1.1228771764787985e-16 1
  outer loop
    vertex 54.36 67.5 -5.000000000000004
    vertex 52.883361822988206 61.72943492406488 -5.0000000000000036
    vertex 53.03400162821853 61.51119548924815 -5.0000000000000036
  endloop
endfacet
facet normal 2.469046752740696e-16 9.363859202528479e-17 1
  outer loop
    vertex 54.36 67.5 -5.000000000000004
    vertex 53.03400162821853 61.51119548924815 -5.0000000000000036
    vertex 53.12803599916866 61.26324723071632 -5.0000000000000036
  endloop
endfacet
facet normal 1.1024577315876687e-14 -2.035306581392624e-15 1
  outer loop
    vertex 54.36 67.5 -5.000000000000004
    vertex 53.12803599916866 61.26324723071632 -5.0000000000000036
    vertex 53.16 61 -5.000000000000004
  endloop
endfacet
facet normal -1.2083052232084536e-16 -1.9242005067729334e-16 1
  outer loop
    vertex 54.36 67.5 -5.000000000000004
    vertex 72.88603134609959 78.94569937834942 -5
    vertex 70.79613378198795 80.25805437139626 -5
  endloop
endfacet
facet normal -1.033978278205702e-16 -2.1487849854450445e-16 1
  outer loop
    vertex 54.36 67.5 -5.000000000000004
    vertex 70.79613378198795 80.25805437139626 -5
    vertex 68.57240668095483 81.32809420074166 -5
  endloop
endfacet
facet normal 0 -3.87996569864571e-16 1
  outer loop
    vertex 54.36 67.5 -5.000000000000004
    vertex 77.36 67.5 -5.000000000000004
    vertex 72.88603134609959 78.94569937834942 -5
  endloop
endfacet
facet normal -8.258409656541752e-17 -2.3627068815878007e-16 1
  outer loop
    vertex 66.24283016945132 82.14235505164012 -5
    vertex 54.36 67.5 -5.000000000000004
    vertex 68.57240668095483 81.32809420074166 -5
  endloop
endfacet
facet normal -5.83210813289131e-17 -2.5596105138500825e-16 1
  outer loop
    vertex 63.836716227953445 82.69059145756758 -5
    vertex 54.36 67.5 -5.000000000000004
    vertex 66.24283016945132 82.14235505164012 -5
  endloop
endfacet
facet normal -3.067169427488907e-17 -2.7321024116934027e-16 1
  outer loop
    vertex 61.384339871910534 82.9659052141734 -5
    vertex 54.36 67.5 -5.000000000000004
    vertex 63.836716227953445 82.69059145756758 -5
  endloop
endfacet
facet normal 1.2487888673541093e-19 -2.8719749854494874e-16 1
  outer loop
    vertex 58.91655821527148 82.96483217618544 -5
    vertex 54.36 67.5 -5.000000000000004
    vertex 61.384339871910534 82.9659052141734 -5
  endloop
endfacet
facet normal 3.3611224360192484e-17 -2.9706391551140405e-16 1
  outer loop
    vertex 56.464422209735545 82.68738584514288 -5
    vertex 54.36 67.5 -5.000000000000004
    vertex 58.91655821527148 82.96483217618544 -5
  endloop
endfacet
facet normal 6.908262872568829e-17 -3.0197896882725386e-16 1
  outer loop
    vertex 54.05878594503267 82.13705719951264 -5
    vertex 54.36 67.5 -5.000000000000004
    vertex 56.464422209735545 82.68738584514288 -5
  endloop
endfacet
facet normal 1.0558273263729907e-16 -3.0122783803941274e-16 1
  outer loop
    vertex 51.729918426226725 81.32077076932684 -5
    vertex 54.36 67.5 -5.000000000000004
    vertex 54.05878594503267 82.13705719951264 -5
  endloop
endfacet
facet normal 1.4193498925969561e-16 -2.943100328096326e-16 1
  outer loop
    vertex 49.50712271286752 80.24879750803403 -5
    vertex 54.36 67.5 -5.000000000000004
    vertex 51.729918426226725 81.32077076932684 -5
  endloop
endfacet
facet normal 1.768158320212288e-16 -2.810325100090067e-16 1
  outer loop
    vertex 47.41836721218718 78.93462555785689 -5
    vertex 54.36 67.5 -5.000000000000004
    vertex 49.50712271286752 80.24879750803403 -5
  endloop
endfacet
facet normal 2.3682284977495923e-16 -2.3651412598970895e-16 1
  outer loop
    vertex 45.48993376560739 77.39479053475628 -5
    vertex 43.74608695652175 75.64866746844692 -5
    vertex 54.36 67.5 -5.000000000000004
  endloop
endfacet
facet normal 2.0886577540383693e-16 -2.6157590981632365e-16 1
  outer loop
    vertex 45.48993376560739 77.39479053475628 -5
    vertex 54.36 67.5 -5.000000000000004
    vertex 47.41836721218718 78.93462555785689 -5
  endloop
endfacet
facet normal -8.937199458593954e-15 -1.218598628410635e-14 1
  outer loop
    vertex 43.56535995355264 75.48967168751135 -5.0000000000000036
    vertex 54.36 67.5 -5.000000000000004
    vertex 43.74608695652175 75.64866746844692 -5
  endloop
endfacet
facet normal 0 0 1
  outer loop
    vertex 43.35187491619191 75.37846895921479 -5.0000000000000036
    vertex 51.236638177011784 61.729434924064876 -5.0000000000000036
    vertex 51.435128778595725 61.905282252483026 -5.0000000000000036
  endloop
endfacet
facet normal 1.413975196699654e-16 8.483160457024628e-17 1
  outer loop
    vertex 43.35187491619191 75.37846895921479 -5.0000000000000036
    vertex 51.435128778595725 61.905282252483026 -5.0000000000000036
    vertex 54.36 67.5 -5.000000000000004
  endloop
endfacet
facet normal 3.398676041928808e-17 -6.524718349114586e-17 0.9999999999999999
  outer loop
    vertex 43.35187491619191 75.37846895921479 -5.0000000000000036
    vertex 54.36 67.5 -5.000000000000004
    vertex 43.56535995355264 75.48967168751135 -5.0000000000000036
  endloop
endfacet
facet normal 0 0 0.9999999999999999
  outer loop
    vertex 43.11800157482463 75.32150258180482 -5.0000000000000036
    vertex 51.08599837178147 61.511195489248145 -5.0000000000000036
    vertex 51.236638177011784 61.729434924064876 -5.0000000000000036
  endloop
endfacet
facet normal 0 0 1
  outer loop
    vertex 43.11800157482463 75.32150258180482 -5.0000000000000036
    vertex 51.236638177011784 61.729434924064876 -5.0000000000000036
    vertex 43.35187491619191 75.37846895921479 -5.0000000000000036
  endloop
endfacet
facet normal 0 0 1
  outer loop
    vertex 42.87729099707003 75.322073295878 -5.0000000000000036
    vertex 50.991964000831345 61.26324723071632 -5.0000000000000036
    vertex 51.08599837178147 61.511195489248145 -5.0000000000000036
  endloop
endfacet
facet normal 0 0 0.9999999999999999
  outer loop
    vertex 42.87729099707003 75.322073295878 -5.0000000000000036
    vertex 51.08599837178147 61.511195489248145 -5.0000000000000036
    vertex 43.11800157482463 75.32150258180482 -5.0000000000000036
  endloop
endfacet
facet normal 0 0 0.9999999999999999
  outer loop
    vertex 42.64369041306875 75.38014803317203 -5.0000000000000036
    vertex 50.959999999999994 61 -5.0000000000000036
    vertex 50.991964000831345 61.26324723071632 -5.0000000000000036
  endloop
endfacet
facet normal 0 0 1
  outer loop
    vertex 42.64369041306875 75.38014803317203 -5.0000000000000036
    vertex 50.991964000831345 61.26324723071632 -5.0000000000000036
    vertex 42.87729099707003 75.322073295878 -5.0000000000000036
  endloop
endfacet
facet normal 0 0 1
  outer loop
    vertex 42.430735086357814 75.49236183260396 -5.0000000000000036
    vertex 42.25076405487535 46.34778718746581 -5.0000000000000036
    vertex 42.43073508635659 46.50763816739741 -5.0000000000000036
  endloop
endfacet
facet normal 0 0 1
  outer loop
    vertex 42.430735086357814 75.49236183260396 -5.0000000000000036
    vertex 50.959999999999994 61 -5.0000000000000036
    vertex 42.64369041306875 75.38014803317203 -5.0000000000000036
  endloop
endfacet
facet normal 0 0 0.9999999999999999
  outer loop
    vertex 42.430735086357814 75.49236183260396 -5.0000000000000036
    vertex 42.43073508635659 46.50763816739741 -5.0000000000000036
    vertex 50.959999999999994 61 -5.0000000000000036
  endloop
endfacet
facet normal 0 0 1
  outer loop
    vertex 42.25076405487658 75.65221281253555 -5.0000000000000036
    vertex 42.25076405487535 46.34778718746581 -5.0000000000000036
    vertex 42.430735086357814 75.49236183260396 -5.0000000000000036
  endloop
endfacet
facet normal 0 0 1
  outer loop
    vertex 42.11420518356614 75.8504389022007 -5.0000000000000036
    vertex 42.114205183564906 46.14956109780068 -5.0000000000000036
    vertex 42.25076405487535 46.34778718746581 -5.0000000000000036
  endloop
endfacet
facet normal 0 0 1
  outer loop
    vertex 42.11420518356614 75.8504389022007 -5.0000000000000036
    vertex 42.25076405487535 46.34778718746581 -5.0000000000000036
    vertex 42.25076405487658 75.65221281253555 -5.0000000000000036
  endloop
endfacet
facet normal 0 0 1
  outer loop
    vertex 42.02897095397876 76.0755545037572 -5.0000000000000036
    vertex 42.02897095397752 45.92444549624415 -5.0000000000000036
    vertex 42.114205183564906 46.14956109780068 -5.0000000000000036
  endloop
endfacet
facet normal 0 0 1
  outer loop
    vertex 42.02897095397876 76.0755545037572 -5.0000000000000036
    vertex 42.114205183564906 46.14956109780068 -5.0000000000000036
    vertex 42.11420518356614 75.8504389022007 -5.0000000000000036
  endloop
endfacet
facet normal 0 -2.9605947323337506e-16 1
  outer loop
    vertex 32.5 121 -5
    vertex 32.5 106 -5.000000000000004
    vertex 42 121 -5
  endloop
endfacet
facet normal 0 -2.9605947323337506e-16 1
  outer loop
    vertex 12 121 -5
    vertex 21.5 106 -5.000000000000004
    vertex 21.5 121 -5
  endloop
endfacet
facet normal 4.674623261579606e-16 0 1
  outer loop
    vertex 12 121 -5
    vertex 21.5 15.999999999999993 -5.000000000000004
    vertex 21.5 106 -5.000000000000004
  endloop
endfacet
facet normal 4.674623261579606e-16 0 1
  outer loop
    vertex 12 121 -5
    vertex 12 1 -5
    vertex 21.5 15.999999999999993 -5.000000000000004
  endloop
endfacet
facet normal -4.674623261579809e-16 -1.2859274184633654e-29 1
  outer loop
    vertex 41.99999999999877 45.68548401026142 -5
    vertex 32.5 15.999999999999993 -5.000000000000004
    vertex 42 1 -5
  endloop
endfacet
facet normal -4.674623261580212e-16 0 1
  outer loop
    vertex 32.5 15.999999999999993 -5.000000000000004
    vertex 41.99999999999877 45.68548401026142 -5
    vertex 32.5 106 -5.000000000000004
  endloop
endfacet
facet normal 5.307251645013828e-14 8.432958302463757e-15 1
  outer loop
    vertex 41.99999999999877 45.68548401026142 -5
    vertex 42.02897095397752 45.92444549624415 -5.0000000000000036
    vertex 32.5 106 -5.000000000000004
  endloop
endfacet
facet normal -9.320821985811155e-17 3.821997291019945e-30 1
  outer loop
    vertex 42.02897095397752 45.92444549624415 -5.0000000000000036
    vertex 42.02897095397876 76.0755545037572 -5.0000000000000036
    vertex 32.5 106 -5.000000000000004
  endloop
endfacet
facet normal -7.554352062463586e-14 -2.40259701876187e-14 1
  outer loop
    vertex 42.02897095397876 76.0755545037572 -5.0000000000000036
    vertex 42 76.31451598973993 -5
    vertex 32.5 106 -5.000000000000004
  endloop
endfacet
facet normal -4.674623261579607e-16 0 1
  outer loop
    vertex 42 121 -5
    vertex 32.5 106 -5.000000000000004
    vertex 42 76.31451598973993 -5
  endloop
endfacet
facet normal 0 0 0.9999999999999999
  outer loop
    vertex 54.36 67.5 -5.000000000000004
    vertex 53.16 61 -5.000000000000004
    vertex 54.36 54.5 -5.000000000000004
  endloop
endfacet
facet normal -7.401486830834359e-16 0 0.9999999999999999
  outer loop
    vertex 77.36 54.5 -5.000000000000004
    vertex 78.56 61 -5.0000000000000036
    vertex 77.36 67.5 -5.000000000000004
  endloop
endfacet
facet normal -1 0 0
  outer loop
    vertex 32.5 121 -10
    vertex 32.5 106 -10
    vertex 32.5 106 -5.000000000000004
  endloop
endfacet
facet normal -1 0 0
  outer loop
    vertex 32.5 121 -10
    vertex 32.5 106 -5.000000000000004
    vertex 32.5 121 -5
  endloop
endfacet
facet normal -0.08715574274765767 -0.9961946980917455 0
  outer loop
    vertex 7.610814578664556 1.121537975902335 0
    vertex 7.610814578664556 1.121537975902335 -10
    vertex 9 1 -10
  endloop
endfacet
facet normal -0.08715574274765767 -0.9961946980917455 0
  outer loop
    vertex 7.610814578664556 1.121537975902335 0
    vertex 9 1 -10
    vertex 9 1 0
  endloop
endfacet
facet normal -0.2588190451025233 -0.9659258262890675 0
  outer loop
    vertex 6.263838853394649 1.4824590337127361 0
    vertex 6.263838853394649 1.4824590337127361 -10
    vertex 7.610814578664556 1.121537975902335 -10
  endloop
endfacet
facet normal -0.2588190451025233 -0.9659258262890675 0
  outer loop
    vertex 6.263838853394649 1.4824590337127361 0
    vertex 7.610814578664556 1.121537975902335 -10
    vertex 7.610814578664556 1.121537975902335 0
  endloop
endfacet
facet normal -0.42261826174069916 -0.9063077870366502 0
  outer loop
    vertex 5 2.071796769724493 0
    vertex 5 2.071796769724493 -10
    vertex 6.263838853394649 1.4824590337127361 -10
  endloop
endfacet
facet normal -0.42261826174069916 -0.9063077870366502 0
  outer loop
    vertex 5 2.071796769724493 0
    vertex 6.263838853394649 1.4824590337127361 -10
    vertex 6.263838853394649 1.4824590337127361 0
  endloop
endfacet
facet normal -0.5735764363510446 -0.8191520442889929 0
  outer loop
    vertex 3.8576991225076824 2.871644455048177 0
    vertex 3.8576991225076824 2.871644455048177 -10
    vertex 5 2.071796769724493 -10
  endloop
endfacet
facet normal -0.5735764363510446 -0.8191520442889929 0
  outer loop
    vertex 3.8576991225076824 2.871644455048177 0
    vertex 5 2.071796769724493 -10
    vertex 5 2.071796769724493 0
  endloop
endfacet
facet normal -0.7071067811865499 -0.7071067811865449 0
  outer loop
    vertex 2.871644455048177 3.8576991225076895 0
    vertex 2.871644455048177 3.8576991225076895 -10
    vertex 3.8576991225076824 2.871644455048177 -10
  endloop
endfacet
facet normal -0.7071067811865499 -0.7071067811865449 0
  outer loop
    vertex 2.871644455048177 3.8576991225076895 0
    vertex 3.8576991225076824 2.871644455048177 -10
    vertex 3.8576991225076824 2.871644455048177 0
  endloop
endfacet
facet normal -0.81915204428899 -0.5735764363510487 0
  outer loop
    vertex 2.0717967697244895 5 0
    vertex 2.0717967697244895 5 -10
    vertex 2.871644455048177 3.8576991225076895 -10
  endloop
endfacet
facet normal -0.81915204428899 -0.5735764363510487 0
  outer loop
    vertex 2.0717967697244895 5 0
    vertex 2.871644455048177 3.8576991225076895 -10
    vertex 2.871644455048177 3.8576991225076895 0
  endloop
endfacet
facet normal -0.9063077870366506 -0.42261826174069816 0
  outer loop
    vertex 1.4824590337127326 6.2638388533946525 0
    vertex 1.4824590337127326 6.2638388533946525 -10
    vertex 2.0717967697244895 5 -10
  endloop
endfacet
facet normal -0.9063077870366506 -0.42261826174069816 0
  outer loop
    vertex 1.4824590337127326 6.2638388533946525 0
    vertex 2.0717967697244895 5 -10
    vertex 2.0717967697244895 5 0
  endloop
endfacet
facet normal -0.9659258262890682 -0.25881904510252096 0
  outer loop
    vertex 1.121537975902335 7.610814578664559 0
    vertex 1.121537975902335 7.610814578664559 -10
    vertex 1.4824590337127326 6.2638388533946525 -10
  endloop
endfacet
facet normal -0.9659258262890682 -0.25881904510252096 0
  outer loop
    vertex 1.121537975902335 7.610814578664559 0
    vertex 1.4824590337127326 6.2638388533946525 -10
    vertex 1.4824590337127326 6.2638388533946525 0
  endloop
endfacet
facet normal -0.9961946980917454 -0.08715574274765789 0
  outer loop
    vertex 1 9 0
    vertex 1 9 -10
    vertex 1.121537975902335 7.610814578664559 -10
  endloop
endfacet
facet normal -0.9961946980917454 -0.08715574274765789 0
  outer loop
    vertex 1 9 0
    vertex 1.121537975902335 7.610814578664559 -10
    vertex 1.121537975902335 7.610814578664559 0
  endloop
endfacet
facet normal 0 0 1
  outer loop
    vertex 7.692935968135423 9.27173388162332 0
    vertex 9 1 0
    vertex 12 1 0
  endloop
endfacet
facet normal 0 0 1
  outer loop
    vertex 7.692935968135423 9.27173388162332 0
    vertex 12 1 0
    vertex 8.071872571159307 9.607442417694323 0
  endloop
endfacet
facet normal 0 0 1
  outer loop
    vertex 8.359457653871736 10.02408133870808 0
    vertex 8.071872571159307 9.607442417694323 0
    vertex 12 1 0
  endloop
endfacet
facet normal 0 0 1
  outer loop
    vertex 7.24467026278932 9.036465890360624 0
    vertex 7.610814578664556 1.121537975902335 0
    vertex 9 1 0
  endloop
endfacet
facet normal 0 0 1
  outer loop
    vertex 7.24467026278932 9.036465890360624 0
    vertex 6.263838853394649 1.4824590337127361 0
    vertex 7.610814578664556 1.121537975902335 0
  endloop
endfacet
facet normal 0 0 1
  outer loop
    vertex 7.24467026278932 9.036465890360624 0
    vertex 9 1 0
    vertex 7.692935968135423 9.27173388162332 0
  endloop
endfacet
facet normal 0 0 1
  outer loop
    vertex 8.53897781659471 10.497437104996123 0
    vertex 8.359457653871736 10.02408133870808 0
    vertex 12 1 0
  endloop
endfacet
facet normal 0 0 1
  outer loop
    vertex 6.7531270285361735 8.915311364394086 0
    vertex 5 2.071796769724493 0
    vertex 6.263838853394649 1.4824590337127361 0
  endloop
endfacet
facet normal 0 0 1
  outer loop
    vertex 6.7531270285361735 8.915311364394086 0
    vertex 6.263838853394649 1.4824590337127361 0
    vertex 7.24467026278932 9.036465890360624 0
  endloop
endfacet
facet normal 0 0 1
  outer loop
    vertex 8.600000000000001 11 0
    vertex 8.53897781659471 10.497437104996123 0
    vertex 12 1 0
  endloop
endfacet
facet normal 0 0 1
  outer loop
    vertex 6.246872971463816 8.915311364394086 0
    vertex 3.8576991225076824 2.871644455048177 0
    vertex 5 2.071796769724493 0
  endloop
endfacet
facet normal 0 0 1
  outer loop
    vertex 6.246872971463816 8.915311364394086 0
    vertex 2.871644455048177 3.8576991225076895 0
    vertex 3.8576991225076824 2.871644455048177 0
  endloop
endfacet
facet normal 0 0 1
  outer loop
    vertex 6.246872971463816 8.915311364394086 0
    vertex 5 2.071796769724493 0
    vertex 6.7531270285361735 8.915311364394086 0
  endloop
endfacet
facet normal 0 0 1
  outer loop
    vertex 8.53897781659471 11.50256289500387 0
    vertex 8.600000000000001 11 0
    vertex 12 1 0
  endloop
endfacet
facet normal 0 0 1
  outer loop
    vertex 5.755329737210673 9.036465890360631 0
    vertex 2.0717967697244895 5 0
    vertex 2.871644455048177 3.8576991225076895 0
  endloop
endfacet
facet normal 0 0 0.9999999999999999
  outer loop
    vertex 5.755329737210673 9.036465890360631 0
    vertex 2.871644455048177 3.8576991225076895 0
    vertex 6.246872971463816 8.915311364394086 0
  endloop
endfacet
facet normal 0 0 1
  outer loop
    vertex 5.30706403186457 9.271733881623327 0
    vertex 2.0717967697244895 5 0
    vertex 5.755329737210673 9.036465890360631 0
  endloop
endfacet
facet normal 0 0 1
  outer loop
    vertex 1.4824590337127326 6.2638388533946525 0
    vertex 2.0717967697244895 5 0
    vertex 5.30706403186457 9.271733881623327 0
  endloop
endfacet
facet normal 0 0 0.9999999999999999
  outer loop
    vertex 1.121537975902335 7.610814578664559 0
    vertex 1.4824590337127326 6.2638388533946525 0
    vertex 5.30706403186457 9.271733881623327 0
  endloop
endfacet
facet normal 0 0 1
  outer loop
    vertex 1.121537975902335 7.610814578664559 0
    vertex 5.30706403186457 9.271733881623327 0
    vertex 4.9281274288406856 9.60744241769433 0
  endloop
endfacet
facet normal 0 0 1
  outer loop
    vertex 1 9 0
    vertex 4.64054234612826 11.975918661291914 0
    vertex 4.928127428840689 12.39255758230567 0
  endloop
endfacet
facet normal 0 0 1
  outer loop
    vertex 1 9 0
    vertex 4.461022183405291 11.502562895003877 0
    vertex 4.64054234612826 11.975918661291914 0
  endloop
endfacet
facet normal 0 0 1
  outer loop
    vertex 1 9 0
    vertex 4.399999999999999 11 0
    vertex 4.461022183405291 11.502562895003877 0
  endloop
endfacet
facet normal 0 0 1
  outer loop
    vertex 1 9 0
    vertex 1.121537975902335 7.610814578664559 0
    vertex 4.9281274288406856 9.60744241769433 0
  endloop
endfacet
facet normal 0 0 1
  outer loop
    vertex 1 9 0
    vertex 4.461022183405291 10.49743710499613 0
    vertex 4.399999999999999 11 0
  endloop
endfacet
facet normal 0 0 0.9999999999999999
  outer loop
    vertex 1 9 0
    vertex 4.640542346128257 10.024081338708086 0
    vertex 4.461022183405291 10.49743710499613 0
  endloop
endfacet
facet normal 0 0 1
  outer loop
    vertex 1 9 0
    vertex 4.9281274288406856 9.60744241769433 0
    vertex 4.640542346128257 10.024081338708086 0
  endloop
endfacet
facet normal 0 0 1
  outer loop
    vertex 7.692935968135423 109.27173388162332 0
    vertex 7.692935968135426 12.72826611837668 0
    vertex 8.071872571159311 12.39255758230567 0
  endloop
endfacet
facet normal 0 0 1
  outer loop
    vertex 7.692935968135423 109.27173388162332 0
    vertex 8.071872571159311 12.39255758230567 0
    vertex 8.071872571159307 109.60744241769433 0
  endloop
endfacet
facet normal 0 0 1
  outer loop
    vertex 8.359457653871736 110.02408133870807 0
    vertex 8.071872571159311 12.39255758230567 0
    vertex 8.35945765387174 11.975918661291914 0
  endloop
endfacet
facet normal 0 0 1
  outer loop
    vertex 8.359457653871736 110.02408133870807 0
    vertex 8.071872571159307 109.60744241769433 0
    vertex 8.071872571159311 12.39255758230567 0
  endloop
endfacet
facet normal 0 0 1
  outer loop
    vertex 7.24467026278932 109.03646589036063 0
    vertex 7.244670262789324 12.963534109639369 0
    vertex 7.692935968135426 12.72826611837668 0
  endloop
endfacet
facet normal 0 0 1
  outer loop
    vertex 7.24467026278932 109.03646589036063 0
    vertex 7.692935968135426 12.72826611837668 0
    vertex 7.692935968135423 109.27173388162332 0
  endloop
endfacet
facet normal 0 0 1
  outer loop
    vertex 6.7531270285361735 108.91531136439409 0
    vertex 6.753127028536177 13.084688635605914 0
    vertex 7.244670262789324 12.963534109639369 0
  endloop
endfacet
facet normal 0 0 1
  outer loop
    vertex 6.7531270285361735 108.91531136439409 0
    vertex 7.244670262789324 12.963534109639369 0
    vertex 7.24467026278932 109.03646589036063 0
  endloop
endfacet
facet normal 0 0 0.9999999999999999
  outer loop
    vertex 6.246872971463816 108.91531136439409 0
    vertex 6.753127028536177 13.084688635605914 0
    vertex 6.7531270285361735 108.91531136439409 0
  endloop
endfacet
facet normal 0 0 1
  outer loop
    vertex 6.246872971463816 108.91531136439409 0
    vertex 6.246872971463823 13.084688635605914 0
    vertex 6.753127028536177 13.084688635605914 0
  endloop
endfacet
facet normal 0 0 1
  outer loop
    vertex 5.755329737210673 109.03646589036063 0
    vertex 5.755329737210676 12.963534109639369 0
    vertex 6.246872971463823 13.084688635605914 0
  endloop
endfacet
facet normal 0 0 1
  outer loop
    vertex 5.755329737210673 109.03646589036063 0
    vertex 6.246872971463823 13.084688635605914 0
    vertex 6.246872971463816 108.91531136439409 0
  endloop
endfacet
facet normal 0 0 1
  outer loop
    vertex 5.30706403186457 109.27173388162333 0
    vertex 5.307064031864574 12.72826611837668 0
    vertex 5.755329737210676 12.963534109639369 0
  endloop
endfacet
facet normal 0 0 1
  outer loop
    vertex 5.30706403186457 109.27173388162333 0
    vertex 5.755329737210676 12.963534109639369 0
    vertex 5.755329737210673 109.03646589036063 0
  endloop
endfacet
facet normal 0 0 1
  outer loop
    vertex 4.9281274288406856 109.60744241769433 0
    vertex 4.928127428840689 12.39255758230567 0
    vertex 5.307064031864574 12.72826611837668 0
  endloop
endfacet
facet normal 0 0 1
  outer loop
    vertex 4.9281274288406856 109.60744241769433 0
    vertex 5.307064031864574 12.72826611837668 0
    vertex 5.30706403186457 109.27173388162333 0
  endloop
endfacet
facet normal 0 0 1
  outer loop
    vertex 12 121 0
    vertex 8.53897781659471 111.50256289500388 0
    vertex 8.600000000000001 111 0
  endloop
endfacet
facet normal 0 0 1
  outer loop
    vertex 12 121 0
    vertex 8.35945765387174 111.97591866129191 0
    vertex 8.53897781659471 111.50256289500388 0
  endloop
endfacet
facet normal 0 0 1
  outer loop
    vertex 12 121 0
    vertex 8.071872571159311 112.39255758230567 0
    vertex 8.35945765387174 111.97591866129191 0
  endloop
endfacet
facet normal 0 0 1
  outer loop
    vertex 12 121 0
    vertex 7.692935968135426 112.72826611837668 0
    vertex 8.071872571159311 112.39255758230567 0
  endloop
endfacet
facet normal 0 0 1
  outer loop
    vertex 12 121 0
    vertex 8.600000000000001 111 0
    vertex 8.53897781659471 110.49743710499612 0
  endloop
endfacet
facet normal 0 0 1
  outer loop
    vertex 1 113 0
    vertex 4.64054234612826 111.97591866129191 0
    vertex 4.928127428840689 112.39255758230567 0
  endloop
endfacet
facet normal 0 0 1
  outer loop
    vertex 1 113 0
    vertex 4.461022183405291 111.50256289500388 0
    vertex 4.64054234612826 111.97591866129191 0
  endloop
endfacet
facet normal 0 0 0.9999999999999999
  outer loop
    vertex 1 113 0
    vertex 4.399999999999999 111 0
    vertex 4.461022183405291 111.50256289500388 0
  endloop
endfacet
facet normal 0 0 1
  outer loop
    vertex 1 113 0
    vertex 4.461022183405291 110.49743710499612 0
    vertex 4.399999999999999 111 0
  endloop
endfacet
facet normal 0 0 1
  outer loop
    vertex 1 113 0
    vertex 4.640542346128257 110.02408133870809 0
    vertex 4.461022183405291 110.49743710499612 0
  endloop
endfacet
facet normal 0 0 1
  outer loop
    vertex 1 113 0
    vertex 4.9281274288406856 109.60744241769433 0
    vertex 4.640542346128257 110.02408133870809 0
  endloop
endfacet
facet normal 0 0 1
  outer loop
    vertex 1 113 0
    vertex 4.928127428840689 12.39255758230567 0
    vertex 4.9281274288406856 109.60744241769433 0
  endloop
endfacet
facet normal 0 0 1
  outer loop
    vertex 1 113 0
    vertex 1 9 0
    vertex 4.928127428840689 12.39255758230567 0
  endloop
endfacet
facet normal 0 0 1
  outer loop
    vertex 9 121 0
    vertex 7.244670262789324 112.96353410963937 0
    vertex 7.692935968135426 112.72826611837668 0
  endloop
endfacet
facet normal 0 0 1
  outer loop
    vertex 9 121 0
    vertex 7.692935968135426 112.72826611837668 0
    vertex 12 121 0
  endloop
endfacet
facet normal 0 0 1
  outer loop
    vertex 1.121537975902335 114.38918542133544 0
    vertex 4.928127428840689 112.39255758230567 0
    vertex 5.307064031864574 112.72826611837668 0
  endloop
endfacet
facet normal 0 0 0.9999999999999999
  outer loop
    vertex 1.121537975902335 114.38918542133544 0
    vertex 1 113 0
    vertex 4.928127428840689 112.39255758230567 0
  endloop
endfacet
facet normal 0 0 1
  outer loop
    vertex 7.610814578664552 120.87846202409767 0
    vertex 7.244670262789324 112.96353410963937 0
    vertex 9 121 0
  endloop
endfacet
facet normal 0 0 1
  outer loop
    vertex 6.263838853394645 120.51754096628727 0
    vertex 6.753127028536177 113.08468863560591 0
    vertex 7.244670262789324 112.96353410963937 0
  endloop
endfacet
facet normal 0 0 1
  outer loop
    vertex 6.263838853394645 120.51754096628727 0
    vertex 7.244670262789324 112.96353410963937 0
    vertex 7.610814578664552 120.87846202409767 0
  endloop
endfacet
facet normal 0 0 1
  outer loop
    vertex 1.4824590337127361 115.73616114660535 0
    vertex 1.121537975902335 114.38918542133544 0
    vertex 5.307064031864574 112.72826611837668 0
  endloop
endfacet
facet normal 0 0 1
  outer loop
    vertex 4.9999999999999964 119.9282032302755 0
    vertex 6.246872971463823 113.08468863560591 0
    vertex 6.753127028536177 113.08468863560591 0
  endloop
endfacet
facet normal 0 0 1
  outer loop
    vertex 4.9999999999999964 119.9282032302755 0
    vertex 6.753127028536177 113.08468863560591 0
    vertex 6.263838853394645 120.51754096628727 0
  endloop
endfacet
facet normal 0 0 1
  outer loop
    vertex 2.071796769724493 117 0
    vertex 1.4824590337127361 115.73616114660535 0
    vertex 5.307064031864574 112.72826611837668 0
  endloop
endfacet
facet normal 0 0 1
  outer loop
    vertex 2.071796769724493 117 0
    vertex 5.307064031864574 112.72826611837668 0
    vertex 5.755329737210676 112.96353410963937 0
  endloop
endfacet
facet normal 0 0 1
  outer loop
    vertex 3.8576991225076824 119.12835554495183 0
    vertex 6.246872971463823 113.08468863560591 0
    vertex 4.9999999999999964 119.9282032302755 0
  endloop
endfacet
facet normal 0 0 1
  outer loop
    vertex 2.871644455048177 118.14230087749232 0
    vertex 6.246872971463823 113.08468863560591 0
    vertex 3.8576991225076824 119.12835554495183 0
  endloop
endfacet
facet normal 0 0 1
  outer loop
    vertex 2.871644455048177 118.14230087749232 0
    vertex 2.071796769724493 117 0
    vertex 5.755329737210676 112.96353410963937 0
  endloop
endfacet
facet normal 0 0 1
  outer loop
    vertex 2.871644455048177 118.14230087749232 0
    vertex 5.755329737210676 112.96353410963937 0
    vertex 6.246872971463823 113.08468863560591 0
  endloop
endfacet
facet normal 0 0 1
  outer loop
    vertex 12 121 0
    vertex 8.53897781659471 11.50256289500387 0
    vertex 12 1 0
  endloop
endfacet
facet normal 0 0 1
  outer loop
    vertex 12 121 0
    vertex 8.35945765387174 11.975918661291914 0
    vertex 8.53897781659471 11.50256289500387 0
  endloop
endfacet
facet normal 0 0 1
  outer loop
    vertex 12 121 0
    vertex 8.53897781659471 110.49743710499612 0
    vertex 8.35945765387174 11.975918661291914 0
  endloop
endfacet
facet normal 0 0 1
  outer loop
    vertex 8.53897781659471 110.49743710499612 0
    vertex 8.359457653871736 110.02408133870807 0
    vertex 8.35945765387174 11.975918661291914 0
  endloop
endfacet
facet normal 1 0 0
  outer loop
    vertex 12 121 0
    vertex 12 1 0
    vertex 12 1 -5
  endloop
endfacet
facet normal 1 0 0
  outer loop
    vertex 12 121 0
    vertex 12 1 -5
    vertex 12 121 -5
  endloop
endfacet
facet normal -1 0 0
  outer loop
    vertex 32.5 106 -10
    vertex 32.5 15.999999999999993 -10
    vertex 32.5 15.999999999999993 -5.000000000000004
  endloop
endfacet
facet normal -1 0 0
  outer loop
    vertex 32.5 106 -10
    vertex 32.5 15.999999999999993 -5.000000000000004
    vertex 32.5 106 -5.000000000000004
  endloop
endfacet
facet normal 0 1 0
  outer loop
    vertex 32.5 15.999999999999993 -10
    vertex 21.5 15.999999999999993 -10
    vertex 21.5 15.999999999999993 -5.000000000000004
  endloop
endfacet
facet normal 0 1 0
  outer loop
    vertex 32.5 15.999999999999993 -10
    vertex 21.5 15.999999999999993 -5.000000000000004
    vertex 32.5 15.999999999999993 -5.000000000000004
  endloop
endfacet
facet normal 1 0 0
  outer loop
    vertex 21.5 15.999999999999993 -10
    vertex 21.5 106 -10
    vertex 21.5 106 -5.000000000000004
  endloop
endfacet
facet normal 1 0 0
  outer loop
    vertex 21.5 15.999999999999993 -10
    vertex 21.5 106 -5.000000000000004
    vertex 21.5 15.999999999999993 -5.000000000000004
  endloop
endfacet
facet normal 1 0 0
  outer loop
    vertex 21.5 106 -10
    vertex 21.5 121 -10
    vertex 21.5 121 -5
  endloop
endfacet
facet normal 1 0 0
  outer loop
    vertex 21.5 106 -10
    vertex 21.5 121 -5
    vertex 21.5 106 -5.000000000000004
  endloop
endfacet
facet normal 0 1 0
  outer loop
    vertex 12 121 -5
    vertex 9 121 0
    vertex 12 121 0
  endloop
endfacet
facet normal 0 1 0
  outer loop
    vertex 9 121 -10
    vertex 9 121 0
    vertex 12 121 -5
  endloop
endfacet
facet normal 0 1 0
  outer loop
    vertex 21.5 121 -10
    vertex 12 121 -5
    vertex 21.5 121 -5
  endloop
endfacet
facet normal 0 1 0
  outer loop
    vertex 21.5 121 -10
    vertex 9 121 -10
    vertex 12 121 -5
  endloop
endfacet
facet normal -0.9961946980917454 0.08715574274765789 0
  outer loop
    vertex 1.121537975902335 114.38918542133544 0
    vertex 1.121537975902335 114.38918542133544 -10
    vertex 1 113 -10
  endloop
endfacet
facet normal -0.9961946980917454 0.08715574274765789 0
  outer loop
    vertex 1.121537975902335 114.38918542133544 0
    vertex 1 113 -10
    vertex 1 113 0
  endloop
endfacet
facet normal -0.9659258262890679 0.25881904510252207 0
  outer loop
    vertex 1.4824590337127361 115.73616114660535 0
    vertex 1.4824590337127361 115.73616114660535 -10
    vertex 1.121537975902335 114.38918542133544 -10
  endloop
endfacet
facet normal -0.9659258262890679 0.25881904510252207 0
  outer loop
    vertex 1.4824590337127361 115.73616114660535 0
    vertex 1.121537975902335 114.38918542133544 -10
    vertex 1.121537975902335 114.38918542133544 0
  endloop
endfacet
facet normal -0.9063077870366497 0.42261826174070016 0
  outer loop
    vertex 2.071796769724493 117 0
    vertex 2.071796769724493 117 -10
    vertex 1.4824590337127361 115.73616114660535 -10
  endloop
endfacet
facet normal -0.9063077870366497 0.42261826174070016 0
  outer loop
    vertex 2.071796769724493 117 0
    vertex 1.4824590337127361 115.73616114660535 -10
    vertex 1.4824590337127361 115.73616114660535 0
  endloop
endfacet
facet normal -0.8191520442889929 0.5735764363510446 0
  outer loop
    vertex 2.871644455048177 118.14230087749232 0
    vertex 2.871644455048177 118.14230087749232 -10
    vertex 2.071796769724493 117 -10
  endloop
endfacet
facet normal -0.7071067811865499 0.7071067811865449 0
  outer loop
    vertex 2.871644455048177 118.14230087749232 0
    vertex 3.8576991225076824 119.12835554495183 -10
    vertex 2.871644455048177 118.14230087749232 -10
  endloop
endfacet
facet normal -0.8191520442889929 0.5735764363510446 0
  outer loop
    vertex 2.871644455048177 118.14230087749232 0
    vertex 2.071796769724493 117 -10
    vertex 2.071796769724493 117 0
  endloop
endfacet
facet normal -0.7071067811865499 0.7071067811865449 0
  outer loop
    vertex 3.8576991225076824 119.12835554495183 0
    vertex 3.8576991225076824 119.12835554495183 -10
    vertex 2.871644455048177 118.14230087749232 0
  endloop
endfacet
facet normal -0.5735764363510389 0.8191520442889969 0
  outer loop
    vertex 4.9999999999999964 119.9282032302755 0
    vertex 4.9999999999999964 119.9282032302755 -10
    vertex 3.8576991225076824 119.12835554495183 -10
  endloop
endfacet
facet normal -0.5735764363510389 0.8191520442889969 0
  outer loop
    vertex 4.9999999999999964 119.9282032302755 0
    vertex 3.8576991225076824 119.12835554495183 -10
    vertex 3.8576991225076824 119.12835554495183 0
  endloop
endfacet
facet normal -0.4226182617407075 0.906307787036646 0
  outer loop
    vertex 6.263838853394645 120.51754096628727 0
    vertex 6.263838853394645 120.51754096628727 -10
    vertex 4.9999999999999964 119.9282032302755 -10
  endloop
endfacet
facet normal -0.4226182617407075 0.906307787036646 0
  outer loop
    vertex 6.263838853394645 120.51754096628727 0
    vertex 4.9999999999999964 119.9282032302755 -10
    vertex 4.9999999999999964 119.9282032302755 0
  endloop
endfacet
facet normal -0.2588190451025233 0.9659258262890675 0
  outer loop
    vertex 7.610814578664552 120.87846202409767 0
    vertex 7.610814578664552 120.87846202409767 -10
    vertex 6.263838853394645 120.51754096628727 -10
  endloop
endfacet
facet normal -0.2588190451025233 0.9659258262890675 0
  outer loop
    vertex 7.610814578664552 120.87846202409767 0
    vertex 6.263838853394645 120.51754096628727 -10
    vertex 6.263838853394645 120.51754096628727 0
  endloop
endfacet
facet normal -0.0871557427476524 0.9961946980917461 0
  outer loop
    vertex 9 121 0
    vertex 9 121 -10
    vertex 7.610814578664552 120.87846202409767 -10
  endloop
endfacet
facet normal -0.0871557427476524 0.9961946980917461 0
  outer loop
    vertex 9 121 0
    vertex 7.610814578664552 120.87846202409767 -10
    vertex 7.610814578664552 120.87846202409767 0
  endloop
endfacet
facet normal -1 0 0
  outer loop
    vertex 1 113 -10
    vertex 1 9 -10
    vertex 1 9 0
  endloop
endfacet
facet normal -1 0 0
  outer loop
    vertex 1 113 -10
    vertex 1 9 0
    vertex 1 113 0
  endloop
endfacet
facet normal 1 0 0
  outer loop
    vertex 54.36 54.5 -10
    vertex 54.36 67.5 -10
    vertex 54.36 67.5 -5.000000000000004
  endloop
endfacet
facet normal 1 0 0
  outer loop
    vertex 54.36 54.5 -10
    vertex 54.36 67.5 -5.000000000000004
    vertex 54.36 54.5 -5.000000000000004
  endloop
endfacet
facet normal 0 -1 0
  outer loop
    vertex 54.36 67.5 -5.000000000000004
    vertex 77.36 67.5 -10
    vertex 77.36 67.5 -5.000000000000004
  endloop
endfacet
facet normal 0 -1 0
  outer loop
    vertex 54.36 67.5 -10
    vertex 77.36 67.5 -10
    vertex 54.36 67.5 -5.000000000000004
  endloop
endfacet
facet normal 0 1 0
  outer loop
    vertex 77.36 54.5 -5.000000000000004
    vertex 54.36 54.5 -10
    vertex 54.36 54.5 -5.000000000000004
  endloop
endfacet
facet normal 0 1 0
  outer loop
    vertex 77.36 54.5 -10
    vertex 54.36 54.5 -10
    vertex 77.36 54.5 -5.000000000000004
  endloop
endfacet
facet normal -1 0 0
  outer loop
    vertex 77.36 67.5 -10
    vertex 77.36 54.5 -10
    vertex 77.36 54.5 -5.000000000000004
  endloop
endfacet
facet normal -1 0 0
  outer loop
    vertex 77.36 67.5 -10
    vertex 77.36 54.5 -5.000000000000004
    vertex 77.36 67.5 -5.000000000000004
  endloop
endfacet
facet normal -0.9927088740980562 0.12053668025530365 0
  outer loop
    vertex 53.12803599916866 60.73675276928369 -10
    vertex 53.16 61 -5.000000000000004
    vertex 53.16 61 -10
  endloop
endfacet
facet normal -0.9927088740980563 0.12053668025530365 0
  outer loop
    vertex 53.12803599916866 60.73675276928369 -10
    vertex 53.12803599916866 60.73675276928369 -5.0000000000000036
    vertex 53.16 61 -5.000000000000004
  endloop
endfacet
facet normal -0.9350162426854163 0.35460488704253157 0
  outer loop
    vertex 53.03400162821853 60.488804510751855 -10
    vertex 53.03400162821853 60.488804510751855 -5.0000000000000036
    vertex 53.12803599916866 60.73675276928369 -5.0000000000000036
  endloop
endfacet
facet normal -0.8229838658936455 0.5680647467311716 0
  outer loop
    vertex 53.03400162821853 60.488804510751855 -10
    vertex 52.883361822988206 60.270565075935124 -5.0000000000000036
    vertex 53.03400162821853 60.488804510751855 -5.0000000000000036
  endloop
endfacet
facet normal -0.9350162426854163 0.35460488704253157 0
  outer loop
    vertex 53.03400162821853 60.488804510751855 -10
    vertex 53.12803599916866 60.73675276928369 -5.0000000000000036
    vertex 53.12803599916866 60.73675276928369 -10
  endloop
endfacet
facet normal -0.8229838658936455 0.5680647467311716 0
  outer loop
    vertex 52.883361822988206 60.270565075935124 -10
    vertex 52.883361822988206 60.270565075935124 -5.0000000000000036
    vertex 53.03400162821853 60.488804510751855 -10
  endloop
endfacet
facet normal -0.6631226582407974 0.7485107481710992 0
  outer loop
    vertex 52.68487122140427 60.09471774751698 -10
    vertex 52.68487122140427 60.09471774751698 -5.0000000000000036
    vertex 52.883361822988206 60.270565075935124 -5.0000000000000036
  endloop
endfacet
facet normal -0.6631226582407974 0.7485107481710992 0
  outer loop
    vertex 52.68487122140427 60.09471774751698 -10
    vertex 52.883361822988206 60.270565075935124 -5.0000000000000036
    vertex 52.883361822988206 60.270565075935124 -10
  endloop
endfacet
facet normal -0.464723172043771 0.8854560256532087 0
  outer loop
    vertex 52.45006537574679 59.971482133046045 -10
    vertex 52.45006537574679 59.971482133046045 -5.0000000000000036
    vertex 52.68487122140427 60.09471774751698 -5.0000000000000036
  endloop
endfacet
facet normal -0.464723172043771 0.8854560256532087 0
  outer loop
    vertex 52.45006537574679 59.971482133046045 -10
    vertex 52.68487122140427 60.09471774751698 -5.0000000000000036
    vertex 52.68487122140427 60.09471774751698 -10
  endloop
endfacet
facet normal -0.2393156642875619 0.970941817426051 0
  outer loop
    vertex 52.19259034828086 59.90802023849214 -10
    vertex 52.19259034828086 59.90802023849214 -5.0000000000000036
    vertex 52.45006537574679 59.971482133046045 -5.0000000000000036
  endloop
endfacet
facet normal -0.2393156642875619 0.970941817426051 0
  outer loop
    vertex 52.19259034828086 59.90802023849214 -10
    vertex 52.45006537574679 59.971482133046045 -5.0000000000000036
    vertex 52.45006537574679 59.971482133046045 -10
  endloop
endfacet
facet normal 0 1 0
  outer loop
    vertex 51.927409651719145 59.90802023849214 -10
    vertex 51.927409651719145 59.90802023849214 -5.0000000000000036
    vertex 52.19259034828086 59.90802023849214 -5.0000000000000036
  endloop
endfacet
facet normal 0.23931566428755568 0.9709418174260527 0
  outer loop
    vertex 51.927409651719145 59.90802023849214 -10
    vertex 51.66993462425321 59.971482133046045 -5.0000000000000036
    vertex 51.927409651719145 59.90802023849214 -5.0000000000000036
  endloop
endfacet
facet normal 0 1 0
  outer loop
    vertex 51.927409651719145 59.90802023849214 -10
    vertex 52.19259034828086 59.90802023849214 -5.0000000000000036
    vertex 52.19259034828086 59.90802023849214 -10
  endloop
endfacet
facet normal 0.23931566428755568 0.9709418174260527 0
  outer loop
    vertex 51.66993462425321 59.971482133046045 -10
    vertex 51.66993462425321 59.971482133046045 -5.0000000000000036
    vertex 51.927409651719145 59.90802023849214 -10
  endloop
endfacet
facet normal 0.464723172043771 0.8854560256532087 0
  outer loop
    vertex 51.435128778595725 60.09471774751698 -10
    vertex 51.435128778595725 60.09471774751698 -5.0000000000000036
    vertex 51.66993462425321 59.971482133046045 -5.0000000000000036
  endloop
endfacet
facet normal 0.464723172043771 0.8854560256532087 0
  outer loop
    vertex 51.435128778595725 60.09471774751698 -10
    vertex 51.66993462425321 59.971482133046045 -5.0000000000000036
    vertex 51.66993462425321 59.971482133046045 -10
  endloop
endfacet
facet normal 0.6631226582407841 0.748510748171111 0
  outer loop
    vertex 51.236638177011784 60.270565075935124 -10
    vertex 51.236638177011784 60.270565075935124 -5.0000000000000036
    vertex 51.435128778595725 60.09471774751698 -5.0000000000000036
  endloop
endfacet
facet normal 0.6631226582407841 0.748510748171111 0
  outer loop
    vertex 51.236638177011784 60.270565075935124 -10
    vertex 51.435128778595725 60.09471774751698 -5.0000000000000036
    vertex 51.435128778595725 60.09471774751698 -10
  endloop
endfacet
facet normal 0.8229838658936706 0.5680647467311354 0
  outer loop
    vertex 51.08599837178147 60.488804510751855 -10
    vertex 51.08599837178147 60.488804510751855 -5.0000000000000036
    vertex 51.236638177011784 60.270565075935124 -5.0000000000000036
  endloop
endfacet
facet normal 0.8229838658936706 0.5680647467311354 0
  outer loop
    vertex 51.08599837178147 60.488804510751855 -10
    vertex 51.236638177011784 60.270565075935124 -5.0000000000000036
    vertex 51.236638177011784 60.270565075935124 -10
  endloop
endfacet
facet normal 0.9350162426854163 0.35460488704253157 0
  outer loop
    vertex 50.991964000831345 60.73675276928369 -10
    vertex 51.08599837178147 60.488804510751855 -5.0000000000000036
    vertex 51.08599837178147 60.488804510751855 -10
  endloop
endfacet
facet normal 0.9350162426854163 0.35460488704253157 0
  outer loop
    vertex 50.991964000831345 60.73675276928369 -10
    vertex 50.991964000831345 60.73675276928369 -5.0000000000000036
    vertex 51.08599837178147 60.488804510751855 -5.0000000000000036
  endloop
endfacet
facet normal 0.99270887409805 0.12053668025535648 0
  outer loop
    vertex 50.959999999999994 61 -10
    vertex 50.991964000831345 60.73675276928369 -5.0000000000000036
    vertex 50.991964000831345 60.73675276928369 -10
  endloop
endfacet
facet normal 0.99270887409805 0.12053668025535648 0
  outer loop
    vertex 50.959999999999994 61 -10
    vertex 50.959999999999994 61 -5.0000000000000036
    vertex 50.991964000831345 60.73675276928369 -5.0000000000000036
  endloop
endfacet
facet normal 0.9927088740980503 -0.12053668025535326 0
  outer loop
    vertex 50.991964000831345 61.26324723071632 -10
    vertex 50.959999999999994 61 -5.0000000000000036
    vertex 50.959999999999994 61 -10
  endloop
endfacet
facet normal 0.9927088740980503 -0.12053668025535326 0
  outer loop
    vertex 50.991964000831345 61.26324723071632 -10
    vertex 50.991964000831345 61.26324723071632 -5.0000000000000036
    vertex 50.959999999999994 61 -5.0000000000000036
  endloop
endfacet
facet normal 0.9350162426854131 -0.35460488704254045 0
  outer loop
    vertex 51.08599837178147 61.511195489248145 -10
    vertex 50.991964000831345 61.26324723071632 -5.0000000000000036
    vertex 50.991964000831345 61.26324723071632 -10
  endloop
endfacet
facet normal 0.9350162426854131 -0.35460488704254045 0
  outer loop
    vertex 51.08599837178147 61.511195489248145 -10
    vertex 51.08599837178147 61.511195489248145 -5.0000000000000036
    vertex 50.991964000831345 61.26324723071632 -5.0000000000000036
  endloop
endfacet
facet normal 0.8229838658936706 -0.5680647467311354 0
  outer loop
    vertex 51.236638177011784 61.729434924064876 -10
    vertex 51.08599837178147 61.511195489248145 -5.0000000000000036
    vertex 51.08599837178147 61.511195489248145 -10
  endloop
endfacet
facet normal 0.8229838658936706 -0.5680647467311354 0
  outer loop
    vertex 51.236638177011784 61.729434924064876 -10
    vertex 51.236638177011784 61.729434924064876 -5.0000000000000036
    vertex 51.08599837178147 61.511195489248145 -5.0000000000000036
  endloop
endfacet
facet normal 0.6631226582407991 -0.7485107481710978 0
  outer loop
    vertex 51.236638177011784 61.729434924064876 -10
    vertex 51.435128778595725 61.905282252483026 -5.0000000000000036
    vertex 51.236638177011784 61.729434924064876 -5.0000000000000036
  endloop
endfacet
facet normal 0.6631226582407991 -0.7485107481710978 0
  outer loop
    vertex 51.435128778595725 61.905282252483026 -10
    vertex 51.435128778595725 61.905282252483026 -5.0000000000000036
    vertex 51.236638177011784 61.729434924064876 -10
  endloop
endfacet
facet normal 0.46472317204374997 -0.8854560256532196 0
  outer loop
    vertex 51.66993462425321 62.028517866953955 -10
    vertex 51.435128778595725 61.905282252483026 -5.0000000000000036
    vertex 51.435128778595725 61.905282252483026 -10
  endloop
endfacet
facet normal 0.46472317204374997 -0.8854560256532196 0
  outer loop
    vertex 51.66993462425321 62.028517866953955 -10
    vertex 51.66993462425321 62.028517866953955 -5.0000000000000036
    vertex 51.435128778595725 61.905282252483026 -5.0000000000000036
  endloop
endfacet
facet normal 0.23931566428755568 -0.9709418174260527 0
  outer loop
    vertex 51.66993462425321 62.028517866953955 -10
    vertex 51.927409651719145 62.09197976150786 -5.0000000000000036
    vertex 51.66993462425321 62.028517866953955 -5.0000000000000036
  endloop
endfacet
facet normal 0.23931566428755568 -0.9709418174260527 0
  outer loop
    vertex 51.927409651719145 62.09197976150786 -10
    vertex 51.927409651719145 62.09197976150786 -5.0000000000000036
    vertex 51.66993462425321 62.028517866953955 -10
  endloop
endfacet
facet normal 2.6794662845859083e-14 -0.9999999999999999 0
  outer loop
    vertex 52.19259034828085 62.091979761507865 -10
    vertex 51.927409651719145 62.09197976150786 -5.0000000000000036
    vertex 51.927409651719145 62.09197976150786 -10
  endloop
endfacet
facet normal 2.6794662845859083e-14 -0.9999999999999999 0
  outer loop
    vertex 52.19259034828085 62.091979761507865 -10
    vertex 52.19259034828085 62.091979761507865 -5.0000000000000036
    vertex 51.927409651719145 62.09197976150786 -5.0000000000000036
  endloop
endfacet
facet normal -0.23931566428755568 -0.9709418174260527 0
  outer loop
    vertex 52.19259034828085 62.091979761507865 -10
    vertex 52.45006537574679 62.02851786695396 -5.0000000000000036
    vertex 52.19259034828085 62.091979761507865 -5.0000000000000036
  endloop
endfacet
facet normal -0.23931566428755568 -0.9709418174260527 0
  outer loop
    vertex 52.45006537574679 62.02851786695396 -10
    vertex 52.45006537574679 62.02851786695396 -5.0000000000000036
    vertex 52.19259034828085 62.091979761507865 -10
  endloop
endfacet
facet normal -0.464723172043782 -0.8854560256532028 0
  outer loop
    vertex 52.684871221404265 61.905282252483026 -10
    vertex 52.45006537574679 62.02851786695396 -5.0000000000000036
    vertex 52.45006537574679 62.02851786695396 -10
  endloop
endfacet
facet normal -0.464723172043782 -0.8854560256532028 0
  outer loop
    vertex 52.684871221404265 61.905282252483026 -10
    vertex 52.684871221404265 61.905282252483026 -5.0000000000000036
    vertex 52.45006537574679 62.02851786695396 -5.0000000000000036
  endloop
endfacet
facet normal -0.6631226582407841 -0.748510748171111 0
  outer loop
    vertex 52.883361822988206 61.72943492406488 -10
    vertex 52.684871221404265 61.905282252483026 -5.0000000000000036
    vertex 52.684871221404265 61.905282252483026 -10
  endloop
endfacet
facet normal -0.6631226582407841 -0.748510748171111 0
  outer loop
    vertex 52.883361822988206 61.72943492406488 -10
    vertex 52.883361822988206 61.72943492406488 -5.0000000000000036
    vertex 52.684871221404265 61.905282252483026 -5.0000000000000036
  endloop
endfacet
facet normal -0.8229838658936455 -0.5680647467311716 0
  outer loop
    vertex 52.883361822988206 61.72943492406488 -10
    vertex 53.03400162821853 61.51119548924815 -5.0000000000000036
    vertex 52.883361822988206 61.72943492406488 -5.0000000000000036
  endloop
endfacet
facet normal -0.8229838658936455 -0.5680647467311716 0
  outer loop
    vertex 53.03400162821853 61.51119548924815 -10
    vertex 53.03400162821853 61.51119548924815 -5.0000000000000036
    vertex 52.883361822988206 61.72943492406488 -10
  endloop
endfacet
facet normal -0.9350162426854163 -0.35460488704253157 0
  outer loop
    vertex 53.12803599916866 61.26324723071632 -10
    vertex 53.12803599916866 61.26324723071632 -5.0000000000000036
    vertex 53.03400162821853 61.51119548924815 -5.0000000000000036
  endloop
endfacet
facet normal -0.9350162426854163 -0.35460488704253157 0
  outer loop
    vertex 53.12803599916866 61.26324723071632 -10
    vertex 53.03400162821853 61.51119548924815 -5.0000000000000036
    vertex 53.03400162821853 61.51119548924815 -10
  endloop
endfacet
facet normal -0.9927088740980566 -0.12053668025530044 0
  outer loop
    vertex 53.16 61 -10
    vertex 53.16 61 -5.000000000000004
    vertex 53.12803599916866 61.26324723071632 -5.0000000000000036
  endloop
endfacet
facet normal -0.9927088740980567 -0.12053668025530045 0
  outer loop
    vertex 53.16 61 -10
    vertex 53.12803599916866 61.26324723071632 -5.0000000000000036
    vertex 53.12803599916866 61.26324723071632 -10
  endloop
endfacet
facet normal -0.9927088740980562 0.12053668025530365 0
  outer loop
    vertex 80.72803599916867 60.73675276928369 -10
    vertex 80.76 61 -5.000000000000004
    vertex 80.76 61 -10
  endloop
endfacet
facet normal -0.9927088740980563 0.12053668025530365 0
  outer loop
    vertex 80.72803599916867 60.73675276928369 -10
    vertex 80.72803599916867 60.73675276928369 -5.0000000000000036
    vertex 80.76 61 -5.000000000000004
  endloop
endfacet
facet normal -0.9350162426853987 0.3546048870425785 0
  outer loop
    vertex 80.63400162821853 60.488804510751855 -10
    vertex 80.63400162821853 60.488804510751855 -5.0000000000000036
    vertex 80.72803599916867 60.73675276928369 -5.0000000000000036
  endloop
endfacet
facet normal -0.8229838658936706 0.5680647467311354 0
  outer loop
    vertex 80.63400162821853 60.488804510751855 -10
    vertex 80.48336182298821 60.270565075935124 -5.0000000000000036
    vertex 80.63400162821853 60.488804510751855 -5.0000000000000036
  endloop
endfacet
facet normal -0.9350162426853987 0.3546048870425785 0
  outer loop
    vertex 80.63400162821853 60.488804510751855 -10
    vertex 80.72803599916867 60.73675276928369 -5.0000000000000036
    vertex 80.72803599916867 60.73675276928369 -10
  endloop
endfacet
facet normal -0.8229838658936706 0.5680647467311354 0
  outer loop
    vertex 80.48336182298821 60.270565075935124 -10
    vertex 80.48336182298821 60.270565075935124 -5.0000000000000036
    vertex 80.63400162821853 60.488804510751855 -10
  endloop
endfacet
facet normal -0.6631226582407841 0.748510748171111 0
  outer loop
    vertex 80.28487122140427 60.09471774751698 -10
    vertex 80.28487122140427 60.09471774751698 -5.0000000000000036
    vertex 80.48336182298821 60.270565075935124 -5.0000000000000036
  endloop
endfacet
facet normal -0.6631226582407841 0.748510748171111 0
  outer loop
    vertex 80.28487122140427 60.09471774751698 -10
    vertex 80.48336182298821 60.270565075935124 -5.0000000000000036
    vertex 80.48336182298821 60.270565075935124 -10
  endloop
endfacet
facet normal -0.4647231720437599 0.8854560256532144 0
  outer loop
    vertex 80.05006537574678 59.971482133046045 -10
    vertex 80.05006537574678 59.971482133046045 -5.0000000000000036
    vertex 80.28487122140427 60.09471774751698 -5.0000000000000036
  endloop
endfacet
facet normal -0.4647231720437599 0.8854560256532144 0
  outer loop
    vertex 80.05006537574678 59.971482133046045 -10
    vertex 80.28487122140427 60.09471774751698 -5.0000000000000036
    vertex 80.28487122140427 60.09471774751698 -10
  endloop
endfacet
facet normal -0.23931566428757436 0.970941817426048 0
  outer loop
    vertex 79.79259034828087 59.90802023849214 -10
    vertex 79.79259034828087 59.90802023849214 -5.0000000000000036
    vertex 80.05006537574678 59.971482133046045 -5.0000000000000036
  endloop
endfacet
facet normal -0.23931566428757436 0.970941817426048 0
  outer loop
    vertex 79.79259034828087 59.90802023849214 -10
    vertex 80.05006537574678 59.971482133046045 -5.0000000000000036
    vertex 80.05006537574678 59.971482133046045 -10
  endloop
endfacet
facet normal 0 1 0
  outer loop
    vertex 79.52740965171915 59.90802023849214 -10
    vertex 79.52740965171915 59.90802023849214 -5.0000000000000036
    vertex 79.79259034828087 59.90802023849214 -5.0000000000000036
  endloop
endfacet
facet normal 0.2393156642875494 0.970941817426054 0
  outer loop
    vertex 79.52740965171915 59.90802023849214 -10
    vertex 79.26993462425321 59.971482133046045 -5.0000000000000036
    vertex 79.52740965171915 59.90802023849214 -5.0000000000000036
  endloop
endfacet
facet normal 0 1 0
  outer loop
    vertex 79.52740965171915 59.90802023849214 -10
    vertex 79.79259034828087 59.90802023849214 -5.0000000000000036
    vertex 79.79259034828087 59.90802023849214 -10
  endloop
endfacet
facet normal 0.2393156642875494 0.970941817426054 0
  outer loop
    vertex 79.26993462425321 59.971482133046045 -10
    vertex 79.26993462425321 59.971482133046045 -5.0000000000000036
    vertex 79.52740965171915 59.90802023849214 -10
  endloop
endfacet
facet normal 0.464723172043782 0.8854560256532028 0
  outer loop
    vertex 79.03512877859573 60.09471774751698 -10
    vertex 79.03512877859573 60.09471774751698 -5.0000000000000036
    vertex 79.26993462425321 59.971482133046045 -5.0000000000000036
  endloop
endfacet
facet normal 0.464723172043782 0.8854560256532028 0
  outer loop
    vertex 79.03512877859573 60.09471774751698 -10
    vertex 79.26993462425321 59.971482133046045 -5.0000000000000036
    vertex 79.26993462425321 59.971482133046045 -10
  endloop
endfacet
facet normal 0.6631226582407841 0.748510748171111 0
  outer loop
    vertex 78.83663817701179 60.270565075935124 -10
    vertex 78.83663817701179 60.270565075935124 -5.0000000000000036
    vertex 79.03512877859573 60.09471774751698 -5.0000000000000036
  endloop
endfacet
facet normal 0.6631226582407841 0.748510748171111 0
  outer loop
    vertex 78.83663817701179 60.270565075935124 -10
    vertex 79.03512877859573 60.09471774751698 -5.0000000000000036
    vertex 79.03512877859573 60.09471774751698 -10
  endloop
endfacet
facet normal 0.8229838658936455 0.5680647467311716 0
  outer loop
    vertex 78.68599837178147 60.488804510751855 -10
    vertex 78.68599837178147 60.488804510751855 -5.0000000000000036
    vertex 78.83663817701179 60.270565075935124 -5.0000000000000036
  endloop
endfacet
facet normal 0.8229838658936455 0.5680647467311716 0
  outer loop
    vertex 78.68599837178147 60.488804510751855 -10
    vertex 78.83663817701179 60.270565075935124 -5.0000000000000036
    vertex 78.83663817701179 60.270565075935124 -10
  endloop
endfacet
facet normal 0.9350162426854343 0.3546048870424847 0
  outer loop
    vertex 78.59196400083135 60.73675276928369 -10
    vertex 78.68599837178147 60.488804510751855 -5.0000000000000036
    vertex 78.68599837178147 60.488804510751855 -10
  endloop
endfacet
facet normal 0.9350162426854343 0.3546048870424847 0
  outer loop
    vertex 78.59196400083135 60.73675276928369 -10
    vertex 78.59196400083135 60.73675276928369 -5.0000000000000036
    vertex 78.68599837178147 60.488804510751855 -5.0000000000000036
  endloop
endfacet
facet normal 0.99270887409805 0.12053668025535648 0
  outer loop
    vertex 78.56 61 -10
    vertex 78.59196400083135 60.73675276928369 -5.0000000000000036
    vertex 78.59196400083135 60.73675276928369 -10
  endloop
endfacet
facet normal 0.99270887409805 0.12053668025535648 0
  outer loop
    vertex 78.56 61 -10
    vertex 78.56 61 -5.0000000000000036
    vertex 78.59196400083135 60.73675276928369 -5.0000000000000036
  endloop
endfacet
facet normal 0.9927088740980503 -0.12053668025535326 0
  outer loop
    vertex 78.59196400083135 61.26324723071632 -10
    vertex 78.56 61 -5.0000000000000036
    vertex 78.56 61 -10
  endloop
endfacet
facet normal 0.9927088740980503 -0.12053668025535326 0
  outer loop
    vertex 78.59196400083135 61.26324723071632 -10
    vertex 78.59196400083135 61.26324723071632 -5.0000000000000036
    vertex 78.56 61 -5.0000000000000036
  endloop
endfacet
facet normal 0.9350162426854308 -0.3546048870424936 0
  outer loop
    vertex 78.68599837178147 61.511195489248145 -10
    vertex 78.59196400083135 61.26324723071632 -5.0000000000000036
    vertex 78.59196400083135 61.26324723071632 -10
  endloop
endfacet
facet normal 0.9350162426854308 -0.3546048870424936 0
  outer loop
    vertex 78.68599837178147 61.511195489248145 -10
    vertex 78.68599837178147 61.511195489248145 -5.0000000000000036
    vertex 78.59196400083135 61.26324723071632 -5.0000000000000036
  endloop
endfacet
facet normal 0.8229838658936455 -0.5680647467311716 0
  outer loop
    vertex 78.83663817701179 61.729434924064876 -10
    vertex 78.68599837178147 61.511195489248145 -5.0000000000000036
    vertex 78.68599837178147 61.511195489248145 -10
  endloop
endfacet
facet normal 0.8229838658936455 -0.5680647467311716 0
  outer loop
    vertex 78.83663817701179 61.729434924064876 -10
    vertex 78.83663817701179 61.729434924064876 -5.0000000000000036
    vertex 78.68599837178147 61.511195489248145 -5.0000000000000036
  endloop
endfacet
facet normal 0.6631226582407991 -0.7485107481710978 0
  outer loop
    vertex 78.83663817701179 61.729434924064876 -10
    vertex 79.03512877859573 61.905282252483026 -5.0000000000000036
    vertex 78.83663817701179 61.729434924064876 -5.0000000000000036
  endloop
endfacet
facet normal 0.6631226582407991 -0.7485107481710978 0
  outer loop
    vertex 79.03512877859573 61.905282252483026 -10
    vertex 79.03512877859573 61.905282252483026 -5.0000000000000036
    vertex 78.83663817701179 61.729434924064876 -10
  endloop
endfacet
facet normal 0.46472317204376096 -0.8854560256532138 0
  outer loop
    vertex 79.26993462425321 62.028517866953955 -10
    vertex 79.03512877859573 61.905282252483026 -5.0000000000000036
    vertex 79.03512877859573 61.905282252483026 -10
  endloop
endfacet
facet normal 0.46472317204376096 -0.8854560256532138 0
  outer loop
    vertex 79.26993462425321 62.028517866953955 -10
    vertex 79.26993462425321 62.028517866953955 -5.0000000000000036
    vertex 79.03512877859573 61.905282252483026 -5.0000000000000036
  endloop
endfacet
facet normal 0.2393156642875494 -0.970941817426054 0
  outer loop
    vertex 79.26993462425321 62.028517866953955 -10
    vertex 79.52740965171915 62.09197976150786 -5.0000000000000036
    vertex 79.26993462425321 62.028517866953955 -5.0000000000000036
  endloop
endfacet
facet normal 0.2393156642875494 -0.970941817426054 0
  outer loop
    vertex 79.52740965171915 62.09197976150786 -10
    vertex 79.52740965171915 62.09197976150786 -5.0000000000000036
    vertex 79.26993462425321 62.028517866953955 -10
  endloop
endfacet
facet normal 2.6794662845859802e-14 -0.9999999999999999 0
  outer loop
    vertex 79.79259034828085 62.091979761507865 -10
    vertex 79.52740965171915 62.09197976150786 -5.0000000000000036
    vertex 79.52740965171915 62.09197976150786 -10
  endloop
endfacet
facet normal 2.6794662845859802e-14 -0.9999999999999999 0
  outer loop
    vertex 79.79259034828085 62.091979761507865 -10
    vertex 79.79259034828085 62.091979761507865 -5.0000000000000036
    vertex 79.52740965171915 62.09197976150786 -5.0000000000000036
  endloop
endfacet
facet normal -0.2393156642875619 -0.970941817426051 0
  outer loop
    vertex 79.79259034828085 62.091979761507865 -10
    vertex 80.05006537574678 62.02851786695396 -5.0000000000000036
    vertex 79.79259034828085 62.091979761507865 -5.0000000000000036
  endloop
endfacet
facet normal -0.2393156642875619 -0.970941817426051 0
  outer loop
    vertex 80.05006537574678 62.02851786695396 -10
    vertex 80.05006537574678 62.02851786695396 -5.0000000000000036
    vertex 79.79259034828085 62.091979761507865 -10
  endloop
endfacet
facet normal -0.4647231720437599 -0.8854560256532144 0
  outer loop
    vertex 80.28487122140427 61.905282252483026 -10
    vertex 80.05006537574678 62.02851786695396 -5.0000000000000036
    vertex 80.05006537574678 62.02851786695396 -10
  endloop
endfacet
facet normal -0.4647231720437599 -0.8854560256532144 0
  outer loop
    vertex 80.28487122140427 61.905282252483026 -10
    vertex 80.28487122140427 61.905282252483026 -5.0000000000000036
    vertex 80.05006537574678 62.02851786695396 -5.0000000000000036
  endloop
endfacet
facet normal -0.6631226582407841 -0.748510748171111 0
  outer loop
    vertex 80.48336182298821 61.72943492406488 -10
    vertex 80.28487122140427 61.905282252483026 -5.0000000000000036
    vertex 80.28487122140427 61.905282252483026 -10
  endloop
endfacet
facet normal -0.6631226582407841 -0.748510748171111 0
  outer loop
    vertex 80.48336182298821 61.72943492406488 -10
    vertex 80.48336182298821 61.72943492406488 -5.0000000000000036
    vertex 80.28487122140427 61.905282252483026 -5.0000000000000036
  endloop
endfacet
facet normal -0.8229838658936706 -0.5680647467311354 0
  outer loop
    vertex 80.48336182298821 61.72943492406488 -10
    vertex 80.63400162821853 61.51119548924815 -5.0000000000000036
    vertex 80.48336182298821 61.72943492406488 -5.0000000000000036
  endloop
endfacet
facet normal -0.8229838658936706 -0.5680647467311354 0
  outer loop
    vertex 80.63400162821853 61.51119548924815 -10
    vertex 80.63400162821853 61.51119548924815 -5.0000000000000036
    vertex 80.48336182298821 61.72943492406488 -10
  endloop
endfacet
facet normal -0.9350162426853987 -0.3546048870425785 0
  outer loop
    vertex 80.72803599916867 61.26324723071632 -10
    vertex 80.72803599916867 61.26324723071632 -5.0000000000000036
    vertex 80.63400162821853 61.51119548924815 -5.0000000000000036
  endloop
endfacet
facet normal -0.9350162426853987 -0.3546048870425785 0
  outer loop
    vertex 80.72803599916867 61.26324723071632 -10
    vertex 80.63400162821853 61.51119548924815 -5.0000000000000036
    vertex 80.63400162821853 61.51119548924815 -10
  endloop
endfacet
facet normal -0.9927088740980566 -0.12053668025530044 0
  outer loop
    vertex 80.76 61 -10
    vertex 80.76 61 -5.000000000000004
    vertex 80.72803599916867 61.26324723071632 -5.0000000000000036
  endloop
endfacet
facet normal -0.9927088740980567 -0.12053668025530045 0
  outer loop
    vertex 80.76 61 -10
    vertex 80.72803599916867 61.26324723071632 -5.0000000000000036
    vertex 80.72803599916867 61.26324723071632 -10
  endloop
endfacet
facet normal -0.9927088740980536 -0.12053668025532634 0
  outer loop
    vertex 8.53897781659471 11.50256289500387 0
    vertex 8.600000000000001 11 -10
    vertex 8.600000000000001 11 0
  endloop
endfacet
facet normal -0.9927088740980536 -0.12053668025532634 0
  outer loop
    vertex 8.53897781659471 11.50256289500387 0
    vertex 8.53897781659471 11.50256289500387 -10
    vertex 8.600000000000001 11 -10
  endloop
endfacet
facet normal -0.9350162426854145 -0.3546048870425362 0
  outer loop
    vertex 8.35945765387174 11.975918661291914 0
    vertex 8.35945765387174 11.975918661291914 -10
    vertex 8.53897781659471 11.50256289500387 -10
  endloop
endfacet
facet normal -0.8229838658936565 -0.5680647467311557 0
  outer loop
    vertex 8.35945765387174 11.975918661291914 0
    vertex 8.071872571159311 12.39255758230567 -10
    vertex 8.35945765387174 11.975918661291914 -10
  endloop
endfacet
facet normal -0.9350162426854145 -0.3546048870425362 0
  outer loop
    vertex 8.35945765387174 11.975918661291914 0
    vertex 8.53897781659471 11.50256289500387 -10
    vertex 8.53897781659471 11.50256289500387 0
  endloop
endfacet
facet normal -0.8229838658936565 -0.5680647467311557 0
  outer loop
    vertex 8.071872571159311 12.39255758230567 0
    vertex 8.071872571159311 12.39255758230567 -10
    vertex 8.35945765387174 11.975918661291914 0
  endloop
endfacet
facet normal -0.6631226582407976 -0.748510748171099 0
  outer loop
    vertex 7.692935968135426 12.72826611837668 0
    vertex 7.692935968135426 12.72826611837668 -10
    vertex 8.071872571159311 12.39255758230567 -10
  endloop
endfacet
facet normal -0.6631226582407976 -0.748510748171099 0
  outer loop
    vertex 7.692935968135426 12.72826611837668 0
    vertex 8.071872571159311 12.39255758230567 -10
    vertex 8.071872571159311 12.39255758230567 0
  endloop
endfacet
facet normal -0.4647231720437615 -0.8854560256532135 0
  outer loop
    vertex 7.244670262789324 12.963534109639369 0
    vertex 7.244670262789324 12.963534109639369 -10
    vertex 7.692935968135426 12.72826611837668 -10
  endloop
endfacet
facet normal -0.2393156642875639 -0.9709418174260505 0
  outer loop
    vertex 7.244670262789324 12.963534109639369 0
    vertex 6.753127028536177 13.084688635605914 -10
    vertex 7.244670262789324 12.963534109639369 -10
  endloop
endfacet
facet normal -0.4647231720437615 -0.8854560256532135 0
  outer loop
    vertex 7.244670262789324 12.963534109639369 0
    vertex 7.692935968135426 12.72826611837668 -10
    vertex 7.692935968135426 12.72826611837668 0
  endloop
endfacet
facet normal -0.2393156642875639 -0.9709418174260505 0
  outer loop
    vertex 6.753127028536177 13.084688635605914 0
    vertex 6.753127028536177 13.084688635605914 -10
    vertex 7.244670262789324 12.963534109639369 0
  endloop
endfacet
facet normal 0 -0.9999999999999999 0
  outer loop
    vertex 6.246872971463823 13.084688635605914 0
    vertex 6.246872971463823 13.084688635605914 -10
    vertex 6.753127028536177 13.084688635605914 -10
  endloop
endfacet
facet normal 0 -0.9999999999999999 0
  outer loop
    vertex 6.246872971463823 13.084688635605914 0
    vertex 6.753127028536177 13.084688635605914 -10
    vertex 6.753127028536177 13.084688635605914 0
  endloop
endfacet
facet normal 0.2393156642875639 -0.9709418174260505 0
  outer loop
    vertex 5.755329737210676 12.963534109639369 0
    vertex 5.755329737210676 12.963534109639369 -10
    vertex 6.246872971463823 13.084688635605914 -10
  endloop
endfacet
facet normal 0.2393156642875639 -0.9709418174260505 0
  outer loop
    vertex 5.755329737210676 12.963534109639369 0
    vertex 6.246872971463823 13.084688635605914 -10
    vertex 6.246872971463823 13.084688635605914 0
  endloop
endfacet
facet normal 0.4647231720437615 -0.8854560256532135 0
  outer loop
    vertex 5.307064031864574 12.72826611837668 0
    vertex 5.307064031864574 12.72826611837668 -10
    vertex 5.755329737210676 12.963534109639369 -10
  endloop
endfacet
facet normal 0.4647231720437615 -0.8854560256532135 0
  outer loop
    vertex 5.307064031864574 12.72826611837668 0
    vertex 5.755329737210676 12.963534109639369 -10
    vertex 5.755329737210676 12.963534109639369 0
  endloop
endfacet
facet normal 0.6631226582407976 -0.748510748171099 0
  outer loop
    vertex 4.928127428840689 12.39255758230567 0
    vertex 4.928127428840689 12.39255758230567 -10
    vertex 5.307064031864574 12.72826611837668 -10
  endloop
endfacet
facet normal 0.8229838658936565 -0.5680647467311557 0
  outer loop
    vertex 4.928127428840689 12.39255758230567 0
    vertex 4.64054234612826 11.975918661291914 -10
    vertex 4.928127428840689 12.39255758230567 -10
  endloop
endfacet
facet normal 0.6631226582407976 -0.748510748171099 0
  outer loop
    vertex 4.928127428840689 12.39255758230567 0
    vertex 5.307064031864574 12.72826611837668 -10
    vertex 5.307064031864574 12.72826611837668 0
  endloop
endfacet
facet normal 0.8229838658936565 -0.5680647467311557 0
  outer loop
    vertex 4.64054234612826 11.975918661291914 0
    vertex 4.64054234612826 11.975918661291914 -10
    vertex 4.928127428840689 12.39255758230567 0
  endloop
endfacet
facet normal 0.9350162426854128 -0.35460488704254084 0
  outer loop
    vertex 4.64054234612826 11.975918661291914 0
    vertex 4.461022183405291 11.502562895003877 -10
    vertex 4.64054234612826 11.975918661291914 -10
  endloop
endfacet
facet normal 0.9350162426854128 -0.35460488704254084 0
  outer loop
    vertex 4.461022183405291 11.502562895003877 0
    vertex 4.461022183405291 11.502562895003877 -10
    vertex 4.64054234612826 11.975918661291914 0
  endloop
endfacet
facet normal 0.9927088740980539 -0.12053668025532466 0
  outer loop
    vertex 4.399999999999999 11 0
    vertex 4.461022183405291 11.502562895003877 -10
    vertex 4.461022183405291 11.502562895003877 0
  endloop
endfacet
facet normal 0.9927088740980539 -0.12053668025532466 0
  outer loop
    vertex 4.399999999999999 11 0
    vertex 4.399999999999999 11 -10
    vertex 4.461022183405291 11.502562895003877 -10
  endloop
endfacet
facet normal 0.9927088740980536 0.12053668025532634 0
  outer loop
    vertex 4.399999999999999 11 0
    vertex 4.461022183405291 10.49743710499613 -10
    vertex 4.399999999999999 11 -10
  endloop
endfacet
facet normal 0.9927088740980536 0.12053668025532634 0
  outer loop
    vertex 4.461022183405291 10.49743710499613 0
    vertex 4.461022183405291 10.49743710499613 -10
    vertex 4.399999999999999 11 0
  endloop
endfacet
facet normal 0.9350162426854169 0.35460488704253007 0
  outer loop
    vertex 4.461022183405291 10.49743710499613 0
    vertex 4.640542346128257 10.024081338708086 -10
    vertex 4.461022183405291 10.49743710499613 -10
  endloop
endfacet
facet normal 0.9350162426854169 0.35460488704253007 0
  outer loop
    vertex 4.640542346128257 10.024081338708086 0
    vertex 4.640542346128257 10.024081338708086 -10
    vertex 4.461022183405291 10.49743710499613 0
  endloop
endfacet
facet normal 0.8229838658936565 0.5680647467311557 0
  outer loop
    vertex 4.9281274288406856 9.60744241769433 0
    vertex 4.640542346128257 10.024081338708086 -10
    vertex 4.640542346128257 10.024081338708086 0
  endloop
endfacet
facet normal 0.8229838658936565 0.5680647467311557 0
  outer loop
    vertex 4.9281274288406856 9.60744241769433 0
    vertex 4.9281274288406856 9.60744241769433 -10
    vertex 4.640542346128257 10.024081338708086 -10
  endloop
endfacet
facet normal 0.6631226582407898 0.748510748171106 0
  outer loop
    vertex 5.30706403186457 9.271733881623327 0
    vertex 4.9281274288406856 9.60744241769433 -10
    vertex 4.9281274288406856 9.60744241769433 0
  endloop
endfacet
facet normal 0.6631226582407898 0.748510748171106 0
  outer loop
    vertex 5.30706403186457 9.271733881623327 0
    vertex 5.30706403186457 9.271733881623327 -10
    vertex 4.9281274288406856 9.60744241769433 -10
  endloop
endfacet
facet normal 0.4647231720437725 0.8854560256532078 0
  outer loop
    vertex 5.755329737210673 9.036465890360631 0
    vertex 5.30706403186457 9.271733881623327 -10
    vertex 5.30706403186457 9.271733881623327 0
  endloop
endfacet
facet normal 0.4647231720437725 0.8854560256532078 0
  outer loop
    vertex 5.755329737210673 9.036465890360631 0
    vertex 5.755329737210673 9.036465890360631 -10
    vertex 5.30706403186457 9.271733881623327 -10
  endloop
endfacet
facet normal 0.2393156642875655 0.97094181742605 0
  outer loop
    vertex 6.246872971463816 8.915311364394086 0
    vertex 5.755329737210673 9.036465890360631 -10
    vertex 5.755329737210673 9.036465890360631 0
  endloop
endfacet
facet normal 0.2393156642875655 0.97094181742605 0
  outer loop
    vertex 6.246872971463816 8.915311364394086 0
    vertex 6.246872971463816 8.915311364394086 -10
    vertex 5.755329737210673 9.036465890360631 -10
  endloop
endfacet
facet normal 0 0.9999999999999999 0
  outer loop
    vertex 6.246872971463816 8.915311364394086 0
    vertex 6.7531270285361735 8.915311364394086 -10
    vertex 6.246872971463816 8.915311364394086 -10
  endloop
endfacet
facet normal 0 0.9999999999999999 0
  outer loop
    vertex 6.7531270285361735 8.915311364394086 0
    vertex 6.7531270285361735 8.915311364394086 -10
    vertex 6.246872971463816 8.915311364394086 0
  endloop
endfacet
facet normal -0.23931566428755072 0.9709418174260539 0
  outer loop
    vertex 7.24467026278932 9.036465890360624 0
    vertex 6.7531270285361735 8.915311364394086 -10
    vertex 6.7531270285361735 8.915311364394086 0
  endloop
endfacet
facet normal -0.23931566428755072 0.9709418174260539 0
  outer loop
    vertex 7.24467026278932 9.036465890360624 0
    vertex 7.24467026278932 9.036465890360624 -10
    vertex 6.7531270285361735 8.915311364394086 -10
  endloop
endfacet
facet normal -0.4647231720437725 0.8854560256532078 0
  outer loop
    vertex 7.692935968135423 9.27173388162332 0
    vertex 7.24467026278932 9.036465890360624 -10
    vertex 7.24467026278932 9.036465890360624 0
  endloop
endfacet
facet normal -0.4647231720437725 0.8854560256532078 0
  outer loop
    vertex 7.692935968135423 9.27173388162332 0
    vertex 7.692935968135423 9.27173388162332 -10
    vertex 7.24467026278932 9.036465890360624 -10
  endloop
endfacet
facet normal -0.6631226582407898 0.748510748171106 0
  outer loop
    vertex 7.692935968135423 9.27173388162332 0
    vertex 8.071872571159307 9.607442417694323 -10
    vertex 7.692935968135423 9.27173388162332 -10
  endloop
endfacet
facet normal -0.6631226582407898 0.748510748171106 0
  outer loop
    vertex 8.071872571159307 9.607442417694323 0
    vertex 8.071872571159307 9.607442417694323 -10
    vertex 7.692935968135423 9.27173388162332 0
  endloop
endfacet
facet normal -0.8229838658936565 0.5680647467311557 0
  outer loop
    vertex 8.071872571159307 9.607442417694323 0
    vertex 8.359457653871736 10.02408133870808 -10
    vertex 8.071872571159307 9.607442417694323 -10
  endloop
endfacet
facet normal -0.8229838658936565 0.5680647467311557 0
  outer loop
    vertex 8.359457653871736 10.02408133870808 0
    vertex 8.359457653871736 10.02408133870808 -10
    vertex 8.071872571159307 9.607442417694323 0
  endloop
endfacet
facet normal -0.9350162426854123 0.35460488704254234 0
  outer loop
    vertex 8.53897781659471 10.497437104996123 0
    vertex 8.53897781659471 10.497437104996123 -10
    vertex 8.359457653871736 10.02408133870808 -10
  endloop
endfacet
facet normal -0.9927088740980539 0.12053668025532466 0
  outer loop
    vertex 8.53897781659471 10.497437104996123 0
    vertex 8.600000000000001 11 -10
    vertex 8.53897781659471 10.497437104996123 -10
  endloop
endfacet
facet normal -0.9350162426854123 0.35460488704254234 0
  outer loop
    vertex 8.53897781659471 10.497437104996123 0
    vertex 8.359457653871736 10.02408133870808 -10
    vertex 8.359457653871736 10.02408133870808 0
  endloop
endfacet
facet normal -0.9927088740980539 0.12053668025532466 0
  outer loop
    vertex 8.600000000000001 11 0
    vertex 8.600000000000001 11 -10
    vertex 8.53897781659471 10.497437104996123 0
  endloop
endfacet
facet normal -0.9927088740980539 -0.12053668025532466 0
  outer loop
    vertex 8.53897781659471 111.50256289500388 0
    vertex 8.600000000000001 111 -10
    vertex 8.600000000000001 111 0
  endloop
endfacet
facet normal -0.9927088740980539 -0.12053668025532466 0
  outer loop
    vertex 8.53897781659471 111.50256289500388 0
    vertex 8.53897781659471 111.50256289500388 -10
    vertex 8.600000000000001 111 -10
  endloop
endfacet
facet normal -0.9350162426854128 -0.35460488704254084 0
  outer loop
    vertex 8.35945765387174 111.97591866129191 0
    vertex 8.35945765387174 111.97591866129191 -10
    vertex 8.53897781659471 111.50256289500388 -10
  endloop
endfacet
facet normal -0.8229838658936565 -0.5680647467311557 0
  outer loop
    vertex 8.35945765387174 111.97591866129191 0
    vertex 8.071872571159311 112.39255758230567 -10
    vertex 8.35945765387174 111.97591866129191 -10
  endloop
endfacet
facet normal -0.9350162426854128 -0.35460488704254084 0
  outer loop
    vertex 8.35945765387174 111.97591866129191 0
    vertex 8.53897781659471 111.50256289500388 -10
    vertex 8.53897781659471 111.50256289500388 0
  endloop
endfacet
facet normal -0.8229838658936565 -0.5680647467311557 0
  outer loop
    vertex 8.071872571159311 112.39255758230567 0
    vertex 8.071872571159311 112.39255758230567 -10
    vertex 8.35945765387174 111.97591866129191 0
  endloop
endfacet
facet normal -0.6631226582407976 -0.748510748171099 0
  outer loop
    vertex 7.692935968135426 112.72826611837668 0
    vertex 7.692935968135426 112.72826611837668 -10
    vertex 8.071872571159311 112.39255758230567 -10
  endloop
endfacet
facet normal -0.6631226582407976 -0.748510748171099 0
  outer loop
    vertex 7.692935968135426 112.72826611837668 0
    vertex 8.071872571159311 112.39255758230567 -10
    vertex 8.071872571159311 112.39255758230567 0
  endloop
endfacet
facet normal -0.4647231720437615 -0.8854560256532135 0
  outer loop
    vertex 7.244670262789324 112.96353410963937 0
    vertex 7.244670262789324 112.96353410963937 -10
    vertex 7.692935968135426 112.72826611837668 -10
  endloop
endfacet
facet normal -0.2393156642875639 -0.9709418174260505 0
  outer loop
    vertex 7.244670262789324 112.96353410963937 0
    vertex 6.753127028536177 113.08468863560591 -10
    vertex 7.244670262789324 112.96353410963937 -10
  endloop
endfacet
facet normal -0.4647231720437615 -0.8854560256532135 0
  outer loop
    vertex 7.244670262789324 112.96353410963937 0
    vertex 7.692935968135426 112.72826611837668 -10
    vertex 7.692935968135426 112.72826611837668 0
  endloop
endfacet
facet normal -0.2393156642875639 -0.9709418174260505 0
  outer loop
    vertex 6.753127028536177 113.08468863560591 0
    vertex 6.753127028536177 113.08468863560591 -10
    vertex 7.244670262789324 112.96353410963937 0
  endloop
endfacet
facet normal 0 -0.9999999999999999 0
  outer loop
    vertex 6.246872971463823 113.08468863560591 0
    vertex 6.246872971463823 113.08468863560591 -10
    vertex 6.753127028536177 113.08468863560591 -10
  endloop
endfacet
facet normal 0 -0.9999999999999999 0
  outer loop
    vertex 6.246872971463823 113.08468863560591 0
    vertex 6.753127028536177 113.08468863560591 -10
    vertex 6.753127028536177 113.08468863560591 0
  endloop
endfacet
facet normal 0.2393156642875639 -0.9709418174260505 0
  outer loop
    vertex 5.755329737210676 112.96353410963937 0
    vertex 5.755329737210676 112.96353410963937 -10
    vertex 6.246872971463823 113.08468863560591 -10
  endloop
endfacet
facet normal 0.2393156642875639 -0.9709418174260505 0
  outer loop
    vertex 5.755329737210676 112.96353410963937 0
    vertex 6.246872971463823 113.08468863560591 -10
    vertex 6.246872971463823 113.08468863560591 0
  endloop
endfacet
facet normal 0.4647231720437615 -0.8854560256532135 0
  outer loop
    vertex 5.307064031864574 112.72826611837668 0
    vertex 5.307064031864574 112.72826611837668 -10
    vertex 5.755329737210676 112.96353410963937 -10
  endloop
endfacet
facet normal 0.4647231720437615 -0.8854560256532135 0
  outer loop
    vertex 5.307064031864574 112.72826611837668 0
    vertex 5.755329737210676 112.96353410963937 -10
    vertex 5.755329737210676 112.96353410963937 0
  endloop
endfacet
facet normal 0.6631226582407976 -0.748510748171099 0
  outer loop
    vertex 4.928127428840689 112.39255758230567 0
    vertex 4.928127428840689 112.39255758230567 -10
    vertex 5.307064031864574 112.72826611837668 -10
  endloop
endfacet
facet normal 0.8229838658936565 -0.5680647467311557 0
  outer loop
    vertex 4.928127428840689 112.39255758230567 0
    vertex 4.64054234612826 111.97591866129191 -10
    vertex 4.928127428840689 112.39255758230567 -10
  endloop
endfacet
facet normal 0.6631226582407976 -0.748510748171099 0
  outer loop
    vertex 4.928127428840689 112.39255758230567 0
    vertex 5.307064031864574 112.72826611837668 -10
    vertex 5.307064031864574 112.72826611837668 0
  endloop
endfacet
facet normal 0.8229838658936565 -0.5680647467311557 0
  outer loop
    vertex 4.64054234612826 111.97591866129191 0
    vertex 4.64054234612826 111.97591866129191 -10
    vertex 4.928127428840689 112.39255758230567 0
  endloop
endfacet
facet normal 0.9350162426854128 -0.35460488704254084 0
  outer loop
    vertex 4.64054234612826 111.97591866129191 0
    vertex 4.461022183405291 111.50256289500388 -10
    vertex 4.64054234612826 111.97591866129191 -10
  endloop
endfacet
facet normal 0.9350162426854128 -0.35460488704254084 0
  outer loop
    vertex 4.461022183405291 111.50256289500388 0
    vertex 4.461022183405291 111.50256289500388 -10
    vertex 4.64054234612826 111.97591866129191 0
  endloop
endfacet
facet normal 0.9927088740980539 -0.12053668025532466 0
  outer loop
    vertex 4.399999999999999 111 0
    vertex 4.461022183405291 111.50256289500388 -10
    vertex 4.461022183405291 111.50256289500388 0
  endloop
endfacet
facet normal 0.9927088740980539 -0.12053668025532466 0
  outer loop
    vertex 4.399999999999999 111 0
    vertex 4.399999999999999 111 -10
    vertex 4.461022183405291 111.50256289500388 -10
  endloop
endfacet
facet normal 0.9927088740980539 0.12053668025532466 0
  outer loop
    vertex 4.399999999999999 111 0
    vertex 4.461022183405291 110.49743710499612 -10
    vertex 4.399999999999999 111 -10
  endloop
endfacet
facet normal 0.9927088740980539 0.12053668025532466 0
  outer loop
    vertex 4.461022183405291 110.49743710499612 0
    vertex 4.461022183405291 110.49743710499612 -10
    vertex 4.399999999999999 111 0
  endloop
endfacet
facet normal 0.9350162426854152 0.35460488704253473 0
  outer loop
    vertex 4.461022183405291 110.49743710499612 0
    vertex 4.640542346128257 110.02408133870809 -10
    vertex 4.461022183405291 110.49743710499612 -10
  endloop
endfacet
facet normal 0.9350162426854152 0.35460488704253473 0
  outer loop
    vertex 4.640542346128257 110.02408133870809 0
    vertex 4.640542346128257 110.02408133870809 -10
    vertex 4.461022183405291 110.49743710499612 0
  endloop
endfacet
facet normal 0.8229838658936565 0.5680647467311557 0
  outer loop
    vertex 4.9281274288406856 109.60744241769433 0
    vertex 4.640542346128257 110.02408133870809 -10
    vertex 4.640542346128257 110.02408133870809 0
  endloop
endfacet
facet normal 0.8229838658936565 0.5680647467311557 0
  outer loop
    vertex 4.9281274288406856 109.60744241769433 0
    vertex 4.9281274288406856 109.60744241769433 -10
    vertex 4.640542346128257 110.02408133870809 -10
  endloop
endfacet
facet normal 0.663122658240782 0.748510748171113 0
  outer loop
    vertex 5.30706403186457 109.27173388162333 0
    vertex 4.9281274288406856 109.60744241769433 -10
    vertex 4.9281274288406856 109.60744241769433 0
  endloop
endfacet
facet normal 0.663122658240782 0.748510748171113 0
  outer loop
    vertex 5.30706403186457 109.27173388162333 0
    vertex 5.30706403186457 109.27173388162333 -10
    vertex 4.9281274288406856 109.60744241769433 -10
  endloop
endfacet
facet normal 0.46472317204378355 0.885456025653202 0
  outer loop
    vertex 5.755329737210673 109.03646589036063 0
    vertex 5.30706403186457 109.27173388162333 -10
    vertex 5.30706403186457 109.27173388162333 0
  endloop
endfacet
facet normal 0.46472317204378355 0.885456025653202 0
  outer loop
    vertex 5.755329737210673 109.03646589036063 0
    vertex 5.755329737210673 109.03646589036063 -10
    vertex 5.30706403186457 109.27173388162333 -10
  endloop
endfacet
facet normal 0.2393156642875655 0.97094181742605 0
  outer loop
    vertex 6.246872971463816 108.91531136439409 0
    vertex 5.755329737210673 109.03646589036063 -10
    vertex 5.755329737210673 109.03646589036063 0
  endloop
endfacet
facet normal 0.2393156642875655 0.97094181742605 0
  outer loop
    vertex 6.246872971463816 108.91531136439409 0
    vertex 6.246872971463816 108.91531136439409 -10
    vertex 5.755329737210673 109.03646589036063 -10
  endloop
endfacet
facet normal 0 0.9999999999999999 0
  outer loop
    vertex 6.246872971463816 108.91531136439409 0
    vertex 6.7531270285361735 108.91531136439409 -10
    vertex 6.246872971463816 108.91531136439409 -10
  endloop
endfacet
facet normal 0 0.9999999999999999 0
  outer loop
    vertex 6.7531270285361735 108.91531136439409 0
    vertex 6.7531270285361735 108.91531136439409 -10
    vertex 6.246872971463816 108.91531136439409 0
  endloop
endfacet
facet normal -0.2393156642875639 0.9709418174260505 0
  outer loop
    vertex 7.24467026278932 109.03646589036063 0
    vertex 6.7531270285361735 108.91531136439409 -10
    vertex 6.7531270285361735 108.91531136439409 0
  endloop
endfacet
facet normal -0.2393156642875639 0.9709418174260505 0
  outer loop
    vertex 7.24467026278932 109.03646589036063 0
    vertex 7.24467026278932 109.03646589036063 -10
    vertex 6.7531270285361735 108.91531136439409 -10
  endloop
endfacet
facet normal -0.4647231720437615 0.8854560256532135 0
  outer loop
    vertex 7.692935968135423 109.27173388162332 0
    vertex 7.24467026278932 109.03646589036063 -10
    vertex 7.24467026278932 109.03646589036063 0
  endloop
endfacet
facet normal -0.4647231720437615 0.8854560256532135 0
  outer loop
    vertex 7.692935968135423 109.27173388162332 0
    vertex 7.692935968135423 109.27173388162332 -10
    vertex 7.24467026278932 109.03646589036063 -10
  endloop
endfacet
facet normal -0.6631226582407976 0.748510748171099 0
  outer loop
    vertex 7.692935968135423 109.27173388162332 0
    vertex 8.071872571159307 109.60744241769433 -10
    vertex 7.692935968135423 109.27173388162332 -10
  endloop
endfacet
facet normal -0.6631226582407976 0.748510748171099 0
  outer loop
    vertex 8.071872571159307 109.60744241769433 0
    vertex 8.071872571159307 109.60744241769433 -10
    vertex 7.692935968135423 109.27173388162332 0
  endloop
endfacet
facet normal -0.8229838658936475 0.5680647467311689 0
  outer loop
    vertex 8.071872571159307 109.60744241769433 0
    vertex 8.359457653871736 110.02408133870807 -10
    vertex 8.071872571159307 109.60744241769433 -10
  endloop
endfacet
facet normal -0.8229838658936475 0.5680647467311689 0
  outer loop
    vertex 8.359457653871736 110.02408133870807 0
    vertex 8.359457653871736 110.02408133870807 -10
    vertex 8.071872571159307 109.60744241769433 0
  endloop
endfacet
facet normal -0.935016242685414 0.3546048870425376 0
  outer loop
    vertex 8.53897781659471 110.49743710499612 0
    vertex 8.53897781659471 110.49743710499612 -10
    vertex 8.359457653871736 110.02408133870807 -10
  endloop
endfacet
facet normal -0.9927088740980539 0.12053668025532466 0
  outer loop
    vertex 8.53897781659471 110.49743710499612 0
    vertex 8.600000000000001 111 -10
    vertex 8.53897781659471 110.49743710499612 -10
  endloop
endfacet
facet normal -0.935016242685414 0.3546048870425376 0
  outer loop
    vertex 8.53897781659471 110.49743710499612 0
    vertex 8.359457653871736 110.02408133870807 -10
    vertex 8.359457653871736 110.02408133870807 0
  endloop
endfacet
facet normal -0.9927088740980539 0.12053668025532466 0
  outer loop
    vertex 8.600000000000001 111 0
    vertex 8.600000000000001 111 -10
    vertex 8.53897781659471 110.49743710499612 0
  endloop
endfacet
endsolid Model
