solid Model
facet normal 0 0 0.9999999999999999
  outer loop
    vertex 49.59583009487908 9.14325655692577 0
    vertex 52.51754096628727 6.2638388533946525 0
    vertex 52.878462024097665 7.610814578664559 0
  endloop
endfacet
facet normal 0 0 1
  outer loop
    vertex 49.090581290847226 8.69564517549776 0
    vertex 52.51754096628727 6.2638388533946525 0
    vertex 49.59583009487908 9.14325655692577 0
  endloop
endfacet
facet normal 0 0 1
  outer loop
    vertex 49.090581290847226 8.69564517549776 0
    vertex 51.928203230275514 5.000000000000007 0
    vertex 52.51754096628727 6.2638388533946525 0
  endloop
endfacet
facet normal 0 0 1
  outer loop
    vertex 49.979276871828986 9.698775118277439 0
    vertex 49.59583009487908 9.14325655692577 0
    vertex 52.878462024097665 7.610814578664559 0
  endloop
endfacet
facet normal 0 0 1
  outer loop
    vertex 49.979276871828986 9.698775118277439 0
    vertex 52.878462024097665 7.610814578664559 0
    vertex 53 9 0
  endloop
endfacet
facet normal 0 0 0.9999999999999999
  outer loop
    vertex 48.49289368371909 8.381954520480832 0
    vertex 51.12835554495183 3.8576991225076895 0
    vertex 51.928203230275514 5.000000000000007 0
  endloop
endfacet
facet normal 0 0 1
  outer loop
    vertex 48.49289368371909 8.381954520480832 0
    vertex 51.928203230275514 5.000000000000007 0
    vertex 49.090581290847226 8.69564517549776 0
  endloop
endfacet
facet normal 0 0 1
  outer loop
    vertex 50.218637088792946 10.329916139994829 0
    vertex 49.979276871828986 9.698775118277439 0
    vertex 53 9 0
  endloop
endfacet
facet normal 0 0 1
  outer loop
    vertex 47.83750270471489 8.220415152525447 0
    vertex 51.12835554495183 3.8576991225076895 0
    vertex 48.49289368371909 8.381954520480832 0
  endloop
endfacet
facet normal 0 0 1
  outer loop
    vertex 47.83750270471489 8.220415152525447 0
    vertex 50.14230087749232 2.871644455048184 0
    vertex 51.12835554495183 3.8576991225076895 0
  endloop
endfacet
facet normal 0 0 1
  outer loop
    vertex 47.83750270471489 8.220415152525447 0
    vertex 49.000000000000014 2.0717967697245 0
    vertex 50.14230087749232 2.871644455048184 0
  endloop
endfacet
facet normal 0 0 1
  outer loop
    vertex 50.3 11 0
    vertex 50.218637088792946 10.329916139994829 0
    vertex 53 9 0
  endloop
endfacet
facet normal 0 0 1
  outer loop
    vertex 47.16249729528509 8.220415152525447 0
    vertex 49.000000000000014 2.0717967697245 0
    vertex 47.83750270471489 8.220415152525447 0
  endloop
endfacet
facet normal 0 0 1
  outer loop
    vertex 47.16249729528509 8.220415152525447 0
    vertex 47.73616114660536 1.4824590337127361 0
    vertex 49.000000000000014 2.0717967697245 0
  endloop
endfacet
facet normal 0 0 1
  outer loop
    vertex 47.16249729528509 8.220415152525447 0
    vertex 46.389185421335455 1.121537975902335 0
    vertex 47.73616114660536 1.4824590337127361 0
  endloop
endfacet
facet normal 0 0 0.9999999999999999
  outer loop
    vertex 50.218637088792946 11.670083860005164 0
    vertex 50.3 11 0
    vertex 53 9 0
  endloop
endfacet
facet normal 0 0 1
  outer loop
    vertex 46.5071063162809 8.38195452048084 0
    vertex 46.389185421335455 1.121537975902335 0
    vertex 47.16249729528509 8.220415152525447 0
  endloop
endfacet
facet normal 0 0 1
  outer loop
    vertex 46.5071063162809 8.38195452048084 0
    vertex 45 1 0
    vertex 46.389185421335455 1.121537975902335 0
  endloop
endfacet
facet normal 0 0 1
  outer loop
    vertex 49.979276871828986 12.301224881722554 0
    vertex 50.218637088792946 11.670083860005164 0
    vertex 53 9 0
  endloop
endfacet
facet normal 0 0 0.9999999999999999
  outer loop
    vertex 45.90941870915276 8.695645175497766 0
    vertex 45 1 0
    vertex 46.5071063162809 8.38195452048084 0
  endloop
endfacet
facet normal 0 0 1
  outer loop
    vertex 45.90941870915276 8.695645175497766 0
    vertex 42 1 0
    vertex 45 1 0
  endloop
endfacet
facet normal 0 0 1
  outer loop
    vertex 45.40416990512091 9.143256556925778 0
    vertex 42 1 0
    vertex 45.90941870915276 8.695645175497766 0
  endloop
endfacet
facet normal 0 0 1
  outer loop
    vertex 45.020723128171014 9.698775118277453 0
    vertex 42 1 0
    vertex 45.40416990512091 9.143256556925778 0
  endloop
endfacet
facet normal 0 0 1
  outer loop
    vertex 44.781362911207054 10.329916139994843 0
    vertex 42 1 0
    vertex 45.020723128171014 9.698775118277453 0
  endloop
endfacet
facet normal 0 0 1
  outer loop
    vertex 44.7 11 0
    vertex 42 1 0
    vertex 44.781362911207054 10.329916139994843 0
  endloop
endfacet
facet normal 0 0 1
  outer loop
    vertex 44.781362911207054 11.670083860005164 0
    vertex 42 1 0
    vertex 44.7 11 0
  endloop
endfacet
facet normal 0 0 1
  outer loop
    vertex 76.56116780565807 46.337063915755316 0
    vertex 77.47474688535246 42.27970245171896 0
    vertex 79.30857236933312 44.160101656589134 0
  endloop
endfacet
facet normal 0 0 1
  outer loop
    vertex 74.81580316181304 44.592458024366024 0
    vertex 75.45722086854838 40.59791594716735 0
    vertex 77.47474688535246 42.27970245171896 0
  endloop
endfacet
facet normal 0 0 1
  outer loop
    vertex 74.81580316181304 44.592458024366024 0
    vertex 77.47474688535246 42.27970245171896 0
    vertex 76.56116780565807 46.337063915755316 0
  endloop
endfacet
facet normal 0 0 1
  outer loop
    vertex 78.10016416405338 48.26616672926747 0
    vertex 79.30857236933312 44.160101656589134 0
    vertex 80.9392413780649 46.21916349619837 0
  endloop
endfacet
facet normal 0 0 1
  outer loop
    vertex 78.10016416405338 48.26616672926747 0
    vertex 80.9392413780649 46.21916349619837 0
    vertex 82.34945335452866 48.43504238657381 0
  endloop
endfacet
facet normal 0 0 1
  outer loop
    vertex 78.10016416405338 48.26616672926747 0
    vertex 76.56116780565807 46.337063915755316 0
    vertex 79.30857236933312 44.160101656589134 0
  endloop
endfacet
facet normal 0 0 1
  outer loop
    vertex 72.88603134609889 43.054300621650086 0
    vertex 73.27739922923956 39.13258503021572 0
    vertex 75.45722086854838 40.59791594716735 0
  endloop
endfacet
facet normal 0 0 1
  outer loop
    vertex 72.88603134609889 43.054300621650086 0
    vertex 75.45722086854838 40.59791594716735 0
    vertex 74.81580316181304 44.592458024366024 0
  endloop
endfacet
facet normal 0 0 1
  outer loop
    vertex 79.41342775981302 50.35549345917522 0
    vertex 82.34945335452866 48.43504238657381 0
    vertex 83.5242466770971 50.78422899572641 0
  endloop
endfacet
facet normal 0 0 1
  outer loop
    vertex 79.41342775981302 50.35549345917522 0
    vertex 78.10016416405338 48.26616672926747 0
    vertex 82.34945335452866 48.43504238657381 0
  endloop
endfacet
facet normal 0 0 1
  outer loop
    vertex 70.79613378198724 41.74194562860335 0
    vertex 70.958408750581 37.899256106017376 0
    vertex 73.27739922923956 39.13258503021572 0
  endloop
endfacet
facet normal 0 0 1
  outer loop
    vertex 70.79613378198724 41.74194562860335 0
    vertex 73.27739922923956 39.13258503021572 0
    vertex 72.88603134609889 43.054300621650086 0
  endloop
endfacet
facet normal 0 0 1
  outer loop
    vertex 80.48443440637831 52.578755076544496 0
    vertex 83.5242466770971 50.78422899572641 0
    vertex 84.45115739462257 53.24179966553628 0
  endloop
endfacet
facet normal 0 0 1
  outer loop
    vertex 80.48443440637831 52.578755076544496 0
    vertex 79.41342775981302 50.35549345917522 0
    vertex 83.5242466770971 50.78422899572641 0
  endloop
endfacet
facet normal 0 0 1
  outer loop
    vertex 68.57240668095412 40.67190579925805 0
    vertex 68.52485272532442 36.91101415825829 0
    vertex 70.958408750581 37.899256106017376 0
  endloop
endfacet
facet normal 0 0 1
  outer loop
    vertex 68.57240668095412 40.67190579925805 0
    vertex 70.958408750581 37.899256106017376 0
    vertex 70.79613378198724 41.74194562860335 0
  endloop
endfacet
facet normal 0 0 1
  outer loop
    vertex 81.29970812399128 54.907977311889184 0
    vertex 84.45115739462257 53.24179966553628 0
    vertex 85.12035146252927 55.78168083890872 0
  endloop
endfacet
facet normal 0 0 1
  outer loop
    vertex 81.29970812399128 54.907977311889184 0
    vertex 80.48443440637831 52.578755076544496 0
    vertex 84.45115739462257 53.24179966553628 0
  endloop
endfacet
facet normal 0 0 1
  outer loop
    vertex 66.24283016945063 39.85764494835967 0
    vertex 66.00254992757348 36.17834392422998 0
    vertex 68.52485272532442 36.91101415825829 0
  endloop
endfacet
facet normal 0 0 1
  outer loop
    vertex 66.24283016945063 39.85764494835967 0
    vertex 68.52485272532442 36.91101415825829 0
    vertex 68.57240668095412 40.67190579925805 0
  endloop
endfacet
facet normal 0 0 0.9999999999999999
  outer loop
    vertex 53 27.510532999165243 0
    vertex 49.979276871828986 12.301224881722554 0
    vertex 53 9 0
  endloop
endfacet
facet normal 0 0 1
  outer loop
    vertex 53 27.510532999165243 0
    vertex 49.595830094879084 12.85674344307423 0
    vertex 49.979276871828986 12.301224881722554 0
  endloop
endfacet
facet normal 0 0 1
  outer loop
    vertex 53 27.510532999165243 0
    vertex 49.09058129084724 13.30435482450224 0
    vertex 49.595830094879084 12.85674344307423 0
  endloop
endfacet
facet normal 0 0 1
  outer loop
    vertex 53 27.510532999165243 0
    vertex 48.4928936837191 13.61804547951916 0
    vertex 49.09058129084724 13.30435482450224 0
  endloop
endfacet
facet normal 0 0 0.9999999999999999
  outer loop
    vertex 53 27.510532999165243 0
    vertex 47.83750270471491 13.779584847474553 0
    vertex 48.4928936837191 13.61804547951916 0
  endloop
endfacet
facet normal 0 0 1
  outer loop
    vertex 53 27.510532999165243 0
    vertex 47.16249729528509 13.779584847474553 0
    vertex 47.83750270471491 13.779584847474553 0
  endloop
endfacet
facet normal 0 0 1
  outer loop
    vertex 53 27.510532999165243 0
    vertex 46.5071063162809 13.61804547951916 0
    vertex 47.16249729528509 13.779584847474553 0
  endloop
endfacet
facet normal 0 0 1
  outer loop
    vertex 53 27.510532999165243 0
    vertex 45.90941870915276 13.30435482450224 0
    vertex 46.5071063162809 13.61804547951916 0
  endloop
endfacet
facet normal 0 0 1
  outer loop
    vertex 81.84899070169584 57.313852642425815 0
    vertex 81.29970812399128 54.907977311889184 0
    vertex 85.12035146252927 55.78168083890872 0
  endloop
endfacet
facet normal 0 0 0.9999999999999999
  outer loop
    vertex 81.84899070169584 57.313852642425815 0
    vertex 85.12035146252927 55.78168083890872 0
    vertex 85.52472907695345 58.376925686765254 0
  endloop
endfacet
facet normal 0 0 1
  outer loop
    vertex 63.836716227952756 39.3094085424323 0
    vertex 66.00254992757348 36.17834392422998 0
    vertex 66.24283016945063 39.85764494835967 0
  endloop
endfacet
facet normal 0 0 1
  outer loop
    vertex 63.836716227952756 39.3094085424323 0
    vertex 63.41826068890896 35.709018657175235 0
    vertex 66.00254992757348 36.17834392422998 0
  endloop
endfacet
facet normal 0 0 1
  outer loop
    vertex 82.12537077164727 59.76610905503608 0
    vertex 81.84899070169584 57.313852642425815 0
    vertex 85.52472907695345 58.376925686765254 0
  endloop
endfacet
facet normal 0 0 1
  outer loop
    vertex 82.12537077164727 59.76610905503608 0
    vertex 85.52472907695345 58.376925686765254 0
    vertex 85.66 60.9999999999999 0
  endloop
endfacet
facet normal 0 0 1
  outer loop
    vertex 61.38433987190988 39.03409478582657 0
    vertex 63.41826068890896 35.709018657175235 0
    vertex 63.836716227952756 39.3094085424323 0
  endloop
endfacet
facet normal 0 0 1
  outer loop
    vertex 61.38433987190988 39.03409478582657 0
    vertex 60.79940298507463 35.50801765608101 0
    vertex 63.41826068890896 35.709018657175235 0
  endloop
endfacet
facet normal 0 0 1
  outer loop
    vertex 82.12537077164728 62.233890944963655 0
    vertex 82.12537077164727 59.76610905503608 0
    vertex 85.66 60.9999999999999 0
  endloop
endfacet
facet normal 0 0 1
  outer loop
    vertex 82.12537077164728 62.233890944963655 0
    vertex 85.66 60.9999999999999 0
    vertex 85.52472907695346 63.623074313234554 0
  endloop
endfacet
facet normal 0 0 1
  outer loop
    vertex 58.91655821527087 39.0351678238146 0
    vertex 60.79940298507463 35.50801765608101 0
    vertex 61.38433987190988 39.03409478582657 0
  endloop
endfacet
facet normal 0 0 1
  outer loop
    vertex 58.91655821527087 39.0351678238146 0
    vertex 59.43555628181683 35.35607414383061 0
    vertex 60.79940298507463 35.50801765608101 0
  endloop
endfacet
facet normal 0 0 1
  outer loop
    vertex 58.91655821527087 39.0351678238146 0
    vertex 58.117742471122355 34.9732799154976 0
    vertex 59.43555628181683 35.35607414383061 0
  endloop
endfacet
facet normal 0 0 1
  outer loop
    vertex 81.84899070169588 64.68614735757393 0
    vertex 85.52472907695346 63.623074313234554 0
    vertex 85.12035146252931 66.21831916109109 0
  endloop
endfacet
facet normal 0 0 1
  outer loop
    vertex 81.84899070169588 64.68614735757393 0
    vertex 82.12537077164728 62.233890944963655 0
    vertex 85.52472907695346 63.623074313234554 0
  endloop
endfacet
facet normal 0 0 1
  outer loop
    vertex 56.46442220973497 39.312614154857215 0
    vertex 58.117742471122355 34.9732799154976 0
    vertex 58.91655821527087 39.0351678238146 0
  endloop
endfacet
facet normal 0 0 1
  outer loop
    vertex 56.46442220973497 39.312614154857215 0
    vertex 56.88473749670916 34.37089847988188 0
    vertex 58.117742471122355 34.9732799154976 0
  endloop
endfacet
facet normal 0 0 1
  outer loop
    vertex 81.29970812399135 67.09202268811056 0
    vertex 85.12035146252931 66.21831916109109 0
    vertex 84.45115739462263 68.75820033446354 0
  endloop
endfacet
facet normal 0 0 1
  outer loop
    vertex 81.29970812399135 67.09202268811056 0
    vertex 81.84899070169588 64.68614735757393 0
    vertex 85.12035146252931 66.21831916109109 0
  endloop
endfacet
facet normal 0 0 1
  outer loop
    vertex 54.05878594503217 39.8629428004875 0
    vertex 55.77282184911679 33.566654578107425 0
    vertex 56.88473749670916 34.37089847988188 0
  endloop
endfacet
facet normal 0 0 1
  outer loop
    vertex 54.05878594503217 39.8629428004875 0
    vertex 54.814713032305406 32.58421264290187 0
    vertex 55.77282184911679 33.566654578107425 0
  endloop
endfacet
facet normal 0 0 1
  outer loop
    vertex 54.05878594503217 39.8629428004875 0
    vertex 56.88473749670916 34.37089847988188 0
    vertex 56.46442220973497 39.312614154857215 0
  endloop
endfacet
facet normal 0 0 1
  outer loop
    vertex 80.48443440637843 69.42124492345526 0
    vertex 84.45115739462263 68.75820033446354 0
    vertex 83.52424667709718 71.2157710042734 0
  endloop
endfacet
facet normal 0 0 1
  outer loop
    vertex 80.48443440637843 69.42124492345526 0
    vertex 81.29970812399135 67.09202268811056 0
    vertex 84.45115739462263 68.75820033446354 0
  endloop
endfacet
facet normal 0 0 1
  outer loop
    vertex 51.7299184262263 40.67922923067333 0
    vertex 54.814713032305406 32.58421264290187 0
    vertex 54.05878594503217 39.8629428004875 0
  endloop
endfacet
facet normal 0 0 1
  outer loop
    vertex 51.7299184262263 40.67922923067333 0
    vertex 54.03860286916748 31.452480485730312 0
    vertex 54.814713032305406 32.58421264290187 0
  endloop
endfacet
facet normal 0 0 1
  outer loop
    vertex 79.41342775981315 71.64450654082455 0
    vertex 83.52424667709718 71.2157710042734 0
    vertex 82.34945335452875 73.56495761342602 0
  endloop
endfacet
facet normal 0 0 1
  outer loop
    vertex 79.41342775981315 71.64450654082455 0
    vertex 80.48443440637843 69.42124492345526 0
    vertex 83.52424667709718 71.2157710042734 0
  endloop
endfacet
facet normal 0 0 1
  outer loop
    vertex 49.50712271286717 41.75120249196617 0
    vertex 53.467327972705945 30.204758700405144 0
    vertex 54.03860286916748 31.452480485730312 0
  endloop
endfacet
facet normal 0 0 0.9999999999999999
  outer loop
    vertex 49.50712271286717 41.75120249196617 0
    vertex 54.03860286916748 31.452480485730312 0
    vertex 51.7299184262263 40.67922923067333 0
  endloop
endfacet
facet normal 0 0 1
  outer loop
    vertex 78.10016416405354 73.73383327073232 0
    vertex 82.34945335452875 73.56495761342602 0
    vertex 80.93924137806502 75.78083650380147 0
  endloop
endfacet
facet normal 0 0 1
  outer loop
    vertex 78.10016416405354 73.73383327073232 0
    vertex 79.41342775981315 71.64450654082455 0
    vertex 82.34945335452875 73.56495761342602 0
  endloop
endfacet
facet normal 0 0 0.9999999999999999
  outer loop
    vertex 47.418367212186894 43.065374442143316 0
    vertex 53.117697791306384 28.877760811500764 0
    vertex 53.467327972705945 30.204758700405144 0
  endloop
endfacet
facet normal 0 0 1
  outer loop
    vertex 47.418367212186894 43.065374442143316 0
    vertex 53.467327972705945 30.204758700405144 0
    vertex 49.50712271286717 41.75120249196617 0
  endloop
endfacet
facet normal 0 0 1
  outer loop
    vertex 79.30857236933325 77.83989834341072 0
    vertex 78.10016416405354 73.73383327073232 0
    vertex 80.93924137806502 75.78083650380147 0
  endloop
endfacet
facet normal 0 0 1
  outer loop
    vertex 76.56116780565826 75.66293608424449 0
    vertex 78.10016416405354 73.73383327073232 0
    vertex 79.30857236933325 77.83989834341072 0
  endloop
endfacet
facet normal 0 0 1
  outer loop
    vertex 77.4747468853526 79.72029754828091 0
    vertex 76.56116780565826 75.66293608424449 0
    vertex 79.30857236933325 77.83989834341072 0
  endloop
endfacet
facet normal 0 0 1
  outer loop
    vertex 74.81580316181324 77.40754197563379 0
    vertex 76.56116780565826 75.66293608424449 0
    vertex 77.4747468853526 79.72029754828091 0
  endloop
endfacet
facet normal 0 0 0.9999999999999999
  outer loop
    vertex 43.1180015748246 46.67849741819518 0
    vertex 43.565359953552615 46.51032831248867 0
    vertex 43.35187491619188 46.621531040785214 0
  endloop
endfacet
facet normal 0 0 1
  outer loop
    vertex 42 45.68548401026006 0
    vertex 53.117697791306384 28.877760811500764 0
    vertex 47.418367212186894 43.065374442143316 0
  endloop
endfacet
facet normal 0 0 1
  outer loop
    vertex 42 45.68548401026006 0
    vertex 45.404169905120916 12.85674344307423 0
    vertex 45.90941870915276 13.30435482450224 0
  endloop
endfacet
facet normal 0 0 1
  outer loop
    vertex 42 45.68548401026006 0
    vertex 45.020723128171014 12.301224881722554 0
    vertex 45.404169905120916 12.85674344307423 0
  endloop
endfacet
facet normal 0 0 0.9999999999999999
  outer loop
    vertex 42 45.68548401026006 0
    vertex 44.781362911207054 11.670083860005164 0
    vertex 45.020723128171014 12.301224881722554 0
  endloop
endfacet
facet normal 0 0 1
  outer loop
    vertex 42 45.68548401026006 0
    vertex 53 27.510532999165243 0
    vertex 53.117697791306384 28.877760811500764 0
  endloop
endfacet
facet normal 0 0 1
  outer loop
    vertex 42 45.68548401026006 0
    vertex 42 1 0
    vertex 44.781362911207054 11.670083860005164 0
  endloop
endfacet
facet normal 0 0 1
  outer loop
    vertex 42 45.68548401026006 0
    vertex 45.90941870915276 13.30435482450224 0
    vertex 53 27.510532999165243 0
  endloop
endfacet
facet normal 0 0 1
  outer loop
    vertex 42 45.68548401026006 0
    vertex 45.489933765607184 44.60520946524392 0
    vertex 43.74608695652174 46.35133253155311 0
  endloop
endfacet
facet normal 0 0 1
  outer loop
    vertex 42 45.68548401026006 0
    vertex 47.418367212186894 43.065374442143316 0
    vertex 45.489933765607184 44.60520946524392 0
  endloop
endfacet
facet normal 0 0 1
  outer loop
    vertex 42.02897095397876 45.92444549624278 0
    vertex 42 45.68548401026006 0
    vertex 43.74608695652174 46.35133253155311 0
  endloop
endfacet
facet normal 0 0 1
  outer loop
    vertex 42.02897095397876 45.92444549624278 0
    vertex 43.74608695652174 46.35133253155311 0
    vertex 43.565359953552615 46.51032831248867 0
  endloop
endfacet
facet normal 0 0 1
  outer loop
    vertex 42.643690413068725 46.619851966827966 0
    vertex 43.1180015748246 46.67849741819518 0
    vertex 42.877290997070006 46.677926704121994 0
  endloop
endfacet
facet normal 0 0 1
  outer loop
    vertex 42.643690413068725 46.619851966827966 0
    vertex 43.565359953552615 46.51032831248867 0
    vertex 43.1180015748246 46.67849741819518 0
  endloop
endfacet
facet normal 0 0 0.9999999999999999
  outer loop
    vertex 42.114205183566135 46.1495610977993 0
    vertex 42.02897095397876 45.92444549624278 0
    vertex 43.565359953552615 46.51032831248867 0
  endloop
endfacet
facet normal 0 0 0.9999999999999999
  outer loop
    vertex 42.25076405487657 46.347787187464434 0
    vertex 42.114205183566135 46.1495610977993 0
    vertex 43.565359953552615 46.51032831248867 0
  endloop
endfacet
facet normal 0 0 1
  outer loop
    vertex 42.25076405487657 46.347787187464434 0
    vertex 43.565359953552615 46.51032831248867 0
    vertex 42.643690413068725 46.619851966827966 0
  endloop
endfacet
facet normal 0 0 0.9999999999999999
  outer loop
    vertex 42.25076405487657 46.347787187464434 0
    vertex 42.643690413068725 46.619851966827966 0
    vertex 42.4307350863578 46.507638167396024 0
  endloop
endfacet
facet normal 0 0 1
  outer loop
    vertex 75.45722086854852 81.40208405283252 0
    vertex 74.81580316181324 77.40754197563379 0
    vertex 77.4747468853526 79.72029754828091 0
  endloop
endfacet
facet normal 0 0 1
  outer loop
    vertex 72.8860313460991 78.94569937834976 0
    vertex 74.81580316181324 77.40754197563379 0
    vertex 75.45722086854852 81.40208405283252 0
  endloop
endfacet
facet normal 0 0 1
  outer loop
    vertex 73.27739922923972 82.86741496978418 0
    vertex 70.79613378198746 80.25805437139653 0
    vertex 72.8860313460991 78.94569937834976 0
  endloop
endfacet
facet normal 0 0 1
  outer loop
    vertex 73.27739922923972 82.86741496978418 0
    vertex 72.8860313460991 78.94569937834976 0
    vertex 75.45722086854852 81.40208405283252 0
  endloop
endfacet
facet normal 0 0 1
  outer loop
    vertex 70.95840875058117 84.10074389398255 0
    vertex 68.57240668095436 81.32809420074184 0
    vertex 70.79613378198746 80.25805437139653 0
  endloop
endfacet
facet normal 0 0 1
  outer loop
    vertex 70.95840875058117 84.10074389398255 0
    vertex 70.79613378198746 80.25805437139653 0
    vertex 73.27739922923972 82.86741496978418 0
  endloop
endfacet
facet normal 0 0 0.9999999999999999
  outer loop
    vertex 68.52485272532459 85.08898584174165 0
    vertex 66.24283016945088 82.14235505164025 0
    vertex 68.57240668095436 81.32809420074184 0
  endloop
endfacet
facet normal 0 0 1
  outer loop
    vertex 68.52485272532459 85.08898584174165 0
    vertex 68.57240668095436 81.32809420074184 0
    vertex 70.95840875058117 84.10074389398255 0
  endloop
endfacet
facet normal 0 0 1
  outer loop
    vertex 66.00254992757367 85.82165607576998 0
    vertex 63.83671622795302 82.69059145756765 0
    vertex 66.24283016945088 82.14235505164025 0
  endloop
endfacet
facet normal 0 0 1
  outer loop
    vertex 66.00254992757367 85.82165607576998 0
    vertex 66.24283016945088 82.14235505164025 0
    vertex 68.52485272532459 85.08898584174165 0
  endloop
endfacet
facet normal 0 0 1
  outer loop
    vertex 63.41826068890915 86.29098134282475 0
    vertex 61.38433987191014 82.96590521417342 0
    vertex 63.83671622795302 82.69059145756765 0
  endloop
endfacet
facet normal 0 0 1
  outer loop
    vertex 63.41826068890915 86.29098134282475 0
    vertex 63.83671622795302 82.69059145756765 0
    vertex 66.00254992757367 85.82165607576998 0
  endloop
endfacet
facet normal 0 0 1
  outer loop
    vertex 60.799402985074614 86.49198234391899 0
    vertex 58.916558215271124 82.96483217618541 0
    vertex 61.38433987191014 82.96590521417342 0
  endloop
endfacet
facet normal 0 0 1
  outer loop
    vertex 60.799402985074614 86.49198234391899 0
    vertex 61.38433987191014 82.96590521417342 0
    vertex 63.41826068890915 86.29098134282475 0
  endloop
endfacet
facet normal 0 0 1
  outer loop
    vertex 59.43555628181684 86.64392585616939 0
    vertex 58.916558215271124 82.96483217618541 0
    vertex 60.799402985074614 86.49198234391899 0
  endloop
endfacet
facet normal 0 0 1
  outer loop
    vertex 58.117742471122355 87.0267200845024 0
    vertex 56.46442220973523 82.68738584514284 0
    vertex 58.916558215271124 82.96483217618541 0
  endloop
endfacet
facet normal 0 0 1
  outer loop
    vertex 58.117742471122355 87.0267200845024 0
    vertex 58.916558215271124 82.96483217618541 0
    vertex 59.43555628181684 86.64392585616939 0
  endloop
endfacet
facet normal 0 0 0.9999999999999999
  outer loop
    vertex 56.88473749670916 87.62910152011813 0
    vertex 54.058785945032405 82.13705719951257 0
    vertex 56.46442220973523 82.68738584514284 0
  endloop
endfacet
facet normal 0 0 1
  outer loop
    vertex 56.88473749670916 87.62910152011813 0
    vertex 56.46442220973523 82.68738584514284 0
    vertex 58.117742471122355 87.0267200845024 0
  endloop
endfacet
facet normal 0 0 1
  outer loop
    vertex 43.11800157482463 75.32150258180482 0
    vertex 43.3518749161919 75.37846895921479 0
    vertex 43.56535995355264 75.48967168751135 0
  endloop
endfacet
facet normal 0 0 1
  outer loop
    vertex 55.77282184911678 88.43334542189258 0
    vertex 54.058785945032405 82.13705719951257 0
    vertex 56.88473749670916 87.62910152011813 0
  endloop
endfacet
facet normal 0 0 1
  outer loop
    vertex 42.64369041306875 75.38014803317203 0
    vertex 42.87729099707003 75.322073295878 0
    vertex 43.11800157482463 75.32150258180482 0
  endloop
endfacet
facet normal 0 0 0.9999999999999999
  outer loop
    vertex 42.25076405487658 75.65221281253555 0
    vertex 42.430735086357814 75.49236183260396 0
    vertex 42.64369041306875 75.38014803317203 0
  endloop
endfacet
facet normal 0 0 0.9999999999999999
  outer loop
    vertex 42.11420518356614 75.8504389022007 0
    vertex 42.25076405487658 75.65221281253555 0
    vertex 42.64369041306875 75.38014803317203 0
  endloop
endfacet
facet normal 0 0 1
  outer loop
    vertex 42 76.31451598973993 0
    vertex 45.489933765607304 77.3947905347562 0
    vertex 47.41836721218705 78.93462555785679 0
  endloop
endfacet
facet normal 0 0 1
  outer loop
    vertex 42 76.31451598973993 0
    vertex 43.74608695652175 75.64866746844692 0
    vertex 45.489933765607304 77.3947905347562 0
  endloop
endfacet
facet normal 0 0 1
  outer loop
    vertex 42 76.31451598973993 0
    vertex 42.02897095397876 76.0755545037572 0
    vertex 42.11420518356614 75.8504389022007 0
  endloop
endfacet
facet normal 0 0 1
  outer loop
    vertex 42 76.31451598973993 0
    vertex 43.56535995355264 75.48967168751135 0
    vertex 43.74608695652175 75.64866746844692 0
  endloop
endfacet
facet normal 0 0 1
  outer loop
    vertex 42 76.31451598973993 0
    vertex 43.11800157482463 75.32150258180482 0
    vertex 43.56535995355264 75.48967168751135 0
  endloop
endfacet
facet normal 0 0 1
  outer loop
    vertex 42 76.31451598973993 0
    vertex 42.64369041306875 75.38014803317203 0
    vertex 43.11800157482463 75.32150258180482 0
  endloop
endfacet
facet normal 0 0 1
  outer loop
    vertex 42 76.31451598973993 0
    vertex 42.11420518356614 75.8504389022007 0
    vertex 42.64369041306875 75.38014803317203 0
  endloop
endfacet
facet normal 0 0 1
  outer loop
    vertex 54.8147130323054 89.41578735709814 0
    vertex 51.72991842622651 81.32077076932676 0
    vertex 54.058785945032405 82.13705719951257 0
  endloop
endfacet
facet normal 0 0 0.9999999999999999
  outer loop
    vertex 54.8147130323054 89.41578735709814 0
    vertex 54.058785945032405 82.13705719951257 0
    vertex 55.77282184911678 88.43334542189258 0
  endloop
endfacet
facet normal 0 0 1
  outer loop
    vertex 54.03860286916747 90.5475195142697 0
    vertex 49.50712271286735 80.24879750803393 0
    vertex 51.72991842622651 81.32077076932676 0
  endloop
endfacet
facet normal 0 0 1
  outer loop
    vertex 54.03860286916747 90.5475195142697 0
    vertex 51.72991842622651 81.32077076932676 0
    vertex 54.8147130323054 89.41578735709814 0
  endloop
endfacet
facet normal 0 0 1
  outer loop
    vertex 53.46732797270594 91.79524129959486 0
    vertex 47.41836721218705 78.93462555785679 0
    vertex 49.50712271286735 80.24879750803393 0
  endloop
endfacet
facet normal 0 0 0.9999999999999999
  outer loop
    vertex 53.46732797270594 91.79524129959486 0
    vertex 49.50712271286735 80.24879750803393 0
    vertex 54.03860286916747 90.5475195142697 0
  endloop
endfacet
facet normal 0 0 0.9999999999999999
  outer loop
    vertex 53.117697791306384 93.12223918849924 0
    vertex 47.41836721218705 78.93462555785679 0
    vertex 53.46732797270594 91.79524129959486 0
  endloop
endfacet
facet normal 0 0 0.9999999999999999
  outer loop
    vertex 53.117697791306384 93.12223918849924 0
    vertex 42 76.31451598973993 0
    vertex 47.41836721218705 78.93462555785679 0
  endloop
endfacet
facet normal 0 0 1
  outer loop
    vertex 53 94.48946700083476 0
    vertex 42 76.31451598973993 0
    vertex 53.117697791306384 93.12223918849924 0
  endloop
endfacet
facet normal 0 0 1
  outer loop
    vertex 49.090581290847226 108.69564517549776 0
    vertex 53 94.48946700083476 0
    vertex 49.59583009487908 109.14325655692576 0
  endloop
endfacet
facet normal 0 0 0.9999999999999999
  outer loop
    vertex 49.979276871828986 109.69877511827744 0
    vertex 49.59583009487908 109.14325655692576 0
    vertex 53 94.48946700083476 0
  endloop
endfacet
facet normal 0 0 1
  outer loop
    vertex 48.49289368371909 108.38195452048083 0
    vertex 53 94.48946700083476 0
    vertex 49.090581290847226 108.69564517549776 0
  endloop
endfacet
facet normal 0 0 0.9999999999999999
  outer loop
    vertex 53 113 0
    vertex 49.979276871828986 109.69877511827744 0
    vertex 53 94.48946700083476 0
  endloop
endfacet
facet normal 0 0 0.9999999999999999
  outer loop
    vertex 50.218637088792946 110.32991613999482 0
    vertex 49.979276871828986 109.69877511827744 0
    vertex 53 113 0
  endloop
endfacet
facet normal 0 0 1
  outer loop
    vertex 47.83750270471489 108.22041515252545 0
    vertex 53 94.48946700083476 0
    vertex 48.49289368371909 108.38195452048083 0
  endloop
endfacet
facet normal 0 0 1
  outer loop
    vertex 50.3 111 0
    vertex 50.218637088792946 110.32991613999482 0
    vertex 53 113 0
  endloop
endfacet
facet normal 0 0 1
  outer loop
    vertex 47.16249729528509 108.22041515252545 0
    vertex 53 94.48946700083476 0
    vertex 47.83750270471489 108.22041515252545 0
  endloop
endfacet
facet normal 0 0 1
  outer loop
    vertex 50.218637088792946 111.67008386000516 0
    vertex 50.3 111 0
    vertex 53 113 0
  endloop
endfacet
facet normal 0 0 1
  outer loop
    vertex 46.5071063162809 108.38195452048083 0
    vertex 53 94.48946700083476 0
    vertex 47.16249729528509 108.22041515252545 0
  endloop
endfacet
facet normal 0 0 1
  outer loop
    vertex 49.979276871828986 112.30122488172256 0
    vertex 50.218637088792946 111.67008386000516 0
    vertex 53 113 0
  endloop
endfacet
facet normal 0 0 1
  outer loop
    vertex 49.979276871828986 112.30122488172256 0
    vertex 53 113 0
    vertex 52.878462024097665 114.38918542133544 0
  endloop
endfacet
facet normal 0 0 1
  outer loop
    vertex 45.90941870915276 108.69564517549776 0
    vertex 53 94.48946700083476 0
    vertex 46.5071063162809 108.38195452048083 0
  endloop
endfacet
facet normal 0 0 1
  outer loop
    vertex 45.90941870915276 108.69564517549776 0
    vertex 42 76.31451598973993 0
    vertex 53 94.48946700083476 0
  endloop
endfacet
facet normal 0 0 1
  outer loop
    vertex 49.595830094879084 112.85674344307424 0
    vertex 52.878462024097665 114.38918542133544 0
    vertex 52.517540966287264 115.73616114660535 0
  endloop
endfacet
facet normal 0 0 1
  outer loop
    vertex 49.595830094879084 112.85674344307424 0
    vertex 49.979276871828986 112.30122488172256 0
    vertex 52.878462024097665 114.38918542133544 0
  endloop
endfacet
facet normal 0 0 1
  outer loop
    vertex 45.40416990512091 109.14325655692578 0
    vertex 42 76.31451598973993 0
    vertex 45.90941870915276 108.69564517549776 0
  endloop
endfacet
facet normal 0 0 1
  outer loop
    vertex 49.09058129084724 113.30435482450224 0
    vertex 49.595830094879084 112.85674344307424 0
    vertex 52.517540966287264 115.73616114660535 0
  endloop
endfacet
facet normal 0 0 1
  outer loop
    vertex 45.020723128171014 109.69877511827745 0
    vertex 42 76.31451598973993 0
    vertex 45.40416990512091 109.14325655692578 0
  endloop
endfacet
facet normal 0 0 1
  outer loop
    vertex 51.92820323027551 117 0
    vertex 49.09058129084724 113.30435482450224 0
    vertex 52.517540966287264 115.73616114660535 0
  endloop
endfacet
facet normal 0 0 1
  outer loop
    vertex 48.4928936837191 113.61804547951917 0
    vertex 49.09058129084724 113.30435482450224 0
    vertex 51.92820323027551 117 0
  endloop
endfacet
facet normal 0 0 1
  outer loop
    vertex 44.781362911207054 110.32991613999485 0
    vertex 42 76.31451598973993 0
    vertex 45.020723128171014 109.69877511827745 0
  endloop
endfacet
facet normal 0 0 1
  outer loop
    vertex 51.12835554495182 118.14230087749232 0
    vertex 48.4928936837191 113.61804547951917 0
    vertex 51.92820323027551 117 0
  endloop
endfacet
facet normal 0 0 1
  outer loop
    vertex 51.12835554495182 118.14230087749232 0
    vertex 47.83750270471491 113.77958484747455 0
    vertex 48.4928936837191 113.61804547951917 0
  endloop
endfacet
facet normal 0 0 0.9999999999999999
  outer loop
    vertex 50.14230087749232 119.12835554495183 0
    vertex 47.83750270471491 113.77958484747455 0
    vertex 51.12835554495182 118.14230087749232 0
  endloop
endfacet
facet normal 0 0 1
  outer loop
    vertex 49 119.9282032302755 0
    vertex 47.83750270471491 113.77958484747455 0
    vertex 50.14230087749232 119.12835554495183 0
  endloop
endfacet
facet normal 0 0 1
  outer loop
    vertex 49 119.9282032302755 0
    vertex 47.16249729528509 113.77958484747455 0
    vertex 47.83750270471491 113.77958484747455 0
  endloop
endfacet
facet normal 0 0 1
  outer loop
    vertex 47.736161146605355 120.51754096628727 0
    vertex 47.16249729528509 113.77958484747455 0
    vertex 49 119.9282032302755 0
  endloop
endfacet
facet normal 0 0 1
  outer loop
    vertex 46.38918542133545 120.87846202409767 0
    vertex 47.16249729528509 113.77958484747455 0
    vertex 47.736161146605355 120.51754096628727 0
  endloop
endfacet
facet normal 0 0 1
  outer loop
    vertex 46.38918542133545 120.87846202409767 0
    vertex 46.5071063162809 113.61804547951917 0
    vertex 47.16249729528509 113.77958484747455 0
  endloop
endfacet
facet normal 0 0 0.9999999999999999
  outer loop
    vertex 45 121 0
    vertex 46.5071063162809 113.61804547951917 0
    vertex 46.38918542133545 120.87846202409767 0
  endloop
endfacet
facet normal 0 0 1
  outer loop
    vertex 45 121 0
    vertex 45.90941870915276 113.30435482450224 0
    vertex 46.5071063162809 113.61804547951917 0
  endloop
endfacet
facet normal 0 0 1
  outer loop
    vertex 42 121 0
    vertex 42 76.31451598973993 0
    vertex 44.781362911207054 110.32991613999485 0
  endloop
endfacet
facet normal 0 0 0.9999999999999999
  outer loop
    vertex 42 121 0
    vertex 45.90941870915276 113.30435482450224 0
    vertex 45 121 0
  endloop
endfacet
facet normal 0 0 0.9999999999999999
  outer loop
    vertex 42 121 0
    vertex 45.404169905120916 112.85674344307424 0
    vertex 45.90941870915276 113.30435482450224 0
  endloop
endfacet
facet normal 0 0 1
  outer loop
    vertex 42 121 0
    vertex 45.020723128171014 112.30122488172256 0
    vertex 45.404169905120916 112.85674344307424 0
  endloop
endfacet
facet normal 0 0 1
  outer loop
    vertex 42 121 0
    vertex 44.781362911207054 111.67008386000516 0
    vertex 45.020723128171014 112.30122488172256 0
  endloop
endfacet
facet normal 0 0 1
  outer loop
    vertex 42 121 0
    vertex 44.7 111 0
    vertex 44.781362911207054 111.67008386000516 0
  endloop
endfacet
facet normal 0 0 1
  outer loop
    vertex 42 121 0
    vertex 44.781362911207054 110.32991613999485 0
    vertex 44.7 111 0
  endloop
endfacet
facet normal 1 0 0
  outer loop
    vertex 53 94.48946700083476 0
    vertex 53 113 -10
    vertex 53 113 0
  endloop
endfacet
facet normal 1 0 0
  outer loop
    vertex 53 94.48946700083476 -10
    vertex 53 113 -10
    vertex 53 94.48946700083476 0
  endloop
endfacet
facet normal 0.9963151549802659 0.08576777924517318 0
  outer loop
    vertex 53.117697791306384 93.12223918849924 0
    vertex 53.117697791306384 93.12223918849924 -10
    vertex 53 94.48946700083476 -10
  endloop
endfacet
facet normal 0.9963151549802659 0.08576777924517318 0
  outer loop
    vertex 53.117697791306384 93.12223918849924 0
    vertex 53 94.48946700083476 -10
    vertex 53 94.48946700083476 0
  endloop
endfacet
facet normal 0.9669991316837017 0.2547796681899228 0
  outer loop
    vertex 53.46732797270594 91.79524129959486 0
    vertex 53.46732797270594 91.79524129959486 -10
    vertex 53.117697791306384 93.12223918849924 -10
  endloop
endfacet
facet normal 0.9669991316837017 0.2547796681899228 0
  outer loop
    vertex 53.46732797270594 91.79524129959486 0
    vertex 53.117697791306384 93.12223918849924 -10
    vertex 53.117697791306384 93.12223918849924 0
  endloop
endfacet
facet normal 0.9092296928885463 0.4162948060807388 0
  outer loop
    vertex 54.03860286916747 90.5475195142697 0
    vertex 54.03860286916747 90.5475195142697 -10
    vertex 53.46732797270594 91.79524129959486 -10
  endloop
endfacet
facet normal 0.9092296928885463 0.4162948060807388 0
  outer loop
    vertex 54.03860286916747 90.5475195142697 0
    vertex 53.46732797270594 91.79524129959486 -10
    vertex 53.46732797270594 91.79524129959486 0
  endloop
endfacet
facet normal 0.8247066724326008 0.565560699169547 0
  outer loop
    vertex 54.8147130323054 89.41578735709814 0
    vertex 54.8147130323054 89.41578735709814 -10
    vertex 54.03860286916747 90.5475195142697 -10
  endloop
endfacet
facet normal 0.7159171135214145 0.6981852809728705 0
  outer loop
    vertex 54.8147130323054 89.41578735709814 0
    vertex 55.77282184911678 88.43334542189258 -10
    vertex 54.8147130323054 89.41578735709814 -10
  endloop
endfacet
facet normal 0.8247066724326008 0.565560699169547 0
  outer loop
    vertex 54.8147130323054 89.41578735709814 0
    vertex 54.03860286916747 90.5475195142697 -10
    vertex 54.03860286916747 90.5475195142697 0
  endloop
endfacet
facet normal 0.7159171135214145 0.6981852809728705 0
  outer loop
    vertex 55.77282184911678 88.43334542189258 0
    vertex 55.77282184911678 88.43334542189258 -10
    vertex 54.8147130323054 89.41578735709814 0
  endloop
endfacet
facet normal 0.5860620888552514 0.8102661464029085 0
  outer loop
    vertex 56.88473749670916 87.62910152011813 0
    vertex 56.88473749670916 87.62910152011813 -10
    vertex 55.77282184911678 88.43334542189258 -10
  endloop
endfacet
facet normal 0.43896251083242244 0.8985053778824562 0
  outer loop
    vertex 56.88473749670916 87.62910152011813 0
    vertex 58.117742471122355 87.0267200845024 -10
    vertex 56.88473749670916 87.62910152011813 -10
  endloop
endfacet
facet normal 0.5860620888552514 0.8102661464029085 0
  outer loop
    vertex 56.88473749670916 87.62910152011813 0
    vertex 55.77282184911678 88.43334542189258 -10
    vertex 55.77282184911678 88.43334542189258 0
  endloop
endfacet
facet normal 0.43896251083242244 0.8985053778824562 0
  outer loop
    vertex 58.117742471122355 87.0267200845024 0
    vertex 58.117742471122355 87.0267200845024 -10
    vertex 56.88473749670916 87.62910152011813 0
  endloop
endfacet
facet normal 0.27894670331176913 0.9603065847485874 0
  outer loop
    vertex 59.43555628181684 86.64392585616939 0
    vertex 59.43555628181684 86.64392585616939 -10
    vertex 58.117742471122355 87.0267200845024 -10
  endloop
endfacet
facet normal 0.27894670331176913 0.9603065847485874 0
  outer loop
    vertex 59.43555628181684 86.64392585616939 0
    vertex 58.117742471122355 87.0267200845024 -10
    vertex 58.117742471122355 87.0267200845024 0
  endloop
endfacet
facet normal 0.11072304307312783 0.993851300614245 0
  outer loop
    vertex 60.799402985074614 86.49198234391899 0
    vertex 60.799402985074614 86.49198234391899 -10
    vertex 59.43555628181684 86.64392585616939 -10
  endloop
endfacet
facet normal 0.11072304307312783 0.993851300614245 0
  outer loop
    vertex 60.799402985074614 86.49198234391899 0
    vertex 59.43555628181684 86.64392585616939 -10
    vertex 59.43555628181684 86.64392585616939 0
  endloop
endfacet
facet normal 0.9961946980917454 0.08715574274765789 0
  outer loop
    vertex 52.878462024097665 114.38918542133544 0
    vertex 53 113 -10
    vertex 52.878462024097665 114.38918542133544 -10
  endloop
endfacet
facet normal 0.9961946980917454 0.08715574274765789 0
  outer loop
    vertex 52.878462024097665 114.38918542133544 0
    vertex 53 113 0
    vertex 53 113 -10
  endloop
endfacet
facet normal 0.9659258262890679 0.25881904510252207 0
  outer loop
    vertex 52.517540966287264 115.73616114660535 0
    vertex 52.878462024097665 114.38918542133544 -10
    vertex 52.517540966287264 115.73616114660535 -10
  endloop
endfacet
facet normal 0.9659258262890679 0.25881904510252207 0
  outer loop
    vertex 52.517540966287264 115.73616114660535 0
    vertex 52.878462024097665 114.38918542133544 0
    vertex 52.878462024097665 114.38918542133544 -10
  endloop
endfacet
facet normal 0.9063077870366497 0.42261826174070016 0
  outer loop
    vertex 51.92820323027551 117 0
    vertex 52.517540966287264 115.73616114660535 -10
    vertex 51.92820323027551 117 -10
  endloop
endfacet
facet normal 0.8191520442889929 0.5735764363510446 0
  outer loop
    vertex 51.92820323027551 117 0
    vertex 51.92820323027551 117 -10
    vertex 51.12835554495182 118.14230087749232 -10
  endloop
endfacet
facet normal 0.9063077870366497 0.42261826174070016 0
  outer loop
    vertex 51.92820323027551 117 0
    vertex 52.517540966287264 115.73616114660535 0
    vertex 52.517540966287264 115.73616114660535 -10
  endloop
endfacet
facet normal 0.7071067811865499 0.7071067811865449 0
  outer loop
    vertex 51.12835554495182 118.14230087749232 0
    vertex 51.12835554495182 118.14230087749232 -10
    vertex 50.14230087749232 119.12835554495183 -10
  endloop
endfacet
facet normal 0.8191520442889929 0.5735764363510446 0
  outer loop
    vertex 51.12835554495182 118.14230087749232 0
    vertex 51.92820323027551 117 0
    vertex 51.12835554495182 118.14230087749232 -10
  endloop
endfacet
facet normal 0.7071067811865499 0.7071067811865449 0
  outer loop
    vertex 50.14230087749232 119.12835554495183 0
    vertex 51.12835554495182 118.14230087749232 0
    vertex 50.14230087749232 119.12835554495183 -10
  endloop
endfacet
facet normal 0.5735764363510377 0.8191520442889977 0
  outer loop
    vertex 49 119.9282032302755 0
    vertex 50.14230087749232 119.12835554495183 -10
    vertex 49 119.9282032302755 -10
  endloop
endfacet
facet normal 0.5735764363510377 0.8191520442889977 0
  outer loop
    vertex 49 119.9282032302755 0
    vertex 50.14230087749232 119.12835554495183 0
    vertex 50.14230087749232 119.12835554495183 -10
  endloop
endfacet
facet normal 0.42261826174070855 0.9063077870366458 0
  outer loop
    vertex 47.736161146605355 120.51754096628727 0
    vertex 49 119.9282032302755 -10
    vertex 47.736161146605355 120.51754096628727 -10
  endloop
endfacet
facet normal 0.2588190451025233 0.9659258262890675 0
  outer loop
    vertex 47.736161146605355 120.51754096628727 0
    vertex 47.736161146605355 120.51754096628727 -10
    vertex 46.38918542133545 120.87846202409767 -10
  endloop
endfacet
facet normal 0.42261826174070855 0.9063077870366458 0
  outer loop
    vertex 47.736161146605355 120.51754096628727 0
    vertex 49 119.9282032302755 0
    vertex 49 119.9282032302755 -10
  endloop
endfacet
facet normal 0.2588190451025233 0.9659258262890675 0
  outer loop
    vertex 46.38918542133545 120.87846202409767 0
    vertex 47.736161146605355 120.51754096628727 0
    vertex 46.38918542133545 120.87846202409767 -10
  endloop
endfacet
facet normal 0.0871557427476524 0.9961946980917461 0
  outer loop
    vertex 45 121 0
    vertex 46.38918542133545 120.87846202409767 -10
    vertex 45 121 -10
  endloop
endfacet
facet normal 0.0871557427476524 0.9961946980917461 0
  outer loop
    vertex 45 121 0
    vertex 46.38918542133545 120.87846202409767 0
    vertex 46.38918542133545 120.87846202409767 -10
  endloop
endfacet
facet normal 0.07652633342196526 -0.9970675605459193 0
  outer loop
    vertex 63.41826068890896 35.709018657175235 -10
    vertex 60.79940298507463 35.50801765608101 0
    vertex 60.79940298507463 35.50801765608101 -10
  endloop
endfacet
facet normal 0.07652633342196526 -0.9970675605459193 0
  outer loop
    vertex 63.41826068890896 35.709018657175235 -10
    vertex 63.41826068890896 35.709018657175235 0
    vertex 60.79940298507463 35.50801765608101 0
  endloop
endfacet
facet normal 0.17868439298542257 -0.9839064425561157 0
  outer loop
    vertex 66.00254992757348 36.17834392422998 -10
    vertex 66.00254992757348 36.17834392422998 0
    vertex 63.41826068890896 35.709018657175235 0
  endloop
endfacet
facet normal 0.17868439298542257 -0.9839064425561157 0
  outer loop
    vertex 66.00254992757348 36.17834392422998 -10
    vertex 63.41826068890896 35.709018657175235 0
    vertex 63.41826068890896 35.709018657175235 -10
  endloop
endfacet
facet normal 0.2789467033117692 -0.9603065847485874 0
  outer loop
    vertex 68.52485272532442 36.91101415825829 -10
    vertex 68.52485272532442 36.91101415825829 0
    vertex 66.00254992757348 36.17834392422998 0
  endloop
endfacet
facet normal 0.2789467033117692 -0.9603065847485874 0
  outer loop
    vertex 68.52485272532442 36.91101415825829 -10
    vertex 66.00254992757348 36.17834392422998 0
    vertex 66.00254992757348 36.17834392422998 -10
  endloop
endfacet
facet normal 0.37624953300770675 -0.9265183694409317 0
  outer loop
    vertex 70.958408750581 37.899256106017376 -10
    vertex 70.958408750581 37.899256106017376 0
    vertex 68.52485272532442 36.91101415825829 0
  endloop
endfacet
facet normal 0.46956054924279245 -0.8829002721682709 0
  outer loop
    vertex 70.958408750581 37.899256106017376 -10
    vertex 73.27739922923956 39.13258503021572 0
    vertex 70.958408750581 37.899256106017376 0
  endloop
endfacet
facet normal 0.37624953300770675 -0.9265183694409317 0
  outer loop
    vertex 70.958408750581 37.899256106017376 -10
    vertex 68.52485272532442 36.91101415825829 0
    vertex 68.52485272532442 36.91101415825829 -10
  endloop
endfacet
facet normal 0.46956054924279245 -0.8829002721682709 0
  outer loop
    vertex 73.27739922923956 39.13258503021572 -10
    vertex 73.27739922923956 39.13258503021572 0
    vertex 70.958408750581 37.899256106017376 -10
  endloop
endfacet
facet normal 0.5578897702682917 -0.8299150584427258 0
  outer loop
    vertex 75.45722086854838 40.59791594716735 -10
    vertex 75.45722086854838 40.59791594716735 0
    vertex 73.27739922923956 39.13258503021572 0
  endloop
endfacet
facet normal 0.5578897702682917 -0.8299150584427258 0
  outer loop
    vertex 75.45722086854838 40.59791594716735 -10
    vertex 73.27739922923956 39.13258503021572 0
    vertex 73.27739922923956 39.13258503021572 -10
  endloop
endfacet
facet normal 0.6403000686128169 -0.768124874050061 0
  outer loop
    vertex 77.47474688535246 42.27970245171896 -10
    vertex 77.47474688535246 42.27970245171896 0
    vertex 75.45722086854838 40.59791594716735 0
  endloop
endfacet
facet normal 0.6403000686128169 -0.768124874050061 0
  outer loop
    vertex 77.47474688535246 42.27970245171896 -10
    vertex 75.45722086854838 40.59791594716735 0
    vertex 75.45722086854838 40.59791594716735 -10
  endloop
endfacet
facet normal 0.7159171135214142 -0.698185280972871 0
  outer loop
    vertex 79.30857236933312 44.160101656589134 -10
    vertex 79.30857236933312 44.160101656589134 0
    vertex 77.47474688535246 42.27970245171896 0
  endloop
endfacet
facet normal 0.7839386471538707 -0.6208383022160915 0
  outer loop
    vertex 79.30857236933312 44.160101656589134 -10
    vertex 80.9392413780649 46.21916349619837 0
    vertex 79.30857236933312 44.160101656589134 0
  endloop
endfacet
facet normal 0.7159171135214142 -0.698185280972871 0
  outer loop
    vertex 79.30857236933312 44.160101656589134 -10
    vertex 77.47474688535246 42.27970245171896 0
    vertex 77.47474688535246 42.27970245171896 -10
  endloop
endfacet
facet normal 0.7839386471538707 -0.6208383022160915 0
  outer loop
    vertex 80.9392413780649 46.21916349619837 -10
    vertex 80.9392413780649 46.21916349619837 0
    vertex 79.30857236933312 44.160101656589134 -10
  endloop
endfacet
facet normal 0.8436429961265298 -0.5369045493257179 0
  outer loop
    vertex 82.34945335452866 48.43504238657381 -10
    vertex 80.9392413780649 46.21916349619837 0
    vertex 80.9392413780649 46.21916349619837 -10
  endloop
endfacet
facet normal 0.8436429961265298 -0.5369045493257179 0
  outer loop
    vertex 82.34945335452866 48.43504238657381 -10
    vertex 82.34945335452866 48.43504238657381 0
    vertex 80.9392413780649 46.21916349619837 0
  endloop
endfacet
facet normal 0.8943967280946632 -0.4472745161235562 0
  outer loop
    vertex 82.34945335452866 48.43504238657381 -10
    vertex 83.5242466770971 50.78422899572641 0
    vertex 82.34945335452866 48.43504238657381 0
  endloop
endfacet
facet normal 0.8943967280946632 -0.4472745161235562 0
  outer loop
    vertex 83.5242466770971 50.78422899572641 -10
    vertex 83.5242466770971 50.78422899572641 0
    vertex 82.34945335452866 48.43504238657381 -10
  endloop
endfacet
facet normal 0.935661372142858 -0.35289913102718734 0
  outer loop
    vertex 84.45115739462257 53.24179966553628 -10
    vertex 83.5242466770971 50.78422899572641 0
    vertex 83.5242466770971 50.78422899572641 -10
  endloop
endfacet
facet normal 0.935661372142858 -0.35289913102718734 0
  outer loop
    vertex 84.45115739462257 53.24179966553628 -10
    vertex 84.45115739462257 53.24179966553628 0
    vertex 83.5242466770971 50.78422899572641 0
  endloop
endfacet
facet normal 0.9669991316837016 -0.2547796681899235 0
  outer loop
    vertex 84.45115739462257 53.24179966553628 -10
    vertex 85.12035146252927 55.78168083890872 0
    vertex 84.45115739462257 53.24179966553628 0
  endloop
endfacet
facet normal 0.9669991316837016 -0.2547796681899235 0
  outer loop
    vertex 85.12035146252927 55.78168083890872 -10
    vertex 85.12035146252927 55.78168083890872 0
    vertex 84.45115739462257 53.24179966553628 -10
  endloop
endfacet
facet normal 0.9880775292537161 -0.15395712449858245 0
  outer loop
    vertex 85.52472907695345 58.376925686765254 -10
    vertex 85.12035146252927 55.78168083890872 0
    vertex 85.12035146252927 55.78168083890872 -10
  endloop
endfacet
facet normal 0.9880775292537161 -0.15395712449858245 0
  outer loop
    vertex 85.52472907695345 58.376925686765254 -10
    vertex 85.52472907695345 58.376925686765254 0
    vertex 85.12035146252927 55.78168083890872 0
  endloop
endfacet
facet normal 0.9986729339277557 -0.05150117513347288 0
  outer loop
    vertex 85.66 60.9999999999999 -10
    vertex 85.52472907695345 58.376925686765254 0
    vertex 85.52472907695345 58.376925686765254 -10
  endloop
endfacet
facet normal 0.9986729339277557 -0.05150117513347288 0
  outer loop
    vertex 85.66 60.9999999999999 -10
    vertex 85.66 60.9999999999999 0
    vertex 85.52472907695345 58.376925686765254 0
  endloop
endfacet
facet normal 0.9986729339277559 0.051501175133467345 0
  outer loop
    vertex 85.66 60.9999999999999 -10
    vertex 85.52472907695346 63.623074313234554 0
    vertex 85.66 60.9999999999999 0
  endloop
endfacet
facet normal 0.9986729339277559 0.051501175133467345 0
  outer loop
    vertex 85.52472907695346 63.623074313234554 -10
    vertex 85.52472907695346 63.623074313234554 0
    vertex 85.66 60.9999999999999 -10
  endloop
endfacet
facet normal 0.9880775292537177 0.1539571244985719 0
  outer loop
    vertex 85.52472907695346 63.623074313234554 -10
    vertex 85.12035146252931 66.21831916109109 0
    vertex 85.52472907695346 63.623074313234554 0
  endloop
endfacet
facet normal 0.9880775292537177 0.1539571244985719 0
  outer loop
    vertex 85.12035146252931 66.21831916109109 -10
    vertex 85.12035146252931 66.21831916109109 0
    vertex 85.52472907695346 63.623074313234554 -10
  endloop
endfacet
facet normal 0.9669991316837029 0.2547796681899177 0
  outer loop
    vertex 84.45115739462263 68.75820033446354 -10
    vertex 85.12035146252931 66.21831916109109 0
    vertex 85.12035146252931 66.21831916109109 -10
  endloop
endfacet
facet normal 0.9669991316837029 0.2547796681899177 0
  outer loop
    vertex 84.45115739462263 68.75820033446354 -10
    vertex 84.45115739462263 68.75820033446354 0
    vertex 85.12035146252931 66.21831916109109 0
  endloop
endfacet
facet normal 0.9356613721428618 0.3528991310271779 0
  outer loop
    vertex 84.45115739462263 68.75820033446354 -10
    vertex 83.52424667709718 71.2157710042734 0
    vertex 84.45115739462263 68.75820033446354 0
  endloop
endfacet
facet normal 0.9356613721428618 0.3528991310271779 0
  outer loop
    vertex 83.52424667709718 71.2157710042734 -10
    vertex 83.52424667709718 71.2157710042734 0
    vertex 84.45115739462263 68.75820033446354 -10
  endloop
endfacet
facet normal 0.8943967280946642 0.44727451612355396 0
  outer loop
    vertex 82.34945335452875 73.56495761342602 -10
    vertex 83.52424667709718 71.2157710042734 0
    vertex 83.52424667709718 71.2157710042734 -10
  endloop
endfacet
facet normal 0.8943967280946642 0.44727451612355396 0
  outer loop
    vertex 82.34945335452875 73.56495761342602 -10
    vertex 82.34945335452875 73.56495761342602 0
    vertex 83.52424667709718 71.2157710042734 0
  endloop
endfacet
facet normal 0.8436429961265356 0.536904549325709 0
  outer loop
    vertex 80.93924137806502 75.78083650380147 -10
    vertex 82.34945335452875 73.56495761342602 0
    vertex 82.34945335452875 73.56495761342602 -10
  endloop
endfacet
facet normal 0.8436429961265356 0.536904549325709 0
  outer loop
    vertex 80.93924137806502 75.78083650380147 -10
    vertex 80.93924137806502 75.78083650380147 0
    vertex 82.34945335452875 73.56495761342602 0
  endloop
endfacet
facet normal 0.7839386471538765 0.6208383022160843 0
  outer loop
    vertex 80.93924137806502 75.78083650380147 -10
    vertex 79.30857236933325 77.83989834341072 0
    vertex 80.93924137806502 75.78083650380147 0
  endloop
endfacet
facet normal 0.7839386471538765 0.6208383022160843 0
  outer loop
    vertex 79.30857236933325 77.83989834341072 -10
    vertex 79.30857236933325 77.83989834341072 0
    vertex 80.93924137806502 75.78083650380147 -10
  endloop
endfacet
facet normal 0.7159171135214193 0.6981852809728654 0
  outer loop
    vertex 77.4747468853526 79.72029754828091 -10
    vertex 77.4747468853526 79.72029754828091 0
    vertex 79.30857236933325 77.83989834341072 0
  endloop
endfacet
facet normal 0.7159171135214193 0.6981852809728654 0
  outer loop
    vertex 77.4747468853526 79.72029754828091 -10
    vertex 79.30857236933325 77.83989834341072 0
    vertex 79.30857236933325 77.83989834341072 -10
  endloop
endfacet
facet normal 0.6403000686128169 0.768124874050061 0
  outer loop
    vertex 75.45722086854852 81.40208405283252 -10
    vertex 75.45722086854852 81.40208405283252 0
    vertex 77.4747468853526 79.72029754828091 0
  endloop
endfacet
facet normal 0.5578897702683016 0.8299150584427191 0
  outer loop
    vertex 75.45722086854852 81.40208405283252 -10
    vertex 73.27739922923972 82.86741496978418 0
    vertex 75.45722086854852 81.40208405283252 0
  endloop
endfacet
facet normal 0.6403000686128169 0.768124874050061 0
  outer loop
    vertex 75.45722086854852 81.40208405283252 -10
    vertex 77.4747468853526 79.72029754828091 0
    vertex 77.4747468853526 79.72029754828091 -10
  endloop
endfacet
facet normal 0.4695605492428032 0.8829002721682654 0
  outer loop
    vertex 73.27739922923972 82.86741496978418 -10
    vertex 70.95840875058117 84.10074389398255 0
    vertex 73.27739922923972 82.86741496978418 0
  endloop
endfacet
facet normal 0.5578897702683016 0.8299150584427191 0
  outer loop
    vertex 73.27739922923972 82.86741496978418 -10
    vertex 73.27739922923972 82.86741496978418 0
    vertex 75.45722086854852 81.40208405283252 -10
  endloop
endfacet
facet normal 0.4695605492428032 0.8829002721682654 0
  outer loop
    vertex 70.95840875058117 84.10074389398255 -10
    vertex 70.95840875058117 84.10074389398255 0
    vertex 73.27739922923972 82.86741496978418 -10
  endloop
endfacet
facet normal 0.376249533007709 0.9265183694409307 0
  outer loop
    vertex 68.52485272532459 85.08898584174165 -10
    vertex 68.52485272532459 85.08898584174165 0
    vertex 70.95840875058117 84.10074389398255 0
  endloop
endfacet
facet normal 0.2789467033117781 0.9603065847485848 0
  outer loop
    vertex 68.52485272532459 85.08898584174165 -10
    vertex 66.00254992757367 85.82165607576998 0
    vertex 68.52485272532459 85.08898584174165 0
  endloop
endfacet
facet normal 0.376249533007709 0.9265183694409307 0
  outer loop
    vertex 68.52485272532459 85.08898584174165 -10
    vertex 70.95840875058117 84.10074389398255 0
    vertex 70.95840875058117 84.10074389398255 -10
  endloop
endfacet
facet normal 0.17868439298543357 0.9839064425561138 0
  outer loop
    vertex 66.00254992757367 85.82165607576998 -10
    vertex 63.41826068890915 86.29098134282475 0
    vertex 66.00254992757367 85.82165607576998 0
  endloop
endfacet
facet normal 0.2789467033117781 0.9603065847485848 0
  outer loop
    vertex 66.00254992757367 85.82165607576998 -10
    vertex 66.00254992757367 85.82165607576998 0
    vertex 68.52485272532459 85.08898584174165 -10
  endloop
endfacet
facet normal 0.17868439298543357 0.9839064425561138 0
  outer loop
    vertex 63.41826068890915 86.29098134282475 -10
    vertex 63.41826068890915 86.29098134282475 0
    vertex 66.00254992757367 85.82165607576998 -10
  endloop
endfacet
facet normal 0.07652633342196465 0.9970675605459193 0
  outer loop
    vertex 60.799402985074614 86.49198234391899 -10
    vertex 60.799402985074614 86.49198234391899 0
    vertex 63.41826068890915 86.29098134282475 0
  endloop
endfacet
facet normal 0.07652633342196465 0.9970675605459193 0
  outer loop
    vertex 60.799402985074614 86.49198234391899 -10
    vertex 63.41826068890915 86.29098134282475 0
    vertex 63.41826068890915 86.29098134282475 -10
  endloop
endfacet
facet normal 0 1 0
  outer loop
    vertex 12 121 -5
    vertex 9 121 0
    vertex 12 121 0
  endloop
endfacet
facet normal 0 1 0
  outer loop
    vertex 9 121 -10
    vertex 9 121 0
    vertex 12 121 -5
  endloop
endfacet
facet normal 0 1 0
  outer loop
    vertex 42 121 -5
    vertex 42 121 0
    vertex 45 121 0
  endloop
endfacet
facet normal 0 1 0
  outer loop
    vertex 45 121 -10
    vertex 12 121 -5
    vertex 42 121 -5
  endloop
endfacet
facet normal 0 1 0
  outer loop
    vertex 45 121 -10
    vertex 9 121 -10
    vertex 12 121 -5
  endloop
endfacet
facet normal 0 1 0
  outer loop
    vertex 45 121 -10
    vertex 42 121 -5
    vertex 45 121 0
  endloop
endfacet
facet normal 0.1107230430731261 -0.993851300614245 0
  outer loop
    vertex 59.43555628181683 35.35607414383061 0
    vertex 59.43555628181683 35.35607414383061 -10
    vertex 60.79940298507463 35.50801765608101 -10
  endloop
endfacet
facet normal 0.1107230430731261 -0.993851300614245 0
  outer loop
    vertex 59.43555628181683 35.35607414383061 0
    vertex 60.79940298507463 35.50801765608101 -10
    vertex 60.79940298507463 35.50801765608101 0
  endloop
endfacet
facet normal 0.2789467033117705 -0.960306584748587 0
  outer loop
    vertex 58.117742471122355 34.9732799154976 0
    vertex 58.117742471122355 34.9732799154976 -10
    vertex 59.43555628181683 35.35607414383061 -10
  endloop
endfacet
facet normal 0.2789467033117705 -0.960306584748587 0
  outer loop
    vertex 58.117742471122355 34.9732799154976 0
    vertex 59.43555628181683 35.35607414383061 -10
    vertex 59.43555628181683 35.35607414383061 0
  endloop
endfacet
facet normal 0.4389625108324183 -0.8985053778824582 0
  outer loop
    vertex 56.88473749670916 34.37089847988188 0
    vertex 56.88473749670916 34.37089847988188 -10
    vertex 58.117742471122355 34.9732799154976 -10
  endloop
endfacet
facet normal 0.4389625108324183 -0.8985053778824582 0
  outer loop
    vertex 56.88473749670916 34.37089847988188 0
    vertex 58.117742471122355 34.9732799154976 -10
    vertex 58.117742471122355 34.9732799154976 0
  endloop
endfacet
facet normal 0.5860620888552538 -0.8102661464029067 0
  outer loop
    vertex 55.77282184911679 33.566654578107425 0
    vertex 55.77282184911679 33.566654578107425 -10
    vertex 56.88473749670916 34.37089847988188 -10
  endloop
endfacet
facet normal 0.7159171135214145 -0.6981852809728705 0
  outer loop
    vertex 55.77282184911679 33.566654578107425 0
    vertex 54.814713032305406 32.58421264290187 -10
    vertex 55.77282184911679 33.566654578107425 -10
  endloop
endfacet
facet normal 0.5860620888552538 -0.8102661464029067 0
  outer loop
    vertex 55.77282184911679 33.566654578107425 0
    vertex 56.88473749670916 34.37089847988188 -10
    vertex 56.88473749670916 34.37089847988188 0
  endloop
endfacet
facet normal 0.7159171135214145 -0.6981852809728705 0
  outer loop
    vertex 54.814713032305406 32.58421264290187 0
    vertex 54.814713032305406 32.58421264290187 -10
    vertex 55.77282184911679 33.566654578107425 0
  endloop
endfacet
facet normal 0.8247066724326008 -0.565560699169547 0
  outer loop
    vertex 54.03860286916748 31.452480485730312 0
    vertex 54.03860286916748 31.452480485730312 -10
    vertex 54.814713032305406 32.58421264290187 -10
  endloop
endfacet
facet normal 0.8247066724326008 -0.565560699169547 0
  outer loop
    vertex 54.03860286916748 31.452480485730312 0
    vertex 54.814713032305406 32.58421264290187 -10
    vertex 54.814713032305406 32.58421264290187 0
  endloop
endfacet
facet normal 0.9092296928885463 -0.4162948060807388 0
  outer loop
    vertex 53.467327972705945 30.204758700405144 0
    vertex 53.467327972705945 30.204758700405144 -10
    vertex 54.03860286916748 31.452480485730312 -10
  endloop
endfacet
facet normal 0.9092296928885463 -0.4162948060807388 0
  outer loop
    vertex 53.467327972705945 30.204758700405144 0
    vertex 54.03860286916748 31.452480485730312 -10
    vertex 54.03860286916748 31.452480485730312 0
  endloop
endfacet
facet normal 0.9669991316837006 -0.25477966818992637 0
  outer loop
    vertex 53.117697791306384 28.877760811500764 0
    vertex 53.117697791306384 28.877760811500764 -10
    vertex 53.467327972705945 30.204758700405144 -10
  endloop
endfacet
facet normal 0.9669991316837006 -0.25477966818992637 0
  outer loop
    vertex 53.117697791306384 28.877760811500764 0
    vertex 53.467327972705945 30.204758700405144 -10
    vertex 53.467327972705945 30.204758700405144 0
  endloop
endfacet
facet normal 0.9963151549802659 -0.08576777924517362 0
  outer loop
    vertex 53 27.510532999165243 0
    vertex 53 27.510532999165243 -10
    vertex 53.117697791306384 28.877760811500764 -10
  endloop
endfacet
facet normal 0.9963151549802659 -0.08576777924517362 0
  outer loop
    vertex 53 27.510532999165243 0
    vertex 53.117697791306384 28.877760811500764 -10
    vertex 53.117697791306384 28.877760811500764 0
  endloop
endfacet
facet normal -1 0 0
  outer loop
    vertex 42 76.31451598973993 -5
    vertex 42 121 0
    vertex 42 121 -5
  endloop
endfacet
facet normal -1 0 0
  outer loop
    vertex 42 76.31451598973993 0
    vertex 42 121 0
    vertex 42 76.31451598973993 -5
  endloop
endfacet
facet normal 1 0 0
  outer loop
    vertex 53 9 0
    vertex 53 27.510532999165243 -10
    vertex 53 27.510532999165243 0
  endloop
endfacet
facet normal 1 0 0
  outer loop
    vertex 53 9 -10
    vertex 53 27.510532999165243 -10
    vertex 53 9 0
  endloop
endfacet
facet normal -0.9927308411702648 -0.12035562716125267 0
  outer loop
    vertex 42.02897095397876 76.0755545037572 -5.000000000000002
    vertex 42.02897095397876 76.0755545037572 0
    vertex 42 76.31451598973993 0
  endloop
endfacet
facet normal -0.9927308411702649 -0.12035562716125267 0
  outer loop
    vertex 42.02897095397876 76.0755545037572 -5.000000000000002
    vertex 42 76.31451598973993 0
    vertex 42 76.31451598973993 -5
  endloop
endfacet
facet normal -0.9352101221445922 -0.3540932468126116 0
  outer loop
    vertex 42.11420518356614 75.8504389022007 -5.000000000000002
    vertex 42.11420518356614 75.8504389022007 0
    vertex 42.02897095397876 76.0755545037572 0
  endloop
endfacet
facet normal -0.9352101221445922 -0.3540932468126116 0
  outer loop
    vertex 42.11420518356614 75.8504389022007 -5.000000000000002
    vertex 42.02897095397876 76.0755545037572 0
    vertex 42.02897095397876 76.0755545037572 -5.000000000000002
  endloop
endfacet
facet normal -0.8235015443006944 -0.5673140281487595 0
  outer loop
    vertex 42.25076405487658 75.65221281253555 -5.000000000000002
    vertex 42.25076405487658 75.65221281253555 0
    vertex 42.11420518356614 75.8504389022007 0
  endloop
endfacet
facet normal -0.8235015443006944 -0.5673140281487595 0
  outer loop
    vertex 42.25076405487658 75.65221281253555 -5.000000000000002
    vertex 42.11420518356614 75.8504389022007 0
    vertex 42.11420518356614 75.8504389022007 -5.000000000000002
  endloop
endfacet
facet normal -0.6640777157740636 -0.7476635522829115 0
  outer loop
    vertex 42.430735086357814 75.49236183260396 -5.000000000000002
    vertex 42.430735086357814 75.49236183260396 0
    vertex 42.25076405487658 75.65221281253555 0
  endloop
endfacet
facet normal -0.6640777157740636 -0.7476635522829115 0
  outer loop
    vertex 42.430735086357814 75.49236183260396 -5.000000000000002
    vertex 42.25076405487658 75.65221281253555 0
    vertex 42.25076405487658 75.65221281253555 -5.000000000000002
  endloop
endfacet
facet normal -0.46617595736337225 -0.8846920236875336 0
  outer loop
    vertex 42.64369041306875 75.38014803317203 -5.000000000000002
    vertex 42.64369041306875 75.38014803317203 0
    vertex 42.430735086357814 75.49236183260396 0
  endloop
endfacet
facet normal -0.46617595736337225 -0.8846920236875336 0
  outer loop
    vertex 42.64369041306875 75.38014803317203 -5.000000000000002
    vertex 42.430735086357814 75.49236183260396 0
    vertex 42.430735086357814 75.49236183260396 -5.000000000000002
  endloop
endfacet
facet normal -0.24126307453920798 -0.9704597512848684 0
  outer loop
    vertex 42.87729099707003 75.322073295878 -5.000000000000002
    vertex 42.87729099707003 75.322073295878 0
    vertex 42.64369041306875 75.38014803317203 0
  endloop
endfacet
facet normal -0.00237094885647762 -0.9999971892968099 0
  outer loop
    vertex 42.87729099707003 75.322073295878 -5.000000000000002
    vertex 43.11800157482463 75.32150258180482 0
    vertex 42.87729099707003 75.322073295878 0
  endloop
endfacet
facet normal -0.24126307453920798 -0.9704597512848684 0
  outer loop
    vertex 42.87729099707003 75.322073295878 -5.000000000000002
    vertex 42.64369041306875 75.38014803317203 0
    vertex 42.64369041306875 75.38014803317203 -5.000000000000002
  endloop
endfacet
facet normal 0.23665855412661213 -0.9715928822087476 0
  outer loop
    vertex 43.11800157482463 75.32150258180482 -5.000000000000002
    vertex 43.3518749161919 75.37846895921479 0
    vertex 43.11800157482463 75.32150258180482 0
  endloop
endfacet
facet normal -0.00237094885647762 -0.9999971892968099 0
  outer loop
    vertex 43.11800157482463 75.32150258180482 -5.000000000000002
    vertex 43.11800157482463 75.32150258180482 0
    vertex 42.87729099707003 75.322073295878 -5.000000000000002
  endloop
endfacet
facet normal 0.4619756089491889 -0.8868926297675646 6.565068260743895e-16
  outer loop
    vertex 43.35187491619191 75.37846895921479 -5.000000000000002
    vertex 43.56535995355264 75.48967168751135 0
    vertex 43.3518749161919 75.37846895921479 0
  endloop
endfacet
facet normal 0.23665855412660536 -0.9715928822087494 3.363120329802957e-16
  outer loop
    vertex 43.35187491619191 75.37846895921479 -5.000000000000002
    vertex 43.3518749161919 75.37846895921479 0
    vertex 43.11800157482463 75.32150258180482 -5.000000000000002
  endloop
endfacet
facet normal 0.6605249155594212 -0.7508041262041782 0
  outer loop
    vertex 43.56535995355264 75.48967168751135 -5.000000000000002
    vertex 43.74608695652175 75.64866746844692 0
    vertex 43.56535995355264 75.48967168751135 0
  endloop
endfacet
facet normal 0.461975608949201 -0.8868926297675582 0
  outer loop
    vertex 43.56535995355264 75.48967168751135 -5.000000000000002
    vertex 43.56535995355264 75.48967168751135 0
    vertex 43.35187491619191 75.37846895921479 -5.000000000000002
  endloop
endfacet
facet normal 0.6605249155594212 -0.7508041262041782 0
  outer loop
    vertex 43.74608695652175 75.64866746844692 -5
    vertex 43.74608695652175 75.64866746844692 0
    vertex 43.56535995355264 75.48967168751135 -5.000000000000002
  endloop
endfacet
facet normal 0.9961946980917454 -0.08715574274765789 0
  outer loop
    vertex 52.878462024097665 7.610814578664559 0
    vertex 52.878462024097665 7.610814578664559 -10
    vertex 53 9 -10
  endloop
endfacet
facet normal 0.9961946980917454 -0.08715574274765789 0
  outer loop
    vertex 52.878462024097665 7.610814578664559 0
    vertex 53 9 -10
    vertex 53 9 0
  endloop
endfacet
facet normal 0.9659258262890688 -0.2588190451025186 0
  outer loop
    vertex 52.51754096628727 6.2638388533946525 0
    vertex 52.51754096628727 6.2638388533946525 -10
    vertex 52.878462024097665 7.610814578664559 -10
  endloop
endfacet
facet normal 0.9659258262890688 -0.2588190451025186 0
  outer loop
    vertex 52.51754096628727 6.2638388533946525 0
    vertex 52.878462024097665 7.610814578664559 -10
    vertex 52.878462024097665 7.610814578664559 0
  endloop
endfacet
facet normal 0.9063077870366497 -0.42261826174070016 0
  outer loop
    vertex 51.928203230275514 5.000000000000007 0
    vertex 51.928203230275514 5.000000000000007 -10
    vertex 52.51754096628727 6.2638388533946525 -10
  endloop
endfacet
facet normal 0.9063077870366497 -0.42261826174070016 0
  outer loop
    vertex 51.928203230275514 5.000000000000007 0
    vertex 52.51754096628727 6.2638388533946525 -10
    vertex 52.51754096628727 6.2638388533946525 0
  endloop
endfacet
facet normal 0.8191520442889929 -0.5735764363510446 0
  outer loop
    vertex 51.12835554495183 3.8576991225076895 0
    vertex 51.12835554495183 3.8576991225076895 -10
    vertex 51.928203230275514 5.000000000000007 -10
  endloop
endfacet
facet normal 0.8191520442889929 -0.5735764363510446 0
  outer loop
    vertex 51.12835554495183 3.8576991225076895 0
    vertex 51.928203230275514 5.000000000000007 -10
    vertex 51.928203230275514 5.000000000000007 0
  endloop
endfacet
facet normal 0.7071067811865449 -0.7071067811865499 0
  outer loop
    vertex 50.14230087749232 2.871644455048184 0
    vertex 50.14230087749232 2.871644455048184 -10
    vertex 51.12835554495183 3.8576991225076895 -10
  endloop
endfacet
facet normal 0.7071067811865449 -0.7071067811865499 0
  outer loop
    vertex 50.14230087749232 2.871644455048184 0
    vertex 51.12835554495183 3.8576991225076895 -10
    vertex 51.12835554495183 3.8576991225076895 0
  endloop
endfacet
facet normal 0.5735764363510494 -0.8191520442889896 0
  outer loop
    vertex 49.000000000000014 2.0717967697245 0
    vertex 49.000000000000014 2.0717967697245 -10
    vertex 50.14230087749232 2.871644455048184 -10
  endloop
endfacet
facet normal 0.5735764363510494 -0.8191520442889896 0
  outer loop
    vertex 49.000000000000014 2.0717967697245 0
    vertex 50.14230087749232 2.871644455048184 -10
    vertex 50.14230087749232 2.871644455048184 0
  endloop
endfacet
facet normal 0.4226182617407024 -0.9063077870366486 0
  outer loop
    vertex 47.73616114660536 1.4824590337127361 0
    vertex 47.73616114660536 1.4824590337127361 -10
    vertex 49.000000000000014 2.0717967697245 -10
  endloop
endfacet
facet normal 0.4226182617407024 -0.9063077870366486 0
  outer loop
    vertex 47.73616114660536 1.4824590337127361 0
    vertex 49.000000000000014 2.0717967697245 -10
    vertex 49.000000000000014 2.0717967697245 0
  endloop
endfacet
facet normal 0.2588190451025233 -0.9659258262890675 0
  outer loop
    vertex 46.389185421335455 1.121537975902335 0
    vertex 46.389185421335455 1.121537975902335 -10
    vertex 47.73616114660536 1.4824590337127361 -10
  endloop
endfacet
facet normal 0.08715574274765701 -0.9961946980917457 0
  outer loop
    vertex 46.389185421335455 1.121537975902335 0
    vertex 45 1 -10
    vertex 46.389185421335455 1.121537975902335 -10
  endloop
endfacet
facet normal 0.2588190451025233 -0.9659258262890675 0
  outer loop
    vertex 46.389185421335455 1.121537975902335 0
    vertex 47.73616114660536 1.4824590337127361 -10
    vertex 47.73616114660536 1.4824590337127361 0
  endloop
endfacet
facet normal 0.08715574274765701 -0.9961946980917457 0
  outer loop
    vertex 45 1 0
    vertex 45 1 -10
    vertex 46.389185421335455 1.121537975902335 0
  endloop
endfacet
facet normal 0.7075678257613114 0.7066454358073859 0
  outer loop
    vertex 43.74608695652174 46.35133253155311 0
    vertex 45.489933765607184 44.60520946524392 -5
    vertex 43.74608695652174 46.35133253155311 -5
  endloop
endfacet
facet normal 0.7075678257613114 0.7066454358073859 0
  outer loop
    vertex 45.489933765607184 44.60520946524392 0
    vertex 45.489933765607184 44.60520946524392 -5
    vertex 43.74608695652174 46.35133253155311 0
  endloop
endfacet
facet normal 0.6239753316067128 0.7814440386529882 0
  outer loop
    vertex 47.418367212186894 43.065374442143316 0
    vertex 47.418367212186894 43.065374442143316 -5
    vertex 45.489933765607184 44.60520946524392 -5
  endloop
endfacet
facet normal 0.6239753316067128 0.7814440386529882 0
  outer loop
    vertex 47.418367212186894 43.065374442143316 0
    vertex 45.489933765607184 44.60520946524392 -5
    vertex 45.489933765607184 44.60520946524392 0
  endloop
endfacet
facet normal 0.5325316453374713 0.8464100936981822 0
  outer loop
    vertex 49.50712271286717 41.75120249196617 0
    vertex 47.418367212186894 43.065374442143316 -5
    vertex 47.418367212186894 43.065374442143316 0
  endloop
endfacet
facet normal 0.5325316453374713 0.8464100936981822 0
  outer loop
    vertex 49.50712271286717 41.75120249196617 0
    vertex 49.50712271286717 41.75120249196617 -5
    vertex 47.418367212186894 43.065374442143316 -5
  endloop
endfacet
facet normal 0.4343873604341509 0.9007261632122444 0
  outer loop
    vertex 51.7299184262263 40.67922923067333 0
    vertex 49.50712271286717 41.75120249196617 -5
    vertex 49.50712271286717 41.75120249196617 0
  endloop
endfacet
facet normal 0.4343873604341509 0.9007261632122444 0
  outer loop
    vertex 51.7299184262263 40.67922923067333 0
    vertex 51.7299184262263 40.67922923067333 -5
    vertex 49.50712271286717 41.75120249196617 -5
  endloop
endfacet
facet normal 0.3307773809012681 0.9437088132915246 0
  outer loop
    vertex 54.05878594503217 39.8629428004875 0
    vertex 51.7299184262263 40.67922923067333 -5
    vertex 51.7299184262263 40.67922923067333 0
  endloop
endfacet
facet normal 0.3307773809012681 0.9437088132915246 0
  outer loop
    vertex 54.05878594503217 39.8629428004875 0
    vertex 54.05878594503217 39.8629428004875 -5
    vertex 51.7299184262263 40.67922923067333 -5
  endloop
endfacet
facet normal 0.22300538304316636 0.9748172131911556 0
  outer loop
    vertex 54.05878594503217 39.8629428004875 0
    vertex 56.46442220973497 39.312614154857215 -5
    vertex 54.05878594503217 39.8629428004875 -5
  endloop
endfacet
facet normal 0.22300538304316636 0.9748172131911556 0
  outer loop
    vertex 56.46442220973497 39.312614154857215 0
    vertex 56.46442220973497 39.312614154857215 -5
    vertex 54.05878594503217 39.8629428004875 0
  endloop
endfacet
facet normal 0.11242741190987507 0.9936599403474247 0
  outer loop
    vertex 56.46442220973497 39.312614154857215 0
    vertex 58.91655821527087 39.0351678238146 -5
    vertex 56.46442220973497 39.312614154857215 -5
  endloop
endfacet
facet normal 0.11242741190987507 0.9936599403474247 0
  outer loop
    vertex 58.91655821527087 39.0351678238146 0
    vertex 58.91655821527087 39.0351678238146 -5
    vertex 56.46442220973497 39.312614154857215 0
  endloop
endfacet
facet normal 0.00043481881134158675 0.9999999054662962 0
  outer loop
    vertex 61.38433987190988 39.03409478582657 0
    vertex 58.91655821527087 39.0351678238146 -5
    vertex 58.91655821527087 39.0351678238146 0
  endloop
endfacet
facet normal 0.00043481881134158675 0.9999999054662962 0
  outer loop
    vertex 61.38433987190988 39.03409478582657 0
    vertex 61.38433987190988 39.03409478582657 -5
    vertex 58.91655821527087 39.0351678238146 -5
  endloop
endfacet
facet normal -0.11156324541056327 0.9937573357079998 0
  outer loop
    vertex 61.38433987190988 39.03409478582657 0
    vertex 63.836716227952756 39.3094085424323 -5
    vertex 61.38433987190988 39.03409478582657 -5
  endloop
endfacet
facet normal -0.11156324541056327 0.9937573357079998 0
  outer loop
    vertex 63.836716227952756 39.3094085424323 0
    vertex 63.836716227952756 39.3094085424323 -5
    vertex 61.38433987190988 39.03409478582657 0
  endloop
endfacet
facet normal -0.22215756107337994 0.9750107784316681 0
  outer loop
    vertex 63.836716227952756 39.3094085424323 0
    vertex 66.24283016945063 39.85764494835967 -5
    vertex 63.836716227952756 39.3094085424323 -5
  endloop
endfacet
facet normal -0.22215756107337994 0.9750107784316681 0
  outer loop
    vertex 66.24283016945063 39.85764494835967 0
    vertex 66.24283016945063 39.85764494835967 -5
    vertex 63.836716227952756 39.3094085424323 0
  endloop
endfacet
facet normal -0.3299565712115162 0.9439961128703547 0
  outer loop
    vertex 68.57240668095412 40.67190579925805 0
    vertex 66.24283016945063 39.85764494835967 -5
    vertex 66.24283016945063 39.85764494835967 0
  endloop
endfacet
facet normal -0.3299565712115162 0.9439961128703547 0
  outer loop
    vertex 68.57240668095412 40.67190579925805 0
    vertex 68.57240668095412 40.67190579925805 -5
    vertex 66.24283016945063 39.85764494835967 -5
  endloop
endfacet
facet normal -0.43360389089195583 0.9011035821720812 0
  outer loop
    vertex 68.57240668095412 40.67190579925805 0
    vertex 70.79613378198724 41.74194562860335 -5
    vertex 68.57240668095412 40.67190579925805 -5
  endloop
endfacet
facet normal -0.43360389089195583 0.9011035821720812 0
  outer loop
    vertex 70.79613378198724 41.74194562860335 0
    vertex 70.79613378198724 41.74194562860335 -5
    vertex 68.57240668095412 40.67190579925805 0
  endloop
endfacet
facet normal -0.5317953739766091 0.846872883151349 0
  outer loop
    vertex 72.88603134609889 43.054300621650086 0
    vertex 70.79613378198724 41.74194562860335 -5
    vertex 70.79613378198724 41.74194562860335 0
  endloop
endfacet
facet normal -0.5317953739766091 0.846872883151349 0
  outer loop
    vertex 72.88603134609889 43.054300621650086 0
    vertex 72.88603134609889 43.054300621650086 -5
    vertex 70.79613378198724 41.74194562860335 -5
  endloop
endfacet
facet normal -0.6232955225881328 0.7819863755345015 0
  outer loop
    vertex 72.88603134609889 43.054300621650086 0
    vertex 74.81580316181304 44.592458024366024 -5
    vertex 72.88603134609889 43.054300621650086 -5
  endloop
endfacet
facet normal -0.6232955225881328 0.7819863755345015 0
  outer loop
    vertex 74.81580316181304 44.592458024366024 0
    vertex 74.81580316181304 44.592458024366024 -5
    vertex 72.88603134609889 43.054300621650086 0
  endloop
endfacet
facet normal -0.7069530328065133 0.7072604961438699 0
  outer loop
    vertex 76.56116780565807 46.337063915755316 0
    vertex 74.81580316181304 44.592458024366024 -5
    vertex 74.81580316181304 44.592458024366024 0
  endloop
endfacet
facet normal -0.7069530328065133 0.7072604961438699 0
  outer loop
    vertex 76.56116780565807 46.337063915755316 0
    vertex 76.56116780565807 46.337063915755316 -5
    vertex 74.81580316181304 44.592458024366024 -5
  endloop
endfacet
facet normal -0.7817152809921812 0.6236354860520005 0
  outer loop
    vertex 78.10016416405338 48.26616672926747 0
    vertex 76.56116780565807 46.337063915755316 -5
    vertex 76.56116780565807 46.337063915755316 0
  endloop
endfacet
facet normal -0.7817152809921812 0.6236354860520005 0
  outer loop
    vertex 78.10016416405338 48.26616672926747 0
    vertex 78.10016416405338 48.26616672926747 -5
    vertex 76.56116780565807 46.337063915755316 -5
  endloop
endfacet
facet normal -0.8466415684609244 0.5321635599644399 0
  outer loop
    vertex 78.10016416405338 48.26616672926747 0
    vertex 79.41342775981302 50.35549345917522 -5
    vertex 78.10016416405338 48.26616672926747 -5
  endloop
endfacet
facet normal -0.8466415684609244 0.5321635599644399 0
  outer loop
    vertex 79.41342775981302 50.35549345917522 0
    vertex 79.41342775981302 50.35549345917522 -5
    vertex 78.10016416405338 48.26616672926747 0
  endloop
endfacet
facet normal -0.9009149578589903 0.43399566669027195 0
  outer loop
    vertex 79.41342775981302 50.35549345917522 0
    vertex 80.48443440637831 52.578755076544496 -5
    vertex 79.41342775981302 50.35549345917522 -5
  endloop
endfacet
facet normal -0.9009149578589903 0.43399566669027195 0
  outer loop
    vertex 80.48443440637831 52.578755076544496 0
    vertex 80.48443440637831 52.578755076544496 -5
    vertex 79.41342775981302 50.35549345917522 0
  endloop
endfacet
facet normal -0.9438525523068148 0.3303670072872164 0
  outer loop
    vertex 81.29970812399128 54.907977311889184 0
    vertex 81.29970812399128 54.907977311889184 -5
    vertex 80.48443440637831 52.578755076544496 -5
  endloop
endfacet
facet normal -0.97491408797365 0.22258149309973269 0
  outer loop
    vertex 81.29970812399128 54.907977311889184 0
    vertex 81.84899070169584 57.313852642425815 -5
    vertex 81.29970812399128 54.907977311889184 -5
  endloop
endfacet
facet normal -0.9438525523068148 0.3303670072872164 0
  outer loop
    vertex 81.29970812399128 54.907977311889184 0
    vertex 80.48443440637831 52.578755076544496 -5
    vertex 80.48443440637831 52.578755076544496 0
  endloop
endfacet
facet normal -0.97491408797365 0.22258149309973269 0
  outer loop
    vertex 81.84899070169584 57.313852642425815 0
    vertex 81.84899070169584 57.313852642425815 -5
    vertex 81.29970812399128 54.907977311889184 0
  endloop
endfacet
facet normal -0.9937087319666782 0.11199533924756207 0
  outer loop
    vertex 82.12537077164727 59.76610905503608 0
    vertex 82.12537077164727 59.76610905503608 -5
    vertex 81.84899070169584 57.313852642425815 -5
  endloop
endfacet
facet normal -0.9937087319666782 0.11199533924756207 0
  outer loop
    vertex 82.12537077164727 59.76610905503608 0
    vertex 81.84899070169584 57.313852642425815 -5
    vertex 81.84899070169584 57.313852642425815 0
  endloop
endfacet
facet normal -1 5.758553773817946e-15 0
  outer loop
    vertex 82.12537077164728 62.233890944963655 0
    vertex 82.12537077164728 62.233890944963655 -5
    vertex 82.12537077164727 59.76610905503608 -5
  endloop
endfacet
facet normal -0.9937087319666795 -0.11199533924755038 0
  outer loop
    vertex 82.12537077164728 62.233890944963655 0
    vertex 81.84899070169588 64.68614735757393 -5
    vertex 82.12537077164728 62.233890944963655 -5
  endloop
endfacet
facet normal -1 5.758553773817946e-15 0
  outer loop
    vertex 82.12537077164728 62.233890944963655 0
    vertex 82.12537077164727 59.76610905503608 -5
    vertex 82.12537077164727 59.76610905503608 0
  endloop
endfacet
facet normal -0.9937087319666795 -0.11199533924755038 0
  outer loop
    vertex 81.84899070169588 64.68614735757393 0
    vertex 81.84899070169588 64.68614735757393 -5
    vertex 82.12537077164728 62.233890944963655 0
  endloop
endfacet
facet normal -0.9749140879736525 -0.22258149309972175 0
  outer loop
    vertex 81.29970812399135 67.09202268811056 0
    vertex 81.29970812399135 67.09202268811056 -5
    vertex 81.84899070169588 64.68614735757393 -5
  endloop
endfacet
facet normal -0.9438525523068206 -0.3303670072871992 0
  outer loop
    vertex 81.29970812399135 67.09202268811056 0
    vertex 80.48443440637843 69.42124492345526 -5
    vertex 81.29970812399135 67.09202268811056 -5
  endloop
endfacet
facet normal -0.9749140879736525 -0.22258149309972175 0
  outer loop
    vertex 81.29970812399135 67.09202268811056 0
    vertex 81.84899070169588 64.68614735757393 -5
    vertex 81.84899070169588 64.68614735757393 0
  endloop
endfacet
facet normal -0.9438525523068206 -0.3303670072871992 0
  outer loop
    vertex 80.48443440637843 69.42124492345526 0
    vertex 80.48443440637843 69.42124492345526 -5
    vertex 81.29970812399135 67.09202268811056 0
  endloop
endfacet
facet normal -0.9009149578589937 -0.433995666690265 0
  outer loop
    vertex 79.41342775981315 71.64450654082455 0
    vertex 79.41342775981315 71.64450654082455 -5
    vertex 80.48443440637843 69.42124492345526 -5
  endloop
endfacet
facet normal -0.9009149578589937 -0.433995666690265 0
  outer loop
    vertex 79.41342775981315 71.64450654082455 0
    vertex 80.48443440637843 69.42124492345526 -5
    vertex 80.48443440637843 69.42124492345526 0
  endloop
endfacet
facet normal -0.8466415684609312 -0.532163559964429 0
  outer loop
    vertex 78.10016416405354 73.73383327073232 0
    vertex 78.10016416405354 73.73383327073232 -5
    vertex 79.41342775981315 71.64450654082455 -5
  endloop
endfacet
facet normal -0.7817152809921903 -0.6236354860519893 0
  outer loop
    vertex 78.10016416405354 73.73383327073232 0
    vertex 76.56116780565826 75.66293608424449 -5
    vertex 78.10016416405354 73.73383327073232 -5
  endloop
endfacet
facet normal -0.8466415684609312 -0.532163559964429 0
  outer loop
    vertex 78.10016416405354 73.73383327073232 0
    vertex 79.41342775981315 71.64450654082455 -5
    vertex 79.41342775981315 71.64450654082455 0
  endloop
endfacet
facet normal -0.7817152809921903 -0.6236354860519893 0
  outer loop
    vertex 76.56116780565826 75.66293608424449 0
    vertex 76.56116780565826 75.66293608424449 -5
    vertex 78.10016416405354 73.73383327073232 0
  endloop
endfacet
facet normal -0.7069530328065177 -0.7072604961438655 0
  outer loop
    vertex 74.81580316181324 77.40754197563379 0
    vertex 76.56116780565826 75.66293608424449 -5
    vertex 76.56116780565826 75.66293608424449 0
  endloop
endfacet
facet normal -0.7069530328065177 -0.7072604961438655 0
  outer loop
    vertex 74.81580316181324 77.40754197563379 0
    vertex 74.81580316181324 77.40754197563379 -5
    vertex 76.56116780565826 75.66293608424449 -5
  endloop
endfacet
facet normal -0.6232955225881427 -0.7819863755344936 0
  outer loop
    vertex 72.8860313460991 78.94569937834976 0
    vertex 74.81580316181324 77.40754197563379 -5
    vertex 74.81580316181324 77.40754197563379 0
  endloop
endfacet
facet normal -0.6232955225881427 -0.7819863755344936 0
  outer loop
    vertex 72.8860313460991 78.94569937834976 0
    vertex 72.8860313460991 78.94569937834976 -5
    vertex 74.81580316181324 77.40754197563379 -5
  endloop
endfacet
facet normal -0.53179537397662 -0.8468728831513422 0
  outer loop
    vertex 70.79613378198746 80.25805437139653 0
    vertex 72.8860313460991 78.94569937834976 -5
    vertex 72.8860313460991 78.94569937834976 0
  endloop
endfacet
facet normal -0.53179537397662 -0.8468728831513422 0
  outer loop
    vertex 70.79613378198746 80.25805437139653 0
    vertex 70.79613378198746 80.25805437139653 -5
    vertex 72.8860313460991 78.94569937834976 -5
  endloop
endfacet
facet normal -0.43360389089196516 -0.9011035821720768 0
  outer loop
    vertex 68.57240668095436 81.32809420074184 0
    vertex 70.79613378198746 80.25805437139653 -5
    vertex 70.79613378198746 80.25805437139653 0
  endloop
endfacet
facet normal -0.43360389089196516 -0.9011035821720768 0
  outer loop
    vertex 68.57240668095436 81.32809420074184 0
    vertex 68.57240668095436 81.32809420074184 -5
    vertex 70.79613378198746 80.25805437139653 -5
  endloop
endfacet
facet normal -0.3299565712115282 -0.9439961128703505 0
  outer loop
    vertex 66.24283016945088 82.14235505164025 0
    vertex 68.57240668095436 81.32809420074184 -5
    vertex 68.57240668095436 81.32809420074184 0
  endloop
endfacet
facet normal -0.3299565712115282 -0.9439961128703505 0
  outer loop
    vertex 66.24283016945088 82.14235505164025 0
    vertex 66.24283016945088 82.14235505164025 -5
    vertex 68.57240668095436 81.32809420074184 -5
  endloop
endfacet
facet normal -0.2221575610733915 -0.9750107784316654 0
  outer loop
    vertex 66.24283016945088 82.14235505164025 0
    vertex 63.83671622795302 82.69059145756765 -5
    vertex 66.24283016945088 82.14235505164025 -5
  endloop
endfacet
facet normal -0.2221575610733915 -0.9750107784316654 0
  outer loop
    vertex 63.83671622795302 82.69059145756765 0
    vertex 63.83671622795302 82.69059145756765 -5
    vertex 66.24283016945088 82.14235505164025 0
  endloop
endfacet
facet normal -0.1115632454105775 -0.9937573357079983 0
  outer loop
    vertex 61.38433987191014 82.96590521417342 0
    vertex 63.83671622795302 82.69059145756765 -5
    vertex 63.83671622795302 82.69059145756765 0
  endloop
endfacet
facet normal -0.1115632454105775 -0.9937573357079983 0
  outer loop
    vertex 61.38433987191014 82.96590521417342 0
    vertex 61.38433987191014 82.96590521417342 -5
    vertex 63.83671622795302 82.69059145756765 -5
  endloop
endfacet
facet normal 0.00043481881133294767 -0.9999999054662962 0
  outer loop
    vertex 58.916558215271124 82.96483217618541 0
    vertex 61.38433987191014 82.96590521417342 -5
    vertex 61.38433987191014 82.96590521417342 0
  endloop
endfacet
facet normal 0.00043481881133294767 -0.9999999054662962 0
  outer loop
    vertex 58.916558215271124 82.96483217618541 0
    vertex 58.916558215271124 82.96483217618541 -5
    vertex 61.38433987191014 82.96590521417342 -5
  endloop
endfacet
facet normal 0.11242741190985547 -0.9936599403474267 0
  outer loop
    vertex 56.46442220973523 82.68738584514284 0
    vertex 58.916558215271124 82.96483217618541 -5
    vertex 58.916558215271124 82.96483217618541 0
  endloop
endfacet
facet normal 0.11242741190985547 -0.9936599403474267 0
  outer loop
    vertex 56.46442220973523 82.68738584514284 0
    vertex 56.46442220973523 82.68738584514284 -5
    vertex 58.916558215271124 82.96483217618541 -5
  endloop
endfacet
facet normal 0.22300538304315837 -0.9748172131911573 0
  outer loop
    vertex 54.058785945032405 82.13705719951257 0
    vertex 56.46442220973523 82.68738584514284 -5
    vertex 56.46442220973523 82.68738584514284 0
  endloop
endfacet
facet normal 0.22300538304315837 -0.9748172131911573 0
  outer loop
    vertex 54.058785945032405 82.13705719951257 0
    vertex 54.058785945032405 82.13705719951257 -5
    vertex 56.46442220973523 82.68738584514284 -5
  endloop
endfacet
facet normal 0.33077738090126024 -0.9437088132915272 0
  outer loop
    vertex 51.72991842622651 81.32077076932676 0
    vertex 54.058785945032405 82.13705719951257 -5
    vertex 54.058785945032405 82.13705719951257 0
  endloop
endfacet
facet normal 0.33077738090126024 -0.9437088132915272 0
  outer loop
    vertex 51.72991842622651 81.32077076932676 0
    vertex 51.72991842622651 81.32077076932676 -5
    vertex 54.058785945032405 82.13705719951257 -5
  endloop
endfacet
facet normal 0.43438736043414067 -0.9007261632122496 0
  outer loop
    vertex 49.50712271286735 80.24879750803393 0
    vertex 51.72991842622651 81.32077076932676 -5
    vertex 51.72991842622651 81.32077076932676 0
  endloop
endfacet
facet normal 0.43438736043414067 -0.9007261632122496 0
  outer loop
    vertex 49.50712271286735 80.24879750803393 0
    vertex 49.50712271286735 80.24879750803393 -5
    vertex 51.72991842622651 81.32077076932676 -5
  endloop
endfacet
facet normal 0.5325316453374654 -0.8464100936981861 0
  outer loop
    vertex 47.41836721218705 78.93462555785679 0
    vertex 49.50712271286735 80.24879750803393 -5
    vertex 49.50712271286735 80.24879750803393 0
  endloop
endfacet
facet normal 0.5325316453374654 -0.8464100936981861 0
  outer loop
    vertex 47.41836721218705 78.93462555785679 0
    vertex 47.41836721218705 78.93462555785679 -5
    vertex 49.50712271286735 80.24879750803393 -5
  endloop
endfacet
facet normal 0.6239753316067039 -0.781444038652995 0
  outer loop
    vertex 45.489933765607304 77.3947905347562 0
    vertex 47.41836721218705 78.93462555785679 -5
    vertex 47.41836721218705 78.93462555785679 0
  endloop
endfacet
facet normal 0.6239753316067039 -0.781444038652995 0
  outer loop
    vertex 45.489933765607304 77.3947905347562 0
    vertex 45.489933765607304 77.3947905347562 -5
    vertex 47.41836721218705 78.93462555785679 -5
  endloop
endfacet
facet normal 0.7075678257613071 -0.7066454358073904 0
  outer loop
    vertex 43.74608695652175 75.64866746844692 0
    vertex 45.489933765607304 77.3947905347562 -5
    vertex 45.489933765607304 77.3947905347562 0
  endloop
endfacet
facet normal 0.7075678257613071 -0.7066454358073904 0
  outer loop
    vertex 43.74608695652175 75.64866746844692 0
    vertex 43.74608695652175 75.64866746844692 -5
    vertex 45.489933765607304 77.3947905347562 -5
  endloop
endfacet
facet normal 0 -1 0
  outer loop
    vertex 42 1 -5
    vertex 45 1 0
    vertex 42 1 0
  endloop
endfacet
facet normal 0 -1 0
  outer loop
    vertex 45 1 -10
    vertex 45 1 0
    vertex 42 1 -5
  endloop
endfacet
facet normal 0 -1 0
  outer loop
    vertex 12 1 -5
    vertex 12 1 0
    vertex 9 1 0
  endloop
endfacet
facet normal 0 -1 0
  outer loop
    vertex 9 1 -10
    vertex 42 1 -5
    vertex 12 1 -5
  endloop
endfacet
facet normal 0 -1 0
  outer loop
    vertex 9 1 -10
    vertex 45 1 -10
    vertex 42 1 -5
  endloop
endfacet
facet normal 0 -1 0
  outer loop
    vertex 9 1 -10
    vertex 12 1 -5
    vertex 9 1 0
  endloop
endfacet
facet normal 0.6605249155593732 0.7508041262042204 0
  outer loop
    vertex 43.565359953552615 46.51032831248867 -5.000000000000002
    vertex 43.565359953552615 46.51032831248867 0
    vertex 43.74608695652174 46.35133253155311 0
  endloop
endfacet
facet normal 0.6605249155593732 0.7508041262042204 0
  outer loop
    vertex 43.565359953552615 46.51032831248867 -5.000000000000002
    vertex 43.74608695652174 46.35133253155311 0
    vertex 43.74608695652174 46.35133253155311 -5
  endloop
endfacet
facet normal 0.4619756089491424 0.8868926297675888 0
  outer loop
    vertex 43.35187491619188 46.621531040785214 -5.000000000000002
    vertex 43.35187491619188 46.621531040785214 0
    vertex 43.565359953552615 46.51032831248867 0
  endloop
endfacet
facet normal 0.4619756089491424 0.8868926297675888 0
  outer loop
    vertex 43.35187491619188 46.621531040785214 -5.000000000000002
    vertex 43.565359953552615 46.51032831248867 0
    vertex 43.565359953552615 46.51032831248867 -5.000000000000002
  endloop
endfacet
facet normal 0.23665855412660536 0.9715928822087494 0
  outer loop
    vertex 43.1180015748246 46.67849741819518 -5.000000000000002
    vertex 43.1180015748246 46.67849741819518 0
    vertex 43.35187491619188 46.621531040785214 0
  endloop
endfacet
facet normal 0.23665855412660536 0.9715928822087494 0
  outer loop
    vertex 43.1180015748246 46.67849741819518 -5.000000000000002
    vertex 43.35187491619188 46.621531040785214 0
    vertex 43.35187491619188 46.621531040785214 -5.000000000000002
  endloop
endfacet
facet normal -0.002370948856507209 0.9999971892968099 0
  outer loop
    vertex 42.877290997070006 46.677926704121994 -5.000000000000002
    vertex 42.877290997070006 46.677926704121994 0
    vertex 43.1180015748246 46.67849741819518 0
  endloop
endfacet
facet normal -0.002370948856507209 0.9999971892968099 0
  outer loop
    vertex 42.877290997070006 46.677926704121994 -5.000000000000002
    vertex 43.1180015748246 46.67849741819518 0
    vertex 43.1180015748246 46.67849741819518 -5.000000000000002
  endloop
endfacet
facet normal -0.24126307453918017 0.9704597512848753 0
  outer loop
    vertex 42.643690413068725 46.619851966827966 -5.000000000000002
    vertex 42.643690413068725 46.619851966827966 0
    vertex 42.877290997070006 46.677926704121994 0
  endloop
endfacet
facet normal -0.24126307453918017 0.9704597512848753 0
  outer loop
    vertex 42.643690413068725 46.619851966827966 -5.000000000000002
    vertex 42.877290997070006 46.677926704121994 0
    vertex 42.877290997070006 46.677926704121994 -5.000000000000002
  endloop
endfacet
facet normal -0.4661759573634306 0.8846920236875029 0
  outer loop
    vertex 42.4307350863578 46.507638167396024 -5.000000000000002
    vertex 42.4307350863578 46.507638167396024 0
    vertex 42.643690413068725 46.619851966827966 0
  endloop
endfacet
facet normal -0.4661759573634306 0.8846920236875029 0
  outer loop
    vertex 42.4307350863578 46.507638167396024 -5.000000000000002
    vertex 42.643690413068725 46.619851966827966 0
    vertex 42.643690413068725 46.619851966827966 -5.000000000000002
  endloop
endfacet
facet normal -0.6640777157740636 0.7476635522829115 0
  outer loop
    vertex 42.25076405487657 46.347787187464434 -5.000000000000002
    vertex 42.25076405487657 46.347787187464434 0
    vertex 42.4307350863578 46.507638167396024 0
  endloop
endfacet
facet normal -0.6640777157740636 0.7476635522829115 0
  outer loop
    vertex 42.25076405487657 46.347787187464434 -5.000000000000002
    vertex 42.4307350863578 46.507638167396024 0
    vertex 42.4307350863578 46.507638167396024 -5.000000000000002
  endloop
endfacet
facet normal -0.8235015443006987 0.5673140281487533 0
  outer loop
    vertex 42.114205183566135 46.1495610977993 -5.000000000000002
    vertex 42.114205183566135 46.1495610977993 0
    vertex 42.25076405487657 46.347787187464434 0
  endloop
endfacet
facet normal -0.8235015443006987 0.5673140281487533 0
  outer loop
    vertex 42.114205183566135 46.1495610977993 -5.000000000000002
    vertex 42.25076405487657 46.347787187464434 0
    vertex 42.25076405487657 46.347787187464434 -5.000000000000002
  endloop
endfacet
facet normal -0.9352101221446057 0.35409324681257603 0
  outer loop
    vertex 42.02897095397876 45.92444549624278 -5.000000000000002
    vertex 42.02897095397876 45.92444549624278 0
    vertex 42.114205183566135 46.1495610977993 0
  endloop
endfacet
facet normal -0.9352101221446057 0.35409324681257603 0
  outer loop
    vertex 42.02897095397876 45.92444549624278 -5.000000000000002
    vertex 42.114205183566135 46.1495610977993 0
    vertex 42.114205183566135 46.1495610977993 -5.000000000000002
  endloop
endfacet
facet normal -0.9927308411702643 0.1203556271612562 0
  outer loop
    vertex 42 45.68548401026006 -5
    vertex 42 45.68548401026006 0
    vertex 42.02897095397876 45.92444549624278 0
  endloop
endfacet
facet normal -0.9927308411702644 0.12035562716125621 0
  outer loop
    vertex 42 45.68548401026006 -5
    vertex 42.02897095397876 45.92444549624278 0
    vertex 42.02897095397876 45.92444549624278 -5.000000000000002
  endloop
endfacet
facet normal -1 0 0
  outer loop
    vertex 42 1 0
    vertex 42 45.68548401026006 0
    vertex 42 45.68548401026006 -5
  endloop
endfacet
facet normal -1 0 0
  outer loop
    vertex 42 1 0
    vertex 42 45.68548401026006 -5
    vertex 42 1 -5
  endloop
endfacet
facet normal -0.9927088740980545 -0.12053668025531857 0
  outer loop
    vertex 50.218637088792946 11.670083860005164 0
    vertex 50.3 11 -10
    vertex 50.3 11 0
  endloop
endfacet
facet normal -0.9927088740980545 -0.12053668025531857 0
  outer loop
    vertex 50.218637088792946 11.670083860005164 0
    vertex 50.218637088792946 11.670083860005164 -10
    vertex 50.3 11 -10
  endloop
endfacet
facet normal -0.9350162426854142 -0.35460488704253734 0
  outer loop
    vertex 49.979276871828986 12.301224881722554 0
    vertex 49.979276871828986 12.301224881722554 -10
    vertex 50.218637088792946 11.670083860005164 -10
  endloop
endfacet
facet normal -0.9350162426854142 -0.35460488704253734 0
  outer loop
    vertex 49.979276871828986 12.301224881722554 0
    vertex 50.218637088792946 11.670083860005164 -10
    vertex 50.218637088792946 11.670083860005164 0
  endloop
endfacet
facet normal -0.822983865893658 -0.5680647467311534 0
  outer loop
    vertex 49.595830094879084 12.85674344307423 0
    vertex 49.595830094879084 12.85674344307423 -10
    vertex 49.979276871828986 12.301224881722554 -10
  endloop
endfacet
facet normal -0.822983865893658 -0.5680647467311534 0
  outer loop
    vertex 49.595830094879084 12.85674344307423 0
    vertex 49.979276871828986 12.301224881722554 -10
    vertex 49.979276871828986 12.301224881722554 0
  endloop
endfacet
facet normal -0.6631226582407973 -0.7485107481710991 0
  outer loop
    vertex 49.09058129084724 13.30435482450224 0
    vertex 49.09058129084724 13.30435482450224 -10
    vertex 49.595830094879084 12.85674344307423 -10
  endloop
endfacet
facet normal -0.4647231720437643 -0.8854560256532121 0
  outer loop
    vertex 49.09058129084724 13.30435482450224 0
    vertex 48.4928936837191 13.61804547951916 -10
    vertex 49.09058129084724 13.30435482450224 -10
  endloop
endfacet
facet normal -0.6631226582407973 -0.7485107481710991 0
  outer loop
    vertex 49.09058129084724 13.30435482450224 0
    vertex 49.595830094879084 12.85674344307423 -10
    vertex 49.595830094879084 12.85674344307423 0
  endloop
endfacet
facet normal -0.4647231720437643 -0.8854560256532121 0
  outer loop
    vertex 48.4928936837191 13.61804547951916 0
    vertex 48.4928936837191 13.61804547951916 -10
    vertex 49.09058129084724 13.30435482450224 0
  endloop
endfacet
facet normal -0.23931566428756057 -0.9709418174260512 0
  outer loop
    vertex 47.83750270471491 13.779584847474553 0
    vertex 47.83750270471491 13.779584847474553 -10
    vertex 48.4928936837191 13.61804547951916 -10
  endloop
endfacet
facet normal 0 -1 0
  outer loop
    vertex 47.83750270471491 13.779584847474553 0
    vertex 47.16249729528509 13.779584847474553 -10
    vertex 47.83750270471491 13.779584847474553 -10
  endloop
endfacet
facet normal -0.23931566428756057 -0.9709418174260512 0
  outer loop
    vertex 47.83750270471491 13.779584847474553 0
    vertex 48.4928936837191 13.61804547951916 -10
    vertex 48.4928936837191 13.61804547951916 0
  endloop
endfacet
facet normal 0 -1 0
  outer loop
    vertex 47.16249729528509 13.779584847474553 0
    vertex 47.16249729528509 13.779584847474553 -10
    vertex 47.83750270471491 13.779584847474553 0
  endloop
endfacet
facet normal 0.23931566428756057 -0.9709418174260512 0
  outer loop
    vertex 46.5071063162809 13.61804547951916 0
    vertex 46.5071063162809 13.61804547951916 -10
    vertex 47.16249729528509 13.779584847474553 -10
  endloop
endfacet
facet normal 0.23931566428756057 -0.9709418174260512 0
  outer loop
    vertex 46.5071063162809 13.61804547951916 0
    vertex 47.16249729528509 13.779584847474553 -10
    vertex 47.16249729528509 13.779584847474553 0
  endloop
endfacet
facet normal 0.4647231720437643 -0.8854560256532121 0
  outer loop
    vertex 45.90941870915276 13.30435482450224 0
    vertex 45.90941870915276 13.30435482450224 -10
    vertex 46.5071063162809 13.61804547951916 -10
  endloop
endfacet
facet normal 0.6631226582407973 -0.7485107481710991 0
  outer loop
    vertex 45.90941870915276 13.30435482450224 0
    vertex 45.404169905120916 12.85674344307423 -10
    vertex 45.90941870915276 13.30435482450224 -10
  endloop
endfacet
facet normal 0.4647231720437643 -0.8854560256532121 0
  outer loop
    vertex 45.90941870915276 13.30435482450224 0
    vertex 46.5071063162809 13.61804547951916 -10
    vertex 46.5071063162809 13.61804547951916 0
  endloop
endfacet
facet normal 0.6631226582407973 -0.7485107481710991 0
  outer loop
    vertex 45.404169905120916 12.85674344307423 0
    vertex 45.404169905120916 12.85674344307423 -10
    vertex 45.90941870915276 13.30435482450224 0
  endloop
endfacet
facet normal 0.822983865893658 -0.5680647467311534 0
  outer loop
    vertex 45.020723128171014 12.301224881722554 0
    vertex 45.404169905120916 12.85674344307423 -10
    vertex 45.404169905120916 12.85674344307423 0
  endloop
endfacet
facet normal 0.822983865893658 -0.5680647467311534 0
  outer loop
    vertex 45.020723128171014 12.301224881722554 0
    vertex 45.020723128171014 12.301224881722554 -10
    vertex 45.404169905120916 12.85674344307423 -10
  endloop
endfacet
facet normal 0.9350162426854142 -0.35460488704253734 0
  outer loop
    vertex 44.781362911207054 11.670083860005164 0
    vertex 45.020723128171014 12.301224881722554 -10
    vertex 45.020723128171014 12.301224881722554 0
  endloop
endfacet
facet normal 0.9350162426854142 -0.35460488704253734 0
  outer loop
    vertex 44.781362911207054 11.670083860005164 0
    vertex 44.781362911207054 11.670083860005164 -10
    vertex 45.020723128171014 12.301224881722554 -10
  endloop
endfacet
facet normal 0.9927088740980545 -0.12053668025531857 0
  outer loop
    vertex 44.781362911207054 11.670083860005164 0
    vertex 44.7 11 -10
    vertex 44.781362911207054 11.670083860005164 -10
  endloop
endfacet
facet normal 0.9927088740980545 -0.12053668025531857 0
  outer loop
    vertex 44.7 11 0
    vertex 44.7 11 -10
    vertex 44.781362911207054 11.670083860005164 0
  endloop
endfacet
facet normal 0.9927088740980544 0.12053668025531983 0
  outer loop
    vertex 44.781362911207054 10.329916139994843 0
    vertex 44.7 11 -10
    vertex 44.7 11 0
  endloop
endfacet
facet normal 0.9927088740980544 0.12053668025531983 0
  outer loop
    vertex 44.781362911207054 10.329916139994843 0
    vertex 44.781362911207054 10.329916139994843 -10
    vertex 44.7 11 -10
  endloop
endfacet
facet normal 0.9350162426854142 0.35460488704253734 0
  outer loop
    vertex 44.781362911207054 10.329916139994843 0
    vertex 45.020723128171014 9.698775118277453 -10
    vertex 44.781362911207054 10.329916139994843 -10
  endloop
endfacet
facet normal 0.9350162426854142 0.35460488704253734 0
  outer loop
    vertex 45.020723128171014 9.698775118277453 0
    vertex 45.020723128171014 9.698775118277453 -10
    vertex 44.781362911207054 10.329916139994843 0
  endloop
endfacet
facet normal 0.822983865893663 0.5680647467311462 0
  outer loop
    vertex 45.40416990512091 9.143256556925778 0
    vertex 45.020723128171014 9.698775118277453 -10
    vertex 45.020723128171014 9.698775118277453 0
  endloop
endfacet
facet normal 0.822983865893663 0.5680647467311462 0
  outer loop
    vertex 45.40416990512091 9.143256556925778 0
    vertex 45.40416990512091 9.143256556925778 -10
    vertex 45.020723128171014 9.698775118277453 -10
  endloop
endfacet
facet normal 0.6631226582407921 0.7485107481711037 0
  outer loop
    vertex 45.90941870915276 8.695645175497766 0
    vertex 45.40416990512091 9.143256556925778 -10
    vertex 45.40416990512091 9.143256556925778 0
  endloop
endfacet
facet normal 0.6631226582407921 0.7485107481711037 0
  outer loop
    vertex 45.90941870915276 8.695645175497766 0
    vertex 45.90941870915276 8.695645175497766 -10
    vertex 45.40416990512091 9.143256556925778 -10
  endloop
endfacet
facet normal 0.4647231720437725 0.8854560256532078 0
  outer loop
    vertex 46.5071063162809 8.38195452048084 0
    vertex 45.90941870915276 8.695645175497766 -10
    vertex 45.90941870915276 8.695645175497766 0
  endloop
endfacet
facet normal 0.4647231720437725 0.8854560256532078 0
  outer loop
    vertex 46.5071063162809 8.38195452048084 0
    vertex 46.5071063162809 8.38195452048084 -10
    vertex 45.90941870915276 8.695645175497766 -10
  endloop
endfacet
facet normal 0.23931566428756057 0.9709418174260512 0
  outer loop
    vertex 47.16249729528509 8.220415152525447 0
    vertex 46.5071063162809 8.38195452048084 -10
    vertex 46.5071063162809 8.38195452048084 0
  endloop
endfacet
facet normal 0.23931566428756057 0.9709418174260512 0
  outer loop
    vertex 47.16249729528509 8.220415152525447 0
    vertex 47.16249729528509 8.220415152525447 -10
    vertex 46.5071063162809 8.38195452048084 -10
  endloop
endfacet
facet normal 0 1 0
  outer loop
    vertex 47.83750270471489 8.220415152525447 0
    vertex 47.16249729528509 8.220415152525447 -10
    vertex 47.16249729528509 8.220415152525447 0
  endloop
endfacet
facet normal 0 1 0
  outer loop
    vertex 47.83750270471489 8.220415152525447 0
    vertex 47.83750270471489 8.220415152525447 -10
    vertex 47.16249729528509 8.220415152525447 -10
  endloop
endfacet
facet normal -0.23931566428755072 0.9709418174260539 0
  outer loop
    vertex 48.49289368371909 8.381954520480832 0
    vertex 47.83750270471489 8.220415152525447 -10
    vertex 47.83750270471489 8.220415152525447 0
  endloop
endfacet
facet normal -0.23931566428755072 0.9709418174260539 0
  outer loop
    vertex 48.49289368371909 8.381954520480832 0
    vertex 48.49289368371909 8.381954520480832 -10
    vertex 47.83750270471489 8.220415152525447 -10
  endloop
endfacet
facet normal -0.4647231720437725 0.8854560256532078 0
  outer loop
    vertex 49.090581290847226 8.69564517549776 0
    vertex 48.49289368371909 8.381954520480832 -10
    vertex 48.49289368371909 8.381954520480832 0
  endloop
endfacet
facet normal -0.4647231720437725 0.8854560256532078 0
  outer loop
    vertex 49.090581290847226 8.69564517549776 0
    vertex 49.090581290847226 8.69564517549776 -10
    vertex 48.49289368371909 8.381954520480832 -10
  endloop
endfacet
facet normal -0.6631226582407921 0.7485107481711037 0
  outer loop
    vertex 49.59583009487908 9.14325655692577 0
    vertex 49.090581290847226 8.69564517549776 -10
    vertex 49.090581290847226 8.69564517549776 0
  endloop
endfacet
facet normal -0.6631226582407921 0.7485107481711037 0
  outer loop
    vertex 49.59583009487908 9.14325655692577 0
    vertex 49.59583009487908 9.14325655692577 -10
    vertex 49.090581290847226 8.69564517549776 -10
  endloop
endfacet
facet normal -0.8229838658936498 0.5680647467311655 0
  outer loop
    vertex 49.979276871828986 9.698775118277439 0
    vertex 49.59583009487908 9.14325655692577 -10
    vertex 49.59583009487908 9.14325655692577 0
  endloop
endfacet
facet normal -0.8229838658936498 0.5680647467311655 0
  outer loop
    vertex 49.979276871828986 9.698775118277439 0
    vertex 49.979276871828986 9.698775118277439 -10
    vertex 49.59583009487908 9.14325655692577 -10
  endloop
endfacet
facet normal -0.9350162426854142 0.35460488704253734 0
  outer loop
    vertex 50.218637088792946 10.329916139994829 0
    vertex 50.218637088792946 10.329916139994829 -10
    vertex 49.979276871828986 9.698775118277439 -10
  endloop
endfacet
facet normal -0.9927088740980546 0.1205366802553173 0
  outer loop
    vertex 50.218637088792946 10.329916139994829 0
    vertex 50.3 11 -10
    vertex 50.218637088792946 10.329916139994829 -10
  endloop
endfacet
facet normal -0.9350162426854142 0.35460488704253734 0
  outer loop
    vertex 50.218637088792946 10.329916139994829 0
    vertex 49.979276871828986 9.698775118277439 -10
    vertex 49.979276871828986 9.698775118277439 0
  endloop
endfacet
facet normal -0.9927088740980546 0.1205366802553173 0
  outer loop
    vertex 50.3 11 0
    vertex 50.3 11 -10
    vertex 50.218637088792946 10.329916139994829 0
  endloop
endfacet
facet normal -0.9927088740980545 -0.12053668025531857 0
  outer loop
    vertex 50.218637088792946 111.67008386000516 0
    vertex 50.3 111 -10
    vertex 50.3 111 0
  endloop
endfacet
facet normal -0.9927088740980545 -0.12053668025531857 0
  outer loop
    vertex 50.218637088792946 111.67008386000516 0
    vertex 50.218637088792946 111.67008386000516 -10
    vertex 50.3 111 -10
  endloop
endfacet
facet normal -0.9350162426854155 -0.3546048870425339 0
  outer loop
    vertex 49.979276871828986 112.30122488172256 0
    vertex 49.979276871828986 112.30122488172256 -10
    vertex 50.218637088792946 111.67008386000516 -10
  endloop
endfacet
facet normal -0.9350162426854155 -0.3546048870425339 0
  outer loop
    vertex 49.979276871828986 112.30122488172256 0
    vertex 50.218637088792946 111.67008386000516 -10
    vertex 50.218637088792946 111.67008386000516 0
  endloop
endfacet
facet normal -0.822983865893658 -0.5680647467311534 0
  outer loop
    vertex 49.595830094879084 112.85674344307424 0
    vertex 49.595830094879084 112.85674344307424 -10
    vertex 49.979276871828986 112.30122488172256 -10
  endloop
endfacet
facet normal -0.822983865893658 -0.5680647467311534 0
  outer loop
    vertex 49.595830094879084 112.85674344307424 0
    vertex 49.979276871828986 112.30122488172256 -10
    vertex 49.979276871828986 112.30122488172256 0
  endloop
endfacet
facet normal -0.6631226582407915 -0.7485107481711044 0
  outer loop
    vertex 49.09058129084724 113.30435482450224 0
    vertex 49.09058129084724 113.30435482450224 -10
    vertex 49.595830094879084 112.85674344307424 -10
  endloop
endfacet
facet normal -0.4647231720437725 -0.8854560256532078 0
  outer loop
    vertex 49.09058129084724 113.30435482450224 0
    vertex 48.4928936837191 113.61804547951917 -10
    vertex 49.09058129084724 113.30435482450224 -10
  endloop
endfacet
facet normal -0.6631226582407915 -0.7485107481711044 0
  outer loop
    vertex 49.09058129084724 113.30435482450224 0
    vertex 49.595830094879084 112.85674344307424 -10
    vertex 49.595830094879084 112.85674344307424 0
  endloop
endfacet
facet normal -0.4647231720437725 -0.8854560256532078 0
  outer loop
    vertex 48.4928936837191 113.61804547951917 0
    vertex 48.4928936837191 113.61804547951917 -10
    vertex 49.09058129084724 113.30435482450224 0
  endloop
endfacet
facet normal -0.23931566428755072 -0.9709418174260539 0
  outer loop
    vertex 47.83750270471491 113.77958484747455 0
    vertex 47.83750270471491 113.77958484747455 -10
    vertex 48.4928936837191 113.61804547951917 -10
  endloop
endfacet
facet normal 0 -1 0
  outer loop
    vertex 47.83750270471491 113.77958484747455 0
    vertex 47.16249729528509 113.77958484747455 -10
    vertex 47.83750270471491 113.77958484747455 -10
  endloop
endfacet
facet normal -0.23931566428755072 -0.9709418174260539 0
  outer loop
    vertex 47.83750270471491 113.77958484747455 0
    vertex 48.4928936837191 113.61804547951917 -10
    vertex 48.4928936837191 113.61804547951917 0
  endloop
endfacet
facet normal 0 -1 0
  outer loop
    vertex 47.16249729528509 113.77958484747455 0
    vertex 47.16249729528509 113.77958484747455 -10
    vertex 47.83750270471491 113.77958484747455 0
  endloop
endfacet
facet normal 0.23931566428755072 -0.9709418174260539 0
  outer loop
    vertex 46.5071063162809 113.61804547951917 0
    vertex 46.5071063162809 113.61804547951917 -10
    vertex 47.16249729528509 113.77958484747455 -10
  endloop
endfacet
facet normal 0.23931566428755072 -0.9709418174260539 0
  outer loop
    vertex 46.5071063162809 113.61804547951917 0
    vertex 47.16249729528509 113.77958484747455 -10
    vertex 47.16249729528509 113.77958484747455 0
  endloop
endfacet
facet normal 0.4647231720437725 -0.8854560256532078 0
  outer loop
    vertex 45.90941870915276 113.30435482450224 0
    vertex 45.90941870915276 113.30435482450224 -10
    vertex 46.5071063162809 113.61804547951917 -10
  endloop
endfacet
facet normal 0.6631226582407915 -0.7485107481711044 0
  outer loop
    vertex 45.90941870915276 113.30435482450224 0
    vertex 45.404169905120916 112.85674344307424 -10
    vertex 45.90941870915276 113.30435482450224 -10
  endloop
endfacet
facet normal 0.4647231720437725 -0.8854560256532078 0
  outer loop
    vertex 45.90941870915276 113.30435482450224 0
    vertex 46.5071063162809 113.61804547951917 -10
    vertex 46.5071063162809 113.61804547951917 0
  endloop
endfacet
facet normal 0.6631226582407915 -0.7485107481711044 0
  outer loop
    vertex 45.404169905120916 112.85674344307424 0
    vertex 45.404169905120916 112.85674344307424 -10
    vertex 45.90941870915276 113.30435482450224 0
  endloop
endfacet
facet normal 0.822983865893658 -0.5680647467311534 0
  outer loop
    vertex 45.020723128171014 112.30122488172256 0
    vertex 45.404169905120916 112.85674344307424 -10
    vertex 45.404169905120916 112.85674344307424 0
  endloop
endfacet
facet normal 0.822983865893658 -0.5680647467311534 0
  outer loop
    vertex 45.020723128171014 112.30122488172256 0
    vertex 45.020723128171014 112.30122488172256 -10
    vertex 45.404169905120916 112.85674344307424 -10
  endloop
endfacet
facet normal 0.9350162426854155 -0.3546048870425339 0
  outer loop
    vertex 44.781362911207054 111.67008386000516 0
    vertex 45.020723128171014 112.30122488172256 -10
    vertex 45.020723128171014 112.30122488172256 0
  endloop
endfacet
facet normal 0.9350162426854155 -0.3546048870425339 0
  outer loop
    vertex 44.781362911207054 111.67008386000516 0
    vertex 44.781362911207054 111.67008386000516 -10
    vertex 45.020723128171014 112.30122488172256 -10
  endloop
endfacet
facet normal 0.9927088740980545 -0.12053668025531857 0
  outer loop
    vertex 44.781362911207054 111.67008386000516 0
    vertex 44.7 111 -10
    vertex 44.781362911207054 111.67008386000516 -10
  endloop
endfacet
facet normal 0.9927088740980545 -0.12053668025531857 0
  outer loop
    vertex 44.7 111 0
    vertex 44.7 111 -10
    vertex 44.781362911207054 111.67008386000516 0
  endloop
endfacet
facet normal 0.9927088740980541 0.12053668025532108 0
  outer loop
    vertex 44.781362911207054 110.32991613999485 0
    vertex 44.7 111 -10
    vertex 44.7 111 0
  endloop
endfacet
facet normal 0.9927088740980541 0.12053668025532108 0
  outer loop
    vertex 44.781362911207054 110.32991613999485 0
    vertex 44.781362911207054 110.32991613999485 -10
    vertex 44.7 111 -10
  endloop
endfacet
facet normal 0.9350162426854155 0.3546048870425339 0
  outer loop
    vertex 44.781362911207054 110.32991613999485 0
    vertex 45.020723128171014 109.69877511827745 -10
    vertex 44.781362911207054 110.32991613999485 -10
  endloop
endfacet
facet normal 0.9350162426854155 0.3546048870425339 0
  outer loop
    vertex 45.020723128171014 109.69877511827745 0
    vertex 45.020723128171014 109.69877511827745 -10
    vertex 44.781362911207054 110.32991613999485 0
  endloop
endfacet
facet normal 0.822983865893663 0.5680647467311462 0
  outer loop
    vertex 45.40416990512091 109.14325655692578 0
    vertex 45.020723128171014 109.69877511827745 -10
    vertex 45.020723128171014 109.69877511827745 0
  endloop
endfacet
facet normal 0.822983865893663 0.5680647467311462 0
  outer loop
    vertex 45.40416990512091 109.14325655692578 0
    vertex 45.40416990512091 109.14325655692578 -10
    vertex 45.020723128171014 109.69877511827745 -10
  endloop
endfacet
facet normal 0.6631226582407982 0.7485107481710987 0
  outer loop
    vertex 45.90941870915276 108.69564517549776 0
    vertex 45.40416990512091 109.14325655692578 -10
    vertex 45.40416990512091 109.14325655692578 0
  endloop
endfacet
facet normal 0.6631226582407982 0.7485107481710987 0
  outer loop
    vertex 45.90941870915276 108.69564517549776 0
    vertex 45.90941870915276 108.69564517549776 -10
    vertex 45.40416990512091 109.14325655692578 -10
  endloop
endfacet
facet normal 0.4647231720437725 0.8854560256532078 0
  outer loop
    vertex 46.5071063162809 108.38195452048083 0
    vertex 45.90941870915276 108.69564517549776 -10
    vertex 45.90941870915276 108.69564517549776 0
  endloop
endfacet
facet normal 0.4647231720437725 0.8854560256532078 0
  outer loop
    vertex 46.5071063162809 108.38195452048083 0
    vertex 46.5071063162809 108.38195452048083 -10
    vertex 45.90941870915276 108.69564517549776 -10
  endloop
endfacet
facet normal 0.23931566428755072 0.9709418174260539 0
  outer loop
    vertex 47.16249729528509 108.22041515252545 0
    vertex 46.5071063162809 108.38195452048083 -10
    vertex 46.5071063162809 108.38195452048083 0
  endloop
endfacet
facet normal 0.23931566428755072 0.9709418174260539 0
  outer loop
    vertex 47.16249729528509 108.22041515252545 0
    vertex 47.16249729528509 108.22041515252545 -10
    vertex 46.5071063162809 108.38195452048083 -10
  endloop
endfacet
facet normal 0 1 0
  outer loop
    vertex 47.83750270471489 108.22041515252545 0
    vertex 47.16249729528509 108.22041515252545 -10
    vertex 47.16249729528509 108.22041515252545 0
  endloop
endfacet
facet normal 0 1 0
  outer loop
    vertex 47.83750270471489 108.22041515252545 0
    vertex 47.83750270471489 108.22041515252545 -10
    vertex 47.16249729528509 108.22041515252545 -10
  endloop
endfacet
facet normal -0.23931566428755072 0.9709418174260539 0
  outer loop
    vertex 48.49289368371909 108.38195452048083 0
    vertex 47.83750270471489 108.22041515252545 -10
    vertex 47.83750270471489 108.22041515252545 0
  endloop
endfacet
facet normal -0.23931566428755072 0.9709418174260539 0
  outer loop
    vertex 48.49289368371909 108.38195452048083 0
    vertex 48.49289368371909 108.38195452048083 -10
    vertex 47.83750270471489 108.22041515252545 -10
  endloop
endfacet
facet normal -0.4647231720437725 0.8854560256532078 0
  outer loop
    vertex 49.090581290847226 108.69564517549776 0
    vertex 48.49289368371909 108.38195452048083 -10
    vertex 48.49289368371909 108.38195452048083 0
  endloop
endfacet
facet normal -0.4647231720437725 0.8854560256532078 0
  outer loop
    vertex 49.090581290847226 108.69564517549776 0
    vertex 49.090581290847226 108.69564517549776 -10
    vertex 48.49289368371909 108.38195452048083 -10
  endloop
endfacet
facet normal -0.6631226582407863 0.7485107481711091 0
  outer loop
    vertex 49.59583009487908 109.14325655692576 0
    vertex 49.090581290847226 108.69564517549776 -10
    vertex 49.090581290847226 108.69564517549776 0
  endloop
endfacet
facet normal -0.6631226582407863 0.7485107481711091 0
  outer loop
    vertex 49.59583009487908 109.14325655692576 0
    vertex 49.59583009487908 109.14325655692576 -10
    vertex 49.090581290847226 108.69564517549776 -10
  endloop
endfacet
facet normal -0.8229838658936531 0.5680647467311605 0
  outer loop
    vertex 49.979276871828986 109.69877511827744 0
    vertex 49.59583009487908 109.14325655692576 -10
    vertex 49.59583009487908 109.14325655692576 0
  endloop
endfacet
facet normal -0.8229838658936531 0.5680647467311605 0
  outer loop
    vertex 49.979276871828986 109.69877511827744 0
    vertex 49.979276871828986 109.69877511827744 -10
    vertex 49.59583009487908 109.14325655692576 -10
  endloop
endfacet
facet normal -0.9350162426854128 0.35460488704254084 0
  outer loop
    vertex 50.218637088792946 110.32991613999482 0
    vertex 50.218637088792946 110.32991613999482 -10
    vertex 49.979276871828986 109.69877511827744 -10
  endloop
endfacet
facet normal -0.9927088740980549 0.12053668025531607 0
  outer loop
    vertex 50.218637088792946 110.32991613999482 0
    vertex 50.3 111 -10
    vertex 50.218637088792946 110.32991613999482 -10
  endloop
endfacet
facet normal -0.9350162426854128 0.35460488704254084 0
  outer loop
    vertex 50.218637088792946 110.32991613999482 0
    vertex 49.979276871828986 109.69877511827744 -10
    vertex 49.979276871828986 109.69877511827744 0
  endloop
endfacet
facet normal -0.9927088740980549 0.12053668025531607 0
  outer loop
    vertex 50.3 111 0
    vertex 50.3 111 -10
    vertex 50.218637088792946 110.32991613999482 0
  endloop
endfacet
facet normal 0 0 -0.9999999999999999
  outer loop
    vertex 49.59583009487908 9.14325655692577 -10
    vertex 52.878462024097665 7.610814578664559 -10
    vertex 52.51754096628727 6.2638388533946525 -10
  endloop
endfacet
facet normal 0 0 -1
  outer loop
    vertex 49.090581290847226 8.69564517549776 -10
    vertex 52.51754096628727 6.2638388533946525 -10
    vertex 51.928203230275514 5.000000000000007 -10
  endloop
endfacet
facet normal 0 0 -1
  outer loop
    vertex 49.090581290847226 8.69564517549776 -10
    vertex 49.59583009487908 9.14325655692577 -10
    vertex 52.51754096628727 6.2638388533946525 -10
  endloop
endfacet
facet normal 0 0 -1
  outer loop
    vertex 49.979276871828986 9.698775118277439 -10
    vertex 53 9 -10
    vertex 52.878462024097665 7.610814578664559 -10
  endloop
endfacet
facet normal 0 0 -1
  outer loop
    vertex 49.979276871828986 9.698775118277439 -10
    vertex 52.878462024097665 7.610814578664559 -10
    vertex 49.59583009487908 9.14325655692577 -10
  endloop
endfacet
facet normal 0 0 -0.9999999999999999
  outer loop
    vertex 48.49289368371909 8.381954520480832 -10
    vertex 51.928203230275514 5.000000000000007 -10
    vertex 51.12835554495183 3.8576991225076895 -10
  endloop
endfacet
facet normal 0 0 -1
  outer loop
    vertex 48.49289368371909 8.381954520480832 -10
    vertex 49.090581290847226 8.69564517549776 -10
    vertex 51.928203230275514 5.000000000000007 -10
  endloop
endfacet
facet normal 0 0 -1
  outer loop
    vertex 50.218637088792946 10.329916139994829 -10
    vertex 53 9 -10
    vertex 49.979276871828986 9.698775118277439 -10
  endloop
endfacet
facet normal 0 0 -1
  outer loop
    vertex 47.83750270471489 8.220415152525447 -10
    vertex 51.12835554495183 3.8576991225076895 -10
    vertex 50.14230087749232 2.871644455048184 -10
  endloop
endfacet
facet normal 0 0 -1
  outer loop
    vertex 47.83750270471489 8.220415152525447 -10
    vertex 50.14230087749232 2.871644455048184 -10
    vertex 49.000000000000014 2.0717967697245 -10
  endloop
endfacet
facet normal 0 0 -1
  outer loop
    vertex 47.83750270471489 8.220415152525447 -10
    vertex 48.49289368371909 8.381954520480832 -10
    vertex 51.12835554495183 3.8576991225076895 -10
  endloop
endfacet
facet normal 0 0 -1
  outer loop
    vertex 50.3 11 -10
    vertex 53 9 -10
    vertex 50.218637088792946 10.329916139994829 -10
  endloop
endfacet
facet normal 0 0 -1
  outer loop
    vertex 47.16249729528509 8.220415152525447 -10
    vertex 49.000000000000014 2.0717967697245 -10
    vertex 47.73616114660536 1.4824590337127361 -10
  endloop
endfacet
facet normal 0 0 -1
  outer loop
    vertex 47.16249729528509 8.220415152525447 -10
    vertex 47.73616114660536 1.4824590337127361 -10
    vertex 46.389185421335455 1.121537975902335 -10
  endloop
endfacet
facet normal 0 0 -1
  outer loop
    vertex 47.16249729528509 8.220415152525447 -10
    vertex 47.83750270471489 8.220415152525447 -10
    vertex 49.000000000000014 2.0717967697245 -10
  endloop
endfacet
facet normal 0 0 -0.9999999999999999
  outer loop
    vertex 50.218637088792946 11.670083860005164 -10
    vertex 53 9 -10
    vertex 50.3 11 -10
  endloop
endfacet
facet normal 0 0 -1
  outer loop
    vertex 46.5071063162809 8.38195452048084 -10
    vertex 47.16249729528509 8.220415152525447 -10
    vertex 46.389185421335455 1.121537975902335 -10
  endloop
endfacet
facet normal 0 0 -1
  outer loop
    vertex 46.5071063162809 8.38195452048084 -10
    vertex 46.389185421335455 1.121537975902335 -10
    vertex 45 1 -10
  endloop
endfacet
facet normal 0 0 -1
  outer loop
    vertex 49.979276871828986 12.301224881722554 -10
    vertex 53 9 -10
    vertex 50.218637088792946 11.670083860005164 -10
  endloop
endfacet
facet normal 0 0 -0.9999999999999999
  outer loop
    vertex 45.90941870915276 8.695645175497766 -10
    vertex 46.5071063162809 8.38195452048084 -10
    vertex 45 1 -10
  endloop
endfacet
facet normal 0 0 -1
  outer loop
    vertex 45.40416990512091 9.143256556925778 -10
    vertex 45.90941870915276 8.695645175497766 -10
    vertex 45 1 -10
  endloop
endfacet
facet normal 0 0 -1
  outer loop
    vertex 45.020723128171014 9.698775118277453 -10
    vertex 45.40416990512091 9.143256556925778 -10
    vertex 45 1 -10
  endloop
endfacet
facet normal 0 0 -1
  outer loop
    vertex 75.45722086854838 40.59791594716735 -10
    vertex 79.30857236933312 44.160101656589134 -10
    vertex 77.47474688535246 42.27970245171896 -10
  endloop
endfacet
facet normal 0 0 -1
  outer loop
    vertex 80.9392413780649 46.21916349619837 -10
    vertex 79.30857236933312 44.160101656589134 -10
    vertex 75.45722086854838 40.59791594716735 -10
  endloop
endfacet
facet normal 0 0 -1
  outer loop
    vertex 44.781362911207054 10.329916139994843 -10
    vertex 45.020723128171014 9.698775118277453 -10
    vertex 45 1 -10
  endloop
endfacet
facet normal 0 0 -1
  outer loop
    vertex 70.958408750581 37.899256106017376 -10
    vertex 80.9392413780649 46.21916349619837 -10
    vertex 75.45722086854838 40.59791594716735 -10
  endloop
endfacet
facet normal 0 0 -1
  outer loop
    vertex 70.958408750581 37.899256106017376 -10
    vertex 75.45722086854838 40.59791594716735 -10
    vertex 73.27739922923956 39.13258503021572 -10
  endloop
endfacet
facet normal 0 0 -0.9999999999999999
  outer loop
    vertex 68.52485272532442 36.91101415825829 -10
    vertex 80.9392413780649 46.21916349619837 -10
    vertex 70.958408750581 37.899256106017376 -10
  endloop
endfacet
facet normal 0 0 -1
  outer loop
    vertex 85.12035146252927 55.78168083890872 -10
    vertex 82.34945335452866 48.43504238657381 -10
    vertex 80.9392413780649 46.21916349619837 -10
  endloop
endfacet
facet normal 0 0 -1
  outer loop
    vertex 85.12035146252927 55.78168083890872 -10
    vertex 83.5242466770971 50.78422899572641 -10
    vertex 82.34945335452866 48.43504238657381 -10
  endloop
endfacet
facet normal 0 0 -1
  outer loop
    vertex 85.12035146252927 55.78168083890872 -10
    vertex 84.45115739462257 53.24179966553628 -10
    vertex 83.5242466770971 50.78422899572641 -10
  endloop
endfacet
facet normal 0 0 -1
  outer loop
    vertex 63.41826068890896 35.709018657175235 -10
    vertex 68.52485272532442 36.91101415825829 -10
    vertex 66.00254992757348 36.17834392422998 -10
  endloop
endfacet
facet normal 0 0 -1
  outer loop
    vertex 63.41826068890896 35.709018657175235 -10
    vertex 80.9392413780649 46.21916349619837 -10
    vertex 68.52485272532442 36.91101415825829 -10
  endloop
endfacet
facet normal 0 0 -0.9999999999999999
  outer loop
    vertex 53 27.510532999165243 -10
    vertex 53 9 -10
    vertex 49.979276871828986 12.301224881722554 -10
  endloop
endfacet
facet normal 0 0 -1
  outer loop
    vertex 53 27.510532999165243 -10
    vertex 49.979276871828986 12.301224881722554 -10
    vertex 49.595830094879084 12.85674344307423 -10
  endloop
endfacet
facet normal 0 0 -1
  outer loop
    vertex 53 27.510532999165243 -10
    vertex 49.595830094879084 12.85674344307423 -10
    vertex 49.09058129084724 13.30435482450224 -10
  endloop
endfacet
facet normal 0 0 -1
  outer loop
    vertex 53 27.510532999165243 -10
    vertex 49.09058129084724 13.30435482450224 -10
    vertex 48.4928936837191 13.61804547951916 -10
  endloop
endfacet
facet normal 0 0 -0.9999999999999999
  outer loop
    vertex 53 27.510532999165243 -10
    vertex 48.4928936837191 13.61804547951916 -10
    vertex 47.83750270471491 13.779584847474553 -10
  endloop
endfacet
facet normal 0 0 -1
  outer loop
    vertex 53 27.510532999165243 -10
    vertex 47.83750270471491 13.779584847474553 -10
    vertex 47.16249729528509 13.779584847474553 -10
  endloop
endfacet
facet normal 0 0 -1
  outer loop
    vertex 53 27.510532999165243 -10
    vertex 47.16249729528509 13.779584847474553 -10
    vertex 46.5071063162809 13.61804547951916 -10
  endloop
endfacet
facet normal 0 0 -1
  outer loop
    vertex 53 27.510532999165243 -10
    vertex 46.5071063162809 13.61804547951916 -10
    vertex 45.90941870915276 13.30435482450224 -10
  endloop
endfacet
facet normal 0 0 -1
  outer loop
    vertex 53 27.510532999165243 -10
    vertex 45.90941870915276 13.30435482450224 -10
    vertex 45.404169905120916 12.85674344307423 -10
  endloop
endfacet
facet normal 0 0 -1
  outer loop
    vertex 53.117697791306384 28.877760811500764 -10
    vertex 53 27.510532999165243 -10
    vertex 45.404169905120916 12.85674344307423 -10
  endloop
endfacet
facet normal 0 0 -1
  outer loop
    vertex 85.52472907695346 63.623074313234554 -10
    vertex 85.52472907695345 58.376925686765254 -10
    vertex 85.12035146252927 55.78168083890872 -10
  endloop
endfacet
facet normal 0 0 -1
  outer loop
    vertex 85.52472907695346 63.623074313234554 -10
    vertex 85.66 60.9999999999999 -10
    vertex 85.52472907695345 58.376925686765254 -10
  endloop
endfacet
facet normal 0 0 -1
  outer loop
    vertex 85.52472907695346 63.623074313234554 -10
    vertex 85.12035146252927 55.78168083890872 -10
    vertex 80.9392413780649 46.21916349619837 -10
  endloop
endfacet
facet normal 0 0 -1
  outer loop
    vertex 85.52472907695346 63.623074313234554 -10
    vertex 80.9392413780649 46.21916349619837 -10
    vertex 63.41826068890896 35.709018657175235 -10
  endloop
endfacet
facet normal 0 0 -1
  outer loop
    vertex 84.45115739462263 68.75820033446354 -10
    vertex 85.12035146252931 66.21831916109109 -10
    vertex 85.52472907695346 63.623074313234554 -10
  endloop
endfacet
facet normal 0 0 -1
  outer loop
    vertex 82.34945335452875 73.56495761342602 -10
    vertex 83.52424667709718 71.2157710042734 -10
    vertex 84.45115739462263 68.75820033446354 -10
  endloop
endfacet
facet normal 0 0 -1
  outer loop
    vertex 8.09058129084723 8.69564517549776 -10
    vertex 8.595830094879076 9.14325655692577 -10
    vertex 9 1 -10
  endloop
endfacet
facet normal 0 0 -1
  outer loop
    vertex 8.979276871828983 9.698775118277439 -10
    vertex 9 1 -10
    vertex 8.595830094879076 9.14325655692577 -10
  endloop
endfacet
facet normal 0 0 -1
  outer loop
    vertex 7.4928936837190925 8.381954520480832 -10
    vertex 9 1 -10
    vertex 7.610814578664556 1.121537975902335 -10
  endloop
endfacet
facet normal 0 0 -0.9999999999999999
  outer loop
    vertex 7.4928936837190925 8.381954520480832 -10
    vertex 8.09058129084723 8.69564517549776 -10
    vertex 9 1 -10
  endloop
endfacet
facet normal 0 0 -1
  outer loop
    vertex 9.218637088792942 10.329916139994829 -10
    vertex 45 1 -10
    vertex 9 1 -10
  endloop
endfacet
facet normal 0 0 -1
  outer loop
    vertex 9.218637088792942 10.329916139994829 -10
    vertex 9 1 -10
    vertex 8.979276871828983 9.698775118277439 -10
  endloop
endfacet
facet normal 0 0 -1
  outer loop
    vertex 9.218637088792942 10.329916139994829 -10
    vertex 44.781362911207054 10.329916139994843 -10
    vertex 45 1 -10
  endloop
endfacet
facet normal 0 0 -1
  outer loop
    vertex 6.837502704714897 8.220415152525447 -10
    vertex 7.610814578664556 1.121537975902335 -10
    vertex 6.263838853394649 1.4824590337127361 -10
  endloop
endfacet
facet normal 0 0 -1
  outer loop
    vertex 6.837502704714897 8.220415152525447 -10
    vertex 6.263838853394649 1.4824590337127361 -10
    vertex 5 2.071796769724493 -10
  endloop
endfacet
facet normal 0 0 -0.9999999999999999
  outer loop
    vertex 6.837502704714897 8.220415152525447 -10
    vertex 7.4928936837190925 8.381954520480832 -10
    vertex 7.610814578664556 1.121537975902335 -10
  endloop
endfacet
facet normal 0 0 -1
  outer loop
    vertex 9.3 11 -10
    vertex 44.781362911207054 10.329916139994843 -10
    vertex 9.218637088792942 10.329916139994829 -10
  endloop
endfacet
facet normal 0 0 -1
  outer loop
    vertex 9.3 11 -10
    vertex 44.7 11 -10
    vertex 44.781362911207054 10.329916139994843 -10
  endloop
endfacet
facet normal 0 0 -1
  outer loop
    vertex 6.162497295285089 8.220415152525447 -10
    vertex 5 2.071796769724493 -10
    vertex 3.8576991225076824 2.871644455048177 -10
  endloop
endfacet
facet normal 0 0 -1
  outer loop
    vertex 6.162497295285089 8.220415152525447 -10
    vertex 3.8576991225076824 2.871644455048177 -10
    vertex 2.871644455048177 3.8576991225076895 -10
  endloop
endfacet
facet normal 0 0 -1
  outer loop
    vertex 6.162497295285089 8.220415152525447 -10
    vertex 6.837502704714897 8.220415152525447 -10
    vertex 5 2.071796769724493 -10
  endloop
endfacet
facet normal 0 0 -1
  outer loop
    vertex 77.4747468853526 79.72029754828091 -10
    vertex 80.93924137806502 75.78083650380147 -10
    vertex 82.34945335452875 73.56495761342602 -10
  endloop
endfacet
facet normal 0 0 -1
  outer loop
    vertex 77.4747468853526 79.72029754828091 -10
    vertex 79.30857236933325 77.83989834341072 -10
    vertex 80.93924137806502 75.78083650380147 -10
  endloop
endfacet
facet normal 0 0 -1
  outer loop
    vertex 9.218637088792946 11.670083860005164 -10
    vertex 44.781362911207054 11.670083860005164 -10
    vertex 44.7 11 -10
  endloop
endfacet
facet normal 0 0 -1
  outer loop
    vertex 9.218637088792946 11.670083860005164 -10
    vertex 44.7 11 -10
    vertex 9.3 11 -10
  endloop
endfacet
facet normal 0 0 -1
  outer loop
    vertex 5.507106316280893 8.38195452048084 -10
    vertex 6.162497295285089 8.220415152525447 -10
    vertex 2.871644455048177 3.8576991225076895 -10
  endloop
endfacet
facet normal 0 0 -1
  outer loop
    vertex 2.0717967697244895 5 -10
    vertex 5.507106316280893 8.38195452048084 -10
    vertex 2.871644455048177 3.8576991225076895 -10
  endloop
endfacet
facet normal 0 0 -1
  outer loop
    vertex 8.979276871828986 12.301224881722554 -10
    vertex 44.781362911207054 11.670083860005164 -10
    vertex 9.218637088792946 11.670083860005164 -10
  endloop
endfacet
facet normal 0 0 -1
  outer loop
    vertex 8.979276871828986 12.301224881722554 -10
    vertex 45.020723128171014 12.301224881722554 -10
    vertex 44.781362911207054 11.670083860005164 -10
  endloop
endfacet
facet normal 0 0 -1
  outer loop
    vertex 4.90941870915276 8.695645175497766 -10
    vertex 5.507106316280893 8.38195452048084 -10
    vertex 2.0717967697244895 5 -10
  endloop
endfacet
facet normal 0 0 -1
  outer loop
    vertex 8.595830094879084 12.85674344307423 -10
    vertex 45.020723128171014 12.301224881722554 -10
    vertex 8.979276871828986 12.301224881722554 -10
  endloop
endfacet
facet normal 0 0 -1
  outer loop
    vertex 8.595830094879084 12.85674344307423 -10
    vertex 45.404169905120916 12.85674344307423 -10
    vertex 45.020723128171014 12.301224881722554 -10
  endloop
endfacet
facet normal 0 0 -1
  outer loop
    vertex 8.595830094879084 12.85674344307423 -10
    vertex 53.117697791306384 28.877760811500764 -10
    vertex 45.404169905120916 12.85674344307423 -10
  endloop
endfacet
facet normal 0 0 -1
  outer loop
    vertex 1.4824590337127326 6.2638388533946525 -10
    vertex 4.404169905120913 9.143256556925778 -10
    vertex 4.90941870915276 8.695645175497766 -10
  endloop
endfacet
facet normal 0 0 -0.9999999999999999
  outer loop
    vertex 1.4824590337127326 6.2638388533946525 -10
    vertex 4.90941870915276 8.695645175497766 -10
    vertex 2.0717967697244895 5 -10
  endloop
endfacet
facet normal 0 0 -1
  outer loop
    vertex 8.090581290847236 13.30435482450224 -10
    vertex 53.117697791306384 28.877760811500764 -10
    vertex 8.595830094879084 12.85674344307423 -10
  endloop
endfacet
facet normal 0 0 -1
  outer loop
    vertex 8.090581290847236 13.30435482450224 -10
    vertex 53.467327972705945 30.204758700405144 -10
    vertex 53.117697791306384 28.877760811500764 -10
  endloop
endfacet
facet normal 0 0 -1
  outer loop
    vertex 7.4928936837191 13.61804547951916 -10
    vertex 53.467327972705945 30.204758700405144 -10
    vertex 8.090581290847236 13.30435482450224 -10
  endloop
endfacet
facet normal 0 0 -1
  outer loop
    vertex 7.4928936837191 13.61804547951916 -10
    vertex 54.03860286916748 31.452480485730312 -10
    vertex 53.467327972705945 30.204758700405144 -10
  endloop
endfacet
facet normal 0 0 -1
  outer loop
    vertex 1.121537975902335 7.610814578664559 -10
    vertex 4.02072312817101 9.698775118277453 -10
    vertex 4.404169905120913 9.143256556925778 -10
  endloop
endfacet
facet normal 0 0 -0.9999999999999999
  outer loop
    vertex 1.121537975902335 7.610814578664559 -10
    vertex 4.404169905120913 9.143256556925778 -10
    vertex 1.4824590337127326 6.2638388533946525 -10
  endloop
endfacet
facet normal 0 0 -0.9999999999999999
  outer loop
    vertex 6.837502704714904 13.779584847474553 -10
    vertex 54.03860286916748 31.452480485730312 -10
    vertex 7.4928936837191 13.61804547951916 -10
  endloop
endfacet
facet normal 0 0 -1
  outer loop
    vertex 6.837502704714904 13.779584847474553 -10
    vertex 54.814713032305406 32.58421264290187 -10
    vertex 54.03860286916748 31.452480485730312 -10
  endloop
endfacet
facet normal 0 0 -1
  outer loop
    vertex 1 9 -10
    vertex 3.7813629112070544 11.670083860005164 -10
    vertex 3.6999999999999993 11 -10
  endloop
endfacet
facet normal 0 0 -1
  outer loop
    vertex 1 9 -10
    vertex 3.6999999999999993 11 -10
    vertex 3.7813629112070544 10.329916139994843 -10
  endloop
endfacet
facet normal 0 0 -1
  outer loop
    vertex 1 9 -10
    vertex 3.7813629112070544 10.329916139994843 -10
    vertex 4.02072312817101 9.698775118277453 -10
  endloop
endfacet
facet normal 0 0 -1
  outer loop
    vertex 1 9 -10
    vertex 4.02072312817101 9.698775118277453 -10
    vertex 1.121537975902335 7.610814578664559 -10
  endloop
endfacet
facet normal 0 0 -1
  outer loop
    vertex 4.020723128171014 12.301224881722554 -10
    vertex 3.7813629112070544 11.670083860005164 -10
    vertex 1 9 -10
  endloop
endfacet
facet normal 0 0 -1
  outer loop
    vertex 4.404169905120916 12.85674344307423 -10
    vertex 4.020723128171014 12.301224881722554 -10
    vertex 1 9 -10
  endloop
endfacet
facet normal 0 0 -1
  outer loop
    vertex 73.27739922923972 82.86741496978418 -10
    vertex 84.45115739462263 68.75820033446354 -10
    vertex 85.52472907695346 63.623074313234554 -10
  endloop
endfacet
facet normal 0 0 -0.9999999999999999
  outer loop
    vertex 73.27739922923972 82.86741496978418 -10
    vertex 77.4747468853526 79.72029754828091 -10
    vertex 82.34945335452875 73.56495761342602 -10
  endloop
endfacet
facet normal 0 0 -0.9999999999999999
  outer loop
    vertex 73.27739922923972 82.86741496978418 -10
    vertex 82.34945335452875 73.56495761342602 -10
    vertex 84.45115739462263 68.75820033446354 -10
  endloop
endfacet
facet normal 0 0 -1
  outer loop
    vertex 73.27739922923972 82.86741496978418 -10
    vertex 75.45722086854852 81.40208405283252 -10
    vertex 77.4747468853526 79.72029754828091 -10
  endloop
endfacet
facet normal 0 0 -1
  outer loop
    vertex 68.52485272532459 85.08898584174165 -10
    vertex 73.27739922923972 82.86741496978418 -10
    vertex 85.52472907695346 63.623074313234554 -10
  endloop
endfacet
facet normal 0 0 -0.9999999999999999
  outer loop
    vertex 68.52485272532459 85.08898584174165 -10
    vertex 70.95840875058117 84.10074389398255 -10
    vertex 73.27739922923972 82.86741496978418 -10
  endloop
endfacet
facet normal 0 0 -1
  outer loop
    vertex 60.799402985074614 86.49198234391899 -10
    vertex 68.52485272532459 85.08898584174165 -10
    vertex 85.52472907695346 63.623074313234554 -10
  endloop
endfacet
facet normal 0 0 -1
  outer loop
    vertex 60.799402985074614 86.49198234391899 -10
    vertex 63.41826068890896 35.709018657175235 -10
    vertex 60.79940298507463 35.50801765608101 -10
  endloop
endfacet
facet normal 0 0 -1
  outer loop
    vertex 60.799402985074614 86.49198234391899 -10
    vertex 66.00254992757367 85.82165607576998 -10
    vertex 68.52485272532459 85.08898584174165 -10
  endloop
endfacet
facet normal 0 0 -1
  outer loop
    vertex 60.799402985074614 86.49198234391899 -10
    vertex 63.41826068890915 86.29098134282475 -10
    vertex 66.00254992757367 85.82165607576998 -10
  endloop
endfacet
facet normal 0 0 -1
  outer loop
    vertex 60.799402985074614 86.49198234391899 -10
    vertex 85.52472907695346 63.623074313234554 -10
    vertex 63.41826068890896 35.709018657175235 -10
  endloop
endfacet
facet normal 0 0 -1
  outer loop
    vertex 59.43555628181684 86.64392585616939 -10
    vertex 60.799402985074614 86.49198234391899 -10
    vertex 60.79940298507463 35.50801765608101 -10
  endloop
endfacet
facet normal 0 0 -1
  outer loop
    vertex 59.43555628181684 86.64392585616939 -10
    vertex 60.79940298507463 35.50801765608101 -10
    vertex 59.43555628181683 35.35607414383061 -10
  endloop
endfacet
facet normal 0 0 -1
  outer loop
    vertex 59.43555628181684 86.64392585616939 -10
    vertex 59.43555628181683 35.35607414383061 -10
    vertex 58.117742471122355 34.9732799154976 -10
  endloop
endfacet
facet normal 0 0 -1
  outer loop
    vertex 58.117742471122355 87.0267200845024 -10
    vertex 59.43555628181684 86.64392585616939 -10
    vertex 58.117742471122355 34.9732799154976 -10
  endloop
endfacet
facet normal 0 0 -1
  outer loop
    vertex 58.117742471122355 87.0267200845024 -10
    vertex 58.117742471122355 34.9732799154976 -10
    vertex 56.88473749670916 34.37089847988188 -10
  endloop
endfacet
facet normal 0 0 -1
  outer loop
    vertex 56.88473749670916 87.62910152011813 -10
    vertex 58.117742471122355 87.0267200845024 -10
    vertex 56.88473749670916 34.37089847988188 -10
  endloop
endfacet
facet normal 0 0 -1
  outer loop
    vertex 55.77282184911678 88.43334542189258 -10
    vertex 56.88473749670916 87.62910152011813 -10
    vertex 56.88473749670916 34.37089847988188 -10
  endloop
endfacet
facet normal 0 0 -1
  outer loop
    vertex 55.77282184911678 88.43334542189258 -10
    vertex 56.88473749670916 34.37089847988188 -10
    vertex 55.77282184911679 33.566654578107425 -10
  endloop
endfacet
facet normal 0 0 -1
  outer loop
    vertex 54.8147130323054 89.41578735709814 -10
    vertex 55.77282184911678 88.43334542189258 -10
    vertex 55.77282184911679 33.566654578107425 -10
  endloop
endfacet
facet normal 0 0 -1
  outer loop
    vertex 54.8147130323054 89.41578735709814 -10
    vertex 55.77282184911679 33.566654578107425 -10
    vertex 54.814713032305406 32.58421264290187 -10
  endloop
endfacet
facet normal 0 0 -1
  outer loop
    vertex 49.090581290847226 108.69564517549776 -10
    vertex 49.59583009487908 109.14325655692576 -10
    vertex 53 94.48946700083476 -10
  endloop
endfacet
facet normal 0 0 -0.9999999999999999
  outer loop
    vertex 49.979276871828986 109.69877511827744 -10
    vertex 53 94.48946700083476 -10
    vertex 49.59583009487908 109.14325655692576 -10
  endloop
endfacet
facet normal 0 0 -1
  outer loop
    vertex 48.49289368371909 108.38195452048083 -10
    vertex 49.090581290847226 108.69564517549776 -10
    vertex 53 94.48946700083476 -10
  endloop
endfacet
facet normal 0 0 -0.9999999999999999
  outer loop
    vertex 53 113 -10
    vertex 53 94.48946700083476 -10
    vertex 49.979276871828986 109.69877511827744 -10
  endloop
endfacet
facet normal 0 0 -0.9999999999999999
  outer loop
    vertex 50.218637088792946 110.32991613999482 -10
    vertex 53 113 -10
    vertex 49.979276871828986 109.69877511827744 -10
  endloop
endfacet
facet normal 0 0 -1
  outer loop
    vertex 47.83750270471489 108.22041515252545 -10
    vertex 48.49289368371909 108.38195452048083 -10
    vertex 53 94.48946700083476 -10
  endloop
endfacet
facet normal 0 0 -1
  outer loop
    vertex 50.3 111 -10
    vertex 53 113 -10
    vertex 50.218637088792946 110.32991613999482 -10
  endloop
endfacet
facet normal 0 0 -1
  outer loop
    vertex 47.16249729528509 108.22041515252545 -10
    vertex 47.83750270471489 108.22041515252545 -10
    vertex 53 94.48946700083476 -10
  endloop
endfacet
facet normal 0 0 -1
  outer loop
    vertex 50.218637088792946 111.67008386000516 -10
    vertex 53 113 -10
    vertex 50.3 111 -10
  endloop
endfacet
facet normal 0 0 -1
  outer loop
    vertex 46.5071063162809 108.38195452048083 -10
    vertex 47.16249729528509 108.22041515252545 -10
    vertex 53 94.48946700083476 -10
  endloop
endfacet
facet normal 0 0 -1
  outer loop
    vertex 49.979276871828986 112.30122488172256 -10
    vertex 52.878462024097665 114.38918542133544 -10
    vertex 53 113 -10
  endloop
endfacet
facet normal 0 0 -1
  outer loop
    vertex 49.979276871828986 112.30122488172256 -10
    vertex 53 113 -10
    vertex 50.218637088792946 111.67008386000516 -10
  endloop
endfacet
facet normal 0 0 -1
  outer loop
    vertex 45.90941870915276 108.69564517549776 -10
    vertex 46.5071063162809 108.38195452048083 -10
    vertex 53 94.48946700083476 -10
  endloop
endfacet
facet normal 0 0 -1
  outer loop
    vertex 49.595830094879084 112.85674344307424 -10
    vertex 52.517540966287264 115.73616114660535 -10
    vertex 52.878462024097665 114.38918542133544 -10
  endloop
endfacet
facet normal 0 0 -1
  outer loop
    vertex 49.595830094879084 112.85674344307424 -10
    vertex 52.878462024097665 114.38918542133544 -10
    vertex 49.979276871828986 112.30122488172256 -10
  endloop
endfacet
facet normal 0 0 -1
  outer loop
    vertex 45.40416990512091 109.14325655692578 -10
    vertex 45.90941870915276 108.69564517549776 -10
    vertex 53 94.48946700083476 -10
  endloop
endfacet
facet normal 0 0 -1
  outer loop
    vertex 45.40416990512091 109.14325655692578 -10
    vertex 53 94.48946700083476 -10
    vertex 53.117697791306384 93.12223918849924 -10
  endloop
endfacet
facet normal 0 0 -1
  outer loop
    vertex 49.09058129084724 113.30435482450224 -10
    vertex 52.517540966287264 115.73616114660535 -10
    vertex 49.595830094879084 112.85674344307424 -10
  endloop
endfacet
facet normal 0 0 -1
  outer loop
    vertex 51.92820323027551 117 -10
    vertex 52.517540966287264 115.73616114660535 -10
    vertex 49.09058129084724 113.30435482450224 -10
  endloop
endfacet
facet normal 0 0 -1
  outer loop
    vertex 48.4928936837191 113.61804547951917 -10
    vertex 51.92820323027551 117 -10
    vertex 49.09058129084724 113.30435482450224 -10
  endloop
endfacet
facet normal 0 0 -1
  outer loop
    vertex 51.12835554495182 118.14230087749232 -10
    vertex 48.4928936837191 113.61804547951917 -10
    vertex 47.83750270471491 113.77958484747455 -10
  endloop
endfacet
facet normal 0 0 -1
  outer loop
    vertex 51.12835554495182 118.14230087749232 -10
    vertex 51.92820323027551 117 -10
    vertex 48.4928936837191 113.61804547951917 -10
  endloop
endfacet
facet normal 0 0 -0.9999999999999999
  outer loop
    vertex 50.14230087749232 119.12835554495183 -10
    vertex 51.12835554495182 118.14230087749232 -10
    vertex 47.83750270471491 113.77958484747455 -10
  endloop
endfacet
facet normal 0 0 -1
  outer loop
    vertex 49 119.9282032302755 -10
    vertex 47.83750270471491 113.77958484747455 -10
    vertex 47.16249729528509 113.77958484747455 -10
  endloop
endfacet
facet normal 0 0 -1
  outer loop
    vertex 49 119.9282032302755 -10
    vertex 50.14230087749232 119.12835554495183 -10
    vertex 47.83750270471491 113.77958484747455 -10
  endloop
endfacet
facet normal 0 0 -1
  outer loop
    vertex 47.736161146605355 120.51754096628727 -10
    vertex 49 119.9282032302755 -10
    vertex 47.16249729528509 113.77958484747455 -10
  endloop
endfacet
facet normal 0 0 -1
  outer loop
    vertex 46.38918542133545 120.87846202409767 -10
    vertex 47.16249729528509 113.77958484747455 -10
    vertex 46.5071063162809 113.61804547951917 -10
  endloop
endfacet
facet normal 0 0 -1
  outer loop
    vertex 46.38918542133545 120.87846202409767 -10
    vertex 47.736161146605355 120.51754096628727 -10
    vertex 47.16249729528509 113.77958484747455 -10
  endloop
endfacet
facet normal 0 0 -0.9999999999999999
  outer loop
    vertex 45 121 -10
    vertex 46.38918542133545 120.87846202409767 -10
    vertex 46.5071063162809 113.61804547951917 -10
  endloop
endfacet
facet normal 0 0 -1
  outer loop
    vertex 45 121 -10
    vertex 46.5071063162809 113.61804547951917 -10
    vertex 45.90941870915276 113.30435482450224 -10
  endloop
endfacet
facet normal 0 0 -1
  outer loop
    vertex 45 121 -10
    vertex 45.90941870915276 113.30435482450224 -10
    vertex 45.404169905120916 112.85674344307424 -10
  endloop
endfacet
facet normal 0 0 -1
  outer loop
    vertex 45 121 -10
    vertex 45.404169905120916 112.85674344307424 -10
    vertex 45.020723128171014 112.30122488172256 -10
  endloop
endfacet
facet normal 0 0 -1
  outer loop
    vertex 45 121 -10
    vertex 45.020723128171014 112.30122488172256 -10
    vertex 44.781362911207054 111.67008386000516 -10
  endloop
endfacet
facet normal 0 0 -1
  outer loop
    vertex 8.595830094879076 109.14325655692576 -10
    vertex 45.40416990512091 109.14325655692578 -10
    vertex 53.117697791306384 93.12223918849924 -10
  endloop
endfacet
facet normal 0 0 -1
  outer loop
    vertex 8.595830094879076 109.14325655692576 -10
    vertex 45.020723128171014 109.69877511827745 -10
    vertex 45.40416990512091 109.14325655692578 -10
  endloop
endfacet
facet normal 0 0 -1
  outer loop
    vertex 8.09058129084723 108.69564517549776 -10
    vertex 8.595830094879076 109.14325655692576 -10
    vertex 53.117697791306384 93.12223918849924 -10
  endloop
endfacet
facet normal 0 0 -1
  outer loop
    vertex 8.09058129084723 108.69564517549776 -10
    vertex 53.117697791306384 93.12223918849924 -10
    vertex 53.46732797270594 91.79524129959486 -10
  endloop
endfacet
facet normal 0 0 -1
  outer loop
    vertex 8.979276871828983 109.69877511827744 -10
    vertex 45.020723128171014 109.69877511827745 -10
    vertex 8.595830094879076 109.14325655692576 -10
  endloop
endfacet
facet normal 0 0 -0.9999999999999999
  outer loop
    vertex 7.4928936837190925 108.38195452048083 -10
    vertex 8.09058129084723 108.69564517549776 -10
    vertex 53.46732797270594 91.79524129959486 -10
  endloop
endfacet
facet normal 0 0 -1
  outer loop
    vertex 7.4928936837190925 108.38195452048083 -10
    vertex 53.46732797270594 91.79524129959486 -10
    vertex 54.03860286916747 90.5475195142697 -10
  endloop
endfacet
facet normal 0 0 -1
  outer loop
    vertex 9.218637088792942 110.32991613999482 -10
    vertex 44.7 111 -10
    vertex 44.781362911207054 110.32991613999485 -10
  endloop
endfacet
facet normal 0 0 -1
  outer loop
    vertex 9.218637088792942 110.32991613999482 -10
    vertex 44.781362911207054 110.32991613999485 -10
    vertex 45.020723128171014 109.69877511827745 -10
  endloop
endfacet
facet normal 0 0 -1
  outer loop
    vertex 9.218637088792942 110.32991613999482 -10
    vertex 45.020723128171014 109.69877511827745 -10
    vertex 8.979276871828983 109.69877511827744 -10
  endloop
endfacet
facet normal 0 0 -1
  outer loop
    vertex 6.837502704714897 108.22041515252545 -10
    vertex 7.4928936837190925 108.38195452048083 -10
    vertex 54.03860286916747 90.5475195142697 -10
  endloop
endfacet
facet normal 0 0 -1
  outer loop
    vertex 6.837502704714897 108.22041515252545 -10
    vertex 54.8147130323054 89.41578735709814 -10
    vertex 54.814713032305406 32.58421264290187 -10
  endloop
endfacet
facet normal 0 0 -1
  outer loop
    vertex 6.837502704714897 108.22041515252545 -10
    vertex 54.03860286916747 90.5475195142697 -10
    vertex 54.8147130323054 89.41578735709814 -10
  endloop
endfacet
facet normal 0 0 -1
  outer loop
    vertex 6.837502704714897 108.22041515252545 -10
    vertex 54.814713032305406 32.58421264290187 -10
    vertex 6.837502704714904 13.779584847474553 -10
  endloop
endfacet
facet normal 0 0 -1
  outer loop
    vertex 6.837502704714897 108.22041515252545 -10
    vertex 6.837502704714904 13.779584847474553 -10
    vertex 6.162497295285096 13.779584847474553 -10
  endloop
endfacet
facet normal 0 0 -1
  outer loop
    vertex 9.3 111 -10
    vertex 44.7 111 -10
    vertex 9.218637088792942 110.32991613999482 -10
  endloop
endfacet
facet normal 0 0 -1
  outer loop
    vertex 6.162497295285089 108.22041515252545 -10
    vertex 6.837502704714897 108.22041515252545 -10
    vertex 6.162497295285096 13.779584847474553 -10
  endloop
endfacet
facet normal 0 0 -1
  outer loop
    vertex 9.218637088792946 111.67008386000516 -10
    vertex 44.7 111 -10
    vertex 9.3 111 -10
  endloop
endfacet
facet normal 0 0 -1
  outer loop
    vertex 9.218637088792946 111.67008386000516 -10
    vertex 44.781362911207054 111.67008386000516 -10
    vertex 44.7 111 -10
  endloop
endfacet
facet normal 0 0 -1
  outer loop
    vertex 5.507106316280893 108.38195452048083 -10
    vertex 6.162497295285089 108.22041515252545 -10
    vertex 6.162497295285096 13.779584847474553 -10
  endloop
endfacet
facet normal 0 0 -0.9999999999999999
  outer loop
    vertex 5.507106316280893 108.38195452048083 -10
    vertex 6.162497295285096 13.779584847474553 -10
    vertex 5.5071063162809 13.61804547951916 -10
  endloop
endfacet
facet normal 0 0 -1
  outer loop
    vertex 4.90941870915276 108.69564517549776 -10
    vertex 5.507106316280893 108.38195452048083 -10
    vertex 5.5071063162809 13.61804547951916 -10
  endloop
endfacet
facet normal 0 0 -1
  outer loop
    vertex 4.90941870915276 108.69564517549776 -10
    vertex 5.5071063162809 13.61804547951916 -10
    vertex 4.909418709152764 13.30435482450224 -10
  endloop
endfacet
facet normal 0 0 -1
  outer loop
    vertex 4.90941870915276 108.69564517549776 -10
    vertex 4.909418709152764 13.30435482450224 -10
    vertex 4.404169905120916 12.85674344307423 -10
  endloop
endfacet
facet normal 0 0 -1
  outer loop
    vertex 4.404169905120913 109.14325655692578 -10
    vertex 4.90941870915276 108.69564517549776 -10
    vertex 4.404169905120916 12.85674344307423 -10
  endloop
endfacet
facet normal 0 0 -1
  outer loop
    vertex 4.404169905120913 109.14325655692578 -10
    vertex 4.404169905120916 12.85674344307423 -10
    vertex 1 9 -10
  endloop
endfacet
facet normal 0 0 -1
  outer loop
    vertex 9 121 -10
    vertex 9.218637088792946 111.67008386000516 -10
    vertex 8.979276871828986 112.30122488172256 -10
  endloop
endfacet
facet normal 0 0 -1
  outer loop
    vertex 9 121 -10
    vertex 8.979276871828986 112.30122488172256 -10
    vertex 8.595830094879084 112.85674344307424 -10
  endloop
endfacet
facet normal 0 0 -1
  outer loop
    vertex 9 121 -10
    vertex 8.595830094879084 112.85674344307424 -10
    vertex 8.090581290847236 113.30435482450224 -10
  endloop
endfacet
facet normal 0 0 -1
  outer loop
    vertex 9 121 -10
    vertex 8.090581290847236 113.30435482450224 -10
    vertex 7.4928936837191 113.61804547951917 -10
  endloop
endfacet
facet normal 0 0 -1
  outer loop
    vertex 9 121 -10
    vertex 44.781362911207054 111.67008386000516 -10
    vertex 9.218637088792946 111.67008386000516 -10
  endloop
endfacet
facet normal 0 0 -1
  outer loop
    vertex 9 121 -10
    vertex 45 121 -10
    vertex 44.781362911207054 111.67008386000516 -10
  endloop
endfacet
facet normal 0 0 -1
  outer loop
    vertex 1 113 -10
    vertex 4.020723128171014 112.30122488172256 -10
    vertex 3.7813629112070544 111.67008386000516 -10
  endloop
endfacet
facet normal 0 0 -1
  outer loop
    vertex 1 113 -10
    vertex 3.7813629112070544 111.67008386000516 -10
    vertex 3.6999999999999993 111 -10
  endloop
endfacet
facet normal 0 0 -1
  outer loop
    vertex 1 113 -10
    vertex 3.6999999999999993 111 -10
    vertex 3.7813629112070544 110.32991613999485 -10
  endloop
endfacet
facet normal 0 0 -1
  outer loop
    vertex 1 113 -10
    vertex 3.7813629112070544 110.32991613999485 -10
    vertex 4.02072312817101 109.69877511827745 -10
  endloop
endfacet
facet normal 0 0 -1
  outer loop
    vertex 1 113 -10
    vertex 4.02072312817101 109.69877511827745 -10
    vertex 4.404169905120913 109.14325655692578 -10
  endloop
endfacet
facet normal 0 0 -1
  outer loop
    vertex 1 113 -10
    vertex 4.404169905120913 109.14325655692578 -10
    vertex 1 9 -10
  endloop
endfacet
facet normal 0 0 -1
  outer loop
    vertex 1.121537975902335 114.38918542133544 -10
    vertex 4.404169905120916 112.85674344307424 -10
    vertex 4.020723128171014 112.30122488172256 -10
  endloop
endfacet
facet normal 0 0 -1
  outer loop
    vertex 1.121537975902335 114.38918542133544 -10
    vertex 4.020723128171014 112.30122488172256 -10
    vertex 1 113 -10
  endloop
endfacet
facet normal 0 0 -1
  outer loop
    vertex 7.610814578664552 120.87846202409767 -10
    vertex 7.4928936837191 113.61804547951917 -10
    vertex 6.837502704714904 113.77958484747455 -10
  endloop
endfacet
facet normal 0 0 -0.9999999999999999
  outer loop
    vertex 7.610814578664552 120.87846202409767 -10
    vertex 9 121 -10
    vertex 7.4928936837191 113.61804547951917 -10
  endloop
endfacet
facet normal 0 0 -1
  outer loop
    vertex 6.263838853394645 120.51754096628727 -10
    vertex 7.610814578664552 120.87846202409767 -10
    vertex 6.837502704714904 113.77958484747455 -10
  endloop
endfacet
facet normal 0 0 -1
  outer loop
    vertex 1.4824590337127361 115.73616114660535 -10
    vertex 4.909418709152764 113.30435482450224 -10
    vertex 4.404169905120916 112.85674344307424 -10
  endloop
endfacet
facet normal 0 0 -1
  outer loop
    vertex 1.4824590337127361 115.73616114660535 -10
    vertex 4.404169905120916 112.85674344307424 -10
    vertex 1.121537975902335 114.38918542133544 -10
  endloop
endfacet
facet normal 0 0 -1
  outer loop
    vertex 4.9999999999999964 119.9282032302755 -10
    vertex 6.837502704714904 113.77958484747455 -10
    vertex 6.162497295285096 113.77958484747455 -10
  endloop
endfacet
facet normal 0 0 -1
  outer loop
    vertex 4.9999999999999964 119.9282032302755 -10
    vertex 6.263838853394645 120.51754096628727 -10
    vertex 6.837502704714904 113.77958484747455 -10
  endloop
endfacet
facet normal 0 0 -1
  outer loop
    vertex 2.071796769724493 117 -10
    vertex 5.5071063162809 113.61804547951917 -10
    vertex 4.909418709152764 113.30435482450224 -10
  endloop
endfacet
facet normal 0 0 -1
  outer loop
    vertex 2.071796769724493 117 -10
    vertex 4.909418709152764 113.30435482450224 -10
    vertex 1.4824590337127361 115.73616114660535 -10
  endloop
endfacet
facet normal 0 0 -1
  outer loop
    vertex 3.8576991225076824 119.12835554495183 -10
    vertex 4.9999999999999964 119.9282032302755 -10
    vertex 6.162497295285096 113.77958484747455 -10
  endloop
endfacet
facet normal 0 0 -1
  outer loop
    vertex 2.871644455048177 118.14230087749232 -10
    vertex 6.162497295285096 113.77958484747455 -10
    vertex 5.5071063162809 113.61804547951917 -10
  endloop
endfacet
facet normal 0 0 -1
  outer loop
    vertex 2.871644455048177 118.14230087749232 -10
    vertex 5.5071063162809 113.61804547951917 -10
    vertex 2.071796769724493 117 -10
  endloop
endfacet
facet normal 0 0 -1
  outer loop
    vertex 2.871644455048177 118.14230087749232 -10
    vertex 3.8576991225076824 119.12835554495183 -10
    vertex 6.162497295285096 113.77958484747455 -10
  endloop
endfacet
facet normal -0.9961946980917454 0.08715574274765789 0
  outer loop
    vertex 1.121537975902335 114.38918542133544 0
    vertex 1.121537975902335 114.38918542133544 -10
    vertex 1 113 -10
  endloop
endfacet
facet normal -0.9961946980917454 0.08715574274765789 0
  outer loop
    vertex 1.121537975902335 114.38918542133544 0
    vertex 1 113 -10
    vertex 1 113 0
  endloop
endfacet
facet normal -0.9659258262890679 0.25881904510252207 0
  outer loop
    vertex 1.4824590337127361 115.73616114660535 0
    vertex 1.4824590337127361 115.73616114660535 -10
    vertex 1.121537975902335 114.38918542133544 -10
  endloop
endfacet
facet normal -0.9659258262890679 0.25881904510252207 0
  outer loop
    vertex 1.4824590337127361 115.73616114660535 0
    vertex 1.121537975902335 114.38918542133544 -10
    vertex 1.121537975902335 114.38918542133544 0
  endloop
endfacet
facet normal -0.9063077870366497 0.42261826174070016 0
  outer loop
    vertex 2.071796769724493 117 0
    vertex 2.071796769724493 117 -10
    vertex 1.4824590337127361 115.73616114660535 -10
  endloop
endfacet
facet normal -0.8191520442889929 0.5735764363510446 0
  outer loop
    vertex 2.071796769724493 117 0
    vertex 2.871644455048177 118.14230087749232 -10
    vertex 2.071796769724493 117 -10
  endloop
endfacet
facet normal -0.9063077870366497 0.42261826174070016 0
  outer loop
    vertex 2.071796769724493 117 0
    vertex 1.4824590337127361 115.73616114660535 -10
    vertex 1.4824590337127361 115.73616114660535 0
  endloop
endfacet
facet normal -0.7071067811865499 0.7071067811865449 0
  outer loop
    vertex 2.871644455048177 118.14230087749232 0
    vertex 3.8576991225076824 119.12835554495183 -10
    vertex 2.871644455048177 118.14230087749232 -10
  endloop
endfacet
facet normal -0.8191520442889929 0.5735764363510446 0
  outer loop
    vertex 2.871644455048177 118.14230087749232 0
    vertex 2.871644455048177 118.14230087749232 -10
    vertex 2.071796769724493 117 0
  endloop
endfacet
facet normal -0.7071067811865499 0.7071067811865449 0
  outer loop
    vertex 3.8576991225076824 119.12835554495183 0
    vertex 3.8576991225076824 119.12835554495183 -10
    vertex 2.871644455048177 118.14230087749232 0
  endloop
endfacet
facet normal -0.5735764363510389 0.8191520442889969 0
  outer loop
    vertex 4.9999999999999964 119.9282032302755 0
    vertex 4.9999999999999964 119.9282032302755 -10
    vertex 3.8576991225076824 119.12835554495183 -10
  endloop
endfacet
facet normal -0.5735764363510389 0.8191520442889969 0
  outer loop
    vertex 4.9999999999999964 119.9282032302755 0
    vertex 3.8576991225076824 119.12835554495183 -10
    vertex 3.8576991225076824 119.12835554495183 0
  endloop
endfacet
facet normal -0.4226182617407075 0.906307787036646 0
  outer loop
    vertex 6.263838853394645 120.51754096628727 0
    vertex 6.263838853394645 120.51754096628727 -10
    vertex 4.9999999999999964 119.9282032302755 -10
  endloop
endfacet
facet normal -0.2588190451025233 0.9659258262890675 0
  outer loop
    vertex 6.263838853394645 120.51754096628727 0
    vertex 7.610814578664552 120.87846202409767 -10
    vertex 6.263838853394645 120.51754096628727 -10
  endloop
endfacet
facet normal -0.4226182617407075 0.906307787036646 0
  outer loop
    vertex 6.263838853394645 120.51754096628727 0
    vertex 4.9999999999999964 119.9282032302755 -10
    vertex 4.9999999999999964 119.9282032302755 0
  endloop
endfacet
facet normal -0.2588190451025233 0.9659258262890675 0
  outer loop
    vertex 7.610814578664552 120.87846202409767 0
    vertex 7.610814578664552 120.87846202409767 -10
    vertex 6.263838853394645 120.51754096628727 0
  endloop
endfacet
facet normal -0.0871557427476524 0.9961946980917461 0
  outer loop
    vertex 9 121 0
    vertex 9 121 -10
    vertex 7.610814578664552 120.87846202409767 -10
  endloop
endfacet
facet normal -0.0871557427476524 0.9961946980917461 0
  outer loop
    vertex 9 121 0
    vertex 7.610814578664552 120.87846202409767 -10
    vertex 7.610814578664552 120.87846202409767 0
  endloop
endfacet
facet normal 0 0 0.9999999999999999
  outer loop
    vertex 8.09058129084723 8.69564517549776 0
    vertex 9 1 0
    vertex 12 1 0
  endloop
endfacet
facet normal 0 0 1
  outer loop
    vertex 8.09058129084723 8.69564517549776 0
    vertex 12 1 0
    vertex 8.595830094879076 9.14325655692577 0
  endloop
endfacet
facet normal 0 0 1
  outer loop
    vertex 8.979276871828983 9.698775118277439 0
    vertex 8.595830094879076 9.14325655692577 0
    vertex 12 1 0
  endloop
endfacet
facet normal 0 0 1
  outer loop
    vertex 7.4928936837190925 8.381954520480832 0
    vertex 7.610814578664556 1.121537975902335 0
    vertex 9 1 0
  endloop
endfacet
facet normal 0 0 0.9999999999999999
  outer loop
    vertex 7.4928936837190925 8.381954520480832 0
    vertex 9 1 0
    vertex 8.09058129084723 8.69564517549776 0
  endloop
endfacet
facet normal 0 0 1
  outer loop
    vertex 9.218637088792942 10.329916139994829 0
    vertex 8.979276871828983 9.698775118277439 0
    vertex 12 1 0
  endloop
endfacet
facet normal 0 0 1
  outer loop
    vertex 6.837502704714897 8.220415152525447 0
    vertex 6.263838853394649 1.4824590337127361 0
    vertex 7.610814578664556 1.121537975902335 0
  endloop
endfacet
facet normal 0 0 1
  outer loop
    vertex 6.837502704714897 8.220415152525447 0
    vertex 5 2.071796769724493 0
    vertex 6.263838853394649 1.4824590337127361 0
  endloop
endfacet
facet normal 0 0 0.9999999999999999
  outer loop
    vertex 6.837502704714897 8.220415152525447 0
    vertex 7.610814578664556 1.121537975902335 0
    vertex 7.4928936837190925 8.381954520480832 0
  endloop
endfacet
facet normal 0 0 1
  outer loop
    vertex 9.3 11 0
    vertex 9.218637088792942 10.329916139994829 0
    vertex 12 1 0
  endloop
endfacet
facet normal 0 0 1
  outer loop
    vertex 6.162497295285089 8.220415152525447 0
    vertex 3.8576991225076824 2.871644455048177 0
    vertex 5 2.071796769724493 0
  endloop
endfacet
facet normal 0 0 1
  outer loop
    vertex 6.162497295285089 8.220415152525447 0
    vertex 2.871644455048177 3.8576991225076895 0
    vertex 3.8576991225076824 2.871644455048177 0
  endloop
endfacet
facet normal 0 0 1
  outer loop
    vertex 6.162497295285089 8.220415152525447 0
    vertex 5 2.071796769724493 0
    vertex 6.837502704714897 8.220415152525447 0
  endloop
endfacet
facet normal 0 0 1
  outer loop
    vertex 9.218637088792946 11.670083860005164 0
    vertex 9.3 11 0
    vertex 12 1 0
  endloop
endfacet
facet normal 0 0 1
  outer loop
    vertex 5.507106316280893 8.38195452048084 0
    vertex 2.871644455048177 3.8576991225076895 0
    vertex 6.162497295285089 8.220415152525447 0
  endloop
endfacet
facet normal 0 0 1
  outer loop
    vertex 2.0717967697244895 5 0
    vertex 2.871644455048177 3.8576991225076895 0
    vertex 5.507106316280893 8.38195452048084 0
  endloop
endfacet
facet normal 0 0 1
  outer loop
    vertex 4.90941870915276 8.695645175497766 0
    vertex 2.0717967697244895 5 0
    vertex 5.507106316280893 8.38195452048084 0
  endloop
endfacet
facet normal 0 0 0.9999999999999999
  outer loop
    vertex 1.4824590337127326 6.2638388533946525 0
    vertex 2.0717967697244895 5 0
    vertex 4.90941870915276 8.695645175497766 0
  endloop
endfacet
facet normal 0 0 1
  outer loop
    vertex 1.4824590337127326 6.2638388533946525 0
    vertex 4.90941870915276 8.695645175497766 0
    vertex 4.404169905120913 9.143256556925778 0
  endloop
endfacet
facet normal 0 0 0.9999999999999999
  outer loop
    vertex 1.121537975902335 7.610814578664559 0
    vertex 1.4824590337127326 6.2638388533946525 0
    vertex 4.404169905120913 9.143256556925778 0
  endloop
endfacet
facet normal 0 0 1
  outer loop
    vertex 1.121537975902335 7.610814578664559 0
    vertex 4.404169905120913 9.143256556925778 0
    vertex 4.02072312817101 9.698775118277453 0
  endloop
endfacet
facet normal 0 0 1
  outer loop
    vertex 1 9 0
    vertex 1.121537975902335 7.610814578664559 0
    vertex 4.02072312817101 9.698775118277453 0
  endloop
endfacet
facet normal 0 0 1
  outer loop
    vertex 1 9 0
    vertex 3.6999999999999993 11 0
    vertex 3.7813629112070544 11.670083860005164 0
  endloop
endfacet
facet normal 0 0 1
  outer loop
    vertex 1 9 0
    vertex 3.7813629112070544 10.329916139994843 0
    vertex 3.6999999999999993 11 0
  endloop
endfacet
facet normal 0 0 1
  outer loop
    vertex 1 9 0
    vertex 4.02072312817101 9.698775118277453 0
    vertex 3.7813629112070544 10.329916139994843 0
  endloop
endfacet
facet normal 0 0 1
  outer loop
    vertex 4.020723128171014 12.301224881722554 0
    vertex 1 9 0
    vertex 3.7813629112070544 11.670083860005164 0
  endloop
endfacet
facet normal 0 0 1
  outer loop
    vertex 4.404169905120916 12.85674344307423 0
    vertex 1 9 0
    vertex 4.020723128171014 12.301224881722554 0
  endloop
endfacet
facet normal 0 0 1
  outer loop
    vertex 8.595830094879076 109.14325655692576 0
    vertex 8.595830094879084 12.85674344307423 0
    vertex 8.979276871828986 12.301224881722554 0
  endloop
endfacet
facet normal 0 0 1
  outer loop
    vertex 8.09058129084723 108.69564517549776 0
    vertex 8.090581290847236 13.30435482450224 0
    vertex 8.595830094879084 12.85674344307423 0
  endloop
endfacet
facet normal 0 0 1
  outer loop
    vertex 8.09058129084723 108.69564517549776 0
    vertex 8.595830094879084 12.85674344307423 0
    vertex 8.595830094879076 109.14325655692576 0
  endloop
endfacet
facet normal 0 0 1
  outer loop
    vertex 8.979276871828983 109.69877511827744 0
    vertex 8.595830094879076 109.14325655692576 0
    vertex 8.979276871828986 12.301224881722554 0
  endloop
endfacet
facet normal 0 0 1
  outer loop
    vertex 7.4928936837190925 108.38195452048083 0
    vertex 7.4928936837191 13.61804547951916 0
    vertex 8.090581290847236 13.30435482450224 0
  endloop
endfacet
facet normal 0 0 0.9999999999999999
  outer loop
    vertex 7.4928936837190925 108.38195452048083 0
    vertex 8.090581290847236 13.30435482450224 0
    vertex 8.09058129084723 108.69564517549776 0
  endloop
endfacet
facet normal 0 0 1
  outer loop
    vertex 6.837502704714897 108.22041515252545 0
    vertex 6.837502704714904 13.779584847474553 0
    vertex 7.4928936837191 13.61804547951916 0
  endloop
endfacet
facet normal 0 0 1
  outer loop
    vertex 6.837502704714897 108.22041515252545 0
    vertex 6.162497295285096 13.779584847474553 0
    vertex 6.837502704714904 13.779584847474553 0
  endloop
endfacet
facet normal 0 0 0.9999999999999999
  outer loop
    vertex 6.837502704714897 108.22041515252545 0
    vertex 7.4928936837191 13.61804547951916 0
    vertex 7.4928936837190925 108.38195452048083 0
  endloop
endfacet
facet normal 0 0 1
  outer loop
    vertex 6.162497295285089 108.22041515252545 0
    vertex 6.162497295285096 13.779584847474553 0
    vertex 6.837502704714897 108.22041515252545 0
  endloop
endfacet
facet normal 0 0 0.9999999999999999
  outer loop
    vertex 5.507106316280893 108.38195452048083 0
    vertex 5.5071063162809 13.61804547951916 0
    vertex 6.162497295285096 13.779584847474553 0
  endloop
endfacet
facet normal 0 0 1
  outer loop
    vertex 5.507106316280893 108.38195452048083 0
    vertex 6.162497295285096 13.779584847474553 0
    vertex 6.162497295285089 108.22041515252545 0
  endloop
endfacet
facet normal 0 0 1
  outer loop
    vertex 4.90941870915276 108.69564517549776 0
    vertex 4.909418709152764 13.30435482450224 0
    vertex 5.5071063162809 13.61804547951916 0
  endloop
endfacet
facet normal 0 0 1
  outer loop
    vertex 4.90941870915276 108.69564517549776 0
    vertex 5.5071063162809 13.61804547951916 0
    vertex 5.507106316280893 108.38195452048083 0
  endloop
endfacet
facet normal 0 0 1
  outer loop
    vertex 4.404169905120913 109.14325655692578 0
    vertex 4.404169905120916 12.85674344307423 0
    vertex 4.909418709152764 13.30435482450224 0
  endloop
endfacet
facet normal 0 0 1
  outer loop
    vertex 4.404169905120913 109.14325655692578 0
    vertex 4.909418709152764 13.30435482450224 0
    vertex 4.90941870915276 108.69564517549776 0
  endloop
endfacet
facet normal 0 0 1
  outer loop
    vertex 12 121 0
    vertex 9.218637088792946 111.67008386000516 0
    vertex 9.3 111 0
  endloop
endfacet
facet normal 0 0 1
  outer loop
    vertex 12 121 0
    vertex 8.979276871828986 112.30122488172256 0
    vertex 9.218637088792946 111.67008386000516 0
  endloop
endfacet
facet normal 0 0 1
  outer loop
    vertex 12 121 0
    vertex 8.595830094879084 112.85674344307424 0
    vertex 8.979276871828986 112.30122488172256 0
  endloop
endfacet
facet normal 0 0 1
  outer loop
    vertex 12 121 0
    vertex 8.090581290847236 113.30435482450224 0
    vertex 8.595830094879084 112.85674344307424 0
  endloop
endfacet
facet normal 0 0 1
  outer loop
    vertex 12 121 0
    vertex 9.3 111 0
    vertex 9.218637088792942 110.32991613999482 0
  endloop
endfacet
facet normal 0 0 1
  outer loop
    vertex 9 121 0
    vertex 7.4928936837191 113.61804547951917 0
    vertex 8.090581290847236 113.30435482450224 0
  endloop
endfacet
facet normal 0 0 0.9999999999999999
  outer loop
    vertex 9 121 0
    vertex 8.090581290847236 113.30435482450224 0
    vertex 12 121 0
  endloop
endfacet
facet normal 0 0 1
  outer loop
    vertex 1 113 0
    vertex 1 9 0
    vertex 4.404169905120916 12.85674344307423 0
  endloop
endfacet
facet normal 0 0 1
  outer loop
    vertex 1 113 0
    vertex 3.7813629112070544 111.67008386000516 0
    vertex 4.020723128171014 112.30122488172256 0
  endloop
endfacet
facet normal 0 0 1
  outer loop
    vertex 1 113 0
    vertex 3.6999999999999993 111 0
    vertex 3.7813629112070544 111.67008386000516 0
  endloop
endfacet
facet normal 0 0 1
  outer loop
    vertex 1 113 0
    vertex 3.7813629112070544 110.32991613999485 0
    vertex 3.6999999999999993 111 0
  endloop
endfacet
facet normal 0 0 1
  outer loop
    vertex 1 113 0
    vertex 4.02072312817101 109.69877511827745 0
    vertex 3.7813629112070544 110.32991613999485 0
  endloop
endfacet
facet normal 0 0 1
  outer loop
    vertex 1 113 0
    vertex 4.404169905120913 109.14325655692578 0
    vertex 4.02072312817101 109.69877511827745 0
  endloop
endfacet
facet normal 0 0 1
  outer loop
    vertex 1 113 0
    vertex 4.404169905120916 12.85674344307423 0
    vertex 4.404169905120913 109.14325655692578 0
  endloop
endfacet
facet normal 0 0 1
  outer loop
    vertex 1.121537975902335 114.38918542133544 0
    vertex 4.020723128171014 112.30122488172256 0
    vertex 4.404169905120916 112.85674344307424 0
  endloop
endfacet
facet normal 0 0 1
  outer loop
    vertex 1.121537975902335 114.38918542133544 0
    vertex 1 113 0
    vertex 4.020723128171014 112.30122488172256 0
  endloop
endfacet
facet normal 0 0 0.9999999999999999
  outer loop
    vertex 7.610814578664552 120.87846202409767 0
    vertex 7.4928936837191 113.61804547951917 0
    vertex 9 121 0
  endloop
endfacet
facet normal 0 0 1
  outer loop
    vertex 7.610814578664552 120.87846202409767 0
    vertex 6.837502704714904 113.77958484747455 0
    vertex 7.4928936837191 113.61804547951917 0
  endloop
endfacet
facet normal 0 0 1
  outer loop
    vertex 6.263838853394645 120.51754096628727 0
    vertex 6.837502704714904 113.77958484747455 0
    vertex 7.610814578664552 120.87846202409767 0
  endloop
endfacet
facet normal 0 0 1
  outer loop
    vertex 1.4824590337127361 115.73616114660535 0
    vertex 1.121537975902335 114.38918542133544 0
    vertex 4.404169905120916 112.85674344307424 0
  endloop
endfacet
facet normal 0 0 1
  outer loop
    vertex 1.4824590337127361 115.73616114660535 0
    vertex 4.404169905120916 112.85674344307424 0
    vertex 4.909418709152764 113.30435482450224 0
  endloop
endfacet
facet normal 0 0 1
  outer loop
    vertex 4.9999999999999964 119.9282032302755 0
    vertex 6.837502704714904 113.77958484747455 0
    vertex 6.263838853394645 120.51754096628727 0
  endloop
endfacet
facet normal 0 0 1
  outer loop
    vertex 4.9999999999999964 119.9282032302755 0
    vertex 6.162497295285096 113.77958484747455 0
    vertex 6.837502704714904 113.77958484747455 0
  endloop
endfacet
facet normal 0 0 1
  outer loop
    vertex 2.071796769724493 117 0
    vertex 1.4824590337127361 115.73616114660535 0
    vertex 4.909418709152764 113.30435482450224 0
  endloop
endfacet
facet normal 0 0 1
  outer loop
    vertex 2.071796769724493 117 0
    vertex 4.909418709152764 113.30435482450224 0
    vertex 5.5071063162809 113.61804547951917 0
  endloop
endfacet
facet normal 0 0 1
  outer loop
    vertex 3.8576991225076824 119.12835554495183 0
    vertex 6.162497295285096 113.77958484747455 0
    vertex 4.9999999999999964 119.9282032302755 0
  endloop
endfacet
facet normal 0 0 1
  outer loop
    vertex 2.871644455048177 118.14230087749232 0
    vertex 6.162497295285096 113.77958484747455 0
    vertex 3.8576991225076824 119.12835554495183 0
  endloop
endfacet
facet normal 0 0 1
  outer loop
    vertex 2.871644455048177 118.14230087749232 0
    vertex 2.071796769724493 117 0
    vertex 5.5071063162809 113.61804547951917 0
  endloop
endfacet
facet normal 0 0 1
  outer loop
    vertex 2.871644455048177 118.14230087749232 0
    vertex 5.5071063162809 113.61804547951917 0
    vertex 6.162497295285096 113.77958484747455 0
  endloop
endfacet
facet normal 0 0 1
  outer loop
    vertex 12 121 0
    vertex 9.218637088792946 11.670083860005164 0
    vertex 12 1 0
  endloop
endfacet
facet normal 0 0 1
  outer loop
    vertex 12 121 0
    vertex 8.979276871828986 12.301224881722554 0
    vertex 9.218637088792946 11.670083860005164 0
  endloop
endfacet
facet normal 0 0 1
  outer loop
    vertex 12 121 0
    vertex 9.218637088792942 110.32991613999482 0
    vertex 8.979276871828986 12.301224881722554 0
  endloop
endfacet
facet normal 0 0 1
  outer loop
    vertex 9.218637088792942 110.32991613999482 0
    vertex 8.979276871828983 109.69877511827744 0
    vertex 8.979276871828986 12.301224881722554 0
  endloop
endfacet
facet normal 1 0 0
  outer loop
    vertex 12 121 0
    vertex 12 1 0
    vertex 12 1 -5
  endloop
endfacet
facet normal 1 0 0
  outer loop
    vertex 12 121 0
    vertex 12 1 -5
    vertex 12 121 -5
  endloop
endfacet
facet normal 0 0 1
  outer loop
    vertex 80.48443440637831 52.578755076544496 -5
    vertex 74.81580316181304 44.592458024366024 -5
    vertex 76.56116780565807 46.337063915755316 -5
  endloop
endfacet
facet normal 0 0 1
  outer loop
    vertex 80.48443440637831 52.578755076544496 -5
    vertex 76.56116780565807 46.337063915755316 -5
    vertex 78.10016416405338 48.26616672926747 -5
  endloop
endfacet
facet normal 0 0 0.9999999999999999
  outer loop
    vertex 80.48443440637831 52.578755076544496 -5
    vertex 78.10016416405338 48.26616672926747 -5
    vertex 79.41342775981302 50.35549345917522 -5
  endloop
endfacet
facet normal 0 0 1
  outer loop
    vertex 68.57240668095412 40.67190579925805 -5
    vertex 70.79613378198724 41.74194562860335 -5
    vertex 72.88603134609889 43.054300621650086 -5
  endloop
endfacet
facet normal 0 0 1
  outer loop
    vertex 68.57240668095412 40.67190579925805 -5
    vertex 72.88603134609889 43.054300621650086 -5
    vertex 74.81580316181304 44.592458024366024 -5
  endloop
endfacet
facet normal 0 0 1
  outer loop
    vertex 61.38433987190988 39.03409478582657 -5
    vertex 63.836716227952756 39.3094085424323 -5
    vertex 66.24283016945063 39.85764494835967 -5
  endloop
endfacet
facet normal 0 0 1
  outer loop
    vertex 61.38433987190988 39.03409478582657 -5
    vertex 66.24283016945063 39.85764494835967 -5
    vertex 68.57240668095412 40.67190579925805 -5
  endloop
endfacet
facet normal 0 0 1
  outer loop
    vertex 61.38433987190988 39.03409478582657 -5
    vertex 74.81580316181304 44.592458024366024 -5
    vertex 80.48443440637831 52.578755076544496 -5
  endloop
endfacet
facet normal 0 0 1
  outer loop
    vertex 61.38433987190988 39.03409478582657 -5
    vertex 68.57240668095412 40.67190579925805 -5
    vertex 74.81580316181304 44.592458024366024 -5
  endloop
endfacet
facet normal 0 0 1
  outer loop
    vertex 82.12537077164728 62.233890944963655 -5
    vertex 80.48443440637831 52.578755076544496 -5
    vertex 81.29970812399128 54.907977311889184 -5
  endloop
endfacet
facet normal 0 0 1
  outer loop
    vertex 82.12537077164728 62.233890944963655 -5
    vertex 81.29970812399128 54.907977311889184 -5
    vertex 81.84899070169584 57.313852642425815 -5
  endloop
endfacet
facet normal 0 0 1
  outer loop
    vertex 82.12537077164728 62.233890944963655 -5
    vertex 81.84899070169584 57.313852642425815 -5
    vertex 82.12537077164727 59.76610905503608 -5
  endloop
endfacet
facet normal 0 0 0.9999999999999999
  outer loop
    vertex 81.84899070169588 64.68614735757393 -5
    vertex 80.48443440637831 52.578755076544496 -5
    vertex 82.12537077164728 62.233890944963655 -5
  endloop
endfacet
facet normal 0 0 1
  outer loop
    vertex 54.05878594503217 39.8629428004875 -5
    vertex 56.46442220973497 39.312614154857215 -5
    vertex 58.91655821527087 39.0351678238146 -5
  endloop
endfacet
facet normal 0 0 1
  outer loop
    vertex 54.05878594503217 39.8629428004875 -5
    vertex 58.91655821527087 39.0351678238146 -5
    vertex 61.38433987190988 39.03409478582657 -5
  endloop
endfacet
facet normal 0 0 1
  outer loop
    vertex 54.05878594503217 39.8629428004875 -5
    vertex 61.38433987190988 39.03409478582657 -5
    vertex 80.48443440637831 52.578755076544496 -5
  endloop
endfacet
facet normal 0 0 1
  outer loop
    vertex 54.05878594503217 39.8629428004875 -5
    vertex 80.48443440637831 52.578755076544496 -5
    vertex 81.84899070169588 64.68614735757393 -5
  endloop
endfacet
facet normal 0 0 1
  outer loop
    vertex 80.48443440637843 69.42124492345526 -5
    vertex 54.05878594503217 39.8629428004875 -5
    vertex 81.84899070169588 64.68614735757393 -5
  endloop
endfacet
facet normal 0 0 1
  outer loop
    vertex 80.48443440637843 69.42124492345526 -5
    vertex 81.84899070169588 64.68614735757393 -5
    vertex 81.29970812399135 67.09202268811056 -5
  endloop
endfacet
facet normal 0 0 1
  outer loop
    vertex 79.41342775981315 71.64450654082455 -5
    vertex 54.05878594503217 39.8629428004875 -5
    vertex 80.48443440637843 69.42124492345526 -5
  endloop
endfacet
facet normal 0 0 1
  outer loop
    vertex 79.41342775981315 71.64450654082455 -5
    vertex 51.7299184262263 40.67922923067333 -5
    vertex 54.05878594503217 39.8629428004875 -5
  endloop
endfacet
facet normal 0 0 1
  outer loop
    vertex 49.50712271286717 41.75120249196617 -5
    vertex 51.7299184262263 40.67922923067333 -5
    vertex 79.41342775981315 71.64450654082455 -5
  endloop
endfacet
facet normal 0 0 0.9999999999999999
  outer loop
    vertex 45.489933765607184 44.60520946524392 -5
    vertex 47.418367212186894 43.065374442143316 -5
    vertex 49.50712271286717 41.75120249196617 -5
  endloop
endfacet
facet normal 0 0 0.9999999999999999
  outer loop
    vertex 45.489933765607184 44.60520946524392 -5
    vertex 49.50712271286717 41.75120249196617 -5
    vertex 79.41342775981315 71.64450654082455 -5
  endloop
endfacet
facet normal 0 0 1
  outer loop
    vertex 74.81580316181324 77.40754197563379 -5
    vertex 78.10016416405354 73.73383327073232 -5
    vertex 76.56116780565826 75.66293608424449 -5
  endloop
endfacet
facet normal 0 0 1
  outer loop
    vertex 43.74608695652174 46.35133253155311 -5
    vertex 45.489933765607184 44.60520946524392 -5
    vertex 79.41342775981315 71.64450654082455 -5
  endloop
endfacet
facet normal 0 0 1
  outer loop
    vertex 43.74608695652174 46.35133253155311 -5
    vertex 78.10016416405354 73.73383327073232 -5
    vertex 74.81580316181324 77.40754197563379 -5
  endloop
endfacet
facet normal 0 0 1
  outer loop
    vertex 43.74608695652174 46.35133253155311 -5
    vertex 79.41342775981315 71.64450654082455 -5
    vertex 78.10016416405354 73.73383327073232 -5
  endloop
endfacet
facet normal 0 0 1
  outer loop
    vertex 42 45.68548401026006 -5
    vertex 12 1 -5
    vertex 42 1 -5
  endloop
endfacet
facet normal -1.3512734903929911e-14 9.07189563001755e-15 1
  outer loop
    vertex 42.02897095397876 45.92444549624278 -5.000000000000002
    vertex 12 1 -5
    vertex 42 45.68548401026006 -5
  endloop
endfacet
facet normal 0 0 0.9999999999999999
  outer loop
    vertex 70.79613378198746 80.25805437139653 -5
    vertex 74.81580316181324 77.40754197563379 -5
    vertex 72.8860313460991 78.94569937834976 -5
  endloop
endfacet
facet normal 0 0 1
  outer loop
    vertex 68.57240668095436 81.32809420074184 -5
    vertex 43.74608695652174 46.35133253155311 -5
    vertex 74.81580316181324 77.40754197563379 -5
  endloop
endfacet
facet normal 0 0 1
  outer loop
    vertex 68.57240668095436 81.32809420074184 -5
    vertex 74.81580316181324 77.40754197563379 -5
    vertex 70.79613378198746 80.25805437139653 -5
  endloop
endfacet
facet normal 0 0 1
  outer loop
    vertex 61.38433987191014 82.96590521417342 -5
    vertex 68.57240668095436 81.32809420074184 -5
    vertex 66.24283016945088 82.14235505164025 -5
  endloop
endfacet
facet normal 0 0 1
  outer loop
    vertex 61.38433987191014 82.96590521417342 -5
    vertex 66.24283016945088 82.14235505164025 -5
    vertex 63.83671622795302 82.69059145756765 -5
  endloop
endfacet
facet normal 0 0 1
  outer loop
    vertex 58.916558215271124 82.96483217618541 -5
    vertex 68.57240668095436 81.32809420074184 -5
    vertex 61.38433987191014 82.96590521417342 -5
  endloop
endfacet
facet normal 0 0 1
  outer loop
    vertex 54.058785945032405 82.13705719951257 -5
    vertex 58.916558215271124 82.96483217618541 -5
    vertex 56.46442220973523 82.68738584514284 -5
  endloop
endfacet
facet normal 0 0 0.9999999999999999
  outer loop
    vertex 45.489933765607304 77.3947905347562 -5
    vertex 58.916558215271124 82.96483217618541 -5
    vertex 54.058785945032405 82.13705719951257 -5
  endloop
endfacet
facet normal 0 0 1
  outer loop
    vertex 45.489933765607304 77.3947905347562 -5
    vertex 54.058785945032405 82.13705719951257 -5
    vertex 51.72991842622651 81.32077076932676 -5
  endloop
endfacet
facet normal 0 0 1
  outer loop
    vertex 45.489933765607304 77.3947905347562 -5
    vertex 51.72991842622651 81.32077076932676 -5
    vertex 49.50712271286735 80.24879750803393 -5
  endloop
endfacet
facet normal 0 0 1
  outer loop
    vertex 45.489933765607304 77.3947905347562 -5
    vertex 49.50712271286735 80.24879750803393 -5
    vertex 47.41836721218705 78.93462555785679 -5
  endloop
endfacet
facet normal 0 0 0.9999999999999999
  outer loop
    vertex 45.489933765607304 77.3947905347562 -5
    vertex 43.74608695652175 75.64866746844692 -5
    vertex 43.74608695652174 46.35133253155311 -5
  endloop
endfacet
facet normal 0 0 1
  outer loop
    vertex 45.489933765607304 77.3947905347562 -5
    vertex 43.74608695652174 46.35133253155311 -5
    vertex 68.57240668095436 81.32809420074184 -5
  endloop
endfacet
facet normal 0 0 1
  outer loop
    vertex 45.489933765607304 77.3947905347562 -5
    vertex 68.57240668095436 81.32809420074184 -5
    vertex 58.916558215271124 82.96483217618541 -5
  endloop
endfacet
facet normal -9.828950905050026e-15 4.767593831158495e-30 1
  outer loop
    vertex 43.56535995355264 75.48967168751135 -5.000000000000002
    vertex 43.74608695652174 46.35133253155311 -5
    vertex 43.74608695652175 75.64866746844692 -5
  endloop
endfacet
facet normal -9.828950905049632e-15 7.229863260199089e-30 1
  outer loop
    vertex 43.56535995355264 75.48967168751135 -5.000000000000002
    vertex 43.565359953552615 46.51032831248867 -5.000000000000002
    vertex 43.74608695652174 46.35133253155311 -5
  endloop
endfacet
facet normal 0 0 1
  outer loop
    vertex 43.35187491619191 75.37846895921479 -5.000000000000002
    vertex 43.35187491619188 46.621531040785214 -5.000000000000002
    vertex 43.565359953552615 46.51032831248867 -5.000000000000002
  endloop
endfacet
facet normal 0 0 1
  outer loop
    vertex 43.35187491619191 75.37846895921479 -5.000000000000002
    vertex 43.565359953552615 46.51032831248867 -5.000000000000002
    vertex 43.56535995355264 75.48967168751135 -5.000000000000002
  endloop
endfacet
facet normal 0 0 1
  outer loop
    vertex 43.11800157482463 75.32150258180482 -5.000000000000002
    vertex 43.35187491619188 46.621531040785214 -5.000000000000002
    vertex 43.35187491619191 75.37846895921479 -5.000000000000002
  endloop
endfacet
facet normal 0 0 1
  outer loop
    vertex 43.11800157482463 75.32150258180482 -5.000000000000002
    vertex 43.1180015748246 46.67849741819518 -5.000000000000002
    vertex 43.35187491619188 46.621531040785214 -5.000000000000002
  endloop
endfacet
facet normal 0 0 1
  outer loop
    vertex 42.87729099707003 75.322073295878 -5.000000000000002
    vertex 42.877290997070006 46.677926704121994 -5.000000000000002
    vertex 43.1180015748246 46.67849741819518 -5.000000000000002
  endloop
endfacet
facet normal 0 0 1
  outer loop
    vertex 42.87729099707003 75.322073295878 -5.000000000000002
    vertex 42.643690413068725 46.619851966827966 -5.000000000000002
    vertex 42.877290997070006 46.677926704121994 -5.000000000000002
  endloop
endfacet
facet normal 0 0 1
  outer loop
    vertex 42.87729099707003 75.322073295878 -5.000000000000002
    vertex 43.1180015748246 46.67849741819518 -5.000000000000002
    vertex 43.11800157482463 75.32150258180482 -5.000000000000002
  endloop
endfacet
facet normal 0 0 1
  outer loop
    vertex 42.64369041306875 75.38014803317203 -5.000000000000002
    vertex 42.643690413068725 46.619851966827966 -5.000000000000002
    vertex 42.87729099707003 75.322073295878 -5.000000000000002
  endloop
endfacet
facet normal 0 0 1
  outer loop
    vertex 42.430735086357814 75.49236183260396 -5.000000000000002
    vertex 42.643690413068725 46.619851966827966 -5.000000000000002
    vertex 42.64369041306875 75.38014803317203 -5.000000000000002
  endloop
endfacet
facet normal 0 0 1
  outer loop
    vertex 42.430735086357814 75.49236183260396 -5.000000000000002
    vertex 42.4307350863578 46.507638167396024 -5.000000000000002
    vertex 42.643690413068725 46.619851966827966 -5.000000000000002
  endloop
endfacet
facet normal 0 0 1
  outer loop
    vertex 42.25076405487658 75.65221281253555 -5.000000000000002
    vertex 42.25076405487657 46.347787187464434 -5.000000000000002
    vertex 42.4307350863578 46.507638167396024 -5.000000000000002
  endloop
endfacet
facet normal 0 0 1
  outer loop
    vertex 42.25076405487658 75.65221281253555 -5.000000000000002
    vertex 42.114205183566135 46.1495610977993 -5.000000000000002
    vertex 42.25076405487657 46.347787187464434 -5.000000000000002
  endloop
endfacet
facet normal 0 0 1
  outer loop
    vertex 42.25076405487658 75.65221281253555 -5.000000000000002
    vertex 42.4307350863578 46.507638167396024 -5.000000000000002
    vertex 42.430735086357814 75.49236183260396 -5.000000000000002
  endloop
endfacet
facet normal 0 0 1
  outer loop
    vertex 42.11420518356614 75.8504389022007 -5.000000000000002
    vertex 42.02897095397876 45.92444549624278 -5.000000000000002
    vertex 42.114205183566135 46.1495610977993 -5.000000000000002
  endloop
endfacet
facet normal 0 0 1
  outer loop
    vertex 42.11420518356614 75.8504389022007 -5.000000000000002
    vertex 42.114205183566135 46.1495610977993 -5.000000000000002
    vertex 42.25076405487658 75.65221281253555 -5.000000000000002
  endloop
endfacet
facet normal 0 0 1
  outer loop
    vertex 42.02897095397876 76.0755545037572 -5.000000000000002
    vertex 42.02897095397876 45.92444549624278 -5.000000000000002
    vertex 42.11420518356614 75.8504389022007 -5.000000000000002
  endloop
endfacet
facet normal 0 0 1
  outer loop
    vertex 12 121 -5
    vertex 42 76.31451598973993 -5
    vertex 42 121 -5
  endloop
endfacet
facet normal -1.3512734903929687e-14 -9.071895630017397e-15 1
  outer loop
    vertex 12 121 -5
    vertex 42.02897095397876 76.0755545037572 -5.000000000000002
    vertex 42 76.31451598973993 -5
  endloop
endfacet
facet normal 5.915476897701977e-17 0 1
  outer loop
    vertex 12 121 -5
    vertex 12 1 -5
    vertex 42.02897095397876 45.92444549624278 -5.000000000000002
  endloop
endfacet
facet normal 5.915476897701976e-17 0 1
  outer loop
    vertex 12 121 -5
    vertex 42.02897095397876 45.92444549624278 -5.000000000000002
    vertex 42.02897095397876 76.0755545037572 -5.000000000000002
  endloop
endfacet
facet normal -0.08715574274765767 -0.9961946980917455 0
  outer loop
    vertex 7.610814578664556 1.121537975902335 0
    vertex 7.610814578664556 1.121537975902335 -10
    vertex 9 1 -10
  endloop
endfacet
facet normal -0.2588190451025233 -0.9659258262890675 0
  outer loop
    vertex 7.610814578664556 1.121537975902335 0
    vertex 6.263838853394649 1.4824590337127361 -10
    vertex 7.610814578664556 1.121537975902335 -10
  endloop
endfacet
facet normal -0.08715574274765767 -0.9961946980917455 0
  outer loop
    vertex 7.610814578664556 1.121537975902335 0
    vertex 9 1 -10
    vertex 9 1 0
  endloop
endfacet
facet normal -0.2588190451025233 -0.9659258262890675 0
  outer loop
    vertex 6.263838853394649 1.4824590337127361 0
    vertex 6.263838853394649 1.4824590337127361 -10
    vertex 7.610814578664556 1.121537975902335 0
  endloop
endfacet
facet normal -0.42261826174069916 -0.9063077870366502 0
  outer loop
    vertex 5 2.071796769724493 0
    vertex 5 2.071796769724493 -10
    vertex 6.263838853394649 1.4824590337127361 -10
  endloop
endfacet
facet normal -0.5735764363510446 -0.8191520442889929 0
  outer loop
    vertex 5 2.071796769724493 0
    vertex 3.8576991225076824 2.871644455048177 -10
    vertex 5 2.071796769724493 -10
  endloop
endfacet
facet normal -0.42261826174069916 -0.9063077870366502 0
  outer loop
    vertex 5 2.071796769724493 0
    vertex 6.263838853394649 1.4824590337127361 -10
    vertex 6.263838853394649 1.4824590337127361 0
  endloop
endfacet
facet normal -0.5735764363510446 -0.8191520442889929 0
  outer loop
    vertex 3.8576991225076824 2.871644455048177 0
    vertex 3.8576991225076824 2.871644455048177 -10
    vertex 5 2.071796769724493 0
  endloop
endfacet
facet normal -0.7071067811865499 -0.7071067811865449 0
  outer loop
    vertex 2.871644455048177 3.8576991225076895 0
    vertex 2.871644455048177 3.8576991225076895 -10
    vertex 3.8576991225076824 2.871644455048177 -10
  endloop
endfacet
facet normal -0.7071067811865499 -0.7071067811865449 0
  outer loop
    vertex 2.871644455048177 3.8576991225076895 0
    vertex 3.8576991225076824 2.871644455048177 -10
    vertex 3.8576991225076824 2.871644455048177 0
  endloop
endfacet
facet normal -0.81915204428899 -0.5735764363510487 0
  outer loop
    vertex 2.0717967697244895 5 0
    vertex 2.0717967697244895 5 -10
    vertex 2.871644455048177 3.8576991225076895 -10
  endloop
endfacet
facet normal -0.9063077870366506 -0.42261826174069816 0
  outer loop
    vertex 2.0717967697244895 5 0
    vertex 1.4824590337127326 6.2638388533946525 -10
    vertex 2.0717967697244895 5 -10
  endloop
endfacet
facet normal -0.81915204428899 -0.5735764363510487 0
  outer loop
    vertex 2.0717967697244895 5 0
    vertex 2.871644455048177 3.8576991225076895 -10
    vertex 2.871644455048177 3.8576991225076895 0
  endloop
endfacet
facet normal -0.9659258262890682 -0.25881904510252096 0
  outer loop
    vertex 1.4824590337127326 6.2638388533946525 0
    vertex 1.121537975902335 7.610814578664559 -10
    vertex 1.4824590337127326 6.2638388533946525 -10
  endloop
endfacet
facet normal -0.9063077870366506 -0.42261826174069816 0
  outer loop
    vertex 1.4824590337127326 6.2638388533946525 0
    vertex 1.4824590337127326 6.2638388533946525 -10
    vertex 2.0717967697244895 5 0
  endloop
endfacet
facet normal -0.9659258262890682 -0.25881904510252096 0
  outer loop
    vertex 1.121537975902335 7.610814578664559 0
    vertex 1.121537975902335 7.610814578664559 -10
    vertex 1.4824590337127326 6.2638388533946525 0
  endloop
endfacet
facet normal -0.9961946980917454 -0.08715574274765789 0
  outer loop
    vertex 1 9 0
    vertex 1 9 -10
    vertex 1.121537975902335 7.610814578664559 -10
  endloop
endfacet
facet normal -0.9961946980917454 -0.08715574274765789 0
  outer loop
    vertex 1 9 0
    vertex 1.121537975902335 7.610814578664559 -10
    vertex 1.121537975902335 7.610814578664559 0
  endloop
endfacet
facet normal -1 0 0
  outer loop
    vertex 1 113 -10
    vertex 1 9 -10
    vertex 1 9 0
  endloop
endfacet
facet normal -1 0 0
  outer loop
    vertex 1 113 -10
    vertex 1 9 0
    vertex 1 113 0
  endloop
endfacet
facet normal -0.992708874098054 -0.12053668025532377 0
  outer loop
    vertex 9.218637088792946 11.670083860005164 0
    vertex 9.3 11 -10
    vertex 9.3 11 0
  endloop
endfacet
facet normal -0.992708874098054 -0.12053668025532377 0
  outer loop
    vertex 9.218637088792946 11.670083860005164 0
    vertex 9.218637088792946 11.670083860005164 -10
    vertex 9.3 11 -10
  endloop
endfacet
facet normal -0.9350162426854142 -0.35460488704253734 0
  outer loop
    vertex 8.979276871828986 12.301224881722554 0
    vertex 8.979276871828986 12.301224881722554 -10
    vertex 9.218637088792946 11.670083860005164 -10
  endloop
endfacet
facet normal -0.9350162426854142 -0.35460488704253734 0
  outer loop
    vertex 8.979276871828986 12.301224881722554 0
    vertex 9.218637088792946 11.670083860005164 -10
    vertex 9.218637088792946 11.670083860005164 0
  endloop
endfacet
facet normal -0.822983865893658 -0.5680647467311534 0
  outer loop
    vertex 8.595830094879084 12.85674344307423 0
    vertex 8.595830094879084 12.85674344307423 -10
    vertex 8.979276871828986 12.301224881722554 -10
  endloop
endfacet
facet normal -0.822983865893658 -0.5680647467311534 0
  outer loop
    vertex 8.595830094879084 12.85674344307423 0
    vertex 8.979276871828986 12.301224881722554 -10
    vertex 8.979276871828986 12.301224881722554 0
  endloop
endfacet
facet normal -0.6631226582407949 -0.7485107481711015 0
  outer loop
    vertex 8.090581290847236 13.30435482450224 0
    vertex 8.090581290847236 13.30435482450224 -10
    vertex 8.595830094879084 12.85674344307423 -10
  endloop
endfacet
facet normal -0.4647231720437643 -0.8854560256532121 0
  outer loop
    vertex 8.090581290847236 13.30435482450224 0
    vertex 7.4928936837191 13.61804547951916 -10
    vertex 8.090581290847236 13.30435482450224 -10
  endloop
endfacet
facet normal -0.6631226582407949 -0.7485107481711015 0
  outer loop
    vertex 8.090581290847236 13.30435482450224 0
    vertex 8.595830094879084 12.85674344307423 -10
    vertex 8.595830094879084 12.85674344307423 0
  endloop
endfacet
facet normal -0.4647231720437643 -0.8854560256532121 0
  outer loop
    vertex 7.4928936837191 13.61804547951916 0
    vertex 7.4928936837191 13.61804547951916 -10
    vertex 8.090581290847236 13.30435482450224 0
  endloop
endfacet
facet normal -0.23931566428756057 -0.9709418174260512 0
  outer loop
    vertex 6.837502704714904 13.779584847474553 0
    vertex 6.837502704714904 13.779584847474553 -10
    vertex 7.4928936837191 13.61804547951916 -10
  endloop
endfacet
facet normal 0 -0.9999999999999999 0
  outer loop
    vertex 6.837502704714904 13.779584847474553 0
    vertex 6.162497295285096 13.779584847474553 -10
    vertex 6.837502704714904 13.779584847474553 -10
  endloop
endfacet
facet normal -0.23931566428756057 -0.9709418174260512 0
  outer loop
    vertex 6.837502704714904 13.779584847474553 0
    vertex 7.4928936837191 13.61804547951916 -10
    vertex 7.4928936837191 13.61804547951916 0
  endloop
endfacet
facet normal 0 -0.9999999999999999 0
  outer loop
    vertex 6.162497295285096 13.779584847474553 0
    vertex 6.162497295285096 13.779584847474553 -10
    vertex 6.837502704714904 13.779584847474553 0
  endloop
endfacet
facet normal 0.23931566428756057 -0.9709418174260512 0
  outer loop
    vertex 5.5071063162809 13.61804547951916 0
    vertex 5.5071063162809 13.61804547951916 -10
    vertex 6.162497295285096 13.779584847474553 -10
  endloop
endfacet
facet normal 0.23931566428756057 -0.9709418174260512 0
  outer loop
    vertex 5.5071063162809 13.61804547951916 0
    vertex 6.162497295285096 13.779584847474553 -10
    vertex 6.162497295285096 13.779584847474553 0
  endloop
endfacet
facet normal 0.4647231720437643 -0.8854560256532121 0
  outer loop
    vertex 4.909418709152764 13.30435482450224 0
    vertex 4.909418709152764 13.30435482450224 -10
    vertex 5.5071063162809 13.61804547951916 -10
  endloop
endfacet
facet normal 0.6631226582407949 -0.7485107481711015 0
  outer loop
    vertex 4.909418709152764 13.30435482450224 0
    vertex 4.404169905120916 12.85674344307423 -10
    vertex 4.909418709152764 13.30435482450224 -10
  endloop
endfacet
facet normal 0.4647231720437643 -0.8854560256532121 0
  outer loop
    vertex 4.909418709152764 13.30435482450224 0
    vertex 5.5071063162809 13.61804547951916 -10
    vertex 5.5071063162809 13.61804547951916 0
  endloop
endfacet
facet normal 0.6631226582407949 -0.7485107481711015 0
  outer loop
    vertex 4.404169905120916 12.85674344307423 0
    vertex 4.404169905120916 12.85674344307423 -10
    vertex 4.909418709152764 13.30435482450224 0
  endloop
endfacet
facet normal 0.822983865893658 -0.5680647467311534 0
  outer loop
    vertex 4.020723128171014 12.301224881722554 0
    vertex 4.404169905120916 12.85674344307423 -10
    vertex 4.404169905120916 12.85674344307423 0
  endloop
endfacet
facet normal 0.822983865893658 -0.5680647467311534 0
  outer loop
    vertex 4.020723128171014 12.301224881722554 0
    vertex 4.020723128171014 12.301224881722554 -10
    vertex 4.404169905120916 12.85674344307423 -10
  endloop
endfacet
facet normal 0.9350162426854142 -0.35460488704253734 0
  outer loop
    vertex 3.7813629112070544 11.670083860005164 0
    vertex 4.020723128171014 12.301224881722554 -10
    vertex 4.020723128171014 12.301224881722554 0
  endloop
endfacet
facet normal 0.9350162426854142 -0.35460488704253734 0
  outer loop
    vertex 3.7813629112070544 11.670083860005164 0
    vertex 3.7813629112070544 11.670083860005164 -10
    vertex 4.020723128171014 12.301224881722554 -10
  endloop
endfacet
facet normal 0.992708874098054 -0.12053668025532377 0
  outer loop
    vertex 3.7813629112070544 11.670083860005164 0
    vertex 3.6999999999999993 11 -10
    vertex 3.7813629112070544 11.670083860005164 -10
  endloop
endfacet
facet normal 0.992708874098054 -0.12053668025532377 0
  outer loop
    vertex 3.6999999999999993 11 0
    vertex 3.6999999999999993 11 -10
    vertex 3.7813629112070544 11.670083860005164 0
  endloop
endfacet
facet normal 0.9927088740980536 0.120536680255325 0
  outer loop
    vertex 3.7813629112070544 10.329916139994843 0
    vertex 3.6999999999999993 11 -10
    vertex 3.6999999999999993 11 0
  endloop
endfacet
facet normal 0.9927088740980536 0.120536680255325 0
  outer loop
    vertex 3.7813629112070544 10.329916139994843 0
    vertex 3.7813629112070544 10.329916139994843 -10
    vertex 3.6999999999999993 11 -10
  endloop
endfacet
facet normal 0.9350162426854158 0.35460488704253273 0
  outer loop
    vertex 3.7813629112070544 10.329916139994843 0
    vertex 4.02072312817101 9.698775118277453 -10
    vertex 3.7813629112070544 10.329916139994843 -10
  endloop
endfacet
facet normal 0.9350162426854158 0.35460488704253273 0
  outer loop
    vertex 4.02072312817101 9.698775118277453 0
    vertex 4.02072312817101 9.698775118277453 -10
    vertex 3.7813629112070544 10.329916139994843 0
  endloop
endfacet
facet normal 0.822983865893658 0.5680647467311534 0
  outer loop
    vertex 4.404169905120913 9.143256556925778 0
    vertex 4.02072312817101 9.698775118277453 -10
    vertex 4.02072312817101 9.698775118277453 0
  endloop
endfacet
facet normal 0.822983865893658 0.5680647467311534 0
  outer loop
    vertex 4.404169905120913 9.143256556925778 0
    vertex 4.404169905120913 9.143256556925778 -10
    vertex 4.02072312817101 9.698775118277453 -10
  endloop
endfacet
facet normal 0.6631226582407949 0.7485107481711015 0
  outer loop
    vertex 4.90941870915276 8.695645175497766 0
    vertex 4.404169905120913 9.143256556925778 -10
    vertex 4.404169905120913 9.143256556925778 0
  endloop
endfacet
facet normal 0.6631226582407949 0.7485107481711015 0
  outer loop
    vertex 4.90941870915276 8.695645175497766 0
    vertex 4.90941870915276 8.695645175497766 -10
    vertex 4.404169905120913 9.143256556925778 -10
  endloop
endfacet
facet normal 0.4647231720437747 0.8854560256532067 0
  outer loop
    vertex 5.507106316280893 8.38195452048084 0
    vertex 4.90941870915276 8.695645175497766 -10
    vertex 4.90941870915276 8.695645175497766 0
  endloop
endfacet
facet normal 0.4647231720437747 0.8854560256532067 0
  outer loop
    vertex 5.507106316280893 8.38195452048084 0
    vertex 5.507106316280893 8.38195452048084 -10
    vertex 4.90941870915276 8.695645175497766 -10
  endloop
endfacet
facet normal 0.23931566428756057 0.9709418174260512 0
  outer loop
    vertex 6.162497295285089 8.220415152525447 0
    vertex 5.507106316280893 8.38195452048084 -10
    vertex 5.507106316280893 8.38195452048084 0
  endloop
endfacet
facet normal 0.23931566428756057 0.9709418174260512 0
  outer loop
    vertex 6.162497295285089 8.220415152525447 0
    vertex 6.162497295285089 8.220415152525447 -10
    vertex 5.507106316280893 8.38195452048084 -10
  endloop
endfacet
facet normal 0 0.9999999999999999 0
  outer loop
    vertex 6.837502704714897 8.220415152525447 0
    vertex 6.162497295285089 8.220415152525447 -10
    vertex 6.162497295285089 8.220415152525447 0
  endloop
endfacet
facet normal 0 0.9999999999999999 0
  outer loop
    vertex 6.837502704714897 8.220415152525447 0
    vertex 6.837502704714897 8.220415152525447 -10
    vertex 6.162497295285089 8.220415152525447 -10
  endloop
endfacet
facet normal -0.23931566428755072 0.9709418174260539 0
  outer loop
    vertex 7.4928936837190925 8.381954520480832 0
    vertex 6.837502704714897 8.220415152525447 -10
    vertex 6.837502704714897 8.220415152525447 0
  endloop
endfacet
facet normal -0.23931566428755072 0.9709418174260539 0
  outer loop
    vertex 7.4928936837190925 8.381954520480832 0
    vertex 7.4928936837190925 8.381954520480832 -10
    vertex 6.837502704714897 8.220415152525447 -10
  endloop
endfacet
facet normal -0.4647231720437725 0.8854560256532078 0
  outer loop
    vertex 8.09058129084723 8.69564517549776 0
    vertex 7.4928936837190925 8.381954520480832 -10
    vertex 7.4928936837190925 8.381954520480832 0
  endloop
endfacet
facet normal -0.4647231720437725 0.8854560256532078 0
  outer loop
    vertex 8.09058129084723 8.69564517549776 0
    vertex 8.09058129084723 8.69564517549776 -10
    vertex 7.4928936837190925 8.381954520480832 -10
  endloop
endfacet
facet normal -0.6631226582407949 0.7485107481711015 0
  outer loop
    vertex 8.595830094879076 9.14325655692577 0
    vertex 8.09058129084723 8.69564517549776 -10
    vertex 8.09058129084723 8.69564517549776 0
  endloop
endfacet
facet normal -0.6631226582407949 0.7485107481711015 0
  outer loop
    vertex 8.595830094879076 9.14325655692577 0
    vertex 8.595830094879076 9.14325655692577 -10
    vertex 8.09058129084723 8.69564517549776 -10
  endloop
endfacet
facet normal -0.8229838658936524 0.5680647467311619 0
  outer loop
    vertex 8.979276871828983 9.698775118277439 0
    vertex 8.595830094879076 9.14325655692577 -10
    vertex 8.595830094879076 9.14325655692577 0
  endloop
endfacet
facet normal -0.8229838658936524 0.5680647467311619 0
  outer loop
    vertex 8.979276871828983 9.698775118277439 0
    vertex 8.979276871828983 9.698775118277439 -10
    vertex 8.595830094879076 9.14325655692577 -10
  endloop
endfacet
facet normal -0.9350162426854142 0.35460488704253734 0
  outer loop
    vertex 9.218637088792942 10.329916139994829 0
    vertex 9.218637088792942 10.329916139994829 -10
    vertex 8.979276871828983 9.698775118277439 -10
  endloop
endfacet
facet normal -0.9927088740980535 0.1205366802553277 0
  outer loop
    vertex 9.218637088792942 10.329916139994829 0
    vertex 9.3 11 -10
    vertex 9.218637088792942 10.329916139994829 -10
  endloop
endfacet
facet normal -0.9350162426854142 0.35460488704253734 0
  outer loop
    vertex 9.218637088792942 10.329916139994829 0
    vertex 8.979276871828983 9.698775118277439 -10
    vertex 8.979276871828983 9.698775118277439 0
  endloop
endfacet
facet normal -0.9927088740980535 0.1205366802553277 0
  outer loop
    vertex 9.3 11 0
    vertex 9.3 11 -10
    vertex 9.218637088792942 10.329916139994829 0
  endloop
endfacet
facet normal -0.992708874098054 -0.12053668025532377 0
  outer loop
    vertex 9.218637088792946 111.67008386000516 0
    vertex 9.3 111 -10
    vertex 9.3 111 0
  endloop
endfacet
facet normal -0.992708874098054 -0.12053668025532377 0
  outer loop
    vertex 9.218637088792946 111.67008386000516 0
    vertex 9.218637088792946 111.67008386000516 -10
    vertex 9.3 111 -10
  endloop
endfacet
facet normal -0.9350162426854155 -0.3546048870425339 0
  outer loop
    vertex 8.979276871828986 112.30122488172256 0
    vertex 8.979276871828986 112.30122488172256 -10
    vertex 9.218637088792946 111.67008386000516 -10
  endloop
endfacet
facet normal -0.9350162426854155 -0.3546048870425339 0
  outer loop
    vertex 8.979276871828986 112.30122488172256 0
    vertex 9.218637088792946 111.67008386000516 -10
    vertex 9.218637088792946 111.67008386000516 0
  endloop
endfacet
facet normal -0.822983865893658 -0.5680647467311534 0
  outer loop
    vertex 8.595830094879084 112.85674344307424 0
    vertex 8.595830094879084 112.85674344307424 -10
    vertex 8.979276871828986 112.30122488172256 -10
  endloop
endfacet
facet normal -0.822983865893658 -0.5680647467311534 0
  outer loop
    vertex 8.595830094879084 112.85674344307424 0
    vertex 8.979276871828986 112.30122488172256 -10
    vertex 8.979276871828986 112.30122488172256 0
  endloop
endfacet
facet normal -0.6631226582407889 -0.7485107481711067 0
  outer loop
    vertex 8.090581290847236 113.30435482450224 0
    vertex 8.090581290847236 113.30435482450224 -10
    vertex 8.595830094879084 112.85674344307424 -10
  endloop
endfacet
facet normal -0.4647231720437725 -0.8854560256532078 0
  outer loop
    vertex 8.090581290847236 113.30435482450224 0
    vertex 7.4928936837191 113.61804547951917 -10
    vertex 8.090581290847236 113.30435482450224 -10
  endloop
endfacet
facet normal -0.6631226582407889 -0.7485107481711067 0
  outer loop
    vertex 8.090581290847236 113.30435482450224 0
    vertex 8.595830094879084 112.85674344307424 -10
    vertex 8.595830094879084 112.85674344307424 0
  endloop
endfacet
facet normal -0.4647231720437725 -0.8854560256532078 0
  outer loop
    vertex 7.4928936837191 113.61804547951917 0
    vertex 7.4928936837191 113.61804547951917 -10
    vertex 8.090581290847236 113.30435482450224 0
  endloop
endfacet
facet normal -0.23931566428755072 -0.9709418174260539 0
  outer loop
    vertex 6.837502704714904 113.77958484747455 0
    vertex 6.837502704714904 113.77958484747455 -10
    vertex 7.4928936837191 113.61804547951917 -10
  endloop
endfacet
facet normal 0 -0.9999999999999999 0
  outer loop
    vertex 6.837502704714904 113.77958484747455 0
    vertex 6.162497295285096 113.77958484747455 -10
    vertex 6.837502704714904 113.77958484747455 -10
  endloop
endfacet
facet normal -0.23931566428755072 -0.9709418174260539 0
  outer loop
    vertex 6.837502704714904 113.77958484747455 0
    vertex 7.4928936837191 113.61804547951917 -10
    vertex 7.4928936837191 113.61804547951917 0
  endloop
endfacet
facet normal 0 -0.9999999999999999 0
  outer loop
    vertex 6.162497295285096 113.77958484747455 0
    vertex 6.162497295285096 113.77958484747455 -10
    vertex 6.837502704714904 113.77958484747455 0
  endloop
endfacet
facet normal 0.23931566428755072 -0.9709418174260539 0
  outer loop
    vertex 5.5071063162809 113.61804547951917 0
    vertex 5.5071063162809 113.61804547951917 -10
    vertex 6.162497295285096 113.77958484747455 -10
  endloop
endfacet
facet normal 0.23931566428755072 -0.9709418174260539 0
  outer loop
    vertex 5.5071063162809 113.61804547951917 0
    vertex 6.162497295285096 113.77958484747455 -10
    vertex 6.162497295285096 113.77958484747455 0
  endloop
endfacet
facet normal 0.4647231720437725 -0.8854560256532078 0
  outer loop
    vertex 4.909418709152764 113.30435482450224 0
    vertex 4.909418709152764 113.30435482450224 -10
    vertex 5.5071063162809 113.61804547951917 -10
  endloop
endfacet
facet normal 0.6631226582407889 -0.7485107481711067 0
  outer loop
    vertex 4.909418709152764 113.30435482450224 0
    vertex 4.404169905120916 112.85674344307424 -10
    vertex 4.909418709152764 113.30435482450224 -10
  endloop
endfacet
facet normal 0.4647231720437725 -0.8854560256532078 0
  outer loop
    vertex 4.909418709152764 113.30435482450224 0
    vertex 5.5071063162809 113.61804547951917 -10
    vertex 5.5071063162809 113.61804547951917 0
  endloop
endfacet
facet normal 0.6631226582407889 -0.7485107481711067 0
  outer loop
    vertex 4.404169905120916 112.85674344307424 0
    vertex 4.404169905120916 112.85674344307424 -10
    vertex 4.909418709152764 113.30435482450224 0
  endloop
endfacet
facet normal 0.822983865893658 -0.5680647467311534 0
  outer loop
    vertex 4.020723128171014 112.30122488172256 0
    vertex 4.404169905120916 112.85674344307424 -10
    vertex 4.404169905120916 112.85674344307424 0
  endloop
endfacet
facet normal 0.822983865893658 -0.5680647467311534 0
  outer loop
    vertex 4.020723128171014 112.30122488172256 0
    vertex 4.020723128171014 112.30122488172256 -10
    vertex 4.404169905120916 112.85674344307424 -10
  endloop
endfacet
facet normal 0.9350162426854155 -0.3546048870425339 0
  outer loop
    vertex 3.7813629112070544 111.67008386000516 0
    vertex 4.020723128171014 112.30122488172256 -10
    vertex 4.020723128171014 112.30122488172256 0
  endloop
endfacet
facet normal 0.9350162426854155 -0.3546048870425339 0
  outer loop
    vertex 3.7813629112070544 111.67008386000516 0
    vertex 3.7813629112070544 111.67008386000516 -10
    vertex 4.020723128171014 112.30122488172256 -10
  endloop
endfacet
facet normal 0.992708874098054 -0.12053668025532377 0
  outer loop
    vertex 3.7813629112070544 111.67008386000516 0
    vertex 3.6999999999999993 111 -10
    vertex 3.7813629112070544 111.67008386000516 -10
  endloop
endfacet
facet normal 0.992708874098054 -0.12053668025532377 0
  outer loop
    vertex 3.6999999999999993 111 0
    vertex 3.6999999999999993 111 -10
    vertex 3.7813629112070544 111.67008386000516 0
  endloop
endfacet
facet normal 0.9927088740980538 0.1205366802553263 0
  outer loop
    vertex 3.7813629112070544 110.32991613999485 0
    vertex 3.6999999999999993 111 -10
    vertex 3.6999999999999993 111 0
  endloop
endfacet
facet normal 0.9927088740980538 0.1205366802553263 0
  outer loop
    vertex 3.7813629112070544 110.32991613999485 0
    vertex 3.7813629112070544 110.32991613999485 -10
    vertex 3.6999999999999993 111 -10
  endloop
endfacet
facet normal 0.9350162426854173 0.3546048870425293 0
  outer loop
    vertex 3.7813629112070544 110.32991613999485 0
    vertex 4.02072312817101 109.69877511827745 -10
    vertex 3.7813629112070544 110.32991613999485 -10
  endloop
endfacet
facet normal 0.9350162426854173 0.3546048870425293 0
  outer loop
    vertex 4.02072312817101 109.69877511827745 0
    vertex 4.02072312817101 109.69877511827745 -10
    vertex 3.7813629112070544 110.32991613999485 0
  endloop
endfacet
facet normal 0.822983865893658 0.5680647467311534 0
  outer loop
    vertex 4.404169905120913 109.14325655692578 0
    vertex 4.02072312817101 109.69877511827745 -10
    vertex 4.02072312817101 109.69877511827745 0
  endloop
endfacet
facet normal 0.822983865893658 0.5680647467311534 0
  outer loop
    vertex 4.404169905120913 109.14325655692578 0
    vertex 4.404169905120913 109.14325655692578 -10
    vertex 4.02072312817101 109.69877511827745 -10
  endloop
endfacet
facet normal 0.6631226582408006 0.7485107481710962 0
  outer loop
    vertex 4.90941870915276 108.69564517549776 0
    vertex 4.404169905120913 109.14325655692578 -10
    vertex 4.404169905120913 109.14325655692578 0
  endloop
endfacet
facet normal 0.6631226582408006 0.7485107481710962 0
  outer loop
    vertex 4.90941870915276 108.69564517549776 0
    vertex 4.90941870915276 108.69564517549776 -10
    vertex 4.404169905120913 109.14325655692578 -10
  endloop
endfacet
facet normal 0.4647231720437747 0.8854560256532067 0
  outer loop
    vertex 5.507106316280893 108.38195452048083 0
    vertex 4.90941870915276 108.69564517549776 -10
    vertex 4.90941870915276 108.69564517549776 0
  endloop
endfacet
facet normal 0.4647231720437747 0.8854560256532067 0
  outer loop
    vertex 5.507106316280893 108.38195452048083 0
    vertex 5.507106316280893 108.38195452048083 -10
    vertex 4.90941870915276 108.69564517549776 -10
  endloop
endfacet
facet normal 0.23931566428755072 0.9709418174260539 0
  outer loop
    vertex 6.162497295285089 108.22041515252545 0
    vertex 5.507106316280893 108.38195452048083 -10
    vertex 5.507106316280893 108.38195452048083 0
  endloop
endfacet
facet normal 0.23931566428755072 0.9709418174260539 0
  outer loop
    vertex 6.162497295285089 108.22041515252545 0
    vertex 6.162497295285089 108.22041515252545 -10
    vertex 5.507106316280893 108.38195452048083 -10
  endloop
endfacet
facet normal 0 0.9999999999999999 0
  outer loop
    vertex 6.837502704714897 108.22041515252545 0
    vertex 6.162497295285089 108.22041515252545 -10
    vertex 6.162497295285089 108.22041515252545 0
  endloop
endfacet
facet normal 0 0.9999999999999999 0
  outer loop
    vertex 6.837502704714897 108.22041515252545 0
    vertex 6.837502704714897 108.22041515252545 -10
    vertex 6.162497295285089 108.22041515252545 -10
  endloop
endfacet
facet normal -0.23931566428755072 0.9709418174260539 0
  outer loop
    vertex 7.4928936837190925 108.38195452048083 0
    vertex 6.837502704714897 108.22041515252545 -10
    vertex 6.837502704714897 108.22041515252545 0
  endloop
endfacet
facet normal -0.23931566428755072 0.9709418174260539 0
  outer loop
    vertex 7.4928936837190925 108.38195452048083 0
    vertex 7.4928936837190925 108.38195452048083 -10
    vertex 6.837502704714897 108.22041515252545 -10
  endloop
endfacet
facet normal -0.4647231720437725 0.8854560256532078 0
  outer loop
    vertex 8.09058129084723 108.69564517549776 0
    vertex 7.4928936837190925 108.38195452048083 -10
    vertex 7.4928936837190925 108.38195452048083 0
  endloop
endfacet
facet normal -0.4647231720437725 0.8854560256532078 0
  outer loop
    vertex 8.09058129084723 108.69564517549776 0
    vertex 8.09058129084723 108.69564517549776 -10
    vertex 7.4928936837190925 108.38195452048083 -10
  endloop
endfacet
facet normal -0.6631226582407889 0.7485107481711067 0
  outer loop
    vertex 8.595830094879076 109.14325655692576 0
    vertex 8.09058129084723 108.69564517549776 -10
    vertex 8.09058129084723 108.69564517549776 0
  endloop
endfacet
facet normal -0.6631226582407889 0.7485107481711067 0
  outer loop
    vertex 8.595830094879076 109.14325655692576 0
    vertex 8.595830094879076 109.14325655692576 -10
    vertex 8.09058129084723 108.69564517549776 -10
  endloop
endfacet
facet normal -0.8229838658936556 0.5680647467311569 0
  outer loop
    vertex 8.979276871828983 109.69877511827744 0
    vertex 8.595830094879076 109.14325655692576 -10
    vertex 8.595830094879076 109.14325655692576 0
  endloop
endfacet
facet normal -0.8229838658936556 0.5680647467311569 0
  outer loop
    vertex 8.979276871828983 109.69877511827744 0
    vertex 8.979276871828983 109.69877511827744 -10
    vertex 8.595830094879076 109.14325655692576 -10
  endloop
endfacet
facet normal -0.9350162426854128 0.35460488704254084 0
  outer loop
    vertex 9.218637088792942 110.32991613999482 0
    vertex 9.218637088792942 110.32991613999482 -10
    vertex 8.979276871828983 109.69877511827744 -10
  endloop
endfacet
facet normal -0.9927088740980536 0.12053668025532643 0
  outer loop
    vertex 9.218637088792942 110.32991613999482 0
    vertex 9.3 111 -10
    vertex 9.218637088792942 110.32991613999482 -10
  endloop
endfacet
facet normal -0.9350162426854128 0.35460488704254084 0
  outer loop
    vertex 9.218637088792942 110.32991613999482 0
    vertex 8.979276871828983 109.69877511827744 -10
    vertex 8.979276871828983 109.69877511827744 0
  endloop
endfacet
facet normal -0.9927088740980536 0.12053668025532643 0
  outer loop
    vertex 9.3 111 0
    vertex 9.3 111 -10
    vertex 9.218637088792942 110.32991613999482 0
  endloop
endfacet
endsolid Model
