solid Model
facet normal -0.054147796986611374 -0.998532931896338 0
  outer loop
    vertex 57.97071191883289 39.07845397104645 -3
    vertex 57.928897381367854 39.08072146269687 0
    vertex 57.928897381367854 39.08072146269687 -3
  endloop
endfacet
facet normal -0.054147796986611374 -0.998532931896338 0
  outer loop
    vertex 57.97071191883289 39.07845397104645 -3
    vertex 57.97071191883289 39.07845397104645 0
    vertex 57.928897381367854 39.08072146269687 0
  endloop
endfacet
facet normal 0.9969173337331303 -0.07845909572781568 0
  outer loop
    vertex 57.928897381367854 39.08072146269687 -3
    vertex 57.86044654854197 38.21097116644923 0
    vertex 57.86044654854197 38.21097116644923 -3
  endloop
endfacet
facet normal 0.9969173337331303 -0.07845909572781568 0
  outer loop
    vertex 57.928897381367854 39.08072146269687 -3
    vertex 57.928897381367854 39.08072146269687 0
    vertex 57.86044654854197 38.21097116644923 0
  endloop
endfacet
facet normal 0.09171240719918233 -0.9957553021113197 0.007759683171742807
  outer loop
    vertex 58.326070770348295 39.106508057958905 -0.6000000000000001
    vertex 58.39666240343115 39.11768544107461 0
    vertex 57.97071191883289 39.07845397104645 0
  endloop
endfacet
facet normal 0.2234157522570232 -0.974689354145162 -0.00812801079695913
  outer loop
    vertex 58.326070770348295 39.106508057958905 -0.6000000000000001
    vertex 58.9529065747797 39.2451862796258 0
    vertex 58.39666240343115 39.11768544107461 0
  endloop
endfacet
facet normal 0.32165777259379136 -0.94680351778396 0.009968753278096112
  outer loop
    vertex 59.36009382454125 39.377202785133285 -0.6000000000000001
    vertex 59.53569902882019 39.44317849145227 0
    vertex 58.9529065747797 39.2451862796258 0
  endloop
endfacet
facet normal 0.39640097276152086 -0.9179536430846772 -0.01507905637926244
  outer loop
    vertex 59.36009382454125 39.377202785133285 -0.6000000000000001
    vertex 60.10046807368301 39.68706335476292 0
    vertex 59.53569902882019 39.44317849145227 0
  endloop
endfacet
facet normal 0.25304115948762623 -0.9665884345112077 -0.04095082263313635
  outer loop
    vertex 59.36009382454125 39.377202785133285 -0.6000000000000001
    vertex 58.9529065747797 39.2451862796258 0
    vertex 58.326070770348295 39.106508057958905 -0.6000000000000001
  endloop
endfacet
facet normal 0.07870092623042632 -0.9968982717461562 0
  outer loop
    vertex 58.326070770348295 39.106508057958905 -1.7999999999999998
    vertex 57.97071191883289 39.07845397104645 0
    vertex 57.97071191883289 39.07845397104645 -3
  endloop
endfacet
facet normal 0.07870092623042632 -0.9968982717461561 0
  outer loop
    vertex 58.326070770348295 39.106508057958905 -1.7999999999999998
    vertex 58.326070770348295 39.106508057958905 -0.6000000000000001
    vertex 57.97071191883289 39.07845397104645 0
  endloop
endfacet
facet normal 0.09171240719918233 -0.9957553021113197 -0.007759683171742807
  outer loop
    vertex 58.326070770348295 39.106508057958905 -2.4
    vertex 57.97071191883289 39.07845397104645 -3
    vertex 58.39666240343115 39.11768544107461 -3
  endloop
endfacet
facet normal 0.2234157522570232 -0.974689354145162 0.00812801079695913
  outer loop
    vertex 58.326070770348295 39.106508057958905 -2.4
    vertex 58.39666240343115 39.11768544107461 -3
    vertex 58.9529065747797 39.2451862796258 -3
  endloop
endfacet
facet normal 0.07870092623042632 -0.9968982717461561 0
  outer loop
    vertex 58.326070770348295 39.106508057958905 -2.4
    vertex 58.326070770348295 39.106508057958905 -1.7999999999999998
    vertex 57.97071191883289 39.07845397104645 -3
  endloop
endfacet
facet normal 0.38607072920710916 -0.9224691821678874 0
  outer loop
    vertex 59.36009382454125 39.377202785133285 -1.7999999999999998
    vertex 60.10046807368301 39.68706335476292 -3
    vertex 60.10046807368301 39.68706335476292 0
  endloop
endfacet
facet normal 0.38607072920710916 -0.9224691821678875 0
  outer loop
    vertex 59.36009382454125 39.377202785133285 -1.7999999999999998
    vertex 60.10046807368301 39.68706335476292 0
    vertex 59.36009382454125 39.377202785133285 -0.6000000000000001
  endloop
endfacet
facet normal 0.2532535979153424 -0.9673999251307258 0
  outer loop
    vertex 59.36009382454125 39.377202785133285 -1.7999999999999998
    vertex 58.326070770348295 39.106508057958905 -0.6000000000000001
    vertex 58.326070770348295 39.106508057958905 -1.7999999999999998
  endloop
endfacet
facet normal 0.2532535979153424 -0.9673999251307258 0
  outer loop
    vertex 59.36009382454125 39.377202785133285 -1.7999999999999998
    vertex 59.36009382454125 39.377202785133285 -0.6000000000000001
    vertex 58.326070770348295 39.106508057958905 -0.6000000000000001
  endloop
endfacet
facet normal 0.32165777259379136 -0.94680351778396 -0.009968753278096112
  outer loop
    vertex 59.36009382454125 39.377202785133285 -2.4
    vertex 58.9529065747797 39.2451862796258 -3
    vertex 59.53569902882019 39.44317849145227 -3
  endloop
endfacet
facet normal 0.39640097276152086 -0.9179536430846772 0.01507905637926244
  outer loop
    vertex 59.36009382454125 39.377202785133285 -2.4
    vertex 59.53569902882019 39.44317849145227 -3
    vertex 60.10046807368301 39.68706335476292 -3
  endloop
endfacet
facet normal 0.3860707292071091 -0.9224691821678873 0
  outer loop
    vertex 59.36009382454125 39.377202785133285 -2.4
    vertex 60.10046807368301 39.68706335476292 -3
    vertex 59.36009382454125 39.377202785133285 -1.7999999999999998
  endloop
endfacet
facet normal 0.25325359791534247 -0.967399925130726 0
  outer loop
    vertex 59.36009382454125 39.377202785133285 -2.4
    vertex 59.36009382454125 39.377202785133285 -1.7999999999999998
    vertex 58.326070770348295 39.106508057958905 -1.7999999999999998
  endloop
endfacet
facet normal 0.25325359791534247 -0.967399925130726 0
  outer loop
    vertex 59.36009382454125 39.377202785133285 -2.4
    vertex 58.326070770348295 39.106508057958905 -1.7999999999999998
    vertex 58.326070770348295 39.106508057958905 -2.4
  endloop
endfacet
facet normal 0.25304115948762623 -0.9665884345112077 0.04095082263313635
  outer loop
    vertex 59.36009382454125 39.377202785133285 -2.4
    vertex 58.326070770348295 39.106508057958905 -2.4
    vertex 58.9529065747797 39.2451862796258 -3
  endloop
endfacet
facet normal 0 0 -0.9999999999999999
  outer loop
    vertex 25.84267651373883 26.701182699142326 -3
    vertex 26.129378037039476 25.61577713298764 -3
    vertex 25.615777132987613 26.129378037039494 -3
  endloop
endfacet
facet normal 0 0 -1
  outer loop
    vertex 26.81803013331764 25.89512418425852 -3
    vertex 26.129378037039476 25.61577713298764 -3
    vertex 25.84267651373883 26.701182699142326 -3
  endloop
endfacet
facet normal 0 0 -0.9999999999999999
  outer loop
    vertex 28.105846827745758 24.642980011935027 -3
    vertex 28.558813418633825 23.61578758885093 -3
    vertex 27.971190911313144 24.042720330832537 -3
  endloop
endfacet
facet normal 0 0 -1
  outer loop
    vertex 23.929343418130617 29.088083333244835 -3
    vertex 24.042720330832523 27.971190911313172 -3
    vertex 23.615787588850907 28.558813418633843 -3
  endloop
endfacet
facet normal 0 0 -1
  outer loop
    vertex 23.929343418130617 29.088083333244835 -3
    vertex 24.766593483578994 28.139369814552943 -3
    vertex 24.042720330832523 27.971190911313172 -3
  endloop
endfacet
facet normal 0 0 -1
  outer loop
    vertex 29.19528755832804 23.99942433665092 -3
    vertex 28.558813418633825 23.61578758885093 -3
    vertex 28.105846827745758 24.642980011935027 -3
  endloop
endfacet
facet normal 0 0 -1
  outer loop
    vertex 26.114771374410807 27.25328083102368 -3
    vertex 26.81803013331764 25.89512418425852 -3
    vertex 25.84267651373883 26.701182699142326 -3
  endloop
endfacet
facet normal 0 0 -1
  outer loop
    vertex 28.28822457325667 25.23084591362783 -3
    vertex 29.19528755832804 23.99942433665092 -3
    vertex 28.105846827745758 24.642980011935027 -3
  endloop
endfacet
facet normal 0 0 -1
  outer loop
    vertex 30.66312759598909 22.964155052565108 -3
    vertex 31.27120571368694 22.02046865906444 -3
    vertex 30.624030819434974 22.350220737959674 -3
  endloop
endfacet
facet normal 0 0 -1
  outer loop
    vertex 27.474114681878874 26.243929977509012 -3
    vertex 26.81803013331764 25.89512418425852 -3
    vertex 26.114771374410807 27.25328083102368 -3
  endloop
endfacet
facet normal 0 0 -1
  outer loop
    vertex 24.28445551546264 29.590819206998866 -3
    vertex 24.766593483578994 28.139369814552943 -3
    vertex 23.929343418130617 29.088083333244835 -3
  endloop
endfacet
facet normal 0 0 -1
  outer loop
    vertex 24.28445551546264 29.590819206998866 -3
    vertex 25.46916579030762 28.38124699430316 -3
    vertex 24.766593483578994 28.139369814552943 -3
  endloop
endfacet
facet normal 0 0 -1
  outer loop
    vertex 26.417938692420158 27.736761564125814 -3
    vertex 27.474114681878874 26.243929977509012 -3
    vertex 26.114771374410807 27.25328083102368 -3
  endloop
endfacet
facet normal 0 0 -0.9999999999999999
  outer loop
    vertex 22.412960151724103 31.74490849896288 -3
    vertex 22.350220737959667 30.624030819435 -3
    vertex 22.02046865906442 31.27120571368696 -3
  endloop
endfacet
facet normal 0 0 -1
  outer loop
    vertex 22.412960151724103 31.74490849896288 -3
    vertex 23.091490787756562 30.676900451892124 -3
    vertex 22.350220737959667 30.624030819435 -3
  endloop
endfacet
facet normal 0 0 -1
  outer loop
    vertex 29.788729369716517 24.44656998715181 -3
    vertex 29.19528755832804 23.99942433665092 -3
    vertex 28.28822457325667 25.23084591362783 -3
  endloop
endfacet
facet normal 0 0 -1
  outer loop
    vertex 28.512026348663973 25.755800013825898 -3
    vertex 29.788729369716517 24.44656998715181 -3
    vertex 28.28822457325667 25.23084591362783 -3
  endloop
endfacet
facet normal 0 0 -1
  outer loop
    vertex 27.82662394102401 26.48391781951587 -3
    vertex 27.474114681878874 26.243929977509012 -3
    vertex 26.417938692420158 27.736761564125814 -3
  endloop
endfacet
facet normal 0 0 -1
  outer loop
    vertex 31.839829791141376 22.49894869344533 -3
    vertex 30.66312759598909 22.964155052565108 -3
    vertex 30.751297480967388 23.573313514554304 -3
  endloop
endfacet
facet normal 0 0 -1
  outer loop
    vertex 31.839829791141376 22.49894869344533 -3
    vertex 31.27120571368694 22.02046865906444 -3
    vertex 30.66312759598909 22.964155052565108 -3
  endloop
endfacet
facet normal 0 0 -1
  outer loop
    vertex 24.65952339055017 30.02092167277592 -3
    vertex 25.46916579030762 28.38124699430316 -3
    vertex 24.28445551546264 29.590819206998866 -3
  endloop
endfacet
facet normal 0 0 -0.9999999999999999
  outer loop
    vertex 24.65952339055017 30.02092167277592 -3
    vertex 25.854877445197353 28.563135590361686 -3
    vertex 25.46916579030762 28.38124699430316 -3
  endloop
endfacet
facet normal 0 0 -1
  outer loop
    vertex 26.69139033003625 28.065694878727488 -3
    vertex 28.06569487872747 26.691390330036267 -3
    vertex 27.82662394102401 26.48391781951587 -3
  endloop
endfacet
facet normal 0 0 -0.9999999999999999
  outer loop
    vertex 26.69139033003625 28.065694878727488 -3
    vertex 27.82662394102401 26.48391781951587 -3
    vertex 26.417938692420158 27.736761564125814 -3
  endloop
endfacet
facet normal 0 0 -1
  outer loop
    vertex 26.72256103175225 28.0936588629989 -3
    vertex 28.06569487872747 26.691390330036267 -3
    vertex 26.69139033003625 28.065694878727488 -3
  endloop
endfacet
facet normal 0 0 -1
  outer loop
    vertex 28.093658862998886 26.722561031752267 -3
    vertex 28.06569487872747 26.691390330036267 -3
    vertex 26.72256103175225 28.0936588629989 -3
  endloop
endfacet
facet normal 0 0 -1
  outer loop
    vertex 30.099356285244397 24.73874777796152 -3
    vertex 29.788729369716517 24.44656998715181 -3
    vertex 28.512026348663973 25.755800013825898 -3
  endloop
endfacet
facet normal 0 0 -0.9999999999999999
  outer loop
    vertex 28.730654835750492 26.123460874136285 -3
    vertex 30.099356285244397 24.73874777796152 -3
    vertex 28.512026348663973 25.755800013825898 -3
  endloop
endfacet
facet normal 0 0 -1
  outer loop
    vertex 22.842345447330974 32.18590308889358 -3
    vertex 23.091490787756562 30.676900451892124 -3
    vertex 22.412960151724103 31.74490849896288 -3
  endloop
endfacet
facet normal 0 0 -1
  outer loop
    vertex 22.842345447330974 32.18590308889358 -3
    vertex 23.823251190757123 30.805893199232273 -3
    vertex 23.091490787756562 30.676900451892124 -3
  endloop
endfacet
facet normal 0 0 -1
  outer loop
    vertex 33.45155007882646 21.70604606323374 -3
    vertex 34.19976682198069 20.869102390239487 -3
    vertex 33.50897513454426 21.093554215481543 -3
  endloop
endfacet
facet normal 0 0 -1
  outer loop
    vertex 30.30302801179654 24.98106489184397 -3
    vertex 30.099356285244397 24.73874777796152 -3
    vertex 28.730654835750492 26.123460874136285 -3
  endloop
endfacet
facet normal 0 0 -1
  outer loop
    vertex 24.981064891843957 30.30302801179656 -3
    vertex 25.854877445197353 28.563135590361686 -3
    vertex 24.65952339055017 30.02092167277592 -3
  endloop
endfacet
facet normal 0 0 -1
  outer loop
    vertex 24.981064891843957 30.30302801179656 -3
    vertex 26.123460874136267 28.730654835750514 -3
    vertex 25.854877445197353 28.563135590361686 -3
  endloop
endfacet
facet normal 0 0 -1
  outer loop
    vertex 25.01622636141691 30.32577154097015 -3
    vertex 26.123460874136267 28.730654835750514 -3
    vertex 24.981064891843957 30.30302801179656 -3
  endloop
endfacet
facet normal 0 0 -1
  outer loop
    vertex 25.01622636141691 30.32577154097015 -3
    vertex 26.155956747405604 28.757067243483682 -3
    vertex 26.123460874136267 28.730654835750514 -3
  endloop
endfacet
facet normal 0 0 -0.9999999999999999
  outer loop
    vertex 30.325771540970134 25.016226361416926 -3
    vertex 30.30302801179654 24.98106489184397 -3
    vertex 28.730654835750492 26.123460874136285 -3
  endloop
endfacet
facet normal 0 0 -1
  outer loop
    vertex 30.325771540970134 25.016226361416926 -3
    vertex 28.730654835750492 26.123460874136285 -3
    vertex 28.75706724348366 26.155956747405618 -3
  endloop
endfacet
facet normal 0 0 -1
  outer loop
    vertex 32.35601635844026 23.03342399128995 -3
    vertex 30.751297480967388 23.573313514554304 -3
    vertex 30.890222971306578 24.12681486967901 -3
  endloop
endfacet
facet normal 0 0 -1
  outer loop
    vertex 32.35601635844026 23.03342399128995 -3
    vertex 31.839829791141376 22.49894869344533 -3
    vertex 30.751297480967388 23.573313514554304 -3
  endloop
endfacet
facet normal 0 0 -0.9999999999999999
  outer loop
    vertex 23.280078463632556 32.552036737209164 -3
    vertex 23.823251190757123 30.805893199232273 -3
    vertex 22.842345447330974 32.18590308889358 -3
  endloop
endfacet
facet normal 0 0 -1
  outer loop
    vertex 23.280078463632556 32.552036737209164 -3
    vertex 24.232667740344056 30.92520384845382 -3
    vertex 23.823251190757123 30.805893199232273 -3
  endloop
endfacet
facet normal 0 0 -1
  outer loop
    vertex 21.330865103124413 34.6062383432177 -3
    vertex 21.09355421548154 33.50897513454428 -3
    vertex 20.869102390239473 34.19976682198072 -3
  endloop
endfacet
facet normal 0 0 -1
  outer loop
    vertex 21.330865103124413 34.6062383432177 -3
    vertex 21.833968633568617 33.44523367040341 -3
    vertex 21.09355421548154 33.50897513454428 -3
  endloop
endfacet
facet normal 0 0 -1
  outer loop
    vertex 32.61711226478111 23.370597344012527 -3
    vertex 30.890222971306578 24.12681486967901 -3
    vertex 31.04864494892513 24.524150245121092 -3
  endloop
endfacet
facet normal 0 0 -1
  outer loop
    vertex 32.61711226478111 23.370597344012527 -3
    vertex 32.35601635844026 23.03342399128995 -3
    vertex 30.890222971306578 24.12681486967901 -3
  endloop
endfacet
facet normal 0 0 -1
  outer loop
    vertex 34.686539425253294 21.43064394477064 -3
    vertex 34.19976682198069 20.869102390239487 -3
    vertex 33.45155007882646 21.70604606323374 -3
  endloop
endfacet
facet normal 0 0 -1
  outer loop
    vertex 34.686539425253294 21.43064394477064 -3
    vertex 33.45155007882646 21.70604606323374 -3
    vertex 33.44334106808515 22.321497582504676 -3
  endloop
endfacet
facet normal 0 0 -1
  outer loop
    vertex 32.78036970632436 23.641792409706614 -3
    vertex 32.61711226478111 23.370597344012527 -3
    vertex 31.04864494892513 24.524150245121092 -3
  endloop
endfacet
facet normal 0 0 -0.9999999999999999
  outer loop
    vertex 23.641792409706603 32.78036970632438 -3
    vertex 24.232667740344056 30.92520384845382 -3
    vertex 23.280078463632556 32.552036737209164 -3
  endloop
endfacet
facet normal 0 0 -1
  outer loop
    vertex 23.641792409706603 32.78036970632438 -3
    vertex 24.524150245121074 31.048644948925148 -3
    vertex 24.232667740344056 30.92520384845382 -3
  endloop
endfacet
facet normal 0 0 -1
  outer loop
    vertex 23.641792409706603 32.78036970632438 -3
    vertex 24.56037785114082 31.069648701539343 -3
    vertex 24.524150245121074 31.048644948925148 -3
  endloop
endfacet
facet normal 0 0 -1
  outer loop
    vertex 32.79733275923043 23.68007885506141 -3
    vertex 31.04864494892513 24.524150245121092 -3
    vertex 31.06964870153932 24.560377851140828 -3
  endloop
endfacet
facet normal 0 0 -1
  outer loop
    vertex 32.79733275923043 23.68007885506141 -3
    vertex 32.78036970632436 23.641792409706614 -3
    vertex 31.04864494892513 24.524150245121092 -3
  endloop
endfacet
facet normal 0 0 -1
  outer loop
    vertex 23.680078855061392 32.79733275923044 -3
    vertex 24.56037785114082 31.069648701539343 -3
    vertex 23.641792409706603 32.78036970632438 -3
  endloop
endfacet
facet normal 0 0 -1
  outer loop
    vertex 21.82395070597917 34.974632898943064 -3
    vertex 21.833968633568617 33.44523367040341 -3
    vertex 21.330865103124413 34.6062383432177 -3
  endloop
endfacet
facet normal 0 0 -1
  outer loop
    vertex 21.82395070597917 34.974632898943064 -3
    vertex 22.57689876314569 33.45816575579159 -3
    vertex 21.833968633568617 33.44523367040341 -3
  endloop
endfacet
facet normal 0 0 -0.9999999999999999
  outer loop
    vertex 35.11276052205069 22.03928833430423 -3
    vertex 33.44334106808515 22.321497582504676 -3
    vertex 33.493969466716656 22.889917152226495 -3
  endloop
endfacet
facet normal 0 0 -1
  outer loop
    vertex 35.11276052205069 22.03928833430423 -3
    vertex 34.686539425253294 21.43064394477064 -3
    vertex 33.44334106808515 22.321497582504676 -3
  endloop
endfacet
facet normal 0 0 -1
  outer loop
    vertex 37.2723858496918 20.19003924108011 -3
    vertex 36.55498695302175 20.303664063818633 -3
    vertex 36.4024540604866 20.89963186268212 -3
  endloop
endfacet
facet normal 0 0 -1
  outer loop
    vertex 22.313570423881853 35.267782304248826 -3
    vertex 22.57689876314569 33.45816575579159 -3
    vertex 21.82395070597917 34.974632898943064 -3
  endloop
endfacet
facet normal 0 0 -0.9999999999999999
  outer loop
    vertex 22.313570423881853 35.267782304248826 -3
    vertex 22.999939013205932 33.51196063402365 -3
    vertex 22.57689876314569 33.45816575579159 -3
  endloop
endfacet
facet normal 0 0 -1
  outer loop
    vertex 35.3178963714624 22.41315492198177 -3
    vertex 33.493969466716656 22.889917152226495 -3
    vertex 33.58828406000566 23.307143327175922 -3
  endloop
endfacet
facet normal 0 0 -1
  outer loop
    vertex 35.3178963714624 22.41315492198177 -3
    vertex 35.11276052205069 22.03928833430423 -3
    vertex 33.493969466716656 22.889917152226495 -3
  endloop
endfacet
facet normal 0 0 -1
  outer loop
    vertex 35.43671958796595 22.706550216924953 -3
    vertex 35.3178963714624 22.41315492198177 -3
    vertex 33.58828406000566 23.307143327175922 -3
  endloop
endfacet
facet normal 0 0 -1
  outer loop
    vertex 22.706550216924946 35.43671958796597 -3
    vertex 23.30714332717591 33.588284060005684 -3
    vertex 22.999939013205932 33.51196063402365 -3
  endloop
endfacet
facet normal 0 0 -0.9999999999999999
  outer loop
    vertex 22.706550216924946 35.43671958796597 -3
    vertex 22.999939013205932 33.51196063402365 -3
    vertex 22.313570423881853 35.267782304248826 -3
  endloop
endfacet
facet normal 0 0 -1
  outer loop
    vertex 35.447484477944805 22.74701889871153 -3
    vertex 33.58828406000566 23.307143327175922 -3
    vertex 33.60336197540406 23.34621062205333 -3
  endloop
endfacet
facet normal 0 0 -1
  outer loop
    vertex 35.447484477944805 22.74701889871153 -3
    vertex 35.43671958796595 22.706550216924953 -3
    vertex 33.58828406000566 23.307143327175922 -3
  endloop
endfacet
facet normal 0 0 -1
  outer loop
    vertex 22.747018898711516 35.44748447794482 -3
    vertex 23.346210622053327 33.603361975404084 -3
    vertex 23.30714332717591 33.588284060005684 -3
  endloop
endfacet
facet normal 0 0 -1
  outer loop
    vertex 22.747018898711516 35.44748447794482 -3
    vertex 23.30714332717591 33.588284060005684 -3
    vertex 22.706550216924946 35.43671958796597 -3
  endloop
endfacet
facet normal 0 0 -1
  outer loop
    vertex 20.709703043696894 37.60161742903586 -3
    vertex 20.303664063818633 36.554986953021775 -3
    vertex 20.190039241080104 37.27238584969183 -3
  endloop
endfacet
facet normal 0 0 -1
  outer loop
    vertex 20.709703043696894 37.60161742903586 -3
    vertex 21.024991389928015 36.37620391867585 -3
    vertex 20.303664063818633 36.554986953021775 -3
  endloop
endfacet
facet normal 0 0 -1
  outer loop
    vertex 37.66532102178436 20.82081529903939 -3
    vertex 36.4024540604866 20.89963186268212 -3
    vertex 36.298068287114226 21.506221980263973 -3
  endloop
endfacet
facet normal 0 0 -1
  outer loop
    vertex 37.66532102178436 20.82081529903939 -3
    vertex 37.2723858496918 20.19003924108011 -3
    vertex 36.4024540604866 20.89963186268212 -3
  endloop
endfacet
facet normal 0 0 -1
  outer loop
    vertex 21.254347549800464 37.888340853962895 -3
    vertex 21.760797840647683 36.27275691125068 -3
    vertex 21.024991389928015 36.37620391867585 -3
  endloop
endfacet
facet normal 0 0 -1
  outer loop
    vertex 21.254347549800464 37.888340853962895 -3
    vertex 21.024991389928015 36.37620391867585 -3
    vertex 20.709703043696894 37.60161742903586 -3
  endloop
endfacet
facet normal 0 0 -1
  outer loop
    vertex 37.99108167013039 21.488641935416727 -3
    vertex 37.66532102178436 20.82081529903939 -3
    vertex 36.298068287114226 21.506221980263973 -3
  endloop
endfacet
facet normal 0 0 -1
  outer loop
    vertex 37.99108167013039 21.488641935416727 -3
    vertex 36.298068287114226 21.506221980263973 -3
    vertex 36.259152954837795 22.075563388299855 -3
  endloop
endfacet
facet normal 0 0 -1
  outer loop
    vertex 21.78379790689433 38.10128770499256 -3
    vertex 21.760797840647683 36.27275691125068 -3
    vertex 21.254347549800464 37.888340853962895 -3
  endloop
endfacet
facet normal 0 0 -1
  outer loop
    vertex 21.78379790689433 38.10128770499256 -3
    vertex 22.18704513623168 36.25971141005554 -3
    vertex 21.760797840647683 36.27275691125068 -3
  endloop
endfacet
facet normal 0 0 -0.9999999999999999
  outer loop
    vertex 38.1352063371919 21.889995921864703 -3
    vertex 37.99108167013039 21.488641935416727 -3
    vertex 36.259152954837795 22.075563388299855 -3
  endloop
endfacet
facet normal 0 0 -1
  outer loop
    vertex 38.1352063371919 21.889995921864703 -3
    vertex 36.259152954837795 22.075563388299855 -3
    vertex 36.287037825498324 22.50240686963499 -3
  endloop
endfacet
facet normal 0 0 -1
  outer loop
    vertex 38.20666950671547 22.198367080176162 -3
    vertex 38.1352063371919 21.889995921864703 -3
    vertex 36.287037825498324 22.50240686963499 -3
  endloop
endfacet
facet normal 0 0 -0.9999999999999999
  outer loop
    vertex 22.198367080176155 38.20666950671549 -3
    vertex 22.18704513623168 36.25971141005554 -3
    vertex 21.78379790689433 38.10128770499256 -3
  endloop
endfacet
facet normal 0 0 -1
  outer loop
    vertex 22.198367080176155 38.20666950671549 -3
    vertex 22.50240686963498 36.287037825498345 -3
    vertex 22.18704513623168 36.25971141005554 -3
  endloop
endfacet
facet normal 0 0 -1
  outer loop
    vertex 22.198367080176155 38.20666950671549 -3
    vertex 22.543351886913268 36.295818635363105 -3
    vertex 22.50240686963498 36.287037825498345 -3
  endloop
endfacet
facet normal 0 0 -1
  outer loop
    vertex 40.41340471892012 20 -3
    vertex 39.687063354762905 19.999999999999996 -3
    vertex 39.44317849145223 20.564769044862935 -3
  endloop
endfacet
facet normal 0 0 -1
  outer loop
    vertex 38.21097116644921 22.240021525141078 -3
    vertex 38.20666950671547 22.198367080176162 -3
    vertex 36.287037825498324 22.50240686963499 -3
  endloop
endfacet
facet normal 0 0 -1
  outer loop
    vertex 38.21097116644921 22.240021525141078 -3
    vertex 36.287037825498324 22.50240686963499 -3
    vertex 36.295818635363084 22.543351886913268 -3
  endloop
endfacet
facet normal 0 0 -1
  outer loop
    vertex 22.240021525141064 38.21097116644923 -3
    vertex 22.543351886913268 36.295818635363105 -3
    vertex 22.198367080176155 38.20666950671549 -3
  endloop
endfacet
facet normal 0 0 -0.9999999999999999
  outer loop
    vertex 20.56476904486285 40.65728958223079 -3
    vertex 20.000000000000004 39.68706335476292 -3
    vertex 20 40.41340471892014 -3
  endloop
endfacet
facet normal 0 0 -1
  outer loop
    vertex 20.56476904486285 40.65728958223079 -3
    vertex 20.68447876141473 39.397640981864406 -3
    vertex 20.000000000000004 39.68706335476292 -3
  endloop
endfacet
facet normal 0 0 -1
  outer loop
    vertex 40.702827091818634 20.684478761414734 -3
    vertex 40.41340471892012 20 -3
    vertex 39.44317849145223 20.564769044862935 -3
  endloop
endfacet
facet normal 0 0 -1
  outer loop
    vertex 40.702827091818634 20.684478761414734 -3
    vertex 39.44317849145223 20.564769044862935 -3
    vertex 39.245186279625706 21.147561498903528 -3
  endloop
endfacet
facet normal 0 0 -1
  outer loop
    vertex 21.147561498903368 40.855281794057284 -3
    vertex 20.68447876141473 39.397640981864406 -3
    vertex 20.56476904486285 40.65728958223079 -3
  endloop
endfacet
facet normal 0 0 -1
  outer loop
    vertex 21.147561498903368 40.855281794057284 -3
    vertex 21.39504353645867 39.180362090269625 -3
    vertex 20.68447876141473 39.397640981864406 -3
  endloop
endfacet
facet normal 0 0 -0.9999999999999999
  outer loop
    vertex 40.92010598341342 21.39504353645867 -3
    vertex 39.245186279625706 21.147561498903528 -3
    vertex 39.117685441074585 21.70380567025196 -3
  endloop
endfacet
facet normal 0 0 -1
  outer loop
    vertex 40.92010598341342 21.39504353645867 -3
    vertex 40.702827091818634 20.684478761414734 -3
    vertex 39.245186279625706 21.147561498903528 -3
  endloop
endfacet
facet normal 0 0 -1
  outer loop
    vertex 21.70380567025188 40.982782632608455 -3
    vertex 21.81400225451843 39.10079743318218 -3
    vertex 21.39504353645867 39.180362090269625 -3
  endloop
endfacet
facet normal 0 0 -0.9999999999999999
  outer loop
    vertex 21.70380567025188 40.982782632608455 -3
    vertex 21.39504353645867 39.180362090269625 -3
    vertex 21.147561498903368 40.855281794057284 -3
  endloop
endfacet
facet normal 0 0 -1
  outer loop
    vertex 40.999670640499886 21.814002254511333 -3
    vertex 39.117685441074585 21.70380567025196 -3
    vertex 39.078453971046436 22.129756154850128 -3
  endloop
endfacet
facet normal 0 0 -1
  outer loop
    vertex 40.999670640499886 21.814002254511333 -3
    vertex 40.92010598341342 21.39504353645867 -3
    vertex 39.117685441074585 21.70380567025196 -3
  endloop
endfacet
facet normal 0 0 -1
  outer loop
    vertex 41.02201410263659 22.129756154850128 -3
    vertex 39.078453971046436 22.129756154850128 -3
    vertex 39.08072146269685 22.171570692315164 -3
  endloop
endfacet
facet normal 0 0 -1
  outer loop
    vertex 41.02201410263659 22.129756154850128 -3
    vertex 40.999670640499886 21.814002254511333 -3
    vertex 39.078453971046436 22.129756154850128 -3
  endloop
endfacet
facet normal 0 0 -0.9999999999999999
  outer loop
    vertex 22.129756154850124 41.02201410263661 -3
    vertex 22.129756154850124 39.07845397104645 -3
    vertex 21.81400225451843 39.10079743318218 -3
  endloop
endfacet
facet normal 0 0 -1
  outer loop
    vertex 22.129756154850124 41.02201410263661 -3
    vertex 21.81400225451843 39.10079743318218 -3
    vertex 21.70380567025188 40.982782632608455 -3
  endloop
endfacet
facet normal 0 0 -1
  outer loop
    vertex 41.01974661098618 22.17157069231517 -3
    vertex 41.02201410263659 22.129756154850128 -3
    vertex 39.08072146269685 22.171570692315164 -3
  endloop
endfacet
facet normal 0 0 -1
  outer loop
    vertex 22.171570692315157 41.019746610986196 -3
    vertex 22.171570692315164 39.08072146269687 -3
    vertex 22.129756154850124 39.07845397104645 -3
  endloop
endfacet
facet normal 0 0 -0.9999999999999999
  outer loop
    vertex 22.171570692315157 41.019746610986196 -3
    vertex 22.129756154850124 39.07845397104645 -3
    vertex 22.129756154850124 41.02201410263661 -3
  endloop
endfacet
facet normal 0 0 -1
  outer loop
    vertex 43.54548112066127 20.30366406381863 -3
    vertex 42.82808222399122 20.1900392410801 -3
    vertex 42.498850644647156 20.709703043696955 -3
  endloop
endfacet
facet normal 0 0 -1
  outer loop
    vertex 20.8996318626821 43.69801401319645 -3
    vertex 20.19003924108011 42.82808222399124 -3
    vertex 20.303664063818633 43.54548112066129 -3
  endloop
endfacet
facet normal 0 0 -1
  outer loop
    vertex 20.8996318626821 43.69801401319645 -3
    vertex 20.820815299039385 42.43514705189868 -3
    vertex 20.19003924108011 42.82808222399124 -3
  endloop
endfacet
facet normal 0 0 -0.9999999999999999
  outer loop
    vertex 43.7242641550072 21.024991389928015 -3
    vertex 42.498850644647156 20.709703043696955 -3
    vertex 42.212127219720095 21.25434754980058 -3
  endloop
endfacet
facet normal 0 0 -1
  outer loop
    vertex 43.7242641550072 21.024991389928015 -3
    vertex 43.54548112066127 20.30366406381863 -3
    vertex 42.498850644647156 20.709703043696955 -3
  endloop
endfacet
facet normal 0 0 -0.9999999999999999
  outer loop
    vertex 21.506221980263916 43.802399786568806 -3
    vertex 21.488641935416723 42.109386403552655 -3
    vertex 20.820815299039385 42.43514705189868 -3
  endloop
endfacet
facet normal 0 0 -1
  outer loop
    vertex 21.506221980263916 43.802399786568806 -3
    vertex 20.820815299039385 42.43514705189868 -3
    vertex 20.8996318626821 43.69801401319645 -3
  endloop
endfacet
facet normal 0 0 -1
  outer loop
    vertex 43.82771116243237 21.760797840647683 -3
    vertex 43.7242641550072 21.024991389928015 -3
    vertex 42.212127219720095 21.25434754980058 -3
  endloop
endfacet
facet normal 0 0 -1
  outer loop
    vertex 43.82771116243237 21.760797840647683 -3
    vertex 42.212127219720095 21.25434754980058 -3
    vertex 41.999180368690475 21.78379790689438 -3
  endloop
endfacet
facet normal 0 0 -0.9999999999999999
  outer loop
    vertex 22.075563388299834 43.84131511884525 -3
    vertex 21.488641935416723 42.109386403552655 -3
    vertex 21.506221980263916 43.802399786568806 -3
  endloop
endfacet
facet normal 0 0 -1
  outer loop
    vertex 22.075563388299834 43.84131511884525 -3
    vertex 21.889995921862194 41.965261736491904 -3
    vertex 21.488641935416723 42.109386403552655 -3
  endloop
endfacet
facet normal 0 0 -1
  outer loop
    vertex 43.8407566636275 22.187045136232125 -3
    vertex 43.82771116243237 21.760797840647683 -3
    vertex 41.999180368690475 21.78379790689438 -3
  endloop
endfacet
facet normal 0 0 -1
  outer loop
    vertex 43.8407566636275 22.187045136232125 -3
    vertex 41.999180368690475 21.78379790689438 -3
    vertex 41.893798566967554 22.19836708017616 -3
  endloop
endfacet
facet normal 0 0 -1
  outer loop
    vertex 43.8134302481847 22.502406869634985 -3
    vertex 43.8407566636275 22.187045136232125 -3
    vertex 41.893798566967554 22.19836708017616 -3
  endloop
endfacet
facet normal 0 0 -1
  outer loop
    vertex 22.502406869634985 43.813430248184716 -3
    vertex 21.889995921862194 41.965261736491904 -3
    vertex 22.075563388299834 43.84131511884525 -3
  endloop
endfacet
facet normal 0 0 -1
  outer loop
    vertex 22.502406869634985 43.813430248184716 -3
    vertex 22.19836708017616 41.89379856696757 -3
    vertex 21.889995921862194 41.965261736491904 -3
  endloop
endfacet
facet normal 0 0 -1
  outer loop
    vertex 43.80464943831994 22.543351886913275 -3
    vertex 43.8134302481847 22.502406869634985 -3
    vertex 41.893798566967554 22.19836708017616 -3
  endloop
endfacet
facet normal 0 0 -1
  outer loop
    vertex 43.80464943831994 22.543351886913275 -3
    vertex 41.893798566967554 22.19836708017616 -3
    vertex 41.88949690723381 22.24002152514107 -3
  endloop
endfacet
facet normal 0 0 -1
  outer loop
    vertex 22.54335188691326 43.80464943831996 -3
    vertex 22.19836708017616 41.89379856696757 -3
    vertex 22.502406869634985 43.813430248184716 -3
  endloop
endfacet
facet normal 0 0 -1
  outer loop
    vertex 22.54335188691326 43.80464943831996 -3
    vertex 22.24002152514107 41.889496907233834 -3
    vertex 22.19836708017616 41.89379856696757 -3
  endloop
endfacet
facet normal 0 0 -1
  outer loop
    vertex 46.59149293913877 21.093554215481536 -3
    vertex 45.90070125170234 20.86910239023947 -3
    vertex 45.494229730465406 21.330865103124356 -3
  endloop
endfacet
facet normal 0 0 -1
  outer loop
    vertex 21.70604606323412 46.64891799485661 -3
    vertex 20.869102390239483 45.900701251702344 -3
    vertex 21.093554215481543 46.59149293913879 -3
  endloop
endfacet
facet normal 0 0 -1
  outer loop
    vertex 21.70604606323412 46.64891799485661 -3
    vertex 21.43064394477063 45.413928648429746 -3
    vertex 20.869102390239483 45.900701251702344 -3
  endloop
endfacet
facet normal 0 0 -1
  outer loop
    vertex 46.655234403279636 21.833968633568617 -3
    vertex 46.59149293913877 21.093554215481536 -3
    vertex 45.494229730465406 21.330865103124356 -3
  endloop
endfacet
facet normal 0 0 -1
  outer loop
    vertex 46.655234403279636 21.833968633568617 -3
    vertex 45.494229730465406 21.330865103124356 -3
    vertex 45.12583517474007 21.823950705979048 -3
  endloop
endfacet
facet normal 0 0 -0.9999999999999999
  outer loop
    vertex 22.32149758250544 46.65712700559787 -3
    vertex 22.039288334304228 44.987707551632354 -3
    vertex 21.43064394477063 45.413928648429746 -3
  endloop
endfacet
facet normal 0 0 -0.9999999999999999
  outer loop
    vertex 22.32149758250544 46.65712700559787 -3
    vertex 21.43064394477063 45.413928648429746 -3
    vertex 21.70604606323412 46.64891799485661 -3
  endloop
endfacet
facet normal 0 0 -1
  outer loop
    vertex 46.642302317891456 22.576898763145692 -3
    vertex 46.655234403279636 21.833968633568617 -3
    vertex 45.12583517474007 21.823950705979048 -3
  endloop
endfacet
facet normal 0 0 -1
  outer loop
    vertex 46.642302317891456 22.576898763145692 -3
    vertex 45.12583517474007 21.823950705979048 -3
    vertex 44.832685769434256 22.3135704238818 -3
  endloop
endfacet
facet normal 0 0 -1
  outer loop
    vertex 22.88991715222682 46.60649860696634 -3
    vertex 22.039288334304228 44.987707551632354 -3
    vertex 22.32149758250544 46.65712700559787 -3
  endloop
endfacet
facet normal 0 0 -1
  outer loop
    vertex 22.88991715222682 46.60649860696634 -3
    vertex 22.413154921983026 44.78257170222003 -3
    vertex 22.039288334304228 44.987707551632354 -3
  endloop
endfacet
facet normal 0 0 -1
  outer loop
    vertex 46.588507439660155 22.99993901320171 -3
    vertex 46.642302317891456 22.576898763145692 -3
    vertex 44.832685769434256 22.3135704238818 -3
  endloop
endfacet
facet normal 0 0 -1
  outer loop
    vertex 46.588507439660155 22.99993901320171 -3
    vertex 44.832685769434256 22.3135704238818 -3
    vertex 44.66374848571708 22.70655021692495 -3
  endloop
endfacet
facet normal 0 0 -1
  outer loop
    vertex 46.51218401367736 23.307143327175915 -3
    vertex 46.588507439660155 22.99993901320171 -3
    vertex 44.66374848571708 22.70655021692495 -3
  endloop
endfacet
facet normal 0 0 -1
  outer loop
    vertex 23.30714332717592 46.51218401367738 -3
    vertex 22.70655021692495 44.66374848571709 -3
    vertex 22.413154921983026 44.78257170222003 -3
  endloop
endfacet
facet normal 0 0 -1
  outer loop
    vertex 23.30714332717592 46.51218401367738 -3
    vertex 22.413154921983026 44.78257170222003 -3
    vertex 22.88991715222682 46.60649860696634 -3
  endloop
endfacet
facet normal 0 0 -1
  outer loop
    vertex 46.49710609827897 23.346210622053334 -3
    vertex 46.51218401367736 23.307143327175915 -3
    vertex 44.66374848571708 22.70655021692495 -3
  endloop
endfacet
facet normal 0 0 -1
  outer loop
    vertex 46.49710609827897 23.346210622053334 -3
    vertex 44.66374848571708 22.70655021692495 -3
    vertex 44.65298359573823 22.747018898711524 -3
  endloop
endfacet
facet normal 0 0 -1
  outer loop
    vertex 23.346210622053324 46.497106098278984 -3
    vertex 22.747018898711524 44.652983595738235 -3
    vertex 22.70655021692495 44.66374848571709 -3
  endloop
endfacet
facet normal 0 0 -1
  outer loop
    vertex 23.346210622053324 46.497106098278984 -3
    vertex 22.70655021692495 44.66374848571709 -3
    vertex 23.30714332717592 46.51218401367738 -3
  endloop
endfacet
facet normal 0 0 -1
  outer loop
    vertex 49.476437254248054 22.350220737959663 -3
    vertex 48.82926235999609 22.02046865906442 -3
    vertex 48.3555595747209 22.412960151723468 -3
  endloop
endfacet
facet normal 0 0 -1
  outer loop
    vertex 22.964155052565243 49.437340477693944 -3
    vertex 22.020468659064434 48.82926235999609 -3
    vertex 22.350220737959674 49.47643725424807 -3
  endloop
endfacet
facet normal 0 0 -1
  outer loop
    vertex 22.964155052565243 49.437340477693944 -3
    vertex 22.498948693445325 48.26063828254166 -3
    vertex 22.020468659064434 48.82926235999609 -3
  endloop
endfacet
facet normal 0 0 -1
  outer loop
    vertex 49.42356762179092 23.091490787756562 -3
    vertex 48.3555595747209 22.412960151723468 -3
    vertex 47.914564984790786 22.842345447329564 -3
  endloop
endfacet
facet normal 0 0 -1
  outer loop
    vertex 49.42356762179092 23.091490787756562 -3
    vertex 49.476437254248054 22.350220737959663 -3
    vertex 48.3555595747209 22.412960151723468 -3
  endloop
endfacet
facet normal 0 0 -1
  outer loop
    vertex 23.57331351455457 49.349170592715595 -3
    vertex 23.033423991289947 47.74445171524279 -3
    vertex 22.498948693445325 48.26063828254166 -3
  endloop
endfacet
facet normal 0 0 -1
  outer loop
    vertex 23.57331351455457 49.349170592715595 -3
    vertex 22.498948693445325 48.26063828254166 -3
    vertex 22.964155052565243 49.437340477693944 -3
  endloop
endfacet
facet normal 0 0 -0.9999999999999999
  outer loop
    vertex 49.29457487445078 23.823251190757123 -3
    vertex 49.42356762179092 23.091490787756562 -3
    vertex 47.914564984790786 22.842345447329564 -3
  endloop
endfacet
facet normal 0 0 -1
  outer loop
    vertex 49.29457487445078 23.823251190757123 -3
    vertex 47.914564984790786 22.842345447329564 -3
    vertex 47.54843133647438 23.280078463631895 -3
  endloop
endfacet
facet normal 0 0 -0.9999999999999999
  outer loop
    vertex 24.126814869679112 49.210245102376426 -3
    vertex 23.37059734401538 47.48335580889994 -3
    vertex 23.033423991289947 47.74445171524279 -3
  endloop
endfacet
facet normal 0 0 -0.9999999999999999
  outer loop
    vertex 24.126814869679112 49.210245102376426 -3
    vertex 23.033423991289947 47.74445171524279 -3
    vertex 23.57331351455457 49.349170592715595 -3
  endloop
endfacet
facet normal 0 0 -0.9999999999999999
  outer loop
    vertex 49.175264225228865 24.232667740345114 -3
    vertex 49.29457487445078 23.823251190757123 -3
    vertex 47.54843133647438 23.280078463631895 -3
  endloop
endfacet
facet normal 0 0 -1
  outer loop
    vertex 49.175264225228865 24.232667740345114 -3
    vertex 47.54843133647438 23.280078463631895 -3
    vertex 47.32009836735867 23.641792409706607 -3
  endloop
endfacet
facet normal 0 0 -1
  outer loop
    vertex 49.0518231247579 24.524150245121078 -3
    vertex 49.175264225228865 24.232667740345114 -3
    vertex 47.32009836735867 23.641792409706607 -3
  endloop
endfacet
facet normal 0 0 -1
  outer loop
    vertex 49.0518231247579 24.524150245121078 -3
    vertex 47.32009836735867 23.641792409706607 -3
    vertex 47.303135314452604 23.6800788550614 -3
  endloop
endfacet
facet normal 0 0 -1
  outer loop
    vertex 24.524150245121085 49.05182312475792 -3
    vertex 23.641792409706607 47.32009836735868 -3
    vertex 23.37059734401538 47.48335580889994 -3
  endloop
endfacet
facet normal 0 0 -1
  outer loop
    vertex 24.524150245121085 49.05182312475792 -3
    vertex 23.680078855061403 47.30313531445261 -3
    vertex 23.641792409706607 47.32009836735868 -3
  endloop
endfacet
facet normal 0 0 -1
  outer loop
    vertex 24.524150245121085 49.05182312475792 -3
    vertex 23.37059734401538 47.48335580889994 -3
    vertex 24.126814869679112 49.210245102376426 -3
  endloop
endfacet
facet normal 0 0 -1
  outer loop
    vertex 49.03081937214371 24.560377851140828 -3
    vertex 49.0518231247579 24.524150245121078 -3
    vertex 47.303135314452604 23.6800788550614 -3
  endloop
endfacet
facet normal 0 0 -1
  outer loop
    vertex 24.56037785114082 49.030819372143725 -3
    vertex 23.680078855061403 47.30313531445261 -3
    vertex 24.524150245121085 49.05182312475792 -3
  endloop
endfacet
facet normal 0 0 -1
  outer loop
    vertex 37.407380708081035 37.83261678342298 -3
    vertex 26.155956747405604 28.757067243483682 -3
    vertex 25.01622636141691 30.32577154097015 -3
  endloop
endfacet
facet normal 0 0 -1
  outer loop
    vertex 37.407380708081035 37.83261678342298 -3
    vertex 26.72256103175225 28.0936588629989 -3
    vertex 26.155956747405604 28.757067243483682 -3
  endloop
endfacet
facet normal 0 0 -1
  outer loop
    vertex 37.83261678342295 37.407380708081064 -3
    vertex 28.75706724348366 26.155956747405618 -3
    vertex 28.093658862998886 26.722561031752267 -3
  endloop
endfacet
facet normal 0 0 -1
  outer loop
    vertex 37.83261678342295 37.407380708081064 -3
    vertex 26.72256103175225 28.0936588629989 -3
    vertex 37.407380708081035 37.83261678342298 -3
  endloop
endfacet
facet normal 0 0 -1
  outer loop
    vertex 37.83261678342295 37.407380708081064 -3
    vertex 30.325771540970134 25.016226361416926 -3
    vertex 28.75706724348366 26.155956747405618 -3
  endloop
endfacet
facet normal 0 0 -1
  outer loop
    vertex 37.83261678342295 37.407380708081064 -3
    vertex 28.093658862998886 26.722561031752267 -3
    vertex 26.72256103175225 28.0936588629989 -3
  endloop
endfacet
facet normal 0 0 -0.9999999999999999
  outer loop
    vertex 38.32523403684151 37.06244639378522 -3
    vertex 31.06964870153932 24.560377851140828 -3
    vertex 30.325771540970134 25.016226361416926 -3
  endloop
endfacet
facet normal 0 0 -1
  outer loop
    vertex 38.32523403684151 37.06244639378522 -3
    vertex 32.79733275923043 23.68007885506141 -3
    vertex 31.06964870153932 24.560377851140828 -3
  endloop
endfacet
facet normal 0 0 -1
  outer loop
    vertex 38.32523403684151 37.06244639378522 -3
    vertex 30.325771540970134 25.016226361416926 -3
    vertex 37.83261678342295 37.407380708081064 -3
  endloop
endfacet
facet normal 0 0 -1
  outer loop
    vertex 37.0624463937852 38.325234036841536 -3
    vertex 37.407380708081035 37.83261678342298 -3
    vertex 25.01622636141691 30.32577154097015 -3
  endloop
endfacet
facet normal 0 0 -0.9999999999999999
  outer loop
    vertex 37.0624463937852 38.325234036841536 -3
    vertex 24.56037785114082 31.069648701539343 -3
    vertex 23.680078855061392 32.79733275923044 -3
  endloop
endfacet
facet normal 0 0 -1
  outer loop
    vertex 37.0624463937852 38.325234036841536 -3
    vertex 25.01622636141691 30.32577154097015 -3
    vertex 24.56037785114082 31.069648701539343 -3
  endloop
endfacet
facet normal 0 0 -1
  outer loop
    vertex 38.87026454236795 36.80829449513015 -3
    vertex 33.60336197540406 23.34621062205333 -3
    vertex 32.79733275923043 23.68007885506141 -3
  endloop
endfacet
facet normal 0 0 -1
  outer loop
    vertex 38.87026454236795 36.80829449513015 -3
    vertex 35.447484477944805 22.74701889871153 -3
    vertex 33.60336197540406 23.34621062205333 -3
  endloop
endfacet
facet normal 0 0 -1
  outer loop
    vertex 38.87026454236795 36.80829449513015 -3
    vertex 32.79733275923043 23.68007885506141 -3
    vertex 38.32523403684151 37.06244639378522 -3
  endloop
endfacet
facet normal 0 0 -1
  outer loop
    vertex 36.80829449513013 38.87026454236798 -3
    vertex 37.0624463937852 38.325234036841536 -3
    vertex 23.680078855061392 32.79733275923044 -3
  endloop
endfacet
facet normal 0 0 -1
  outer loop
    vertex 36.80829449513013 38.87026454236798 -3
    vertex 23.680078855061392 32.79733275923044 -3
    vertex 23.346210622053327 33.603361975404084 -3
  endloop
endfacet
facet normal 0 0 -1
  outer loop
    vertex 36.80829449513013 38.87026454236798 -3
    vertex 23.346210622053327 33.603361975404084 -3
    vertex 22.747018898711516 35.44748447794482 -3
  endloop
endfacet
facet normal 0 0 -1
  outer loop
    vertex 39.4511478238906 36.65264728894942 -3
    vertex 35.447484477944805 22.74701889871153 -3
    vertex 38.87026454236795 36.80829449513015 -3
  endloop
endfacet
facet normal 0 0 -1
  outer loop
    vertex 39.4511478238906 36.65264728894942 -3
    vertex 38.21097116644921 22.240021525141078 -3
    vertex 36.295818635363084 22.543351886913268 -3
  endloop
endfacet
facet normal 0 0 -1
  outer loop
    vertex 39.4511478238906 36.65264728894942 -3
    vertex 36.295818635363084 22.543351886913268 -3
    vertex 35.447484477944805 22.74701889871153 -3
  endloop
endfacet
facet normal 0 0 -1
  outer loop
    vertex 36.652647288949396 39.45114782389063 -3
    vertex 22.543351886913268 36.295818635363105 -3
    vertex 22.240021525141064 38.21097116644923 -3
  endloop
endfacet
facet normal 0 0 -1
  outer loop
    vertex 36.652647288949396 39.45114782389063 -3
    vertex 36.80829449513013 38.87026454236798 -3
    vertex 22.747018898711516 35.44748447794482 -3
  endloop
endfacet
facet normal 0 0 -1
  outer loop
    vertex 36.652647288949396 39.45114782389063 -3
    vertex 22.747018898711516 35.44748447794482 -3
    vertex 22.543351886913268 36.295818635363105 -3
  endloop
endfacet
facet normal 0 0 -1
  outer loop
    vertex 52.12927716236988 24.042720330832523 -3
    vertex 51.541654655049214 23.61578758885091 -3
    vertex 51.01238474043872 23.9293434181303 -3
  endloop
endfacet
facet normal 0 0 -1
  outer loop
    vertex 24.64298001193501 51.99462124593728 -3
    vertex 23.615787588850925 51.541654655049214 -3
    vertex 24.042720330832534 52.12927716236989 -3
  endloop
endfacet
facet normal 0 0 -1
  outer loop
    vertex 24.64298001193501 51.99462124593728 -3
    vertex 23.999424336650915 50.90518051535499 -3
    vertex 23.615787588850925 51.541654655049214 -3
  endloop
endfacet
facet normal 0 0 -1
  outer loop
    vertex 40.05023403684151 36.60023403684153 -3
    vertex 39.08072146269685 22.171570692315164 -3
    vertex 38.21097116644921 22.240021525141078 -3
  endloop
endfacet
facet normal 0 0 -0.9999999999999999
  outer loop
    vertex 40.05023403684151 36.60023403684153 -3
    vertex 41.88949690723381 22.24002152514107 -3
    vertex 41.01974661098618 22.17157069231517 -3
  endloop
endfacet
facet normal 0 0 -1
  outer loop
    vertex 40.05023403684151 36.60023403684153 -3
    vertex 41.01974661098618 22.17157069231517 -3
    vertex 39.08072146269685 22.171570692315164 -3
  endloop
endfacet
facet normal 0 0 -1
  outer loop
    vertex 40.05023403684151 36.60023403684153 -3
    vertex 38.21097116644921 22.240021525141078 -3
    vertex 39.4511478238906 36.65264728894942 -3
  endloop
endfacet
facet normal 0 0 -1
  outer loop
    vertex 36.60023403684151 40.05023403684154 -3
    vertex 22.171570692315164 39.08072146269687 -3
    vertex 22.171570692315157 41.019746610986196 -3
  endloop
endfacet
facet normal 0 0 -1
  outer loop
    vertex 36.60023403684151 40.05023403684154 -3
    vertex 22.171570692315157 41.019746610986196 -3
    vertex 22.24002152514107 41.889496907233834 -3
  endloop
endfacet
facet normal 0 0 -1
  outer loop
    vertex 36.60023403684151 40.05023403684154 -3
    vertex 36.652647288949396 39.45114782389063 -3
    vertex 22.240021525141064 38.21097116644923 -3
  endloop
endfacet
facet normal 0 0 -1
  outer loop
    vertex 36.60023403684151 40.05023403684154 -3
    vertex 22.240021525141064 38.21097116644923 -3
    vertex 22.171570692315164 39.08072146269687 -3
  endloop
endfacet
facet normal 0 0 -1
  outer loop
    vertex 51.961098259130104 24.766593483578994 -3
    vertex 51.01238474043872 23.9293434181303 -3
    vertex 50.50964886668512 24.284455515461907 -3
  endloop
endfacet
facet normal 0 0 -1
  outer loop
    vertex 51.961098259130104 24.766593483578994 -3
    vertex 52.12927716236988 24.042720330832523 -3
    vertex 51.01238474043872 23.9293434181303 -3
  endloop
endfacet
facet normal 0 0 -0.9999999999999999
  outer loop
    vertex 25.230845913627796 51.812243500426376 -3
    vertex 23.999424336650915 50.90518051535499 -3
    vertex 24.64298001193501 51.99462124593728 -3
  endloop
endfacet
facet normal 0 0 -1
  outer loop
    vertex 25.230845913627796 51.812243500426376 -3
    vertex 24.446569987151808 50.311738703966526 -3
    vertex 23.999424336650915 50.90518051535499 -3
  endloop
endfacet
facet normal 0 0 -1
  outer loop
    vertex 51.71922107937989 25.46916579030762 -3
    vertex 50.50964886668512 24.284455515461907 -3
    vertex 50.079546400907496 24.659523390549815 -3
  endloop
endfacet
facet normal 0 0 -1
  outer loop
    vertex 51.71922107937989 25.46916579030762 -3
    vertex 51.961098259130104 24.766593483578994 -3
    vertex 50.50964886668512 24.284455515461907 -3
  endloop
endfacet
facet normal 0 0 -1
  outer loop
    vertex 40.64932024979242 36.65264728894941 -3
    vertex 43.80464943831994 22.543351886913275 -3
    vertex 41.88949690723381 22.24002152514107 -3
  endloop
endfacet
facet normal 0 0 -1
  outer loop
    vertex 40.64932024979242 36.65264728894941 -3
    vertex 41.88949690723381 22.24002152514107 -3
    vertex 40.05023403684151 36.60023403684153 -3
  endloop
endfacet
facet normal 0 0 -1
  outer loop
    vertex 40.64932024979242 36.65264728894941 -3
    vertex 44.65298359573823 22.747018898711524 -3
    vertex 43.80464943831994 22.543351886913275 -3
  endloop
endfacet
facet normal 0 0 -1
  outer loop
    vertex 36.652647288949396 40.649320249792446 -3
    vertex 36.60023403684151 40.05023403684154 -3
    vertex 22.24002152514107 41.889496907233834 -3
  endloop
endfacet
facet normal 0 0 -0.9999999999999999
  outer loop
    vertex 36.652647288949396 40.649320249792446 -3
    vertex 22.24002152514107 41.889496907233834 -3
    vertex 22.54335188691326 43.80464943831996 -3
  endloop
endfacet
facet normal 0 0 -0.9999999999999999
  outer loop
    vertex 36.652647288949396 40.649320249792446 -3
    vertex 22.54335188691326 43.80464943831996 -3
    vertex 22.747018898711524 44.652983595738235 -3
  endloop
endfacet
facet normal 0 0 -0.9999999999999999
  outer loop
    vertex 25.755800013825876 51.58844172501907 -3
    vertex 24.446569987151808 50.311738703966526 -3
    vertex 25.230845913627796 51.812243500426376 -3
  endloop
endfacet
facet normal 0 0 -1
  outer loop
    vertex 25.755800013825876 51.58844172501907 -3
    vertex 24.738747777963383 50.00111178843685 -3
    vertex 24.446569987151808 50.311738703966526 -3
  endloop
endfacet
facet normal 0 0 -1
  outer loop
    vertex 51.53733248332157 25.85487744519697 -3
    vertex 51.71922107937989 25.46916579030762 -3
    vertex 50.079546400907496 24.659523390549815 -3
  endloop
endfacet
facet normal 0 0 -1
  outer loop
    vertex 51.53733248332157 25.85487744519697 -3
    vertex 50.079546400907496 24.659523390549815 -3
    vertex 49.79744006188649 24.981064891843964 -3
  endloop
endfacet
facet normal 0 0 -0.9999999999999999
  outer loop
    vertex 51.36981323793254 26.12346087413627 -3
    vertex 51.53733248332157 25.85487744519697 -3
    vertex 49.79744006188649 24.981064891843964 -3
  endloop
endfacet
facet normal 0 0 -1
  outer loop
    vertex 26.123460874136278 51.36981323793255 -3
    vertex 24.981064891843964 49.797440061886505 -3
    vertex 24.738747777963383 50.00111178843685 -3
  endloop
endfacet
facet normal 0 0 -1
  outer loop
    vertex 26.123460874136278 51.36981323793255 -3
    vertex 25.01622636141692 49.77469653271291 -3
    vertex 24.981064891843964 49.797440061886505 -3
  endloop
endfacet
facet normal 0 0 -1
  outer loop
    vertex 26.123460874136278 51.36981323793255 -3
    vertex 24.738747777963383 50.00111178843685 -3
    vertex 25.755800013825876 51.58844172501907 -3
  endloop
endfacet
facet normal 0 0 -1
  outer loop
    vertex 51.34340083019937 26.155956747405614 -3
    vertex 49.79744006188649 24.981064891843964 -3
    vertex 49.7746965327129 25.016226361416916 -3
  endloop
endfacet
facet normal 0 0 -1
  outer loop
    vertex 51.34340083019937 26.155956747405614 -3
    vertex 51.36981323793254 26.12346087413627 -3
    vertex 49.79744006188649 24.981064891843964 -3
  endloop
endfacet
facet normal 0 0 -1
  outer loop
    vertex 26.155956747405604 51.34340083019938 -3
    vertex 25.01622636141692 49.77469653271291 -3
    vertex 26.123460874136278 51.36981323793255 -3
  endloop
endfacet
facet normal 0 0 -1
  outer loop
    vertex 41.23020353131506 36.80829449513014 -3
    vertex 44.65298359573823 22.747018898711524 -3
    vertex 40.64932024979242 36.65264728894941 -3
  endloop
endfacet
facet normal 0 0 -1
  outer loop
    vertex 41.23020353131506 36.80829449513014 -3
    vertex 46.49710609827897 23.346210622053334 -3
    vertex 44.65298359573823 22.747018898711524 -3
  endloop
endfacet
facet normal 0 0 -0.9999999999999999
  outer loop
    vertex 41.23020353131506 36.80829449513014 -3
    vertex 47.303135314452604 23.6800788550614 -3
    vertex 46.49710609827897 23.346210622053334 -3
  endloop
endfacet
facet normal 0 0 -0.9999999999999999
  outer loop
    vertex 36.808294495130134 41.23020353131509 -3
    vertex 23.346210622053324 46.497106098278984 -3
    vertex 23.680078855061403 47.30313531445261 -3
  endloop
endfacet
facet normal 0 0 -1
  outer loop
    vertex 36.808294495130134 41.23020353131509 -3
    vertex 36.652647288949396 40.649320249792446 -3
    vertex 22.747018898711524 44.652983595738235 -3
  endloop
endfacet
facet normal 0 0 -1
  outer loop
    vertex 36.808294495130134 41.23020353131509 -3
    vertex 22.747018898711524 44.652983595738235 -3
    vertex 23.346210622053324 46.497106098278984 -3
  endloop
endfacet
facet normal 0 0 -0.9999999999999999
  outer loop
    vertex 41.7752340368415 37.06244639378521 -3
    vertex 49.7746965327129 25.016226361416916 -3
    vertex 49.03081937214371 24.560377851140828 -3
  endloop
endfacet
facet normal 0 0 -0.9999999999999999
  outer loop
    vertex 41.7752340368415 37.06244639378521 -3
    vertex 49.03081937214371 24.560377851140828 -3
    vertex 47.303135314452604 23.6800788550614 -3
  endloop
endfacet
facet normal 0 0 -1
  outer loop
    vertex 41.7752340368415 37.06244639378521 -3
    vertex 47.303135314452604 23.6800788550614 -3
    vertex 41.23020353131506 36.80829449513014 -3
  endloop
endfacet
facet normal 0 0 -1
  outer loop
    vertex 37.0624463937852 41.77523403684153 -3
    vertex 24.56037785114082 49.030819372143725 -3
    vertex 25.01622636141692 49.77469653271291 -3
  endloop
endfacet
facet normal 0 0 -1
  outer loop
    vertex 37.0624463937852 41.77523403684153 -3
    vertex 36.808294495130134 41.23020353131509 -3
    vertex 23.680078855061403 47.30313531445261 -3
  endloop
endfacet
facet normal 0 0 -0.9999999999999999
  outer loop
    vertex 37.0624463937852 41.77523403684153 -3
    vertex 23.680078855061403 47.30313531445261 -3
    vertex 24.56037785114082 49.030819372143725 -3
  endloop
endfacet
facet normal 0 0 -1
  outer loop
    vertex 42.26785129026007 37.40738070808105 -3
    vertex 52.00680921068415 26.722561031752257 -3
    vertex 51.34340083019937 26.155956747405614 -3
  endloop
endfacet
facet normal 0 0 -0.9999999999999999
  outer loop
    vertex 42.26785129026007 37.40738070808105 -3
    vertex 51.34340083019937 26.155956747405614 -3
    vertex 49.7746965327129 25.016226361416916 -3
  endloop
endfacet
facet normal 0 0 -1
  outer loop
    vertex 42.26785129026007 37.40738070808105 -3
    vertex 49.7746965327129 25.016226361416916 -3
    vertex 41.7752340368415 37.06244639378521 -3
  endloop
endfacet
facet normal 0 0 -1
  outer loop
    vertex 37.40738070808104 42.26785129026009 -3
    vertex 37.0624463937852 41.77523403684153 -3
    vertex 25.01622636141692 49.77469653271291 -3
  endloop
endfacet
facet normal 0 0 -1
  outer loop
    vertex 37.40738070808104 42.26785129026009 -3
    vertex 25.01622636141692 49.77469653271291 -3
    vertex 26.155956747405604 51.34340083019938 -3
  endloop
endfacet
facet normal 0 0 -1
  outer loop
    vertex 37.40738070808104 42.26785129026009 -3
    vertex 26.155956747405604 51.34340083019938 -3
    vertex 26.722561031752257 52.00680921068415 -3
  endloop
endfacet
facet normal 0 0 -1
  outer loop
    vertex 54.484690940695415 26.12937803703948 -3
    vertex 53.97109003664356 25.615777132987617 -3
    vertex 53.39928537454189 25.842676513738326 -3
  endloop
endfacet
facet normal 0 0 -1
  outer loop
    vertex 26.701182699141853 54.257791559944415 -3
    vertex 25.61577713298763 53.97109003664356 -3
    vertex 26.129378037039487 54.48469094069542 -3
  endloop
endfacet
facet normal 0 0 -1
  outer loop
    vertex 26.701182699141853 54.257791559944415 -3
    vertex 25.895124184258513 53.28243794036539 -3
    vertex 25.61577713298763 53.97109003664356 -3
  endloop
endfacet
facet normal 0 0 -1
  outer loop
    vertex 54.205343889424526 26.818030133317645 -3
    vertex 53.39928537454189 25.842676513738326 -3
    vertex 52.847187242661576 26.114771374409585 -3
  endloop
endfacet
facet normal 0 0 -0.9999999999999999
  outer loop
    vertex 54.205343889424526 26.818030133317645 -3
    vertex 54.484690940695415 26.12937803703948 -3
    vertex 53.39928537454189 25.842676513738326 -3
  endloop
endfacet
facet normal 0 0 -1
  outer loop
    vertex 27.25328083102278 53.98569669927273 -3
    vertex 25.895124184258513 53.28243794036539 -3
    vertex 26.701182699141853 54.257791559944415 -3
  endloop
endfacet
facet normal 0 0 -1
  outer loop
    vertex 27.25328083102278 53.98569669927273 -3
    vertex 26.243929977509012 52.626353391804166 -3
    vertex 25.895124184258513 53.28243794036539 -3
  endloop
endfacet
facet normal 0 0 -1
  outer loop
    vertex 53.85653809617404 27.474114681878874 -3
    vertex 52.847187242661576 26.114771374409585 -3
    vertex 52.36370650955812 26.417938692419533 -3
  endloop
endfacet
facet normal 0 0 -1
  outer loop
    vertex 53.85653809617404 27.474114681878874 -3
    vertex 54.205343889424526 26.818030133317645 -3
    vertex 52.847187242661576 26.114771374409585 -3
  endloop
endfacet
facet normal 0 0 -1
  outer loop
    vertex 27.73676156412545 53.68252938126313 -3
    vertex 26.483917819518588 52.273844132655434 -3
    vertex 26.243929977509012 52.626353391804166 -3
  endloop
endfacet
facet normal 0 0 -1
  outer loop
    vertex 27.73676156412545 53.68252938126313 -3
    vertex 26.243929977509012 52.626353391804166 -3
    vertex 27.25328083102278 53.98569669927273 -3
  endloop
endfacet
facet normal 0 0 -1
  outer loop
    vertex 53.61655025416745 27.826623941023662 -3
    vertex 52.36370650955812 26.417938692419533 -3
    vertex 52.03477319495556 26.691390330036256 -3
  endloop
endfacet
facet normal 0 0 -1
  outer loop
    vertex 53.61655025416745 27.826623941023662 -3
    vertex 53.85653809617404 27.474114681878874 -3
    vertex 52.36370650955812 26.417938692419533 -3
  endloop
endfacet
facet normal 0 0 -1
  outer loop
    vertex 53.37790704193078 28.0936588629989 -3
    vertex 42.26785129026007 37.40738070808105 -3
    vertex 42.69308736560198 37.83261678342296 -3
  endloop
endfacet
facet normal 0 0 -1
  outer loop
    vertex 53.37790704193078 28.0936588629989 -3
    vertex 52.00680921068415 26.722561031752257 -3
    vertex 42.26785129026007 37.40738070808105 -3
  endloop
endfacet
facet normal 0 0 -1
  outer loop
    vertex 28.09365886299889 53.37790704193079 -3
    vertex 37.40738070808104 42.26785129026009 -3
    vertex 26.722561031752257 52.00680921068415 -3
  endloop
endfacet
facet normal 0 0 -1
  outer loop
    vertex 28.09365886299889 53.37790704193079 -3
    vertex 37.83261678342296 42.693087365602004 -3
    vertex 37.40738070808104 42.26785129026009 -3
  endloop
endfacet
facet normal 0 0 -0.9999999999999999
  outer loop
    vertex 53.40907774364679 28.065694878727474 -3
    vertex 52.00680921068415 26.722561031752257 -3
    vertex 53.37790704193078 28.0936588629989 -3
  endloop
endfacet
facet normal 0 0 -1
  outer loop
    vertex 53.40907774364679 28.065694878727474 -3
    vertex 52.03477319495556 26.691390330036256 -3
    vertex 52.00680921068415 26.722561031752257 -3
  endloop
endfacet
facet normal 0 0 -1
  outer loop
    vertex 53.40907774364679 28.065694878727474 -3
    vertex 53.61655025416745 27.826623941023662 -3
    vertex 52.03477319495556 26.691390330036256 -3
  endloop
endfacet
facet normal 0 0 -1
  outer loop
    vertex 28.06569487872748 53.40907774364679 -3
    vertex 28.09365886299889 53.37790704193079 -3
    vertex 26.722561031752257 52.00680921068415 -3
  endloop
endfacet
facet normal 0 0 -1
  outer loop
    vertex 28.06569487872748 53.40907774364679 -3
    vertex 26.483917819518588 52.273844132655434 -3
    vertex 27.73676156412545 53.68252938126313 -3
  endloop
endfacet
facet normal 0 0 -1
  outer loop
    vertex 28.06569487872748 53.40907774364679 -3
    vertex 26.69139033003626 52.03477319495557 -3
    vertex 26.483917819518588 52.273844132655434 -3
  endloop
endfacet
facet normal 0 0 -1
  outer loop
    vertex 28.06569487872748 53.40907774364679 -3
    vertex 26.722561031752257 52.00680921068415 -3
    vertex 26.69139033003626 52.03477319495557 -3
  endloop
endfacet
facet normal 0 0 -1
  outer loop
    vertex 53.944511326277436 28.757067243483668 -3
    vertex 53.37790704193078 28.0936588629989 -3
    vertex 42.69308736560198 37.83261678342296 -3
  endloop
endfacet
facet normal 0 0 -1
  outer loop
    vertex 28.75706724348367 53.944511326277436 -3
    vertex 37.83261678342296 42.693087365602004 -3
    vertex 28.09365886299889 53.37790704193079 -3
  endloop
endfacet
facet normal 0 0 -0.9999999999999999
  outer loop
    vertex 56.484680484832126 28.558813418633825 -3
    vertex 56.05774774285052 27.97119091131315 -3
    vertex 55.457488061748506 28.105846827745644 -3
  endloop
endfacet
facet normal 0 0 -0.9999999999999999
  outer loop
    vertex 29.088083333244803 56.17112465555244 -3
    vertex 27.971190911313162 56.05774774285051 -3
    vertex 28.558813418633836 56.484680484832126 -3
  endloop
endfacet
facet normal 0 0 -1
  outer loop
    vertex 29.088083333244803 56.17112465555244 -3
    vertex 28.139369814552936 55.33387459010404 -3
    vertex 27.971190911313162 56.05774774285051 -3
  endloop
endfacet
facet normal 0 0 -1
  outer loop
    vertex 56.101043737032136 29.195287558328044 -3
    vertex 55.457488061748506 28.105846827745644 -3
    vertex 54.869622160056146 28.288224573256336 -3
  endloop
endfacet
facet normal 0 0 -0.9999999999999999
  outer loop
    vertex 56.101043737032136 29.195287558328044 -3
    vertex 56.484680484832126 28.558813418633825 -3
    vertex 55.457488061748506 28.105846827745644 -3
  endloop
endfacet
facet normal 0 0 -1
  outer loop
    vertex 29.59081920699881 55.816012558220436 -3
    vertex 28.139369814552936 55.33387459010404 -3
    vertex 29.088083333244803 56.17112465555244 -3
  endloop
endfacet
facet normal 0 0 -1
  outer loop
    vertex 29.59081920699881 55.816012558220436 -3
    vertex 28.381246994303154 54.63130228337542 -3
    vertex 28.139369814552936 55.33387459010404 -3
  endloop
endfacet
facet normal 0 0 -1
  outer loop
    vertex 55.08424171226613 30.325771540970145 -3
    vertex 42.69308736560198 37.83261678342296 -3
    vertex 43.038021679897824 38.325234036841515 -3
  endloop
endfacet
facet normal 0 0 -1
  outer loop
    vertex 55.08424171226613 30.325771540970145 -3
    vertex 53.944511326277436 28.757067243483668 -3
    vertex 42.69308736560198 37.83261678342296 -3
  endloop
endfacet
facet normal 0 0 -1
  outer loop
    vertex 30.325771540970138 55.08424171226613 -3
    vertex 37.83261678342296 42.693087365602004 -3
    vertex 28.75706724348367 53.944511326277436 -3
  endloop
endfacet
facet normal 0 0 -1
  outer loop
    vertex 30.325771540970138 55.08424171226613 -3
    vertex 28.75706724348367 53.944511326277436 -3
    vertex 28.730654835750503 53.97700719954677 -3
  endloop
endfacet
facet normal 0 0 -1
  outer loop
    vertex 30.325771540970138 55.08424171226613 -3
    vertex 38.325234036841515 43.038021679897845 -3
    vertex 37.83261678342296 42.693087365602004 -3
  endloop
endfacet
facet normal 0 0 -1
  outer loop
    vertex 55.11940318183908 30.303028011796545 -3
    vertex 53.944511326277436 28.757067243483668 -3
    vertex 55.08424171226613 30.325771540970145 -3
  endloop
endfacet
facet normal 0 0 -1
  outer loop
    vertex 55.11940318183908 30.303028011796545 -3
    vertex 53.97700719954677 28.7306548357505 -3
    vertex 53.944511326277436 28.757067243483668 -3
  endloop
endfacet
facet normal 0 0 -1
  outer loop
    vertex 30.303028011796552 55.11940318183908 -3
    vertex 30.325771540970138 55.08424171226613 -3
    vertex 28.730654835750503 53.97700719954677 -3
  endloop
endfacet
facet normal 0 0 -1
  outer loop
    vertex 30.303028011796552 55.11940318183908 -3
    vertex 28.730654835750503 53.97700719954677 -3
    vertex 28.56313559036226 54.2455906284846 -3
  endloop
endfacet
facet normal 0 0 -1
  outer loop
    vertex 55.65389808653124 29.788729369716524 -3
    vertex 54.869622160056146 28.288224573256336 -3
    vertex 54.34466805985753 28.512026348663795 -3
  endloop
endfacet
facet normal 0 0 -1
  outer loop
    vertex 55.65389808653124 29.788729369716524 -3
    vertex 56.101043737032136 29.195287558328044 -3
    vertex 54.869622160056146 28.288224573256336 -3
  endloop
endfacet
facet normal 0 0 -1
  outer loop
    vertex 55.36172029571991 30.09935628524596 -3
    vertex 53.97700719954677 28.7306548357505 -3
    vertex 55.11940318183908 30.303028011796545 -3
  endloop
endfacet
facet normal 0 0 -1
  outer loop
    vertex 55.36172029571991 30.09935628524596 -3
    vertex 54.34466805985753 28.512026348663795 -3
    vertex 53.97700719954677 28.7306548357505 -3
  endloop
endfacet
facet normal 0 0 -0.9999999999999999
  outer loop
    vertex 55.36172029571991 30.09935628524596 -3
    vertex 55.65389808653124 29.788729369716524 -3
    vertex 54.34466805985753 28.512026348663795 -3
  endloop
endfacet
facet normal 0 0 -0.9999999999999999
  outer loop
    vertex 30.0209216727759 55.440944683132884 -3
    vertex 28.381246994303154 54.63130228337542 -3
    vertex 29.59081920699881 55.816012558220436 -3
  endloop
endfacet
facet normal 0 0 -0.9999999999999999
  outer loop
    vertex 30.0209216727759 55.440944683132884 -3
    vertex 30.303028011796552 55.11940318183908 -3
    vertex 28.56313559036226 54.2455906284846 -3
  endloop
endfacet
facet normal 0 0 -1
  outer loop
    vertex 30.0209216727759 55.440944683132884 -3
    vertex 28.56313559036226 54.2455906284846 -3
    vertex 28.381246994303154 54.63130228337542 -3
  endloop
endfacet
facet normal 0 0 -0.9999999999999999
  outer loop
    vertex 55.540090222542226 31.06964870153933 -3
    vertex 55.08424171226613 30.325771540970145 -3
    vertex 43.038021679897824 38.325234036841515 -3
  endloop
endfacet
facet normal 0 0 -0.9999999999999999
  outer loop
    vertex 31.06964870153933 55.54009022254222 -3
    vertex 38.325234036841515 43.038021679897845 -3
    vertex 30.325771540970138 55.08424171226613 -3
  endloop
endfacet
facet normal 0 0 -1
  outer loop
    vertex 56.420389218621644 32.79733275923044 -3
    vertex 43.038021679897824 38.325234036841515 -3
    vertex 43.2921735785529 38.87026454236796 -3
  endloop
endfacet
facet normal 0 0 -0.9999999999999999
  outer loop
    vertex 56.420389218621644 32.79733275923044 -3
    vertex 55.57631782856197 31.048644948925137 -3
    vertex 55.540090222542226 31.06964870153933 -3
  endloop
endfacet
facet normal 0 0 -1
  outer loop
    vertex 56.420389218621644 32.79733275923044 -3
    vertex 55.540090222542226 31.06964870153933 -3
    vertex 43.038021679897824 38.325234036841515 -3
  endloop
endfacet
facet normal 0 0 -1
  outer loop
    vertex 32.797332759230436 56.420389218621644 -3
    vertex 38.325234036841515 43.038021679897845 -3
    vertex 31.06964870153933 55.54009022254222 -3
  endloop
endfacet
facet normal 0 0 -0.9999999999999999
  outer loop
    vertex 32.797332759230436 56.420389218621644 -3
    vertex 31.06964870153933 55.54009022254222 -3
    vertex 31.048644948925137 55.57631782856196 -3
  endloop
endfacet
facet normal 0 0 -1
  outer loop
    vertex 32.797332759230436 56.420389218621644 -3
    vertex 38.87026454236796 43.29217357855291 -3
    vertex 38.325234036841515 43.038021679897845 -3
  endloop
endfacet
facet normal 0 0 -1
  outer loop
    vertex 56.45867566397644 32.780369706324365 -3
    vertex 55.57631782856197 31.048644948925137 -3
    vertex 56.420389218621644 32.79733275923044 -3
  endloop
endfacet
facet normal 0 0 -1
  outer loop
    vertex 32.78036970632437 56.458675663976436 -3
    vertex 32.797332759230436 56.420389218621644 -3
    vertex 31.048644948925137 55.57631782856196 -3
  endloop
endfacet
facet normal 0 0 -1
  outer loop
    vertex 32.78036970632437 56.458675663976436 -3
    vertex 31.048644948925137 55.57631782856196 -3
    vertex 30.925203848453776 55.86780033333907 -3
  endloop
endfacet
facet normal 0 0 -1
  outer loop
    vertex 56.72987072967284 32.61711226477951 -3
    vertex 55.973653204004016 30.8902229713066 -3
    vertex 55.57631782856197 31.048644948925137 -3
  endloop
endfacet
facet normal 0 0 -1
  outer loop
    vertex 56.72987072967284 32.61711226477951 -3
    vertex 55.57631782856197 31.048644948925137 -3
    vertex 56.45867566397644 32.780369706324365 -3
  endloop
endfacet
facet normal 0 0 -1
  outer loop
    vertex 58.07999941461862 31.271205713686943 -3
    vertex 57.75024733572339 30.62403081943498 -3
    vertex 57.1363130211179 30.6631275959891 -3
  endloop
endfacet
facet normal 0 0 -0.9999999999999999
  outer loop
    vertex 32.552036737208525 56.820389610051336 -3
    vertex 30.925203848453776 55.86780033333907 -3
    vertex 30.805893199232266 56.27721688292591 -3
  endloop
endfacet
facet normal 0 0 -1
  outer loop
    vertex 32.552036737208525 56.820389610051336 -3
    vertex 32.78036970632437 56.458675663976436 -3
    vertex 30.925203848453776 55.86780033333907 -3
  endloop
endfacet
facet normal 0 0 -1
  outer loop
    vertex 57.0670440823931 32.356016358440264 -3
    vertex 56.527154559128654 30.751297480967413 -3
    vertex 55.973653204004016 30.8902229713066 -3
  endloop
endfacet
facet normal 0 0 -1
  outer loop
    vertex 57.0670440823931 32.356016358440264 -3
    vertex 55.973653204004016 30.8902229713066 -3
    vertex 56.72987072967284 32.61711226477951 -3
  endloop
endfacet
facet normal 0 0 -1
  outer loop
    vertex 31.744908498961948 57.68750792195975 -3
    vertex 30.62403081943499 57.750247335723365 -3
    vertex 31.271205713686953 58.07999941461861 -3
  endloop
endfacet
facet normal 0 0 -1
  outer loop
    vertex 31.744908498961948 57.68750792195975 -3
    vertex 30.67690045189211 57.00897728592647 -3
    vertex 30.62403081943499 57.750247335723365 -3
  endloop
endfacet
facet normal 0 0 -1
  outer loop
    vertex 57.60151938023772 31.839829791141376 -3
    vertex 57.1363130211179 30.6631275959891 -3
    vertex 56.527154559128654 30.751297480967413 -3
  endloop
endfacet
facet normal 0 0 -1
  outer loop
    vertex 57.60151938023772 31.839829791141376 -3
    vertex 58.07999941461862 31.271205713686943 -3
    vertex 57.1363130211179 30.6631275959891 -3
  endloop
endfacet
facet normal 0 0 -1
  outer loop
    vertex 57.60151938023772 31.839829791141376 -3
    vertex 56.527154559128654 30.751297480967413 -3
    vertex 57.0670440823931 32.356016358440264 -3
  endloop
endfacet
facet normal 0 0 -1
  outer loop
    vertex 32.185903088891884 57.25812262635387 -3
    vertex 30.805893199232266 56.27721688292591 -3
    vertex 30.67690045189211 57.00897728592647 -3
  endloop
endfacet
facet normal 0 0 -1
  outer loop
    vertex 32.185903088891884 57.25812262635387 -3
    vertex 32.552036737208525 56.820389610051336 -3
    vertex 30.805893199232266 56.27721688292591 -3
  endloop
endfacet
facet normal 0 0 -1
  outer loop
    vertex 32.185903088891884 57.25812262635387 -3
    vertex 30.67690045189211 57.00897728592647 -3
    vertex 31.744908498961948 57.68750792195975 -3
  endloop
endfacet
facet normal 0 0 -1
  outer loop
    vertex 56.75425745162973 33.60336197540407 -3
    vertex 56.420389218621644 32.79733275923044 -3
    vertex 43.2921735785529 38.87026454236796 -3
  endloop
endfacet
facet normal 0 0 -1
  outer loop
    vertex 33.60336197540407 56.75425745162971 -3
    vertex 38.87026454236796 43.29217357855291 -3
    vertex 32.797332759230436 56.420389218621644 -3
  endloop
endfacet
facet normal 0 0 -1
  outer loop
    vertex 57.35344917497152 35.44748447794482 -3
    vertex 43.2921735785529 38.87026454236796 -3
    vertex 43.44782078473363 39.45114782389061 -3
  endloop
endfacet
facet normal 0 0 -1
  outer loop
    vertex 57.35344917497152 35.44748447794482 -3
    vertex 56.79332474650713 33.58828406000568 -3
    vertex 56.75425745162973 33.60336197540407 -3
  endloop
endfacet
facet normal 0 0 -0.9999999999999999
  outer loop
    vertex 57.35344917497152 35.44748447794482 -3
    vertex 56.75425745162973 33.60336197540407 -3
    vertex 43.2921735785529 38.87026454236796 -3
  endloop
endfacet
facet normal 0 0 -0.9999999999999999
  outer loop
    vertex 35.447484477944805 57.353449174971516 -3
    vertex 38.87026454236796 43.29217357855291 -3
    vertex 33.60336197540407 56.75425745162971 -3
  endloop
endfacet
facet normal 0 0 -1
  outer loop
    vertex 35.447484477944805 57.353449174971516 -3
    vertex 39.45114782389061 43.44782078473365 -3
    vertex 38.87026454236796 43.29217357855291 -3
  endloop
endfacet
facet normal 0 0 -1
  outer loop
    vertex 57.39391785675811 35.43671958796596 -3
    vertex 56.79332474650713 33.58828406000568 -3
    vertex 57.35344917497152 35.44748447794482 -3
  endloop
endfacet
facet normal 0 0 -1
  outer loop
    vertex 35.43671958796596 57.393917856758094 -3
    vertex 35.447484477944805 57.353449174971516 -3
    vertex 33.60336197540407 56.75425745162971 -3
  endloop
endfacet
facet normal 0 0 -0.9999999999999999
  outer loop
    vertex 35.43671958796596 57.393917856758094 -3
    vertex 33.58828406000568 56.793324746507125 -3
    vertex 33.51196063402348 57.10052906047799 -3
  endloop
endfacet
facet normal 0 0 -1
  outer loop
    vertex 35.43671958796596 57.393917856758094 -3
    vertex 33.60336197540407 56.75425745162971 -3
    vertex 33.58828406000568 56.793324746507125 -3
  endloop
endfacet
facet normal 0 0 -1
  outer loop
    vertex 57.68731315170092 35.31789637146259 -3
    vertex 57.2105509214569 33.493969466716614 -3
    vertex 56.79332474650713 33.58828406000568 -3
  endloop
endfacet
facet normal 0 0 -1
  outer loop
    vertex 57.68731315170092 35.31789637146259 -3
    vertex 56.79332474650713 33.58828406000568 -3
    vertex 57.39391785675811 35.43671958796596 -3
  endloop
endfacet
facet normal 0 0 -0.9999999999999999
  outer loop
    vertex 35.267782304248726 57.78689764980134 -3
    vertex 33.51196063402348 57.10052906047799 -3
    vertex 33.45816575579158 57.52356931053734 -3
  endloop
endfacet
facet normal 0 0 -1
  outer loop
    vertex 35.267782304248726 57.78689764980134 -3
    vertex 35.43671958796596 57.393917856758094 -3
    vertex 33.51196063402348 57.10052906047799 -3
  endloop
endfacet
facet normal 0 0 -1
  outer loop
    vertex 58.06117973937883 35.1127605220507 -3
    vertex 57.778970491179166 33.443341068085125 -3
    vertex 57.2105509214569 33.493969466716614 -3
  endloop
endfacet
facet normal 0 0 -1
  outer loop
    vertex 58.06117973937883 35.1127605220507 -3
    vertex 57.2105509214569 33.493969466716614 -3
    vertex 57.68731315170092 35.31789637146259 -3
  endloop
endfacet
facet normal 0 0 -0.9999999999999999
  outer loop
    vertex 34.974632898942815 58.2765173677042 -3
    vertex 35.267782304248726 57.78689764980134 -3
    vertex 33.45816575579158 57.52356931053734 -3
  endloop
endfacet
facet normal 0 0 -1
  outer loop
    vertex 34.974632898942815 58.2765173677042 -3
    vertex 33.45816575579158 57.52356931053734 -3
    vertex 33.4452336704034 58.266499440114416 -3
  endloop
endfacet
facet normal 0 0 -1
  outer loop
    vertex 58.669824128912424 34.6865394252533 -3
    vertex 58.394422010449716 33.45155007882649 -3
    vertex 57.778970491179166 33.443341068085125 -3
  endloop
endfacet
facet normal 0 0 -1
  outer loop
    vertex 58.669824128912424 34.6865394252533 -3
    vertex 57.778970491179166 33.443341068085125 -3
    vertex 58.06117973937883 35.1127605220507 -3
  endloop
endfacet
facet normal 0 0 -1
  outer loop
    vertex 34.606238343217555 58.769602970558786 -3
    vertex 34.974632898942815 58.2765173677042 -3
    vertex 33.4452336704034 58.266499440114416 -3
  endloop
endfacet
facet normal 0 0 -1
  outer loop
    vertex 34.606238343217555 58.769602970558786 -3
    vertex 33.4452336704034 58.266499440114416 -3
    vertex 33.508975134544265 59.00691385820149 -3
  endloop
endfacet
facet normal 0 0 -1
  outer loop
    vertex 59.23136568344357 34.199766821980695 -3
    vertex 58.394422010449716 33.45155007882649 -3
    vertex 58.669824128912424 34.6865394252533 -3
  endloop
endfacet
facet normal 0 0 -1
  outer loop
    vertex 59.23136568344357 34.199766821980695 -3
    vertex 59.006913858201514 33.508975134544265 -3
    vertex 58.394422010449716 33.45155007882649 -3
  endloop
endfacet
facet normal 0 0 -0.9999999999999999
  outer loop
    vertex 34.1997668219807 59.23136568344356 -3
    vertex 34.606238343217555 58.769602970558786 -3
    vertex 33.508975134544265 59.00691385820149 -3
  endloop
endfacet
facet normal 0 0 -1
  outer loop
    vertex 36.29581863536309 57.557116186769775 -3
    vertex 39.45114782389061 43.44782078473365 -3
    vertex 35.447484477944805 57.353449174971516 -3
  endloop
endfacet
facet normal 0 0 -1
  outer loop
    vertex 57.55711618676979 36.2958186353631 -3
    vertex 57.35344917497152 35.44748447794482 -3
    vertex 43.44782078473363 39.45114782389061 -3
  endloop
endfacet
facet normal 0 0 -0.9999999999999999
  outer loop
    vertex 57.86044654854197 38.21097116644923 -3
    vertex 43.44782078473363 39.45114782389061 -3
    vertex 43.50023403684152 40.05023403684153 -3
  endloop
endfacet
facet normal 0 0 -0.9999999999999999
  outer loop
    vertex 57.86044654854197 38.21097116644923 -3
    vertex 57.55711618676979 36.2958186353631 -3
    vertex 43.44782078473363 39.45114782389061 -3
  endloop
endfacet
facet normal 0 0 -1
  outer loop
    vertex 38.21097116644921 57.86044654854197 -3
    vertex 40.050234036841516 43.50023403684153 -3
    vertex 39.45114782389061 43.44782078473365 -3
  endloop
endfacet
facet normal 0 0 -1
  outer loop
    vertex 38.21097116644921 57.86044654854197 -3
    vertex 39.45114782389061 43.44782078473365 -3
    vertex 36.29581863536309 57.557116186769775 -3
  endloop
endfacet
facet normal 0 0 -1
  outer loop
    vertex 57.90210099350689 38.206669506715485 -3
    vertex 57.55711618676979 36.2958186353631 -3
    vertex 57.86044654854197 38.21097116644923 -3
  endloop
endfacet
facet normal 0 0 -1
  outer loop
    vertex 57.90210099350689 38.206669506715485 -3
    vertex 57.598061204048065 36.28703782549834 -3
    vertex 57.55711618676979 36.2958186353631 -3
  endloop
endfacet
facet normal 0 0 -1
  outer loop
    vertex 38.206669506715485 57.90210099350688 -3
    vertex 38.21097116644921 57.86044654854197 -3
    vertex 36.29581863536309 57.557116186769775 -3
  endloop
endfacet
facet normal 0 0 -1
  outer loop
    vertex 38.206669506715485 57.90210099350688 -3
    vertex 36.28703782549833 57.59806120404805 -3
    vertex 36.259711410055516 57.913422937451415 -3
  endloop
endfacet
facet normal 0 0 -1
  outer loop
    vertex 38.206669506715485 57.90210099350688 -3
    vertex 36.29581863536309 57.557116186769775 -3
    vertex 36.28703782549833 57.59806120404805 -3
  endloop
endfacet
facet normal 0 0 -1
  outer loop
    vertex 58.210472151816475 38.13520633719248 -3
    vertex 57.598061204048065 36.28703782549834 -3
    vertex 57.90210099350689 38.206669506715485 -3
  endloop
endfacet
facet normal 0 0 -1
  outer loop
    vertex 58.210472151816475 38.13520633719248 -3
    vertex 58.02490468538336 36.2591529548378 -3
    vertex 57.598061204048065 36.28703782549834 -3
  endloop
endfacet
facet normal 0 0 -1
  outer loop
    vertex 38.10128770499251 58.31667016678882 -3
    vertex 38.206669506715485 57.90210099350688 -3
    vertex 36.259711410055516 57.913422937451415 -3
  endloop
endfacet
facet normal 0 0 -1
  outer loop
    vertex 38.10128770499251 58.31667016678882 -3
    vertex 36.259711410055516 57.913422937451415 -3
    vertex 36.27275691125067 58.33967023303535 -3
  endloop
endfacet
facet normal 0 0 -0.9999999999999999
  outer loop
    vertex 58.61182613826633 37.991081670130406 -3
    vertex 58.02490468538336 36.2591529548378 -3
    vertex 58.210472151816475 38.13520633719248 -3
  endloop
endfacet
facet normal 0 0 -1
  outer loop
    vertex 58.61182613826633 37.991081670130406 -3
    vertex 58.594246093419464 36.29806828711428 -3
    vertex 58.02490468538336 36.2591529548378 -3
  endloop
endfacet
facet normal 0 0 -1
  outer loop
    vertex 37.88834085396276 58.84612052388283 -3
    vertex 36.27275691125067 58.33967023303535 -3
    vertex 36.37620391867583 59.07547668375502 -3
  endloop
endfacet
facet normal 0 0 -1
  outer loop
    vertex 37.88834085396276 58.84612052388283 -3
    vertex 38.10128770499251 58.31667016678882 -3
    vertex 36.27275691125067 58.33967023303535 -3
  endloop
endfacet
facet normal 0 0 -1
  outer loop
    vertex 59.27965277464367 37.665321021784365 -3
    vertex 58.594246093419464 36.29806828711428 -3
    vertex 58.61182613826633 37.991081670130406 -3
  endloop
endfacet
facet normal 0 0 -1
  outer loop
    vertex 59.27965277464367 37.665321021784365 -3
    vertex 59.200836211001125 36.40245406048665 -3
    vertex 58.594246093419464 36.29806828711428 -3
  endloop
endfacet
facet normal 0 0 -1
  outer loop
    vertex 37.601617429035784 59.390765029986255 -3
    vertex 36.37620391867583 59.07547668375502 -3
    vertex 36.55498695302176 59.7968040098644 -3
  endloop
endfacet
facet normal 0 0 -1
  outer loop
    vertex 37.601617429035784 59.390765029986255 -3
    vertex 37.88834085396276 58.84612052388283 -3
    vertex 36.37620391867583 59.07547668375502 -3
  endloop
endfacet
facet normal 0 0 -1
  outer loop
    vertex 57.928897381367854 39.08072146269687 -3
    vertex 57.86044654854197 38.21097116644923 -3
    vertex 43.50023403684152 40.05023403684153 -3
  endloop
endfacet
facet normal 0 0 -1
  outer loop
    vertex 39.08072146269686 57.928897381367875 -3
    vertex 40.050234036841516 43.50023403684153 -3
    vertex 38.21097116644921 57.86044654854197 -3
  endloop
endfacet
facet normal 0 0 -1
  outer loop
    vertex 59.910428832602946 37.27238584969181 -3
    vertex 59.79680400986443 36.55498695302176 -3
    vertex 59.200836211001125 36.40245406048665 -3
  endloop
endfacet
facet normal 0 0 -1
  outer loop
    vertex 59.910428832602946 37.27238584969181 -3
    vertex 59.200836211001125 36.40245406048665 -3
    vertex 59.27965277464367 37.665321021784365 -3
  endloop
endfacet
facet normal 0 0 -1
  outer loop
    vertex 37.272385849691815 59.91042883260293 -3
    vertex 37.601617429035784 59.390765029986255 -3
    vertex 36.55498695302176 59.7968040098644 -3
  endloop
endfacet
facet normal 0 0 -1
  outer loop
    vertex 57.928897381367854 41.01974661098619 -3
    vertex 57.928897381367854 39.08072146269687 -3
    vertex 43.50023403684152 40.05023403684153 -3
  endloop
endfacet
facet normal 0 0 -1
  outer loop
    vertex 41.019746610986175 57.928897381367875 -3
    vertex 40.050234036841516 43.50023403684153 -3
    vertex 39.08072146269686 57.928897381367875 -3
  endloop
endfacet
facet normal 0 0 -1
  outer loop
    vertex 57.97071191883289 41.02201410263661 -3
    vertex 57.97071191883289 39.07845397104645 -3
    vertex 57.928897381367854 39.08072146269687 -3
  endloop
endfacet
facet normal 0 0 -1
  outer loop
    vertex 57.97071191883289 41.02201410263661 -3
    vertex 57.928897381367854 39.08072146269687 -3
    vertex 57.928897381367854 41.01974661098619 -3
  endloop
endfacet
facet normal 0 0 -1
  outer loop
    vertex 41.022014102636604 57.97071191883291 -3
    vertex 39.078453971046436 57.97071191883291 -3
    vertex 39.100797433183025 58.28646581917085 -3
  endloop
endfacet
facet normal 0 0 -1
  outer loop
    vertex 41.022014102636604 57.97071191883291 -3
    vertex 41.019746610986175 57.928897381367875 -3
    vertex 39.08072146269686 57.928897381367875 -3
  endloop
endfacet
facet normal 0 0 -1
  outer loop
    vertex 41.022014102636604 57.97071191883291 -3
    vertex 39.08072146269686 57.928897381367875 -3
    vertex 39.078453971046436 57.97071191883291 -3
  endloop
endfacet
facet normal 0 0 -1
  outer loop
    vertex 58.286465819166295 40.99967064050065 -3
    vertex 58.39666240343115 39.11768544107461 -3
    vertex 57.97071191883289 39.07845397104645 -3
  endloop
endfacet
facet normal 0 0 -1
  outer loop
    vertex 58.286465819166295 40.99967064050065 -3
    vertex 57.97071191883289 39.07845397104645 -3
    vertex 57.97071191883289 41.02201410263661 -3
  endloop
endfacet
facet normal 0 0 -1
  outer loop
    vertex 40.98278263260841 58.39666240343131 -3
    vertex 39.100797433183025 58.28646581917085 -3
    vertex 39.18036209026962 58.70542453722436 -3
  endloop
endfacet
facet normal 0 0 -1
  outer loop
    vertex 40.98278263260841 58.39666240343131 -3
    vertex 41.022014102636604 57.97071191883291 -3
    vertex 39.100797433183025 58.28646581917085 -3
  endloop
endfacet
facet normal 0 0 -0.9999999999999999
  outer loop
    vertex 58.705424537224346 40.92010598341343 -3
    vertex 58.9529065747797 39.2451862796258 -3
    vertex 58.39666240343115 39.11768544107461 -3
  endloop
endfacet
facet normal 0 0 -1
  outer loop
    vertex 58.705424537224346 40.92010598341343 -3
    vertex 58.39666240343115 39.11768544107461 -3
    vertex 58.286465819166295 40.99967064050065 -3
  endloop
endfacet
facet normal 0 0 -1
  outer loop
    vertex 57.860446548541944 41.889496907233834 -3
    vertex 57.928897381367854 41.01974661098619 -3
    vertex 43.50023403684152 40.05023403684153 -3
  endloop
endfacet
facet normal 0 0 -1
  outer loop
    vertex 57.860446548541944 41.889496907233834 -3
    vertex 43.50023403684152 40.05023403684153 -3
    vertex 43.447820784733636 40.64932024979244 -3
  endloop
endfacet
facet normal 0 0 -1
  outer loop
    vertex 41.88949690723382 57.86044654854197 -3
    vertex 40.050234036841516 43.50023403684153 -3
    vertex 41.019746610986175 57.928897381367875 -3
  endloop
endfacet
facet normal 0 0 -1
  outer loop
    vertex 41.88949690723382 57.86044654854197 -3
    vertex 40.649320249792424 43.44782078473365 -3
    vertex 40.050234036841516 43.50023403684153 -3
  endloop
endfacet
facet normal 0 0 -0.9999999999999999
  outer loop
    vertex 40.85528179405717 58.95290657478002 -3
    vertex 40.98278263260841 58.39666240343131 -3
    vertex 39.18036209026962 58.70542453722436 -3
  endloop
endfacet
facet normal 0 0 -1
  outer loop
    vertex 40.85528179405717 58.95290657478002 -3
    vertex 39.18036209026962 58.70542453722436 -3
    vertex 39.39764098186439 59.41598931226831 -3
  endloop
endfacet
facet normal 0 0 -1
  outer loop
    vertex 59.41598931226828 40.702827091818655 -3
    vertex 59.53569902882019 39.44317849145227 -3
    vertex 58.9529065747797 39.2451862796258 -3
  endloop
endfacet
facet normal 0 0 -1
  outer loop
    vertex 59.41598931226828 40.702827091818655 -3
    vertex 58.9529065747797 39.2451862796258 -3
    vertex 58.705424537224346 40.92010598341343 -3
  endloop
endfacet
facet normal 0 0 -1
  outer loop
    vertex 40.65728958223071 59.53569902882035 -3
    vertex 40.85528179405717 58.95290657478002 -3
    vertex 39.39764098186439 59.41598931226831 -3
  endloop
endfacet
facet normal 0 0 -1
  outer loop
    vertex 40.65728958223071 59.53569902882035 -3
    vertex 39.39764098186439 59.41598931226831 -3
    vertex 39.687063354762905 60.10046807368303 -3
  endloop
endfacet
facet normal 0 0 -1
  outer loop
    vertex 60.10046807368301 40.41340471892014 -3
    vertex 60.10046807368301 39.68706335476292 -3
    vertex 59.53569902882019 39.44317849145227 -3
  endloop
endfacet
facet normal 0 0 -1
  outer loop
    vertex 60.10046807368301 40.41340471892014 -3
    vertex 59.53569902882019 39.44317849145227 -3
    vertex 59.41598931226828 40.702827091818655 -3
  endloop
endfacet
facet normal 0 0 -1
  outer loop
    vertex 40.41340471892013 60.10046807368303 -3
    vertex 40.65728958223071 59.53569902882035 -3
    vertex 39.687063354762905 60.10046807368303 -3
  endloop
endfacet
facet normal 0 0 -1
  outer loop
    vertex 57.55711618676975 43.804649438319956 -3
    vertex 57.902100993506856 41.89379856696756 -3
    vertex 57.860446548541944 41.889496907233834 -3
  endloop
endfacet
facet normal 0 0 -1
  outer loop
    vertex 57.55711618676975 43.804649438319956 -3
    vertex 57.860446548541944 41.889496907233834 -3
    vertex 43.447820784733636 40.64932024979244 -3
  endloop
endfacet
facet normal 0 0 -1
  outer loop
    vertex 43.80464943831994 57.557116186769775 -3
    vertex 40.649320249792424 43.44782078473365 -3
    vertex 41.88949690723382 57.86044654854197 -3
  endloop
endfacet
facet normal 0 0 -1
  outer loop
    vertex 57.59806120404803 43.813430248184716 -3
    vertex 57.902100993506856 41.89379856696756 -3
    vertex 57.55711618676975 43.804649438319956 -3
  endloop
endfacet
facet normal 0 0 -1
  outer loop
    vertex 43.81343024818471 57.59806120404805 -3
    vertex 41.893798566967554 57.90210099350688 -3
    vertex 41.9652617364909 58.2104721518176 -3
  endloop
endfacet
facet normal 0 0 -1
  outer loop
    vertex 43.81343024818471 57.59806120404805 -3
    vertex 41.88949690723382 57.86044654854197 -3
    vertex 41.893798566967554 57.90210099350688 -3
  endloop
endfacet
facet normal 0 0 -1
  outer loop
    vertex 43.81343024818471 57.59806120404805 -3
    vertex 43.80464943831994 57.557116186769775 -3
    vertex 41.88949690723382 57.86044654854197 -3
  endloop
endfacet
facet normal 0 0 -1
  outer loop
    vertex 57.913422937450775 43.840756663627516 -3
    vertex 58.316670166788825 41.999180368690546 -3
    vertex 57.902100993506856 41.89379856696756 -3
  endloop
endfacet
facet normal 0 0 -1
  outer loop
    vertex 57.913422937450775 43.840756663627516 -3
    vertex 57.902100993506856 41.89379856696756 -3
    vertex 57.59806120404803 43.813430248184716 -3
  endloop
endfacet
facet normal 0 0 -1
  outer loop
    vertex 43.84131511884523 58.024904685383675 -3
    vertex 41.9652617364909 58.2104721518176 -3
    vertex 42.10938640355264 58.61182613826631 -3
  endloop
endfacet
facet normal 0 0 -1
  outer loop
    vertex 43.84131511884523 58.024904685383675 -3
    vertex 43.81343024818471 57.59806120404805 -3
    vertex 41.9652617364909 58.2104721518176 -3
  endloop
endfacet
facet normal 0 0 -1
  outer loop
    vertex 57.353449174971495 44.652983595738235 -3
    vertex 57.55711618676975 43.804649438319956 -3
    vertex 43.447820784733636 40.64932024979244 -3
  endloop
endfacet
facet normal 0 0 -1
  outer loop
    vertex 57.353449174971495 44.652983595738235 -3
    vertex 43.447820784733636 40.64932024979244 -3
    vertex 43.2921735785529 41.230203531315084 -3
  endloop
endfacet
facet normal 0 0 -1
  outer loop
    vertex 44.65298359573822 57.353449174971516 -3
    vertex 40.649320249792424 43.44782078473365 -3
    vertex 43.80464943831994 57.557116186769775 -3
  endloop
endfacet
facet normal 0 0 -1
  outer loop
    vertex 44.65298359573822 57.353449174971516 -3
    vertex 41.23020353131508 43.29217357855291 -3
    vertex 40.649320249792424 43.44782078473365 -3
  endloop
endfacet
facet normal 0 0 -0.9999999999999999
  outer loop
    vertex 58.33967023303533 43.82771116243238 -3
    vertex 58.846120523882874 42.21212721972032 -3
    vertex 58.316670166788825 41.999180368690546 -3
  endloop
endfacet
facet normal 0 0 -1
  outer loop
    vertex 58.33967023303533 43.82771116243238 -3
    vertex 58.316670166788825 41.999180368690546 -3
    vertex 57.913422937450775 43.840756663627516 -3
  endloop
endfacet
facet normal 0 0 -1
  outer loop
    vertex 43.80239978656866 58.594246093420196 -3
    vertex 42.10938640355264 58.61182613826631 -3
    vertex 42.43514705189866 59.27965277464365 -3
  endloop
endfacet
facet normal 0 0 -1
  outer loop
    vertex 43.80239978656866 58.594246093420196 -3
    vertex 43.84131511884523 58.024904685383675 -3
    vertex 42.10938640355264 58.61182613826631 -3
  endloop
endfacet
facet normal 0 0 -1
  outer loop
    vertex 59.075476683755 43.72426415500721 -3
    vertex 59.39076502998627 42.49885064464728 -3
    vertex 58.846120523882874 42.21212721972032 -3
  endloop
endfacet
facet normal 0 0 -1
  outer loop
    vertex 59.075476683755 43.72426415500721 -3
    vertex 58.846120523882874 42.21212721972032 -3
    vertex 58.33967023303533 43.82771116243238 -3
  endloop
endfacet
facet normal 0 0 -1
  outer loop
    vertex 43.69801401319632 59.20083621100147 -3
    vertex 42.43514705189866 59.27965277464365 -3
    vertex 42.82808222399122 59.910428832602925 -3
  endloop
endfacet
facet normal 0 0 -1
  outer loop
    vertex 43.69801401319632 59.20083621100147 -3
    vertex 43.80239978656866 58.594246093420196 -3
    vertex 42.43514705189866 59.27965277464365 -3
  endloop
endfacet
facet normal 0 0 -1
  outer loop
    vertex 56.75425745162969 46.49710609827897 -3
    vertex 57.353449174971495 44.652983595738235 -3
    vertex 43.2921735785529 41.230203531315084 -3
  endloop
endfacet
facet normal 0 0 -1
  outer loop
    vertex 56.75425745162969 46.49710609827897 -3
    vertex 57.393917856758065 44.66374848571708 -3
    vertex 57.353449174971495 44.652983595738235 -3
  endloop
endfacet
facet normal 0 0 -1
  outer loop
    vertex 46.49710609827896 56.75425745162971 -3
    vertex 44.65298359573822 57.353449174971516 -3
    vertex 44.66374848571707 57.39391785675809 -3
  endloop
endfacet
facet normal 0 0 -0.9999999999999999
  outer loop
    vertex 46.49710609827896 56.75425745162971 -3
    vertex 41.23020353131508 43.29217357855291 -3
    vertex 44.65298359573822 57.353449174971516 -3
  endloop
endfacet
facet normal 0 0 -1
  outer loop
    vertex 56.793324746507096 46.51218401367737 -3
    vertex 57.393917856758065 44.66374848571708 -3
    vertex 56.75425745162969 46.49710609827897 -3
  endloop
endfacet
facet normal 0 0 -1
  outer loop
    vertex 46.51218401367736 56.79332474650712 -3
    vertex 44.66374848571707 57.39391785675809 -3
    vertex 44.78257170222134 57.68731315170274 -3
  endloop
endfacet
facet normal 0 0 -1
  outer loop
    vertex 46.51218401367736 56.79332474650712 -3
    vertex 46.49710609827896 56.75425745162971 -3
    vertex 44.66374848571707 57.39391785675809 -3
  endloop
endfacet
facet normal 0 0 -1
  outer loop
    vertex 59.796804009864374 43.545481120661286 -3
    vertex 59.9104288326029 42.82808222399123 -3
    vertex 59.39076502998627 42.49885064464728 -3
  endloop
endfacet
facet normal 0 0 -1
  outer loop
    vertex 59.796804009864374 43.545481120661286 -3
    vertex 59.39076502998627 42.49885064464728 -3
    vertex 59.075476683755 43.72426415500721 -3
  endloop
endfacet
facet normal 0 0 -1
  outer loop
    vertex 43.54548112066128 59.7968040098644 -3
    vertex 43.69801401319632 59.20083621100147 -3
    vertex 42.82808222399122 59.910428832602925 -3
  endloop
endfacet
facet normal 0 0 -0.9999999999999999
  outer loop
    vertex 57.10052906047805 46.58850743965958 -3
    vertex 57.78689764980136 44.832685769434335 -3
    vertex 57.393917856758065 44.66374848571708 -3
  endloop
endfacet
facet normal 0 0 -1
  outer loop
    vertex 57.10052906047805 46.58850743965958 -3
    vertex 57.393917856758065 44.66374848571708 -3
    vertex 56.793324746507096 46.51218401367737 -3
  endloop
endfacet
facet normal 0 0 -1
  outer loop
    vertex 47.3031353144526 56.42038921862164 -3
    vertex 41.77523403684152 43.038021679897845 -3
    vertex 41.23020353131508 43.29217357855291 -3
  endloop
endfacet
facet normal 0 0 -1
  outer loop
    vertex 47.3031353144526 56.42038921862164 -3
    vertex 41.23020353131508 43.29217357855291 -3
    vertex 46.49710609827896 56.75425745162971 -3
  endloop
endfacet
facet normal 0 0 -1
  outer loop
    vertex 56.42038921862162 47.30313531445261 -3
    vertex 43.2921735785529 41.230203531315084 -3
    vertex 43.03802167989783 41.77523403684153 -3
  endloop
endfacet
facet normal 0 0 -0.9999999999999999
  outer loop
    vertex 56.42038921862162 47.30313531445261 -3
    vertex 56.75425745162969 46.49710609827897 -3
    vertex 43.2921735785529 41.230203531315084 -3
  endloop
endfacet
facet normal 0 0 -1
  outer loop
    vertex 46.60649860696642 57.21055092145687 -3
    vertex 44.78257170222134 57.68731315170274 -3
    vertex 44.98770755163234 58.0611797393788 -3
  endloop
endfacet
facet normal 0 0 -1
  outer loop
    vertex 46.60649860696642 57.21055092145687 -3
    vertex 46.51218401367736 56.79332474650712 -3
    vertex 44.78257170222134 57.68731315170274 -3
  endloop
endfacet
facet normal 0 0 -1
  outer loop
    vertex 57.52356931053732 46.642302317891456 -3
    vertex 58.27651736770427 45.125835174740295 -3
    vertex 57.78689764980136 44.832685769434335 -3
  endloop
endfacet
facet normal 0 0 -1
  outer loop
    vertex 57.52356931053732 46.642302317891456 -3
    vertex 57.78689764980136 44.832685769434335 -3
    vertex 57.10052906047805 46.58850743965958 -3
  endloop
endfacet
facet normal 0 0 -1
  outer loop
    vertex 46.6571270055979 57.77897049117915 -3
    vertex 44.98770755163234 58.0611797393788 -3
    vertex 45.41392864842972 58.66982412891241 -3
  endloop
endfacet
facet normal 0 0 -1
  outer loop
    vertex 46.6571270055979 57.77897049117915 -3
    vertex 46.60649860696642 57.21055092145687 -3
    vertex 44.98770755163234 58.0611797393788 -3
  endloop
endfacet
facet normal 0 0 -1
  outer loop
    vertex 55.5400902225422 49.03081937214371 -3
    vertex 56.42038921862162 47.30313531445261 -3
    vertex 43.03802167989783 41.77523403684153 -3
  endloop
endfacet
facet normal 0 0 -1
  outer loop
    vertex 49.0308193721437 55.54009022254222 -3
    vertex 41.77523403684152 43.038021679897845 -3
    vertex 47.3031353144526 56.42038921862164 -3
  endloop
endfacet
facet normal 0 0 -1
  outer loop
    vertex 49.0308193721437 55.54009022254222 -3
    vertex 47.3031353144526 56.42038921862164 -3
    vertex 47.32009836735866 56.45867566397643 -3
  endloop
endfacet
facet normal 0 0 -1
  outer loop
    vertex 55.57631782856194 49.05182312475791 -3
    vertex 56.458675663976415 47.32009836735867 -3
    vertex 56.42038921862162 47.30313531445261 -3
  endloop
endfacet
facet normal 0 0 -1
  outer loop
    vertex 55.57631782856194 49.05182312475791 -3
    vertex 56.42038921862162 47.30313531445261 -3
    vertex 55.5400902225422 49.03081937214371 -3
  endloop
endfacet
facet normal 0 0 -1
  outer loop
    vertex 49.051823124757895 55.576317828561955 -3
    vertex 49.0308193721437 55.54009022254222 -3
    vertex 47.32009836735866 56.45867566397643 -3
  endloop
endfacet
facet normal 0 0 -1
  outer loop
    vertex 49.051823124757895 55.576317828561955 -3
    vertex 47.32009836735866 56.45867566397643 -3
    vertex 47.48335580890304 56.72987072967214 -3
  endloop
endfacet
facet normal 0 0 -0.9999999999999999
  outer loop
    vertex 55.084241712266106 49.7746965327129 -3
    vertex 55.5400902225422 49.03081937214371 -3
    vertex 43.03802167989783 41.77523403684153 -3
  endloop
endfacet
facet normal 0 0 -1
  outer loop
    vertex 55.084241712266106 49.7746965327129 -3
    vertex 43.03802167989783 41.77523403684153 -3
    vertex 42.69308736560199 42.26785129026009 -3
  endloop
endfacet
facet normal 0 0 -1
  outer loop
    vertex 49.774696532712895 55.08424171226612 -3
    vertex 41.77523403684152 43.038021679897845 -3
    vertex 49.0308193721437 55.54009022254222 -3
  endloop
endfacet
facet normal 0 0 -1
  outer loop
    vertex 49.774696532712895 55.08424171226612 -3
    vertex 42.267851290260076 42.693087365602004 -3
    vertex 41.77523403684152 43.038021679897845 -3
  endloop
endfacet
facet normal 0 0 -1
  outer loop
    vertex 58.26649944011439 46.65523440327965 -3
    vertex 58.27651736770427 45.125835174740295 -3
    vertex 57.52356931053732 46.642302317891456 -3
  endloop
endfacet
facet normal 0 0 -1
  outer loop
    vertex 58.26649944011439 46.65523440327965 -3
    vertex 58.76960297055881 45.49422973046552 -3
    vertex 58.27651736770427 45.125835174740295 -3
  endloop
endfacet
facet normal 0 0 -1
  outer loop
    vertex 55.86780033333802 49.175264225228915 -3
    vertex 56.820389610051315 47.54843133647452 -3
    vertex 56.458675663976415 47.32009836735867 -3
  endloop
endfacet
facet normal 0 0 -1
  outer loop
    vertex 55.86780033333802 49.175264225228915 -3
    vertex 56.458675663976415 47.32009836735867 -3
    vertex 55.57631782856194 49.05182312475791 -3
  endloop
endfacet
facet normal 0 0 -1
  outer loop
    vertex 46.648917994856546 58.39442201044969 -3
    vertex 46.6571270055979 57.77897049117915 -3
    vertex 45.41392864842972 58.66982412891241 -3
  endloop
endfacet
facet normal 0 0 -1
  outer loop
    vertex 45.90070125170233 59.231365683443556 -3
    vertex 46.648917994856546 58.39442201044969 -3
    vertex 45.41392864842972 58.66982412891241 -3
  endloop
endfacet
facet normal 0 0 -0.9999999999999999
  outer loop
    vertex 49.21024510237645 55.97365320400404 -3
    vertex 49.051823124757895 55.576317828561955 -3
    vertex 47.48335580890304 56.72987072967214 -3
  endloop
endfacet
facet normal 0 0 -1
  outer loop
    vertex 49.21024510237645 55.97365320400404 -3
    vertex 47.48335580890304 56.72987072967214 -3
    vertex 47.74445171524277 57.06704408239309 -3
  endloop
endfacet
facet normal 0 0 -1
  outer loop
    vertex 53.944511326277414 51.34340083019937 -3
    vertex 55.084241712266106 49.7746965327129 -3
    vertex 42.69308736560199 42.26785129026009 -3
  endloop
endfacet
facet normal 0 0 -1
  outer loop
    vertex 51.34340083019936 53.944511326277436 -3
    vertex 42.267851290260076 42.693087365602004 -3
    vertex 49.774696532712895 55.08424171226612 -3
  endloop
endfacet
facet normal 0 0 -1
  outer loop
    vertex 51.34340083019936 53.944511326277436 -3
    vertex 49.774696532712895 55.08424171226612 -3
    vertex 49.797440061886476 55.119403181839076 -3
  endloop
endfacet
facet normal 0 0 -1
  outer loop
    vertex 53.97700719954675 51.36981323793254 -3
    vertex 55.084241712266106 49.7746965327129 -3
    vertex 53.944511326277414 51.34340083019937 -3
  endloop
endfacet
facet normal 0 0 -1
  outer loop
    vertex 53.97700719954675 51.36981323793254 -3
    vertex 55.11940318183906 49.79744006188649 -3
    vertex 55.084241712266106 49.7746965327129 -3
  endloop
endfacet
facet normal 0 0 -1
  outer loop
    vertex 51.36981323793253 53.97700719954676 -3
    vertex 51.34340083019936 53.944511326277436 -3
    vertex 49.797440061886476 55.119403181839076 -3
  endloop
endfacet
facet normal 0 0 -0.9999999999999999
  outer loop
    vertex 50.00111178843887 55.36172029572178 -3
    vertex 51.36981323793253 53.97700719954676 -3
    vertex 49.797440061886476 55.119403181839076 -3
  endloop
endfacet
facet normal 0 0 -1
  outer loop
    vertex 53.37790704193077 52.00680921068415 -3
    vertex 53.944511326277414 51.34340083019937 -3
    vertex 42.69308736560199 42.26785129026009 -3
  endloop
endfacet
facet normal 0 0 -1
  outer loop
    vertex 52.00680921068414 53.37790704193078 -3
    vertex 42.267851290260076 42.693087365602004 -3
    vertex 51.34340083019936 53.944511326277436 -3
  endloop
endfacet
facet normal 0 0 -1
  outer loop
    vertex 52.00680921068414 53.37790704193078 -3
    vertex 53.37790704193077 52.00680921068415 -3
    vertex 42.69308736560199 42.26785129026009 -3
  endloop
endfacet
facet normal 0 0 -1
  outer loop
    vertex 52.00680921068414 53.37790704193078 -3
    vertex 42.69308736560199 42.26785129026009 -3
    vertex 42.267851290260076 42.693087365602004 -3
  endloop
endfacet
facet normal 0 0 -0.9999999999999999
  outer loop
    vertex 52.03477319495555 53.40907774364678 -3
    vertex 53.40907774364677 52.03477319495556 -3
    vertex 53.37790704193077 52.00680921068415 -3
  endloop
endfacet
facet normal 0 0 -1
  outer loop
    vertex 52.03477319495555 53.40907774364678 -3
    vertex 53.37790704193077 52.00680921068415 -3
    vertex 52.00680921068414 53.37790704193078 -3
  endloop
endfacet
facet normal 0 0 -1
  outer loop
    vertex 56.27721688292589 49.294574874450774 -3
    vertex 57.25812262635385 47.91456498479117 -3
    vertex 56.820389610051315 47.54843133647452 -3
  endloop
endfacet
facet normal 0 0 -1
  outer loop
    vertex 56.27721688292589 49.294574874450774 -3
    vertex 56.820389610051315 47.54843133647452 -3
    vertex 55.86780033333802 49.175264225228915 -3
  endloop
endfacet
facet normal 0 0 -1
  outer loop
    vertex 59.00691385820147 46.591492939138774 -3
    vertex 59.23136568344354 45.90070125170234 -3
    vertex 58.76960297055881 45.49422973046552 -3
  endloop
endfacet
facet normal 0 0 -1
  outer loop
    vertex 59.00691385820147 46.591492939138774 -3
    vertex 58.76960297055881 45.49422973046552 -3
    vertex 58.26649944011439 46.65523440327965 -3
  endloop
endfacet
facet normal 0 0 -1
  outer loop
    vertex 46.59149293913877 59.00691385820149 -3
    vertex 46.648917994856546 58.39442201044969 -3
    vertex 45.90070125170233 59.231365683443556 -3
  endloop
endfacet
facet normal 0 0 -1
  outer loop
    vertex 54.24559062848647 51.53733248332179 -3
    vertex 55.44094468313291 50.0795464009072 -3
    vertex 55.11940318183906 49.79744006188649 -3
  endloop
endfacet
facet normal 0 0 -1
  outer loop
    vertex 54.24559062848647 51.53733248332179 -3
    vertex 55.11940318183906 49.79744006188649 -3
    vertex 53.97700719954675 51.36981323793254 -3
  endloop
endfacet
facet normal 0 0 -1
  outer loop
    vertex 49.34917059271562 56.52715455912873 -3
    vertex 49.21024510237645 55.97365320400404 -3
    vertex 47.74445171524277 57.06704408239309 -3
  endloop
endfacet
facet normal 0 0 -1
  outer loop
    vertex 49.34917059271562 56.52715455912873 -3
    vertex 47.74445171524277 57.06704408239309 -3
    vertex 48.260638282541635 57.60151938023771 -3
  endloop
endfacet
facet normal 0 0 -1
  outer loop
    vertex 52.273844132657445 53.61655025416599 -3
    vertex 53.40907774364677 52.03477319495556 -3
    vertex 52.03477319495555 53.40907774364678 -3
  endloop
endfacet
facet normal 0 0 -1
  outer loop
    vertex 51.5884417250194 54.34466805985787 -3
    vertex 51.36981323793253 53.97700719954676 -3
    vertex 50.00111178843887 55.36172029572178 -3
  endloop
endfacet
facet normal 0 0 -1
  outer loop
    vertex 50.311738703966505 55.65389808653123 -3
    vertex 51.5884417250194 54.34466805985787 -3
    vertex 50.00111178843887 55.36172029572178 -3
  endloop
endfacet
facet normal 0 0 -1
  outer loop
    vertex 53.68252938126306 52.36370650955752 -3
    vertex 53.40907774364677 52.03477319495556 -3
    vertex 52.273844132657445 53.61655025416599 -3
  endloop
endfacet
facet normal 0 0 -1
  outer loop
    vertex 54.6313022833754 51.719221079379885 -3
    vertex 55.81601255822051 50.509648866684365 -3
    vertex 55.44094468313291 50.0795464009072 -3
  endloop
endfacet
facet normal 0 0 -1
  outer loop
    vertex 54.6313022833754 51.719221079379885 -3
    vertex 55.44094468313291 50.0795464009072 -3
    vertex 54.24559062848647 51.53733248332179 -3
  endloop
endfacet
facet normal 0 0 -1
  outer loop
    vertex 57.00897728592645 49.42356762179094 -3
    vertex 57.687507921959735 48.3555595747211 -3
    vertex 57.25812262635385 47.91456498479117 -3
  endloop
endfacet
facet normal 0 0 -1
  outer loop
    vertex 57.00897728592645 49.42356762179094 -3
    vertex 57.25812262635385 47.91456498479117 -3
    vertex 56.27721688292589 49.294574874450774 -3
  endloop
endfacet
facet normal 0 0 -1
  outer loop
    vertex 52.626353391804145 53.85653809617403 -3
    vertex 53.68252938126306 52.36370650955752 -3
    vertex 52.273844132657445 53.61655025416599 -3
  endloop
endfacet
facet normal 0 0 -1
  outer loop
    vertex 49.437340477693944 57.13631302111793 -3
    vertex 49.34917059271562 56.52715455912873 -3
    vertex 48.260638282541635 57.60151938023771 -3
  endloop
endfacet
facet normal 0 0 -0.9999999999999999
  outer loop
    vertex 51.81224350042698 54.86962216005696 -3
    vertex 51.5884417250194 54.34466805985787 -3
    vertex 50.311738703966505 55.65389808653123 -3
  endloop
endfacet
facet normal 0 0 -1
  outer loop
    vertex 53.985696699272594 52.84718724266008 -3
    vertex 53.68252938126306 52.36370650955752 -3
    vertex 52.626353391804145 53.85653809617403 -3
  endloop
endfacet
facet normal 0 0 -0.9999999999999999
  outer loop
    vertex 48.82926235999608 58.0799994146186 -3
    vertex 49.437340477693944 57.13631302111793 -3
    vertex 48.260638282541635 57.60151938023771 -3
  endloop
endfacet
facet normal 0 0 -1
  outer loop
    vertex 50.90518051535497 56.10104373703213 -3
    vertex 51.81224350042698 54.86962216005696 -3
    vertex 50.311738703966505 55.65389808653123 -3
  endloop
endfacet
facet normal 0 0 -0.9999999999999999
  outer loop
    vertex 57.750247335723344 49.476437254248054 -3
    vertex 58.07999941461859 48.82926235999609 -3
    vertex 57.687507921959735 48.3555595747211 -3
  endloop
endfacet
facet normal 0 0 -1
  outer loop
    vertex 57.750247335723344 49.476437254248054 -3
    vertex 57.687507921959735 48.3555595747211 -3
    vertex 57.00897728592645 49.42356762179094 -3
  endloop
endfacet
facet normal 0 0 -0.9999999999999999
  outer loop
    vertex 49.47643725424805 57.750247335723365 -3
    vertex 49.437340477693944 57.13631302111793 -3
    vertex 48.82926235999608 58.0799994146186 -3
  endloop
endfacet
facet normal 0 0 -0.9999999999999999
  outer loop
    vertex 55.33387459010402 51.96109825913011 -3
    vertex 56.17112465555246 51.01238474043831 -3
    vertex 55.81601255822051 50.509648866684365 -3
  endloop
endfacet
facet normal 0 0 -1
  outer loop
    vertex 55.33387459010402 51.96109825913011 -3
    vertex 55.81601255822051 50.509648866684365 -3
    vertex 54.6313022833754 51.719221079379885 -3
  endloop
endfacet
facet normal 0 0 -1
  outer loop
    vertex 51.9946212459375 55.45748806174892 -3
    vertex 51.81224350042698 54.86962216005696 -3
    vertex 50.90518051535497 56.10104373703213 -3
  endloop
endfacet
facet normal 0 0 -1
  outer loop
    vertex 53.28243794036537 54.205343889424526 -3
    vertex 53.985696699272594 52.84718724266008 -3
    vertex 52.626353391804145 53.85653809617403 -3
  endloop
endfacet
facet normal 0 0 -1
  outer loop
    vertex 54.25779155994436 53.399285374541094 -3
    vertex 53.985696699272594 52.84718724266008 -3
    vertex 53.28243794036537 54.205343889424526 -3
  endloop
endfacet
facet normal 0 0 -1
  outer loop
    vertex 51.541654655049186 56.48468048483211 -3
    vertex 51.9946212459375 55.45748806174892 -3
    vertex 50.90518051535497 56.10104373703213 -3
  endloop
endfacet
facet normal 0 0 -1
  outer loop
    vertex 56.05774774285049 52.12927716236988 -3
    vertex 56.484680484832104 51.54165465504921 -3
    vertex 56.17112465555246 51.01238474043831 -3
  endloop
endfacet
facet normal 0 0 -1
  outer loop
    vertex 56.05774774285049 52.12927716236988 -3
    vertex 56.17112465555246 51.01238474043831 -3
    vertex 55.33387459010402 51.96109825913011 -3
  endloop
endfacet
facet normal 0 0 -0.9999999999999999
  outer loop
    vertex 52.129277162369874 56.05774774285051 -3
    vertex 51.9946212459375 55.45748806174892 -3
    vertex 51.541654655049186 56.48468048483211 -3
  endloop
endfacet
facet normal 0 0 -1
  outer loop
    vertex 53.97109003664353 54.48469094069541 -3
    vertex 54.25779155994436 53.399285374541094 -3
    vertex 53.28243794036537 54.205343889424526 -3
  endloop
endfacet
facet normal 0 0 -1
  outer loop
    vertex 54.4846909406954 53.97109003664355 -3
    vertex 54.25779155994436 53.399285374541094 -3
    vertex 53.97109003664353 54.48469094069541 -3
  endloop
endfacet
facet normal 0 0 0.9999999999999999
  outer loop
    vertex 25.84267651373883 26.701182699142326 0
    vertex 25.615777132987613 26.129378037039494 0
    vertex 26.129378037039476 25.61577713298764 0
  endloop
endfacet
facet normal 0 0 1
  outer loop
    vertex 26.81803013331764 25.89512418425852 0
    vertex 25.84267651373883 26.701182699142326 0
    vertex 26.129378037039476 25.61577713298764 0
  endloop
endfacet
facet normal 0 0 0.9999999999999999
  outer loop
    vertex 28.105846827745758 24.642980011935027 0
    vertex 27.971190911313144 24.042720330832537 0
    vertex 28.558813418633825 23.61578758885093 0
  endloop
endfacet
facet normal 0 0 1
  outer loop
    vertex 23.929343418130617 29.088083333244835 0
    vertex 23.615787588850907 28.558813418633843 0
    vertex 24.042720330832523 27.971190911313172 0
  endloop
endfacet
facet normal 0 0 1
  outer loop
    vertex 23.929343418130617 29.088083333244835 0
    vertex 24.042720330832523 27.971190911313172 0
    vertex 24.766593483578994 28.139369814552943 0
  endloop
endfacet
facet normal 0 0 1
  outer loop
    vertex 29.19528755832804 23.99942433665092 0
    vertex 28.105846827745758 24.642980011935027 0
    vertex 28.558813418633825 23.61578758885093 0
  endloop
endfacet
facet normal 0 0 1
  outer loop
    vertex 26.114771374410807 27.25328083102368 0
    vertex 25.84267651373883 26.701182699142326 0
    vertex 26.81803013331764 25.89512418425852 0
  endloop
endfacet
facet normal 0 0 1
  outer loop
    vertex 28.28822457325667 25.23084591362783 0
    vertex 28.105846827745758 24.642980011935027 0
    vertex 29.19528755832804 23.99942433665092 0
  endloop
endfacet
facet normal 0 0 1
  outer loop
    vertex 30.66312759598909 22.964155052565108 0
    vertex 30.624030819434974 22.350220737959674 0
    vertex 31.27120571368694 22.02046865906444 0
  endloop
endfacet
facet normal 0 0 1
  outer loop
    vertex 27.474114681878874 26.243929977509012 0
    vertex 26.114771374410807 27.25328083102368 0
    vertex 26.81803013331764 25.89512418425852 0
  endloop
endfacet
facet normal 0 0 1
  outer loop
    vertex 24.28445551546264 29.590819206998866 0
    vertex 23.929343418130617 29.088083333244835 0
    vertex 24.766593483578994 28.139369814552943 0
  endloop
endfacet
facet normal 0 0 1
  outer loop
    vertex 24.28445551546264 29.590819206998866 0
    vertex 24.766593483578994 28.139369814552943 0
    vertex 25.46916579030762 28.38124699430316 0
  endloop
endfacet
facet normal 0 0 1
  outer loop
    vertex 26.417938692420158 27.736761564125814 0
    vertex 26.114771374410807 27.25328083102368 0
    vertex 27.474114681878874 26.243929977509012 0
  endloop
endfacet
facet normal 0 0 0.9999999999999999
  outer loop
    vertex 22.412960151724103 31.74490849896288 0
    vertex 22.02046865906442 31.27120571368696 0
    vertex 22.350220737959667 30.624030819435 0
  endloop
endfacet
facet normal 0 0 1
  outer loop
    vertex 22.412960151724103 31.74490849896288 0
    vertex 22.350220737959667 30.624030819435 0
    vertex 23.091490787756562 30.676900451892124 0
  endloop
endfacet
facet normal 0 0 1
  outer loop
    vertex 29.788729369716517 24.44656998715181 0
    vertex 28.28822457325667 25.23084591362783 0
    vertex 29.19528755832804 23.99942433665092 0
  endloop
endfacet
facet normal 0 0 1
  outer loop
    vertex 28.512026348663973 25.755800013825898 0
    vertex 28.28822457325667 25.23084591362783 0
    vertex 29.788729369716517 24.44656998715181 0
  endloop
endfacet
facet normal 0 0 1
  outer loop
    vertex 27.82662394102401 26.48391781951587 0
    vertex 26.417938692420158 27.736761564125814 0
    vertex 27.474114681878874 26.243929977509012 0
  endloop
endfacet
facet normal 0 0 1
  outer loop
    vertex 31.839829791141376 22.49894869344533 0
    vertex 30.751297480967388 23.573313514554304 0
    vertex 30.66312759598909 22.964155052565108 0
  endloop
endfacet
facet normal 0 0 1
  outer loop
    vertex 31.839829791141376 22.49894869344533 0
    vertex 30.66312759598909 22.964155052565108 0
    vertex 31.27120571368694 22.02046865906444 0
  endloop
endfacet
facet normal 0 0 1
  outer loop
    vertex 24.65952339055017 30.02092167277592 0
    vertex 24.28445551546264 29.590819206998866 0
    vertex 25.46916579030762 28.38124699430316 0
  endloop
endfacet
facet normal 0 0 0.9999999999999999
  outer loop
    vertex 24.65952339055017 30.02092167277592 0
    vertex 25.46916579030762 28.38124699430316 0
    vertex 25.854877445197353 28.563135590361686 0
  endloop
endfacet
facet normal 0 0 1
  outer loop
    vertex 26.69139033003625 28.065694878727488 0
    vertex 27.82662394102401 26.48391781951587 0
    vertex 28.06569487872747 26.691390330036267 0
  endloop
endfacet
facet normal 0 0 0.9999999999999999
  outer loop
    vertex 26.69139033003625 28.065694878727488 0
    vertex 26.417938692420158 27.736761564125814 0
    vertex 27.82662394102401 26.48391781951587 0
  endloop
endfacet
facet normal 0 0 1
  outer loop
    vertex 26.72256103175225 28.0936588629989 0
    vertex 26.69139033003625 28.065694878727488 0
    vertex 28.06569487872747 26.691390330036267 0
  endloop
endfacet
facet normal 0 0 1
  outer loop
    vertex 28.093658862998886 26.722561031752267 0
    vertex 26.72256103175225 28.0936588629989 0
    vertex 28.06569487872747 26.691390330036267 0
  endloop
endfacet
facet normal 0 0 1
  outer loop
    vertex 30.099356285244397 24.73874777796152 0
    vertex 28.512026348663973 25.755800013825898 0
    vertex 29.788729369716517 24.44656998715181 0
  endloop
endfacet
facet normal 0 0 0.9999999999999999
  outer loop
    vertex 28.730654835750492 26.123460874136285 0
    vertex 28.512026348663973 25.755800013825898 0
    vertex 30.099356285244397 24.73874777796152 0
  endloop
endfacet
facet normal 0 0 1
  outer loop
    vertex 22.842345447330974 32.18590308889358 0
    vertex 22.412960151724103 31.74490849896288 0
    vertex 23.091490787756562 30.676900451892124 0
  endloop
endfacet
facet normal 0 0 1
  outer loop
    vertex 22.842345447330974 32.18590308889358 0
    vertex 23.091490787756562 30.676900451892124 0
    vertex 23.823251190757123 30.805893199232273 0
  endloop
endfacet
facet normal 0 0 1
  outer loop
    vertex 33.45155007882646 21.70604606323374 0
    vertex 33.50897513454426 21.093554215481543 0
    vertex 34.19976682198069 20.869102390239487 0
  endloop
endfacet
facet normal 0 0 1
  outer loop
    vertex 30.30302801179654 24.98106489184397 0
    vertex 28.730654835750492 26.123460874136285 0
    vertex 30.099356285244397 24.73874777796152 0
  endloop
endfacet
facet normal 0 0 1
  outer loop
    vertex 24.981064891843957 30.30302801179656 0
    vertex 24.65952339055017 30.02092167277592 0
    vertex 25.854877445197353 28.563135590361686 0
  endloop
endfacet
facet normal 0 0 1
  outer loop
    vertex 24.981064891843957 30.30302801179656 0
    vertex 25.854877445197353 28.563135590361686 0
    vertex 26.123460874136267 28.730654835750514 0
  endloop
endfacet
facet normal 0 0 1
  outer loop
    vertex 25.01622636141691 30.32577154097015 0
    vertex 24.981064891843957 30.30302801179656 0
    vertex 26.123460874136267 28.730654835750514 0
  endloop
endfacet
facet normal 0 0 1
  outer loop
    vertex 25.01622636141691 30.32577154097015 0
    vertex 26.123460874136267 28.730654835750514 0
    vertex 26.155956747405604 28.757067243483682 0
  endloop
endfacet
facet normal 0 0 0.9999999999999999
  outer loop
    vertex 30.325771540970134 25.016226361416926 0
    vertex 28.730654835750492 26.123460874136285 0
    vertex 30.30302801179654 24.98106489184397 0
  endloop
endfacet
facet normal 0 0 1
  outer loop
    vertex 30.325771540970134 25.016226361416926 0
    vertex 28.75706724348366 26.155956747405618 0
    vertex 28.730654835750492 26.123460874136285 0
  endloop
endfacet
facet normal 0 0 1
  outer loop
    vertex 32.35601635844026 23.03342399128995 0
    vertex 30.890222971306578 24.12681486967901 0
    vertex 30.751297480967388 23.573313514554304 0
  endloop
endfacet
facet normal 0 0 1
  outer loop
    vertex 32.35601635844026 23.03342399128995 0
    vertex 30.751297480967388 23.573313514554304 0
    vertex 31.839829791141376 22.49894869344533 0
  endloop
endfacet
facet normal 0 0 0.9999999999999999
  outer loop
    vertex 23.280078463632556 32.552036737209164 0
    vertex 22.842345447330974 32.18590308889358 0
    vertex 23.823251190757123 30.805893199232273 0
  endloop
endfacet
facet normal 0 0 1
  outer loop
    vertex 23.280078463632556 32.552036737209164 0
    vertex 23.823251190757123 30.805893199232273 0
    vertex 24.232667740344056 30.92520384845382 0
  endloop
endfacet
facet normal 0 0 1
  outer loop
    vertex 21.330865103124413 34.6062383432177 0
    vertex 20.869102390239473 34.19976682198072 0
    vertex 21.09355421548154 33.50897513454428 0
  endloop
endfacet
facet normal 0 0 1
  outer loop
    vertex 21.330865103124413 34.6062383432177 0
    vertex 21.09355421548154 33.50897513454428 0
    vertex 21.833968633568617 33.44523367040341 0
  endloop
endfacet
facet normal 0 0 1
  outer loop
    vertex 32.61711226478111 23.370597344012527 0
    vertex 31.04864494892513 24.524150245121092 0
    vertex 30.890222971306578 24.12681486967901 0
  endloop
endfacet
facet normal 0 0 1
  outer loop
    vertex 32.61711226478111 23.370597344012527 0
    vertex 30.890222971306578 24.12681486967901 0
    vertex 32.35601635844026 23.03342399128995 0
  endloop
endfacet
facet normal 0 0 1
  outer loop
    vertex 34.686539425253294 21.43064394477064 0
    vertex 33.45155007882646 21.70604606323374 0
    vertex 34.19976682198069 20.869102390239487 0
  endloop
endfacet
facet normal 0 0 1
  outer loop
    vertex 34.686539425253294 21.43064394477064 0
    vertex 33.44334106808515 22.321497582504676 0
    vertex 33.45155007882646 21.70604606323374 0
  endloop
endfacet
facet normal 0 0 1
  outer loop
    vertex 32.78036970632436 23.641792409706614 0
    vertex 31.04864494892513 24.524150245121092 0
    vertex 32.61711226478111 23.370597344012527 0
  endloop
endfacet
facet normal 0 0 0.9999999999999999
  outer loop
    vertex 23.641792409706603 32.78036970632438 0
    vertex 23.280078463632556 32.552036737209164 0
    vertex 24.232667740344056 30.92520384845382 0
  endloop
endfacet
facet normal 0 0 1
  outer loop
    vertex 23.641792409706603 32.78036970632438 0
    vertex 24.232667740344056 30.92520384845382 0
    vertex 24.524150245121074 31.048644948925148 0
  endloop
endfacet
facet normal 0 0 1
  outer loop
    vertex 23.641792409706603 32.78036970632438 0
    vertex 24.524150245121074 31.048644948925148 0
    vertex 24.56037785114082 31.069648701539343 0
  endloop
endfacet
facet normal 0 0 1
  outer loop
    vertex 32.79733275923043 23.68007885506141 0
    vertex 31.06964870153932 24.560377851140828 0
    vertex 31.04864494892513 24.524150245121092 0
  endloop
endfacet
facet normal 0 0 1
  outer loop
    vertex 32.79733275923043 23.68007885506141 0
    vertex 31.04864494892513 24.524150245121092 0
    vertex 32.78036970632436 23.641792409706614 0
  endloop
endfacet
facet normal 0 0 1
  outer loop
    vertex 23.680078855061392 32.79733275923044 0
    vertex 23.641792409706603 32.78036970632438 0
    vertex 24.56037785114082 31.069648701539343 0
  endloop
endfacet
facet normal 0 0 1
  outer loop
    vertex 21.82395070597917 34.974632898943064 0
    vertex 21.330865103124413 34.6062383432177 0
    vertex 21.833968633568617 33.44523367040341 0
  endloop
endfacet
facet normal 0 0 1
  outer loop
    vertex 21.82395070597917 34.974632898943064 0
    vertex 21.833968633568617 33.44523367040341 0
    vertex 22.57689876314569 33.45816575579159 0
  endloop
endfacet
facet normal 0 0 0.9999999999999999
  outer loop
    vertex 35.11276052205069 22.03928833430423 0
    vertex 33.493969466716656 22.889917152226495 0
    vertex 33.44334106808515 22.321497582504676 0
  endloop
endfacet
facet normal 0 0 1
  outer loop
    vertex 35.11276052205069 22.03928833430423 0
    vertex 33.44334106808515 22.321497582504676 0
    vertex 34.686539425253294 21.43064394477064 0
  endloop
endfacet
facet normal 0 0 1
  outer loop
    vertex 37.2723858496918 20.19003924108011 0
    vertex 36.4024540604866 20.89963186268212 0
    vertex 36.55498695302175 20.303664063818633 0
  endloop
endfacet
facet normal 0 0 1
  outer loop
    vertex 22.313570423881853 35.267782304248826 0
    vertex 21.82395070597917 34.974632898943064 0
    vertex 22.57689876314569 33.45816575579159 0
  endloop
endfacet
facet normal 0 0 0.9999999999999999
  outer loop
    vertex 22.313570423881853 35.267782304248826 0
    vertex 22.57689876314569 33.45816575579159 0
    vertex 22.999939013205932 33.51196063402365 0
  endloop
endfacet
facet normal 0 0 1
  outer loop
    vertex 35.3178963714624 22.41315492198177 0
    vertex 33.58828406000566 23.307143327175922 0
    vertex 33.493969466716656 22.889917152226495 0
  endloop
endfacet
facet normal 0 0 1
  outer loop
    vertex 35.3178963714624 22.41315492198177 0
    vertex 33.493969466716656 22.889917152226495 0
    vertex 35.11276052205069 22.03928833430423 0
  endloop
endfacet
facet normal 0 0 1
  outer loop
    vertex 35.43671958796595 22.706550216924953 0
    vertex 33.58828406000566 23.307143327175922 0
    vertex 35.3178963714624 22.41315492198177 0
  endloop
endfacet
facet normal 0 0 1
  outer loop
    vertex 22.706550216924946 35.43671958796597 0
    vertex 22.999939013205932 33.51196063402365 0
    vertex 23.30714332717591 33.588284060005684 0
  endloop
endfacet
facet normal 0 0 0.9999999999999999
  outer loop
    vertex 22.706550216924946 35.43671958796597 0
    vertex 22.313570423881853 35.267782304248826 0
    vertex 22.999939013205932 33.51196063402365 0
  endloop
endfacet
facet normal 0 0 1
  outer loop
    vertex 35.447484477944805 22.74701889871153 0
    vertex 33.60336197540406 23.34621062205333 0
    vertex 33.58828406000566 23.307143327175922 0
  endloop
endfacet
facet normal 0 0 1
  outer loop
    vertex 35.447484477944805 22.74701889871153 0
    vertex 33.58828406000566 23.307143327175922 0
    vertex 35.43671958796595 22.706550216924953 0
  endloop
endfacet
facet normal 0 0 1
  outer loop
    vertex 22.747018898711516 35.44748447794482 0
    vertex 23.30714332717591 33.588284060005684 0
    vertex 23.346210622053327 33.603361975404084 0
  endloop
endfacet
facet normal 0 0 1
  outer loop
    vertex 22.747018898711516 35.44748447794482 0
    vertex 22.706550216924946 35.43671958796597 0
    vertex 23.30714332717591 33.588284060005684 0
  endloop
endfacet
facet normal 0 0 1
  outer loop
    vertex 20.709703043696894 37.60161742903586 0
    vertex 20.190039241080104 37.27238584969183 0
    vertex 20.303664063818633 36.554986953021775 0
  endloop
endfacet
facet normal 0 0 1
  outer loop
    vertex 20.709703043696894 37.60161742903586 0
    vertex 20.303664063818633 36.554986953021775 0
    vertex 21.024991389928015 36.37620391867585 0
  endloop
endfacet
facet normal 0 0 1
  outer loop
    vertex 37.66532102178436 20.82081529903939 0
    vertex 36.298068287114226 21.506221980263973 0
    vertex 36.4024540604866 20.89963186268212 0
  endloop
endfacet
facet normal 0 0 1
  outer loop
    vertex 37.66532102178436 20.82081529903939 0
    vertex 36.4024540604866 20.89963186268212 0
    vertex 37.2723858496918 20.19003924108011 0
  endloop
endfacet
facet normal 0 0 1
  outer loop
    vertex 21.254347549800464 37.888340853962895 0
    vertex 21.024991389928015 36.37620391867585 0
    vertex 21.760797840647683 36.27275691125068 0
  endloop
endfacet
facet normal 0 0 1
  outer loop
    vertex 21.254347549800464 37.888340853962895 0
    vertex 20.709703043696894 37.60161742903586 0
    vertex 21.024991389928015 36.37620391867585 0
  endloop
endfacet
facet normal 0 0 1
  outer loop
    vertex 37.99108167013039 21.488641935416727 0
    vertex 36.298068287114226 21.506221980263973 0
    vertex 37.66532102178436 20.82081529903939 0
  endloop
endfacet
facet normal 0 0 1
  outer loop
    vertex 37.99108167013039 21.488641935416727 0
    vertex 36.259152954837795 22.075563388299855 0
    vertex 36.298068287114226 21.506221980263973 0
  endloop
endfacet
facet normal 0 0 1
  outer loop
    vertex 21.78379790689433 38.10128770499256 0
    vertex 21.254347549800464 37.888340853962895 0
    vertex 21.760797840647683 36.27275691125068 0
  endloop
endfacet
facet normal 0 0 1
  outer loop
    vertex 21.78379790689433 38.10128770499256 0
    vertex 21.760797840647683 36.27275691125068 0
    vertex 22.18704513623168 36.25971141005554 0
  endloop
endfacet
facet normal 0 0 0.9999999999999999
  outer loop
    vertex 38.1352063371919 21.889995921864703 0
    vertex 36.259152954837795 22.075563388299855 0
    vertex 37.99108167013039 21.488641935416727 0
  endloop
endfacet
facet normal 0 0 1
  outer loop
    vertex 38.1352063371919 21.889995921864703 0
    vertex 36.287037825498324 22.50240686963499 0
    vertex 36.259152954837795 22.075563388299855 0
  endloop
endfacet
facet normal 0 0 1
  outer loop
    vertex 38.20666950671547 22.198367080176162 0
    vertex 36.287037825498324 22.50240686963499 0
    vertex 38.1352063371919 21.889995921864703 0
  endloop
endfacet
facet normal 0 0 0.9999999999999999
  outer loop
    vertex 22.198367080176155 38.20666950671549 0
    vertex 21.78379790689433 38.10128770499256 0
    vertex 22.18704513623168 36.25971141005554 0
  endloop
endfacet
facet normal 0 0 1
  outer loop
    vertex 22.198367080176155 38.20666950671549 0
    vertex 22.18704513623168 36.25971141005554 0
    vertex 22.50240686963498 36.287037825498345 0
  endloop
endfacet
facet normal 0 0 1
  outer loop
    vertex 22.198367080176155 38.20666950671549 0
    vertex 22.50240686963498 36.287037825498345 0
    vertex 22.543351886913268 36.295818635363105 0
  endloop
endfacet
facet normal 0 0 1
  outer loop
    vertex 40.41340471892012 20 0
    vertex 39.44317849145223 20.564769044862935 0
    vertex 39.687063354762905 19.999999999999996 0
  endloop
endfacet
facet normal 0 0 1
  outer loop
    vertex 38.21097116644921 22.240021525141078 0
    vertex 36.287037825498324 22.50240686963499 0
    vertex 38.20666950671547 22.198367080176162 0
  endloop
endfacet
facet normal 0 0 1
  outer loop
    vertex 38.21097116644921 22.240021525141078 0
    vertex 36.295818635363084 22.543351886913268 0
    vertex 36.287037825498324 22.50240686963499 0
  endloop
endfacet
facet normal 0 0 1
  outer loop
    vertex 22.240021525141064 38.21097116644923 0
    vertex 22.198367080176155 38.20666950671549 0
    vertex 22.543351886913268 36.295818635363105 0
  endloop
endfacet
facet normal 0 0 0.9999999999999999
  outer loop
    vertex 20.56476904486285 40.65728958223079 0
    vertex 20 40.41340471892014 0
    vertex 20.000000000000004 39.68706335476292 0
  endloop
endfacet
facet normal 0 0 1
  outer loop
    vertex 20.56476904486285 40.65728958223079 0
    vertex 20.000000000000004 39.68706335476292 0
    vertex 20.68447876141473 39.397640981864406 0
  endloop
endfacet
facet normal 0 0 1
  outer loop
    vertex 40.702827091818634 20.684478761414734 0
    vertex 39.44317849145223 20.564769044862935 0
    vertex 40.41340471892012 20 0
  endloop
endfacet
facet normal 0 0 1
  outer loop
    vertex 40.702827091818634 20.684478761414734 0
    vertex 39.245186279625706 21.147561498903528 0
    vertex 39.44317849145223 20.564769044862935 0
  endloop
endfacet
facet normal 0 0 1
  outer loop
    vertex 21.147561498903368 40.855281794057284 0
    vertex 20.56476904486285 40.65728958223079 0
    vertex 20.68447876141473 39.397640981864406 0
  endloop
endfacet
facet normal 0 0 1
  outer loop
    vertex 21.147561498903368 40.855281794057284 0
    vertex 20.68447876141473 39.397640981864406 0
    vertex 21.39504353645867 39.180362090269625 0
  endloop
endfacet
facet normal 0 0 0.9999999999999999
  outer loop
    vertex 40.92010598341342 21.39504353645867 0
    vertex 39.117685441074585 21.70380567025196 0
    vertex 39.245186279625706 21.147561498903528 0
  endloop
endfacet
facet normal 0 0 1
  outer loop
    vertex 40.92010598341342 21.39504353645867 0
    vertex 39.245186279625706 21.147561498903528 0
    vertex 40.702827091818634 20.684478761414734 0
  endloop
endfacet
facet normal 0 0 1
  outer loop
    vertex 21.70380567025188 40.982782632608455 0
    vertex 21.39504353645867 39.180362090269625 0
    vertex 21.81400225451843 39.10079743318218 0
  endloop
endfacet
facet normal 0 0 0.9999999999999999
  outer loop
    vertex 21.70380567025188 40.982782632608455 0
    vertex 21.147561498903368 40.855281794057284 0
    vertex 21.39504353645867 39.180362090269625 0
  endloop
endfacet
facet normal 0 0 1
  outer loop
    vertex 40.999670640499886 21.814002254511333 0
    vertex 39.078453971046436 22.129756154850128 0
    vertex 39.117685441074585 21.70380567025196 0
  endloop
endfacet
facet normal 0 0 1
  outer loop
    vertex 40.999670640499886 21.814002254511333 0
    vertex 39.117685441074585 21.70380567025196 0
    vertex 40.92010598341342 21.39504353645867 0
  endloop
endfacet
facet normal 0 0 1
  outer loop
    vertex 41.02201410263659 22.129756154850128 0
    vertex 39.08072146269685 22.171570692315164 0
    vertex 39.078453971046436 22.129756154850128 0
  endloop
endfacet
facet normal 0 0 1
  outer loop
    vertex 41.02201410263659 22.129756154850128 0
    vertex 39.078453971046436 22.129756154850128 0
    vertex 40.999670640499886 21.814002254511333 0
  endloop
endfacet
facet normal 0 0 0.9999999999999999
  outer loop
    vertex 22.129756154850124 41.02201410263661 0
    vertex 21.81400225451843 39.10079743318218 0
    vertex 22.129756154850124 39.07845397104645 0
  endloop
endfacet
facet normal 0 0 1
  outer loop
    vertex 22.129756154850124 41.02201410263661 0
    vertex 21.70380567025188 40.982782632608455 0
    vertex 21.81400225451843 39.10079743318218 0
  endloop
endfacet
facet normal 0 0 1
  outer loop
    vertex 41.01974661098618 22.17157069231517 0
    vertex 39.08072146269685 22.171570692315164 0
    vertex 41.02201410263659 22.129756154850128 0
  endloop
endfacet
facet normal 0 0 1
  outer loop
    vertex 22.171570692315157 41.019746610986196 0
    vertex 22.129756154850124 39.07845397104645 0
    vertex 22.171570692315164 39.08072146269687 0
  endloop
endfacet
facet normal 0 0 0.9999999999999999
  outer loop
    vertex 22.171570692315157 41.019746610986196 0
    vertex 22.129756154850124 41.02201410263661 0
    vertex 22.129756154850124 39.07845397104645 0
  endloop
endfacet
facet normal 0 0 1
  outer loop
    vertex 43.54548112066127 20.30366406381863 0
    vertex 42.498850644647156 20.709703043696955 0
    vertex 42.82808222399122 20.1900392410801 0
  endloop
endfacet
facet normal 0 0 1
  outer loop
    vertex 20.8996318626821 43.69801401319645 0
    vertex 20.303664063818633 43.54548112066129 0
    vertex 20.19003924108011 42.82808222399124 0
  endloop
endfacet
facet normal 0 0 1
  outer loop
    vertex 20.8996318626821 43.69801401319645 0
    vertex 20.19003924108011 42.82808222399124 0
    vertex 20.820815299039385 42.43514705189868 0
  endloop
endfacet
facet normal 0 0 0.9999999999999999
  outer loop
    vertex 43.7242641550072 21.024991389928015 0
    vertex 42.212127219720095 21.25434754980058 0
    vertex 42.498850644647156 20.709703043696955 0
  endloop
endfacet
facet normal 0 0 1
  outer loop
    vertex 43.7242641550072 21.024991389928015 0
    vertex 42.498850644647156 20.709703043696955 0
    vertex 43.54548112066127 20.30366406381863 0
  endloop
endfacet
facet normal 0 0 0.9999999999999999
  outer loop
    vertex 21.506221980263916 43.802399786568806 0
    vertex 20.820815299039385 42.43514705189868 0
    vertex 21.488641935416723 42.109386403552655 0
  endloop
endfacet
facet normal 0 0 1
  outer loop
    vertex 21.506221980263916 43.802399786568806 0
    vertex 20.8996318626821 43.69801401319645 0
    vertex 20.820815299039385 42.43514705189868 0
  endloop
endfacet
facet normal 0 0 1
  outer loop
    vertex 43.82771116243237 21.760797840647683 0
    vertex 42.212127219720095 21.25434754980058 0
    vertex 43.7242641550072 21.024991389928015 0
  endloop
endfacet
facet normal 0 0 1
  outer loop
    vertex 43.82771116243237 21.760797840647683 0
    vertex 41.999180368690475 21.78379790689438 0
    vertex 42.212127219720095 21.25434754980058 0
  endloop
endfacet
facet normal 0 0 0.9999999999999999
  outer loop
    vertex 22.075563388299834 43.84131511884525 0
    vertex 21.506221980263916 43.802399786568806 0
    vertex 21.488641935416723 42.109386403552655 0
  endloop
endfacet
facet normal 0 0 1
  outer loop
    vertex 22.075563388299834 43.84131511884525 0
    vertex 21.488641935416723 42.109386403552655 0
    vertex 21.889995921862194 41.965261736491904 0
  endloop
endfacet
facet normal 0 0 1
  outer loop
    vertex 43.8407566636275 22.187045136232125 0
    vertex 41.999180368690475 21.78379790689438 0
    vertex 43.82771116243237 21.760797840647683 0
  endloop
endfacet
facet normal 0 0 1
  outer loop
    vertex 43.8407566636275 22.187045136232125 0
    vertex 41.893798566967554 22.19836708017616 0
    vertex 41.999180368690475 21.78379790689438 0
  endloop
endfacet
facet normal 0 0 1
  outer loop
    vertex 43.8134302481847 22.502406869634985 0
    vertex 41.893798566967554 22.19836708017616 0
    vertex 43.8407566636275 22.187045136232125 0
  endloop
endfacet
facet normal 0 0 1
  outer loop
    vertex 22.502406869634985 43.813430248184716 0
    vertex 22.075563388299834 43.84131511884525 0
    vertex 21.889995921862194 41.965261736491904 0
  endloop
endfacet
facet normal 0 0 1
  outer loop
    vertex 22.502406869634985 43.813430248184716 0
    vertex 21.889995921862194 41.965261736491904 0
    vertex 22.19836708017616 41.89379856696757 0
  endloop
endfacet
facet normal 0 0 1
  outer loop
    vertex 43.80464943831994 22.543351886913275 0
    vertex 41.893798566967554 22.19836708017616 0
    vertex 43.8134302481847 22.502406869634985 0
  endloop
endfacet
facet normal 0 0 1
  outer loop
    vertex 43.80464943831994 22.543351886913275 0
    vertex 41.88949690723381 22.24002152514107 0
    vertex 41.893798566967554 22.19836708017616 0
  endloop
endfacet
facet normal 0 0 1
  outer loop
    vertex 22.54335188691326 43.80464943831996 0
    vertex 22.502406869634985 43.813430248184716 0
    vertex 22.19836708017616 41.89379856696757 0
  endloop
endfacet
facet normal 0 0 1
  outer loop
    vertex 22.54335188691326 43.80464943831996 0
    vertex 22.19836708017616 41.89379856696757 0
    vertex 22.24002152514107 41.889496907233834 0
  endloop
endfacet
facet normal 0 0 1
  outer loop
    vertex 46.59149293913877 21.093554215481536 0
    vertex 45.494229730465406 21.330865103124356 0
    vertex 45.90070125170234 20.86910239023947 0
  endloop
endfacet
facet normal 0 0 1
  outer loop
    vertex 21.70604606323412 46.64891799485661 0
    vertex 21.093554215481543 46.59149293913879 0
    vertex 20.869102390239483 45.900701251702344 0
  endloop
endfacet
facet normal 0 0 1
  outer loop
    vertex 21.70604606323412 46.64891799485661 0
    vertex 20.869102390239483 45.900701251702344 0
    vertex 21.43064394477063 45.413928648429746 0
  endloop
endfacet
facet normal 0 0 1
  outer loop
    vertex 46.655234403279636 21.833968633568617 0
    vertex 45.494229730465406 21.330865103124356 0
    vertex 46.59149293913877 21.093554215481536 0
  endloop
endfacet
facet normal 0 0 1
  outer loop
    vertex 46.655234403279636 21.833968633568617 0
    vertex 45.12583517474007 21.823950705979048 0
    vertex 45.494229730465406 21.330865103124356 0
  endloop
endfacet
facet normal 0 0 0.9999999999999999
  outer loop
    vertex 22.32149758250544 46.65712700559787 0
    vertex 21.43064394477063 45.413928648429746 0
    vertex 22.039288334304228 44.987707551632354 0
  endloop
endfacet
facet normal 0 0 0.9999999999999999
  outer loop
    vertex 22.32149758250544 46.65712700559787 0
    vertex 21.70604606323412 46.64891799485661 0
    vertex 21.43064394477063 45.413928648429746 0
  endloop
endfacet
facet normal 0 0 1
  outer loop
    vertex 46.642302317891456 22.576898763145692 0
    vertex 45.12583517474007 21.823950705979048 0
    vertex 46.655234403279636 21.833968633568617 0
  endloop
endfacet
facet normal 0 0 1
  outer loop
    vertex 46.642302317891456 22.576898763145692 0
    vertex 44.832685769434256 22.3135704238818 0
    vertex 45.12583517474007 21.823950705979048 0
  endloop
endfacet
facet normal 0 0 1
  outer loop
    vertex 22.88991715222682 46.60649860696634 0
    vertex 22.32149758250544 46.65712700559787 0
    vertex 22.039288334304228 44.987707551632354 0
  endloop
endfacet
facet normal 0 0 1
  outer loop
    vertex 22.88991715222682 46.60649860696634 0
    vertex 22.039288334304228 44.987707551632354 0
    vertex 22.413154921983026 44.78257170222003 0
  endloop
endfacet
facet normal 0 0 1
  outer loop
    vertex 46.588507439660155 22.99993901320171 0
    vertex 44.832685769434256 22.3135704238818 0
    vertex 46.642302317891456 22.576898763145692 0
  endloop
endfacet
facet normal 0 0 1
  outer loop
    vertex 46.588507439660155 22.99993901320171 0
    vertex 44.66374848571708 22.70655021692495 0
    vertex 44.832685769434256 22.3135704238818 0
  endloop
endfacet
facet normal 0 0 1
  outer loop
    vertex 46.51218401367736 23.307143327175915 0
    vertex 44.66374848571708 22.70655021692495 0
    vertex 46.588507439660155 22.99993901320171 0
  endloop
endfacet
facet normal 0 0 1
  outer loop
    vertex 23.30714332717592 46.51218401367738 0
    vertex 22.413154921983026 44.78257170222003 0
    vertex 22.70655021692495 44.66374848571709 0
  endloop
endfacet
facet normal 0 0 1
  outer loop
    vertex 23.30714332717592 46.51218401367738 0
    vertex 22.88991715222682 46.60649860696634 0
    vertex 22.413154921983026 44.78257170222003 0
  endloop
endfacet
facet normal 0 0 1
  outer loop
    vertex 46.49710609827897 23.346210622053334 0
    vertex 44.66374848571708 22.70655021692495 0
    vertex 46.51218401367736 23.307143327175915 0
  endloop
endfacet
facet normal 0 0 1
  outer loop
    vertex 46.49710609827897 23.346210622053334 0
    vertex 44.65298359573823 22.747018898711524 0
    vertex 44.66374848571708 22.70655021692495 0
  endloop
endfacet
facet normal 0 0 1
  outer loop
    vertex 23.346210622053324 46.497106098278984 0
    vertex 22.70655021692495 44.66374848571709 0
    vertex 22.747018898711524 44.652983595738235 0
  endloop
endfacet
facet normal 0 0 1
  outer loop
    vertex 23.346210622053324 46.497106098278984 0
    vertex 23.30714332717592 46.51218401367738 0
    vertex 22.70655021692495 44.66374848571709 0
  endloop
endfacet
facet normal 0 0 1
  outer loop
    vertex 49.476437254248054 22.350220737959663 0
    vertex 48.3555595747209 22.412960151723468 0
    vertex 48.82926235999609 22.02046865906442 0
  endloop
endfacet
facet normal 0 0 1
  outer loop
    vertex 22.964155052565243 49.437340477693944 0
    vertex 22.350220737959674 49.47643725424807 0
    vertex 22.020468659064434 48.82926235999609 0
  endloop
endfacet
facet normal 0 0 1
  outer loop
    vertex 22.964155052565243 49.437340477693944 0
    vertex 22.020468659064434 48.82926235999609 0
    vertex 22.498948693445325 48.26063828254166 0
  endloop
endfacet
facet normal 0 0 1
  outer loop
    vertex 49.42356762179092 23.091490787756562 0
    vertex 47.914564984790786 22.842345447329564 0
    vertex 48.3555595747209 22.412960151723468 0
  endloop
endfacet
facet normal 0 0 1
  outer loop
    vertex 49.42356762179092 23.091490787756562 0
    vertex 48.3555595747209 22.412960151723468 0
    vertex 49.476437254248054 22.350220737959663 0
  endloop
endfacet
facet normal 0 0 1
  outer loop
    vertex 23.57331351455457 49.349170592715595 0
    vertex 22.498948693445325 48.26063828254166 0
    vertex 23.033423991289947 47.74445171524279 0
  endloop
endfacet
facet normal 0 0 1
  outer loop
    vertex 23.57331351455457 49.349170592715595 0
    vertex 22.964155052565243 49.437340477693944 0
    vertex 22.498948693445325 48.26063828254166 0
  endloop
endfacet
facet normal 0 0 0.9999999999999999
  outer loop
    vertex 49.29457487445078 23.823251190757123 0
    vertex 47.914564984790786 22.842345447329564 0
    vertex 49.42356762179092 23.091490787756562 0
  endloop
endfacet
facet normal 0 0 1
  outer loop
    vertex 49.29457487445078 23.823251190757123 0
    vertex 47.54843133647438 23.280078463631895 0
    vertex 47.914564984790786 22.842345447329564 0
  endloop
endfacet
facet normal 0 0 0.9999999999999999
  outer loop
    vertex 24.126814869679112 49.210245102376426 0
    vertex 23.033423991289947 47.74445171524279 0
    vertex 23.37059734401538 47.48335580889994 0
  endloop
endfacet
facet normal 0 0 0.9999999999999999
  outer loop
    vertex 24.126814869679112 49.210245102376426 0
    vertex 23.57331351455457 49.349170592715595 0
    vertex 23.033423991289947 47.74445171524279 0
  endloop
endfacet
facet normal 0 0 0.9999999999999999
  outer loop
    vertex 49.175264225228865 24.232667740345114 0
    vertex 47.54843133647438 23.280078463631895 0
    vertex 49.29457487445078 23.823251190757123 0
  endloop
endfacet
facet normal 0 0 1
  outer loop
    vertex 49.175264225228865 24.232667740345114 0
    vertex 47.32009836735867 23.641792409706607 0
    vertex 47.54843133647438 23.280078463631895 0
  endloop
endfacet
facet normal 0 0 1
  outer loop
    vertex 49.0518231247579 24.524150245121078 0
    vertex 47.32009836735867 23.641792409706607 0
    vertex 49.175264225228865 24.232667740345114 0
  endloop
endfacet
facet normal 0 0 1
  outer loop
    vertex 49.0518231247579 24.524150245121078 0
    vertex 47.303135314452604 23.6800788550614 0
    vertex 47.32009836735867 23.641792409706607 0
  endloop
endfacet
facet normal 0 0 1
  outer loop
    vertex 24.524150245121085 49.05182312475792 0
    vertex 23.37059734401538 47.48335580889994 0
    vertex 23.641792409706607 47.32009836735868 0
  endloop
endfacet
facet normal 0 0 1
  outer loop
    vertex 24.524150245121085 49.05182312475792 0
    vertex 23.641792409706607 47.32009836735868 0
    vertex 23.680078855061403 47.30313531445261 0
  endloop
endfacet
facet normal 0 0 1
  outer loop
    vertex 24.524150245121085 49.05182312475792 0
    vertex 24.126814869679112 49.210245102376426 0
    vertex 23.37059734401538 47.48335580889994 0
  endloop
endfacet
facet normal 0 0 1
  outer loop
    vertex 49.03081937214371 24.560377851140828 0
    vertex 47.303135314452604 23.6800788550614 0
    vertex 49.0518231247579 24.524150245121078 0
  endloop
endfacet
facet normal 0 0 1
  outer loop
    vertex 24.56037785114082 49.030819372143725 0
    vertex 24.524150245121085 49.05182312475792 0
    vertex 23.680078855061403 47.30313531445261 0
  endloop
endfacet
facet normal 0 0 1
  outer loop
    vertex 37.407380708081035 37.83261678342298 0
    vertex 25.01622636141691 30.32577154097015 0
    vertex 26.155956747405604 28.757067243483682 0
  endloop
endfacet
facet normal 0 0 1
  outer loop
    vertex 37.407380708081035 37.83261678342298 0
    vertex 26.155956747405604 28.757067243483682 0
    vertex 26.72256103175225 28.0936588629989 0
  endloop
endfacet
facet normal 0 0 1
  outer loop
    vertex 37.83261678342295 37.407380708081064 0
    vertex 28.093658862998886 26.722561031752267 0
    vertex 28.75706724348366 26.155956747405618 0
  endloop
endfacet
facet normal 0 0 1
  outer loop
    vertex 37.83261678342295 37.407380708081064 0
    vertex 37.407380708081035 37.83261678342298 0
    vertex 26.72256103175225 28.0936588629989 0
  endloop
endfacet
facet normal 0 0 1
  outer loop
    vertex 37.83261678342295 37.407380708081064 0
    vertex 28.75706724348366 26.155956747405618 0
    vertex 30.325771540970134 25.016226361416926 0
  endloop
endfacet
facet normal 0 0 1
  outer loop
    vertex 37.83261678342295 37.407380708081064 0
    vertex 26.72256103175225 28.0936588629989 0
    vertex 28.093658862998886 26.722561031752267 0
  endloop
endfacet
facet normal 0 0 0.9999999999999999
  outer loop
    vertex 38.32523403684151 37.06244639378522 0
    vertex 30.325771540970134 25.016226361416926 0
    vertex 31.06964870153932 24.560377851140828 0
  endloop
endfacet
facet normal 0 0 1
  outer loop
    vertex 38.32523403684151 37.06244639378522 0
    vertex 31.06964870153932 24.560377851140828 0
    vertex 32.79733275923043 23.68007885506141 0
  endloop
endfacet
facet normal 0 0 1
  outer loop
    vertex 38.32523403684151 37.06244639378522 0
    vertex 37.83261678342295 37.407380708081064 0
    vertex 30.325771540970134 25.016226361416926 0
  endloop
endfacet
facet normal 0 0 1
  outer loop
    vertex 37.0624463937852 38.325234036841536 0
    vertex 25.01622636141691 30.32577154097015 0
    vertex 37.407380708081035 37.83261678342298 0
  endloop
endfacet
facet normal 0 0 0.9999999999999999
  outer loop
    vertex 37.0624463937852 38.325234036841536 0
    vertex 23.680078855061392 32.79733275923044 0
    vertex 24.56037785114082 31.069648701539343 0
  endloop
endfacet
facet normal 0 0 1
  outer loop
    vertex 37.0624463937852 38.325234036841536 0
    vertex 24.56037785114082 31.069648701539343 0
    vertex 25.01622636141691 30.32577154097015 0
  endloop
endfacet
facet normal 0 0 1
  outer loop
    vertex 38.87026454236795 36.80829449513015 0
    vertex 32.79733275923043 23.68007885506141 0
    vertex 33.60336197540406 23.34621062205333 0
  endloop
endfacet
facet normal 0 0 1
  outer loop
    vertex 38.87026454236795 36.80829449513015 0
    vertex 33.60336197540406 23.34621062205333 0
    vertex 35.447484477944805 22.74701889871153 0
  endloop
endfacet
facet normal 0 0 1
  outer loop
    vertex 38.87026454236795 36.80829449513015 0
    vertex 38.32523403684151 37.06244639378522 0
    vertex 32.79733275923043 23.68007885506141 0
  endloop
endfacet
facet normal 0 0 1
  outer loop
    vertex 36.80829449513013 38.87026454236798 0
    vertex 23.680078855061392 32.79733275923044 0
    vertex 37.0624463937852 38.325234036841536 0
  endloop
endfacet
facet normal 0 0 1
  outer loop
    vertex 36.80829449513013 38.87026454236798 0
    vertex 23.346210622053327 33.603361975404084 0
    vertex 23.680078855061392 32.79733275923044 0
  endloop
endfacet
facet normal 0 0 1
  outer loop
    vertex 36.80829449513013 38.87026454236798 0
    vertex 22.747018898711516 35.44748447794482 0
    vertex 23.346210622053327 33.603361975404084 0
  endloop
endfacet
facet normal 0 0 1
  outer loop
    vertex 39.4511478238906 36.65264728894942 0
    vertex 38.87026454236795 36.80829449513015 0
    vertex 35.447484477944805 22.74701889871153 0
  endloop
endfacet
facet normal 0 0 1
  outer loop
    vertex 39.4511478238906 36.65264728894942 0
    vertex 36.295818635363084 22.543351886913268 0
    vertex 38.21097116644921 22.240021525141078 0
  endloop
endfacet
facet normal 0 0 1
  outer loop
    vertex 39.4511478238906 36.65264728894942 0
    vertex 35.447484477944805 22.74701889871153 0
    vertex 36.295818635363084 22.543351886913268 0
  endloop
endfacet
facet normal 0 0 1
  outer loop
    vertex 36.652647288949396 39.45114782389063 0
    vertex 22.240021525141064 38.21097116644923 0
    vertex 22.543351886913268 36.295818635363105 0
  endloop
endfacet
facet normal 0 0 1
  outer loop
    vertex 36.652647288949396 39.45114782389063 0
    vertex 22.747018898711516 35.44748447794482 0
    vertex 36.80829449513013 38.87026454236798 0
  endloop
endfacet
facet normal 0 0 1
  outer loop
    vertex 36.652647288949396 39.45114782389063 0
    vertex 22.543351886913268 36.295818635363105 0
    vertex 22.747018898711516 35.44748447794482 0
  endloop
endfacet
facet normal 0 0 1
  outer loop
    vertex 52.12927716236988 24.042720330832523 0
    vertex 51.01238474043872 23.9293434181303 0
    vertex 51.541654655049214 23.61578758885091 0
  endloop
endfacet
facet normal 0 0 1
  outer loop
    vertex 24.64298001193501 51.99462124593728 0
    vertex 24.042720330832534 52.12927716236989 0
    vertex 23.615787588850925 51.541654655049214 0
  endloop
endfacet
facet normal 0 0 1
  outer loop
    vertex 24.64298001193501 51.99462124593728 0
    vertex 23.615787588850925 51.541654655049214 0
    vertex 23.999424336650915 50.90518051535499 0
  endloop
endfacet
facet normal 0 0 1
  outer loop
    vertex 40.05023403684151 36.60023403684153 0
    vertex 38.21097116644921 22.240021525141078 0
    vertex 39.08072146269685 22.171570692315164 0
  endloop
endfacet
facet normal 0 0 0.9999999999999999
  outer loop
    vertex 40.05023403684151 36.60023403684153 0
    vertex 41.01974661098618 22.17157069231517 0
    vertex 41.88949690723381 22.24002152514107 0
  endloop
endfacet
facet normal 0 0 1
  outer loop
    vertex 40.05023403684151 36.60023403684153 0
    vertex 39.08072146269685 22.171570692315164 0
    vertex 41.01974661098618 22.17157069231517 0
  endloop
endfacet
facet normal 0 0 1
  outer loop
    vertex 40.05023403684151 36.60023403684153 0
    vertex 39.4511478238906 36.65264728894942 0
    vertex 38.21097116644921 22.240021525141078 0
  endloop
endfacet
facet normal 0 0 1
  outer loop
    vertex 36.60023403684151 40.05023403684154 0
    vertex 22.171570692315157 41.019746610986196 0
    vertex 22.171570692315164 39.08072146269687 0
  endloop
endfacet
facet normal 0 0 1
  outer loop
    vertex 36.60023403684151 40.05023403684154 0
    vertex 22.24002152514107 41.889496907233834 0
    vertex 22.171570692315157 41.019746610986196 0
  endloop
endfacet
facet normal 0 0 1
  outer loop
    vertex 36.60023403684151 40.05023403684154 0
    vertex 22.240021525141064 38.21097116644923 0
    vertex 36.652647288949396 39.45114782389063 0
  endloop
endfacet
facet normal 0 0 1
  outer loop
    vertex 36.60023403684151 40.05023403684154 0
    vertex 22.171570692315164 39.08072146269687 0
    vertex 22.240021525141064 38.21097116644923 0
  endloop
endfacet
facet normal 0 0 1
  outer loop
    vertex 51.961098259130104 24.766593483578994 0
    vertex 50.50964886668512 24.284455515461907 0
    vertex 51.01238474043872 23.9293434181303 0
  endloop
endfacet
facet normal 0 0 1
  outer loop
    vertex 51.961098259130104 24.766593483578994 0
    vertex 51.01238474043872 23.9293434181303 0
    vertex 52.12927716236988 24.042720330832523 0
  endloop
endfacet
facet normal 0 0 0.9999999999999999
  outer loop
    vertex 25.230845913627796 51.812243500426376 0
    vertex 24.64298001193501 51.99462124593728 0
    vertex 23.999424336650915 50.90518051535499 0
  endloop
endfacet
facet normal 0 0 1
  outer loop
    vertex 25.230845913627796 51.812243500426376 0
    vertex 23.999424336650915 50.90518051535499 0
    vertex 24.446569987151808 50.311738703966526 0
  endloop
endfacet
facet normal 0 0 1
  outer loop
    vertex 51.71922107937989 25.46916579030762 0
    vertex 50.079546400907496 24.659523390549815 0
    vertex 50.50964886668512 24.284455515461907 0
  endloop
endfacet
facet normal 0 0 1
  outer loop
    vertex 51.71922107937989 25.46916579030762 0
    vertex 50.50964886668512 24.284455515461907 0
    vertex 51.961098259130104 24.766593483578994 0
  endloop
endfacet
facet normal 0 0 1
  outer loop
    vertex 40.64932024979242 36.65264728894941 0
    vertex 41.88949690723381 22.24002152514107 0
    vertex 43.80464943831994 22.543351886913275 0
  endloop
endfacet
facet normal 0 0 1
  outer loop
    vertex 40.64932024979242 36.65264728894941 0
    vertex 40.05023403684151 36.60023403684153 0
    vertex 41.88949690723381 22.24002152514107 0
  endloop
endfacet
facet normal 0 0 1
  outer loop
    vertex 40.64932024979242 36.65264728894941 0
    vertex 43.80464943831994 22.543351886913275 0
    vertex 44.65298359573823 22.747018898711524 0
  endloop
endfacet
facet normal 0 0 1
  outer loop
    vertex 36.652647288949396 40.649320249792446 0
    vertex 22.24002152514107 41.889496907233834 0
    vertex 36.60023403684151 40.05023403684154 0
  endloop
endfacet
facet normal 0 0 0.9999999999999999
  outer loop
    vertex 36.652647288949396 40.649320249792446 0
    vertex 22.54335188691326 43.80464943831996 0
    vertex 22.24002152514107 41.889496907233834 0
  endloop
endfacet
facet normal 0 0 0.9999999999999999
  outer loop
    vertex 36.652647288949396 40.649320249792446 0
    vertex 22.747018898711524 44.652983595738235 0
    vertex 22.54335188691326 43.80464943831996 0
  endloop
endfacet
facet normal 0 0 0.9999999999999999
  outer loop
    vertex 25.755800013825876 51.58844172501907 0
    vertex 25.230845913627796 51.812243500426376 0
    vertex 24.446569987151808 50.311738703966526 0
  endloop
endfacet
facet normal 0 0 1
  outer loop
    vertex 25.755800013825876 51.58844172501907 0
    vertex 24.446569987151808 50.311738703966526 0
    vertex 24.738747777963383 50.00111178843685 0
  endloop
endfacet
facet normal 0 0 1
  outer loop
    vertex 51.53733248332157 25.85487744519697 0
    vertex 50.079546400907496 24.659523390549815 0
    vertex 51.71922107937989 25.46916579030762 0
  endloop
endfacet
facet normal 0 0 1
  outer loop
    vertex 51.53733248332157 25.85487744519697 0
    vertex 49.79744006188649 24.981064891843964 0
    vertex 50.079546400907496 24.659523390549815 0
  endloop
endfacet
facet normal 0 0 0.9999999999999999
  outer loop
    vertex 51.36981323793254 26.12346087413627 0
    vertex 49.79744006188649 24.981064891843964 0
    vertex 51.53733248332157 25.85487744519697 0
  endloop
endfacet
facet normal 0 0 1
  outer loop
    vertex 26.123460874136278 51.36981323793255 0
    vertex 24.738747777963383 50.00111178843685 0
    vertex 24.981064891843964 49.797440061886505 0
  endloop
endfacet
facet normal 0 0 1
  outer loop
    vertex 26.123460874136278 51.36981323793255 0
    vertex 24.981064891843964 49.797440061886505 0
    vertex 25.01622636141692 49.77469653271291 0
  endloop
endfacet
facet normal 0 0 1
  outer loop
    vertex 26.123460874136278 51.36981323793255 0
    vertex 25.755800013825876 51.58844172501907 0
    vertex 24.738747777963383 50.00111178843685 0
  endloop
endfacet
facet normal 0 0 1
  outer loop
    vertex 51.34340083019937 26.155956747405614 0
    vertex 49.7746965327129 25.016226361416916 0
    vertex 49.79744006188649 24.981064891843964 0
  endloop
endfacet
facet normal 0 0 1
  outer loop
    vertex 51.34340083019937 26.155956747405614 0
    vertex 49.79744006188649 24.981064891843964 0
    vertex 51.36981323793254 26.12346087413627 0
  endloop
endfacet
facet normal 0 0 1
  outer loop
    vertex 26.155956747405604 51.34340083019938 0
    vertex 26.123460874136278 51.36981323793255 0
    vertex 25.01622636141692 49.77469653271291 0
  endloop
endfacet
facet normal 0 0 1
  outer loop
    vertex 41.23020353131506 36.80829449513014 0
    vertex 40.64932024979242 36.65264728894941 0
    vertex 44.65298359573823 22.747018898711524 0
  endloop
endfacet
facet normal 0 0 1
  outer loop
    vertex 41.23020353131506 36.80829449513014 0
    vertex 44.65298359573823 22.747018898711524 0
    vertex 46.49710609827897 23.346210622053334 0
  endloop
endfacet
facet normal 0 0 0.9999999999999999
  outer loop
    vertex 41.23020353131506 36.80829449513014 0
    vertex 46.49710609827897 23.346210622053334 0
    vertex 47.303135314452604 23.6800788550614 0
  endloop
endfacet
facet normal 0 0 0.9999999999999999
  outer loop
    vertex 36.808294495130134 41.23020353131509 0
    vertex 23.680078855061403 47.30313531445261 0
    vertex 23.346210622053324 46.497106098278984 0
  endloop
endfacet
facet normal 0 0 1
  outer loop
    vertex 36.808294495130134 41.23020353131509 0
    vertex 22.747018898711524 44.652983595738235 0
    vertex 36.652647288949396 40.649320249792446 0
  endloop
endfacet
facet normal 0 0 1
  outer loop
    vertex 36.808294495130134 41.23020353131509 0
    vertex 23.346210622053324 46.497106098278984 0
    vertex 22.747018898711524 44.652983595738235 0
  endloop
endfacet
facet normal 0 0 0.9999999999999999
  outer loop
    vertex 41.7752340368415 37.06244639378521 0
    vertex 49.03081937214371 24.560377851140828 0
    vertex 49.7746965327129 25.016226361416916 0
  endloop
endfacet
facet normal 0 0 0.9999999999999999
  outer loop
    vertex 41.7752340368415 37.06244639378521 0
    vertex 47.303135314452604 23.6800788550614 0
    vertex 49.03081937214371 24.560377851140828 0
  endloop
endfacet
facet normal 0 0 1
  outer loop
    vertex 41.7752340368415 37.06244639378521 0
    vertex 41.23020353131506 36.80829449513014 0
    vertex 47.303135314452604 23.6800788550614 0
  endloop
endfacet
facet normal 0 0 1
  outer loop
    vertex 37.0624463937852 41.77523403684153 0
    vertex 25.01622636141692 49.77469653271291 0
    vertex 24.56037785114082 49.030819372143725 0
  endloop
endfacet
facet normal 0 0 1
  outer loop
    vertex 37.0624463937852 41.77523403684153 0
    vertex 23.680078855061403 47.30313531445261 0
    vertex 36.808294495130134 41.23020353131509 0
  endloop
endfacet
facet normal 0 0 0.9999999999999999
  outer loop
    vertex 37.0624463937852 41.77523403684153 0
    vertex 24.56037785114082 49.030819372143725 0
    vertex 23.680078855061403 47.30313531445261 0
  endloop
endfacet
facet normal 0 0 1
  outer loop
    vertex 42.26785129026007 37.40738070808105 0
    vertex 51.34340083019937 26.155956747405614 0
    vertex 52.00680921068415 26.722561031752257 0
  endloop
endfacet
facet normal 0 0 0.9999999999999999
  outer loop
    vertex 42.26785129026007 37.40738070808105 0
    vertex 49.7746965327129 25.016226361416916 0
    vertex 51.34340083019937 26.155956747405614 0
  endloop
endfacet
facet normal 0 0 1
  outer loop
    vertex 42.26785129026007 37.40738070808105 0
    vertex 41.7752340368415 37.06244639378521 0
    vertex 49.7746965327129 25.016226361416916 0
  endloop
endfacet
facet normal 0 0 1
  outer loop
    vertex 37.40738070808104 42.26785129026009 0
    vertex 25.01622636141692 49.77469653271291 0
    vertex 37.0624463937852 41.77523403684153 0
  endloop
endfacet
facet normal 0 0 1
  outer loop
    vertex 37.40738070808104 42.26785129026009 0
    vertex 26.155956747405604 51.34340083019938 0
    vertex 25.01622636141692 49.77469653271291 0
  endloop
endfacet
facet normal 0 0 1
  outer loop
    vertex 37.40738070808104 42.26785129026009 0
    vertex 26.722561031752257 52.00680921068415 0
    vertex 26.155956747405604 51.34340083019938 0
  endloop
endfacet
facet normal 0 0 1
  outer loop
    vertex 54.484690940695415 26.12937803703948 0
    vertex 53.39928537454189 25.842676513738326 0
    vertex 53.97109003664356 25.615777132987617 0
  endloop
endfacet
facet normal 0 0 1
  outer loop
    vertex 26.701182699141853 54.257791559944415 0
    vertex 26.129378037039487 54.48469094069542 0
    vertex 25.61577713298763 53.97109003664356 0
  endloop
endfacet
facet normal 0 0 1
  outer loop
    vertex 26.701182699141853 54.257791559944415 0
    vertex 25.61577713298763 53.97109003664356 0
    vertex 25.895124184258513 53.28243794036539 0
  endloop
endfacet
facet normal 0 0 1
  outer loop
    vertex 54.205343889424526 26.818030133317645 0
    vertex 52.847187242661576 26.114771374409585 0
    vertex 53.39928537454189 25.842676513738326 0
  endloop
endfacet
facet normal 0 0 0.9999999999999999
  outer loop
    vertex 54.205343889424526 26.818030133317645 0
    vertex 53.39928537454189 25.842676513738326 0
    vertex 54.484690940695415 26.12937803703948 0
  endloop
endfacet
facet normal 0 0 1
  outer loop
    vertex 27.25328083102278 53.98569669927273 0
    vertex 26.701182699141853 54.257791559944415 0
    vertex 25.895124184258513 53.28243794036539 0
  endloop
endfacet
facet normal 0 0 1
  outer loop
    vertex 27.25328083102278 53.98569669927273 0
    vertex 25.895124184258513 53.28243794036539 0
    vertex 26.243929977509012 52.626353391804166 0
  endloop
endfacet
facet normal 0 0 1
  outer loop
    vertex 53.85653809617404 27.474114681878874 0
    vertex 52.36370650955812 26.417938692419533 0
    vertex 52.847187242661576 26.114771374409585 0
  endloop
endfacet
facet normal 0 0 1
  outer loop
    vertex 53.85653809617404 27.474114681878874 0
    vertex 52.847187242661576 26.114771374409585 0
    vertex 54.205343889424526 26.818030133317645 0
  endloop
endfacet
facet normal 0 0 1
  outer loop
    vertex 27.73676156412545 53.68252938126313 0
    vertex 26.243929977509012 52.626353391804166 0
    vertex 26.483917819518588 52.273844132655434 0
  endloop
endfacet
facet normal 0 0 1
  outer loop
    vertex 27.73676156412545 53.68252938126313 0
    vertex 27.25328083102278 53.98569669927273 0
    vertex 26.243929977509012 52.626353391804166 0
  endloop
endfacet
facet normal 0 0 1
  outer loop
    vertex 53.61655025416745 27.826623941023662 0
    vertex 52.03477319495556 26.691390330036256 0
    vertex 52.36370650955812 26.417938692419533 0
  endloop
endfacet
facet normal 0 0 1
  outer loop
    vertex 53.61655025416745 27.826623941023662 0
    vertex 52.36370650955812 26.417938692419533 0
    vertex 53.85653809617404 27.474114681878874 0
  endloop
endfacet
facet normal 0 0 1
  outer loop
    vertex 53.37790704193078 28.0936588629989 0
    vertex 42.69308736560198 37.83261678342296 0
    vertex 42.26785129026007 37.40738070808105 0
  endloop
endfacet
facet normal 0 0 1
  outer loop
    vertex 53.37790704193078 28.0936588629989 0
    vertex 42.26785129026007 37.40738070808105 0
    vertex 52.00680921068415 26.722561031752257 0
  endloop
endfacet
facet normal 0 0 1
  outer loop
    vertex 28.09365886299889 53.37790704193079 0
    vertex 26.722561031752257 52.00680921068415 0
    vertex 37.40738070808104 42.26785129026009 0
  endloop
endfacet
facet normal 0 0 1
  outer loop
    vertex 28.09365886299889 53.37790704193079 0
    vertex 37.40738070808104 42.26785129026009 0
    vertex 37.83261678342296 42.693087365602004 0
  endloop
endfacet
facet normal 0 0 0.9999999999999999
  outer loop
    vertex 53.40907774364679 28.065694878727474 0
    vertex 53.37790704193078 28.0936588629989 0
    vertex 52.00680921068415 26.722561031752257 0
  endloop
endfacet
facet normal 0 0 1
  outer loop
    vertex 53.40907774364679 28.065694878727474 0
    vertex 52.00680921068415 26.722561031752257 0
    vertex 52.03477319495556 26.691390330036256 0
  endloop
endfacet
facet normal 0 0 1
  outer loop
    vertex 53.40907774364679 28.065694878727474 0
    vertex 52.03477319495556 26.691390330036256 0
    vertex 53.61655025416745 27.826623941023662 0
  endloop
endfacet
facet normal 0 0 1
  outer loop
    vertex 28.06569487872748 53.40907774364679 0
    vertex 26.722561031752257 52.00680921068415 0
    vertex 28.09365886299889 53.37790704193079 0
  endloop
endfacet
facet normal 0 0 1
  outer loop
    vertex 28.06569487872748 53.40907774364679 0
    vertex 27.73676156412545 53.68252938126313 0
    vertex 26.483917819518588 52.273844132655434 0
  endloop
endfacet
facet normal 0 0 1
  outer loop
    vertex 28.06569487872748 53.40907774364679 0
    vertex 26.483917819518588 52.273844132655434 0
    vertex 26.69139033003626 52.03477319495557 0
  endloop
endfacet
facet normal 0 0 1
  outer loop
    vertex 28.06569487872748 53.40907774364679 0
    vertex 26.69139033003626 52.03477319495557 0
    vertex 26.722561031752257 52.00680921068415 0
  endloop
endfacet
facet normal 0 0 1
  outer loop
    vertex 53.944511326277436 28.757067243483668 0
    vertex 42.69308736560198 37.83261678342296 0
    vertex 53.37790704193078 28.0936588629989 0
  endloop
endfacet
facet normal 0 0 1
  outer loop
    vertex 28.75706724348367 53.944511326277436 0
    vertex 28.09365886299889 53.37790704193079 0
    vertex 37.83261678342296 42.693087365602004 0
  endloop
endfacet
facet normal 0 0 0.9999999999999999
  outer loop
    vertex 56.484680484832126 28.558813418633825 0
    vertex 55.457488061748506 28.105846827745644 0
    vertex 56.05774774285052 27.97119091131315 0
  endloop
endfacet
facet normal 0 0 0.9999999999999999
  outer loop
    vertex 29.088083333244803 56.17112465555244 0
    vertex 28.558813418633836 56.484680484832126 0
    vertex 27.971190911313162 56.05774774285051 0
  endloop
endfacet
facet normal 0 0 1
  outer loop
    vertex 29.088083333244803 56.17112465555244 0
    vertex 27.971190911313162 56.05774774285051 0
    vertex 28.139369814552936 55.33387459010404 0
  endloop
endfacet
facet normal 0 0 1
  outer loop
    vertex 56.101043737032136 29.195287558328044 0
    vertex 54.869622160056146 28.288224573256336 0
    vertex 55.457488061748506 28.105846827745644 0
  endloop
endfacet
facet normal 0 0 0.9999999999999999
  outer loop
    vertex 56.101043737032136 29.195287558328044 0
    vertex 55.457488061748506 28.105846827745644 0
    vertex 56.484680484832126 28.558813418633825 0
  endloop
endfacet
facet normal 0 0 1
  outer loop
    vertex 29.59081920699881 55.816012558220436 0
    vertex 29.088083333244803 56.17112465555244 0
    vertex 28.139369814552936 55.33387459010404 0
  endloop
endfacet
facet normal 0 0 1
  outer loop
    vertex 29.59081920699881 55.816012558220436 0
    vertex 28.139369814552936 55.33387459010404 0
    vertex 28.381246994303154 54.63130228337542 0
  endloop
endfacet
facet normal 0 0 1
  outer loop
    vertex 55.08424171226613 30.325771540970145 0
    vertex 43.038021679897824 38.325234036841515 0
    vertex 42.69308736560198 37.83261678342296 0
  endloop
endfacet
facet normal 0 0 1
  outer loop
    vertex 55.08424171226613 30.325771540970145 0
    vertex 42.69308736560198 37.83261678342296 0
    vertex 53.944511326277436 28.757067243483668 0
  endloop
endfacet
facet normal 0 0 1
  outer loop
    vertex 30.325771540970138 55.08424171226613 0
    vertex 28.75706724348367 53.944511326277436 0
    vertex 37.83261678342296 42.693087365602004 0
  endloop
endfacet
facet normal 0 0 1
  outer loop
    vertex 30.325771540970138 55.08424171226613 0
    vertex 28.730654835750503 53.97700719954677 0
    vertex 28.75706724348367 53.944511326277436 0
  endloop
endfacet
facet normal 0 0 1
  outer loop
    vertex 30.325771540970138 55.08424171226613 0
    vertex 37.83261678342296 42.693087365602004 0
    vertex 38.325234036841515 43.038021679897845 0
  endloop
endfacet
facet normal 0 0 1
  outer loop
    vertex 55.11940318183908 30.303028011796545 0
    vertex 55.08424171226613 30.325771540970145 0
    vertex 53.944511326277436 28.757067243483668 0
  endloop
endfacet
facet normal 0 0 1
  outer loop
    vertex 55.11940318183908 30.303028011796545 0
    vertex 53.944511326277436 28.757067243483668 0
    vertex 53.97700719954677 28.7306548357505 0
  endloop
endfacet
facet normal 0 0 1
  outer loop
    vertex 30.303028011796552 55.11940318183908 0
    vertex 28.730654835750503 53.97700719954677 0
    vertex 30.325771540970138 55.08424171226613 0
  endloop
endfacet
facet normal 0 0 1
  outer loop
    vertex 30.303028011796552 55.11940318183908 0
    vertex 28.56313559036226 54.2455906284846 0
    vertex 28.730654835750503 53.97700719954677 0
  endloop
endfacet
facet normal 0 0 1
  outer loop
    vertex 55.65389808653124 29.788729369716524 0
    vertex 54.34466805985753 28.512026348663795 0
    vertex 54.869622160056146 28.288224573256336 0
  endloop
endfacet
facet normal 0 0 1
  outer loop
    vertex 55.65389808653124 29.788729369716524 0
    vertex 54.869622160056146 28.288224573256336 0
    vertex 56.101043737032136 29.195287558328044 0
  endloop
endfacet
facet normal 0 0 1
  outer loop
    vertex 55.36172029571991 30.09935628524596 0
    vertex 55.11940318183908 30.303028011796545 0
    vertex 53.97700719954677 28.7306548357505 0
  endloop
endfacet
facet normal 0 0 1
  outer loop
    vertex 55.36172029571991 30.09935628524596 0
    vertex 53.97700719954677 28.7306548357505 0
    vertex 54.34466805985753 28.512026348663795 0
  endloop
endfacet
facet normal 0 0 0.9999999999999999
  outer loop
    vertex 55.36172029571991 30.09935628524596 0
    vertex 54.34466805985753 28.512026348663795 0
    vertex 55.65389808653124 29.788729369716524 0
  endloop
endfacet
facet normal 0 0 0.9999999999999999
  outer loop
    vertex 30.0209216727759 55.440944683132884 0
    vertex 29.59081920699881 55.816012558220436 0
    vertex 28.381246994303154 54.63130228337542 0
  endloop
endfacet
facet normal 0 0 0.9999999999999999
  outer loop
    vertex 30.0209216727759 55.440944683132884 0
    vertex 28.56313559036226 54.2455906284846 0
    vertex 30.303028011796552 55.11940318183908 0
  endloop
endfacet
facet normal 0 0 1
  outer loop
    vertex 30.0209216727759 55.440944683132884 0
    vertex 28.381246994303154 54.63130228337542 0
    vertex 28.56313559036226 54.2455906284846 0
  endloop
endfacet
facet normal 0 0 0.9999999999999999
  outer loop
    vertex 55.540090222542226 31.06964870153933 0
    vertex 43.038021679897824 38.325234036841515 0
    vertex 55.08424171226613 30.325771540970145 0
  endloop
endfacet
facet normal 0 0 0.9999999999999999
  outer loop
    vertex 31.06964870153933 55.54009022254222 0
    vertex 30.325771540970138 55.08424171226613 0
    vertex 38.325234036841515 43.038021679897845 0
  endloop
endfacet
facet normal 0 0 1
  outer loop
    vertex 56.420389218621644 32.79733275923044 0
    vertex 43.2921735785529 38.87026454236796 0
    vertex 43.038021679897824 38.325234036841515 0
  endloop
endfacet
facet normal 0 0 0.9999999999999999
  outer loop
    vertex 56.420389218621644 32.79733275923044 0
    vertex 55.540090222542226 31.06964870153933 0
    vertex 55.57631782856197 31.048644948925137 0
  endloop
endfacet
facet normal 0 0 1
  outer loop
    vertex 56.420389218621644 32.79733275923044 0
    vertex 43.038021679897824 38.325234036841515 0
    vertex 55.540090222542226 31.06964870153933 0
  endloop
endfacet
facet normal 0 0 1
  outer loop
    vertex 32.797332759230436 56.420389218621644 0
    vertex 31.06964870153933 55.54009022254222 0
    vertex 38.325234036841515 43.038021679897845 0
  endloop
endfacet
facet normal 0 0 0.9999999999999999
  outer loop
    vertex 32.797332759230436 56.420389218621644 0
    vertex 31.048644948925137 55.57631782856196 0
    vertex 31.06964870153933 55.54009022254222 0
  endloop
endfacet
facet normal 0 0 1
  outer loop
    vertex 32.797332759230436 56.420389218621644 0
    vertex 38.325234036841515 43.038021679897845 0
    vertex 38.87026454236796 43.29217357855291 0
  endloop
endfacet
facet normal 0 0 1
  outer loop
    vertex 56.45867566397644 32.780369706324365 0
    vertex 56.420389218621644 32.79733275923044 0
    vertex 55.57631782856197 31.048644948925137 0
  endloop
endfacet
facet normal 0 0 1
  outer loop
    vertex 32.78036970632437 56.458675663976436 0
    vertex 31.048644948925137 55.57631782856196 0
    vertex 32.797332759230436 56.420389218621644 0
  endloop
endfacet
facet normal 0 0 1
  outer loop
    vertex 32.78036970632437 56.458675663976436 0
    vertex 30.925203848453776 55.86780033333907 0
    vertex 31.048644948925137 55.57631782856196 0
  endloop
endfacet
facet normal 0 0 1
  outer loop
    vertex 56.72987072967284 32.61711226477951 0
    vertex 55.57631782856197 31.048644948925137 0
    vertex 55.973653204004016 30.8902229713066 0
  endloop
endfacet
facet normal 0 0 1
  outer loop
    vertex 56.72987072967284 32.61711226477951 0
    vertex 56.45867566397644 32.780369706324365 0
    vertex 55.57631782856197 31.048644948925137 0
  endloop
endfacet
facet normal 0 0 1
  outer loop
    vertex 58.07999941461862 31.271205713686943 0
    vertex 57.1363130211179 30.6631275959891 0
    vertex 57.75024733572339 30.62403081943498 0
  endloop
endfacet
facet normal 0 0 0.9999999999999999
  outer loop
    vertex 32.552036737208525 56.820389610051336 0
    vertex 30.805893199232266 56.27721688292591 0
    vertex 30.925203848453776 55.86780033333907 0
  endloop
endfacet
facet normal 0 0 1
  outer loop
    vertex 32.552036737208525 56.820389610051336 0
    vertex 30.925203848453776 55.86780033333907 0
    vertex 32.78036970632437 56.458675663976436 0
  endloop
endfacet
facet normal 0 0 1
  outer loop
    vertex 57.0670440823931 32.356016358440264 0
    vertex 55.973653204004016 30.8902229713066 0
    vertex 56.527154559128654 30.751297480967413 0
  endloop
endfacet
facet normal 0 0 1
  outer loop
    vertex 57.0670440823931 32.356016358440264 0
    vertex 56.72987072967284 32.61711226477951 0
    vertex 55.973653204004016 30.8902229713066 0
  endloop
endfacet
facet normal 0 0 1
  outer loop
    vertex 31.744908498961948 57.68750792195975 0
    vertex 31.271205713686953 58.07999941461861 0
    vertex 30.62403081943499 57.750247335723365 0
  endloop
endfacet
facet normal 0 0 1
  outer loop
    vertex 31.744908498961948 57.68750792195975 0
    vertex 30.62403081943499 57.750247335723365 0
    vertex 30.67690045189211 57.00897728592647 0
  endloop
endfacet
facet normal 0 0 1
  outer loop
    vertex 57.60151938023772 31.839829791141376 0
    vertex 56.527154559128654 30.751297480967413 0
    vertex 57.1363130211179 30.6631275959891 0
  endloop
endfacet
facet normal 0 0 1
  outer loop
    vertex 57.60151938023772 31.839829791141376 0
    vertex 57.1363130211179 30.6631275959891 0
    vertex 58.07999941461862 31.271205713686943 0
  endloop
endfacet
facet normal 0 0 1
  outer loop
    vertex 57.60151938023772 31.839829791141376 0
    vertex 57.0670440823931 32.356016358440264 0
    vertex 56.527154559128654 30.751297480967413 0
  endloop
endfacet
facet normal 0 0 1
  outer loop
    vertex 32.185903088891884 57.25812262635387 0
    vertex 30.67690045189211 57.00897728592647 0
    vertex 30.805893199232266 56.27721688292591 0
  endloop
endfacet
facet normal 0 0 1
  outer loop
    vertex 32.185903088891884 57.25812262635387 0
    vertex 30.805893199232266 56.27721688292591 0
    vertex 32.552036737208525 56.820389610051336 0
  endloop
endfacet
facet normal 0 0 1
  outer loop
    vertex 32.185903088891884 57.25812262635387 0
    vertex 31.744908498961948 57.68750792195975 0
    vertex 30.67690045189211 57.00897728592647 0
  endloop
endfacet
facet normal 0 0 1
  outer loop
    vertex 56.75425745162973 33.60336197540407 0
    vertex 43.2921735785529 38.87026454236796 0
    vertex 56.420389218621644 32.79733275923044 0
  endloop
endfacet
facet normal 0 0 1
  outer loop
    vertex 33.60336197540407 56.75425745162971 0
    vertex 32.797332759230436 56.420389218621644 0
    vertex 38.87026454236796 43.29217357855291 0
  endloop
endfacet
facet normal 0 0 1
  outer loop
    vertex 57.35344917497152 35.44748447794482 0
    vertex 43.44782078473363 39.45114782389061 0
    vertex 43.2921735785529 38.87026454236796 0
  endloop
endfacet
facet normal 0 0 1
  outer loop
    vertex 57.35344917497152 35.44748447794482 0
    vertex 56.75425745162973 33.60336197540407 0
    vertex 56.79332474650713 33.58828406000568 0
  endloop
endfacet
facet normal 0 0 0.9999999999999999
  outer loop
    vertex 57.35344917497152 35.44748447794482 0
    vertex 43.2921735785529 38.87026454236796 0
    vertex 56.75425745162973 33.60336197540407 0
  endloop
endfacet
facet normal 0 0 0.9999999999999999
  outer loop
    vertex 35.447484477944805 57.353449174971516 0
    vertex 33.60336197540407 56.75425745162971 0
    vertex 38.87026454236796 43.29217357855291 0
  endloop
endfacet
facet normal 0 0 1
  outer loop
    vertex 35.447484477944805 57.353449174971516 0
    vertex 38.87026454236796 43.29217357855291 0
    vertex 39.45114782389061 43.44782078473365 0
  endloop
endfacet
facet normal 0 0 1
  outer loop
    vertex 57.39391785675811 35.43671958796596 0
    vertex 57.35344917497152 35.44748447794482 0
    vertex 56.79332474650713 33.58828406000568 0
  endloop
endfacet
facet normal 0 0 1
  outer loop
    vertex 35.43671958796596 57.393917856758094 0
    vertex 33.60336197540407 56.75425745162971 0
    vertex 35.447484477944805 57.353449174971516 0
  endloop
endfacet
facet normal 0 0 0.9999999999999999
  outer loop
    vertex 35.43671958796596 57.393917856758094 0
    vertex 33.51196063402348 57.10052906047799 0
    vertex 33.58828406000568 56.793324746507125 0
  endloop
endfacet
facet normal 0 0 1
  outer loop
    vertex 35.43671958796596 57.393917856758094 0
    vertex 33.58828406000568 56.793324746507125 0
    vertex 33.60336197540407 56.75425745162971 0
  endloop
endfacet
facet normal 0 0 1
  outer loop
    vertex 57.68731315170092 35.31789637146259 0
    vertex 56.79332474650713 33.58828406000568 0
    vertex 57.2105509214569 33.493969466716614 0
  endloop
endfacet
facet normal 0 0 1
  outer loop
    vertex 57.68731315170092 35.31789637146259 0
    vertex 57.39391785675811 35.43671958796596 0
    vertex 56.79332474650713 33.58828406000568 0
  endloop
endfacet
facet normal 0 0 0.9999999999999999
  outer loop
    vertex 35.267782304248726 57.78689764980134 0
    vertex 33.45816575579158 57.52356931053734 0
    vertex 33.51196063402348 57.10052906047799 0
  endloop
endfacet
facet normal 0 0 1
  outer loop
    vertex 35.267782304248726 57.78689764980134 0
    vertex 33.51196063402348 57.10052906047799 0
    vertex 35.43671958796596 57.393917856758094 0
  endloop
endfacet
facet normal 0 0 1
  outer loop
    vertex 58.06117973937883 35.1127605220507 0
    vertex 57.2105509214569 33.493969466716614 0
    vertex 57.778970491179166 33.443341068085125 0
  endloop
endfacet
facet normal 0 0 1
  outer loop
    vertex 58.06117973937883 35.1127605220507 0
    vertex 57.68731315170092 35.31789637146259 0
    vertex 57.2105509214569 33.493969466716614 0
  endloop
endfacet
facet normal 0 0 0.9999999999999999
  outer loop
    vertex 34.974632898942815 58.2765173677042 0
    vertex 33.45816575579158 57.52356931053734 0
    vertex 35.267782304248726 57.78689764980134 0
  endloop
endfacet
facet normal 0 0 1
  outer loop
    vertex 34.974632898942815 58.2765173677042 0
    vertex 33.4452336704034 58.266499440114416 0
    vertex 33.45816575579158 57.52356931053734 0
  endloop
endfacet
facet normal 0 0 1
  outer loop
    vertex 58.669824128912424 34.6865394252533 0
    vertex 57.778970491179166 33.443341068085125 0
    vertex 58.394422010449716 33.45155007882649 0
  endloop
endfacet
facet normal 0 0 1
  outer loop
    vertex 58.669824128912424 34.6865394252533 0
    vertex 58.06117973937883 35.1127605220507 0
    vertex 57.778970491179166 33.443341068085125 0
  endloop
endfacet
facet normal 0 0 1
  outer loop
    vertex 34.606238343217555 58.769602970558786 0
    vertex 33.4452336704034 58.266499440114416 0
    vertex 34.974632898942815 58.2765173677042 0
  endloop
endfacet
facet normal 0 0 1
  outer loop
    vertex 34.606238343217555 58.769602970558786 0
    vertex 33.508975134544265 59.00691385820149 0
    vertex 33.4452336704034 58.266499440114416 0
  endloop
endfacet
facet normal 0 0 1
  outer loop
    vertex 59.23136568344357 34.199766821980695 0
    vertex 58.669824128912424 34.6865394252533 0
    vertex 58.394422010449716 33.45155007882649 0
  endloop
endfacet
facet normal 0 0 1
  outer loop
    vertex 59.23136568344357 34.199766821980695 0
    vertex 58.394422010449716 33.45155007882649 0
    vertex 59.006913858201514 33.508975134544265 0
  endloop
endfacet
facet normal 0 0 0.9999999999999999
  outer loop
    vertex 34.1997668219807 59.23136568344356 0
    vertex 33.508975134544265 59.00691385820149 0
    vertex 34.606238343217555 58.769602970558786 0
  endloop
endfacet
facet normal 0 0 1
  outer loop
    vertex 36.29581863536309 57.557116186769775 0
    vertex 35.447484477944805 57.353449174971516 0
    vertex 39.45114782389061 43.44782078473365 0
  endloop
endfacet
facet normal 0 0 1
  outer loop
    vertex 57.55711618676979 36.2958186353631 0
    vertex 43.44782078473363 39.45114782389061 0
    vertex 57.35344917497152 35.44748447794482 0
  endloop
endfacet
facet normal 0 0 0.9999999999999999
  outer loop
    vertex 57.86044654854197 38.21097116644923 0
    vertex 43.50023403684152 40.05023403684153 0
    vertex 43.44782078473363 39.45114782389061 0
  endloop
endfacet
facet normal 0 0 0.9999999999999999
  outer loop
    vertex 57.86044654854197 38.21097116644923 0
    vertex 43.44782078473363 39.45114782389061 0
    vertex 57.55711618676979 36.2958186353631 0
  endloop
endfacet
facet normal 0 0 1
  outer loop
    vertex 38.21097116644921 57.86044654854197 0
    vertex 39.45114782389061 43.44782078473365 0
    vertex 40.050234036841516 43.50023403684153 0
  endloop
endfacet
facet normal 0 0 1
  outer loop
    vertex 38.21097116644921 57.86044654854197 0
    vertex 36.29581863536309 57.557116186769775 0
    vertex 39.45114782389061 43.44782078473365 0
  endloop
endfacet
facet normal 0 0 1
  outer loop
    vertex 57.90210099350689 38.206669506715485 0
    vertex 57.86044654854197 38.21097116644923 0
    vertex 57.55711618676979 36.2958186353631 0
  endloop
endfacet
facet normal 0 0 1
  outer loop
    vertex 57.90210099350689 38.206669506715485 0
    vertex 57.55711618676979 36.2958186353631 0
    vertex 57.598061204048065 36.28703782549834 0
  endloop
endfacet
facet normal 0 0 1
  outer loop
    vertex 38.206669506715485 57.90210099350688 0
    vertex 36.29581863536309 57.557116186769775 0
    vertex 38.21097116644921 57.86044654854197 0
  endloop
endfacet
facet normal 0 0 1
  outer loop
    vertex 38.206669506715485 57.90210099350688 0
    vertex 36.259711410055516 57.913422937451415 0
    vertex 36.28703782549833 57.59806120404805 0
  endloop
endfacet
facet normal 0 0 1
  outer loop
    vertex 38.206669506715485 57.90210099350688 0
    vertex 36.28703782549833 57.59806120404805 0
    vertex 36.29581863536309 57.557116186769775 0
  endloop
endfacet
facet normal 0 0 1
  outer loop
    vertex 58.210472151816475 38.13520633719248 0
    vertex 57.90210099350689 38.206669506715485 0
    vertex 57.598061204048065 36.28703782549834 0
  endloop
endfacet
facet normal 0 0 1
  outer loop
    vertex 58.210472151816475 38.13520633719248 0
    vertex 57.598061204048065 36.28703782549834 0
    vertex 58.02490468538336 36.2591529548378 0
  endloop
endfacet
facet normal 0 0 1
  outer loop
    vertex 38.10128770499251 58.31667016678882 0
    vertex 36.259711410055516 57.913422937451415 0
    vertex 38.206669506715485 57.90210099350688 0
  endloop
endfacet
facet normal 0 0 1
  outer loop
    vertex 38.10128770499251 58.31667016678882 0
    vertex 36.27275691125067 58.33967023303535 0
    vertex 36.259711410055516 57.913422937451415 0
  endloop
endfacet
facet normal 0 0 0.9999999999999999
  outer loop
    vertex 58.61182613826633 37.991081670130406 0
    vertex 58.210472151816475 38.13520633719248 0
    vertex 58.02490468538336 36.2591529548378 0
  endloop
endfacet
facet normal 0 0 1
  outer loop
    vertex 58.61182613826633 37.991081670130406 0
    vertex 58.02490468538336 36.2591529548378 0
    vertex 58.594246093419464 36.29806828711428 0
  endloop
endfacet
facet normal 0 0 1
  outer loop
    vertex 37.88834085396276 58.84612052388283 0
    vertex 36.37620391867583 59.07547668375502 0
    vertex 36.27275691125067 58.33967023303535 0
  endloop
endfacet
facet normal 0 0 1
  outer loop
    vertex 37.88834085396276 58.84612052388283 0
    vertex 36.27275691125067 58.33967023303535 0
    vertex 38.10128770499251 58.31667016678882 0
  endloop
endfacet
facet normal 0 0 1
  outer loop
    vertex 59.27965277464367 37.665321021784365 0
    vertex 58.61182613826633 37.991081670130406 0
    vertex 58.594246093419464 36.29806828711428 0
  endloop
endfacet
facet normal 0 0 1
  outer loop
    vertex 59.27965277464367 37.665321021784365 0
    vertex 58.594246093419464 36.29806828711428 0
    vertex 59.200836211001125 36.40245406048665 0
  endloop
endfacet
facet normal 0 0 1
  outer loop
    vertex 37.601617429035784 59.390765029986255 0
    vertex 36.55498695302176 59.7968040098644 0
    vertex 36.37620391867583 59.07547668375502 0
  endloop
endfacet
facet normal 0 0 1
  outer loop
    vertex 37.601617429035784 59.390765029986255 0
    vertex 36.37620391867583 59.07547668375502 0
    vertex 37.88834085396276 58.84612052388283 0
  endloop
endfacet
facet normal 0 0 1
  outer loop
    vertex 57.928897381367854 39.08072146269687 0
    vertex 43.50023403684152 40.05023403684153 0
    vertex 57.86044654854197 38.21097116644923 0
  endloop
endfacet
facet normal 0 0 1
  outer loop
    vertex 39.08072146269686 57.928897381367875 0
    vertex 38.21097116644921 57.86044654854197 0
    vertex 40.050234036841516 43.50023403684153 0
  endloop
endfacet
facet normal 0 0 1
  outer loop
    vertex 59.910428832602946 37.27238584969181 0
    vertex 59.200836211001125 36.40245406048665 0
    vertex 59.79680400986443 36.55498695302176 0
  endloop
endfacet
facet normal 0 0 1
  outer loop
    vertex 59.910428832602946 37.27238584969181 0
    vertex 59.27965277464367 37.665321021784365 0
    vertex 59.200836211001125 36.40245406048665 0
  endloop
endfacet
facet normal 0 0 1
  outer loop
    vertex 37.272385849691815 59.91042883260293 0
    vertex 36.55498695302176 59.7968040098644 0
    vertex 37.601617429035784 59.390765029986255 0
  endloop
endfacet
facet normal 0 0 1
  outer loop
    vertex 57.928897381367854 41.01974661098619 0
    vertex 43.50023403684152 40.05023403684153 0
    vertex 57.928897381367854 39.08072146269687 0
  endloop
endfacet
facet normal 0 0 1
  outer loop
    vertex 41.019746610986175 57.928897381367875 0
    vertex 39.08072146269686 57.928897381367875 0
    vertex 40.050234036841516 43.50023403684153 0
  endloop
endfacet
facet normal 0 0 1
  outer loop
    vertex 57.97071191883289 41.02201410263661 0
    vertex 57.928897381367854 39.08072146269687 0
    vertex 57.97071191883289 39.07845397104645 0
  endloop
endfacet
facet normal 0 0 1
  outer loop
    vertex 57.97071191883289 41.02201410263661 0
    vertex 57.928897381367854 41.01974661098619 0
    vertex 57.928897381367854 39.08072146269687 0
  endloop
endfacet
facet normal 0 0 1
  outer loop
    vertex 41.022014102636604 57.97071191883291 0
    vertex 39.100797433183025 58.28646581917085 0
    vertex 39.078453971046436 57.97071191883291 0
  endloop
endfacet
facet normal 0 0 1
  outer loop
    vertex 41.022014102636604 57.97071191883291 0
    vertex 39.08072146269686 57.928897381367875 0
    vertex 41.019746610986175 57.928897381367875 0
  endloop
endfacet
facet normal 0 0 1
  outer loop
    vertex 41.022014102636604 57.97071191883291 0
    vertex 39.078453971046436 57.97071191883291 0
    vertex 39.08072146269686 57.928897381367875 0
  endloop
endfacet
facet normal 0 0 1
  outer loop
    vertex 58.286465819166295 40.99967064050065 0
    vertex 57.97071191883289 39.07845397104645 0
    vertex 58.39666240343115 39.11768544107461 0
  endloop
endfacet
facet normal 0 0 1
  outer loop
    vertex 58.286465819166295 40.99967064050065 0
    vertex 57.97071191883289 41.02201410263661 0
    vertex 57.97071191883289 39.07845397104645 0
  endloop
endfacet
facet normal 0 0 1
  outer loop
    vertex 40.98278263260841 58.39666240343131 0
    vertex 39.18036209026962 58.70542453722436 0
    vertex 39.100797433183025 58.28646581917085 0
  endloop
endfacet
facet normal 0 0 1
  outer loop
    vertex 40.98278263260841 58.39666240343131 0
    vertex 39.100797433183025 58.28646581917085 0
    vertex 41.022014102636604 57.97071191883291 0
  endloop
endfacet
facet normal 0 0 0.9999999999999999
  outer loop
    vertex 58.705424537224346 40.92010598341343 0
    vertex 58.39666240343115 39.11768544107461 0
    vertex 58.9529065747797 39.2451862796258 0
  endloop
endfacet
facet normal 0 0 1
  outer loop
    vertex 58.705424537224346 40.92010598341343 0
    vertex 58.286465819166295 40.99967064050065 0
    vertex 58.39666240343115 39.11768544107461 0
  endloop
endfacet
facet normal 0 0 1
  outer loop
    vertex 57.860446548541944 41.889496907233834 0
    vertex 43.50023403684152 40.05023403684153 0
    vertex 57.928897381367854 41.01974661098619 0
  endloop
endfacet
facet normal 0 0 1
  outer loop
    vertex 57.860446548541944 41.889496907233834 0
    vertex 43.447820784733636 40.64932024979244 0
    vertex 43.50023403684152 40.05023403684153 0
  endloop
endfacet
facet normal 0 0 1
  outer loop
    vertex 41.88949690723382 57.86044654854197 0
    vertex 41.019746610986175 57.928897381367875 0
    vertex 40.050234036841516 43.50023403684153 0
  endloop
endfacet
facet normal 0 0 1
  outer loop
    vertex 41.88949690723382 57.86044654854197 0
    vertex 40.050234036841516 43.50023403684153 0
    vertex 40.649320249792424 43.44782078473365 0
  endloop
endfacet
facet normal 0 0 0.9999999999999999
  outer loop
    vertex 40.85528179405717 58.95290657478002 0
    vertex 39.18036209026962 58.70542453722436 0
    vertex 40.98278263260841 58.39666240343131 0
  endloop
endfacet
facet normal 0 0 1
  outer loop
    vertex 40.85528179405717 58.95290657478002 0
    vertex 39.39764098186439 59.41598931226831 0
    vertex 39.18036209026962 58.70542453722436 0
  endloop
endfacet
facet normal 0 0 1
  outer loop
    vertex 59.41598931226828 40.702827091818655 0
    vertex 58.9529065747797 39.2451862796258 0
    vertex 59.53569902882019 39.44317849145227 0
  endloop
endfacet
facet normal 0 0 1
  outer loop
    vertex 59.41598931226828 40.702827091818655 0
    vertex 58.705424537224346 40.92010598341343 0
    vertex 58.9529065747797 39.2451862796258 0
  endloop
endfacet
facet normal 0 0 1
  outer loop
    vertex 40.65728958223071 59.53569902882035 0
    vertex 39.39764098186439 59.41598931226831 0
    vertex 40.85528179405717 58.95290657478002 0
  endloop
endfacet
facet normal 0 0 1
  outer loop
    vertex 40.65728958223071 59.53569902882035 0
    vertex 39.687063354762905 60.10046807368303 0
    vertex 39.39764098186439 59.41598931226831 0
  endloop
endfacet
facet normal 0 0 1
  outer loop
    vertex 60.10046807368301 40.41340471892014 0
    vertex 59.53569902882019 39.44317849145227 0
    vertex 60.10046807368301 39.68706335476292 0
  endloop
endfacet
facet normal 0 0 1
  outer loop
    vertex 60.10046807368301 40.41340471892014 0
    vertex 59.41598931226828 40.702827091818655 0
    vertex 59.53569902882019 39.44317849145227 0
  endloop
endfacet
facet normal 0 0 1
  outer loop
    vertex 40.41340471892013 60.10046807368303 0
    vertex 39.687063354762905 60.10046807368303 0
    vertex 40.65728958223071 59.53569902882035 0
  endloop
endfacet
facet normal 0 0 1
  outer loop
    vertex 57.55711618676975 43.804649438319956 0
    vertex 57.860446548541944 41.889496907233834 0
    vertex 57.902100993506856 41.89379856696756 0
  endloop
endfacet
facet normal 0 0 1
  outer loop
    vertex 57.55711618676975 43.804649438319956 0
    vertex 43.447820784733636 40.64932024979244 0
    vertex 57.860446548541944 41.889496907233834 0
  endloop
endfacet
facet normal 0 0 1
  outer loop
    vertex 43.80464943831994 57.557116186769775 0
    vertex 41.88949690723382 57.86044654854197 0
    vertex 40.649320249792424 43.44782078473365 0
  endloop
endfacet
facet normal 0 0 1
  outer loop
    vertex 57.59806120404803 43.813430248184716 0
    vertex 57.55711618676975 43.804649438319956 0
    vertex 57.902100993506856 41.89379856696756 0
  endloop
endfacet
facet normal 0 0 1
  outer loop
    vertex 43.81343024818471 57.59806120404805 0
    vertex 41.9652617364909 58.2104721518176 0
    vertex 41.893798566967554 57.90210099350688 0
  endloop
endfacet
facet normal 0 0 1
  outer loop
    vertex 43.81343024818471 57.59806120404805 0
    vertex 41.893798566967554 57.90210099350688 0
    vertex 41.88949690723382 57.86044654854197 0
  endloop
endfacet
facet normal 0 0 1
  outer loop
    vertex 43.81343024818471 57.59806120404805 0
    vertex 41.88949690723382 57.86044654854197 0
    vertex 43.80464943831994 57.557116186769775 0
  endloop
endfacet
facet normal 0 0 1
  outer loop
    vertex 57.913422937450775 43.840756663627516 0
    vertex 57.902100993506856 41.89379856696756 0
    vertex 58.316670166788825 41.999180368690546 0
  endloop
endfacet
facet normal 0 0 1
  outer loop
    vertex 57.913422937450775 43.840756663627516 0
    vertex 57.59806120404803 43.813430248184716 0
    vertex 57.902100993506856 41.89379856696756 0
  endloop
endfacet
facet normal 0 0 1
  outer loop
    vertex 43.84131511884523 58.024904685383675 0
    vertex 42.10938640355264 58.61182613826631 0
    vertex 41.9652617364909 58.2104721518176 0
  endloop
endfacet
facet normal 0 0 1
  outer loop
    vertex 43.84131511884523 58.024904685383675 0
    vertex 41.9652617364909 58.2104721518176 0
    vertex 43.81343024818471 57.59806120404805 0
  endloop
endfacet
facet normal 0 0 1
  outer loop
    vertex 57.353449174971495 44.652983595738235 0
    vertex 43.447820784733636 40.64932024979244 0
    vertex 57.55711618676975 43.804649438319956 0
  endloop
endfacet
facet normal 0 0 1
  outer loop
    vertex 57.353449174971495 44.652983595738235 0
    vertex 43.2921735785529 41.230203531315084 0
    vertex 43.447820784733636 40.64932024979244 0
  endloop
endfacet
facet normal 0 0 1
  outer loop
    vertex 44.65298359573822 57.353449174971516 0
    vertex 43.80464943831994 57.557116186769775 0
    vertex 40.649320249792424 43.44782078473365 0
  endloop
endfacet
facet normal 0 0 1
  outer loop
    vertex 44.65298359573822 57.353449174971516 0
    vertex 40.649320249792424 43.44782078473365 0
    vertex 41.23020353131508 43.29217357855291 0
  endloop
endfacet
facet normal 0 0 0.9999999999999999
  outer loop
    vertex 58.33967023303533 43.82771116243238 0
    vertex 58.316670166788825 41.999180368690546 0
    vertex 58.846120523882874 42.21212721972032 0
  endloop
endfacet
facet normal 0 0 1
  outer loop
    vertex 58.33967023303533 43.82771116243238 0
    vertex 57.913422937450775 43.840756663627516 0
    vertex 58.316670166788825 41.999180368690546 0
  endloop
endfacet
facet normal 0 0 1
  outer loop
    vertex 43.80239978656866 58.594246093420196 0
    vertex 42.43514705189866 59.27965277464365 0
    vertex 42.10938640355264 58.61182613826631 0
  endloop
endfacet
facet normal 0 0 1
  outer loop
    vertex 43.80239978656866 58.594246093420196 0
    vertex 42.10938640355264 58.61182613826631 0
    vertex 43.84131511884523 58.024904685383675 0
  endloop
endfacet
facet normal 0 0 1
  outer loop
    vertex 59.075476683755 43.72426415500721 0
    vertex 58.846120523882874 42.21212721972032 0
    vertex 59.39076502998627 42.49885064464728 0
  endloop
endfacet
facet normal 0 0 1
  outer loop
    vertex 59.075476683755 43.72426415500721 0
    vertex 58.33967023303533 43.82771116243238 0
    vertex 58.846120523882874 42.21212721972032 0
  endloop
endfacet
facet normal 0 0 1
  outer loop
    vertex 43.69801401319632 59.20083621100147 0
    vertex 42.82808222399122 59.910428832602925 0
    vertex 42.43514705189866 59.27965277464365 0
  endloop
endfacet
facet normal 0 0 1
  outer loop
    vertex 43.69801401319632 59.20083621100147 0
    vertex 42.43514705189866 59.27965277464365 0
    vertex 43.80239978656866 58.594246093420196 0
  endloop
endfacet
facet normal 0 0 1
  outer loop
    vertex 56.75425745162969 46.49710609827897 0
    vertex 43.2921735785529 41.230203531315084 0
    vertex 57.353449174971495 44.652983595738235 0
  endloop
endfacet
facet normal 0 0 1
  outer loop
    vertex 56.75425745162969 46.49710609827897 0
    vertex 57.353449174971495 44.652983595738235 0
    vertex 57.393917856758065 44.66374848571708 0
  endloop
endfacet
facet normal 0 0 1
  outer loop
    vertex 46.49710609827896 56.75425745162971 0
    vertex 44.66374848571707 57.39391785675809 0
    vertex 44.65298359573822 57.353449174971516 0
  endloop
endfacet
facet normal 0 0 0.9999999999999999
  outer loop
    vertex 46.49710609827896 56.75425745162971 0
    vertex 44.65298359573822 57.353449174971516 0
    vertex 41.23020353131508 43.29217357855291 0
  endloop
endfacet
facet normal 0 0 1
  outer loop
    vertex 56.793324746507096 46.51218401367737 0
    vertex 56.75425745162969 46.49710609827897 0
    vertex 57.393917856758065 44.66374848571708 0
  endloop
endfacet
facet normal 0 0 1
  outer loop
    vertex 46.51218401367736 56.79332474650712 0
    vertex 44.78257170222134 57.68731315170274 0
    vertex 44.66374848571707 57.39391785675809 0
  endloop
endfacet
facet normal 0 0 1
  outer loop
    vertex 46.51218401367736 56.79332474650712 0
    vertex 44.66374848571707 57.39391785675809 0
    vertex 46.49710609827896 56.75425745162971 0
  endloop
endfacet
facet normal 0 0 1
  outer loop
    vertex 59.796804009864374 43.545481120661286 0
    vertex 59.39076502998627 42.49885064464728 0
    vertex 59.9104288326029 42.82808222399123 0
  endloop
endfacet
facet normal 0 0 1
  outer loop
    vertex 59.796804009864374 43.545481120661286 0
    vertex 59.075476683755 43.72426415500721 0
    vertex 59.39076502998627 42.49885064464728 0
  endloop
endfacet
facet normal 0 0 1
  outer loop
    vertex 43.54548112066128 59.7968040098644 0
    vertex 42.82808222399122 59.910428832602925 0
    vertex 43.69801401319632 59.20083621100147 0
  endloop
endfacet
facet normal 0 0 0.9999999999999999
  outer loop
    vertex 57.10052906047805 46.58850743965958 0
    vertex 57.393917856758065 44.66374848571708 0
    vertex 57.78689764980136 44.832685769434335 0
  endloop
endfacet
facet normal 0 0 1
  outer loop
    vertex 57.10052906047805 46.58850743965958 0
    vertex 56.793324746507096 46.51218401367737 0
    vertex 57.393917856758065 44.66374848571708 0
  endloop
endfacet
facet normal 0 0 1
  outer loop
    vertex 47.3031353144526 56.42038921862164 0
    vertex 41.23020353131508 43.29217357855291 0
    vertex 41.77523403684152 43.038021679897845 0
  endloop
endfacet
facet normal 0 0 1
  outer loop
    vertex 47.3031353144526 56.42038921862164 0
    vertex 46.49710609827896 56.75425745162971 0
    vertex 41.23020353131508 43.29217357855291 0
  endloop
endfacet
facet normal 0 0 1
  outer loop
    vertex 56.42038921862162 47.30313531445261 0
    vertex 43.03802167989783 41.77523403684153 0
    vertex 43.2921735785529 41.230203531315084 0
  endloop
endfacet
facet normal 0 0 0.9999999999999999
  outer loop
    vertex 56.42038921862162 47.30313531445261 0
    vertex 43.2921735785529 41.230203531315084 0
    vertex 56.75425745162969 46.49710609827897 0
  endloop
endfacet
facet normal 0 0 1
  outer loop
    vertex 46.60649860696642 57.21055092145687 0
    vertex 44.98770755163234 58.0611797393788 0
    vertex 44.78257170222134 57.68731315170274 0
  endloop
endfacet
facet normal 0 0 1
  outer loop
    vertex 46.60649860696642 57.21055092145687 0
    vertex 44.78257170222134 57.68731315170274 0
    vertex 46.51218401367736 56.79332474650712 0
  endloop
endfacet
facet normal 0 0 1
  outer loop
    vertex 57.52356931053732 46.642302317891456 0
    vertex 57.78689764980136 44.832685769434335 0
    vertex 58.27651736770427 45.125835174740295 0
  endloop
endfacet
facet normal 0 0 1
  outer loop
    vertex 57.52356931053732 46.642302317891456 0
    vertex 57.10052906047805 46.58850743965958 0
    vertex 57.78689764980136 44.832685769434335 0
  endloop
endfacet
facet normal 0 0 1
  outer loop
    vertex 46.6571270055979 57.77897049117915 0
    vertex 45.41392864842972 58.66982412891241 0
    vertex 44.98770755163234 58.0611797393788 0
  endloop
endfacet
facet normal 0 0 1
  outer loop
    vertex 46.6571270055979 57.77897049117915 0
    vertex 44.98770755163234 58.0611797393788 0
    vertex 46.60649860696642 57.21055092145687 0
  endloop
endfacet
facet normal 0 0 1
  outer loop
    vertex 55.5400902225422 49.03081937214371 0
    vertex 43.03802167989783 41.77523403684153 0
    vertex 56.42038921862162 47.30313531445261 0
  endloop
endfacet
facet normal 0 0 1
  outer loop
    vertex 49.0308193721437 55.54009022254222 0
    vertex 47.3031353144526 56.42038921862164 0
    vertex 41.77523403684152 43.038021679897845 0
  endloop
endfacet
facet normal 0 0 1
  outer loop
    vertex 49.0308193721437 55.54009022254222 0
    vertex 47.32009836735866 56.45867566397643 0
    vertex 47.3031353144526 56.42038921862164 0
  endloop
endfacet
facet normal 0 0 1
  outer loop
    vertex 55.57631782856194 49.05182312475791 0
    vertex 56.42038921862162 47.30313531445261 0
    vertex 56.458675663976415 47.32009836735867 0
  endloop
endfacet
facet normal 0 0 1
  outer loop
    vertex 55.57631782856194 49.05182312475791 0
    vertex 55.5400902225422 49.03081937214371 0
    vertex 56.42038921862162 47.30313531445261 0
  endloop
endfacet
facet normal 0 0 1
  outer loop
    vertex 49.051823124757895 55.576317828561955 0
    vertex 47.32009836735866 56.45867566397643 0
    vertex 49.0308193721437 55.54009022254222 0
  endloop
endfacet
facet normal 0 0 1
  outer loop
    vertex 49.051823124757895 55.576317828561955 0
    vertex 47.48335580890304 56.72987072967214 0
    vertex 47.32009836735866 56.45867566397643 0
  endloop
endfacet
facet normal 0 0 0.9999999999999999
  outer loop
    vertex 55.084241712266106 49.7746965327129 0
    vertex 43.03802167989783 41.77523403684153 0
    vertex 55.5400902225422 49.03081937214371 0
  endloop
endfacet
facet normal 0 0 1
  outer loop
    vertex 55.084241712266106 49.7746965327129 0
    vertex 42.69308736560199 42.26785129026009 0
    vertex 43.03802167989783 41.77523403684153 0
  endloop
endfacet
facet normal 0 0 1
  outer loop
    vertex 49.774696532712895 55.08424171226612 0
    vertex 49.0308193721437 55.54009022254222 0
    vertex 41.77523403684152 43.038021679897845 0
  endloop
endfacet
facet normal 0 0 1
  outer loop
    vertex 49.774696532712895 55.08424171226612 0
    vertex 41.77523403684152 43.038021679897845 0
    vertex 42.267851290260076 42.693087365602004 0
  endloop
endfacet
facet normal 0 0 1
  outer loop
    vertex 58.26649944011439 46.65523440327965 0
    vertex 57.52356931053732 46.642302317891456 0
    vertex 58.27651736770427 45.125835174740295 0
  endloop
endfacet
facet normal 0 0 1
  outer loop
    vertex 58.26649944011439 46.65523440327965 0
    vertex 58.27651736770427 45.125835174740295 0
    vertex 58.76960297055881 45.49422973046552 0
  endloop
endfacet
facet normal 0 0 1
  outer loop
    vertex 55.86780033333802 49.175264225228915 0
    vertex 56.458675663976415 47.32009836735867 0
    vertex 56.820389610051315 47.54843133647452 0
  endloop
endfacet
facet normal 0 0 1
  outer loop
    vertex 55.86780033333802 49.175264225228915 0
    vertex 55.57631782856194 49.05182312475791 0
    vertex 56.458675663976415 47.32009836735867 0
  endloop
endfacet
facet normal 0 0 1
  outer loop
    vertex 46.648917994856546 58.39442201044969 0
    vertex 45.41392864842972 58.66982412891241 0
    vertex 46.6571270055979 57.77897049117915 0
  endloop
endfacet
facet normal 0 0 1
  outer loop
    vertex 45.90070125170233 59.231365683443556 0
    vertex 45.41392864842972 58.66982412891241 0
    vertex 46.648917994856546 58.39442201044969 0
  endloop
endfacet
facet normal 0 0 0.9999999999999999
  outer loop
    vertex 49.21024510237645 55.97365320400404 0
    vertex 47.48335580890304 56.72987072967214 0
    vertex 49.051823124757895 55.576317828561955 0
  endloop
endfacet
facet normal 0 0 1
  outer loop
    vertex 49.21024510237645 55.97365320400404 0
    vertex 47.74445171524277 57.06704408239309 0
    vertex 47.48335580890304 56.72987072967214 0
  endloop
endfacet
facet normal 0 0 1
  outer loop
    vertex 53.944511326277414 51.34340083019937 0
    vertex 42.69308736560199 42.26785129026009 0
    vertex 55.084241712266106 49.7746965327129 0
  endloop
endfacet
facet normal 0 0 1
  outer loop
    vertex 51.34340083019936 53.944511326277436 0
    vertex 49.774696532712895 55.08424171226612 0
    vertex 42.267851290260076 42.693087365602004 0
  endloop
endfacet
facet normal 0 0 1
  outer loop
    vertex 51.34340083019936 53.944511326277436 0
    vertex 49.797440061886476 55.119403181839076 0
    vertex 49.774696532712895 55.08424171226612 0
  endloop
endfacet
facet normal 0 0 1
  outer loop
    vertex 53.97700719954675 51.36981323793254 0
    vertex 53.944511326277414 51.34340083019937 0
    vertex 55.084241712266106 49.7746965327129 0
  endloop
endfacet
facet normal 0 0 1
  outer loop
    vertex 53.97700719954675 51.36981323793254 0
    vertex 55.084241712266106 49.7746965327129 0
    vertex 55.11940318183906 49.79744006188649 0
  endloop
endfacet
facet normal 0 0 1
  outer loop
    vertex 51.36981323793253 53.97700719954676 0
    vertex 49.797440061886476 55.119403181839076 0
    vertex 51.34340083019936 53.944511326277436 0
  endloop
endfacet
facet normal 0 0 0.9999999999999999
  outer loop
    vertex 50.00111178843887 55.36172029572178 0
    vertex 49.797440061886476 55.119403181839076 0
    vertex 51.36981323793253 53.97700719954676 0
  endloop
endfacet
facet normal 0 0 1
  outer loop
    vertex 53.37790704193077 52.00680921068415 0
    vertex 42.69308736560199 42.26785129026009 0
    vertex 53.944511326277414 51.34340083019937 0
  endloop
endfacet
facet normal 0 0 1
  outer loop
    vertex 52.00680921068414 53.37790704193078 0
    vertex 51.34340083019936 53.944511326277436 0
    vertex 42.267851290260076 42.693087365602004 0
  endloop
endfacet
facet normal 0 0 1
  outer loop
    vertex 52.00680921068414 53.37790704193078 0
    vertex 42.69308736560199 42.26785129026009 0
    vertex 53.37790704193077 52.00680921068415 0
  endloop
endfacet
facet normal 0 0 1
  outer loop
    vertex 52.00680921068414 53.37790704193078 0
    vertex 42.267851290260076 42.693087365602004 0
    vertex 42.69308736560199 42.26785129026009 0
  endloop
endfacet
facet normal 0 0 0.9999999999999999
  outer loop
    vertex 52.03477319495555 53.40907774364678 0
    vertex 53.37790704193077 52.00680921068415 0
    vertex 53.40907774364677 52.03477319495556 0
  endloop
endfacet
facet normal 0 0 1
  outer loop
    vertex 52.03477319495555 53.40907774364678 0
    vertex 52.00680921068414 53.37790704193078 0
    vertex 53.37790704193077 52.00680921068415 0
  endloop
endfacet
facet normal 0 0 1
  outer loop
    vertex 56.27721688292589 49.294574874450774 0
    vertex 56.820389610051315 47.54843133647452 0
    vertex 57.25812262635385 47.91456498479117 0
  endloop
endfacet
facet normal 0 0 1
  outer loop
    vertex 56.27721688292589 49.294574874450774 0
    vertex 55.86780033333802 49.175264225228915 0
    vertex 56.820389610051315 47.54843133647452 0
  endloop
endfacet
facet normal 0 0 1
  outer loop
    vertex 59.00691385820147 46.591492939138774 0
    vertex 58.76960297055881 45.49422973046552 0
    vertex 59.23136568344354 45.90070125170234 0
  endloop
endfacet
facet normal 0 0 1
  outer loop
    vertex 59.00691385820147 46.591492939138774 0
    vertex 58.26649944011439 46.65523440327965 0
    vertex 58.76960297055881 45.49422973046552 0
  endloop
endfacet
facet normal 0 0 1
  outer loop
    vertex 46.59149293913877 59.00691385820149 0
    vertex 45.90070125170233 59.231365683443556 0
    vertex 46.648917994856546 58.39442201044969 0
  endloop
endfacet
facet normal 0 0 1
  outer loop
    vertex 54.24559062848647 51.53733248332179 0
    vertex 55.11940318183906 49.79744006188649 0
    vertex 55.44094468313291 50.0795464009072 0
  endloop
endfacet
facet normal 0 0 1
  outer loop
    vertex 54.24559062848647 51.53733248332179 0
    vertex 53.97700719954675 51.36981323793254 0
    vertex 55.11940318183906 49.79744006188649 0
  endloop
endfacet
facet normal 0 0 1
  outer loop
    vertex 49.34917059271562 56.52715455912873 0
    vertex 47.74445171524277 57.06704408239309 0
    vertex 49.21024510237645 55.97365320400404 0
  endloop
endfacet
facet normal 0 0 1
  outer loop
    vertex 49.34917059271562 56.52715455912873 0
    vertex 48.260638282541635 57.60151938023771 0
    vertex 47.74445171524277 57.06704408239309 0
  endloop
endfacet
facet normal 0 0 1
  outer loop
    vertex 52.273844132657445 53.61655025416599 0
    vertex 52.03477319495555 53.40907774364678 0
    vertex 53.40907774364677 52.03477319495556 0
  endloop
endfacet
facet normal 0 0 1
  outer loop
    vertex 51.5884417250194 54.34466805985787 0
    vertex 50.00111178843887 55.36172029572178 0
    vertex 51.36981323793253 53.97700719954676 0
  endloop
endfacet
facet normal 0 0 1
  outer loop
    vertex 50.311738703966505 55.65389808653123 0
    vertex 50.00111178843887 55.36172029572178 0
    vertex 51.5884417250194 54.34466805985787 0
  endloop
endfacet
facet normal 0 0 1
  outer loop
    vertex 53.68252938126306 52.36370650955752 0
    vertex 52.273844132657445 53.61655025416599 0
    vertex 53.40907774364677 52.03477319495556 0
  endloop
endfacet
facet normal 0 0 1
  outer loop
    vertex 54.6313022833754 51.719221079379885 0
    vertex 55.44094468313291 50.0795464009072 0
    vertex 55.81601255822051 50.509648866684365 0
  endloop
endfacet
facet normal 0 0 1
  outer loop
    vertex 54.6313022833754 51.719221079379885 0
    vertex 54.24559062848647 51.53733248332179 0
    vertex 55.44094468313291 50.0795464009072 0
  endloop
endfacet
facet normal 0 0 1
  outer loop
    vertex 57.00897728592645 49.42356762179094 0
    vertex 57.25812262635385 47.91456498479117 0
    vertex 57.687507921959735 48.3555595747211 0
  endloop
endfacet
facet normal 0 0 1
  outer loop
    vertex 57.00897728592645 49.42356762179094 0
    vertex 56.27721688292589 49.294574874450774 0
    vertex 57.25812262635385 47.91456498479117 0
  endloop
endfacet
facet normal 0 0 1
  outer loop
    vertex 52.626353391804145 53.85653809617403 0
    vertex 52.273844132657445 53.61655025416599 0
    vertex 53.68252938126306 52.36370650955752 0
  endloop
endfacet
facet normal 0 0 1
  outer loop
    vertex 49.437340477693944 57.13631302111793 0
    vertex 48.260638282541635 57.60151938023771 0
    vertex 49.34917059271562 56.52715455912873 0
  endloop
endfacet
facet normal 0 0 0.9999999999999999
  outer loop
    vertex 51.81224350042698 54.86962216005696 0
    vertex 50.311738703966505 55.65389808653123 0
    vertex 51.5884417250194 54.34466805985787 0
  endloop
endfacet
facet normal 0 0 1
  outer loop
    vertex 53.985696699272594 52.84718724266008 0
    vertex 52.626353391804145 53.85653809617403 0
    vertex 53.68252938126306 52.36370650955752 0
  endloop
endfacet
facet normal 0 0 0.9999999999999999
  outer loop
    vertex 48.82926235999608 58.0799994146186 0
    vertex 48.260638282541635 57.60151938023771 0
    vertex 49.437340477693944 57.13631302111793 0
  endloop
endfacet
facet normal 0 0 1
  outer loop
    vertex 50.90518051535497 56.10104373703213 0
    vertex 50.311738703966505 55.65389808653123 0
    vertex 51.81224350042698 54.86962216005696 0
  endloop
endfacet
facet normal 0 0 0.9999999999999999
  outer loop
    vertex 57.750247335723344 49.476437254248054 0
    vertex 57.687507921959735 48.3555595747211 0
    vertex 58.07999941461859 48.82926235999609 0
  endloop
endfacet
facet normal 0 0 1
  outer loop
    vertex 57.750247335723344 49.476437254248054 0
    vertex 57.00897728592645 49.42356762179094 0
    vertex 57.687507921959735 48.3555595747211 0
  endloop
endfacet
facet normal 0 0 0.9999999999999999
  outer loop
    vertex 49.47643725424805 57.750247335723365 0
    vertex 48.82926235999608 58.0799994146186 0
    vertex 49.437340477693944 57.13631302111793 0
  endloop
endfacet
facet normal 0 0 0.9999999999999999
  outer loop
    vertex 55.33387459010402 51.96109825913011 0
    vertex 55.81601255822051 50.509648866684365 0
    vertex 56.17112465555246 51.01238474043831 0
  endloop
endfacet
facet normal 0 0 1
  outer loop
    vertex 55.33387459010402 51.96109825913011 0
    vertex 54.6313022833754 51.719221079379885 0
    vertex 55.81601255822051 50.509648866684365 0
  endloop
endfacet
facet normal 0 0 1
  outer loop
    vertex 51.9946212459375 55.45748806174892 0
    vertex 50.90518051535497 56.10104373703213 0
    vertex 51.81224350042698 54.86962216005696 0
  endloop
endfacet
facet normal 0 0 1
  outer loop
    vertex 53.28243794036537 54.205343889424526 0
    vertex 52.626353391804145 53.85653809617403 0
    vertex 53.985696699272594 52.84718724266008 0
  endloop
endfacet
facet normal 0 0 1
  outer loop
    vertex 54.25779155994436 53.399285374541094 0
    vertex 53.28243794036537 54.205343889424526 0
    vertex 53.985696699272594 52.84718724266008 0
  endloop
endfacet
facet normal 0 0 1
  outer loop
    vertex 51.541654655049186 56.48468048483211 0
    vertex 50.90518051535497 56.10104373703213 0
    vertex 51.9946212459375 55.45748806174892 0
  endloop
endfacet
facet normal 0 0 1
  outer loop
    vertex 56.05774774285049 52.12927716236988 0
    vertex 56.17112465555246 51.01238474043831 0
    vertex 56.484680484832104 51.54165465504921 0
  endloop
endfacet
facet normal 0 0 1
  outer loop
    vertex 56.05774774285049 52.12927716236988 0
    vertex 55.33387459010402 51.96109825913011 0
    vertex 56.17112465555246 51.01238474043831 0
  endloop
endfacet
facet normal 0 0 0.9999999999999999
  outer loop
    vertex 52.129277162369874 56.05774774285051 0
    vertex 51.541654655049186 56.48468048483211 0
    vertex 51.9946212459375 55.45748806174892 0
  endloop
endfacet
facet normal 0 0 1
  outer loop
    vertex 53.97109003664353 54.48469094069541 0
    vertex 53.28243794036537 54.205343889424526 0
    vertex 54.25779155994436 53.399285374541094 0
  endloop
endfacet
facet normal 0 0 1
  outer loop
    vertex 54.4846909406954 53.97109003664355 0
    vertex 53.97109003664353 54.48469094069541 0
    vertex 54.25779155994436 53.399285374541094 0
  endloop
endfacet
facet normal 0.10272381727392836 0.9947099161889724 0
  outer loop
    vertex 57.86044654854197 38.21097116644923 -3
    vertex 57.90210099350689 38.206669506715485 0
    vertex 57.90210099350689 38.206669506715485 -3
  endloop
endfacet
facet normal 0.10272381727392836 0.9947099161889724 0
  outer loop
    vertex 57.86044654854197 38.21097116644923 -3
    vertex 57.86044654854197 38.21097116644923 0
    vertex 57.90210099350689 38.206669506715485 0
  endloop
endfacet
facet normal 1 0 0
  outer loop
    vertex 60.10046807368301 40.41340471892014 -3
    vertex 60.10046807368301 39.68706335476292 0
    vertex 60.10046807368301 39.68706335476292 -3
  endloop
endfacet
facet normal 1 0 0
  outer loop
    vertex 60.10046807368301 40.41340471892014 -3
    vertex 60.10046807368301 40.41340471892014 0
    vertex 60.10046807368301 39.68706335476292 0
  endloop
endfacet
facet normal 0.528734197617268 0.8487732750040516 -0.004906720790953119
  outer loop
    vertex 59.22764269149581 37.69425157111923 -0.6000000000000001
    vertex 59.27965277464367 37.665321021784365 0
    vertex 59.910428832602946 37.27238584969181 0
  endloop
endfacet
facet normal 0.4384082186381245 0.8987601403048331 0.005333294458708471
  outer loop
    vertex 59.22764269149581 37.69425157111923 -0.6000000000000001
    vertex 58.61182613826633 37.991081670130406 0
    vertex 59.27965277464367 37.665321021784365 0
  endloop
endfacet
facet normal 0.33796479720282924 0.9411540814082324 0.0029649452401338244
  outer loop
    vertex 58.24869616179758 38.1233704403319 -0.6000000000000001
    vertex 58.210472151816475 38.13520633719248 0
    vertex 58.61182613826633 37.991081670130406 0
  endloop
endfacet
facet normal 0.22575837307109858 0.9741713314242126 -0.004834668496140826
  outer loop
    vertex 58.24869616179758 38.1233704403319 -0.6000000000000001
    vertex 57.90210099350689 38.206669506715485 0
    vertex 58.210472151816475 38.13520633719248 0
  endloop
endfacet
facet normal 0.40113258401727137 0.9151015703249815 -0.04100934074549159
  outer loop
    vertex 58.24869616179758 38.1233704403319 -0.6000000000000001
    vertex 58.61182613826633 37.991081670130406 0
    vertex 59.22764269149581 37.69425157111923 -0.6000000000000001
  endloop
endfacet
facet normal 0.5256235309114592 0.8507172877943473 0
  outer loop
    vertex 59.22764269149581 37.69425157111923 -1.7999999999999998
    vertex 59.910428832602946 37.27238584969181 0
    vertex 59.910428832602946 37.27238584969181 -3
  endloop
endfacet
facet normal 0.5256235309114592 0.8507172877943473 0
  outer loop
    vertex 59.22764269149581 37.69425157111923 -1.7999999999999998
    vertex 59.22764269149581 37.69425157111923 -0.6000000000000001
    vertex 59.910428832602946 37.27238584969181 0
  endloop
endfacet
facet normal 0.528734197617268 0.8487732750040516 0.004906720790953119
  outer loop
    vertex 59.22764269149581 37.69425157111923 -2.4
    vertex 59.910428832602946 37.27238584969181 -3
    vertex 59.27965277464367 37.665321021784365 -3
  endloop
endfacet
facet normal 0.4384082186381245 0.8987601403048331 -0.005333294458708471
  outer loop
    vertex 59.22764269149581 37.69425157111923 -2.4
    vertex 59.27965277464367 37.665321021784365 -3
    vertex 58.61182613826633 37.991081670130406 -3
  endloop
endfacet
facet normal 0.5256235309114593 0.8507172877943474 0
  outer loop
    vertex 59.22764269149581 37.69425157111923 -2.4
    vertex 59.22764269149581 37.69425157111923 -1.7999999999999998
    vertex 59.910428832602946 37.27238584969181 -3
  endloop
endfacet
facet normal 0.23368123507195412 0.9723132624700981 0
  outer loop
    vertex 58.24869616179758 38.1233704403319 -1.7999999999999998
    vertex 57.90210099350689 38.206669506715485 -3
    vertex 57.90210099350689 38.206669506715485 0
  endloop
endfacet
facet normal 0.23368123507195415 0.9723132624700983 0
  outer loop
    vertex 58.24869616179758 38.1233704403319 -1.7999999999999998
    vertex 57.90210099350689 38.206669506715485 0
    vertex 58.24869616179758 38.1233704403319 -0.6000000000000001
  endloop
endfacet
facet normal 0.40147031564254154 0.9158720356348249 0
  outer loop
    vertex 58.24869616179758 38.1233704403319 -1.7999999999999998
    vertex 59.22764269149581 37.69425157111923 -0.6000000000000001
    vertex 59.22764269149581 37.69425157111923 -1.7999999999999998
  endloop
endfacet
facet normal 0.40147031564254154 0.9158720356348249 0
  outer loop
    vertex 58.24869616179758 38.1233704403319 -1.7999999999999998
    vertex 58.24869616179758 38.1233704403319 -0.6000000000000001
    vertex 59.22764269149581 37.69425157111923 -0.6000000000000001
  endloop
endfacet
facet normal 0.33796479720282924 0.9411540814082324 -0.0029649452401338244
  outer loop
    vertex 58.24869616179758 38.1233704403319 -2.4
    vertex 58.61182613826633 37.991081670130406 -3
    vertex 58.210472151816475 38.13520633719248 -3
  endloop
endfacet
facet normal 0.22575837307109858 0.9741713314242126 0.004834668496140826
  outer loop
    vertex 58.24869616179758 38.1233704403319 -2.4
    vertex 58.210472151816475 38.13520633719248 -3
    vertex 57.90210099350689 38.206669506715485 -3
  endloop
endfacet
facet normal 0.4014703156425416 0.915872035634825 0
  outer loop
    vertex 58.24869616179758 38.1233704403319 -2.4
    vertex 58.24869616179758 38.1233704403319 -1.7999999999999998
    vertex 59.22764269149581 37.69425157111923 -1.7999999999999998
  endloop
endfacet
facet normal 0.23368123507195412 0.9723132624700981 0
  outer loop
    vertex 58.24869616179758 38.1233704403319 -2.4
    vertex 57.90210099350689 38.206669506715485 -3
    vertex 58.24869616179758 38.1233704403319 -1.7999999999999998
  endloop
endfacet
facet normal 0.40113258401727137 0.9151015703249815 0.04100934074549159
  outer loop
    vertex 58.24869616179758 38.1233704403319 -2.4
    vertex 59.22764269149581 37.69425157111923 -2.4
    vertex 58.61182613826633 37.991081670130406 -3
  endloop
endfacet
facet normal 0.4014703156425416 0.915872035634825 0
  outer loop
    vertex 58.24869616179758 38.1233704403319 -2.4
    vertex 59.22764269149581 37.69425157111923 -1.7999999999999998
    vertex 59.22764269149581 37.69425157111923 -2.4
  endloop
endfacet
facet normal 0.38944720904479196 0.9210357188829877 -0.004906720790948087
  outer loop
    vertex 59.36009382454125 40.723265288549776 -0.6000000000000001
    vertex 59.41598931226828 40.702827091818655 0
    vertex 60.10046807368301 40.41340471892014 0
  endloop
endfacet
facet normal 0.292413624221871 0.956277066722635 0.005333294458711391
  outer loop
    vertex 59.36009382454125 40.723265288549776 -0.6000000000000001
    vertex 58.705424537224346 40.92010598341343 0
    vertex 59.41598931226828 40.702827091818655 0
  endloop
endfacet
facet normal 0.18657495448344424 0.9824362551632673 0.0029649452400593015
  outer loop
    vertex 58.326070770348295 40.993960015724156 -0.6000000000000001
    vertex 58.286465819166295 40.99967064050065 0
    vertex 58.705424537224346 40.92010598341343 0
  endloop
endfacet
facet normal 0.07058494178532936 0.9974940561094562 -0.004834668496059414
  outer loop
    vertex 58.326070770348295 40.993960015724156 -0.6000000000000001
    vertex 57.97071191883289 41.02201410263661 0
    vertex 58.286465819166295 40.99967064050065 0
  endloop
endfacet
facet normal 0.2530405516553904 0.966586112661235 -0.041009340745471856
  outer loop
    vertex 58.326070770348295 40.993960015724156 -0.6000000000000001
    vertex 58.705424537224346 40.92010598341343 0
    vertex 59.36009382454125 40.723265288549776 -0.6000000000000001
  endloop
endfacet
facet normal 0.38607072920710916 0.9224691821678874 0
  outer loop
    vertex 59.36009382454125 40.723265288549776 -1.7999999999999998
    vertex 60.10046807368301 40.41340471892014 0
    vertex 60.10046807368301 40.41340471892014 -3
  endloop
endfacet
facet normal 0.38607072920710916 0.9224691821678875 0
  outer loop
    vertex 59.36009382454125 40.723265288549776 -1.7999999999999998
    vertex 59.36009382454125 40.723265288549776 -0.6000000000000001
    vertex 60.10046807368301 40.41340471892014 0
  endloop
endfacet
facet normal 0.38944720904479196 0.9210357188829877 0.004906720790948087
  outer loop
    vertex 59.36009382454125 40.723265288549776 -2.4
    vertex 60.10046807368301 40.41340471892014 -3
    vertex 59.41598931226828 40.702827091818655 -3
  endloop
endfacet
facet normal 0.292413624221871 0.956277066722635 -0.005333294458711391
  outer loop
    vertex 59.36009382454125 40.723265288549776 -2.4
    vertex 59.41598931226828 40.702827091818655 -3
    vertex 58.705424537224346 40.92010598341343 -3
  endloop
endfacet
facet normal 0.3860707292071091 0.9224691821678873 0
  outer loop
    vertex 59.36009382454125 40.723265288549776 -2.4
    vertex 59.36009382454125 40.723265288549776 -1.7999999999999998
    vertex 60.10046807368301 40.41340471892014 -3
  endloop
endfacet
facet normal 0.07870092623042632 0.9968982717461562 0
  outer loop
    vertex 58.326070770348295 40.993960015724156 -1.7999999999999998
    vertex 57.97071191883289 41.02201410263661 -3
    vertex 57.97071191883289 41.02201410263661 0
  endloop
endfacet
facet normal 0.2532535979153424 0.9673999251307258 0
  outer loop
    vertex 58.326070770348295 40.993960015724156 -1.7999999999999998
    vertex 59.36009382454125 40.723265288549776 -0.6000000000000001
    vertex 59.36009382454125 40.723265288549776 -1.7999999999999998
  endloop
endfacet
facet normal 0.07870092623042632 0.9968982717461561 0
  outer loop
    vertex 58.326070770348295 40.993960015724156 -1.7999999999999998
    vertex 57.97071191883289 41.02201410263661 0
    vertex 58.326070770348295 40.993960015724156 -0.6000000000000001
  endloop
endfacet
facet normal 0.2532535979153424 0.9673999251307258 0
  outer loop
    vertex 58.326070770348295 40.993960015724156 -1.7999999999999998
    vertex 58.326070770348295 40.993960015724156 -0.6000000000000001
    vertex 59.36009382454125 40.723265288549776 -0.6000000000000001
  endloop
endfacet
facet normal 0.18657495448344424 0.9824362551632673 -0.0029649452400593015
  outer loop
    vertex 58.326070770348295 40.993960015724156 -2.4
    vertex 58.705424537224346 40.92010598341343 -3
    vertex 58.286465819166295 40.99967064050065 -3
  endloop
endfacet
facet normal 0.07058494178532936 0.9974940561094562 0.004834668496059414
  outer loop
    vertex 58.326070770348295 40.993960015724156 -2.4
    vertex 58.286465819166295 40.99967064050065 -3
    vertex 57.97071191883289 41.02201410263661 -3
  endloop
endfacet
facet normal 0.25325359791534247 0.967399925130726 0
  outer loop
    vertex 58.326070770348295 40.993960015724156 -2.4
    vertex 58.326070770348295 40.993960015724156 -1.7999999999999998
    vertex 59.36009382454125 40.723265288549776 -1.7999999999999998
  endloop
endfacet
facet normal 0.07870092623042632 0.9968982717461561 0
  outer loop
    vertex 58.326070770348295 40.993960015724156 -2.4
    vertex 57.97071191883289 41.02201410263661 -3
    vertex 58.326070770348295 40.993960015724156 -1.7999999999999998
  endloop
endfacet
facet normal 0.2530405516553904 0.966586112661235 0.041009340745471856
  outer loop
    vertex 58.326070770348295 40.993960015724156 -2.4
    vertex 59.36009382454125 40.723265288549776 -2.4
    vertex 58.705424537224346 40.92010598341343 -3
  endloop
endfacet
facet normal 0.25325359791534247 0.967399925130726 0
  outer loop
    vertex 58.326070770348295 40.993960015724156 -2.4
    vertex 59.36009382454125 40.723265288549776 -1.7999999999999998
    vertex 59.36009382454125 40.723265288549776 -2.4
  endloop
endfacet
facet normal 0.9876883405951399 -0.15643446504021732 0
  outer loop
    vertex 59.910428832602946 37.27238584969181 -3
    vertex 59.79680400986443 36.55498695302176 0
    vertex 59.79680400986443 36.55498695302176 -3
  endloop
endfacet
facet normal 0.9876883405951399 -0.15643446504021732 0
  outer loop
    vertex 59.910428832602946 37.27238584969181 -3
    vertex 59.910428832602946 37.27238584969181 0
    vertex 59.79680400986443 36.55498695302176 0
  endloop
endfacet
facet normal -0.054147796986611374 0.998532931896338 0
  outer loop
    vertex 57.928897381367854 41.01974661098619 -3
    vertex 57.97071191883289 41.02201410263661 0
    vertex 57.97071191883289 41.02201410263661 -3
  endloop
endfacet
facet normal -0.054147796986611374 0.998532931896338 0
  outer loop
    vertex 57.928897381367854 41.01974661098619 -3
    vertex 57.928897381367854 41.01974661098619 0
    vertex 57.97071191883289 41.02201410263661 0
  endloop
endfacet
facet normal -0.06518717271819899 -0.997842883338896 0.007759683171760536
  outer loop
    vertex 57.95343362449544 36.259156148213684 -0.6000000000000001
    vertex 58.02490468538336 36.2591529548378 0
    vertex 57.598061204048065 36.28703782549834 0
  endloop
endfacet
facet normal 0.06819012591347552 -0.9976392344772677 -0.008128010796979016
  outer loop
    vertex 57.95343362449544 36.259156148213684 -0.6000000000000001
    vertex 58.594246093419464 36.29806828711428 0
    vertex 58.02490468538336 36.2591529548378 0
  endloop
endfacet
facet normal 0.16958492985002302 -0.9854651569314075 0.009968753278096723
  outer loop
    vertex 59.017072123863144 36.364761330782464 -0.6000000000000001
    vertex 59.200836211001125 36.40245406048665 0
    vertex 58.594246093419464 36.29806828711428 0
  endloop
endfacet
facet normal 0.24792103190942402 -0.9686628845969466 -0.01507905637925726
  outer loop
    vertex 59.017072123863144 36.364761330782464 -0.6000000000000001
    vertex 59.79680400986443 36.55498695302176 0
    vertex 59.200836211001125 36.40245406048665 0
  endloop
endfacet
facet normal 0.0987180582497709 -0.9942724853384324 -0.04095082263314711
  outer loop
    vertex 59.017072123863144 36.364761330782464 -0.6000000000000001
    vertex 58.594246093419464 36.29806828711428 0
    vertex 57.95343362449544 36.259156148213684 -0.6000000000000001
  endloop
endfacet
facet normal -0.07821726060832791 -0.9969363370561477 0
  outer loop
    vertex 57.95343362449544 36.259156148213684 -1.7999999999999998
    vertex 57.598061204048065 36.28703782549834 0
    vertex 57.598061204048065 36.28703782549834 -3
  endloop
endfacet
facet normal -0.07821726060832793 -0.9969363370561477 0
  outer loop
    vertex 57.95343362449544 36.259156148213684 -1.7999999999999998
    vertex 57.95343362449544 36.259156148213684 -0.6000000000000001
    vertex 57.598061204048065 36.28703782549834 0
  endloop
endfacet
facet normal -0.06518717271819899 -0.997842883338896 -0.007759683171760536
  outer loop
    vertex 57.95343362449544 36.259156148213684 -2.4
    vertex 57.598061204048065 36.28703782549834 -3
    vertex 58.02490468538336 36.2591529548378 -3
  endloop
endfacet
facet normal 0.06819012591347552 -0.9976392344772677 0.008128010796979016
  outer loop
    vertex 57.95343362449544 36.259156148213684 -2.4
    vertex 58.02490468538336 36.2591529548378 -3
    vertex 58.594246093419464 36.29806828711428 -3
  endloop
endfacet
facet normal -0.07821726060832793 -0.9969363370561477 0
  outer loop
    vertex 57.95343362449544 36.259156148213684 -2.4
    vertex 57.95343362449544 36.259156148213684 -1.7999999999999998
    vertex 57.598061204048065 36.28703782549834 -3
  endloop
endfacet
facet normal 0.23701158485437712 -0.9715068237767641 0
  outer loop
    vertex 59.017072123863144 36.364761330782464 -1.7999999999999998
    vertex 59.79680400986443 36.55498695302176 -3
    vertex 59.79680400986443 36.55498695302176 0
  endloop
endfacet
facet normal 0.2370115848543771 -0.9715068237767639 0
  outer loop
    vertex 59.017072123863144 36.364761330782464 -1.7999999999999998
    vertex 59.79680400986443 36.55498695302176 0
    vertex 59.017072123863144 36.364761330782464 -0.6000000000000001
  endloop
endfacet
facet normal 0.09880093610697109 -0.9951072178536271 0
  outer loop
    vertex 59.017072123863144 36.364761330782464 -1.7999999999999998
    vertex 57.95343362449544 36.259156148213684 -0.6000000000000001
    vertex 57.95343362449544 36.259156148213684 -1.7999999999999998
  endloop
endfacet
facet normal 0.09880093610697109 -0.9951072178536271 0
  outer loop
    vertex 59.017072123863144 36.364761330782464 -1.7999999999999998
    vertex 59.017072123863144 36.364761330782464 -0.6000000000000001
    vertex 57.95343362449544 36.259156148213684 -0.6000000000000001
  endloop
endfacet
facet normal 0.16958492985002302 -0.9854651569314075 -0.009968753278096723
  outer loop
    vertex 59.017072123863144 36.364761330782464 -2.4
    vertex 58.594246093419464 36.29806828711428 -3
    vertex 59.200836211001125 36.40245406048665 -3
  endloop
endfacet
facet normal 0.24792103190942402 -0.9686628845969466 0.01507905637925726
  outer loop
    vertex 59.017072123863144 36.364761330782464 -2.4
    vertex 59.200836211001125 36.40245406048665 -3
    vertex 59.79680400986443 36.55498695302176 -3
  endloop
endfacet
facet normal 0.23701158485437712 -0.971506823776764 0
  outer loop
    vertex 59.017072123863144 36.364761330782464 -2.4
    vertex 59.79680400986443 36.55498695302176 -3
    vertex 59.017072123863144 36.364761330782464 -1.7999999999999998
  endloop
endfacet
facet normal 0.09880093610697109 -0.995107217853627 0
  outer loop
    vertex 59.017072123863144 36.364761330782464 -2.4
    vertex 59.017072123863144 36.364761330782464 -1.7999999999999998
    vertex 57.95343362449544 36.259156148213684 -1.7999999999999998
  endloop
endfacet
facet normal 0.09880093610697109 -0.995107217853627 0
  outer loop
    vertex 59.017072123863144 36.364761330782464 -2.4
    vertex 57.95343362449544 36.259156148213684 -1.7999999999999998
    vertex 57.95343362449544 36.259156148213684 -2.4
  endloop
endfacet
facet normal 0.0987180582497709 -0.9942724853384324 0.04095082263314711
  outer loop
    vertex 59.017072123863144 36.364761330782464 -2.4
    vertex 57.95343362449544 36.259156148213684 -2.4
    vertex 58.594246093419464 36.29806828711428 -3
  endloop
endfacet
facet normal 0.9969173337331277 0.07845909572784804 0
  outer loop
    vertex 57.860446548541944 41.889496907233834 -3
    vertex 57.928897381367854 41.01974661098619 0
    vertex 57.928897381367854 41.01974661098619 -3
  endloop
endfacet
facet normal 0.9969173337331277 0.07845909572784804 0
  outer loop
    vertex 57.860446548541944 41.889496907233834 -3
    vertex 57.860446548541944 41.889496907233834 0
    vertex 57.928897381367854 41.01974661098619 0
  endloop
endfacet
facet normal -0.20968611277872445 -0.9777687528796101 0
  outer loop
    vertex 57.598061204048065 36.28703782549834 -3
    vertex 57.55711618676979 36.2958186353631 0
    vertex 57.55711618676979 36.2958186353631 -3
  endloop
endfacet
facet normal -0.20968611277872445 -0.9777687528796101 0
  outer loop
    vertex 57.598061204048065 36.28703782549834 -3
    vertex 57.598061204048065 36.28703782549834 0
    vertex 57.55711618676979 36.2958186353631 0
  endloop
endfacet
facet normal 0.10272381727360994 -0.9947099161890054 0
  outer loop
    vertex 57.902100993506856 41.89379856696756 -3
    vertex 57.860446548541944 41.889496907233834 0
    vertex 57.860446548541944 41.889496907233834 -3
  endloop
endfacet
facet normal 0.10272381727360994 -0.9947099161890054 0
  outer loop
    vertex 57.902100993506856 41.89379856696756 -3
    vertex 57.902100993506856 41.89379856696756 0
    vertex 57.860446548541944 41.889496907233834 0
  endloop
endfacet
facet normal 0.972369920397674 -0.23344536385591674 0
  outer loop
    vertex 57.55711618676979 36.2958186353631 -3
    vertex 57.35344917497152 35.44748447794482 0
    vertex 57.35344917497152 35.44748447794482 -3
  endloop
endfacet
facet normal 0.972369920397674 -0.23344536385591674 0
  outer loop
    vertex 57.55711618676979 36.2958186353631 -3
    vertex 57.55711618676979 36.2958186353631 0
    vertex 57.35344917497152 35.44748447794482 0
  endloop
endfacet
facet normal 0.24635372327530428 -0.9691489206233835 0.007759683171735848
  outer loop
    vertex 58.24869616179756 41.977097633351164 -0.6000000000000001
    vertex 58.316670166788825 41.999180368690546 0
    vertex 57.902100993506856 41.89379856696756 0
  endloop
endfacet
facet normal 0.37314014130566714 -0.9277393871054905 -0.00812801079696953
  outer loop
    vertex 58.24869616179756 41.977097633351164 -0.6000000000000001
    vertex 58.846120523882874 42.21212721972032 0
    vertex 58.316670166788825 41.999180368690546 0
  endloop
endfacet
facet normal 0.46581033345543754 -0.8848284337679337 0.00996875327809589
  outer loop
    vertex 59.22764269149579 42.40621650256382 -0.6000000000000001
    vertex 59.39076502998627 42.49885064464728 0
    vertex 58.846120523882874 42.21212721972032 0
  endloop
endfacet
facet normal 0.5351202060848088 -0.8446413363661897 -0.015079056379262917
  outer loop
    vertex 59.22764269149579 42.40621650256382 -0.6000000000000001
    vertex 59.9104288326029 42.82808222399123 0
    vertex 59.39076502998627 42.49885064464728 0
  endloop
endfacet
facet normal 0.40113354758343683 -0.9151037685032206 -0.04095082263313865
  outer loop
    vertex 59.22764269149579 42.40621650256382 -0.6000000000000001
    vertex 58.846120523882874 42.21212721972032 0
    vertex 58.24869616179756 41.977097633351164 -0.6000000000000001
  endloop
endfacet
facet normal 0.2336812350719828 -0.9723132624700913 0
  outer loop
    vertex 58.24869616179756 41.977097633351164 -1.7999999999999998
    vertex 57.902100993506856 41.89379856696756 0
    vertex 57.902100993506856 41.89379856696756 -3
  endloop
endfacet
facet normal 0.2336812350719828 -0.9723132624700914 0
  outer loop
    vertex 58.24869616179756 41.977097633351164 -1.7999999999999998
    vertex 58.24869616179756 41.977097633351164 -0.6000000000000001
    vertex 57.902100993506856 41.89379856696756 0
  endloop
endfacet
facet normal 0.24635372327530428 -0.9691489206233835 -0.007759683171735848
  outer loop
    vertex 58.24869616179756 41.977097633351164 -2.4
    vertex 57.902100993506856 41.89379856696756 -3
    vertex 58.316670166788825 41.999180368690546 -3
  endloop
endfacet
facet normal 0.37314014130566714 -0.9277393871054905 0.00812801079696953
  outer loop
    vertex 58.24869616179756 41.977097633351164 -2.4
    vertex 58.316670166788825 41.999180368690546 -3
    vertex 58.846120523882874 42.21212721972032 -3
  endloop
endfacet
facet normal 0.2336812350719828 -0.9723132624700914 0
  outer loop
    vertex 58.24869616179756 41.977097633351164 -2.4
    vertex 58.24869616179756 41.977097633351164 -1.7999999999999998
    vertex 57.902100993506856 41.89379856696756 -3
  endloop
endfacet
facet normal 0.5256235309114582 -0.8507172877943477 0
  outer loop
    vertex 59.22764269149579 42.40621650256382 -1.7999999999999998
    vertex 59.9104288326029 42.82808222399123 -3
    vertex 59.9104288326029 42.82808222399123 0
  endloop
endfacet
facet normal 0.5256235309114583 -0.8507172877943479 0
  outer loop
    vertex 59.22764269149579 42.40621650256382 -1.7999999999999998
    vertex 59.9104288326029 42.82808222399123 0
    vertex 59.22764269149579 42.40621650256382 -0.6000000000000001
  endloop
endfacet
facet normal 0.40147031564253594 -0.9158720356348272 0
  outer loop
    vertex 59.22764269149579 42.40621650256382 -1.7999999999999998
    vertex 58.24869616179756 41.977097633351164 -0.6000000000000001
    vertex 58.24869616179756 41.977097633351164 -1.7999999999999998
  endloop
endfacet
facet normal 0.40147031564253594 -0.9158720356348272 0
  outer loop
    vertex 59.22764269149579 42.40621650256382 -1.7999999999999998
    vertex 59.22764269149579 42.40621650256382 -0.6000000000000001
    vertex 58.24869616179756 41.977097633351164 -0.6000000000000001
  endloop
endfacet
facet normal 0.46581033345543754 -0.8848284337679337 -0.00996875327809589
  outer loop
    vertex 59.22764269149579 42.40621650256382 -2.4
    vertex 58.846120523882874 42.21212721972032 -3
    vertex 59.39076502998627 42.49885064464728 -3
  endloop
endfacet
facet normal 0.5351202060848088 -0.8446413363661897 0.015079056379262917
  outer loop
    vertex 59.22764269149579 42.40621650256382 -2.4
    vertex 59.39076502998627 42.49885064464728 -3
    vertex 59.9104288326029 42.82808222399123 -3
  endloop
endfacet
facet normal 0.5256235309114582 -0.8507172877943479 0
  outer loop
    vertex 59.22764269149579 42.40621650256382 -2.4
    vertex 59.9104288326029 42.82808222399123 -3
    vertex 59.22764269149579 42.40621650256382 -1.7999999999999998
  endloop
endfacet
facet normal 0.40147031564253605 -0.9158720356348274 0
  outer loop
    vertex 59.22764269149579 42.40621650256382 -2.4
    vertex 59.22764269149579 42.40621650256382 -1.7999999999999998
    vertex 58.24869616179756 41.977097633351164 -1.7999999999999998
  endloop
endfacet
facet normal 0.40147031564253605 -0.9158720356348274 0
  outer loop
    vertex 59.22764269149579 42.40621650256382 -2.4
    vertex 58.24869616179756 41.977097633351164 -1.7999999999999998
    vertex 58.24869616179756 41.977097633351164 -2.4
  endloop
endfacet
facet normal 0.40113354758343683 -0.9151037685032206 0.04095082263313865
  outer loop
    vertex 59.22764269149579 42.40621650256382 -2.4
    vertex 58.24869616179756 41.977097633351164 -2.4
    vertex 58.846120523882874 42.21212721972032 -3
  endloop
endfacet
facet normal 0.2570660302320839 0.9663938410920867 0
  outer loop
    vertex 57.35344917497152 35.44748447794482 -3
    vertex 57.39391785675811 35.43671958796596 0
    vertex 57.39391785675811 35.43671958796596 -3
  endloop
endfacet
facet normal 0.2570660302320839 0.9663938410920867 0
  outer loop
    vertex 57.35344917497152 35.44748447794482 -3
    vertex 57.35344917497152 35.44748447794482 0
    vertex 57.39391785675811 35.43671958796596 0
  endloop
endfacet
facet normal 0.9876883405951371 0.1564344650402349 0
  outer loop
    vertex 59.796804009864374 43.545481120661286 -3
    vertex 59.9104288326029 42.82808222399123 0
    vertex 59.9104288326029 42.82808222399123 -3
  endloop
endfacet
facet normal 0.9876883405951371 0.1564344650402349 0
  outer loop
    vertex 59.796804009864374 43.545481120661286 -3
    vertex 59.796804009864374 43.545481120661286 0
    vertex 59.9104288326029 42.82808222399123 0
  endloop
endfacet
facet normal 0.6550019954762043 0.7556112161775197 -0.004906720790958242
  outer loop
    vertex 58.62298011120241 34.723249961052296 -0.6000000000000001
    vertex 58.669824128912424 34.6865394252533 0
    vertex 59.23136568344357 34.199766821980695 0
  endloop
endfacet
facet normal 0.5736077477180264 0.8191127564188401 0.005333294458704726
  outer loop
    vertex 58.62298011120241 34.723249961052296 -0.6000000000000001
    vertex 58.06117973937883 35.1127605220507 0
    vertex 58.669824128912424 34.6865394252533 0
  endloop
endfacet
facet normal 0.48103282497426486 0.8766975706576362 0.0029649452402031964
  outer loop
    vertex 57.723215018497356 35.30022664157934 -0.6000000000000001
    vertex 57.68731315170092 35.31789637146259 0
    vertex 58.06117973937883 35.1127605220507 0
  endloop
endfacet
facet normal 0.37537288396271506 0.9268612754700917 -0.004834668496288326
  outer loop
    vertex 57.723215018497356 35.30022664157934 -0.6000000000000001
    vertex 57.39391785675811 35.43671958796596 0
    vertex 57.68731315170092 35.31789637146259 0
  endloop
endfacet
facet normal 0.5393474008779208 0.841084190279339 -0.041009340745492576
  outer loop
    vertex 57.723215018497356 35.30022664157934 -0.6000000000000001
    vertex 58.06117973937883 35.1127605220507 0
    vertex 58.62298011120241 34.723249961052296 -0.6000000000000001
  endloop
endfacet
facet normal 0.6522337368402777 0.7580179104265067 0
  outer loop
    vertex 58.62298011120241 34.723249961052296 -1.7999999999999998
    vertex 59.23136568344357 34.199766821980695 0
    vertex 59.23136568344357 34.199766821980695 -3
  endloop
endfacet
facet normal 0.6522337368402776 0.7580179104265065 0
  outer loop
    vertex 58.62298011120241 34.723249961052296 -1.7999999999999998
    vertex 58.62298011120241 34.723249961052296 -0.6000000000000001
    vertex 59.23136568344357 34.199766821980695 0
  endloop
endfacet
facet normal 0.6550019954762043 0.7556112161775197 0.004906720790958242
  outer loop
    vertex 58.62298011120241 34.723249961052296 -2.4
    vertex 59.23136568344357 34.199766821980695 -3
    vertex 58.669824128912424 34.6865394252533 -3
  endloop
endfacet
facet normal 0.5736077477180264 0.8191127564188401 -0.005333294458704726
  outer loop
    vertex 58.62298011120241 34.723249961052296 -2.4
    vertex 58.669824128912424 34.6865394252533 -3
    vertex 58.06117973937883 35.1127605220507 -3
  endloop
endfacet
facet normal 0.6522337368402777 0.7580179104265066 0
  outer loop
    vertex 58.62298011120241 34.723249961052296 -2.4
    vertex 58.62298011120241 34.723249961052296 -1.7999999999999998
    vertex 59.23136568344357 34.199766821980695 -3
  endloop
endfacet
facet normal 0.38290753636249003 0.9237866737493069 0
  outer loop
    vertex 57.723215018497356 35.30022664157934 -1.7999999999999998
    vertex 57.39391785675811 35.43671958796596 -3
    vertex 57.39391785675811 35.43671958796596 0
  endloop
endfacet
facet normal 0.38290753636249003 0.9237866737493068 0
  outer loop
    vertex 57.723215018497356 35.30022664157934 -1.7999999999999998
    vertex 57.39391785675811 35.43671958796596 0
    vertex 57.723215018497356 35.30022664157934 -0.6000000000000001
  endloop
endfacet
facet normal 0.539801501795028 0.8417923370165783 0
  outer loop
    vertex 57.723215018497356 35.30022664157934 -1.7999999999999998
    vertex 58.62298011120241 34.723249961052296 -0.6000000000000001
    vertex 58.62298011120241 34.723249961052296 -1.7999999999999998
  endloop
endfacet
facet normal 0.539801501795028 0.8417923370165783 0
  outer loop
    vertex 57.723215018497356 35.30022664157934 -1.7999999999999998
    vertex 57.723215018497356 35.30022664157934 -0.6000000000000001
    vertex 58.62298011120241 34.723249961052296 -0.6000000000000001
  endloop
endfacet
facet normal 0.539801501795028 0.8417923370165783 0
  outer loop
    vertex 57.723215018497356 35.30022664157934 -1.7999999999999998
    vertex 58.62298011120241 34.723249961052296 -1.7999999999999998
    vertex 58.62298011120241 34.723249961052296 -2.4
  endloop
endfacet
facet normal 0.48103282497426486 0.8766975706576362 -0.0029649452402031964
  outer loop
    vertex 57.723215018497356 35.30022664157934 -2.4
    vertex 58.06117973937883 35.1127605220507 -3
    vertex 57.68731315170092 35.31789637146259 -3
  endloop
endfacet
facet normal 0.37537288396271506 0.9268612754700917 0.004834668496288326
  outer loop
    vertex 57.723215018497356 35.30022664157934 -2.4
    vertex 57.68731315170092 35.31789637146259 -3
    vertex 57.39391785675811 35.43671958796596 -3
  endloop
endfacet
facet normal 0.539801501795028 0.8417923370165783 0
  outer loop
    vertex 57.723215018497356 35.30022664157934 -2.4
    vertex 57.723215018497356 35.30022664157934 -1.7999999999999998
    vertex 58.62298011120241 34.723249961052296 -2.4
  endloop
endfacet
facet normal 0.38290753636249003 0.9237866737493069 0
  outer loop
    vertex 57.723215018497356 35.30022664157934 -2.4
    vertex 57.39391785675811 35.43671958796596 -3
    vertex 57.723215018497356 35.30022664157934 -1.7999999999999998
  endloop
endfacet
facet normal 0.5393474008779208 0.841084190279339 0.041009340745492576
  outer loop
    vertex 57.723215018497356 35.30022664157934 -2.4
    vertex 58.62298011120241 34.723249961052296 -2.4
    vertex 58.06117973937883 35.1127605220507 -3
  endloop
endfacet
facet normal 0.24057073768445533 0.9706192066207203 -0.004906720790947743
  outer loop
    vertex 59.017072123863116 43.73570674290059 -0.6000000000000001
    vertex 59.075476683755 43.72426415500721 0
    vertex 59.796804009864374 43.545481120661286 0
  endloop
endfacet
facet normal 0.13921883591211784 0.990247278056088 0.005333294458711344
  outer loop
    vertex 59.017072123863116 43.73570674290059 -0.6000000000000001
    vertex 58.33967023303533 43.82771116243238 0
    vertex 59.075476683755 43.72426415500721 0
  endloop
endfacet
facet normal 0.030591017177713894 0.9995275877972334 0.0029649452400972577
  outer loop
    vertex 57.95343362449542 43.84131192546937 -0.6000000000000001
    vertex 57.913422937450775 43.840756663627516 0
    vertex 58.33967023303533 43.82771116243238 0
  endloop
endfacet
facet normal -0.08632652502541502 0.9962551666403388 -0.004834668496097793
  outer loop
    vertex 57.95343362449542 43.84131192546937 -0.6000000000000001
    vertex 57.59806120404803 43.813430248184716 0
    vertex 57.913422937450775 43.840756663627516 0
  endloop
endfacet
facet normal 0.09871782111831763 0.9942700969883754 -0.041009340745473764
  outer loop
    vertex 57.95343362449542 43.84131192546937 -0.6000000000000001
    vertex 58.33967023303533 43.82771116243238 0
    vertex 59.017072123863116 43.73570674290059 -0.6000000000000001
  endloop
endfacet
facet normal 0.2370115848543936 0.9715068237767599 0
  outer loop
    vertex 59.017072123863116 43.73570674290059 -1.7999999999999998
    vertex 59.796804009864374 43.545481120661286 0
    vertex 59.796804009864374 43.545481120661286 -3
  endloop
endfacet
facet normal 0.23701158485439364 0.9715068237767601 0
  outer loop
    vertex 59.017072123863116 43.73570674290059 -1.7999999999999998
    vertex 59.017072123863116 43.73570674290059 -0.6000000000000001
    vertex 59.796804009864374 43.545481120661286 0
  endloop
endfacet
facet normal 0.24057073768445533 0.9706192066207203 0.004906720790947743
  outer loop
    vertex 59.017072123863116 43.73570674290059 -2.4
    vertex 59.796804009864374 43.545481120661286 -3
    vertex 59.075476683755 43.72426415500721 -3
  endloop
endfacet
facet normal 0.13921883591211784 0.990247278056088 -0.005333294458711344
  outer loop
    vertex 59.017072123863116 43.73570674290059 -2.4
    vertex 59.075476683755 43.72426415500721 -3
    vertex 58.33967023303533 43.82771116243238 -3
  endloop
endfacet
facet normal 0.2370115848543936 0.97150682377676 0
  outer loop
    vertex 59.017072123863116 43.73570674290059 -2.4
    vertex 59.017072123863116 43.73570674290059 -1.7999999999999998
    vertex 59.796804009864374 43.545481120661286 -3
  endloop
endfacet
facet normal -0.0782172606083248 0.9969363370561479 0
  outer loop
    vertex 57.95343362449542 43.84131192546937 -1.7999999999999998
    vertex 57.59806120404803 43.813430248184716 -3
    vertex 57.59806120404803 43.813430248184716 0
  endloop
endfacet
facet normal -0.0782172606083248 0.9969363370561478 0
  outer loop
    vertex 57.95343362449542 43.84131192546937 -1.7999999999999998
    vertex 57.59806120404803 43.813430248184716 0
    vertex 57.95343362449542 43.84131192546937 -0.6000000000000001
  endloop
endfacet
facet normal 0.09880093610697174 0.9951072178536271 0
  outer loop
    vertex 57.95343362449542 43.84131192546937 -1.7999999999999998
    vertex 59.017072123863116 43.73570674290059 -0.6000000000000001
    vertex 59.017072123863116 43.73570674290059 -1.7999999999999998
  endloop
endfacet
facet normal 0.09880093610697174 0.9951072178536271 0
  outer loop
    vertex 57.95343362449542 43.84131192546937 -1.7999999999999998
    vertex 57.95343362449542 43.84131192546937 -0.6000000000000001
    vertex 59.017072123863116 43.73570674290059 -0.6000000000000001
  endloop
endfacet
facet normal 0.030591017177713894 0.9995275877972334 -0.0029649452400972577
  outer loop
    vertex 57.95343362449542 43.84131192546937 -2.4
    vertex 58.33967023303533 43.82771116243238 -3
    vertex 57.913422937450775 43.840756663627516 -3
  endloop
endfacet
facet normal -0.08632652502541502 0.9962551666403388 0.004834668496097793
  outer loop
    vertex 57.95343362449542 43.84131192546937 -2.4
    vertex 57.913422937450775 43.840756663627516 -3
    vertex 57.59806120404803 43.813430248184716 -3
  endloop
endfacet
facet normal 0.09880093610697176 0.9951072178536271 0
  outer loop
    vertex 57.95343362449542 43.84131192546937 -2.4
    vertex 57.95343362449542 43.84131192546937 -1.7999999999999998
    vertex 59.017072123863116 43.73570674290059 -1.7999999999999998
  endloop
endfacet
facet normal -0.0782172606083248 0.9969363370561478 0
  outer loop
    vertex 57.95343362449542 43.84131192546937 -2.4
    vertex 57.59806120404803 43.813430248184716 -3
    vertex 57.95343362449542 43.84131192546937 -1.7999999999999998
  endloop
endfacet
facet normal 0.09871782111831763 0.9942700969883754 0.041009340745473764
  outer loop
    vertex 57.95343362449542 43.84131192546937 -2.4
    vertex 59.017072123863116 43.73570674290059 -2.4
    vertex 58.33967023303533 43.82771116243238 -3
  endloop
endfacet
facet normal 0.09880093610697176 0.9951072178536271 0
  outer loop
    vertex 57.95343362449542 43.84131192546937 -2.4
    vertex 59.017072123863116 43.73570674290059 -1.7999999999999998
    vertex 59.017072123863116 43.73570674290059 -2.4
  endloop
endfacet
facet normal 0.9510565162951559 -0.30901699437494057 0
  outer loop
    vertex 59.23136568344357 34.199766821980695 -3
    vertex 59.006913858201514 33.508975134544265 0
    vertex 59.006913858201514 33.508975134544265 -3
  endloop
endfacet
facet normal 0.9510565162951559 -0.30901699437494057 0
  outer loop
    vertex 59.23136568344357 34.199766821980695 -3
    vertex 59.23136568344357 34.199766821980695 0
    vertex 59.006913858201514 33.508975134544265 0
  endloop
endfacet
facet normal -0.20968611277868968 0.9777687528796175 0
  outer loop
    vertex 57.55711618676975 43.804649438319956 -3
    vertex 57.59806120404803 43.813430248184716 0
    vertex 57.59806120404803 43.813430248184716 -3
  endloop
endfacet
facet normal -0.20968611277868968 0.9777687528796175 0
  outer loop
    vertex 57.55711618676975 43.804649438319956 -3
    vertex 57.55711618676975 43.804649438319956 0
    vertex 57.59806120404803 43.813430248184716 0
  endloop
endfacet
facet normal -0.22048162809938443 -0.9753602611280194 0.007759683171791393
  outer loop
    vertex 57.13996028748163 33.505153157952655 -0.6000000000000001
    vertex 57.2105509214569 33.493969466716614 0
    vertex 56.79332474650713 33.58828406000568 0
  endloop
endfacet
facet normal -0.08871456764002887 -0.9960239258817661 -0.008128010797033318
  outer loop
    vertex 57.13996028748163 33.505153157952655 -0.6000000000000001
    vertex 57.778970491179166 33.443341068085125 0
    vertex 57.2105509214569 33.493969466716614 0
  endloop
endfacet
facet normal 0.01333634331325849 -0.9998613733438807 0.00996875327810373
  outer loop
    vertex 58.20702392215584 33.443068445837476 -0.6000000000000001
    vertex 58.394422010449716 33.45155007882649 0
    vertex 57.778970491179166 33.443341068085125 0
  endloop
endfacet
facet normal 0.09333645244902364 -0.9955204310826281 -0.015079056379279998
  outer loop
    vertex 58.20702392215584 33.443068445837476 -0.6000000000000001
    vertex 59.006913858201514 33.508975134544265 0
    vertex 58.394422010449716 33.45155007882649 0
  endloop
endfacet
facet normal -0.05803580920865193 -0.9974742477754339 -0.0409508226331166
  outer loop
    vertex 58.20702392215584 33.443068445837476 -0.6000000000000001
    vertex 57.778970491179166 33.443341068085125 0
    vertex 57.13996028748163 33.505153157952655 -0.6000000000000001
  endloop
endfacet
facet normal -0.2332094789026695 -0.9724265211058084 0
  outer loop
    vertex 57.13996028748163 33.505153157952655 -1.7999999999999998
    vertex 56.79332474650713 33.58828406000568 0
    vertex 56.79332474650713 33.58828406000568 -3
  endloop
endfacet
facet normal -0.23320947890266946 -0.9724265211058084 0
  outer loop
    vertex 57.13996028748163 33.505153157952655 -1.7999999999999998
    vertex 57.13996028748163 33.505153157952655 -0.6000000000000001
    vertex 56.79332474650713 33.58828406000568 0
  endloop
endfacet
facet normal -0.22048162809938443 -0.9753602611280194 -0.007759683171791393
  outer loop
    vertex 57.13996028748163 33.505153157952655 -2.4
    vertex 56.79332474650713 33.58828406000568 -3
    vertex 57.2105509214569 33.493969466716614 -3
  endloop
endfacet
facet normal -0.08871456764002887 -0.9960239258817661 0.008128010797033318
  outer loop
    vertex 57.13996028748163 33.505153157952655 -2.4
    vertex 57.2105509214569 33.493969466716614 -3
    vertex 57.778970491179166 33.443341068085125 -3
  endloop
endfacet
facet normal -0.23320947890266946 -0.9724265211058084 0
  outer loop
    vertex 57.13996028748163 33.505153157952655 -2.4
    vertex 57.13996028748163 33.505153157952655 -1.7999999999999998
    vertex 56.79332474650713 33.58828406000568 -3
  endloop
endfacet
facet normal 0.08211642868619526 -0.9966227431379563 0
  outer loop
    vertex 58.20702392215584 33.443068445837476 -1.7999999999999998
    vertex 59.006913858201514 33.508975134544265 -3
    vertex 59.006913858201514 33.508975134544265 0
  endloop
endfacet
facet normal 0.08211642868619526 -0.9966227431379563 0
  outer loop
    vertex 58.20702392215584 33.443068445837476 -1.7999999999999998
    vertex 59.006913858201514 33.508975134544265 0
    vertex 58.20702392215584 33.443068445837476 -0.6000000000000001
  endloop
endfacet
facet normal -0.0580845326498679 -0.9983116683014612 0
  outer loop
    vertex 58.20702392215584 33.443068445837476 -1.7999999999999998
    vertex 57.13996028748163 33.505153157952655 -0.6000000000000001
    vertex 57.13996028748163 33.505153157952655 -1.7999999999999998
  endloop
endfacet
facet normal -0.0580845326498679 -0.9983116683014612 0
  outer loop
    vertex 58.20702392215584 33.443068445837476 -1.7999999999999998
    vertex 58.20702392215584 33.443068445837476 -0.6000000000000001
    vertex 57.13996028748163 33.505153157952655 -0.6000000000000001
  endloop
endfacet
facet normal 0.01333634331325849 -0.9998613733438807 -0.00996875327810373
  outer loop
    vertex 58.20702392215584 33.443068445837476 -2.4
    vertex 57.778970491179166 33.443341068085125 -3
    vertex 58.394422010449716 33.45155007882649 -3
  endloop
endfacet
facet normal 0.09333645244902364 -0.9955204310826281 0.015079056379279998
  outer loop
    vertex 58.20702392215584 33.443068445837476 -2.4
    vertex 58.394422010449716 33.45155007882649 -3
    vertex 59.006913858201514 33.508975134544265 -3
  endloop
endfacet
facet normal 0.08211642868619527 -0.9966227431379564 0
  outer loop
    vertex 58.20702392215584 33.443068445837476 -2.4
    vertex 59.006913858201514 33.508975134544265 -3
    vertex 58.20702392215584 33.443068445837476 -1.7999999999999998
  endloop
endfacet
facet normal -0.05808453264986788 -0.998311668301461 0
  outer loop
    vertex 58.20702392215584 33.443068445837476 -2.4
    vertex 58.20702392215584 33.443068445837476 -1.7999999999999998
    vertex 57.13996028748163 33.505153157952655 -1.7999999999999998
  endloop
endfacet
facet normal -0.05808453264986788 -0.998311668301461 0
  outer loop
    vertex 58.20702392215584 33.443068445837476 -2.4
    vertex 57.13996028748163 33.505153157952655 -1.7999999999999998
    vertex 57.13996028748163 33.505153157952655 -2.4
  endloop
endfacet
facet normal -0.05803580920865193 -0.9974742477754339 0.0409508226331166
  outer loop
    vertex 58.20702392215584 33.443068445837476 -2.4
    vertex 57.13996028748163 33.505153157952655 -2.4
    vertex 57.778970491179166 33.443341068085125 -3
  endloop
endfacet
facet normal 0.9723699203976776 0.2334453638559013 0
  outer loop
    vertex 57.353449174971495 44.652983595738235 -3
    vertex 57.55711618676975 43.804649438319956 0
    vertex 57.55711618676975 43.804649438319956 -3
  endloop
endfacet
facet normal 0.9723699203976776 0.2334453638559013 0
  outer loop
    vertex 57.353449174971495 44.652983595738235 -3
    vertex 57.353449174971495 44.652983595738235 0
    vertex 57.55711618676975 43.804649438319956 0
  endloop
endfacet
facet normal -0.36006126056598 -0.9329286621385569 0
  outer loop
    vertex 56.79332474650713 33.58828406000568 -3
    vertex 56.75425745162973 33.60336197540407 0
    vertex 56.75425745162973 33.60336197540407 -3
  endloop
endfacet
facet normal -0.36006126056598 -0.9329286621385569 0
  outer loop
    vertex 56.79332474650713 33.58828406000568 -3
    vertex 56.79332474650713 33.58828406000568 0
    vertex 56.75425745162973 33.60336197540407 0
  endloop
endfacet
facet normal 0.2570660302318513 -0.9663938410921485 0
  outer loop
    vertex 57.393917856758065 44.66374848571708 -3
    vertex 57.353449174971495 44.652983595738235 0
    vertex 57.353449174971495 44.652983595738235 -3
  endloop
endfacet
facet normal 0.2570660302318513 -0.9663938410921485 0
  outer loop
    vertex 57.393917856758065 44.66374848571708 -3
    vertex 57.393917856758065 44.66374848571708 0
    vertex 57.353449174971495 44.652983595738235 0
  endloop
endfacet
facet normal 0.9238795325112822 -0.3826834323651008 0
  outer loop
    vertex 56.75425745162973 33.60336197540407 -3
    vertex 56.420389218621644 32.79733275923044 0
    vertex 56.420389218621644 32.79733275923044 -3
  endloop
endfacet
facet normal 0.9238795325112822 -0.3826834323651008 0
  outer loop
    vertex 56.75425745162973 33.60336197540407 -3
    vertex 56.75425745162973 33.60336197540407 0
    vertex 56.420389218621644 32.79733275923044 0
  endloop
endfacet
facet normal 0.39492899308325974 -0.9186788762888352 0.007759683171741213
  outer loop
    vertex 57.72321501849734 44.80024143210371 -0.6000000000000001
    vertex 57.78689764980136 44.832685769434335 0
    vertex 57.393917856758065 44.66374848571708 0
  endloop
endfacet
facet normal 0.5136765816942475 -0.8579453973647725 -0.008128010796974542
  outer loop
    vertex 57.72321501849734 44.80024143210371 -0.6000000000000001
    vertex 58.27651736770427 45.125835174740295 0
    vertex 57.78689764980136 44.832685769434335 0
  endloop
endfacet
facet normal 0.5984930979715483 -0.8010659371353266 0.009968753278098165
  outer loop
    vertex 58.622980111202395 45.37721811263076 -0.6000000000000001
    vertex 58.76960297055881 45.49422973046552 0
    vertex 58.27651736770427 45.125835174740295 0
  endloop
endfacet
facet normal 0.6606630039721328 -0.7505311567424957 -0.015079056379259602
  outer loop
    vertex 58.622980111202395 45.37721811263076 -0.6000000000000001
    vertex 59.23136568344354 45.90070125170234 0
    vertex 58.76960297055881 45.49422973046552 0
  endloop
endfacet
facet normal 0.53934869645183 -0.8410862106593958 -0.04095082263312938
  outer loop
    vertex 58.622980111202395 45.37721811263076 -0.6000000000000001
    vertex 58.27651736770427 45.125835174740295 0
    vertex 57.72321501849734 44.80024143210371 -0.6000000000000001
  endloop
endfacet
facet normal 0.3829075363624958 -0.9237866737493045 0
  outer loop
    vertex 57.72321501849734 44.80024143210371 -1.7999999999999998
    vertex 57.393917856758065 44.66374848571708 0
    vertex 57.393917856758065 44.66374848571708 -3
  endloop
endfacet
facet normal 0.3829075363624958 -0.9237866737493045 0
  outer loop
    vertex 57.72321501849734 44.80024143210371 -1.7999999999999998
    vertex 57.72321501849734 44.80024143210371 -0.6000000000000001
    vertex 57.393917856758065 44.66374848571708 0
  endloop
endfacet
facet normal 0.39492899308325974 -0.9186788762888352 -0.007759683171741213
  outer loop
    vertex 57.72321501849734 44.80024143210371 -2.4
    vertex 57.393917856758065 44.66374848571708 -3
    vertex 57.78689764980136 44.832685769434335 -3
  endloop
endfacet
facet normal 0.5136765816942475 -0.8579453973647725 0.008128010796974542
  outer loop
    vertex 57.72321501849734 44.80024143210371 -2.4
    vertex 57.78689764980136 44.832685769434335 -3
    vertex 58.27651736770427 45.125835174740295 -3
  endloop
endfacet
facet normal 0.3829075363624958 -0.9237866737493045 0
  outer loop
    vertex 57.72321501849734 44.80024143210371 -2.4
    vertex 57.72321501849734 44.80024143210371 -1.7999999999999998
    vertex 57.393917856758065 44.66374848571708 -3
  endloop
endfacet
facet normal 0.6522337368402712 -0.7580179104265121 0
  outer loop
    vertex 58.622980111202395 45.37721811263076 -1.7999999999999998
    vertex 59.23136568344354 45.90070125170234 -3
    vertex 59.23136568344354 45.90070125170234 0
  endloop
endfacet
facet normal 0.6522337368402712 -0.7580179104265122 0
  outer loop
    vertex 58.622980111202395 45.37721811263076 -1.7999999999999998
    vertex 59.23136568344354 45.90070125170234 0
    vertex 58.622980111202395 45.37721811263076 -0.6000000000000001
  endloop
endfacet
facet normal 0.539801501795028 -0.8417923370165783 0
  outer loop
    vertex 58.622980111202395 45.37721811263076 -1.7999999999999998
    vertex 57.72321501849734 44.80024143210371 -0.6000000000000001
    vertex 57.72321501849734 44.80024143210371 -1.7999999999999998
  endloop
endfacet
facet normal 0.539801501795028 -0.8417923370165783 0
  outer loop
    vertex 58.622980111202395 45.37721811263076 -1.7999999999999998
    vertex 58.622980111202395 45.37721811263076 -0.6000000000000001
    vertex 57.72321501849734 44.80024143210371 -0.6000000000000001
  endloop
endfacet
facet normal 0.5984930979715483 -0.8010659371353266 -0.009968753278098165
  outer loop
    vertex 58.622980111202395 45.37721811263076 -2.4
    vertex 58.27651736770427 45.125835174740295 -3
    vertex 58.76960297055881 45.49422973046552 -3
  endloop
endfacet
facet normal 0.6606630039721328 -0.7505311567424957 0.015079056379259602
  outer loop
    vertex 58.622980111202395 45.37721811263076 -2.4
    vertex 58.76960297055881 45.49422973046552 -3
    vertex 59.23136568344354 45.90070125170234 -3
  endloop
endfacet
facet normal 0.6522337368402712 -0.7580179104265121 0
  outer loop
    vertex 58.622980111202395 45.37721811263076 -2.4
    vertex 59.23136568344354 45.90070125170234 -3
    vertex 58.622980111202395 45.37721811263076 -1.7999999999999998
  endloop
endfacet
facet normal 0.539801501795028 -0.8417923370165783 0
  outer loop
    vertex 58.622980111202395 45.37721811263076 -2.4
    vertex 58.622980111202395 45.37721811263076 -1.7999999999999998
    vertex 57.72321501849734 44.80024143210371 -1.7999999999999998
  endloop
endfacet
facet normal 0.539801501795028 -0.8417923370165783 0
  outer loop
    vertex 58.622980111202395 45.37721811263076 -2.4
    vertex 57.72321501849734 44.80024143210371 -1.7999999999999998
    vertex 57.72321501849734 44.80024143210371 -2.4
  endloop
endfacet
facet normal 0.53934869645183 -0.8410862106593958 0.04095082263312938
  outer loop
    vertex 58.622980111202395 45.37721811263076 -2.4
    vertex 57.72321501849734 44.80024143210371 -2.4
    vertex 58.27651736770427 45.125835174740295 -3
  endloop
endfacet
facet normal 0.4050784243728192 0.9142819423501889 0
  outer loop
    vertex 56.420389218621644 32.79733275923044 -3
    vertex 56.45867566397644 32.780369706324365 0
    vertex 56.45867566397644 32.780369706324365 -3
  endloop
endfacet
facet normal 0.4050784243728192 0.9142819423501889 0
  outer loop
    vertex 56.420389218621644 32.79733275923044 -3
    vertex 56.420389218621644 32.79733275923044 0
    vertex 56.45867566397644 32.780369706324365 0
  endloop
endfacet
facet normal 0.951056516295151 0.3090169943749554 0
  outer loop
    vertex 59.00691385820147 46.591492939138774 -3
    vertex 59.23136568344354 45.90070125170234 0
    vertex 59.23136568344354 45.90070125170234 -3
  endloop
endfacet
facet normal 0.951056516295151 0.3090169943749554 0
  outer loop
    vertex 59.00691385820147 46.591492939138774 -3
    vertex 59.00691385820147 46.591492939138774 0
    vertex 59.23136568344354 45.90070125170234 0
  endloop
endfacet
facet normal 0.7651414703795179 0.6438435014788526 -0.0049067207909503
  outer loop
    vertex 57.56099488314797 31.88341637817784 -0.6000000000000001
    vertex 57.60151938023772 31.839829791141376 0
    vertex 58.07999941461862 31.271205713686943 0
  endloop
endfacet
facet normal 0.6946831503541422 0.7192960979904319 0.0053332944587099465
  outer loop
    vertex 57.56099488314797 31.88341637817784 -0.6000000000000001
    vertex 57.0670440823931 32.356016358440264 0
    vertex 57.60151938023772 31.839829791141376 0
  endloop
endfacet
facet normal 0.6122562281389728 0.7906538561246398 0.002964945239840581
  outer loop
    vertex 56.762566430167624 32.59404378926888 -0.6000000000000001
    vertex 56.72987072967284 32.61711226477951 0
    vertex 57.0670440823931 32.356016358440264 0
  endloop
endfacet
facet normal 0.5157444686610807 0.8567288188371142 -0.004834668495679616
  outer loop
    vertex 56.762566430167624 32.59404378926888 -0.6000000000000001
    vertex 56.45867566397644 32.780369706324365 0
    vertex 56.72987072967284 32.61711226477951 0
  endloop
endfacet
facet normal 0.6642816947375597 0.7463565260706283 -0.041009340745486636
  outer loop
    vertex 56.762566430167624 32.59404378926888 -0.6000000000000001
    vertex 57.0670440823931 32.356016358440264 0
    vertex 57.56099488314797 31.88341637817784 -0.6000000000000001
  endloop
endfacet
facet normal 0.762783783528421 0.646653616386754 0
  outer loop
    vertex 57.56099488314797 31.88341637817784 -1.7999999999999998
    vertex 58.07999941461862 31.271205713686943 0
    vertex 58.07999941461862 31.271205713686943 -3
  endloop
endfacet
facet normal 0.7627837835284209 0.6466536163867539 0
  outer loop
    vertex 57.56099488314797 31.88341637817784 -1.7999999999999998
    vertex 57.56099488314797 31.88341637817784 -0.6000000000000001
    vertex 58.07999941461862 31.271205713686943 0
  endloop
endfacet
facet normal 0.6648409834748497 0.7469849173123877 0
  outer loop
    vertex 57.56099488314797 31.88341637817784 -1.7999999999999998
    vertex 56.762566430167624 32.59404378926888 -0.6000000000000001
    vertex 57.56099488314797 31.88341637817784 -0.6000000000000001
  endloop
endfacet
facet normal 0.7651414703795179 0.6438435014788526 0.0049067207909503
  outer loop
    vertex 57.56099488314797 31.88341637817784 -2.4
    vertex 58.07999941461862 31.271205713686943 -3
    vertex 57.60151938023772 31.839829791141376 -3
  endloop
endfacet
facet normal 0.6946831503541422 0.7192960979904319 -0.0053332944587099465
  outer loop
    vertex 57.56099488314797 31.88341637817784 -2.4
    vertex 57.60151938023772 31.839829791141376 -3
    vertex 57.0670440823931 32.356016358440264 -3
  endloop
endfacet
facet normal 0.762783783528421 0.646653616386754 0
  outer loop
    vertex 57.56099488314797 31.88341637817784 -2.4
    vertex 57.56099488314797 31.88341637817784 -1.7999999999999998
    vertex 58.07999941461862 31.271205713686943 -3
  endloop
endfacet
facet normal 0.5227053833104933 0.8525133912486244 0
  outer loop
    vertex 56.762566430167624 32.59404378926888 -1.7999999999999998
    vertex 56.45867566397644 32.780369706324365 -3
    vertex 56.45867566397644 32.780369706324365 0
  endloop
endfacet
facet normal 0.5227053833104934 0.8525133912486244 0
  outer loop
    vertex 56.762566430167624 32.59404378926888 -1.7999999999999998
    vertex 56.45867566397644 32.780369706324365 0
    vertex 56.762566430167624 32.59404378926888 -0.6000000000000001
  endloop
endfacet
facet normal 0.6648409834748497 0.7469849173123877 0
  outer loop
    vertex 56.762566430167624 32.59404378926888 -1.7999999999999998
    vertex 56.762566430167624 32.59404378926888 -0.6000000000000001
    vertex 57.56099488314797 31.88341637817784 -1.7999999999999998
  endloop
endfacet
facet normal 0.6122562281389728 0.7906538561246398 -0.002964945239840581
  outer loop
    vertex 56.762566430167624 32.59404378926888 -2.4
    vertex 57.0670440823931 32.356016358440264 -3
    vertex 56.72987072967284 32.61711226477951 -3
  endloop
endfacet
facet normal 0.5157444686610807 0.8567288188371142 0.004834668495679616
  outer loop
    vertex 56.762566430167624 32.59404378926888 -2.4
    vertex 56.72987072967284 32.61711226477951 -3
    vertex 56.45867566397644 32.780369706324365 -3
  endloop
endfacet
facet normal 0.6648409834748498 0.7469849173123877 0
  outer loop
    vertex 56.762566430167624 32.59404378926888 -2.4
    vertex 56.762566430167624 32.59404378926888 -1.7999999999999998
    vertex 57.56099488314797 31.88341637817784 -1.7999999999999998
  endloop
endfacet
facet normal 0.5227053833104934 0.8525133912486245 0
  outer loop
    vertex 56.762566430167624 32.59404378926888 -2.4
    vertex 56.45867566397644 32.780369706324365 -3
    vertex 56.762566430167624 32.59404378926888 -1.7999999999999998
  endloop
endfacet
facet normal 0.6642816947375597 0.7463565260706283 0.041009340745486636
  outer loop
    vertex 56.762566430167624 32.59404378926888 -2.4
    vertex 57.56099488314797 31.88341637817784 -2.4
    vertex 57.0670440823931 32.356016358440264 -3
  endloop
endfacet
facet normal 0.6648409834748498 0.7469849173123877 0
  outer loop
    vertex 56.762566430167624 32.59404378926888 -2.4
    vertex 57.56099488314797 31.88341637817784 -1.7999999999999998
    vertex 57.56099488314797 31.88341637817784 -2.4
  endloop
endfacet
facet normal 0.08577061635382599 0.9963028281909895 -0.004906720790956883
  outer loop
    vertex 58.20702392215581 46.65739962784557 -0.6000000000000001
    vertex 58.26649944011439 46.65523440327965 0
    vertex 59.00691385820147 46.591492939138774 0
  endloop
endfacet
facet normal -0.0174039821786322 0.9998343149615054 0.005333294458702604
  outer loop
    vertex 58.20702392215581 46.65739962784557 -0.6000000000000001
    vertex 57.52356931053732 46.642302317891456 0
    vertex 58.26649944011439 46.65523440327965 0
  endloop
endfacet
facet normal -0.12614617249658258 0.9920072339777496 0.0029649452400654737
  outer loop
    vertex 57.139960287481614 46.5953149157304 -0.6000000000000001
    vertex 57.10052906047805 46.58850743965958 0
    vertex 57.52356931053732 46.642302317891456 0
  endloop
endfacet
facet normal -0.24111234628854206 0.9704851685872213 -0.004834668496038269
  outer loop
    vertex 57.139960287481614 46.5953149157304 -0.6000000000000001
    vertex 56.793324746507096 46.51218401367737 0
    vertex 57.10052906047805 46.58850743965958 0
  endloop
endfacet
facet normal -0.05803566980035478 0.9974718517343968 -0.041009340745469434
  outer loop
    vertex 57.139960287481614 46.5953149157304 -0.6000000000000001
    vertex 57.52356931053732 46.642302317891456 0
    vertex 58.20702392215581 46.65739962784557 -0.6000000000000001
  endloop
endfacet
facet normal 0.08211642868620551 0.9966227431379556 0
  outer loop
    vertex 58.20702392215581 46.65739962784557 -1.7999999999999998
    vertex 59.00691385820147 46.591492939138774 0
    vertex 59.00691385820147 46.591492939138774 -3
  endloop
endfacet
facet normal 0.08211642868620551 0.9966227431379556 0
  outer loop
    vertex 58.20702392215581 46.65739962784557 -1.7999999999999998
    vertex 58.20702392215581 46.65739962784557 -0.6000000000000001
    vertex 59.00691385820147 46.591492939138774 0
  endloop
endfacet
facet normal -0.05808453264986205 0.9983116683014616 0
  outer loop
    vertex 58.20702392215581 46.65739962784557 -1.7999999999999998
    vertex 57.139960287481614 46.5953149157304 -0.6000000000000001
    vertex 58.20702392215581 46.65739962784557 -0.6000000000000001
  endloop
endfacet
facet normal 0.08577061635382599 0.9963028281909895 0.004906720790956883
  outer loop
    vertex 58.20702392215581 46.65739962784557 -2.4
    vertex 59.00691385820147 46.591492939138774 -3
    vertex 58.26649944011439 46.65523440327965 -3
  endloop
endfacet
facet normal -0.0174039821786322 0.9998343149615054 -0.005333294458702604
  outer loop
    vertex 58.20702392215581 46.65739962784557 -2.4
    vertex 58.26649944011439 46.65523440327965 -3
    vertex 57.52356931053732 46.642302317891456 -3
  endloop
endfacet
facet normal 0.0821164286862055 0.9966227431379555 0
  outer loop
    vertex 58.20702392215581 46.65739962784557 -2.4
    vertex 58.20702392215581 46.65739962784557 -1.7999999999999998
    vertex 59.00691385820147 46.591492939138774 -3
  endloop
endfacet
facet normal -0.2332094789026748 0.9724265211058073 0
  outer loop
    vertex 57.139960287481614 46.5953149157304 -1.7999999999999998
    vertex 56.793324746507096 46.51218401367737 -3
    vertex 56.793324746507096 46.51218401367737 0
  endloop
endfacet
facet normal -0.05808453264986205 0.9983116683014616 0
  outer loop
    vertex 57.139960287481614 46.5953149157304 -1.7999999999999998
    vertex 57.139960287481614 46.5953149157304 -0.6000000000000001
    vertex 58.20702392215581 46.65739962784557 -1.7999999999999998
  endloop
endfacet
facet normal -0.23320947890267477 0.9724265211058071 0
  outer loop
    vertex 57.139960287481614 46.5953149157304 -1.7999999999999998
    vertex 56.793324746507096 46.51218401367737 0
    vertex 57.139960287481614 46.5953149157304 -0.6000000000000001
  endloop
endfacet
facet normal -0.12614617249658258 0.9920072339777496 -0.0029649452400654737
  outer loop
    vertex 57.139960287481614 46.5953149157304 -2.4
    vertex 57.52356931053732 46.642302317891456 -3
    vertex 57.10052906047805 46.58850743965958 -3
  endloop
endfacet
facet normal -0.24111234628854206 0.9704851685872213 0.004834668496038269
  outer loop
    vertex 57.139960287481614 46.5953149157304 -2.4
    vertex 57.10052906047805 46.58850743965958 -3
    vertex 56.793324746507096 46.51218401367737 -3
  endloop
endfacet
facet normal -0.05808453264986204 0.9983116683014615 0
  outer loop
    vertex 57.139960287481614 46.5953149157304 -2.4
    vertex 57.139960287481614 46.5953149157304 -1.7999999999999998
    vertex 58.20702392215581 46.65739962784557 -1.7999999999999998
  endloop
endfacet
facet normal -0.23320947890267477 0.9724265211058073 0
  outer loop
    vertex 57.139960287481614 46.5953149157304 -2.4
    vertex 56.793324746507096 46.51218401367737 -3
    vertex 57.139960287481614 46.5953149157304 -1.7999999999999998
  endloop
endfacet
facet normal -0.05803566980035478 0.9974718517343968 0.041009340745469434
  outer loop
    vertex 57.139960287481614 46.5953149157304 -2.4
    vertex 58.20702392215581 46.65739962784557 -2.4
    vertex 57.52356931053732 46.642302317891456 -3
  endloop
endfacet
facet normal -0.05808453264986204 0.9983116683014615 0
  outer loop
    vertex 57.139960287481614 46.5953149157304 -2.4
    vertex 58.20702392215581 46.65739962784557 -1.7999999999999998
    vertex 58.20702392215581 46.65739962784557 -2.4
  endloop
endfacet
facet normal 0.8910065241883719 -0.4539904997395388 0
  outer loop
    vertex 58.07999941461862 31.271205713686943 -3
    vertex 57.75024733572339 30.62403081943498 0
    vertex 57.75024733572339 30.62403081943498 -3
  endloop
endfacet
facet normal 0.8910065241883719 -0.4539904997395388 0
  outer loop
    vertex 58.07999941461862 31.271205713686943 -3
    vertex 58.07999941461862 31.271205713686943 0
    vertex 57.75024733572339 30.62403081943498 0
  endloop
endfacet
facet normal -0.3600612605661276 0.9329286621384997 0
  outer loop
    vertex 56.75425745162969 46.49710609827897 -3
    vertex 56.793324746507096 46.51218401367737 0
    vertex 56.793324746507096 46.51218401367737 -3
  endloop
endfacet
facet normal -0.3600612605661276 0.9329286621384997 0
  outer loop
    vertex 56.75425745162969 46.49710609827897 -3
    vertex 56.75425745162969 46.49710609827897 0
    vertex 56.793324746507096 46.51218401367737 0
  endloop
endfacet
facet normal -0.3703470940603023 -0.9288610322530294 0.007759683171766884
  outer loop
    vertex 55.90568117262739 30.912311780807933 -0.6000000000000001
    vertex 55.973653204004016 30.8902229713066 0
    vertex 55.57631782856197 31.048644948925137 0
  endloop
endfacet
facet normal -0.24343481411167786 -0.9698832026171487 -0.008128010796985483
  outer loop
    vertex 55.90568117262739 30.912311780807933 -0.6000000000000001
    vertex 56.527154559128654 30.751297480967413 0
    vertex 55.973653204004016 30.8902229713066 0
  endloop
endfacet
facet normal -0.14324062825684042 -0.989637684394984 0.009968753278097865
  outer loop
    vertex 56.949895294541264 30.684065905668422 -0.6000000000000001
    vertex 57.1363130211179 30.6631275959891 0
    vertex 56.527154559128654 30.751297480967413 0
  endloop
endfacet
facet normal -0.063546380236634 -0.9978649606121724 -0.015079056379259234
  outer loop
    vertex 56.949895294541264 30.684065905668422 -0.6000000000000001
    vertex 57.75024733572339 30.62403081943498 0
    vertex 57.1363130211179 30.6631275959891 0
  endloop
endfacet
facet normal -0.2133606424345431 -0.9761148838049688 -0.040950822633144646
  outer loop
    vertex 56.949895294541264 30.684065905668422 -0.6000000000000001
    vertex 56.527154559128654 30.751297480967413 0
    vertex 55.90568117262739 30.912311780807933 -0.6000000000000001
  endloop
endfacet
facet normal -0.38245930584856125 -0.9239723369072457 0
  outer loop
    vertex 55.90568117262739 30.912311780807933 -1.7999999999999998
    vertex 55.57631782856197 31.048644948925137 0
    vertex 55.57631782856197 31.048644948925137 -3
  endloop
endfacet
facet normal -0.38245930584856125 -0.9239723369072456 0
  outer loop
    vertex 55.90568117262739 30.912311780807933 -1.7999999999999998
    vertex 55.90568117262739 30.912311780807933 -0.6000000000000001
    vertex 55.57631782856197 31.048644948925137 0
  endloop
endfacet
facet normal -0.3703470940603023 -0.9288610322530294 -0.007759683171766884
  outer loop
    vertex 55.90568117262739 30.912311780807933 -2.4
    vertex 55.57631782856197 31.048644948925137 -3
    vertex 55.973653204004016 30.8902229713066 -3
  endloop
endfacet
facet normal -0.24343481411167786 -0.9698832026171487 0.008128010796985483
  outer loop
    vertex 55.90568117262739 30.912311780807933 -2.4
    vertex 55.973653204004016 30.8902229713066 -3
    vertex 56.527154559128654 30.751297480967413 -3
  endloop
endfacet
facet normal -0.3824593058485613 -0.9239723369072457 0
  outer loop
    vertex 55.90568117262739 30.912311780807933 -2.4
    vertex 55.90568117262739 30.912311780807933 -1.7999999999999998
    vertex 55.57631782856197 31.048644948925137 -3
  endloop
endfacet
facet normal -0.07480070648504714 -0.9971985029618416 0
  outer loop
    vertex 56.949895294541264 30.684065905668422 -1.7999999999999998
    vertex 57.75024733572339 30.62403081943498 -3
    vertex 57.75024733572339 30.62403081943498 0
  endloop
endfacet
facet normal -0.07480070648504714 -0.9971985029618415 0
  outer loop
    vertex 56.949895294541264 30.684065905668422 -1.7999999999999998
    vertex 57.75024733572339 30.62403081943498 0
    vertex 56.949895294541264 30.684065905668422 -0.6000000000000001
  endloop
endfacet
facet normal -0.21353976744134878 -0.9769343722692403 0
  outer loop
    vertex 56.949895294541264 30.684065905668422 -1.7999999999999998
    vertex 55.90568117262739 30.912311780807933 -0.6000000000000001
    vertex 55.90568117262739 30.912311780807933 -1.7999999999999998
  endloop
endfacet
facet normal -0.21353976744134878 -0.9769343722692403 0
  outer loop
    vertex 56.949895294541264 30.684065905668422 -1.7999999999999998
    vertex 56.949895294541264 30.684065905668422 -0.6000000000000001
    vertex 55.90568117262739 30.912311780807933 -0.6000000000000001
  endloop
endfacet
facet normal -0.14324062825684042 -0.989637684394984 -0.009968753278097865
  outer loop
    vertex 56.949895294541264 30.684065905668422 -2.4
    vertex 56.527154559128654 30.751297480967413 -3
    vertex 57.1363130211179 30.6631275959891 -3
  endloop
endfacet
facet normal -0.063546380236634 -0.9978649606121724 0.015079056379259234
  outer loop
    vertex 56.949895294541264 30.684065905668422 -2.4
    vertex 57.1363130211179 30.6631275959891 -3
    vertex 57.75024733572339 30.62403081943498 -3
  endloop
endfacet
facet normal -0.07480070648504714 -0.9971985029618414 0
  outer loop
    vertex 56.949895294541264 30.684065905668422 -2.4
    vertex 57.75024733572339 30.62403081943498 -3
    vertex 56.949895294541264 30.684065905668422 -1.7999999999999998
  endloop
endfacet
facet normal -0.21353976744134878 -0.9769343722692403 0
  outer loop
    vertex 56.949895294541264 30.684065905668422 -2.4
    vertex 56.949895294541264 30.684065905668422 -1.7999999999999998
    vertex 55.90568117262739 30.912311780807933 -1.7999999999999998
  endloop
endfacet
facet normal -0.21353976744134878 -0.9769343722692403 0
  outer loop
    vertex 56.949895294541264 30.684065905668422 -2.4
    vertex 55.90568117262739 30.912311780807933 -1.7999999999999998
    vertex 55.90568117262739 30.912311780807933 -2.4
  endloop
endfacet
facet normal -0.2133606424345431 -0.9761148838049688 0.040950822633144646
  outer loop
    vertex 56.949895294541264 30.684065905668422 -2.4
    vertex 55.90568117262739 30.912311780807933 -2.4
    vertex 56.527154559128654 30.751297480967413 -3
  endloop
endfacet
facet normal 0.9238795325112903 0.3826834323650811 0
  outer loop
    vertex 56.42038921862162 47.30313531445261 -3
    vertex 56.75425745162969 46.49710609827897 0
    vertex 56.75425745162969 46.49710609827897 -3
  endloop
endfacet
facet normal 0.9238795325112903 0.3826834323650811 0
  outer loop
    vertex 56.42038921862162 47.30313531445261 -3
    vertex 56.42038921862162 47.30313531445261 0
    vertex 56.75425745162969 46.49710609827897 0
  endloop
endfacet
facet normal -0.5015705051433273 -0.8651167715229356 0
  outer loop
    vertex 55.57631782856197 31.048644948925137 -3
    vertex 55.540090222542226 31.06964870153933 0
    vertex 55.540090222542226 31.06964870153933 -3
  endloop
endfacet
facet normal -0.5015705051433273 -0.8651167715229356 0
  outer loop
    vertex 55.57631782856197 31.048644948925137 -3
    vertex 55.57631782856197 31.048644948925137 0
    vertex 55.540090222542226 31.06964870153933 0
  endloop
endfacet
facet normal 0.40507842437245656 -0.9142819423503497 0
  outer loop
    vertex 56.458675663976415 47.32009836735867 -3
    vertex 56.42038921862162 47.30313531445261 0
    vertex 56.42038921862162 47.30313531445261 -3
  endloop
endfacet
facet normal 0.40507842437245656 -0.9142819423503497 0
  outer loop
    vertex 56.458675663976415 47.32009836735867 -3
    vertex 56.458675663976415 47.32009836735867 0
    vertex 56.42038921862162 47.30313531445261 0
  endloop
endfacet
facet normal 0.8526401643540884 -0.5224985647159551 0
  outer loop
    vertex 55.540090222542226 31.06964870153933 -3
    vertex 55.08424171226613 30.325771540970145 0
    vertex 55.08424171226613 30.325771540970145 -3
  endloop
endfacet
facet normal 0.8526401643540884 -0.5224985647159551 0
  outer loop
    vertex 55.540090222542226 31.06964870153933 -3
    vertex 55.540090222542226 31.06964870153933 0
    vertex 55.08424171226613 30.325771540970145 0
  endloop
endfacet
facet normal 0.5337798003873673 -0.8455879090996369 0.0077596831717816
  outer loop
    vertex 56.76256643016761 47.506424284414166 -0.6000000000000001
    vertex 56.820389610051315 47.54843133647452 0
    vertex 56.458675663976415 47.32009836735867 0
  endloop
endfacet
facet normal 0.641564599846713 -0.7670259445833699 -0.00812801079699423
  outer loop
    vertex 56.76256643016761 47.506424284414166 -0.6000000000000001
    vertex 57.25812262635385 47.91456498479117 0
    vertex 56.820389610051315 47.54843133647452 0
  endloop
endfacet
facet normal 0.7164389761309362 -0.6975785385449699 0.00996875327810239
  outer loop
    vertex 57.560994883147956 48.217051695505205 -0.6000000000000001
    vertex 57.687507921959735 48.3555595747211 0
    vertex 57.25812262635385 47.91456498479117 0
  endloop
endfacet
facet normal 0.7699380860868867 -0.6379404091696748 -0.01507905637927772
  outer loop
    vertex 57.560994883147956 48.217051695505205 -0.6000000000000001
    vertex 58.07999941461859 48.82926235999609 0
    vertex 57.687507921959735 48.3555595747211 0
  endloop
endfacet
facet normal 0.6642832904178779 -0.7463583189040429 -0.04095082263310928
  outer loop
    vertex 57.560994883147956 48.217051695505205 -0.6000000000000001
    vertex 57.25812262635385 47.91456498479117 0
    vertex 56.76256643016761 47.506424284414166 -0.6000000000000001
  endloop
endfacet
facet normal 0.5227053833105046 -0.8525133912486177 0
  outer loop
    vertex 56.76256643016761 47.506424284414166 -1.7999999999999998
    vertex 56.458675663976415 47.32009836735867 0
    vertex 56.458675663976415 47.32009836735867 -3
  endloop
endfacet
facet normal 0.5227053833105045 -0.8525133912486176 0
  outer loop
    vertex 56.76256643016761 47.506424284414166 -1.7999999999999998
    vertex 56.76256643016761 47.506424284414166 -0.6000000000000001
    vertex 56.458675663976415 47.32009836735867 0
  endloop
endfacet
facet normal 0.5337798003873673 -0.8455879090996369 -0.0077596831717816
  outer loop
    vertex 56.76256643016761 47.506424284414166 -2.4
    vertex 56.458675663976415 47.32009836735867 -3
    vertex 56.820389610051315 47.54843133647452 -3
  endloop
endfacet
facet normal 0.641564599846713 -0.7670259445833699 0.00812801079699423
  outer loop
    vertex 56.76256643016761 47.506424284414166 -2.4
    vertex 56.820389610051315 47.54843133647452 -3
    vertex 57.25812262635385 47.91456498479117 -3
  endloop
endfacet
facet normal 0.5227053833105045 -0.8525133912486175 0
  outer loop
    vertex 56.76256643016761 47.506424284414166 -2.4
    vertex 56.76256643016761 47.506424284414166 -1.7999999999999998
    vertex 56.458675663976415 47.32009836735867 -3
  endloop
endfacet
facet normal 0.762783783528424 -0.6466536163867501 0
  outer loop
    vertex 57.560994883147956 48.217051695505205 -1.7999999999999998
    vertex 58.07999941461859 48.82926235999609 -3
    vertex 58.07999941461859 48.82926235999609 0
  endloop
endfacet
facet normal 0.7627837835284241 -0.6466536163867502 0
  outer loop
    vertex 57.560994883147956 48.217051695505205 -1.7999999999999998
    vertex 58.07999941461859 48.82926235999609 0
    vertex 57.560994883147956 48.217051695505205 -0.6000000000000001
  endloop
endfacet
facet normal 0.6648409834748497 -0.7469849173123877 0
  outer loop
    vertex 57.560994883147956 48.217051695505205 -1.7999999999999998
    vertex 56.76256643016761 47.506424284414166 -0.6000000000000001
    vertex 56.76256643016761 47.506424284414166 -1.7999999999999998
  endloop
endfacet
facet normal 0.6648409834748497 -0.7469849173123877 0
  outer loop
    vertex 57.560994883147956 48.217051695505205 -1.7999999999999998
    vertex 57.560994883147956 48.217051695505205 -0.6000000000000001
    vertex 56.76256643016761 47.506424284414166 -0.6000000000000001
  endloop
endfacet
facet normal 0.7164389761309362 -0.6975785385449699 -0.00996875327810239
  outer loop
    vertex 57.560994883147956 48.217051695505205 -2.4
    vertex 57.25812262635385 47.91456498479117 -3
    vertex 57.687507921959735 48.3555595747211 -3
  endloop
endfacet
facet normal 0.7699380860868867 -0.6379404091696748 0.01507905637927772
  outer loop
    vertex 57.560994883147956 48.217051695505205 -2.4
    vertex 57.687507921959735 48.3555595747211 -3
    vertex 58.07999941461859 48.82926235999609 -3
  endloop
endfacet
facet normal 0.7627837835284242 -0.6466536163867503 0
  outer loop
    vertex 57.560994883147956 48.217051695505205 -2.4
    vertex 58.07999941461859 48.82926235999609 -3
    vertex 57.560994883147956 48.217051695505205 -1.7999999999999998
  endloop
endfacet
facet normal 0.6648409834748498 -0.7469849173123877 0
  outer loop
    vertex 57.560994883147956 48.217051695505205 -2.4
    vertex 57.560994883147956 48.217051695505205 -1.7999999999999998
    vertex 56.76256643016761 47.506424284414166 -1.7999999999999998
  endloop
endfacet
facet normal 0.6648409834748498 -0.7469849173123877 0
  outer loop
    vertex 57.560994883147956 48.217051695505205 -2.4
    vertex 56.76256643016761 47.506424284414166 -1.7999999999999998
    vertex 56.76256643016761 47.506424284414166 -2.4
  endloop
endfacet
facet normal 0.6642832904178779 -0.7463583189040429 0.04095082263310928
  outer loop
    vertex 57.560994883147956 48.217051695505205 -2.4
    vertex 56.76256643016761 47.506424284414166 -2.4
    vertex 57.25812262635385 47.91456498479117 -3
  endloop
endfacet
facet normal 0.5431164433271507 0.8396573878598734 0
  outer loop
    vertex 55.08424171226613 30.325771540970145 -3
    vertex 55.11940318183908 30.303028011796545 0
    vertex 55.11940318183908 30.303028011796545 -3
  endloop
endfacet
facet normal 0.5431164433271507 0.8396573878598734 0
  outer loop
    vertex 55.08424171226613 30.325771540970145 -3
    vertex 55.08424171226613 30.325771540970145 0
    vertex 55.11940318183908 30.303028011796545 0
  endloop
endfacet
facet normal 0.8910065241883639 0.4539904997395543 0
  outer loop
    vertex 57.750247335723344 49.476437254248054 -3
    vertex 58.07999941461859 48.82926235999609 0
    vertex 58.07999941461859 48.82926235999609 -3
  endloop
endfacet
facet normal 0.8910065241883639 0.4539904997395543 0
  outer loop
    vertex 57.750247335723344 49.476437254248054 -3
    vertex 57.750247335723344 49.476437254248054 0
    vertex 58.07999941461859 48.82926235999609 0
  endloop
endfacet
facet normal 0.8564406229231475 0.5162222229796879 -0.004906720790947039
  outer loop
    vertex 56.06783660817409 29.244676950173556 -0.6000000000000001
    vertex 56.101043737032136 29.195287558328044 0
    vertex 56.484680484832126 28.558813418633825 0
  endloop
endfacet
facet normal 0.7986531483073392 0.6017679824226211 0.005333294458714803
  outer loop
    vertex 56.06783660817409 29.244676950173556 -0.6000000000000001
    vertex 55.65389808653124 29.788729369716524 0
    vertex 56.101043737032136 29.195287558328044 0
  endloop
endfacet
facet normal 0.7284038510041914 0.685141619624722 0.002964945240102485
  outer loop
    vertex 55.39040475326293 30.071457086530362 -0.6000000000000001
    vertex 55.36172029571991 30.09935628524596 0
    vertex 55.65389808653124 29.788729369716524 0
  endloop
endfacet
facet normal 0.6434167128817501 0.7655008553652805 -0.004834668496122494
  outer loop
    vertex 55.39040475326293 30.071457086530362 -0.6000000000000001
    vertex 55.11940318183908 30.303028011796545 0
    vertex 55.36172029571991 30.09935628524596 0
  endloop
endfacet
facet normal 0.7728591686482039 0.6332510871747697 -0.04100934074548414
  outer loop
    vertex 55.39040475326293 30.071457086530362 -0.6000000000000001
    vertex 55.65389808653124 29.788729369716524 0
    vertex 56.06783660817409 29.244676950173556 -0.6000000000000001
  endloop
endfacet
facet normal 0.8545515619318651 0.5193665641912364 0
  outer loop
    vertex 56.06783660817409 29.244676950173556 -1.7999999999999998
    vertex 56.484680484832126 28.558813418633825 0
    vertex 56.484680484832126 28.558813418633825 -3
  endloop
endfacet
facet normal 0.8545515619318651 0.5193665641912363 0
  outer loop
    vertex 56.06783660817409 29.244676950173556 -1.7999999999999998
    vertex 56.06783660817409 29.244676950173556 -0.6000000000000001
    vertex 56.484680484832126 28.558813418633825 0
  endloop
endfacet
facet normal 0.8564406229231475 0.5162222229796879 0.004906720790947039
  outer loop
    vertex 56.06783660817409 29.244676950173556 -2.4
    vertex 56.484680484832126 28.558813418633825 -3
    vertex 56.101043737032136 29.195287558328044 -3
  endloop
endfacet
facet normal 0.7986531483073392 0.6017679824226211 -0.005333294458714803
  outer loop
    vertex 56.06783660817409 29.244676950173556 -2.4
    vertex 56.101043737032136 29.195287558328044 -3
    vertex 55.65389808653124 29.788729369716524 -3
  endloop
endfacet
facet normal 0.8545515619318651 0.5193665641912364 0
  outer loop
    vertex 56.06783660817409 29.244676950173556 -2.4
    vertex 56.06783660817409 29.244676950173556 -1.7999999999999998
    vertex 56.484680484832126 28.558813418633825 -3
  endloop
endfacet
facet normal 0.6496324889617038 0.7602483997256566 0
  outer loop
    vertex 55.39040475326293 30.071457086530362 -1.7999999999999998
    vertex 55.11940318183908 30.303028011796545 -3
    vertex 55.11940318183908 30.303028011796545 0
  endloop
endfacet
facet normal 0.6496324889617038 0.7602483997256566 0
  outer loop
    vertex 55.39040475326293 30.071457086530362 -1.7999999999999998
    vertex 55.11940318183908 30.303028011796545 0
    vertex 55.39040475326293 30.071457086530362 -0.6000000000000001
  endloop
endfacet
facet normal 0.7735098736607922 0.6337842498431667 0
  outer loop
    vertex 55.39040475326293 30.071457086530362 -1.7999999999999998
    vertex 56.06783660817409 29.244676950173556 -0.6000000000000001
    vertex 56.06783660817409 29.244676950173556 -1.7999999999999998
  endloop
endfacet
facet normal 0.7735098736607922 0.6337842498431667 0
  outer loop
    vertex 55.39040475326293 30.071457086530362 -1.7999999999999998
    vertex 55.39040475326293 30.071457086530362 -0.6000000000000001
    vertex 56.06783660817409 29.244676950173556 -0.6000000000000001
  endloop
endfacet
facet normal 0.7284038510041914 0.685141619624722 -0.002964945240102485
  outer loop
    vertex 55.39040475326293 30.071457086530362 -2.4
    vertex 55.65389808653124 29.788729369716524 -3
    vertex 55.36172029571991 30.09935628524596 -3
  endloop
endfacet
facet normal 0.6434167128817501 0.7655008553652805 0.004834668496122494
  outer loop
    vertex 55.39040475326293 30.071457086530362 -2.4
    vertex 55.36172029571991 30.09935628524596 -3
    vertex 55.11940318183908 30.303028011796545 -3
  endloop
endfacet
facet normal 0.773509873660792 0.6337842498431666 0
  outer loop
    vertex 55.39040475326293 30.071457086530362 -2.4
    vertex 55.39040475326293 30.071457086530362 -1.7999999999999998
    vertex 56.06783660817409 29.244676950173556 -1.7999999999999998
  endloop
endfacet
facet normal 0.6496324889617038 0.7602483997256566 0
  outer loop
    vertex 55.39040475326293 30.071457086530362 -2.4
    vertex 55.11940318183908 30.303028011796545 -3
    vertex 55.39040475326293 30.071457086530362 -1.7999999999999998
  endloop
endfacet
facet normal 0.7728591686482039 0.6332510871747697 0.04100934074548414
  outer loop
    vertex 55.39040475326293 30.071457086530362 -2.4
    vertex 56.06783660817409 29.244676950173556 -2.4
    vertex 55.65389808653124 29.788729369716524 -3
  endloop
endfacet
facet normal 0.773509873660792 0.6337842498431666 0
  outer loop
    vertex 55.39040475326293 30.071457086530362 -2.4
    vertex 56.06783660817409 29.244676950173556 -1.7999999999999998
    vertex 56.06783660817409 29.244676950173556 -2.4
  endloop
endfacet
facet normal -0.07114146220778944 0.9974541675916831 -0.004906720790956523
  outer loop
    vertex 56.94989529454124 49.41640216801463 -0.6000000000000001
    vertex 57.00897728592645 49.42356762179094 0
    vertex 57.750247335723344 49.476437254248054 0
  endloop
endfacet
facet normal -0.1735982564676349 0.9848021127727205 0.00533329445870449
  outer loop
    vertex 56.94989529454124 49.41640216801463 -0.6000000000000001
    vertex 56.27721688292589 49.294574874450774 0
    vertex 57.00897728592645 49.42356762179094 0
  endloop
endfacet
facet normal -0.2797772247489143 0.9600603697744841 0.0029649452400633373
  outer loop
    vertex 55.905681172627375 49.18815629287512 -0.6000000000000001
    vertex 55.86780033333802 49.175264225228915 0
    vertex 56.27721688292589 49.294574874450774 0
  endloop
endfacet
facet normal -0.3899611813801585 0.9208186048278588 -0.0048346684960401615
  outer loop
    vertex 55.905681172627375 49.18815629287512 -0.6000000000000001
    vertex 55.57631782856194 49.05182312475791 0
    vertex 55.86780033333802 49.175264225228915 0
  endloop
endfacet
facet normal -0.21336012991919978 0.9761125390714355 -0.04100934074546292
  outer loop
    vertex 55.905681172627375 49.18815629287512 -0.6000000000000001
    vertex 56.27721688292589 49.294574874450774 0
    vertex 56.94989529454124 49.41640216801463 -0.6000000000000001
  endloop
endfacet
facet normal -0.07480070648503151 0.9971985029618428 0
  outer loop
    vertex 56.94989529454124 49.41640216801463 -1.7999999999999998
    vertex 57.750247335723344 49.476437254248054 0
    vertex 57.750247335723344 49.476437254248054 -3
  endloop
endfacet
facet normal -0.07480070648503151 0.9971985029618426 0
  outer loop
    vertex 56.94989529454124 49.41640216801463 -1.7999999999999998
    vertex 56.94989529454124 49.41640216801463 -0.6000000000000001
    vertex 57.750247335723344 49.476437254248054 0
  endloop
endfacet
facet normal -0.07114146220778944 0.9974541675916831 0.004906720790956523
  outer loop
    vertex 56.94989529454124 49.41640216801463 -2.4
    vertex 57.750247335723344 49.476437254248054 -3
    vertex 57.00897728592645 49.42356762179094 -3
  endloop
endfacet
facet normal -0.1735982564676349 0.9848021127727205 -0.00533329445870449
  outer loop
    vertex 56.94989529454124 49.41640216801463 -2.4
    vertex 57.00897728592645 49.42356762179094 -3
    vertex 56.27721688292589 49.294574874450774 -3
  endloop
endfacet
facet normal -0.0748007064850315 0.9971985029618425 0
  outer loop
    vertex 56.94989529454124 49.41640216801463 -2.4
    vertex 56.94989529454124 49.41640216801463 -1.7999999999999998
    vertex 57.750247335723344 49.476437254248054 -3
  endloop
endfacet
facet normal -0.3824593058485642 0.9239723369072445 0
  outer loop
    vertex 55.905681172627375 49.18815629287512 -1.7999999999999998
    vertex 55.57631782856194 49.05182312475791 -3
    vertex 55.57631782856194 49.05182312475791 0
  endloop
endfacet
facet normal -0.38245930584856425 0.9239723369072445 0
  outer loop
    vertex 55.905681172627375 49.18815629287512 -1.7999999999999998
    vertex 55.57631782856194 49.05182312475791 0
    vertex 55.905681172627375 49.18815629287512 -0.6000000000000001
  endloop
endfacet
facet normal -0.213539767441347 0.9769343722692407 0
  outer loop
    vertex 55.905681172627375 49.18815629287512 -1.7999999999999998
    vertex 56.94989529454124 49.41640216801463 -0.6000000000000001
    vertex 56.94989529454124 49.41640216801463 -1.7999999999999998
  endloop
endfacet
facet normal -0.213539767441347 0.9769343722692407 0
  outer loop
    vertex 55.905681172627375 49.18815629287512 -1.7999999999999998
    vertex 55.905681172627375 49.18815629287512 -0.6000000000000001
    vertex 56.94989529454124 49.41640216801463 -0.6000000000000001
  endloop
endfacet
facet normal -0.2797772247489143 0.9600603697744841 -0.0029649452400633373
  outer loop
    vertex 55.905681172627375 49.18815629287512 -2.4
    vertex 56.27721688292589 49.294574874450774 -3
    vertex 55.86780033333802 49.175264225228915 -3
  endloop
endfacet
facet normal -0.3899611813801585 0.9208186048278588 0.0048346684960401615
  outer loop
    vertex 55.905681172627375 49.18815629287512 -2.4
    vertex 55.86780033333802 49.175264225228915 -3
    vertex 55.57631782856194 49.05182312475791 -3
  endloop
endfacet
facet normal -0.213539767441347 0.9769343722692407 0
  outer loop
    vertex 55.905681172627375 49.18815629287512 -2.4
    vertex 55.905681172627375 49.18815629287512 -1.7999999999999998
    vertex 56.94989529454124 49.41640216801463 -1.7999999999999998
  endloop
endfacet
facet normal -0.3824593058485642 0.9239723369072446 0
  outer loop
    vertex 55.905681172627375 49.18815629287512 -2.4
    vertex 55.57631782856194 49.05182312475791 -3
    vertex 55.905681172627375 49.18815629287512 -1.7999999999999998
  endloop
endfacet
facet normal -0.21336012991919978 0.9761125390714355 0.04100934074546292
  outer loop
    vertex 55.905681172627375 49.18815629287512 -2.4
    vertex 56.94989529454124 49.41640216801463 -2.4
    vertex 56.27721688292589 49.294574874450774 -3
  endloop
endfacet
facet normal -0.213539767441347 0.9769343722692407 0
  outer loop
    vertex 55.905681172627375 49.18815629287512 -2.4
    vertex 56.94989529454124 49.41640216801463 -1.7999999999999998
    vertex 56.94989529454124 49.41640216801463 -2.4
  endloop
endfacet
facet normal 0.8090169943749533 -0.5877852522924651 0
  outer loop
    vertex 56.484680484832126 28.558813418633825 -3
    vertex 56.05774774285052 27.97119091131315 0
    vertex 56.05774774285052 27.97119091131315 -3
  endloop
endfacet
facet normal 0.8090169943749533 -0.5877852522924651 0
  outer loop
    vertex 56.484680484832126 28.558813418633825 -3
    vertex 56.484680484832126 28.558813418633825 0
    vertex 56.05774774285052 27.97119091131315 0
  endloop
endfacet
facet normal -0.5015705051434545 0.865116771522862 0
  outer loop
    vertex 55.5400902225422 49.03081937214371 -3
    vertex 55.57631782856194 49.05182312475791 0
    vertex 55.57631782856194 49.05182312475791 -3
  endloop
endfacet
facet normal -0.5015705051434545 0.865116771522862 0
  outer loop
    vertex 55.5400902225422 49.03081937214371 -3
    vertex 55.5400902225422 49.03081937214371 0
    vertex 55.57631782856194 49.05182312475791 0
  endloop
endfacet
facet normal -0.5110933854538613 -0.8594901620509594 0.007759683171768826
  outer loop
    vertex 54.28098832807795 28.54447637663201 -0.6000000000000001
    vertex 54.34466805985753 28.512026348663795 0
    vertex 53.97700719954677 28.7306548357505 0
  endloop
endfacet
facet normal -0.39216088754595363 -0.919860736046307 -0.008128010796993003
  outer loop
    vertex 54.28098832807795 28.54447637663201 -0.6000000000000001
    vertex 54.869622160056146 28.288224573256336 0
    vertex 54.34466805985753 28.512026348663795 0
  endloop
endfacet
facet normal -0.2962905401707759 -0.9550458312371142 0.009968753278095358
  outer loop
    vertex 55.276640920001995 28.15568950941873 -0.6000000000000001
    vertex 55.457488061748506 28.105846827745644 0
    vertex 54.869622160056146 28.288224573256336 0
  endloop
endfacet
facet normal -0.21886449014250242 -0.9756387430875084 -0.01507905637926587
  outer loop
    vertex 55.276640920001995 28.15568950941873 -0.6000000000000001
    vertex 56.05774774285052 27.97119091131315 0
    vertex 55.457488061748506 28.105846827745644 0
  endloop
endfacet
facet normal -0.3634318285403224 -0.9307203318556583 -0.040950822633142044
  outer loop
    vertex 55.276640920001995 28.15568950941873 -0.6000000000000001
    vertex 54.869622160056146 28.288224573256336 0
    vertex 54.28098832807795 28.54447637663201 -0.6000000000000001
  endloop
endfacet
facet normal -0.5222917153747842 -0.8527668872856552 0
  outer loop
    vertex 54.28098832807795 28.54447637663201 -1.7999999999999998
    vertex 53.97700719954677 28.7306548357505 0
    vertex 53.97700719954677 28.7306548357505 -3
  endloop
endfacet
facet normal -0.5222917153747841 -0.8527668872856552 0
  outer loop
    vertex 54.28098832807795 28.54447637663201 -1.7999999999999998
    vertex 54.28098832807795 28.54447637663201 -0.6000000000000001
    vertex 53.97700719954677 28.7306548357505 0
  endloop
endfacet
facet normal -0.5110933854538613 -0.8594901620509594 -0.007759683171768826
  outer loop
    vertex 54.28098832807795 28.54447637663201 -2.4
    vertex 53.97700719954677 28.7306548357505 -3
    vertex 54.34466805985753 28.512026348663795 -3
  endloop
endfacet
facet normal -0.39216088754595363 -0.919860736046307 0.008128010796993003
  outer loop
    vertex 54.28098832807795 28.54447637663201 -2.4
    vertex 54.34466805985753 28.512026348663795 -3
    vertex 54.869622160056146 28.288224573256336 -3
  endloop
endfacet
facet normal -0.5222917153747841 -0.8527668872856551 0
  outer loop
    vertex 54.28098832807795 28.54447637663201 -2.4
    vertex 54.28098832807795 28.54447637663201 -1.7999999999999998
    vertex 53.97700719954677 28.7306548357505 -3
  endloop
endfacet
facet normal -0.22987600001331732 -0.9732199261307166 0
  outer loop
    vertex 55.276640920001995 28.15568950941873 -1.7999999999999998
    vertex 56.05774774285052 27.97119091131315 -3
    vertex 56.05774774285052 27.97119091131315 0
  endloop
endfacet
facet normal -0.22987600001331732 -0.9732199261307166 0
  outer loop
    vertex 55.276640920001995 28.15568950941873 -1.7999999999999998
    vertex 56.05774774285052 27.97119091131315 0
    vertex 55.276640920001995 28.15568950941873 -0.6000000000000001
  endloop
endfacet
facet normal -0.3637369444605683 -0.9315017097324564 0
  outer loop
    vertex 55.276640920001995 28.15568950941873 -1.7999999999999998
    vertex 54.28098832807795 28.54447637663201 -0.6000000000000001
    vertex 54.28098832807795 28.54447637663201 -1.7999999999999998
  endloop
endfacet
facet normal -0.3637369444605683 -0.9315017097324564 0
  outer loop
    vertex 55.276640920001995 28.15568950941873 -1.7999999999999998
    vertex 55.276640920001995 28.15568950941873 -0.6000000000000001
    vertex 54.28098832807795 28.54447637663201 -0.6000000000000001
  endloop
endfacet
facet normal -0.2962905401707759 -0.9550458312371142 -0.009968753278095358
  outer loop
    vertex 55.276640920001995 28.15568950941873 -2.4
    vertex 54.869622160056146 28.288224573256336 -3
    vertex 55.457488061748506 28.105846827745644 -3
  endloop
endfacet
facet normal -0.21886449014250242 -0.9756387430875084 0.01507905637926587
  outer loop
    vertex 55.276640920001995 28.15568950941873 -2.4
    vertex 55.457488061748506 28.105846827745644 -3
    vertex 56.05774774285052 27.97119091131315 -3
  endloop
endfacet
facet normal -0.2298760000133173 -0.9732199261307165 0
  outer loop
    vertex 55.276640920001995 28.15568950941873 -2.4
    vertex 56.05774774285052 27.97119091131315 -3
    vertex 55.276640920001995 28.15568950941873 -1.7999999999999998
  endloop
endfacet
facet normal -0.3637369444605683 -0.9315017097324564 0
  outer loop
    vertex 55.276640920001995 28.15568950941873 -2.4
    vertex 55.276640920001995 28.15568950941873 -1.7999999999999998
    vertex 54.28098832807795 28.54447637663201 -1.7999999999999998
  endloop
endfacet
facet normal -0.3637369444605683 -0.9315017097324564 0
  outer loop
    vertex 55.276640920001995 28.15568950941873 -2.4
    vertex 54.28098832807795 28.54447637663201 -1.7999999999999998
    vertex 54.28098832807795 28.54447637663201 -2.4
  endloop
endfacet
facet normal -0.3634318285403224 -0.9307203318556583 0.040950822633142044
  outer loop
    vertex 55.276640920001995 28.15568950941873 -2.4
    vertex 54.28098832807795 28.54447637663201 -2.4
    vertex 54.869622160056146 28.288224573256336 -3
  endloop
endfacet
facet normal 0.8526401643540942 0.5224985647159456 0
  outer loop
    vertex 55.084241712266106 49.7746965327129 -3
    vertex 55.5400902225422 49.03081937214371 0
    vertex 55.5400902225422 49.03081937214371 -3
  endloop
endfacet
facet normal 0.8526401643540942 0.5224985647159456 0
  outer loop
    vertex 55.084241712266106 49.7746965327129 -3
    vertex 55.084241712266106 49.7746965327129 0
    vertex 55.5400902225422 49.03081937214371 0
  endloop
endfacet
facet normal -0.630729419267034 -0.7760028348344291 0
  outer loop
    vertex 53.97700719954677 28.7306548357505 -3
    vertex 53.944511326277436 28.757067243483668 0
    vertex 53.944511326277436 28.757067243483668 -3
  endloop
endfacet
facet normal -0.630729419267034 -0.7760028348344291 0
  outer loop
    vertex 53.97700719954677 28.7306548357505 -3
    vertex 53.97700719954677 28.7306548357505 0
    vertex 53.944511326277436 28.757067243483668 0
  endloop
endfacet
facet normal 0.5431164433269712 -0.8396573878599893 0
  outer loop
    vertex 55.11940318183906 49.79744006188649 -3
    vertex 55.084241712266106 49.7746965327129 0
    vertex 55.084241712266106 49.7746965327129 -3
  endloop
endfacet
facet normal 0.5431164433269712 -0.8396573878599893 0
  outer loop
    vertex 55.11940318183906 49.79744006188649 -3
    vertex 55.11940318183906 49.79744006188649 0
    vertex 55.084241712266106 49.7746965327129 0
  endloop
endfacet
facet normal 0.7604059656000229 -0.649448048330193 0
  outer loop
    vertex 53.944511326277436 28.757067243483668 -3
    vertex 53.37790704193078 28.0936588629989 0
    vertex 53.37790704193078 28.0936588629989 -3
  endloop
endfacet
facet normal 0.7604059656000229 -0.649448048330193 0
  outer loop
    vertex 53.944511326277436 28.757067243483668 -3
    vertex 53.944511326277436 28.757067243483668 0
    vertex 53.37790704193078 28.0936588629989 0
  endloop
endfacet
facet normal 0.6594871774922312 -0.7516757612431073 0.007759683171726559
  outer loop
    vertex 55.390404753262914 50.02901098715269 -0.6000000000000001
    vertex 55.44094468313291 50.0795464009072 0
    vertex 55.11940318183906 49.79744006188649 0
  endloop
endfacet
facet normal 0.7536551683199754 -0.6572197674332947 -0.008128010796948653
  outer loop
    vertex 55.390404753262914 50.02901098715269 -0.6000000000000001
    vertex 55.81601255822051 50.509648866684365 0
    vertex 55.44094468313291 50.0795464009072 0
  endloop
endfacet
facet normal 0.8167437489732029 -0.5769144412053471 0.009968753278104515
  outer loop
    vertex 56.06783660817407 50.85579112350949 -0.6000000000000001
    vertex 56.17112465555246 51.01238474043831 0
    vertex 55.81601255822051 50.509648866684365 0
  endloop
endfacet
facet normal 0.860254737244141 -0.5096414515203073 -0.015079056379236596
  outer loop
    vertex 56.06783660817407 50.85579112350949 -0.6000000000000001
    vertex 56.484680484832104 51.54165465504921 0
    vertex 56.17112465555246 51.01238474043831 0
  endloop
endfacet
facet normal 0.7728610251439865 -0.6332526083160298 -0.040950822633144916
  outer loop
    vertex 56.06783660817407 50.85579112350949 -0.6000000000000001
    vertex 55.81601255822051 50.509648866684365 0
    vertex 55.390404753262914 50.02901098715269 -0.6000000000000001
  endloop
endfacet
facet normal 0.6496324889617169 -0.7602483997256454 0
  outer loop
    vertex 55.390404753262914 50.02901098715269 -1.7999999999999998
    vertex 55.11940318183906 49.79744006188649 0
    vertex 55.11940318183906 49.79744006188649 -3
  endloop
endfacet
facet normal 0.6496324889617169 -0.7602483997256454 0
  outer loop
    vertex 55.390404753262914 50.02901098715269 -1.7999999999999998
    vertex 55.390404753262914 50.02901098715269 -0.6000000000000001
    vertex 55.11940318183906 49.79744006188649 0
  endloop
endfacet
facet normal 0.6594871774922312 -0.7516757612431073 -0.007759683171726559
  outer loop
    vertex 55.390404753262914 50.02901098715269 -2.4
    vertex 55.11940318183906 49.79744006188649 -3
    vertex 55.44094468313291 50.0795464009072 -3
  endloop
endfacet
facet normal 0.7536551683199754 -0.6572197674332947 0.008128010796948653
  outer loop
    vertex 55.390404753262914 50.02901098715269 -2.4
    vertex 55.44094468313291 50.0795464009072 -3
    vertex 55.81601255822051 50.509648866684365 -3
  endloop
endfacet
facet normal 0.649632488961717 -0.7602483997256454 0
  outer loop
    vertex 55.390404753262914 50.02901098715269 -2.4
    vertex 55.390404753262914 50.02901098715269 -1.7999999999999998
    vertex 55.11940318183906 49.79744006188649 -3
  endloop
endfacet
facet normal 0.8545515619318603 -0.5193665641912442 0
  outer loop
    vertex 56.06783660817407 50.85579112350949 -1.7999999999999998
    vertex 56.484680484832104 51.54165465504921 -3
    vertex 56.484680484832104 51.54165465504921 0
  endloop
endfacet
facet normal 0.8545515619318604 -0.5193665641912443 0
  outer loop
    vertex 56.06783660817407 50.85579112350949 -1.7999999999999998
    vertex 56.484680484832104 51.54165465504921 0
    vertex 56.06783660817407 50.85579112350949 -0.6000000000000001
  endloop
endfacet
facet normal 0.773509873660794 -0.6337842498431643 0
  outer loop
    vertex 56.06783660817407 50.85579112350949 -1.7999999999999998
    vertex 55.390404753262914 50.02901098715269 -0.6000000000000001
    vertex 55.390404753262914 50.02901098715269 -1.7999999999999998
  endloop
endfacet
facet normal 0.773509873660794 -0.6337842498431643 0
  outer loop
    vertex 56.06783660817407 50.85579112350949 -1.7999999999999998
    vertex 56.06783660817407 50.85579112350949 -0.6000000000000001
    vertex 55.390404753262914 50.02901098715269 -0.6000000000000001
  endloop
endfacet
facet normal 0.8167437489732029 -0.5769144412053471 -0.009968753278104515
  outer loop
    vertex 56.06783660817407 50.85579112350949 -2.4
    vertex 55.81601255822051 50.509648866684365 -3
    vertex 56.17112465555246 51.01238474043831 -3
  endloop
endfacet
facet normal 0.860254737244141 -0.5096414515203073 0.015079056379236596
  outer loop
    vertex 56.06783660817407 50.85579112350949 -2.4
    vertex 56.17112465555246 51.01238474043831 -3
    vertex 56.484680484832104 51.54165465504921 -3
  endloop
endfacet
facet normal 0.8545515619318603 -0.5193665641912443 0
  outer loop
    vertex 56.06783660817407 50.85579112350949 -2.4
    vertex 56.484680484832104 51.54165465504921 -3
    vertex 56.06783660817407 50.85579112350949 -1.7999999999999998
  endloop
endfacet
facet normal 0.773509873660794 -0.6337842498431644 0
  outer loop
    vertex 56.06783660817407 50.85579112350949 -2.4
    vertex 56.06783660817407 50.85579112350949 -1.7999999999999998
    vertex 55.390404753262914 50.02901098715269 -1.7999999999999998
  endloop
endfacet
facet normal 0.773509873660794 -0.6337842498431644 0
  outer loop
    vertex 56.06783660817407 50.85579112350949 -2.4
    vertex 55.390404753262914 50.02901098715269 -1.7999999999999998
    vertex 55.390404753262914 50.02901098715269 -2.4
  endloop
endfacet
facet normal 0.7728610251439865 -0.6332526083160298 0.040950822633144916
  outer loop
    vertex 56.06783660817407 50.85579112350949 -2.4
    vertex 55.390404753262914 50.02901098715269 -2.4
    vertex 55.81601255822051 50.509648866684365 -3
  endloop
endfacet
facet normal 0.6677811329466202 0.7443576818173695 0
  outer loop
    vertex 53.37790704193078 28.0936588629989 -3
    vertex 53.40907774364679 28.065694878727474 0
    vertex 53.40907774364679 28.065694878727474 -3
  endloop
endfacet
facet normal 0.6677811329466202 0.7443576818173695 0
  outer loop
    vertex 53.37790704193078 28.0936588629989 -3
    vertex 53.37790704193078 28.0936588629989 0
    vertex 53.40907774364679 28.065694878727474 0
  endloop
endfacet
facet normal 0.8090169943749439 0.5877852522924778 0
  outer loop
    vertex 56.05774774285049 52.12927716236988 -3
    vertex 56.484680484832104 51.54165465504921 0
    vertex 56.484680484832104 51.54165465504921 -3
  endloop
endfacet
facet normal 0.8090169943749439 0.5877852522924778 0
  outer loop
    vertex 56.05774774285049 52.12927716236988 -3
    vertex 56.05774774285049 52.12927716236988 0
    vertex 56.484680484832104 51.54165465504921 0
  endloop
endfacet
facet normal 0.926651364966932 0.37588984010744614 -0.004906720790945219
  outer loop
    vertex 54.18027179851881 26.872006199230974 -0.6000000000000001
    vertex 54.205343889424526 26.818030133317645 0
    vertex 54.484690940695415 26.12937803703948 0
  endloop
endfacet
facet normal 0.8829576551713859 0.4694223419741168 0.00533329445871457
  outer loop
    vertex 54.18027179851881 26.872006199230974 -0.6000000000000001
    vertex 53.85653809617404 27.474114681878874 0
    vertex 54.205343889424526 26.818030133317645 0
  endloop
endfacet
facet normal 0.8266157536242995 0.5627589225946177 0.0029649452400257203
  outer loop
    vertex 53.6405171622122 27.794580989970484 -0.6000000000000001
    vertex 53.61655025416745 27.826623941023662 0
    vertex 53.85653809617404 27.474114681878874 0
  endloop
endfacet
facet normal 0.7552459022544185 0.6554237202821113 -0.004834668495978133
  outer loop
    vertex 53.6405171622122 27.794580989970484 -0.6000000000000001
    vertex 53.40907774364679 28.065694878727474 0
    vertex 53.61655025416745 27.826623941023662 0
  endloop
endfacet
facet normal 0.862406284854217 0.5045529048727871 -0.04100934074548621
  outer loop
    vertex 53.6405171622122 27.794580989970484 -0.6000000000000001
    vertex 53.85653809617404 27.474114681878874 0
    vertex 54.18027179851881 26.872006199230974 -0.6000000000000001
  endloop
endfacet
facet normal 0.9252774447865023 0.3792909835065437 0
  outer loop
    vertex 54.18027179851881 26.872006199230974 -1.7999999999999998
    vertex 54.484690940695415 26.12937803703948 0
    vertex 54.484690940695415 26.12937803703948 -3
  endloop
endfacet
facet normal 0.9252774447865023 0.3792909835065438 0
  outer loop
    vertex 54.18027179851881 26.872006199230974 -1.7999999999999998
    vertex 54.18027179851881 26.872006199230974 -0.6000000000000001
    vertex 54.484690940695415 26.12937803703948 0
  endloop
endfacet
facet normal 0.926651364966932 0.37588984010744614 0.004906720790945219
  outer loop
    vertex 54.18027179851881 26.872006199230974 -2.4
    vertex 54.484690940695415 26.12937803703948 -3
    vertex 54.205343889424526 26.818030133317645 -3
  endloop
endfacet
facet normal 0.8829576551713859 0.4694223419741168 -0.00533329445871457
  outer loop
    vertex 54.18027179851881 26.872006199230974 -2.4
    vertex 54.205343889424526 26.818030133317645 -3
    vertex 53.85653809617404 27.474114681878874 -3
  endloop
endfacet
facet normal 0.9252774447865023 0.3792909835065437 0
  outer loop
    vertex 54.18027179851881 26.872006199230974 -2.4
    vertex 54.18027179851881 26.872006199230974 -1.7999999999999998
    vertex 54.484690940695415 26.12937803703948 -3
  endloop
endfacet
facet normal 0.760563486728047 0.6492635694816672 0
  outer loop
    vertex 53.6405171622122 27.794580989970484 -1.7999999999999998
    vertex 53.40907774364679 28.065694878727474 -3
    vertex 53.40907774364679 28.065694878727474 0
  endloop
endfacet
facet normal 0.7605634867280471 0.6492635694816673 0
  outer loop
    vertex 53.6405171622122 27.794580989970484 -1.7999999999999998
    vertex 53.40907774364679 28.065694878727474 0
    vertex 53.6405171622122 27.794580989970484 -0.6000000000000001
  endloop
endfacet
facet normal 0.8631323836251271 0.5049777107334602 0
  outer loop
    vertex 53.6405171622122 27.794580989970484 -1.7999999999999998
    vertex 54.18027179851881 26.872006199230974 -0.6000000000000001
    vertex 54.18027179851881 26.872006199230974 -1.7999999999999998
  endloop
endfacet
facet normal 0.8631323836251271 0.5049777107334602 0
  outer loop
    vertex 53.6405171622122 27.794580989970484 -1.7999999999999998
    vertex 53.6405171622122 27.794580989970484 -0.6000000000000001
    vertex 54.18027179851881 26.872006199230974 -0.6000000000000001
  endloop
endfacet
facet normal 0.8266157536242995 0.5627589225946177 -0.0029649452400257203
  outer loop
    vertex 53.6405171622122 27.794580989970484 -2.4
    vertex 53.85653809617404 27.474114681878874 -3
    vertex 53.61655025416745 27.826623941023662 -3
  endloop
endfacet
facet normal 0.7552459022544185 0.6554237202821113 0.004834668495978133
  outer loop
    vertex 53.6405171622122 27.794580989970484 -2.4
    vertex 53.61655025416745 27.826623941023662 -3
    vertex 53.40907774364679 28.065694878727474 -3
  endloop
endfacet
facet normal 0.8631323836251271 0.5049777107334602 0
  outer loop
    vertex 53.6405171622122 27.794580989970484 -2.4
    vertex 53.6405171622122 27.794580989970484 -1.7999999999999998
    vertex 54.18027179851881 26.872006199230974 -1.7999999999999998
  endloop
endfacet
facet normal 0.7605634867280472 0.6492635694816674 0
  outer loop
    vertex 53.6405171622122 27.794580989970484 -2.4
    vertex 53.40907774364679 28.065694878727474 -3
    vertex 53.6405171622122 27.794580989970484 -1.7999999999999998
  endloop
endfacet
facet normal 0.862406284854217 0.5045529048727871 0.04100934074548621
  outer loop
    vertex 53.6405171622122 27.794580989970484 -2.4
    vertex 54.18027179851881 26.872006199230974 -2.4
    vertex 53.85653809617404 27.474114681878874 -3
  endloop
endfacet
facet normal 0.8631323836251271 0.5049777107334602 0
  outer loop
    vertex 53.6405171622122 27.794580989970484 -2.4
    vertex 54.18027179851881 26.872006199230974 -1.7999999999999998
    vertex 54.18027179851881 26.872006199230974 -2.4
  endloop
endfacet
facet normal -0.2263018018648796 0.9740448750256777 -0.004906720790959533
  outer loop
    vertex 55.276640920001974 51.94477856426432 -0.6000000000000001
    vertex 55.33387459010402 51.96109825913011 0
    vertex 56.05774774285049 52.12927716236988 0
  endloop
endfacet
facet normal -0.32551796554281337 0.9455208141966439 0.005333294458701017
  outer loop
    vertex 55.276640920001974 51.94477856426432 -0.6000000000000001
    vertex 54.6313022833754 51.719221079379885 0
    vertex 55.33387459010402 51.96109825913011 0
  endloop
endfacet
facet normal -0.4265192332004531 0.904473633009731 0.002964945239967229
  outer loop
    vertex 54.28098832807795 51.55599169705104 -0.6000000000000001
    vertex 54.24559062848647 51.53733248332179 0
    vertex 54.6313022833754 51.719221079379885 0
  endloop
endfacet
facet normal -0.5292078779789963 0.8484784309960405 -0.004834668495888763
  outer loop
    vertex 54.28098832807795 51.55599169705104 -0.6000000000000001
    vertex 53.97700719954675 51.36981323793254 0
    vertex 54.24559062848647 51.53733248332179 0
  endloop
endfacet
facet normal -0.36343095553776283 0.9307180961647464 -0.04100934074547562
  outer loop
    vertex 54.28098832807795 51.55599169705104 -0.6000000000000001
    vertex 54.6313022833754 51.719221079379885 0
    vertex 55.276640920001974 51.94477856426432 -0.6000000000000001
  endloop
endfacet
facet normal -0.2298760000133045 0.9732199261307195 0
  outer loop
    vertex 55.276640920001974 51.94477856426432 -1.7999999999999998
    vertex 56.05774774285049 52.12927716236988 0
    vertex 56.05774774285049 52.12927716236988 -3
  endloop
endfacet
facet normal -0.22987600001330447 0.9732199261307195 0
  outer loop
    vertex 55.276640920001974 51.94477856426432 -1.7999999999999998
    vertex 55.276640920001974 51.94477856426432 -0.6000000000000001
    vertex 56.05774774285049 52.12927716236988 0
  endloop
endfacet
facet normal -0.2263018018648796 0.9740448750256777 0.004906720790959533
  outer loop
    vertex 55.276640920001974 51.94477856426432 -2.4
    vertex 56.05774774285049 52.12927716236988 -3
    vertex 55.33387459010402 51.96109825913011 -3
  endloop
endfacet
facet normal -0.32551796554281337 0.9455208141966439 -0.005333294458701017
  outer loop
    vertex 55.276640920001974 51.94477856426432 -2.4
    vertex 55.33387459010402 51.96109825913011 -3
    vertex 54.6313022833754 51.719221079379885 -3
  endloop
endfacet
facet normal -0.2298760000133045 0.9732199261307196 0
  outer loop
    vertex 55.276640920001974 51.94477856426432 -2.4
    vertex 55.276640920001974 51.94477856426432 -1.7999999999999998
    vertex 56.05774774285049 52.12927716236988 -3
  endloop
endfacet
facet normal -0.5222917153747794 0.8527668872856582 0
  outer loop
    vertex 54.28098832807795 51.55599169705104 -1.7999999999999998
    vertex 53.97700719954675 51.36981323793254 -3
    vertex 53.97700719954675 51.36981323793254 0
  endloop
endfacet
facet normal -0.5222917153747793 0.8527668872856582 0
  outer loop
    vertex 54.28098832807795 51.55599169705104 -1.7999999999999998
    vertex 53.97700719954675 51.36981323793254 0
    vertex 54.28098832807795 51.55599169705104 -0.6000000000000001
  endloop
endfacet
facet normal -0.3637369444605722 0.9315017097324548 0
  outer loop
    vertex 54.28098832807795 51.55599169705104 -1.7999999999999998
    vertex 55.276640920001974 51.94477856426432 -0.6000000000000001
    vertex 55.276640920001974 51.94477856426432 -1.7999999999999998
  endloop
endfacet
facet normal -0.3637369444605722 0.9315017097324548 0
  outer loop
    vertex 54.28098832807795 51.55599169705104 -1.7999999999999998
    vertex 54.28098832807795 51.55599169705104 -0.6000000000000001
    vertex 55.276640920001974 51.94477856426432 -0.6000000000000001
  endloop
endfacet
facet normal -0.4265192332004531 0.904473633009731 -0.002964945239967229
  outer loop
    vertex 54.28098832807795 51.55599169705104 -2.4
    vertex 54.6313022833754 51.719221079379885 -3
    vertex 54.24559062848647 51.53733248332179 -3
  endloop
endfacet
facet normal -0.5292078779789963 0.8484784309960405 0.004834668495888763
  outer loop
    vertex 54.28098832807795 51.55599169705104 -2.4
    vertex 54.24559062848647 51.53733248332179 -3
    vertex 53.97700719954675 51.36981323793254 -3
  endloop
endfacet
facet normal -0.36373694446057225 0.9315017097324549 0
  outer loop
    vertex 54.28098832807795 51.55599169705104 -2.4
    vertex 54.28098832807795 51.55599169705104 -1.7999999999999998
    vertex 55.276640920001974 51.94477856426432 -1.7999999999999998
  endloop
endfacet
facet normal -0.5222917153747794 0.8527668872856583 0
  outer loop
    vertex 54.28098832807795 51.55599169705104 -2.4
    vertex 53.97700719954675 51.36981323793254 -3
    vertex 54.28098832807795 51.55599169705104 -1.7999999999999998
  endloop
endfacet
facet normal -0.36343095553776283 0.9307180961647464 0.04100934074547562
  outer loop
    vertex 54.28098832807795 51.55599169705104 -2.4
    vertex 55.276640920001974 51.94477856426432 -2.4
    vertex 54.6313022833754 51.719221079379885 -3
  endloop
endfacet
facet normal -0.36373694446057225 0.9315017097324549 0
  outer loop
    vertex 54.28098832807795 51.55599169705104 -2.4
    vertex 55.276640920001974 51.94477856426432 -1.7999999999999998
    vertex 55.276640920001974 51.94477856426432 -2.4
  endloop
endfacet
facet normal 0.7071067811865525 -0.7071067811865427 0
  outer loop
    vertex 54.484690940695415 26.12937803703948 -3
    vertex 53.97109003664356 25.615777132987617 0
    vertex 53.97109003664356 25.615777132987617 -3
  endloop
endfacet
facet normal 0.7071067811865525 -0.7071067811865427 0
  outer loop
    vertex 54.484690940695415 26.12937803703948 -3
    vertex 54.484690940695415 26.12937803703948 0
    vertex 53.97109003664356 25.615777132987617 0
  endloop
endfacet
facet normal -0.630729419267034 0.7760028348344291 0
  outer loop
    vertex 53.944511326277414 51.34340083019937 -3
    vertex 53.97700719954675 51.36981323793254 0
    vertex 53.97700719954675 51.36981323793254 -3
  endloop
endfacet
facet normal -0.630729419267034 0.7760028348344291 0
  outer loop
    vertex 53.944511326277414 51.34340083019937 -3
    vertex 53.944511326277414 51.34340083019937 0
    vertex 53.97700719954675 51.36981323793254 0
  endloop
endfacet
facet normal -0.6392548614757905 -0.768955791574939 0.007759683171816398
  outer loop
    vertex 52.305887083712555 26.45995091147085 -0.6000000000000001
    vertex 52.36370650955812 26.417938692419533 0
    vertex 52.03477319495556 26.691390330036256 0
  endloop
endfacet
facet normal -0.5312306584213585 -0.8471882453113314 -0.008128010797062773
  outer loop
    vertex 52.305887083712555 26.45995091147085 -0.6000000000000001
    vertex 52.847187242661576 26.114771374409585 0
    vertex 52.36370650955812 26.417938692419533 0
  endloop
endfacet
facet normal -0.44204479565368143 -0.896937580098847 0.009968753278098975
  outer loop
    vertex 53.22846187445208 25.920196275164226 -0.6000000000000001
    vertex 53.39928537454189 25.842676513738326 0
    vertex 52.847187242661576 26.114771374409585 0
  endloop
endfacet
facet normal -0.36879342993143616 -0.9293890617486932 -0.015079056379310583
  outer loop
    vertex 53.22846187445208 25.920196275164226 -0.6000000000000001
    vertex 53.97109003664356 25.615777132987617 0
    vertex 53.39928537454189 25.842676513738326 0
  endloop
endfacet
facet normal -0.5045541168663573 -0.862408356452373 -0.040950822633093
  outer loop
    vertex 53.22846187445208 25.920196275164226 -0.6000000000000001
    vertex 52.847187242661576 26.114771374409585 0
    vertex 52.305887083712555 26.45995091147085 -0.6000000000000001
  endloop
endfacet
facet normal -0.6492635694816566 -0.7605634867280562 0
  outer loop
    vertex 52.305887083712555 26.45995091147085 -1.7999999999999998
    vertex 52.03477319495556 26.691390330036256 0
    vertex 52.03477319495556 26.691390330036256 -3
  endloop
endfacet
facet normal -0.6492635694816566 -0.7605634867280563 0
  outer loop
    vertex 52.305887083712555 26.45995091147085 -1.7999999999999998
    vertex 52.305887083712555 26.45995091147085 -0.6000000000000001
    vertex 52.03477319495556 26.691390330036256 0
  endloop
endfacet
facet normal -0.6392548614757905 -0.768955791574939 -0.007759683171816398
  outer loop
    vertex 52.305887083712555 26.45995091147085 -2.4
    vertex 52.03477319495556 26.691390330036256 -3
    vertex 52.36370650955812 26.417938692419533 -3
  endloop
endfacet
facet normal -0.5312306584213585 -0.8471882453113314 0.008128010797062773
  outer loop
    vertex 52.305887083712555 26.45995091147085 -2.4
    vertex 52.36370650955812 26.417938692419533 -3
    vertex 52.847187242661576 26.114771374409585 -3
  endloop
endfacet
facet normal -0.6492635694816566 -0.7605634867280563 0
  outer loop
    vertex 52.305887083712555 26.45995091147085 -2.4
    vertex 52.305887083712555 26.45995091147085 -1.7999999999999998
    vertex 52.03477319495556 26.691390330036256 -3
  endloop
endfacet
facet normal -0.37929098350655377 -0.9252774447864982 0
  outer loop
    vertex 53.22846187445208 25.920196275164226 -1.7999999999999998
    vertex 53.97109003664356 25.615777132987617 -3
    vertex 53.97109003664356 25.615777132987617 0
  endloop
endfacet
facet normal -0.3792909835065537 -0.9252774447864982 0
  outer loop
    vertex 53.22846187445208 25.920196275164226 -1.7999999999999998
    vertex 53.97109003664356 25.615777132987617 0
    vertex 53.22846187445208 25.920196275164226 -0.6000000000000001
  endloop
endfacet
facet normal -0.5049777107334643 -0.8631323836251249 0
  outer loop
    vertex 53.22846187445208 25.920196275164226 -1.7999999999999998
    vertex 52.305887083712555 26.45995091147085 -0.6000000000000001
    vertex 52.305887083712555 26.45995091147085 -1.7999999999999998
  endloop
endfacet
facet normal -0.5049777107334643 -0.8631323836251249 0
  outer loop
    vertex 53.22846187445208 25.920196275164226 -1.7999999999999998
    vertex 53.22846187445208 25.920196275164226 -0.6000000000000001
    vertex 52.305887083712555 26.45995091147085 -0.6000000000000001
  endloop
endfacet
facet normal -0.44204479565368143 -0.896937580098847 -0.009968753278098975
  outer loop
    vertex 53.22846187445208 25.920196275164226 -2.4
    vertex 52.847187242661576 26.114771374409585 -3
    vertex 53.39928537454189 25.842676513738326 -3
  endloop
endfacet
facet normal -0.36879342993143616 -0.9293890617486932 0.015079056379310583
  outer loop
    vertex 53.22846187445208 25.920196275164226 -2.4
    vertex 53.39928537454189 25.842676513738326 -3
    vertex 53.97109003664356 25.615777132987617 -3
  endloop
endfacet
facet normal -0.37929098350655377 -0.9252774447864983 0
  outer loop
    vertex 53.22846187445208 25.920196275164226 -2.4
    vertex 53.97109003664356 25.615777132987617 -3
    vertex 53.22846187445208 25.920196275164226 -1.7999999999999998
  endloop
endfacet
facet normal -0.5049777107334643 -0.8631323836251249 0
  outer loop
    vertex 53.22846187445208 25.920196275164226 -2.4
    vertex 53.22846187445208 25.920196275164226 -1.7999999999999998
    vertex 52.305887083712555 26.45995091147085 -1.7999999999999998
  endloop
endfacet
facet normal -0.5049777107334643 -0.8631323836251249 0
  outer loop
    vertex 53.22846187445208 25.920196275164226 -2.4
    vertex 52.305887083712555 26.45995091147085 -1.7999999999999998
    vertex 52.305887083712555 26.45995091147085 -2.4
  endloop
endfacet
facet normal -0.5045541168663573 -0.862408356452373 0.040950822633093
  outer loop
    vertex 53.22846187445208 25.920196275164226 -2.4
    vertex 52.305887083712555 26.45995091147085 -2.4
    vertex 52.847187242661576 26.114771374409585 -3
  endloop
endfacet
facet normal 0.7604059656000338 0.6494480483301802 0
  outer loop
    vertex 53.37790704193077 52.00680921068415 -3
    vertex 53.944511326277414 51.34340083019937 0
    vertex 53.944511326277414 51.34340083019937 -3
  endloop
endfacet
facet normal 0.7604059656000338 0.6494480483301802 0
  outer loop
    vertex 53.37790704193077 52.00680921068415 -3
    vertex 53.37790704193077 52.00680921068415 0
    vertex 53.944511326277414 51.34340083019937 0
  endloop
endfacet
facet normal -0.7443576818175046 -0.6677811329464696 0
  outer loop
    vertex 52.03477319495556 26.691390330036256 -3
    vertex 52.00680921068415 26.722561031752257 0
    vertex 52.00680921068415 26.722561031752257 -3
  endloop
endfacet
facet normal -0.7443576818175046 -0.6677811329464696 0
  outer loop
    vertex 52.03477319495556 26.691390330036256 -3
    vertex 52.03477319495556 26.691390330036256 0
    vertex 52.00680921068415 26.722561031752257 0
  endloop
endfacet
facet normal 0.6677811329464696 -0.7443576818175046 0
  outer loop
    vertex 53.40907774364677 52.03477319495556 -3
    vertex 53.37790704193077 52.00680921068415 0
    vertex 53.37790704193077 52.00680921068415 -3
  endloop
endfacet
facet normal 0.6677811329464696 -0.7443576818175046 0
  outer loop
    vertex 53.40907774364677 52.03477319495556 -3
    vertex 53.40907774364677 52.03477319495556 0
    vertex 53.37790704193077 52.00680921068415 0
  endloop
endfacet
facet normal 0.649448048330178 -0.7604059656000359 0
  outer loop
    vertex 52.00680921068415 26.722561031752257 -3
    vertex 51.34340083019937 26.155956747405614 0
    vertex 51.34340083019937 26.155956747405614 -3
  endloop
endfacet
facet normal 0.649448048330178 -0.7604059656000359 0
  outer loop
    vertex 52.00680921068415 26.722561031752257 -3
    vertex 52.00680921068415 26.722561031752257 0
    vertex 51.34340083019937 26.155956747405614 0
  endloop
endfacet
facet normal 0.7689557915748605 -0.6392548614758856 0.007759683171740062
  outer loop
    vertex 53.64051716221218 52.30588708371256 -0.6000000000000001
    vertex 53.68252938126306 52.36370650955752 0
    vertex 53.40907774364677 52.03477319495556 0
  endloop
endfacet
facet normal 0.8471882453112143 -0.5312306584215468 -0.008128010796960463
  outer loop
    vertex 53.64051716221218 52.30588708371256 -0.6000000000000001
    vertex 53.985696699272594 52.84718724266008 0
    vertex 53.68252938126306 52.36370650955752 0
  endloop
endfacet
facet normal 0.8969375800987452 -0.4420447956538876 0.009968753278099693
  outer loop
    vertex 54.1802717985188 53.22846187445208 -0.6000000000000001
    vertex 54.25779155994436 53.399285374541094 0
    vertex 53.985696699272594 52.84718724266008 0
  endloop
endfacet
facet normal 0.9293890617486823 -0.36879342993146597 -0.01507905637925606
  outer loop
    vertex 54.1802717985188 53.22846187445208 -0.6000000000000001
    vertex 54.4846909406954 53.97109003664355 0
    vertex 54.25779155994436 53.399285374541094 0
  endloop
endfacet
facet normal 0.8624083564523698 -0.5045541168663592 -0.04095082263313562
  outer loop
    vertex 54.1802717985188 53.22846187445208 -0.6000000000000001
    vertex 53.985696699272594 52.84718724266008 0
    vertex 53.64051716221218 52.30588708371256 -0.6000000000000001
  endloop
endfacet
facet normal 0.7605634867280597 -0.6492635694816525 0
  outer loop
    vertex 53.64051716221218 52.30588708371256 -1.7999999999999998
    vertex 53.40907774364677 52.03477319495556 0
    vertex 53.40907774364677 52.03477319495556 -3
  endloop
endfacet
facet normal 0.7605634867280597 -0.6492635694816526 0
  outer loop
    vertex 53.64051716221218 52.30588708371256 -1.7999999999999998
    vertex 53.64051716221218 52.30588708371256 -0.6000000000000001
    vertex 53.40907774364677 52.03477319495556 0
  endloop
endfacet
facet normal 0.7689557915748605 -0.6392548614758856 -0.007759683171740062
  outer loop
    vertex 53.64051716221218 52.30588708371256 -2.4
    vertex 53.40907774364677 52.03477319495556 -3
    vertex 53.68252938126306 52.36370650955752 -3
  endloop
endfacet
facet normal 0.8471882453112143 -0.5312306584215468 0.008128010796960463
  outer loop
    vertex 53.64051716221218 52.30588708371256 -2.4
    vertex 53.68252938126306 52.36370650955752 -3
    vertex 53.985696699272594 52.84718724266008 -3
  endloop
endfacet
facet normal 0.7605634867280595 -0.6492635694816525 0
  outer loop
    vertex 53.64051716221218 52.30588708371256 -2.4
    vertex 53.64051716221218 52.30588708371256 -1.7999999999999998
    vertex 53.40907774364677 52.03477319495556 -3
  endloop
endfacet
facet normal 0.9252774447865014 -0.37929098350654544 0
  outer loop
    vertex 54.1802717985188 53.22846187445208 -1.7999999999999998
    vertex 54.4846909406954 53.97109003664355 -3
    vertex 54.4846909406954 53.97109003664355 0
  endloop
endfacet
facet normal 0.9252774447865015 -0.37929098350654544 0
  outer loop
    vertex 54.1802717985188 53.22846187445208 -1.7999999999999998
    vertex 54.4846909406954 53.97109003664355 0
    vertex 54.1802717985188 53.22846187445208 -0.6000000000000001
  endloop
endfacet
facet normal 0.8631323836251231 -0.5049777107334671 0
  outer loop
    vertex 54.1802717985188 53.22846187445208 -1.7999999999999998
    vertex 53.64051716221218 52.30588708371256 -0.6000000000000001
    vertex 53.64051716221218 52.30588708371256 -1.7999999999999998
  endloop
endfacet
facet normal 0.8631323836251231 -0.5049777107334671 0
  outer loop
    vertex 54.1802717985188 53.22846187445208 -1.7999999999999998
    vertex 54.1802717985188 53.22846187445208 -0.6000000000000001
    vertex 53.64051716221218 52.30588708371256 -0.6000000000000001
  endloop
endfacet
facet normal 0.8969375800987452 -0.4420447956538876 -0.009968753278099693
  outer loop
    vertex 54.1802717985188 53.22846187445208 -2.4
    vertex 53.985696699272594 52.84718724266008 -3
    vertex 54.25779155994436 53.399285374541094 -3
  endloop
endfacet
facet normal 0.9293890617486823 -0.36879342993146597 0.01507905637925606
  outer loop
    vertex 54.1802717985188 53.22846187445208 -2.4
    vertex 54.25779155994436 53.399285374541094 -3
    vertex 54.4846909406954 53.97109003664355 -3
  endloop
endfacet
facet normal 0.9252774447865015 -0.37929098350654544 0
  outer loop
    vertex 54.1802717985188 53.22846187445208 -2.4
    vertex 54.4846909406954 53.97109003664355 -3
    vertex 54.1802717985188 53.22846187445208 -1.7999999999999998
  endloop
endfacet
facet normal 0.8631323836251232 -0.5049777107334672 0
  outer loop
    vertex 54.1802717985188 53.22846187445208 -2.4
    vertex 54.1802717985188 53.22846187445208 -1.7999999999999998
    vertex 53.64051716221218 52.30588708371256 -1.7999999999999998
  endloop
endfacet
facet normal 0.8631323836251232 -0.5049777107334672 0
  outer loop
    vertex 54.1802717985188 53.22846187445208 -2.4
    vertex 53.64051716221218 52.30588708371256 -1.7999999999999998
    vertex 53.64051716221218 52.30588708371256 -2.4
  endloop
endfacet
facet normal 0.8624083564523698 -0.5045541168663592 0.04095082263313562
  outer loop
    vertex 54.1802717985188 53.22846187445208 -2.4
    vertex 53.64051716221218 52.30588708371256 -2.4
    vertex 53.985696699272594 52.84718724266008 -3
  endloop
endfacet
facet normal 0.7760028348345304 0.6307294192669094 0
  outer loop
    vertex 51.34340083019937 26.155956747405614 -3
    vertex 51.36981323793254 26.12346087413627 0
    vertex 51.36981323793254 26.12346087413627 -3
  endloop
endfacet
facet normal 0.7760028348345304 0.6307294192669094 0
  outer loop
    vertex 51.34340083019937 26.155956747405614 -3
    vertex 51.34340083019937 26.155956747405614 0
    vertex 51.36981323793254 26.12346087413627 0
  endloop
endfacet
facet normal 0.7071067811865378 0.7071067811865573 0
  outer loop
    vertex 53.97109003664353 54.48469094069541 -3
    vertex 54.4846909406954 53.97109003664355 0
    vertex 54.4846909406954 53.97109003664355 -3
  endloop
endfacet
facet normal 0.7071067811865378 0.7071067811865573 0
  outer loop
    vertex 53.97109003664353 54.48469094069541 -3
    vertex 53.97109003664353 54.48469094069541 0
    vertex 54.4846909406954 53.97109003664355 0
  endloop
endfacet
facet normal 0.9740448750256757 0.22630180186488874 -0.004906720790950575
  outer loop
    vertex 51.94477856426431 24.82382715368106 -0.6000000000000001
    vertex 51.961098259130104 24.766593483578994 0
    vertex 52.12927716236988 24.042720330832523 0
  endloop
endfacet
facet normal 0.9455208141966509 0.3255179655427934 0.005333294458710481
  outer loop
    vertex 51.94477856426431 24.82382715368106 -0.6000000000000001
    vertex 51.71922107937989 25.46916579030762 0
    vertex 51.961098259130104 24.766593483578994 0
  endloop
endfacet
facet normal 0.904473633009704 0.4265192332005099 0.0029649452399989856
  outer loop
    vertex 51.555991697051034 25.819479745605083 -0.6000000000000001
    vertex 51.53733248332157 25.85487744519697 0
    vertex 51.71922107937989 25.46916579030762 0
  endloop
endfacet
facet normal 0.8484784309959819 0.52920787797909 -0.004834668495948759
  outer loop
    vertex 51.555991697051034 25.819479745605083 -0.6000000000000001
    vertex 51.36981323793254 26.12346087413627 0
    vertex 51.53733248332157 25.85487744519697 0
  endloop
endfacet
facet normal 0.9307180961647464 0.3634309555377615 -0.041009340745487614
  outer loop
    vertex 51.555991697051034 25.819479745605083 -0.6000000000000001
    vertex 51.71922107937989 25.46916579030762 0
    vertex 51.94477856426431 24.82382715368106 -0.6000000000000001
  endloop
endfacet
facet normal 0.9732199261307191 0.22987600001330694 0
  outer loop
    vertex 51.94477856426431 24.82382715368106 -1.7999999999999998
    vertex 52.12927716236988 24.042720330832523 0
    vertex 52.12927716236988 24.042720330832523 -3
  endloop
endfacet
facet normal 0.9732199261307191 0.22987600001330694 0
  outer loop
    vertex 51.94477856426431 24.82382715368106 -1.7999999999999998
    vertex 51.94477856426431 24.82382715368106 -0.6000000000000001
    vertex 52.12927716236988 24.042720330832523 0
  endloop
endfacet
facet normal 0.9315017097324553 0.36373694446057103 0
  outer loop
    vertex 51.94477856426431 24.82382715368106 -1.7999999999999998
    vertex 51.555991697051034 25.819479745605083 -0.6000000000000001
    vertex 51.94477856426431 24.82382715368106 -0.6000000000000001
  endloop
endfacet
facet normal 0.9740448750256757 0.22630180186488874 0.004906720790950575
  outer loop
    vertex 51.94477856426431 24.82382715368106 -2.4
    vertex 52.12927716236988 24.042720330832523 -3
    vertex 51.961098259130104 24.766593483578994 -3
  endloop
endfacet
facet normal 0.9455208141966509 0.3255179655427934 -0.005333294458710481
  outer loop
    vertex 51.94477856426431 24.82382715368106 -2.4
    vertex 51.961098259130104 24.766593483578994 -3
    vertex 51.71922107937989 25.46916579030762 -3
  endloop
endfacet
facet normal 0.973219926130719 0.22987600001330694 0
  outer loop
    vertex 51.94477856426431 24.82382715368106 -2.4
    vertex 51.94477856426431 24.82382715368106 -1.7999999999999998
    vertex 52.12927716236988 24.042720330832523 -3
  endloop
endfacet
facet normal 0.8527668872856535 0.522291715374787 0
  outer loop
    vertex 51.555991697051034 25.819479745605083 -1.7999999999999998
    vertex 51.36981323793254 26.12346087413627 -3
    vertex 51.36981323793254 26.12346087413627 0
  endloop
endfacet
facet normal 0.8527668872856534 0.5222917153747869 0
  outer loop
    vertex 51.555991697051034 25.819479745605083 -1.7999999999999998
    vertex 51.36981323793254 26.12346087413627 0
    vertex 51.555991697051034 25.819479745605083 -0.6000000000000001
  endloop
endfacet
facet normal 0.9315017097324553 0.36373694446057103 0
  outer loop
    vertex 51.555991697051034 25.819479745605083 -1.7999999999999998
    vertex 51.555991697051034 25.819479745605083 -0.6000000000000001
    vertex 51.94477856426431 24.82382715368106 -1.7999999999999998
  endloop
endfacet
facet normal 0.904473633009704 0.4265192332005099 -0.0029649452399989856
  outer loop
    vertex 51.555991697051034 25.819479745605083 -2.4
    vertex 51.71922107937989 25.46916579030762 -3
    vertex 51.53733248332157 25.85487744519697 -3
  endloop
endfacet
facet normal 0.8484784309959819 0.52920787797909 0.004834668495948759
  outer loop
    vertex 51.555991697051034 25.819479745605083 -2.4
    vertex 51.53733248332157 25.85487744519697 -3
    vertex 51.36981323793254 26.12346087413627 -3
  endloop
endfacet
facet normal 0.9315017097324554 0.36373694446057103 0
  outer loop
    vertex 51.555991697051034 25.819479745605083 -2.4
    vertex 51.555991697051034 25.819479745605083 -1.7999999999999998
    vertex 51.94477856426431 24.82382715368106 -1.7999999999999998
  endloop
endfacet
facet normal 0.8527668872856534 0.522291715374787 0
  outer loop
    vertex 51.555991697051034 25.819479745605083 -2.4
    vertex 51.36981323793254 26.12346087413627 -3
    vertex 51.555991697051034 25.819479745605083 -1.7999999999999998
  endloop
endfacet
facet normal 0.9307180961647464 0.3634309555377615 0.041009340745487614
  outer loop
    vertex 51.555991697051034 25.819479745605083 -2.4
    vertex 51.94477856426431 24.82382715368106 -2.4
    vertex 51.71922107937989 25.46916579030762 -3
  endloop
endfacet
facet normal 0.9315017097324554 0.36373694446057103 0
  outer loop
    vertex 51.555991697051034 25.819479745605083 -2.4
    vertex 51.94477856426431 24.82382715368106 -1.7999999999999998
    vertex 51.94477856426431 24.82382715368106 -2.4
  endloop
endfacet
facet normal -0.3758898401074396 0.9266513649669348 -0.004906720790950526
  outer loop
    vertex 53.228461874452066 54.18027179851882 -0.6000000000000001
    vertex 53.28243794036537 54.205343889424526 0
    vertex 53.97109003664353 54.48469094069541 0
  endloop
endfacet
facet normal -0.46942234197413374 0.882957655171377 0.005333294458707463
  outer loop
    vertex 53.228461874452066 54.18027179851882 -0.6000000000000001
    vertex 52.626353391804145 53.85653809617403 0
    vertex 53.28243794036537 54.205343889424526 0
  endloop
endfacet
facet normal -0.5627589225948434 0.8266157536241451 0.00296494524021799
  outer loop
    vertex 52.30588708371255 53.640517162212205 -0.6000000000000001
    vertex 52.273844132657445 53.61655025416599 0
    vertex 52.626353391804145 53.85653809617403 0
  endloop
endfacet
facet normal -0.655423720282493 0.7552459022540854 -0.004834668496272818
  outer loop
    vertex 52.30588708371255 53.640517162212205 -0.6000000000000001
    vertex 52.03477319495555 53.40907774364678 0
    vertex 52.273844132657445 53.61655025416599 0
  endloop
endfacet
facet normal -0.5045529048727845 0.8624062848542191 -0.04100934074546969
  outer loop
    vertex 52.30588708371255 53.640517162212205 -0.6000000000000001
    vertex 52.626353391804145 53.85653809617403 0
    vertex 53.228461874452066 54.18027179851882 -0.6000000000000001
  endloop
endfacet
facet normal -0.379290983506541 0.9252774447865034 0
  outer loop
    vertex 53.228461874452066 54.18027179851882 -1.7999999999999998
    vertex 53.97109003664353 54.48469094069541 0
    vertex 53.97109003664353 54.48469094069541 -3
  endloop
endfacet
facet normal -0.379290983506541 0.9252774447865033 0
  outer loop
    vertex 53.228461874452066 54.18027179851882 -1.7999999999999998
    vertex 53.228461874452066 54.18027179851882 -0.6000000000000001
    vertex 53.97109003664353 54.48469094069541 0
  endloop
endfacet
facet normal -0.3758898401074396 0.9266513649669348 0.004906720790950526
  outer loop
    vertex 53.228461874452066 54.18027179851882 -2.4
    vertex 53.97109003664353 54.48469094069541 -3
    vertex 53.28243794036537 54.205343889424526 -3
  endloop
endfacet
facet normal -0.46942234197413374 0.882957655171377 -0.005333294458707463
  outer loop
    vertex 53.228461874452066 54.18027179851882 -2.4
    vertex 53.28243794036537 54.205343889424526 -3
    vertex 52.626353391804145 53.85653809617403 -3
  endloop
endfacet
facet normal -0.37929098350654095 0.9252774447865033 0
  outer loop
    vertex 53.228461874452066 54.18027179851882 -2.4
    vertex 53.228461874452066 54.18027179851882 -1.7999999999999998
    vertex 53.97109003664353 54.48469094069541 -3
  endloop
endfacet
facet normal -0.6492635694816755 0.76056348672804 0
  outer loop
    vertex 52.30588708371255 53.640517162212205 -1.7999999999999998
    vertex 52.03477319495555 53.40907774364678 -3
    vertex 52.03477319495555 53.40907774364678 0
  endloop
endfacet
facet normal -0.6492635694816756 0.7605634867280401 0
  outer loop
    vertex 52.30588708371255 53.640517162212205 -1.7999999999999998
    vertex 52.03477319495555 53.40907774364678 0
    vertex 52.30588708371255 53.640517162212205 -0.6000000000000001
  endloop
endfacet
facet normal -0.5049777107334573 0.8631323836251289 0
  outer loop
    vertex 52.30588708371255 53.640517162212205 -1.7999999999999998
    vertex 53.228461874452066 54.18027179851882 -0.6000000000000001
    vertex 53.228461874452066 54.18027179851882 -1.7999999999999998
  endloop
endfacet
facet normal -0.5049777107334573 0.8631323836251289 0
  outer loop
    vertex 52.30588708371255 53.640517162212205 -1.7999999999999998
    vertex 52.30588708371255 53.640517162212205 -0.6000000000000001
    vertex 53.228461874452066 54.18027179851882 -0.6000000000000001
  endloop
endfacet
facet normal -0.5627589225948434 0.8266157536241451 -0.00296494524021799
  outer loop
    vertex 52.30588708371255 53.640517162212205 -2.4
    vertex 52.626353391804145 53.85653809617403 -3
    vertex 52.273844132657445 53.61655025416599 -3
  endloop
endfacet
facet normal -0.655423720282493 0.7552459022540854 0.004834668496272818
  outer loop
    vertex 52.30588708371255 53.640517162212205 -2.4
    vertex 52.273844132657445 53.61655025416599 -3
    vertex 52.03477319495555 53.40907774364678 -3
  endloop
endfacet
facet normal -0.5049777107334573 0.863132383625129 0
  outer loop
    vertex 52.30588708371255 53.640517162212205 -2.4
    vertex 52.30588708371255 53.640517162212205 -1.7999999999999998
    vertex 53.228461874452066 54.18027179851882 -1.7999999999999998
  endloop
endfacet
facet normal -0.6492635694816756 0.76056348672804 0
  outer loop
    vertex 52.30588708371255 53.640517162212205 -2.4
    vertex 52.03477319495555 53.40907774364678 -3
    vertex 52.30588708371255 53.640517162212205 -1.7999999999999998
  endloop
endfacet
facet normal -0.5045529048727845 0.8624062848542191 0.04100934074546969
  outer loop
    vertex 52.30588708371255 53.640517162212205 -2.4
    vertex 53.228461874452066 54.18027179851882 -2.4
    vertex 52.626353391804145 53.85653809617403 -3
  endloop
endfacet
facet normal -0.5049777107334573 0.863132383625129 0
  outer loop
    vertex 52.30588708371255 53.640517162212205 -2.4
    vertex 53.228461874452066 54.18027179851882 -1.7999999999999998
    vertex 53.228461874452066 54.18027179851882 -2.4
  endloop
endfacet
facet normal 0.5877852522924795 -0.809016994374943 0
  outer loop
    vertex 52.12927716236988 24.042720330832523 -3
    vertex 51.541654655049214 23.61578758885091 0
    vertex 51.541654655049214 23.61578758885091 -3
  endloop
endfacet
facet normal 0.5877852522924795 -0.809016994374943 0
  outer loop
    vertex 52.12927716236988 24.042720330832523 -3
    vertex 52.12927716236988 24.042720330832523 0
    vertex 51.541654655049214 23.61578758885091 0
  endloop
endfacet
facet normal -0.7443576818175046 0.6677811329464696 0
  outer loop
    vertex 52.00680921068414 53.37790704193078 -3
    vertex 52.03477319495555 53.40907774364678 0
    vertex 52.03477319495555 53.40907774364678 -3
  endloop
endfacet
facet normal -0.7443576818175046 0.6677811329464696 0
  outer loop
    vertex 52.00680921068414 53.37790704193078 -3
    vertex 52.00680921068414 53.37790704193078 0
    vertex 52.03477319495555 53.40907774364678 0
  endloop
endfacet
facet normal -0.7516757612430646 -0.6594871774922794 0.007759683171773663
  outer loop
    vertex 50.02901098715268 24.71006332042011 -0.6000000000000001
    vertex 50.079546400907496 24.659523390549815 0
    vertex 49.79744006188649 24.981064891843964 0
  endloop
endfacet
facet normal -0.657219767433211 -0.753655168320048 -0.008128010797002011
  outer loop
    vertex 50.02901098715268 24.71006332042011 -0.6000000000000001
    vertex 50.50964886668512 24.284455515461907 0
    vertex 50.079546400907496 24.659523390549815 0
  endloop
endfacet
facet normal -0.576914441205231 -0.8167437489732852 0.009968753278098437
  outer loop
    vertex 50.85579112350949 24.032631465508956 -0.6000000000000001
    vertex 51.01238474043872 23.9293434181303 0
    vertex 50.50964886668512 24.284455515461907 0
  endloop
endfacet
facet normal -0.5096414515202922 -0.8602547372441492 -0.015079056379268842
  outer loop
    vertex 50.85579112350949 24.032631465508956 -0.6000000000000001
    vertex 51.541654655049214 23.61578758885091 0
    vertex 51.01238474043872 23.9293434181303 0
  endloop
endfacet
facet normal -0.6332526083160268 -0.7728610251439895 -0.040950822633134175
  outer loop
    vertex 50.85579112350949 24.032631465508956 -0.6000000000000001
    vertex 50.50964886668512 24.284455515461907 0
    vertex 50.02901098715268 24.71006332042011 -0.6000000000000001
  endloop
endfacet
facet normal -0.7602483997256553 -0.6496324889617054 0
  outer loop
    vertex 50.02901098715268 24.71006332042011 -1.7999999999999998
    vertex 49.79744006188649 24.981064891843964 0
    vertex 49.79744006188649 24.981064891843964 -3
  endloop
endfacet
facet normal -0.7602483997256553 -0.6496324889617054 0
  outer loop
    vertex 50.02901098715268 24.71006332042011 -1.7999999999999998
    vertex 50.02901098715268 24.71006332042011 -0.6000000000000001
    vertex 49.79744006188649 24.981064891843964 0
  endloop
endfacet
facet normal -0.7516757612430646 -0.6594871774922794 -0.007759683171773663
  outer loop
    vertex 50.02901098715268 24.71006332042011 -2.4
    vertex 49.79744006188649 24.981064891843964 -3
    vertex 50.079546400907496 24.659523390549815 -3
  endloop
endfacet
facet normal -0.657219767433211 -0.753655168320048 0.008128010797002011
  outer loop
    vertex 50.02901098715268 24.71006332042011 -2.4
    vertex 50.079546400907496 24.659523390549815 -3
    vertex 50.50964886668512 24.284455515461907 -3
  endloop
endfacet
facet normal -0.7602483997256553 -0.6496324889617054 0
  outer loop
    vertex 50.02901098715268 24.71006332042011 -2.4
    vertex 50.02901098715268 24.71006332042011 -1.7999999999999998
    vertex 49.79744006188649 24.981064891843964 -3
  endloop
endfacet
facet normal -0.5193665641912499 -0.8545515619318569 0
  outer loop
    vertex 50.85579112350949 24.032631465508956 -1.7999999999999998
    vertex 51.541654655049214 23.61578758885091 -3
    vertex 51.541654655049214 23.61578758885091 0
  endloop
endfacet
facet normal -0.51936656419125 -0.8545515619318569 0
  outer loop
    vertex 50.85579112350949 24.032631465508956 -1.7999999999999998
    vertex 51.541654655049214 23.61578758885091 0
    vertex 50.85579112350949 24.032631465508956 -0.6000000000000001
  endloop
endfacet
facet normal -0.6337842498431611 -0.7735098736607966 0
  outer loop
    vertex 50.85579112350949 24.032631465508956 -1.7999999999999998
    vertex 50.02901098715268 24.71006332042011 -0.6000000000000001
    vertex 50.02901098715268 24.71006332042011 -1.7999999999999998
  endloop
endfacet
facet normal -0.6337842498431611 -0.7735098736607966 0
  outer loop
    vertex 50.85579112350949 24.032631465508956 -1.7999999999999998
    vertex 50.85579112350949 24.032631465508956 -0.6000000000000001
    vertex 50.02901098715268 24.71006332042011 -0.6000000000000001
  endloop
endfacet
facet normal -0.576914441205231 -0.8167437489732852 -0.009968753278098437
  outer loop
    vertex 50.85579112350949 24.032631465508956 -2.4
    vertex 50.50964886668512 24.284455515461907 -3
    vertex 51.01238474043872 23.9293434181303 -3
  endloop
endfacet
facet normal -0.5096414515202922 -0.8602547372441492 0.015079056379268842
  outer loop
    vertex 50.85579112350949 24.032631465508956 -2.4
    vertex 51.01238474043872 23.9293434181303 -3
    vertex 51.541654655049214 23.61578758885091 -3
  endloop
endfacet
facet normal -0.5193665641912499 -0.8545515619318568 0
  outer loop
    vertex 50.85579112350949 24.032631465508956 -2.4
    vertex 51.541654655049214 23.61578758885091 -3
    vertex 50.85579112350949 24.032631465508956 -1.7999999999999998
  endloop
endfacet
facet normal -0.6337842498431611 -0.7735098736607966 0
  outer loop
    vertex 50.85579112350949 24.032631465508956 -2.4
    vertex 50.85579112350949 24.032631465508956 -1.7999999999999998
    vertex 50.02901098715268 24.71006332042011 -1.7999999999999998
  endloop
endfacet
facet normal -0.6337842498431611 -0.7735098736607966 0
  outer loop
    vertex 50.85579112350949 24.032631465508956 -2.4
    vertex 50.02901098715268 24.71006332042011 -1.7999999999999998
    vertex 50.02901098715268 24.71006332042011 -2.4
  endloop
endfacet
facet normal -0.6332526083160268 -0.7728610251439895 0.040950822633134175
  outer loop
    vertex 50.85579112350949 24.032631465508956 -2.4
    vertex 50.02901098715268 24.71006332042011 -2.4
    vertex 50.50964886668512 24.284455515461907 -3
  endloop
endfacet
facet normal 0.649448048330185 0.7604059656000298 0
  outer loop
    vertex 51.34340083019936 53.944511326277436 -3
    vertex 52.00680921068414 53.37790704193078 0
    vertex 52.00680921068414 53.37790704193078 -3
  endloop
endfacet
facet normal 0.649448048330185 0.7604059656000298 0
  outer loop
    vertex 51.34340083019936 53.944511326277436 -3
    vertex 51.34340083019936 53.944511326277436 0
    vertex 52.00680921068414 53.37790704193078 0
  endloop
endfacet
facet normal -0.8396573878599645 -0.5431164433270099 0
  outer loop
    vertex 49.79744006188649 24.981064891843964 -3
    vertex 49.7746965327129 25.016226361416916 0
    vertex 49.7746965327129 25.016226361416916 -3
  endloop
endfacet
facet normal -0.8396573878599645 -0.5431164433270099 0
  outer loop
    vertex 49.79744006188649 24.981064891843964 -3
    vertex 49.79744006188649 24.981064891843964 0
    vertex 49.7746965327129 25.016226361416916 0
  endloop
endfacet
facet normal 0.7760028348342785 -0.630729419267219 0
  outer loop
    vertex 51.36981323793253 53.97700719954676 -3
    vertex 51.34340083019936 53.944511326277436 0
    vertex 51.34340083019936 53.944511326277436 -3
  endloop
endfacet
facet normal 0.7760028348342785 -0.630729419267219 0
  outer loop
    vertex 51.36981323793253 53.97700719954676 -3
    vertex 51.36981323793253 53.97700719954676 0
    vertex 51.34340083019936 53.944511326277436 0
  endloop
endfacet
facet normal 0.5224985647159427 -0.8526401643540961 0
  outer loop
    vertex 49.7746965327129 25.016226361416916 -3
    vertex 49.03081937214371 24.560377851140828 0
    vertex 49.03081937214371 24.560377851140828 -3
  endloop
endfacet
facet normal 0.5224985647159427 -0.8526401643540961 0
  outer loop
    vertex 49.7746965327129 25.016226361416916 -3
    vertex 49.7746965327129 25.016226361416916 0
    vertex 49.03081937214371 24.560377851140828 0
  endloop
endfacet
facet normal 0.8594901620509997 -0.511093385453793 0.00775968317181487
  outer loop
    vertex 51.55599169705103 54.28098832807795 -0.6000000000000001
    vertex 51.5884417250194 54.34466805985787 0
    vertex 51.36981323793253 53.97700719954676 0
  endloop
endfacet
facet normal 0.9198607360463608 -0.39216088754582723 -0.008128010797036152
  outer loop
    vertex 51.55599169705103 54.28098832807795 -0.6000000000000001
    vertex 51.81224350042698 54.86962216005696 0
    vertex 51.5884417250194 54.34466805985787 0
  endloop
endfacet
facet normal 0.9550458312371348 -0.2962905401707094 0.009968753278099662
  outer loop
    vertex 51.944778564264304 55.27664092000199 -0.6000000000000001
    vertex 51.9946212459375 55.45748806174892 0
    vertex 51.81224350042698 54.86962216005696 0
  endloop
endfacet
facet normal 0.9756387430875165 -0.2188644901424634 -0.01507905637931026
  outer loop
    vertex 51.944778564264304 55.27664092000199 -0.6000000000000001
    vertex 52.129277162369874 56.05774774285051 0
    vertex 51.9946212459375 55.45748806174892 0
  endloop
endfacet
facet normal 0.9307203318556607 -0.3634318285403227 -0.040950822633083285
  outer loop
    vertex 51.944778564264304 55.27664092000199 -0.6000000000000001
    vertex 51.81224350042698 54.86962216005696 0
    vertex 51.55599169705103 54.28098832807795 -0.6000000000000001
  endloop
endfacet
facet normal 0.8527668872856562 -0.5222917153747826 0
  outer loop
    vertex 51.55599169705103 54.28098832807795 -1.7999999999999998
    vertex 51.36981323793253 53.97700719954676 0
    vertex 51.36981323793253 53.97700719954676 -3
  endloop
endfacet
facet normal 0.8527668872856563 -0.5222917153747827 0
  outer loop
    vertex 51.55599169705103 54.28098832807795 -1.7999999999999998
    vertex 51.55599169705103 54.28098832807795 -0.6000000000000001
    vertex 51.36981323793253 53.97700719954676 0
  endloop
endfacet
facet normal 0.8594901620509997 -0.511093385453793 -0.00775968317181487
  outer loop
    vertex 51.55599169705103 54.28098832807795 -2.4
    vertex 51.36981323793253 53.97700719954676 -3
    vertex 51.5884417250194 54.34466805985787 -3
  endloop
endfacet
facet normal 0.9198607360463608 -0.39216088754582723 0.008128010797036152
  outer loop
    vertex 51.55599169705103 54.28098832807795 -2.4
    vertex 51.5884417250194 54.34466805985787 -3
    vertex 51.81224350042698 54.86962216005696 -3
  endloop
endfacet
facet normal 0.8527668872856562 -0.5222917153747826 0
  outer loop
    vertex 51.55599169705103 54.28098832807795 -2.4
    vertex 51.55599169705103 54.28098832807795 -1.7999999999999998
    vertex 51.36981323793253 53.97700719954676 -3
  endloop
endfacet
facet normal 0.973219926130718 -0.22987600001331088 0
  outer loop
    vertex 51.944778564264304 55.27664092000199 -1.7999999999999998
    vertex 52.129277162369874 56.05774774285051 -3
    vertex 52.129277162369874 56.05774774285051 0
  endloop
endfacet
facet normal 0.9732199261307182 -0.22987600001331093 0
  outer loop
    vertex 51.944778564264304 55.27664092000199 -1.7999999999999998
    vertex 52.129277162369874 56.05774774285051 0
    vertex 51.944778564264304 55.27664092000199 -0.6000000000000001
  endloop
endfacet
facet normal 0.9315017097324566 -0.3637369444605677 0
  outer loop
    vertex 51.944778564264304 55.27664092000199 -1.7999999999999998
    vertex 51.55599169705103 54.28098832807795 -0.6000000000000001
    vertex 51.55599169705103 54.28098832807795 -1.7999999999999998
  endloop
endfacet
facet normal 0.9315017097324566 -0.3637369444605677 0
  outer loop
    vertex 51.944778564264304 55.27664092000199 -1.7999999999999998
    vertex 51.944778564264304 55.27664092000199 -0.6000000000000001
    vertex 51.55599169705103 54.28098832807795 -0.6000000000000001
  endloop
endfacet
facet normal 0.9550458312371348 -0.2962905401707094 -0.009968753278099662
  outer loop
    vertex 51.944778564264304 55.27664092000199 -2.4
    vertex 51.81224350042698 54.86962216005696 -3
    vertex 51.9946212459375 55.45748806174892 -3
  endloop
endfacet
facet normal 0.9756387430875165 -0.2188644901424634 0.01507905637931026
  outer loop
    vertex 51.944778564264304 55.27664092000199 -2.4
    vertex 51.9946212459375 55.45748806174892 -3
    vertex 52.129277162369874 56.05774774285051 -3
  endloop
endfacet
facet normal 0.9732199261307181 -0.2298760000133109 0
  outer loop
    vertex 51.944778564264304 55.27664092000199 -2.4
    vertex 52.129277162369874 56.05774774285051 -3
    vertex 51.944778564264304 55.27664092000199 -1.7999999999999998
  endloop
endfacet
facet normal 0.9315017097324566 -0.3637369444605677 0
  outer loop
    vertex 51.944778564264304 55.27664092000199 -2.4
    vertex 51.944778564264304 55.27664092000199 -1.7999999999999998
    vertex 51.55599169705103 54.28098832807795 -1.7999999999999998
  endloop
endfacet
facet normal 0.9315017097324566 -0.3637369444605677 0
  outer loop
    vertex 51.944778564264304 55.27664092000199 -2.4
    vertex 51.55599169705103 54.28098832807795 -1.7999999999999998
    vertex 51.55599169705103 54.28098832807795 -2.4
  endloop
endfacet
facet normal 0.9307203318556607 -0.3634318285403227 0.040950822633083285
  outer loop
    vertex 51.944778564264304 55.27664092000199 -2.4
    vertex 51.55599169705103 54.28098832807795 -2.4
    vertex 51.81224350042698 54.86962216005696 -3
  endloop
endfacet
facet normal 0.8651167715229784 0.5015705051432539 0
  outer loop
    vertex 49.03081937214371 24.560377851140828 -3
    vertex 49.0518231247579 24.524150245121078 0
    vertex 49.0518231247579 24.524150245121078 -3
  endloop
endfacet
facet normal 0.8651167715229784 0.5015705051432539 0
  outer loop
    vertex 49.03081937214371 24.560377851140828 -3
    vertex 49.03081937214371 24.560377851140828 0
    vertex 49.0518231247579 24.524150245121078 0
  endloop
endfacet
facet normal 0.5877852522924557 0.80901699437496 0
  outer loop
    vertex 51.541654655049186 56.48468048483211 -3
    vertex 52.129277162369874 56.05774774285051 0
    vertex 52.129277162369874 56.05774774285051 -3
  endloop
endfacet
facet normal 0.5877852522924557 0.80901699437496 0
  outer loop
    vertex 51.541654655049186 56.48468048483211 -3
    vertex 51.541654655049186 56.48468048483211 0
    vertex 52.129277162369874 56.05774774285051 0
  endloop
endfacet
facet normal 0.9974541675916817 0.07114146220780813 -0.004906720790952141
  outer loop
    vertex 49.41640216801461 23.15057277914179 -0.6000000000000001
    vertex 49.42356762179092 23.091490787756562 0
    vertex 49.476437254248054 22.350220737959663 0
  endloop
endfacet
facet normal 0.9848021127727256 0.17359825646760627 0.005333294458707778
  outer loop
    vertex 49.41640216801461 23.15057277914179 -0.6000000000000001
    vertex 49.29457487445078 23.823251190757123 0
    vertex 49.42356762179092 23.091490787756562 0
  endloop
endfacet
facet normal 0.9600603697744696 0.2797772247489633 0.0029649452400703964
  outer loop
    vertex 49.18815629287511 24.194786901055657 -0.6000000000000001
    vertex 49.175264225228865 24.232667740345114 0
    vertex 49.29457487445078 23.823251190757123 0
  endloop
endfacet
facet normal 0.9208186048278527 0.3899611813801734 -0.0048346684960513635
  outer loop
    vertex 49.18815629287511 24.194786901055657 -0.6000000000000001
    vertex 49.0518231247579 24.524150245121078 0
    vertex 49.175264225228865 24.232667740345114 0
  endloop
endfacet
facet normal 0.9761125390714344 0.21336012991919953 -0.041009340745491216
  outer loop
    vertex 49.18815629287511 24.194786901055657 -0.6000000000000001
    vertex 49.29457487445078 23.823251190757123 0
    vertex 49.41640216801461 23.15057277914179 -0.6000000000000001
  endloop
endfacet
facet normal 0.9971985029618416 0.0748007064850468 0
  outer loop
    vertex 49.41640216801461 23.15057277914179 -1.7999999999999998
    vertex 49.476437254248054 22.350220737959663 0
    vertex 49.476437254248054 22.350220737959663 -3
  endloop
endfacet
facet normal 0.9971985029618414 0.0748007064850468 0
  outer loop
    vertex 49.41640216801461 23.15057277914179 -1.7999999999999998
    vertex 49.41640216801461 23.15057277914179 -0.6000000000000001
    vertex 49.476437254248054 22.350220737959663 0
  endloop
endfacet
facet normal 0.9769343722692407 0.213539767441347 0
  outer loop
    vertex 49.41640216801461 23.15057277914179 -1.7999999999999998
    vertex 49.18815629287511 24.194786901055657 -0.6000000000000001
    vertex 49.41640216801461 23.15057277914179 -0.6000000000000001
  endloop
endfacet
facet normal 0.9974541675916817 0.07114146220780813 0.004906720790952141
  outer loop
    vertex 49.41640216801461 23.15057277914179 -2.4
    vertex 49.476437254248054 22.350220737959663 -3
    vertex 49.42356762179092 23.091490787756562 -3
  endloop
endfacet
facet normal 0.9848021127727256 0.17359825646760627 -0.005333294458707778
  outer loop
    vertex 49.41640216801461 23.15057277914179 -2.4
    vertex 49.42356762179092 23.091490787756562 -3
    vertex 49.29457487445078 23.823251190757123 -3
  endloop
endfacet
facet normal 0.9971985029618415 0.07480070648504682 0
  outer loop
    vertex 49.41640216801461 23.15057277914179 -2.4
    vertex 49.41640216801461 23.15057277914179 -1.7999999999999998
    vertex 49.476437254248054 22.350220737959663 -3
  endloop
endfacet
facet normal 0.9239723369072457 0.38245930584856125 0
  outer loop
    vertex 49.18815629287511 24.194786901055657 -1.7999999999999998
    vertex 49.0518231247579 24.524150245121078 -3
    vertex 49.0518231247579 24.524150245121078 0
  endloop
endfacet
facet normal 0.9769343722692407 0.213539767441347 0
  outer loop
    vertex 49.18815629287511 24.194786901055657 -1.7999999999999998
    vertex 49.18815629287511 24.194786901055657 -0.6000000000000001
    vertex 49.41640216801461 23.15057277914179 -1.7999999999999998
  endloop
endfacet
facet normal 0.9239723369072456 0.38245930584856125 0
  outer loop
    vertex 49.18815629287511 24.194786901055657 -1.7999999999999998
    vertex 49.0518231247579 24.524150245121078 0
    vertex 49.18815629287511 24.194786901055657 -0.6000000000000001
  endloop
endfacet
facet normal 0.9600603697744696 0.2797772247489633 -0.0029649452400703964
  outer loop
    vertex 49.18815629287511 24.194786901055657 -2.4
    vertex 49.29457487445078 23.823251190757123 -3
    vertex 49.175264225228865 24.232667740345114 -3
  endloop
endfacet
facet normal 0.9208186048278527 0.3899611813801734 0.0048346684960513635
  outer loop
    vertex 49.18815629287511 24.194786901055657 -2.4
    vertex 49.175264225228865 24.232667740345114 -3
    vertex 49.0518231247579 24.524150245121078 -3
  endloop
endfacet
facet normal 0.9769343722692407 0.213539767441347 0
  outer loop
    vertex 49.18815629287511 24.194786901055657 -2.4
    vertex 49.18815629287511 24.194786901055657 -1.7999999999999998
    vertex 49.41640216801461 23.15057277914179 -1.7999999999999998
  endloop
endfacet
facet normal 0.9239723369072457 0.3824593058485613 0
  outer loop
    vertex 49.18815629287511 24.194786901055657 -2.4
    vertex 49.0518231247579 24.524150245121078 -3
    vertex 49.18815629287511 24.194786901055657 -1.7999999999999998
  endloop
endfacet
facet normal 0.9761125390714344 0.21336012991919953 0.041009340745491216
  outer loop
    vertex 49.18815629287511 24.194786901055657 -2.4
    vertex 49.41640216801461 23.15057277914179 -2.4
    vertex 49.29457487445078 23.823251190757123 -3
  endloop
endfacet
facet normal 0.9769343722692407 0.213539767441347 0
  outer loop
    vertex 49.18815629287511 24.194786901055657 -2.4
    vertex 49.41640216801461 23.15057277914179 -1.7999999999999998
    vertex 49.41640216801461 23.15057277914179 -2.4
  endloop
endfacet
facet normal -0.516222222979683 0.8564406229231505 -0.004906720790958863
  outer loop
    vertex 50.85579112350948 56.06783660817409 -0.6000000000000001
    vertex 50.90518051535497 56.10104373703213 0
    vertex 51.541654655049186 56.48468048483211 0
  endloop
endfacet
facet normal -0.6017679824226364 0.7986531483073276 0.005333294458701212
  outer loop
    vertex 50.85579112350948 56.06783660817409 -0.6000000000000001
    vertex 50.311738703966505 55.65389808653123 0
    vertex 50.90518051535497 56.10104373703213 0
  endloop
endfacet
facet normal -0.6851416196244877 0.7284038510044126 0.0029649452399126506
  outer loop
    vertex 50.029010987152674 55.390404753262935 -0.6000000000000001
    vertex 50.00111178843887 55.36172029572178 0
    vertex 50.311738703966505 55.65389808653123 0
  endloop
endfacet
facet normal -0.7655008553649213 0.6434167128821799 -0.0048346684957925705
  outer loop
    vertex 50.029010987152674 55.390404753262935 -0.6000000000000001
    vertex 49.797440061886476 55.119403181839076 0
    vertex 50.00111178843887 55.36172029572178 0
  endloop
endfacet
facet normal -0.6332510871747646 0.772859168648209 -0.041009340745468886
  outer loop
    vertex 50.029010987152674 55.390404753262935 -0.6000000000000001
    vertex 50.311738703966505 55.65389808653123 0
    vertex 50.85579112350948 56.06783660817409 -0.6000000000000001
  endloop
endfacet
facet normal -0.5193665641912392 0.8545515619318634 0
  outer loop
    vertex 50.85579112350948 56.06783660817409 -1.7999999999999998
    vertex 51.541654655049186 56.48468048483211 0
    vertex 51.541654655049186 56.48468048483211 -3
  endloop
endfacet
facet normal -0.5193665641912392 0.8545515619318635 0
  outer loop
    vertex 50.85579112350948 56.06783660817409 -1.7999999999999998
    vertex 50.85579112350948 56.06783660817409 -0.6000000000000001
    vertex 51.541654655049186 56.48468048483211 0
  endloop
endfacet
facet normal -0.516222222979683 0.8564406229231505 0.004906720790958863
  outer loop
    vertex 50.85579112350948 56.06783660817409 -2.4
    vertex 51.541654655049186 56.48468048483211 -3
    vertex 50.90518051535497 56.10104373703213 -3
  endloop
endfacet
facet normal -0.6017679824226364 0.7986531483073276 -0.005333294458701212
  outer loop
    vertex 50.85579112350948 56.06783660817409 -2.4
    vertex 50.90518051535497 56.10104373703213 -3
    vertex 50.311738703966505 55.65389808653123 -3
  endloop
endfacet
facet normal -0.5193665641912392 0.8545515619318633 0
  outer loop
    vertex 50.85579112350948 56.06783660817409 -2.4
    vertex 50.85579112350948 56.06783660817409 -1.7999999999999998
    vertex 51.541654655049186 56.48468048483211 -3
  endloop
endfacet
facet normal -0.7602483997256537 0.649632488961707 0
  outer loop
    vertex 50.029010987152674 55.390404753262935 -1.7999999999999998
    vertex 49.797440061886476 55.119403181839076 -3
    vertex 49.797440061886476 55.119403181839076 0
  endloop
endfacet
facet normal -0.7602483997256537 0.6496324889617071 0
  outer loop
    vertex 50.029010987152674 55.390404753262935 -1.7999999999999998
    vertex 49.797440061886476 55.119403181839076 0
    vertex 50.029010987152674 55.390404753262935 -0.6000000000000001
  endloop
endfacet
facet normal -0.6337842498431611 0.7735098736607966 0
  outer loop
    vertex 50.029010987152674 55.390404753262935 -1.7999999999999998
    vertex 50.85579112350948 56.06783660817409 -0.6000000000000001
    vertex 50.85579112350948 56.06783660817409 -1.7999999999999998
  endloop
endfacet
facet normal -0.6337842498431611 0.7735098736607966 0
  outer loop
    vertex 50.029010987152674 55.390404753262935 -1.7999999999999998
    vertex 50.029010987152674 55.390404753262935 -0.6000000000000001
    vertex 50.85579112350948 56.06783660817409 -0.6000000000000001
  endloop
endfacet
facet normal -0.6851416196244877 0.7284038510044126 -0.0029649452399126506
  outer loop
    vertex 50.029010987152674 55.390404753262935 -2.4
    vertex 50.311738703966505 55.65389808653123 -3
    vertex 50.00111178843887 55.36172029572178 -3
  endloop
endfacet
facet normal -0.7655008553649213 0.6434167128821799 0.0048346684957925705
  outer loop
    vertex 50.029010987152674 55.390404753262935 -2.4
    vertex 50.00111178843887 55.36172029572178 -3
    vertex 49.797440061886476 55.119403181839076 -3
  endloop
endfacet
facet normal -0.6337842498431611 0.7735098736607966 0
  outer loop
    vertex 50.029010987152674 55.390404753262935 -2.4
    vertex 50.029010987152674 55.390404753262935 -1.7999999999999998
    vertex 50.85579112350948 56.06783660817409 -1.7999999999999998
  endloop
endfacet
facet normal -0.7602483997256537 0.6496324889617071 0
  outer loop
    vertex 50.029010987152674 55.390404753262935 -2.4
    vertex 49.797440061886476 55.119403181839076 -3
    vertex 50.029010987152674 55.390404753262935 -1.7999999999999998
  endloop
endfacet
facet normal -0.6332510871747646 0.772859168648209 0.041009340745468886
  outer loop
    vertex 50.029010987152674 55.390404753262935 -2.4
    vertex 50.85579112350948 56.06783660817409 -2.4
    vertex 50.311738703966505 55.65389808653123 -3
  endloop
endfacet
facet normal -0.6337842498431611 0.7735098736607966 0
  outer loop
    vertex 50.029010987152674 55.390404753262935 -2.4
    vertex 50.85579112350948 56.06783660817409 -1.7999999999999998
    vertex 50.85579112350948 56.06783660817409 -2.4
  endloop
endfacet
facet normal 0.45399049973955047 -0.8910065241883659 0
  outer loop
    vertex 49.476437254248054 22.350220737959663 -3
    vertex 48.82926235999609 22.02046865906442 0
    vertex 48.82926235999609 22.02046865906442 -3
  endloop
endfacet
facet normal 0.45399049973955047 -0.8910065241883659 0
  outer loop
    vertex 49.476437254248054 22.350220737959663 -3
    vertex 49.476437254248054 22.350220737959663 0
    vertex 48.82926235999609 22.02046865906442 0
  endloop
endfacet
facet normal -0.8396573878600669 0.5431164433268517 0
  outer loop
    vertex 49.774696532712895 55.08424171226612 -3
    vertex 49.797440061886476 55.119403181839076 0
    vertex 49.797440061886476 55.119403181839076 -3
  endloop
endfacet
facet normal -0.8396573878600669 0.5431164433268517 0
  outer loop
    vertex 49.774696532712895 55.08424171226612 -3
    vertex 49.774696532712895 55.08424171226612 0
    vertex 49.797440061886476 55.119403181839076 0
  endloop
endfacet
facet normal -0.8455879090996616 -0.5337798003873285 0.0077596831717516735
  outer loop
    vertex 47.50642428441416 23.337901643515426 -0.6000000000000001
    vertex 47.54843133647438 23.280078463631895 0
    vertex 47.32009836735867 23.641792409706607 0
  endloop
endfacet
facet normal -0.7670259445834299 -0.6415645998466417 -0.008128010796969612
  outer loop
    vertex 47.50642428441416 23.337901643515426 -0.6000000000000001
    vertex 47.914564984790786 22.842345447329564 0
    vertex 47.54843133647438 23.280078463631895 0
  endloop
endfacet
facet normal -0.6975785385449977 -0.7164389761309092 0.009968753278095304
  outer loop
    vertex 48.217051695505205 22.53947319053507 -0.6000000000000001
    vertex 48.3555595747209 22.412960151723468 0
    vertex 47.914564984790786 22.842345447329564 0
  endloop
endfacet
facet normal -0.6379404091697011 -0.7699380860868656 -0.015079056379250711
  outer loop
    vertex 48.217051695505205 22.53947319053507 -0.6000000000000001
    vertex 48.82926235999609 22.02046865906442 0
    vertex 48.3555595747209 22.412960151723468 0
  endloop
endfacet
facet normal -0.7463583189040425 -0.6642832904178753 -0.04095082263315501
  outer loop
    vertex 48.217051695505205 22.53947319053507 -0.6000000000000001
    vertex 47.914564984790786 22.842345447329564 0
    vertex 47.50642428441416 23.337901643515426 -0.6000000000000001
  endloop
endfacet
facet normal -0.8525133912486155 -0.5227053833105079 0
  outer loop
    vertex 47.50642428441416 23.337901643515426 -1.7999999999999998
    vertex 47.32009836735867 23.641792409706607 0
    vertex 47.32009836735867 23.641792409706607 -3
  endloop
endfacet
facet normal -0.8525133912486155 -0.5227053833105079 0
  outer loop
    vertex 47.50642428441416 23.337901643515426 -1.7999999999999998
    vertex 47.50642428441416 23.337901643515426 -0.6000000000000001
    vertex 47.32009836735867 23.641792409706607 0
  endloop
endfacet
facet normal -0.8455879090996616 -0.5337798003873285 -0.0077596831717516735
  outer loop
    vertex 47.50642428441416 23.337901643515426 -2.4
    vertex 47.32009836735867 23.641792409706607 -3
    vertex 47.54843133647438 23.280078463631895 -3
  endloop
endfacet
facet normal -0.7670259445834299 -0.6415645998466417 0.008128010796969612
  outer loop
    vertex 47.50642428441416 23.337901643515426 -2.4
    vertex 47.54843133647438 23.280078463631895 -3
    vertex 47.914564984790786 22.842345447329564 -3
  endloop
endfacet
facet normal -0.8525133912486156 -0.5227053833105079 0
  outer loop
    vertex 47.50642428441416 23.337901643515426 -2.4
    vertex 47.50642428441416 23.337901643515426 -1.7999999999999998
    vertex 47.32009836735867 23.641792409706607 -3
  endloop
endfacet
facet normal -0.6466536163867606 -0.7627837835284155 0
  outer loop
    vertex 48.217051695505205 22.53947319053507 -1.7999999999999998
    vertex 48.82926235999609 22.02046865906442 -3
    vertex 48.82926235999609 22.02046865906442 0
  endloop
endfacet
facet normal -0.6466536163867604 -0.7627837835284154 0
  outer loop
    vertex 48.217051695505205 22.53947319053507 -1.7999999999999998
    vertex 48.82926235999609 22.02046865906442 0
    vertex 48.217051695505205 22.53947319053507 -0.6000000000000001
  endloop
endfacet
facet normal -0.7469849173123888 -0.6648409834748484 0
  outer loop
    vertex 48.217051695505205 22.53947319053507 -1.7999999999999998
    vertex 47.50642428441416 23.337901643515426 -0.6000000000000001
    vertex 47.50642428441416 23.337901643515426 -1.7999999999999998
  endloop
endfacet
facet normal -0.7469849173123888 -0.6648409834748484 0
  outer loop
    vertex 48.217051695505205 22.53947319053507 -1.7999999999999998
    vertex 48.217051695505205 22.53947319053507 -0.6000000000000001
    vertex 47.50642428441416 23.337901643515426 -0.6000000000000001
  endloop
endfacet
facet normal -0.6975785385449977 -0.7164389761309092 -0.009968753278095304
  outer loop
    vertex 48.217051695505205 22.53947319053507 -2.4
    vertex 47.914564984790786 22.842345447329564 -3
    vertex 48.3555595747209 22.412960151723468 -3
  endloop
endfacet
facet normal -0.6379404091697011 -0.7699380860868656 0.015079056379250711
  outer loop
    vertex 48.217051695505205 22.53947319053507 -2.4
    vertex 48.3555595747209 22.412960151723468 -3
    vertex 48.82926235999609 22.02046865906442 -3
  endloop
endfacet
facet normal -0.6466536163867604 -0.7627837835284154 0
  outer loop
    vertex 48.217051695505205 22.53947319053507 -2.4
    vertex 48.82926235999609 22.02046865906442 -3
    vertex 48.217051695505205 22.53947319053507 -1.7999999999999998
  endloop
endfacet
facet normal -0.7469849173123888 -0.6648409834748484 0
  outer loop
    vertex 48.217051695505205 22.53947319053507 -2.4
    vertex 48.217051695505205 22.53947319053507 -1.7999999999999998
    vertex 47.50642428441416 23.337901643515426 -1.7999999999999998
  endloop
endfacet
facet normal -0.7469849173123888 -0.6648409834748484 0
  outer loop
    vertex 48.217051695505205 22.53947319053507 -2.4
    vertex 47.50642428441416 23.337901643515426 -1.7999999999999998
    vertex 47.50642428441416 23.337901643515426 -2.4
  endloop
endfacet
facet normal -0.7463583189040425 -0.6642832904178753 0.04095082263315501
  outer loop
    vertex 48.217051695505205 22.53947319053507 -2.4
    vertex 47.50642428441416 23.337901643515426 -2.4
    vertex 47.914564984790786 22.842345447329564 -3
  endloop
endfacet
facet normal 0.5224985647159479 0.8526401643540927 0
  outer loop
    vertex 49.0308193721437 55.54009022254222 -3
    vertex 49.774696532712895 55.08424171226612 0
    vertex 49.774696532712895 55.08424171226612 -3
  endloop
endfacet
facet normal 0.5224985647159479 0.8526401643540927 0
  outer loop
    vertex 49.0308193721437 55.54009022254222 -3
    vertex 49.0308193721437 55.54009022254222 0
    vertex 49.774696532712895 55.08424171226612 0
  endloop
endfacet
facet normal -0.9142819423502869 -0.40507842437259844 0
  outer loop
    vertex 47.32009836735867 23.641792409706607 -3
    vertex 47.303135314452604 23.6800788550614 0
    vertex 47.303135314452604 23.6800788550614 -3
  endloop
endfacet
facet normal -0.9142819423502869 -0.40507842437259844 0
  outer loop
    vertex 47.32009836735867 23.641792409706607 -3
    vertex 47.32009836735867 23.641792409706607 0
    vertex 47.303135314452604 23.6800788550614 0
  endloop
endfacet
facet normal 0.8651167715228195 -0.5015705051435281 0
  outer loop
    vertex 49.051823124757895 55.576317828561955 -3
    vertex 49.0308193721437 55.54009022254222 0
    vertex 49.0308193721437 55.54009022254222 -3
  endloop
endfacet
facet normal 0.8651167715228195 -0.5015705051435281 0
  outer loop
    vertex 49.051823124757895 55.576317828561955 -3
    vertex 49.051823124757895 55.576317828561955 0
    vertex 49.0308193721437 55.54009022254222 0
  endloop
endfacet
facet normal 0.38268343236508057 -0.9238795325112906 0
  outer loop
    vertex 47.303135314452604 23.6800788550614 -3
    vertex 46.49710609827897 23.346210622053334 0
    vertex 46.49710609827897 23.346210622053334 -3
  endloop
endfacet
facet normal 0.38268343236508057 -0.9238795325112906 0
  outer loop
    vertex 47.303135314452604 23.6800788550614 -3
    vertex 47.303135314452604 23.6800788550614 0
    vertex 46.49710609827897 23.346210622053334 0
  endloop
endfacet
facet normal 0.9288610322530294 -0.3703470940603023 0.007759683171769055
  outer loop
    vertex 49.18815629287511 55.90568117262739 -0.6000000000000001
    vertex 49.21024510237645 55.97365320400404 0
    vertex 49.051823124757895 55.576317828561955 0
  endloop
endfacet
facet normal 0.9698832026171589 -0.24343481411163667 -0.008128010796993355
  outer loop
    vertex 49.18815629287511 55.90568117262739 -0.6000000000000001
    vertex 49.34917059271562 56.52715455912873 0
    vertex 49.21024510237645 55.97365320400404 0
  endloop
endfacet
facet normal 0.9896376843949807 -0.14324062825686318 0.009968753278101816
  outer loop
    vertex 49.41640216801461 56.94989529454126 -0.6000000000000001
    vertex 49.437340477693944 57.13631302111793 0
    vertex 49.34917059271562 56.52715455912873 0
  endloop
endfacet
facet normal 0.9978649606121733 -0.06354638023661612 -0.015079056379272876
  outer loop
    vertex 49.41640216801461 56.94989529454126 -0.6000000000000001
    vertex 49.47643725424805 57.750247335723365 0
    vertex 49.437340477693944 57.13631302111793 0
  endloop
endfacet
facet normal 0.9761148838049704 -0.21336064243454161 -0.0409508226331131
  outer loop
    vertex 49.41640216801461 56.94989529454126 -0.6000000000000001
    vertex 49.34917059271562 56.52715455912873 0
    vertex 49.18815629287511 55.90568117262739 -0.6000000000000001
  endloop
endfacet
facet normal 0.9239723369072445 -0.3824593058485642 0
  outer loop
    vertex 49.18815629287511 55.90568117262739 -1.7999999999999998
    vertex 49.051823124757895 55.576317828561955 0
    vertex 49.051823124757895 55.576317828561955 -3
  endloop
endfacet
facet normal 0.9239723369072445 -0.38245930584856425 0
  outer loop
    vertex 49.18815629287511 55.90568117262739 -1.7999999999999998
    vertex 49.18815629287511 55.90568117262739 -0.6000000000000001
    vertex 49.051823124757895 55.576317828561955 0
  endloop
endfacet
facet normal 0.9288610322530294 -0.3703470940603023 -0.007759683171769055
  outer loop
    vertex 49.18815629287511 55.90568117262739 -2.4
    vertex 49.051823124757895 55.576317828561955 -3
    vertex 49.21024510237645 55.97365320400404 -3
  endloop
endfacet
facet normal 0.9698832026171589 -0.24343481411163667 0.008128010796993355
  outer loop
    vertex 49.18815629287511 55.90568117262739 -2.4
    vertex 49.21024510237645 55.97365320400404 -3
    vertex 49.34917059271562 56.52715455912873 -3
  endloop
endfacet
facet normal 0.9239723369072446 -0.3824593058485642 0
  outer loop
    vertex 49.18815629287511 55.90568117262739 -2.4
    vertex 49.18815629287511 55.90568117262739 -1.7999999999999998
    vertex 49.051823124757895 55.576317828561955 -3
  endloop
endfacet
facet normal 0.997198502961842 -0.07480070648503964 0
  outer loop
    vertex 49.41640216801461 56.94989529454126 -1.7999999999999998
    vertex 49.47643725424805 57.750247335723365 -3
    vertex 49.47643725424805 57.750247335723365 0
  endloop
endfacet
facet normal 0.997198502961842 -0.07480070648503963 0
  outer loop
    vertex 49.41640216801461 56.94989529454126 -1.7999999999999998
    vertex 49.47643725424805 57.750247335723365 0
    vertex 49.41640216801461 56.94989529454126 -0.6000000000000001
  endloop
endfacet
facet normal 0.9769343722692407 -0.213539767441347 0
  outer loop
    vertex 49.41640216801461 56.94989529454126 -1.7999999999999998
    vertex 49.18815629287511 55.90568117262739 -0.6000000000000001
    vertex 49.18815629287511 55.90568117262739 -1.7999999999999998
  endloop
endfacet
facet normal 0.9769343722692407 -0.213539767441347 0
  outer loop
    vertex 49.41640216801461 56.94989529454126 -1.7999999999999998
    vertex 49.41640216801461 56.94989529454126 -0.6000000000000001
    vertex 49.18815629287511 55.90568117262739 -0.6000000000000001
  endloop
endfacet
facet normal 0.9896376843949807 -0.14324062825686318 -0.009968753278101816
  outer loop
    vertex 49.41640216801461 56.94989529454126 -2.4
    vertex 49.34917059271562 56.52715455912873 -3
    vertex 49.437340477693944 57.13631302111793 -3
  endloop
endfacet
facet normal 0.9978649606121733 -0.06354638023661612 0.015079056379272876
  outer loop
    vertex 49.41640216801461 56.94989529454126 -2.4
    vertex 49.437340477693944 57.13631302111793 -3
    vertex 49.47643725424805 57.750247335723365 -3
  endloop
endfacet
facet normal 0.9971985029618421 -0.07480070648503964 0
  outer loop
    vertex 49.41640216801461 56.94989529454126 -2.4
    vertex 49.47643725424805 57.750247335723365 -3
    vertex 49.41640216801461 56.94989529454126 -1.7999999999999998
  endloop
endfacet
facet normal 0.9769343722692407 -0.213539767441347 0
  outer loop
    vertex 49.41640216801461 56.94989529454126 -2.4
    vertex 49.41640216801461 56.94989529454126 -1.7999999999999998
    vertex 49.18815629287511 55.90568117262739 -1.7999999999999998
  endloop
endfacet
facet normal 0.9769343722692407 -0.213539767441347 0
  outer loop
    vertex 49.41640216801461 56.94989529454126 -2.4
    vertex 49.18815629287511 55.90568117262739 -1.7999999999999998
    vertex 49.18815629287511 55.90568117262739 -2.4
  endloop
endfacet
facet normal 0.9761148838049704 -0.21336064243454161 0.0409508226331131
  outer loop
    vertex 49.41640216801461 56.94989529454126 -2.4
    vertex 49.18815629287511 55.90568117262739 -2.4
    vertex 49.34917059271562 56.52715455912873 -3
  endloop
endfacet
facet normal 0.9329286621386009 0.360061260565866 0
  outer loop
    vertex 46.49710609827897 23.346210622053334 -3
    vertex 46.51218401367736 23.307143327175915 0
    vertex 46.51218401367736 23.307143327175915 -3
  endloop
endfacet
facet normal 0.9329286621386009 0.360061260565866 0
  outer loop
    vertex 46.49710609827897 23.346210622053334 -3
    vertex 46.49710609827897 23.346210622053334 0
    vertex 46.51218401367736 23.307143327175915 0
  endloop
endfacet
facet normal 0.45399049973953487 0.8910065241883739 0
  outer loop
    vertex 48.82926235999608 58.0799994146186 -3
    vertex 49.47643725424805 57.750247335723365 0
    vertex 49.47643725424805 57.750247335723365 -3
  endloop
endfacet
facet normal 0.45399049973953487 0.8910065241883739 0
  outer loop
    vertex 48.82926235999608 58.0799994146186 -3
    vertex 48.82926235999608 58.0799994146186 0
    vertex 49.47643725424805 57.750247335723365 0
  endloop
endfacet
facet normal 0.9963028281909905 -0.08577061635381691 -0.0049067207909472286
  outer loop
    vertex 46.657399627845564 21.893444151527213 -0.6000000000000001
    vertex 46.655234403279636 21.833968633568617 0
    vertex 46.59149293913877 21.093554215481536 0
  endloop
endfacet
facet normal 0.9998343149615055 0.017403982178612915 0.005333294458713151
  outer loop
    vertex 46.657399627845564 21.893444151527213 -0.6000000000000001
    vertex 46.642302317891456 22.576898763145692 0
    vertex 46.655234403279636 21.833968633568617 0
  endloop
endfacet
facet normal 0.9920072339777982 0.12614617249620744 0.0029649452398027984
  outer loop
    vertex 46.595314915730384 22.96050778620142 -0.6000000000000001
    vertex 46.588507439660155 22.99993901320171 0
    vertex 46.642302317891456 22.576898763145692 0
  endloop
endfacet
facet normal 0.9704851685873889 0.2411123462878758 -0.0048346684956330245
  outer loop
    vertex 46.595314915730384 22.96050778620142 -0.6000000000000001
    vertex 46.51218401367736 23.307143327175915 0
    vertex 46.588507439660155 22.99993901320171 0
  endloop
endfacet
facet normal 0.9974718517343956 0.05803566980036095 -0.041009340745486934
  outer loop
    vertex 46.595314915730384 22.96050778620142 -0.6000000000000001
    vertex 46.642302317891456 22.576898763145692 0
    vertex 46.657399627845564 21.893444151527213 -0.6000000000000001
  endloop
endfacet
facet normal 0.9966227431379556 -0.0821164286862037 0
  outer loop
    vertex 46.657399627845564 21.893444151527213 -1.7999999999999998
    vertex 46.59149293913877 21.093554215481536 0
    vertex 46.59149293913877 21.093554215481536 -3
  endloop
endfacet
facet normal 0.9966227431379557 -0.0821164286862037 0
  outer loop
    vertex 46.657399627845564 21.893444151527213 -1.7999999999999998
    vertex 46.657399627845564 21.893444151527213 -0.6000000000000001
    vertex 46.59149293913877 21.093554215481536 0
  endloop
endfacet
facet normal 0.9963028281909905 -0.08577061635381691 0.0049067207909472286
  outer loop
    vertex 46.657399627845564 21.893444151527213 -2.4
    vertex 46.59149293913877 21.093554215481536 -3
    vertex 46.655234403279636 21.833968633568617 -3
  endloop
endfacet
facet normal 0.9998343149615055 0.017403982178612915 -0.005333294458713151
  outer loop
    vertex 46.657399627845564 21.893444151527213 -2.4
    vertex 46.655234403279636 21.833968633568617 -3
    vertex 46.642302317891456 22.576898763145692 -3
  endloop
endfacet
facet normal 0.9966227431379557 -0.0821164286862037 0
  outer loop
    vertex 46.657399627845564 21.893444151527213 -2.4
    vertex 46.657399627845564 21.893444151527213 -1.7999999999999998
    vertex 46.59149293913877 21.093554215481536 -3
  endloop
endfacet
facet normal 0.9724265211058084 0.2332094789026695 0
  outer loop
    vertex 46.595314915730384 22.96050778620142 -1.7999999999999998
    vertex 46.51218401367736 23.307143327175915 -3
    vertex 46.51218401367736 23.307143327175915 0
  endloop
endfacet
facet normal 0.9724265211058084 0.23320947890266946 0
  outer loop
    vertex 46.595314915730384 22.96050778620142 -1.7999999999999998
    vertex 46.51218401367736 23.307143327175915 0
    vertex 46.595314915730384 22.96050778620142 -0.6000000000000001
  endloop
endfacet
facet normal 0.998311668301461 0.058084532649868265 0
  outer loop
    vertex 46.595314915730384 22.96050778620142 -1.7999999999999998
    vertex 46.657399627845564 21.893444151527213 -0.6000000000000001
    vertex 46.657399627845564 21.893444151527213 -1.7999999999999998
  endloop
endfacet
facet normal 0.998311668301461 0.058084532649868265 0
  outer loop
    vertex 46.595314915730384 22.96050778620142 -1.7999999999999998
    vertex 46.595314915730384 22.96050778620142 -0.6000000000000001
    vertex 46.657399627845564 21.893444151527213 -0.6000000000000001
  endloop
endfacet
facet normal 0.9920072339777982 0.12614617249620744 -0.0029649452398027984
  outer loop
    vertex 46.595314915730384 22.96050778620142 -2.4
    vertex 46.642302317891456 22.576898763145692 -3
    vertex 46.588507439660155 22.99993901320171 -3
  endloop
endfacet
facet normal 0.9704851685873889 0.2411123462878758 0.0048346684956330245
  outer loop
    vertex 46.595314915730384 22.96050778620142 -2.4
    vertex 46.588507439660155 22.99993901320171 -3
    vertex 46.51218401367736 23.307143327175915 -3
  endloop
endfacet
facet normal 0.9983116683014609 0.058084532649868265 0
  outer loop
    vertex 46.595314915730384 22.96050778620142 -2.4
    vertex 46.595314915730384 22.96050778620142 -1.7999999999999998
    vertex 46.657399627845564 21.893444151527213 -1.7999999999999998
  endloop
endfacet
facet normal 0.9724265211058084 0.23320947890266946 0
  outer loop
    vertex 46.595314915730384 22.96050778620142 -2.4
    vertex 46.51218401367736 23.307143327175915 -3
    vertex 46.595314915730384 22.96050778620142 -1.7999999999999998
  endloop
endfacet
facet normal 0.9974718517343956 0.05803566980036095 0.041009340745486934
  outer loop
    vertex 46.595314915730384 22.96050778620142 -2.4
    vertex 46.657399627845564 21.893444151527213 -2.4
    vertex 46.642302317891456 22.576898763145692 -3
  endloop
endfacet
facet normal 0.9983116683014609 0.058084532649868265 0
  outer loop
    vertex 46.595314915730384 22.96050778620142 -2.4
    vertex 46.657399627845564 21.893444151527213 -1.7999999999999998
    vertex 46.657399627845564 21.893444151527213 -2.4
  endloop
endfacet
facet normal -0.6438435014788342 0.7651414703795332 -0.0049067207909574174
  outer loop
    vertex 48.21705169550519 57.56099488314798 -0.6000000000000001
    vertex 48.260638282541635 57.60151938023771 0
    vertex 48.82926235999608 58.0799994146186 0
  endloop
endfacet
facet normal -0.7192960979904509 0.6946831503541225 0.00533329445870354
  outer loop
    vertex 48.21705169550519 57.56099488314798 -0.6000000000000001
    vertex 47.74445171524277 57.06704408239309 0
    vertex 48.260638282541635 57.60151938023771 0
  endloop
endfacet
facet normal -0.7906538561246907 0.612256228138907 0.0029649452398995144
  outer loop
    vertex 47.50642428441416 56.762566430167624 -0.6000000000000001
    vertex 47.48335580890304 56.72987072967214 0
    vertex 47.74445171524277 57.06704408239309 0
  endloop
endfacet
facet normal -0.8567288188372049 0.5157444686609286 -0.004834668495792895
  outer loop
    vertex 47.50642428441416 56.762566430167624 -0.6000000000000001
    vertex 47.32009836735866 56.45867566397643 0
    vertex 47.48335580890304 56.72987072967214 0
  endloop
endfacet
facet normal -0.7463565260706347 0.6642816947375528 -0.041009340745473744
  outer loop
    vertex 47.50642428441416 56.762566430167624 -0.6000000000000001
    vertex 47.74445171524277 57.06704408239309 0
    vertex 48.21705169550519 57.56099488314798 -0.6000000000000001
  endloop
endfacet
facet normal -0.6466536163867398 0.7627837835284327 0
  outer loop
    vertex 48.21705169550519 57.56099488314798 -1.7999999999999998
    vertex 48.82926235999608 58.0799994146186 0
    vertex 48.82926235999608 58.0799994146186 -3
  endloop
endfacet
facet normal -0.6466536163867398 0.7627837835284328 0
  outer loop
    vertex 48.21705169550519 57.56099488314798 -1.7999999999999998
    vertex 48.21705169550519 57.56099488314798 -0.6000000000000001
    vertex 48.82926235999608 58.0799994146186 0
  endloop
endfacet
facet normal -0.6438435014788342 0.7651414703795332 0.0049067207909574174
  outer loop
    vertex 48.21705169550519 57.56099488314798 -2.4
    vertex 48.82926235999608 58.0799994146186 -3
    vertex 48.260638282541635 57.60151938023771 -3
  endloop
endfacet
facet normal -0.7192960979904509 0.6946831503541225 -0.00533329445870354
  outer loop
    vertex 48.21705169550519 57.56099488314798 -2.4
    vertex 48.260638282541635 57.60151938023771 -3
    vertex 47.74445171524277 57.06704408239309 -3
  endloop
endfacet
facet normal -0.6466536163867399 0.7627837835284329 0
  outer loop
    vertex 48.21705169550519 57.56099488314798 -2.4
    vertex 48.21705169550519 57.56099488314798 -1.7999999999999998
    vertex 48.82926235999608 58.0799994146186 -3
  endloop
endfacet
facet normal -0.8525133912486177 0.5227053833105046 0
  outer loop
    vertex 47.50642428441416 56.762566430167624 -1.7999999999999998
    vertex 47.32009836735866 56.45867566397643 -3
    vertex 47.32009836735866 56.45867566397643 0
  endloop
endfacet
facet normal -0.7469849173123939 0.6648409834748427 0
  outer loop
    vertex 47.50642428441416 56.762566430167624 -1.7999999999999998
    vertex 48.21705169550519 57.56099488314798 -0.6000000000000001
    vertex 48.21705169550519 57.56099488314798 -1.7999999999999998
  endloop
endfacet
facet normal -0.8525133912486176 0.5227053833105045 0
  outer loop
    vertex 47.50642428441416 56.762566430167624 -1.7999999999999998
    vertex 47.32009836735866 56.45867566397643 0
    vertex 47.50642428441416 56.762566430167624 -0.6000000000000001
  endloop
endfacet
facet normal -0.7469849173123939 0.6648409834748427 0
  outer loop
    vertex 47.50642428441416 56.762566430167624 -1.7999999999999998
    vertex 47.50642428441416 56.762566430167624 -0.6000000000000001
    vertex 48.21705169550519 57.56099488314798 -0.6000000000000001
  endloop
endfacet
facet normal -0.7469849173123939 0.6648409834748426 0
  outer loop
    vertex 47.50642428441416 56.762566430167624 -1.7999999999999998
    vertex 48.21705169550519 57.56099488314798 -1.7999999999999998
    vertex 48.21705169550519 57.56099488314798 -2.4
  endloop
endfacet
facet normal -0.7906538561246907 0.612256228138907 -0.0029649452398995144
  outer loop
    vertex 47.50642428441416 56.762566430167624 -2.4
    vertex 47.74445171524277 57.06704408239309 -3
    vertex 47.48335580890304 56.72987072967214 -3
  endloop
endfacet
facet normal -0.8567288188372049 0.5157444686609286 0.004834668495792895
  outer loop
    vertex 47.50642428441416 56.762566430167624 -2.4
    vertex 47.48335580890304 56.72987072967214 -3
    vertex 47.32009836735866 56.45867566397643 -3
  endloop
endfacet
facet normal -0.7469849173123939 0.6648409834748426 0
  outer loop
    vertex 47.50642428441416 56.762566430167624 -2.4
    vertex 47.50642428441416 56.762566430167624 -1.7999999999999998
    vertex 48.21705169550519 57.56099488314798 -2.4
  endloop
endfacet
facet normal -0.8525133912486175 0.5227053833105045 0
  outer loop
    vertex 47.50642428441416 56.762566430167624 -2.4
    vertex 47.32009836735866 56.45867566397643 -3
    vertex 47.50642428441416 56.762566430167624 -1.7999999999999998
  endloop
endfacet
facet normal -0.7463565260706347 0.6642816947375528 0.041009340745473744
  outer loop
    vertex 47.50642428441416 56.762566430167624 -2.4
    vertex 48.21705169550519 57.56099488314798 -2.4
    vertex 47.74445171524277 57.06704408239309 -3
  endloop
endfacet
facet normal 0.3090169943749538 -0.9510565162951513 0
  outer loop
    vertex 46.59149293913877 21.093554215481536 -3
    vertex 45.90070125170234 20.86910239023947 0
    vertex 45.90070125170234 20.86910239023947 -3
  endloop
endfacet
facet normal 0.3090169943749538 -0.9510565162951513 0
  outer loop
    vertex 46.59149293913877 21.093554215481536 -3
    vertex 46.59149293913877 21.093554215481536 0
    vertex 45.90070125170234 20.86910239023947 0
  endloop
endfacet
facet normal -0.9142819423502869 0.40507842437259844 0
  outer loop
    vertex 47.3031353144526 56.42038921862164 -3
    vertex 47.32009836735866 56.45867566397643 0
    vertex 47.32009836735866 56.45867566397643 -3
  endloop
endfacet
facet normal -0.9142819423502869 0.40507842437259844 0
  outer loop
    vertex 47.3031353144526 56.42038921862164 -3
    vertex 47.3031353144526 56.42038921862164 0
    vertex 47.32009836735866 56.45867566397643 0
  endloop
endfacet
facet normal -0.9186788762888484 -0.3949289930832292 0.007759683171731448
  outer loop
    vertex 44.8002414321037 22.37725305518569 -0.6000000000000001
    vertex 44.832685769434256 22.3135704238818 0
    vertex 44.66374848571708 22.70655021692495 0
  endloop
endfacet
facet normal -0.857945397364814 -0.5136765816941786 -0.00812801079694694
  outer loop
    vertex 44.8002414321037 22.37725305518569 -0.6000000000000001
    vertex 45.12583517474007 21.823950705979048 0
    vertex 44.832685769434256 22.3135704238818 0
  endloop
endfacet
facet normal -0.8010659371353291 -0.5984930979715453 0.009968753278095339
  outer loop
    vertex 45.37721811263075 21.47748796248063 -0.6000000000000001
    vertex 45.494229730465406 21.330865103124356 0
    vertex 45.12583517474007 21.823950705979048 0
  endloop
endfacet
facet normal -0.7505311567425127 -0.660663003972114 -0.01507905637923247
  outer loop
    vertex 45.37721811263075 21.47748796248063 -0.6000000000000001
    vertex 45.90070125170234 20.86910239023947 0
    vertex 45.494229730465406 21.330865103124356 0
  endloop
endfacet
facet normal -0.8410862106593932 -0.5393486964518308 -0.04095082263317157
  outer loop
    vertex 45.37721811263075 21.47748796248063 -0.6000000000000001
    vertex 45.12583517474007 21.823950705979048 0
    vertex 44.8002414321037 22.37725305518569 -0.6000000000000001
  endloop
endfacet
facet normal -0.9237866737493112 -0.38290753636247943 0
  outer loop
    vertex 44.8002414321037 22.37725305518569 -1.7999999999999998
    vertex 44.66374848571708 22.70655021692495 0
    vertex 44.66374848571708 22.70655021692495 -3
  endloop
endfacet
facet normal -0.9237866737493112 -0.38290753636247943 0
  outer loop
    vertex 44.8002414321037 22.37725305518569 -1.7999999999999998
    vertex 44.8002414321037 22.37725305518569 -0.6000000000000001
    vertex 44.66374848571708 22.70655021692495 0
  endloop
endfacet
facet normal -0.9186788762888484 -0.3949289930832292 -0.007759683171731448
  outer loop
    vertex 44.8002414321037 22.37725305518569 -2.4
    vertex 44.66374848571708 22.70655021692495 -3
    vertex 44.832685769434256 22.3135704238818 -3
  endloop
endfacet
facet normal -0.857945397364814 -0.5136765816941786 0.00812801079694694
  outer loop
    vertex 44.8002414321037 22.37725305518569 -2.4
    vertex 44.832685769434256 22.3135704238818 -3
    vertex 45.12583517474007 21.823950705979048 -3
  endloop
endfacet
facet normal -0.9237866737493112 -0.3829075363624795 0
  outer loop
    vertex 44.8002414321037 22.37725305518569 -2.4
    vertex 44.8002414321037 22.37725305518569 -1.7999999999999998
    vertex 44.66374848571708 22.70655021692495 -3
  endloop
endfacet
facet normal -0.7580179104265152 -0.6522337368402674 0
  outer loop
    vertex 45.37721811263075 21.47748796248063 -1.7999999999999998
    vertex 45.90070125170234 20.86910239023947 -3
    vertex 45.90070125170234 20.86910239023947 0
  endloop
endfacet
facet normal -0.7580179104265155 -0.6522337368402675 0
  outer loop
    vertex 45.37721811263075 21.47748796248063 -1.7999999999999998
    vertex 45.90070125170234 20.86910239023947 0
    vertex 45.37721811263075 21.47748796248063 -0.6000000000000001
  endloop
endfacet
facet normal -0.8417923370165773 -0.5398015017950296 0
  outer loop
    vertex 45.37721811263075 21.47748796248063 -1.7999999999999998
    vertex 44.8002414321037 22.37725305518569 -0.6000000000000001
    vertex 44.8002414321037 22.37725305518569 -1.7999999999999998
  endloop
endfacet
facet normal -0.8417923370165773 -0.5398015017950296 0
  outer loop
    vertex 45.37721811263075 21.47748796248063 -1.7999999999999998
    vertex 45.37721811263075 21.47748796248063 -0.6000000000000001
    vertex 44.8002414321037 22.37725305518569 -0.6000000000000001
  endloop
endfacet
facet normal -0.8010659371353291 -0.5984930979715453 -0.009968753278095339
  outer loop
    vertex 45.37721811263075 21.47748796248063 -2.4
    vertex 45.12583517474007 21.823950705979048 -3
    vertex 45.494229730465406 21.330865103124356 -3
  endloop
endfacet
facet normal -0.7505311567425127 -0.660663003972114 0.01507905637923247
  outer loop
    vertex 45.37721811263075 21.47748796248063 -2.4
    vertex 45.494229730465406 21.330865103124356 -3
    vertex 45.90070125170234 20.86910239023947 -3
  endloop
endfacet
facet normal -0.7580179104265153 -0.6522337368402675 0
  outer loop
    vertex 45.37721811263075 21.47748796248063 -2.4
    vertex 45.90070125170234 20.86910239023947 -3
    vertex 45.37721811263075 21.47748796248063 -1.7999999999999998
  endloop
endfacet
facet normal -0.8417923370165771 -0.5398015017950296 0
  outer loop
    vertex 45.37721811263075 21.47748796248063 -2.4
    vertex 45.37721811263075 21.47748796248063 -1.7999999999999998
    vertex 44.8002414321037 22.37725305518569 -1.7999999999999998
  endloop
endfacet
facet normal -0.8417923370165771 -0.5398015017950296 0
  outer loop
    vertex 45.37721811263075 21.47748796248063 -2.4
    vertex 44.8002414321037 22.37725305518569 -1.7999999999999998
    vertex 44.8002414321037 22.37725305518569 -2.4
  endloop
endfacet
facet normal -0.8410862106593932 -0.5393486964518308 0.04095082263317157
  outer loop
    vertex 45.37721811263075 21.47748796248063 -2.4
    vertex 44.8002414321037 22.37725305518569 -2.4
    vertex 45.12583517474007 21.823950705979048 -3
  endloop
endfacet
facet normal 0.38268343236509095 0.9238795325112862 0
  outer loop
    vertex 46.49710609827896 56.75425745162971 -3
    vertex 47.3031353144526 56.42038921862164 0
    vertex 47.3031353144526 56.42038921862164 -3
  endloop
endfacet
facet normal 0.38268343236509095 0.9238795325112862 0
  outer loop
    vertex 46.49710609827896 56.75425745162971 -3
    vertex 46.49710609827896 56.75425745162971 0
    vertex 47.3031353144526 56.42038921862164 0
  endloop
endfacet
facet normal -0.9663938410921121 -0.2570660302319887 0
  outer loop
    vertex 44.66374848571708 22.70655021692495 -3
    vertex 44.65298359573823 22.747018898711524 0
    vertex 44.65298359573823 22.747018898711524 -3
  endloop
endfacet
facet normal -0.9663938410921121 -0.2570660302319887 0
  outer loop
    vertex 44.66374848571708 22.70655021692495 -3
    vertex 44.66374848571708 22.70655021692495 0
    vertex 44.65298359573823 22.747018898711524 0
  endloop
endfacet
facet normal 0.9329286621384997 -0.3600612605661276 0
  outer loop
    vertex 46.51218401367736 56.79332474650712 -3
    vertex 46.49710609827896 56.75425745162971 0
    vertex 46.49710609827896 56.75425745162971 -3
  endloop
endfacet
facet normal 0.9329286621384997 -0.3600612605661276 0
  outer loop
    vertex 46.51218401367736 56.79332474650712 -3
    vertex 46.51218401367736 56.79332474650712 0
    vertex 46.49710609827896 56.75425745162971 0
  endloop
endfacet
facet normal 0.23344536385589562 -0.9723699203976789 0
  outer loop
    vertex 44.65298359573823 22.747018898711524 -3
    vertex 43.80464943831994 22.543351886913275 0
    vertex 43.80464943831994 22.543351886913275 -3
  endloop
endfacet
facet normal 0.23344536385589562 -0.9723699203976789 0
  outer loop
    vertex 44.65298359573823 22.747018898711524 -3
    vertex 44.65298359573823 22.747018898711524 0
    vertex 43.80464943831994 22.543351886913275 0
  endloop
endfacet
facet normal 0.9753602611280214 -0.2204816280993758 0.007759683171791445
  outer loop
    vertex 46.595314915730384 57.13996028748163 -0.6000000000000001
    vertex 46.60649860696642 57.21055092145687 0
    vertex 46.51218401367736 56.79332474650712 0
  endloop
endfacet
facet normal 0.9960239258817676 -0.08871456764001431 -0.008128010797027461
  outer loop
    vertex 46.595314915730384 57.13996028748163 -0.6000000000000001
    vertex 46.6571270055979 57.77897049117915 0
    vertex 46.60649860696642 57.21055092145687 0
  endloop
endfacet
facet normal 0.9998613733438811 0.013336343313235717 0.009968753278099323
  outer loop
    vertex 46.65739962784556 58.20702392215583 -0.6000000000000001
    vertex 46.648917994856546 58.39442201044969 0
    vertex 46.6571270055979 57.77897049117915 0
  endloop
endfacet
facet normal 0.995520431082627 0.09333645244903403 -0.01507905637929283
  outer loop
    vertex 46.65739962784556 58.20702392215583 -0.6000000000000001
    vertex 46.59149293913877 59.00691385820149 0
    vertex 46.648917994856546 58.39442201044969 0
  endloop
endfacet
facet normal 0.9974742477754351 -0.058035809208646136 -0.040950822633100646
  outer loop
    vertex 46.65739962784556 58.20702392215583 -0.6000000000000001
    vertex 46.6571270055979 57.77897049117915 0
    vertex 46.595314915730384 57.13996028748163 -0.6000000000000001
  endloop
endfacet
facet normal 0.9724265211058105 -0.23320947890266042 0
  outer loop
    vertex 46.595314915730384 57.13996028748163 -1.7999999999999998
    vertex 46.51218401367736 56.79332474650712 0
    vertex 46.51218401367736 56.79332474650712 -3
  endloop
endfacet
facet normal 0.9724265211058106 -0.23320947890266042 0
  outer loop
    vertex 46.595314915730384 57.13996028748163 -1.7999999999999998
    vertex 46.595314915730384 57.13996028748163 -0.6000000000000001
    vertex 46.51218401367736 56.79332474650712 0
  endloop
endfacet
facet normal 0.9753602611280214 -0.2204816280993758 -0.007759683171791445
  outer loop
    vertex 46.595314915730384 57.13996028748163 -2.4
    vertex 46.51218401367736 56.79332474650712 -3
    vertex 46.60649860696642 57.21055092145687 -3
  endloop
endfacet
facet normal 0.9960239258817676 -0.08871456764001431 0.008128010797027461
  outer loop
    vertex 46.595314915730384 57.13996028748163 -2.4
    vertex 46.60649860696642 57.21055092145687 -3
    vertex 46.6571270055979 57.77897049117915 -3
  endloop
endfacet
facet normal 0.9724265211058106 -0.23320947890266044 0
  outer loop
    vertex 46.595314915730384 57.13996028748163 -2.4
    vertex 46.595314915730384 57.13996028748163 -1.7999999999999998
    vertex 46.51218401367736 56.79332474650712 -3
  endloop
endfacet
facet normal 0.9966227431379564 0.082116428686196 0
  outer loop
    vertex 46.65739962784556 58.20702392215583 -1.7999999999999998
    vertex 46.59149293913877 59.00691385820149 -3
    vertex 46.59149293913877 59.00691385820149 0
  endloop
endfacet
facet normal 0.9966227431379564 0.082116428686196 0
  outer loop
    vertex 46.65739962784556 58.20702392215583 -1.7999999999999998
    vertex 46.59149293913877 59.00691385820149 0
    vertex 46.65739962784556 58.20702392215583 -0.6000000000000001
  endloop
endfacet
facet normal 0.9983116683014616 -0.05808453264986205 0
  outer loop
    vertex 46.65739962784556 58.20702392215583 -1.7999999999999998
    vertex 46.595314915730384 57.13996028748163 -0.6000000000000001
    vertex 46.595314915730384 57.13996028748163 -1.7999999999999998
  endloop
endfacet
facet normal 0.9983116683014616 -0.05808453264986205 0
  outer loop
    vertex 46.65739962784556 58.20702392215583 -1.7999999999999998
    vertex 46.65739962784556 58.20702392215583 -0.6000000000000001
    vertex 46.595314915730384 57.13996028748163 -0.6000000000000001
  endloop
endfacet
facet normal 0.9998613733438811 0.013336343313235717 -0.009968753278099323
  outer loop
    vertex 46.65739962784556 58.20702392215583 -2.4
    vertex 46.6571270055979 57.77897049117915 -3
    vertex 46.648917994856546 58.39442201044969 -3
  endloop
endfacet
facet normal 0.995520431082627 0.09333645244903403 0.01507905637929283
  outer loop
    vertex 46.65739962784556 58.20702392215583 -2.4
    vertex 46.648917994856546 58.39442201044969 -3
    vertex 46.59149293913877 59.00691385820149 -3
  endloop
endfacet
facet normal 0.9966227431379563 0.082116428686196 0
  outer loop
    vertex 46.65739962784556 58.20702392215583 -2.4
    vertex 46.59149293913877 59.00691385820149 -3
    vertex 46.65739962784556 58.20702392215583 -1.7999999999999998
  endloop
endfacet
facet normal 0.9983116683014615 -0.05808453264986204 0
  outer loop
    vertex 46.65739962784556 58.20702392215583 -2.4
    vertex 46.65739962784556 58.20702392215583 -1.7999999999999998
    vertex 46.595314915730384 57.13996028748163 -1.7999999999999998
  endloop
endfacet
facet normal 0.9983116683014615 -0.05808453264986204 0
  outer loop
    vertex 46.65739962784556 58.20702392215583 -2.4
    vertex 46.595314915730384 57.13996028748163 -1.7999999999999998
    vertex 46.595314915730384 57.13996028748163 -2.4
  endloop
endfacet
facet normal 0.9974742477754351 -0.058035809208646136 0.040950822633100646
  outer loop
    vertex 46.65739962784556 58.20702392215583 -2.4
    vertex 46.595314915730384 57.13996028748163 -2.4
    vertex 46.6571270055979 57.77897049117915 -3
  endloop
endfacet
facet normal 0.977768752879625 0.20968611277865487 0
  outer loop
    vertex 43.80464943831994 22.543351886913275 -3
    vertex 43.8134302481847 22.502406869634985 0
    vertex 43.8134302481847 22.502406869634985 -3
  endloop
endfacet
facet normal 0.977768752879625 0.20968611277865487 0
  outer loop
    vertex 43.80464943831994 22.543351886913275 -3
    vertex 43.80464943831994 22.543351886913275 0
    vertex 43.8134302481847 22.502406869634985 0
  endloop
endfacet
facet normal 0.30901699437494656 0.951056516295154 0
  outer loop
    vertex 45.90070125170233 59.231365683443556 -3
    vertex 46.59149293913877 59.00691385820149 0
    vertex 46.59149293913877 59.00691385820149 -3
  endloop
endfacet
facet normal 0.30901699437494656 0.951056516295154 0
  outer loop
    vertex 45.90070125170233 59.231365683443556 -3
    vertex 45.90070125170233 59.231365683443556 0
    vertex 46.59149293913877 59.00691385820149 0
  endloop
endfacet
facet normal 0.9706192066207212 -0.240570737684452 -0.004906720790954522
  outer loop
    vertex 43.735706742900575 21.083395949819916 -0.6000000000000001
    vertex 43.7242641550072 21.024991389928015 0
    vertex 43.54548112066127 20.30366406381863 0
  endloop
endfacet
facet normal 0.9902472780560867 -0.13921883591212786 0.005333294458706218
  outer loop
    vertex 43.735706742900575 21.083395949819916 -0.6000000000000001
    vertex 43.82771116243237 21.760797840647683 0
    vertex 43.7242641550072 21.024991389928015 0
  endloop
endfacet
facet normal 0.9995275877972337 -0.03059101717770514 0.002964945240090154
  outer loop
    vertex 43.841311925469356 22.14703444918761 -0.6000000000000001
    vertex 43.8407566636275 22.187045136232125 0
    vertex 43.82771116243237 21.760797840647683 0
  endloop
endfacet
facet normal 0.9962551666403415 0.08632652502538417 -0.0048346684960773306
  outer loop
    vertex 43.841311925469356 22.14703444918761 -0.6000000000000001
    vertex 43.8134302481847 22.502406869634985 0
    vertex 43.8407566636275 22.187045136232125 0
  endloop
endfacet
facet normal 0.9942700969883747 -0.09871782111831788 -0.041009340745488634
  outer loop
    vertex 43.841311925469356 22.14703444918761 -0.6000000000000001
    vertex 43.82771116243237 21.760797840647683 0
    vertex 43.735706742900575 21.083395949819916 -0.6000000000000001
  endloop
endfacet
facet normal 0.9715068237767619 -0.23701158485438542 0
  outer loop
    vertex 43.735706742900575 21.083395949819916 -1.7999999999999998
    vertex 43.54548112066127 20.30366406381863 0
    vertex 43.54548112066127 20.30366406381863 -3
  endloop
endfacet
facet normal 0.971506823776762 -0.23701158485438548 0
  outer loop
    vertex 43.735706742900575 21.083395949819916 -1.7999999999999998
    vertex 43.735706742900575 21.083395949819916 -0.6000000000000001
    vertex 43.54548112066127 20.30366406381863 0
  endloop
endfacet
facet normal 0.9706192066207212 -0.240570737684452 0.004906720790954522
  outer loop
    vertex 43.735706742900575 21.083395949819916 -2.4
    vertex 43.54548112066127 20.30366406381863 -3
    vertex 43.7242641550072 21.024991389928015 -3
  endloop
endfacet
facet normal 0.9902472780560867 -0.13921883591212786 -0.005333294458706218
  outer loop
    vertex 43.735706742900575 21.083395949819916 -2.4
    vertex 43.7242641550072 21.024991389928015 -3
    vertex 43.82771116243237 21.760797840647683 -3
  endloop
endfacet
facet normal 0.9715068237767619 -0.23701158485438545 0
  outer loop
    vertex 43.735706742900575 21.083395949819916 -2.4
    vertex 43.735706742900575 21.083395949819916 -1.7999999999999998
    vertex 43.54548112066127 20.30366406381863 -3
  endloop
endfacet
facet normal 0.9969363370561477 0.07821726060832791 0
  outer loop
    vertex 43.841311925469356 22.14703444918761 -1.7999999999999998
    vertex 43.8134302481847 22.502406869634985 -3
    vertex 43.8134302481847 22.502406869634985 0
  endloop
endfacet
facet normal 0.995107217853627 -0.09880093610697206 0
  outer loop
    vertex 43.841311925469356 22.14703444918761 -1.7999999999999998
    vertex 43.735706742900575 21.083395949819916 -0.6000000000000001
    vertex 43.735706742900575 21.083395949819916 -1.7999999999999998
  endloop
endfacet
facet normal 0.9969363370561477 0.07821726060832793 0
  outer loop
    vertex 43.841311925469356 22.14703444918761 -1.7999999999999998
    vertex 43.8134302481847 22.502406869634985 0
    vertex 43.841311925469356 22.14703444918761 -0.6000000000000001
  endloop
endfacet
facet normal 0.995107217853627 -0.09880093610697206 0
  outer loop
    vertex 43.841311925469356 22.14703444918761 -1.7999999999999998
    vertex 43.841311925469356 22.14703444918761 -0.6000000000000001
    vertex 43.735706742900575 21.083395949819916 -0.6000000000000001
  endloop
endfacet
facet normal 0.9995275877972337 -0.03059101717770514 -0.002964945240090154
  outer loop
    vertex 43.841311925469356 22.14703444918761 -2.4
    vertex 43.82771116243237 21.760797840647683 -3
    vertex 43.8407566636275 22.187045136232125 -3
  endloop
endfacet
facet normal 0.9962551666403415 0.08632652502538417 0.0048346684960773306
  outer loop
    vertex 43.841311925469356 22.14703444918761 -2.4
    vertex 43.8407566636275 22.187045136232125 -3
    vertex 43.8134302481847 22.502406869634985 -3
  endloop
endfacet
facet normal 0.9951072178536271 -0.09880093610697208 0
  outer loop
    vertex 43.841311925469356 22.14703444918761 -2.4
    vertex 43.841311925469356 22.14703444918761 -1.7999999999999998
    vertex 43.735706742900575 21.083395949819916 -1.7999999999999998
  endloop
endfacet
facet normal 0.9969363370561477 0.07821726060832793 0
  outer loop
    vertex 43.841311925469356 22.14703444918761 -2.4
    vertex 43.8134302481847 22.502406869634985 -3
    vertex 43.841311925469356 22.14703444918761 -1.7999999999999998
  endloop
endfacet
facet normal 0.9942700969883747 -0.09871782111831788 0.041009340745488634
  outer loop
    vertex 43.841311925469356 22.14703444918761 -2.4
    vertex 43.735706742900575 21.083395949819916 -2.4
    vertex 43.82771116243237 21.760797840647683 -3
  endloop
endfacet
facet normal 0.9951072178536271 -0.09880093610697208 0
  outer loop
    vertex 43.841311925469356 22.14703444918761 -2.4
    vertex 43.735706742900575 21.083395949819916 -1.7999999999999998
    vertex 43.735706742900575 21.083395949819916 -2.4
  endloop
endfacet
facet normal -0.7556112161775149 0.6550019954762096 -0.004906720790962522
  outer loop
    vertex 45.37721811263074 58.622980111202416 -0.6000000000000001
    vertex 45.41392864842972 58.66982412891241 0
    vertex 45.90070125170233 59.231365683443556 0
  endloop
endfacet
facet normal -0.8191127564188598 0.573607747717998 0.005333294458699423
  outer loop
    vertex 45.37721811263074 58.622980111202416 -0.6000000000000001
    vertex 44.98770755163234 58.0611797393788 0
    vertex 45.41392864842972 58.66982412891241 0
  endloop
endfacet
facet normal -0.8766975706575123 0.4810328249744912 0.0029649452400598375
  outer loop
    vertex 44.8002414321037 57.723215018497356 -0.6000000000000001
    vertex 44.78257170222134 57.68731315170274 0
    vertex 44.98770755163234 58.0611797393788 0
  endloop
endfacet
facet normal -0.9268612754699279 0.37537288396312246 -0.0048346684960250946
  outer loop
    vertex 44.8002414321037 57.723215018497356 -0.6000000000000001
    vertex 44.66374848571707 57.39391785675809 0
    vertex 44.78257170222134 57.68731315170274 0
  endloop
endfacet
facet normal -0.8410841902793419 0.5393474008779184 -0.041009340745464765
  outer loop
    vertex 44.8002414321037 57.723215018497356 -0.6000000000000001
    vertex 44.98770755163234 58.0611797393788 0
    vertex 45.37721811263074 58.622980111202416 -0.6000000000000001
  endloop
endfacet
facet normal -0.758017910426504 0.6522337368402806 0
  outer loop
    vertex 45.37721811263074 58.622980111202416 -1.7999999999999998
    vertex 45.90070125170233 59.231365683443556 0
    vertex 45.90070125170233 59.231365683443556 -3
  endloop
endfacet
facet normal -0.758017910426504 0.6522337368402806 0
  outer loop
    vertex 45.37721811263074 58.622980111202416 -1.7999999999999998
    vertex 45.37721811263074 58.622980111202416 -0.6000000000000001
    vertex 45.90070125170233 59.231365683443556 0
  endloop
endfacet
facet normal -0.7556112161775149 0.6550019954762096 0.004906720790962522
  outer loop
    vertex 45.37721811263074 58.622980111202416 -2.4
    vertex 45.90070125170233 59.231365683443556 -3
    vertex 45.41392864842972 58.66982412891241 -3
  endloop
endfacet
facet normal -0.8191127564188598 0.573607747717998 -0.005333294458699423
  outer loop
    vertex 45.37721811263074 58.622980111202416 -2.4
    vertex 45.41392864842972 58.66982412891241 -3
    vertex 44.98770755163234 58.0611797393788 -3
  endloop
endfacet
facet normal -0.758017910426504 0.6522337368402806 0
  outer loop
    vertex 45.37721811263074 58.622980111202416 -2.4
    vertex 45.37721811263074 58.622980111202416 -1.7999999999999998
    vertex 45.90070125170233 59.231365683443556 -3
  endloop
endfacet
facet normal -0.9237866737493086 0.38290753636248587 0
  outer loop
    vertex 44.8002414321037 57.723215018497356 -1.7999999999999998
    vertex 44.66374848571707 57.39391785675809 -3
    vertex 44.66374848571707 57.39391785675809 0
  endloop
endfacet
facet normal -0.8417923370165803 0.5398015017950248 0
  outer loop
    vertex 44.8002414321037 57.723215018497356 -1.7999999999999998
    vertex 45.37721811263074 58.622980111202416 -0.6000000000000001
    vertex 45.37721811263074 58.622980111202416 -1.7999999999999998
  endloop
endfacet
facet normal -0.9237866737493086 0.38290753636248587 0
  outer loop
    vertex 44.8002414321037 57.723215018497356 -1.7999999999999998
    vertex 44.66374848571707 57.39391785675809 0
    vertex 44.8002414321037 57.723215018497356 -0.6000000000000001
  endloop
endfacet
facet normal -0.8417923370165803 0.5398015017950248 0
  outer loop
    vertex 44.8002414321037 57.723215018497356 -1.7999999999999998
    vertex 44.8002414321037 57.723215018497356 -0.6000000000000001
    vertex 45.37721811263074 58.622980111202416 -0.6000000000000001
  endloop
endfacet
facet normal -0.8417923370165802 0.539801501795025 0
  outer loop
    vertex 44.8002414321037 57.723215018497356 -1.7999999999999998
    vertex 45.37721811263074 58.622980111202416 -1.7999999999999998
    vertex 45.37721811263074 58.622980111202416 -2.4
  endloop
endfacet
facet normal -0.8766975706575123 0.4810328249744912 -0.0029649452400598375
  outer loop
    vertex 44.8002414321037 57.723215018497356 -2.4
    vertex 44.98770755163234 58.0611797393788 -3
    vertex 44.78257170222134 57.68731315170274 -3
  endloop
endfacet
facet normal -0.9268612754699279 0.37537288396312246 0.0048346684960250946
  outer loop
    vertex 44.8002414321037 57.723215018497356 -2.4
    vertex 44.78257170222134 57.68731315170274 -3
    vertex 44.66374848571707 57.39391785675809 -3
  endloop
endfacet
facet normal -0.8417923370165802 0.539801501795025 0
  outer loop
    vertex 44.8002414321037 57.723215018497356 -2.4
    vertex 44.8002414321037 57.723215018497356 -1.7999999999999998
    vertex 45.37721811263074 58.622980111202416 -2.4
  endloop
endfacet
facet normal -0.9237866737493086 0.38290753636248587 0
  outer loop
    vertex 44.8002414321037 57.723215018497356 -2.4
    vertex 44.66374848571707 57.39391785675809 -3
    vertex 44.8002414321037 57.723215018497356 -1.7999999999999998
  endloop
endfacet
facet normal -0.8410841902793419 0.5393474008779184 0.041009340745464765
  outer loop
    vertex 44.8002414321037 57.723215018497356 -2.4
    vertex 45.37721811263074 58.622980111202416 -2.4
    vertex 44.98770755163234 58.0611797393788 -3
  endloop
endfacet
facet normal 0.1564344650402349 -0.9876883405951371 0
  outer loop
    vertex 43.54548112066127 20.30366406381863 -3
    vertex 42.82808222399122 20.1900392410801 0
    vertex 42.82808222399122 20.1900392410801 -3
  endloop
endfacet
facet normal 0.1564344650402349 -0.9876883405951371 0
  outer loop
    vertex 43.54548112066127 20.30366406381863 -3
    vertex 43.54548112066127 20.30366406381863 0
    vertex 42.82808222399122 20.1900392410801 0
  endloop
endfacet
facet normal -0.9663938410921065 0.2570660302320098 0
  outer loop
    vertex 44.65298359573822 57.353449174971516 -3
    vertex 44.66374848571707 57.39391785675809 0
    vertex 44.66374848571707 57.39391785675809 -3
  endloop
endfacet
facet normal -0.9663938410921065 0.2570660302320098 0
  outer loop
    vertex 44.65298359573822 57.353449174971516 -3
    vertex 44.65298359573822 57.353449174971516 0
    vertex 44.66374848571707 57.39391785675809 0
  endloop
endfacet
facet normal -0.9691489206233921 -0.24635372327527094 0.007759683171722513
  outer loop
    vertex 41.97709763335115 21.851771911885464 -0.6000000000000001
    vertex 41.999180368690475 21.78379790689438 0
    vertex 41.893798566967554 22.19836708017616 0
  endloop
endfacet
facet normal -0.9277393871055247 -0.3731401413055824 -0.008128010796933875
  outer loop
    vertex 41.97709763335115 21.851771911885464 -0.6000000000000001
    vertex 42.212127219720095 21.25434754980058 0
    vertex 41.999180368690475 21.78379790689438 0
  endloop
endfacet
facet normal -0.8848284337679436 -0.4658103334554184 0.00996875327809991
  outer loop
    vertex 42.40621650256381 20.872825382187237 -0.6000000000000001
    vertex 42.498850644647156 20.709703043696955 0
    vertex 42.212127219720095 21.25434754980058 0
  endloop
endfacet
facet normal -0.8446413363662145 -0.5351202060847711 -0.015079056379221368
  outer loop
    vertex 42.40621650256381 20.872825382187237 -0.6000000000000001
    vertex 42.82808222399122 20.1900392410801 0
    vertex 42.498850644647156 20.709703043696955 0
  endloop
endfacet
facet normal -0.9151037685032192 -0.4011335475834362 -0.040950822633176294
  outer loop
    vertex 42.40621650256381 20.872825382187237 -0.6000000000000001
    vertex 42.212127219720095 21.25434754980058 0
    vertex 41.97709763335115 21.851771911885464 -0.6000000000000001
  endloop
endfacet
facet normal -0.9723132624700943 -0.23368123507197078 0
  outer loop
    vertex 41.97709763335115 21.851771911885464 -1.7999999999999998
    vertex 41.893798566967554 22.19836708017616 0
    vertex 41.893798566967554 22.19836708017616 -3
  endloop
endfacet
facet normal -0.9723132624700942 -0.23368123507197072 0
  outer loop
    vertex 41.97709763335115 21.851771911885464 -1.7999999999999998
    vertex 41.97709763335115 21.851771911885464 -0.6000000000000001
    vertex 41.893798566967554 22.19836708017616 0
  endloop
endfacet
facet normal -0.9691489206233921 -0.24635372327527094 -0.007759683171722513
  outer loop
    vertex 41.97709763335115 21.851771911885464 -2.4
    vertex 41.893798566967554 22.19836708017616 -3
    vertex 41.999180368690475 21.78379790689438 -3
  endloop
endfacet
facet normal -0.9277393871055247 -0.3731401413055824 0.008128010796933875
  outer loop
    vertex 41.97709763335115 21.851771911885464 -2.4
    vertex 41.999180368690475 21.78379790689438 -3
    vertex 42.212127219720095 21.25434754980058 -3
  endloop
endfacet
facet normal -0.9723132624700943 -0.23368123507197075 0
  outer loop
    vertex 41.97709763335115 21.851771911885464 -2.4
    vertex 41.97709763335115 21.851771911885464 -1.7999999999999998
    vertex 41.893798566967554 22.19836708017616 -3
  endloop
endfacet
facet normal -0.8507172877943553 -0.5256235309114464 0
  outer loop
    vertex 42.40621650256381 20.872825382187237 -1.7999999999999998
    vertex 42.82808222399122 20.1900392410801 -3
    vertex 42.82808222399122 20.1900392410801 0
  endloop
endfacet
facet normal -0.8507172877943553 -0.5256235309114464 0
  outer loop
    vertex 42.40621650256381 20.872825382187237 -1.7999999999999998
    vertex 42.82808222399122 20.1900392410801 0
    vertex 42.40621650256381 20.872825382187237 -0.6000000000000001
  endloop
endfacet
facet normal -0.9158720356348272 -0.40147031564253594 0
  outer loop
    vertex 42.40621650256381 20.872825382187237 -1.7999999999999998
    vertex 41.97709763335115 21.851771911885464 -0.6000000000000001
    vertex 41.97709763335115 21.851771911885464 -1.7999999999999998
  endloop
endfacet
facet normal -0.9158720356348272 -0.40147031564253594 0
  outer loop
    vertex 42.40621650256381 20.872825382187237 -1.7999999999999998
    vertex 42.40621650256381 20.872825382187237 -0.6000000000000001
    vertex 41.97709763335115 21.851771911885464 -0.6000000000000001
  endloop
endfacet
facet normal -0.8848284337679436 -0.4658103334554184 -0.00996875327809991
  outer loop
    vertex 42.40621650256381 20.872825382187237 -2.4
    vertex 42.212127219720095 21.25434754980058 -3
    vertex 42.498850644647156 20.709703043696955 -3
  endloop
endfacet
facet normal -0.8446413363662145 -0.5351202060847711 0.015079056379221368
  outer loop
    vertex 42.40621650256381 20.872825382187237 -2.4
    vertex 42.498850644647156 20.709703043696955 -3
    vertex 42.82808222399122 20.1900392410801 -3
  endloop
endfacet
facet normal -0.8507172877943552 -0.5256235309114463 0
  outer loop
    vertex 42.40621650256381 20.872825382187237 -2.4
    vertex 42.82808222399122 20.1900392410801 -3
    vertex 42.40621650256381 20.872825382187237 -1.7999999999999998
  endloop
endfacet
facet normal -0.9158720356348274 -0.40147031564253605 0
  outer loop
    vertex 42.40621650256381 20.872825382187237 -2.4
    vertex 42.40621650256381 20.872825382187237 -1.7999999999999998
    vertex 41.97709763335115 21.851771911885464 -1.7999999999999998
  endloop
endfacet
facet normal -0.9158720356348274 -0.40147031564253605 0
  outer loop
    vertex 42.40621650256381 20.872825382187237 -2.4
    vertex 41.97709763335115 21.851771911885464 -1.7999999999999998
    vertex 41.97709763335115 21.851771911885464 -2.4
  endloop
endfacet
facet normal -0.9151037685032192 -0.4011335475834362 0.040950822633176294
  outer loop
    vertex 42.40621650256381 20.872825382187237 -2.4
    vertex 41.97709763335115 21.851771911885464 -2.4
    vertex 42.212127219720095 21.25434754980058 -3
  endloop
endfacet
facet normal 0.23344536385590903 0.9723699203976757 0
  outer loop
    vertex 43.80464943831994 57.557116186769775 -3
    vertex 44.65298359573822 57.353449174971516 0
    vertex 44.65298359573822 57.353449174971516 -3
  endloop
endfacet
facet normal 0.23344536385590903 0.9723699203976757 0
  outer loop
    vertex 43.80464943831994 57.557116186769775 -3
    vertex 43.80464943831994 57.557116186769775 0
    vertex 44.65298359573822 57.353449174971516 0
  endloop
endfacet
facet normal -0.9947099161889706 -0.1027238172739457 0
  outer loop
    vertex 41.893798566967554 22.19836708017616 -3
    vertex 41.88949690723381 22.24002152514107 0
    vertex 41.88949690723381 22.24002152514107 -3
  endloop
endfacet
facet normal -0.9947099161889706 -0.1027238172739457 0
  outer loop
    vertex 41.893798566967554 22.19836708017616 -3
    vertex 41.893798566967554 22.19836708017616 0
    vertex 41.88949690723381 22.24002152514107 0
  endloop
endfacet
facet normal 0.9777687528795754 -0.20968611277888669 0
  outer loop
    vertex 43.81343024818471 57.59806120404805 -3
    vertex 43.80464943831994 57.557116186769775 0
    vertex 43.80464943831994 57.557116186769775 -3
  endloop
endfacet
facet normal 0.9777687528795754 -0.20968611277888669 0
  outer loop
    vertex 43.81343024818471 57.59806120404805 -3
    vertex 43.81343024818471 57.59806120404805 0
    vertex 43.80464943831994 57.557116186769775 0
  endloop
endfacet
facet normal 0.07845909572783719 -0.9969173337331286 0
  outer loop
    vertex 41.88949690723381 22.24002152514107 -3
    vertex 41.01974661098618 22.17157069231517 0
    vertex 41.01974661098618 22.17157069231517 -3
  endloop
endfacet
facet normal 0.07845909572783719 -0.9969173337331286 0
  outer loop
    vertex 41.88949690723381 22.24002152514107 -3
    vertex 41.88949690723381 22.24002152514107 0
    vertex 41.01974661098618 22.17157069231517 0
  endloop
endfacet
facet normal 0.9978428833389013 -0.0651871727181162 0.007759683171796457
  outer loop
    vertex 43.841311925469356 57.95343362449544 -0.6000000000000001
    vertex 43.84131511884523 58.024904685383675 0
    vertex 43.81343024818471 57.59806120404805 0
  endloop
endfacet
facet normal 0.9976392344772597 0.06819012591358661 -0.008128010797015965
  outer loop
    vertex 43.841311925469356 57.95343362449544 -0.6000000000000001
    vertex 43.80239978656866 58.594246093420196 0
    vertex 43.84131511884523 58.024904685383675 0
  endloop
endfacet
facet normal 0.9854651569313971 0.16958492985008233 0.0099687532780962
  outer loop
    vertex 43.735706742900575 59.017072123863144 -0.6000000000000001
    vertex 43.69801401319632 59.20083621100147 0
    vertex 43.80239978656866 58.594246093420196 0
  endloop
endfacet
facet normal 0.9686628845969363 0.24792103190946252 -0.015079056379298864
  outer loop
    vertex 43.735706742900575 59.017072123863144 -0.6000000000000001
    vertex 43.54548112066128 59.7968040098644 0
    vertex 43.69801401319632 59.20083621100147 0
  endloop
endfacet
facet normal 0.9942724853384343 0.09871805824977108 -0.04095082263310275
  outer loop
    vertex 43.735706742900575 59.017072123863144 -0.6000000000000001
    vertex 43.80239978656866 58.594246093420196 0
    vertex 43.841311925469356 57.95343362449544 -0.6000000000000001
  endloop
endfacet
facet normal 0.9969363370561494 -0.07821726060830499 0
  outer loop
    vertex 43.841311925469356 57.95343362449544 -1.7999999999999998
    vertex 43.81343024818471 57.59806120404805 0
    vertex 43.81343024818471 57.59806120404805 -3
  endloop
endfacet
facet normal 0.9969363370561496 -0.078217260608305 0
  outer loop
    vertex 43.841311925469356 57.95343362449544 -1.7999999999999998
    vertex 43.841311925469356 57.95343362449544 -0.6000000000000001
    vertex 43.81343024818471 57.59806120404805 0
  endloop
endfacet
facet normal 0.9978428833389013 -0.0651871727181162 -0.007759683171796457
  outer loop
    vertex 43.841311925469356 57.95343362449544 -2.4
    vertex 43.81343024818471 57.59806120404805 -3
    vertex 43.84131511884523 58.024904685383675 -3
  endloop
endfacet
facet normal 0.9976392344772597 0.06819012591358661 0.008128010797015965
  outer loop
    vertex 43.841311925469356 57.95343362449544 -2.4
    vertex 43.84131511884523 58.024904685383675 -3
    vertex 43.80239978656866 58.594246093420196 -3
  endloop
endfacet
facet normal 0.9969363370561496 -0.078217260608305 0
  outer loop
    vertex 43.841311925469356 57.95343362449544 -2.4
    vertex 43.841311925469356 57.95343362449544 -1.7999999999999998
    vertex 43.81343024818471 57.59806120404805 -3
  endloop
endfacet
facet normal 0.9715068237767619 0.23701158485438523 0
  outer loop
    vertex 43.735706742900575 59.017072123863144 -1.7999999999999998
    vertex 43.54548112066128 59.7968040098644 -3
    vertex 43.54548112066128 59.7968040098644 0
  endloop
endfacet
facet normal 0.9715068237767619 0.23701158485438525 0
  outer loop
    vertex 43.735706742900575 59.017072123863144 -1.7999999999999998
    vertex 43.54548112066128 59.7968040098644 0
    vertex 43.735706742900575 59.017072123863144 -0.6000000000000001
  endloop
endfacet
facet normal 0.9951072178536271 0.09880093610697109 0
  outer loop
    vertex 43.735706742900575 59.017072123863144 -1.7999999999999998
    vertex 43.841311925469356 57.95343362449544 -0.6000000000000001
    vertex 43.841311925469356 57.95343362449544 -1.7999999999999998
  endloop
endfacet
facet normal 0.9951072178536271 0.09880093610697109 0
  outer loop
    vertex 43.735706742900575 59.017072123863144 -1.7999999999999998
    vertex 43.735706742900575 59.017072123863144 -0.6000000000000001
    vertex 43.841311925469356 57.95343362449544 -0.6000000000000001
  endloop
endfacet
facet normal 0.995107217853627 0.09880093610697109 0
  outer loop
    vertex 43.735706742900575 59.017072123863144 -1.7999999999999998
    vertex 43.841311925469356 57.95343362449544 -1.7999999999999998
    vertex 43.841311925469356 57.95343362449544 -2.4
  endloop
endfacet
facet normal 0.9854651569313971 0.16958492985008233 -0.0099687532780962
  outer loop
    vertex 43.735706742900575 59.017072123863144 -2.4
    vertex 43.80239978656866 58.594246093420196 -3
    vertex 43.69801401319632 59.20083621100147 -3
  endloop
endfacet
facet normal 0.9686628845969363 0.24792103190946252 0.015079056379298864
  outer loop
    vertex 43.735706742900575 59.017072123863144 -2.4
    vertex 43.69801401319632 59.20083621100147 -3
    vertex 43.54548112066128 59.7968040098644 -3
  endloop
endfacet
facet normal 0.995107217853627 0.09880093610697109 0
  outer loop
    vertex 43.735706742900575 59.017072123863144 -2.4
    vertex 43.735706742900575 59.017072123863144 -1.7999999999999998
    vertex 43.841311925469356 57.95343362449544 -2.4
  endloop
endfacet
facet normal 0.9715068237767621 0.23701158485438528 0
  outer loop
    vertex 43.735706742900575 59.017072123863144 -2.4
    vertex 43.54548112066128 59.7968040098644 -3
    vertex 43.735706742900575 59.017072123863144 -1.7999999999999998
  endloop
endfacet
facet normal 0.9942724853384343 0.09871805824977108 0.04095082263310275
  outer loop
    vertex 43.735706742900575 59.017072123863144 -2.4
    vertex 43.841311925469356 57.95343362449544 -2.4
    vertex 43.80239978656866 58.594246093420196 -3
  endloop
endfacet
facet normal 0.9985329318963567 0.05414779698626383 0
  outer loop
    vertex 41.01974661098618 22.17157069231517 -3
    vertex 41.02201410263659 22.129756154850128 0
    vertex 41.02201410263659 22.129756154850128 -3
  endloop
endfacet
facet normal 0.9985329318963567 0.05414779698626383 0
  outer loop
    vertex 41.01974661098618 22.17157069231517 -3
    vertex 41.01974661098618 22.17157069231517 0
    vertex 41.02201410263659 22.129756154850128 0
  endloop
endfacet
facet normal 0.15643446504022382 0.9876883405951387 0
  outer loop
    vertex 42.82808222399122 59.910428832602925 -3
    vertex 43.54548112066128 59.7968040098644 0
    vertex 43.54548112066128 59.7968040098644 -3
  endloop
endfacet
facet normal 0.15643446504022382 0.9876883405951387 0
  outer loop
    vertex 42.82808222399122 59.910428832602925 -3
    vertex 42.82808222399122 59.910428832602925 0
    vertex 43.54548112066128 59.7968040098644 0
  endloop
endfacet
facet normal 0.9210357188829884 -0.38944720904479024 -0.004906720790954823
  outer loop
    vertex 40.723265288549754 20.740374249141773 -0.6000000000000001
    vertex 40.702827091818634 20.684478761414734 0
    vertex 40.41340471892012 20 0
  endloop
endfacet
facet normal 0.9562770667226299 -0.2924136242218885 0.005333294458704384
  outer loop
    vertex 40.723265288549754 20.740374249141773 -0.6000000000000001
    vertex 40.92010598341342 21.39504353645867 0
    vertex 40.702827091818634 20.684478761414734 0
  endloop
endfacet
facet normal 0.9824362551631554 -0.1865749544840387 0.00296494523965474
  outer loop
    vertex 40.99396001572414 21.77439730333473 -0.6000000000000001
    vertex 40.999670640499886 21.814002254511333 0
    vertex 40.92010598341342 21.39504353645867 0
  endloop
endfacet
facet normal 0.9974940561093784 -0.07058494178647595 -0.004834668495365702
  outer loop
    vertex 40.99396001572414 21.77439730333473 -0.6000000000000001
    vertex 41.02201410263659 22.129756154850128 0
    vertex 40.999670640499886 21.814002254511333 0
  endloop
endfacet
facet normal 0.9665861126612325 -0.2530405516553964 -0.0410093407454919
  outer loop
    vertex 40.99396001572414 21.77439730333473 -0.6000000000000001
    vertex 40.92010598341342 21.39504353645867 0
    vertex 40.723265288549754 20.740374249141773 -0.6000000000000001
  endloop
endfacet
facet normal 0.9224691821678899 -0.3860707292071028 0
  outer loop
    vertex 40.723265288549754 20.740374249141773 -1.7999999999999998
    vertex 40.41340471892012 20 0
    vertex 40.41340471892012 20 -3
  endloop
endfacet
facet normal 0.9224691821678902 -0.3860707292071029 0
  outer loop
    vertex 40.723265288549754 20.740374249141773 -1.7999999999999998
    vertex 40.723265288549754 20.740374249141773 -0.6000000000000001
    vertex 40.41340471892012 20 0
  endloop
endfacet
facet normal 0.9210357188829884 -0.38944720904479024 0.004906720790954823
  outer loop
    vertex 40.723265288549754 20.740374249141773 -2.4
    vertex 40.41340471892012 20 -3
    vertex 40.702827091818634 20.684478761414734 -3
  endloop
endfacet
facet normal 0.9562770667226299 -0.2924136242218885 -0.005333294458704384
  outer loop
    vertex 40.723265288549754 20.740374249141773 -2.4
    vertex 40.702827091818634 20.684478761414734 -3
    vertex 40.92010598341342 21.39504353645867 -3
  endloop
endfacet
facet normal 0.92246918216789 -0.38607072920710284 0
  outer loop
    vertex 40.723265288549754 20.740374249141773 -2.4
    vertex 40.723265288549754 20.740374249141773 -1.7999999999999998
    vertex 40.41340471892012 20 -3
  endloop
endfacet
facet normal 0.9968982717461576 -0.07870092623040807 0
  outer loop
    vertex 40.99396001572414 21.77439730333473 -1.7999999999999998
    vertex 41.02201410263659 22.129756154850128 -3
    vertex 41.02201410263659 22.129756154850128 0
  endloop
endfacet
facet normal 0.9673999251307243 -0.2532535979153486 0
  outer loop
    vertex 40.99396001572414 21.77439730333473 -1.7999999999999998
    vertex 40.723265288549754 20.740374249141773 -0.6000000000000001
    vertex 40.723265288549754 20.740374249141773 -1.7999999999999998
  endloop
endfacet
facet normal 0.9968982717461576 -0.07870092623040807 0
  outer loop
    vertex 40.99396001572414 21.77439730333473 -1.7999999999999998
    vertex 41.02201410263659 22.129756154850128 0
    vertex 40.99396001572414 21.77439730333473 -0.6000000000000001
  endloop
endfacet
facet normal 0.9673999251307243 -0.2532535979153486 0
  outer loop
    vertex 40.99396001572414 21.77439730333473 -1.7999999999999998
    vertex 40.99396001572414 21.77439730333473 -0.6000000000000001
    vertex 40.723265288549754 20.740374249141773 -0.6000000000000001
  endloop
endfacet
facet normal 0.9824362551631554 -0.1865749544840387 -0.00296494523965474
  outer loop
    vertex 40.99396001572414 21.77439730333473 -2.4
    vertex 40.92010598341342 21.39504353645867 -3
    vertex 40.999670640499886 21.814002254511333 -3
  endloop
endfacet
facet normal 0.9974940561093784 -0.07058494178647595 0.004834668495365702
  outer loop
    vertex 40.99396001572414 21.77439730333473 -2.4
    vertex 40.999670640499886 21.814002254511333 -3
    vertex 41.02201410263659 22.129756154850128 -3
  endloop
endfacet
facet normal 0.9673999251307244 -0.2532535979153487 0
  outer loop
    vertex 40.99396001572414 21.77439730333473 -2.4
    vertex 40.99396001572414 21.77439730333473 -1.7999999999999998
    vertex 40.723265288549754 20.740374249141773 -1.7999999999999998
  endloop
endfacet
facet normal 0.9968982717461576 -0.07870092623040807 0
  outer loop
    vertex 40.99396001572414 21.77439730333473 -2.4
    vertex 41.02201410263659 22.129756154850128 -3
    vertex 40.99396001572414 21.77439730333473 -1.7999999999999998
  endloop
endfacet
facet normal 0.9665861126612325 -0.2530405516553964 0.0410093407454919
  outer loop
    vertex 40.99396001572414 21.77439730333473 -2.4
    vertex 40.723265288549754 20.740374249141773 -2.4
    vertex 40.92010598341342 21.39504353645867 -3
  endloop
endfacet
facet normal 0.9673999251307244 -0.2532535979153487 0
  outer loop
    vertex 40.99396001572414 21.77439730333473 -2.4
    vertex 40.723265288549754 20.740374249141773 -1.7999999999999998
    vertex 40.723265288549754 20.740374249141773 -2.4
  endloop
endfacet
facet normal -0.8487732750040518 0.5287341976172679 -0.004906720790954434
  outer loop
    vertex 42.40621650256381 59.22764269149581 -0.6000000000000001
    vertex 42.43514705189866 59.27965277464365 0
    vertex 42.82808222399122 59.910428832602925 0
  endloop
endfacet
facet normal -0.8987601403048444 0.4384082186381013 0.005333294458705309
  outer loop
    vertex 42.40621650256381 59.22764269149581 -0.6000000000000001
    vertex 42.10938640355264 58.61182613826631 0
    vertex 42.43514705189866 59.27965277464365 0
  endloop
endfacet
facet normal -0.9411540814081754 0.337964797202989 0.0029649452400365996
  outer loop
    vertex 41.97709763335115 58.24869616179758 -0.6000000000000001
    vertex 41.9652617364909 58.2104721518176 0
    vertex 42.10938640355264 58.61182613826631 0
  endloop
endfacet
facet normal -0.9741713314241593 0.22575837307133137 -0.004834668496005147
  outer loop
    vertex 41.97709763335115 58.24869616179758 -0.6000000000000001
    vertex 41.893798566967554 57.90210099350688 0
    vertex 41.9652617364909 58.2104721518176 0
  endloop
endfacet
facet normal -0.9151015703249845 0.40113258401726604 -0.04100934074547348
  outer loop
    vertex 41.97709763335115 58.24869616179758 -0.6000000000000001
    vertex 42.10938640355264 58.61182613826631 0
    vertex 42.40621650256381 59.22764269149581 -0.6000000000000001
  endloop
endfacet
facet normal -0.8507172877943477 0.5256235309114582 0
  outer loop
    vertex 42.40621650256381 59.22764269149581 -1.7999999999999998
    vertex 42.82808222399122 59.910428832602925 0
    vertex 42.82808222399122 59.910428832602925 -3
  endloop
endfacet
facet normal -0.8507172877943479 0.5256235309114583 0
  outer loop
    vertex 42.40621650256381 59.22764269149581 -1.7999999999999998
    vertex 42.40621650256381 59.22764269149581 -0.6000000000000001
    vertex 42.82808222399122 59.910428832602925 0
  endloop
endfacet
facet normal -0.8487732750040518 0.5287341976172679 0.004906720790954434
  outer loop
    vertex 42.40621650256381 59.22764269149581 -2.4
    vertex 42.82808222399122 59.910428832602925 -3
    vertex 42.43514705189866 59.27965277464365 -3
  endloop
endfacet
facet normal -0.8987601403048444 0.4384082186381013 -0.005333294458705309
  outer loop
    vertex 42.40621650256381 59.22764269149581 -2.4
    vertex 42.43514705189866 59.27965277464365 -3
    vertex 42.10938640355264 58.61182613826631 -3
  endloop
endfacet
facet normal -0.8507172877943479 0.5256235309114582 0
  outer loop
    vertex 42.40621650256381 59.22764269149581 -2.4
    vertex 42.40621650256381 59.22764269149581 -1.7999999999999998
    vertex 42.82808222399122 59.910428832602925 -3
  endloop
endfacet
facet normal -0.9723132624700958 0.23368123507196392 0
  outer loop
    vertex 41.97709763335115 58.24869616179758 -1.7999999999999998
    vertex 41.893798566967554 57.90210099350688 -3
    vertex 41.893798566967554 57.90210099350688 0
  endloop
endfacet
facet normal -0.9723132624700959 0.23368123507196395 0
  outer loop
    vertex 41.97709763335115 58.24869616179758 -1.7999999999999998
    vertex 41.893798566967554 57.90210099350688 0
    vertex 41.97709763335115 58.24869616179758 -0.6000000000000001
  endloop
endfacet
facet normal -0.9158720356348272 0.40147031564253594 0
  outer loop
    vertex 41.97709763335115 58.24869616179758 -1.7999999999999998
    vertex 42.40621650256381 59.22764269149581 -0.6000000000000001
    vertex 42.40621650256381 59.22764269149581 -1.7999999999999998
  endloop
endfacet
facet normal -0.9158720356348272 0.40147031564253594 0
  outer loop
    vertex 41.97709763335115 58.24869616179758 -1.7999999999999998
    vertex 41.97709763335115 58.24869616179758 -0.6000000000000001
    vertex 42.40621650256381 59.22764269149581 -0.6000000000000001
  endloop
endfacet
facet normal -0.9411540814081754 0.337964797202989 -0.0029649452400365996
  outer loop
    vertex 41.97709763335115 58.24869616179758 -2.4
    vertex 42.10938640355264 58.61182613826631 -3
    vertex 41.9652617364909 58.2104721518176 -3
  endloop
endfacet
facet normal -0.9741713314241593 0.22575837307133137 0.004834668496005147
  outer loop
    vertex 41.97709763335115 58.24869616179758 -2.4
    vertex 41.9652617364909 58.2104721518176 -3
    vertex 41.893798566967554 57.90210099350688 -3
  endloop
endfacet
facet normal -0.9158720356348274 0.40147031564253605 0
  outer loop
    vertex 41.97709763335115 58.24869616179758 -2.4
    vertex 41.97709763335115 58.24869616179758 -1.7999999999999998
    vertex 42.40621650256381 59.22764269149581 -1.7999999999999998
  endloop
endfacet
facet normal -0.9723132624700959 0.23368123507196392 0
  outer loop
    vertex 41.97709763335115 58.24869616179758 -2.4
    vertex 41.893798566967554 57.90210099350688 -3
    vertex 41.97709763335115 58.24869616179758 -1.7999999999999998
  endloop
endfacet
facet normal -0.9151015703249845 0.40113258401726604 0.04100934074547348
  outer loop
    vertex 41.97709763335115 58.24869616179758 -2.4
    vertex 42.40621650256381 59.22764269149581 -2.4
    vertex 42.10938640355264 58.61182613826631 -3
  endloop
endfacet
facet normal -0.9158720356348274 0.40147031564253605 0
  outer loop
    vertex 41.97709763335115 58.24869616179758 -2.4
    vertex 42.40621650256381 59.22764269149581 -1.7999999999999998
    vertex 42.40621650256381 59.22764269149581 -2.4
  endloop
endfacet
facet normal 4.891245155675214e-15 -1 0
  outer loop
    vertex 40.41340471892012 20 -3
    vertex 39.687063354762905 19.999999999999996 0
    vertex 39.687063354762905 19.999999999999996 -3
  endloop
endfacet
facet normal 4.891245155675214e-15 -1 0
  outer loop
    vertex 40.41340471892012 20 -3
    vertex 40.41340471892012 20 0
    vertex 39.687063354762905 19.999999999999996 0
  endloop
endfacet
facet normal -0.9947099161889862 0.10272381727379515 0
  outer loop
    vertex 41.88949690723382 57.86044654854197 -3
    vertex 41.893798566967554 57.90210099350688 0
    vertex 41.893798566967554 57.90210099350688 -3
  endloop
endfacet
facet normal -0.9947099161889862 0.10272381727379515 0
  outer loop
    vertex 41.88949690723382 57.86044654854197 -3
    vertex 41.88949690723382 57.86044654854197 0
    vertex 41.893798566967554 57.90210099350688 0
  endloop
endfacet
facet normal -0.995755302111321 -0.09171240719916912 0.007759683171733288
  outer loop
    vertex 39.10650805795889 21.774397303334734 -0.6000000000000001
    vertex 39.117685441074585 21.70380567025196 0
    vertex 39.078453971046436 22.129756154850128 0
  endloop
endfacet
facet normal -0.974689354145176 -0.22341575225696284 -0.008128010796944427
  outer loop
    vertex 39.10650805795889 21.774397303334734 -0.6000000000000001
    vertex 39.245186279625706 21.147561498903528 0
    vertex 39.117685441074585 21.70380567025196 0
  endloop
endfacet
facet normal -0.9468035177839532 -0.321657772593811 0.009968753278098087
  outer loop
    vertex 39.37720278513327 20.740374249141773 -0.6000000000000001
    vertex 39.44317849145223 20.564769044862935 0
    vertex 39.245186279625706 21.147561498903528 0
  endloop
endfacet
facet normal -0.9179536430846907 -0.3964009727614906 -0.01507905637922987
  outer loop
    vertex 39.37720278513327 20.740374249141773 -0.6000000000000001
    vertex 39.687063354762905 19.999999999999996 0
    vertex 39.44317849145223 20.564769044862935 0
  endloop
endfacet
facet normal -0.9665884345112064 -0.253041159487625 -0.04095082263317589
  outer loop
    vertex 39.37720278513327 20.740374249141773 -0.6000000000000001
    vertex 39.245186279625706 21.147561498903528 0
    vertex 39.10650805795889 21.774397303334734 -0.6000000000000001
  endloop
endfacet
facet normal -0.996898271746156 -0.07870092623042865 0
  outer loop
    vertex 39.10650805795889 21.774397303334734 -1.7999999999999998
    vertex 39.078453971046436 22.129756154850128 0
    vertex 39.078453971046436 22.129756154850128 -3
  endloop
endfacet
facet normal -0.996898271746156 -0.07870092623042867 0
  outer loop
    vertex 39.10650805795889 21.774397303334734 -1.7999999999999998
    vertex 39.10650805795889 21.774397303334734 -0.6000000000000001
    vertex 39.078453971046436 22.129756154850128 0
  endloop
endfacet
facet normal -0.995755302111321 -0.09171240719916912 -0.007759683171733288
  outer loop
    vertex 39.10650805795889 21.774397303334734 -2.4
    vertex 39.078453971046436 22.129756154850128 -3
    vertex 39.117685441074585 21.70380567025196 -3
  endloop
endfacet
facet normal -0.974689354145176 -0.22341575225696284 0.008128010796944427
  outer loop
    vertex 39.10650805795889 21.774397303334734 -2.4
    vertex 39.117685441074585 21.70380567025196 -3
    vertex 39.245186279625706 21.147561498903528 -3
  endloop
endfacet
facet normal -0.9968982717461558 -0.07870092623042865 0
  outer loop
    vertex 39.10650805795889 21.774397303334734 -2.4
    vertex 39.10650805795889 21.774397303334734 -1.7999999999999998
    vertex 39.078453971046436 22.129756154850128 -3
  endloop
endfacet
facet normal -0.9224691821678906 -0.3860707292071012 0
  outer loop
    vertex 39.37720278513327 20.740374249141773 -1.7999999999999998
    vertex 39.687063354762905 19.999999999999996 -3
    vertex 39.687063354762905 19.999999999999996 0
  endloop
endfacet
facet normal -0.9224691821678908 -0.3860707292071013 0
  outer loop
    vertex 39.37720278513327 20.740374249141773 -1.7999999999999998
    vertex 39.687063354762905 19.999999999999996 0
    vertex 39.37720278513327 20.740374249141773 -0.6000000000000001
  endloop
endfacet
facet normal -0.967399925130726 -0.25325359791534163 0
  outer loop
    vertex 39.37720278513327 20.740374249141773 -1.7999999999999998
    vertex 39.10650805795889 21.774397303334734 -0.6000000000000001
    vertex 39.10650805795889 21.774397303334734 -1.7999999999999998
  endloop
endfacet
facet normal -0.967399925130726 -0.25325359791534163 0
  outer loop
    vertex 39.37720278513327 20.740374249141773 -1.7999999999999998
    vertex 39.37720278513327 20.740374249141773 -0.6000000000000001
    vertex 39.10650805795889 21.774397303334734 -0.6000000000000001
  endloop
endfacet
facet normal -0.9468035177839532 -0.321657772593811 -0.009968753278098087
  outer loop
    vertex 39.37720278513327 20.740374249141773 -2.4
    vertex 39.245186279625706 21.147561498903528 -3
    vertex 39.44317849145223 20.564769044862935 -3
  endloop
endfacet
facet normal -0.9179536430846907 -0.3964009727614906 0.01507905637922987
  outer loop
    vertex 39.37720278513327 20.740374249141773 -2.4
    vertex 39.44317849145223 20.564769044862935 -3
    vertex 39.687063354762905 19.999999999999996 -3
  endloop
endfacet
facet normal -0.9224691821678906 -0.3860707292071013 0
  outer loop
    vertex 39.37720278513327 20.740374249141773 -2.4
    vertex 39.687063354762905 19.999999999999996 -3
    vertex 39.37720278513327 20.740374249141773 -1.7999999999999998
  endloop
endfacet
facet normal -0.9673999251307261 -0.25325359791534163 0
  outer loop
    vertex 39.37720278513327 20.740374249141773 -2.4
    vertex 39.37720278513327 20.740374249141773 -1.7999999999999998
    vertex 39.10650805795889 21.774397303334734 -1.7999999999999998
  endloop
endfacet
facet normal -0.9673999251307261 -0.25325359791534163 0
  outer loop
    vertex 39.37720278513327 20.740374249141773 -2.4
    vertex 39.10650805795889 21.774397303334734 -1.7999999999999998
    vertex 39.10650805795889 21.774397303334734 -2.4
  endloop
endfacet
facet normal -0.9665884345112064 -0.253041159487625 0.04095082263317589
  outer loop
    vertex 39.37720278513327 20.740374249141773 -2.4
    vertex 39.10650805795889 21.774397303334734 -2.4
    vertex 39.245186279625706 21.147561498903528 -3
  endloop
endfacet
facet normal 0.07845909572783995 0.9969173337331283 0
  outer loop
    vertex 41.019746610986175 57.928897381367875 -3
    vertex 41.88949690723382 57.86044654854197 0
    vertex 41.88949690723382 57.86044654854197 -3
  endloop
endfacet
facet normal 0.07845909572783995 0.9969173337331283 0
  outer loop
    vertex 41.019746610986175 57.928897381367875 -3
    vertex 41.019746610986175 57.928897381367875 0
    vertex 41.88949690723382 57.86044654854197 0
  endloop
endfacet
facet normal -0.9985329318963472 0.0541477969864422 0
  outer loop
    vertex 39.078453971046436 22.129756154850128 -3
    vertex 39.08072146269685 22.171570692315164 0
    vertex 39.08072146269685 22.171570692315164 -3
  endloop
endfacet
facet normal -0.9985329318963472 0.0541477969864422 0
  outer loop
    vertex 39.078453971046436 22.129756154850128 -3
    vertex 39.078453971046436 22.129756154850128 0
    vertex 39.08072146269685 22.171570692315164 0
  endloop
endfacet
facet normal 0.9985329318963287 -0.05414779698678055 0
  outer loop
    vertex 41.022014102636604 57.97071191883291 -3
    vertex 41.019746610986175 57.928897381367875 0
    vertex 41.019746610986175 57.928897381367875 -3
  endloop
endfacet
facet normal 0.9985329318963287 -0.05414779698678055 0
  outer loop
    vertex 41.022014102636604 57.97071191883291 -3
    vertex 41.022014102636604 57.97071191883291 0
    vertex 41.019746610986175 57.928897381367875 0
  endloop
endfacet
facet normal -0.07845909572785272 -0.9969173337331273 0
  outer loop
    vertex 39.08072146269685 22.171570692315164 -3
    vertex 38.21097116644921 22.240021525141078 0
    vertex 38.21097116644921 22.240021525141078 -3
  endloop
endfacet
facet normal -0.07845909572785272 -0.9969173337331273 0
  outer loop
    vertex 39.08072146269685 22.171570692315164 -3
    vertex 39.08072146269685 22.171570692315164 0
    vertex 38.21097116644921 22.240021525141078 0
  endloop
endfacet
facet normal 0.9957553021113164 0.0917124071992194 0.007759683171754208
  outer loop
    vertex 40.99396001572414 58.32607077034832 -0.6000000000000001
    vertex 40.98278263260841 58.39666240343131 0
    vertex 41.022014102636604 57.97071191883291 0
  endloop
endfacet
facet normal 0.9746893541451546 0.22341575225705543 -0.008128010796976056
  outer loop
    vertex 40.99396001572414 58.32607077034832 -0.6000000000000001
    vertex 40.85528179405717 58.95290657478002 0
    vertex 40.98278263260841 58.39666240343131 0
  endloop
endfacet
facet normal 0.9468035177839407 0.321657772593848 0.009968753278105947
  outer loop
    vertex 40.72326528854976 59.36009382454128 -0.6000000000000001
    vertex 40.65728958223071 59.53569902882035 0
    vertex 40.85528179405717 58.95290657478002 0
  endloop
endfacet
facet normal 0.9179536430846787 0.39640097276151737 -0.015079056379252612
  outer loop
    vertex 40.72326528854976 59.36009382454128 -0.6000000000000001
    vertex 40.41340471892013 60.10046807368303 0
    vertex 40.65728958223071 59.53569902882035 0
  endloop
endfacet
facet normal 0.9665884345112078 0.2530411594876263 -0.04095082263313329
  outer loop
    vertex 40.72326528854976 59.36009382454128 -0.6000000000000001
    vertex 40.85528179405717 58.95290657478002 0
    vertex 40.99396001572414 58.32607077034832 -0.6000000000000001
  endloop
endfacet
facet normal 0.9968982717461546 0.07870092623044454 0
  outer loop
    vertex 40.99396001572414 58.32607077034832 -1.7999999999999998
    vertex 41.022014102636604 57.97071191883291 0
    vertex 41.022014102636604 57.97071191883291 -3
  endloop
endfacet
facet normal 0.9968982717461546 0.07870092623044456 0
  outer loop
    vertex 40.99396001572414 58.32607077034832 -1.7999999999999998
    vertex 40.99396001572414 58.32607077034832 -0.6000000000000001
    vertex 41.022014102636604 57.97071191883291 0
  endloop
endfacet
facet normal 0.9957553021113164 0.0917124071992194 -0.007759683171754208
  outer loop
    vertex 40.99396001572414 58.32607077034832 -2.4
    vertex 41.022014102636604 57.97071191883291 -3
    vertex 40.98278263260841 58.39666240343131 -3
  endloop
endfacet
facet normal 0.9746893541451546 0.22341575225705543 0.008128010796976056
  outer loop
    vertex 40.99396001572414 58.32607077034832 -2.4
    vertex 40.98278263260841 58.39666240343131 -3
    vertex 40.85528179405717 58.95290657478002 -3
  endloop
endfacet
facet normal 0.9968982717461546 0.07870092623044454 0
  outer loop
    vertex 40.99396001572414 58.32607077034832 -2.4
    vertex 40.99396001572414 58.32607077034832 -1.7999999999999998
    vertex 41.022014102636604 57.97071191883291 -3
  endloop
endfacet
facet normal 0.9224691821678861 0.3860707292071123 0
  outer loop
    vertex 40.72326528854976 59.36009382454128 -1.7999999999999998
    vertex 40.41340471892013 60.10046807368303 -3
    vertex 40.41340471892013 60.10046807368303 0
  endloop
endfacet
facet normal 0.922469182167886 0.3860707292071122 0
  outer loop
    vertex 40.72326528854976 59.36009382454128 -1.7999999999999998
    vertex 40.41340471892013 60.10046807368303 0
    vertex 40.72326528854976 59.36009382454128 -0.6000000000000001
  endloop
endfacet
facet normal 0.9673999251307258 0.2532535979153424 0
  outer loop
    vertex 40.72326528854976 59.36009382454128 -1.7999999999999998
    vertex 40.99396001572414 58.32607077034832 -0.6000000000000001
    vertex 40.99396001572414 58.32607077034832 -1.7999999999999998
  endloop
endfacet
facet normal 0.9673999251307258 0.2532535979153424 0
  outer loop
    vertex 40.72326528854976 59.36009382454128 -1.7999999999999998
    vertex 40.72326528854976 59.36009382454128 -0.6000000000000001
    vertex 40.99396001572414 58.32607077034832 -0.6000000000000001
  endloop
endfacet
facet normal 0.9468035177839407 0.321657772593848 -0.009968753278105947
  outer loop
    vertex 40.72326528854976 59.36009382454128 -2.4
    vertex 40.85528179405717 58.95290657478002 -3
    vertex 40.65728958223071 59.53569902882035 -3
  endloop
endfacet
facet normal 0.9179536430846787 0.39640097276151737 0.015079056379252612
  outer loop
    vertex 40.72326528854976 59.36009382454128 -2.4
    vertex 40.65728958223071 59.53569902882035 -3
    vertex 40.41340471892013 60.10046807368303 -3
  endloop
endfacet
facet normal 0.9224691821678861 0.38607072920711233 0
  outer loop
    vertex 40.72326528854976 59.36009382454128 -2.4
    vertex 40.41340471892013 60.10046807368303 -3
    vertex 40.72326528854976 59.36009382454128 -1.7999999999999998
  endloop
endfacet
facet normal 0.967399925130726 0.25325359791534247 0
  outer loop
    vertex 40.72326528854976 59.36009382454128 -2.4
    vertex 40.72326528854976 59.36009382454128 -1.7999999999999998
    vertex 40.99396001572414 58.32607077034832 -1.7999999999999998
  endloop
endfacet
facet normal 0.967399925130726 0.25325359791534247 0
  outer loop
    vertex 40.72326528854976 59.36009382454128 -2.4
    vertex 40.99396001572414 58.32607077034832 -1.7999999999999998
    vertex 40.99396001572414 58.32607077034832 -2.4
  endloop
endfacet
facet normal 0.9665884345112078 0.2530411594876263 0.04095082263313329
  outer loop
    vertex 40.72326528854976 59.36009382454128 -2.4
    vertex 40.99396001572414 58.32607077034832 -2.4
    vertex 40.85528179405717 58.95290657478002 -3
  endloop
endfacet
facet normal 0.9947099161889715 -0.10272381727393703 0
  outer loop
    vertex 38.21097116644921 22.240021525141078 -3
    vertex 38.20666950671547 22.198367080176162 0
    vertex 38.20666950671547 22.198367080176162 -3
  endloop
endfacet
facet normal 0.9947099161889715 -0.10272381727393703 0
  outer loop
    vertex 38.21097116644921 22.240021525141078 -3
    vertex 38.21097116644921 22.240021525141078 0
    vertex 38.20666950671547 22.198367080176162 0
  endloop
endfacet
facet normal 0 1 0
  outer loop
    vertex 39.687063354762905 60.10046807368303 -3
    vertex 40.41340471892013 60.10046807368303 0
    vertex 40.41340471892013 60.10046807368303 -3
  endloop
endfacet
facet normal 0 1 0
  outer loop
    vertex 39.687063354762905 60.10046807368303 -3
    vertex 39.687063354762905 60.10046807368303 0
    vertex 40.41340471892013 60.10046807368303 0
  endloop
endfacet
facet normal 0.848773275004053 -0.5287341976172658 -0.004906720790959782
  outer loop
    vertex 37.69425157111922 20.872825382187248 -0.6000000000000001
    vertex 37.66532102178436 20.82081529903939 0
    vertex 37.2723858496918 20.19003924108011 0
  endloop
endfacet
facet normal 0.8987601403048359 -0.4384082186381187 0.005333294458701069
  outer loop
    vertex 37.69425157111922 20.872825382187248 -0.6000000000000001
    vertex 37.99108167013039 21.488641935416727 0
    vertex 37.66532102178436 20.82081529903939 0
  endloop
endfacet
facet normal 0.9411540814081479 -0.3379647972030652 0.0029649452399784135
  outer loop
    vertex 38.12337044033188 21.851771911885464 -0.6000000000000001
    vertex 38.1352063371919 21.889995921864703 0
    vertex 37.99108167013039 21.488641935416727 0
  endloop
endfacet
facet normal 0.9741713314241257 -0.22575837307147847 -0.004834668495906665
  outer loop
    vertex 38.12337044033188 21.851771911885464 -0.6000000000000001
    vertex 38.20666950671547 22.198367080176162 0
    vertex 38.1352063371919 21.889995921864703 0
  endloop
endfacet
facet normal 0.91510157032498 -0.4011325840172751 -0.041009340745487
  outer loop
    vertex 38.12337044033188 21.851771911885464 -0.6000000000000001
    vertex 37.99108167013039 21.488641935416727 0
    vertex 37.69425157111922 20.872825382187248 -0.6000000000000001
  endloop
endfacet
facet normal 0.8507172877943512 -0.5256235309114528 0
  outer loop
    vertex 37.69425157111922 20.872825382187248 -1.7999999999999998
    vertex 37.2723858496918 20.19003924108011 0
    vertex 37.2723858496918 20.19003924108011 -3
  endloop
endfacet
facet normal 0.8507172877943513 -0.5256235309114528 0
  outer loop
    vertex 37.69425157111922 20.872825382187248 -1.7999999999999998
    vertex 37.69425157111922 20.872825382187248 -0.6000000000000001
    vertex 37.2723858496918 20.19003924108011 0
  endloop
endfacet
facet normal 0.848773275004053 -0.5287341976172658 0.004906720790959782
  outer loop
    vertex 37.69425157111922 20.872825382187248 -2.4
    vertex 37.2723858496918 20.19003924108011 -3
    vertex 37.66532102178436 20.82081529903939 -3
  endloop
endfacet
facet normal 0.8987601403048359 -0.4384082186381187 -0.005333294458701069
  outer loop
    vertex 37.69425157111922 20.872825382187248 -2.4
    vertex 37.66532102178436 20.82081529903939 -3
    vertex 37.99108167013039 21.488641935416727 -3
  endloop
endfacet
facet normal 0.8507172877943512 -0.5256235309114528 0
  outer loop
    vertex 37.69425157111922 20.872825382187248 -2.4
    vertex 37.69425157111922 20.872825382187248 -1.7999999999999998
    vertex 37.2723858496918 20.19003924108011 -3
  endloop
endfacet
facet normal 0.9723132624700992 -0.23368123507194963 0
  outer loop
    vertex 38.12337044033188 21.851771911885464 -1.7999999999999998
    vertex 38.20666950671547 22.198367080176162 -3
    vertex 38.20666950671547 22.198367080176162 0
  endloop
endfacet
facet normal 0.9158720356348234 -0.4014703156425453 0
  outer loop
    vertex 38.12337044033188 21.851771911885464 -1.7999999999999998
    vertex 37.69425157111922 20.872825382187248 -0.6000000000000001
    vertex 37.69425157111922 20.872825382187248 -1.7999999999999998
  endloop
endfacet
facet normal 0.9723132624700993 -0.23368123507194963 0
  outer loop
    vertex 38.12337044033188 21.851771911885464 -1.7999999999999998
    vertex 38.20666950671547 22.198367080176162 0
    vertex 38.12337044033188 21.851771911885464 -0.6000000000000001
  endloop
endfacet
facet normal 0.9158720356348234 -0.4014703156425453 0
  outer loop
    vertex 38.12337044033188 21.851771911885464 -1.7999999999999998
    vertex 38.12337044033188 21.851771911885464 -0.6000000000000001
    vertex 37.69425157111922 20.872825382187248 -0.6000000000000001
  endloop
endfacet
facet normal 0.9411540814081479 -0.3379647972030652 -0.0029649452399784135
  outer loop
    vertex 38.12337044033188 21.851771911885464 -2.4
    vertex 37.99108167013039 21.488641935416727 -3
    vertex 38.1352063371919 21.889995921864703 -3
  endloop
endfacet
facet normal 0.9741713314241257 -0.22575837307147847 0.004834668495906665
  outer loop
    vertex 38.12337044033188 21.851771911885464 -2.4
    vertex 38.1352063371919 21.889995921864703 -3
    vertex 38.20666950671547 22.198367080176162 -3
  endloop
endfacet
facet normal 0.9158720356348233 -0.40147031564254526 0
  outer loop
    vertex 38.12337044033188 21.851771911885464 -2.4
    vertex 38.12337044033188 21.851771911885464 -1.7999999999999998
    vertex 37.69425157111922 20.872825382187248 -1.7999999999999998
  endloop
endfacet
facet normal 0.9723132624700993 -0.23368123507194963 0
  outer loop
    vertex 38.12337044033188 21.851771911885464 -2.4
    vertex 38.20666950671547 22.198367080176162 -3
    vertex 38.12337044033188 21.851771911885464 -1.7999999999999998
  endloop
endfacet
facet normal 0.91510157032498 -0.4011325840172751 0.041009340745487
  outer loop
    vertex 38.12337044033188 21.851771911885464 -2.4
    vertex 37.69425157111922 20.872825382187248 -2.4
    vertex 37.99108167013039 21.488641935416727 -3
  endloop
endfacet
facet normal 0.9158720356348233 -0.40147031564254526 0
  outer loop
    vertex 38.12337044033188 21.851771911885464 -2.4
    vertex 37.69425157111922 20.872825382187248 -1.7999999999999998
    vertex 37.69425157111922 20.872825382187248 -2.4
  endloop
endfacet
facet normal -0.9210357188829861 0.38944720904479535 -0.004906720790948457
  outer loop
    vertex 39.37720278513327 59.36009382454128 -0.6000000000000001
    vertex 39.39764098186439 59.41598931226831 0
    vertex 39.687063354762905 60.10046807368303 0
  endloop
endfacet
facet normal -0.9562770667226368 0.2924136242218657 0.005333294458711943
  outer loop
    vertex 39.37720278513327 59.36009382454128 -0.6000000000000001
    vertex 39.18036209026962 58.70542453722436 0
    vertex 39.39764098186439 59.41598931226831 0
  endloop
endfacet
facet normal -0.9824362551631693 0.1865749544839647 0.002964945239722602
  outer loop
    vertex 39.10650805795889 58.32607077034832 -0.6000000000000001
    vertex 39.100797433183025 58.28646581917085 0
    vertex 39.18036209026962 58.70542453722436 0
  endloop
endfacet
facet normal -0.9974940561093897 0.07058494178630902 -0.00483466849547525
  outer loop
    vertex 39.10650805795889 58.32607077034832 -0.6000000000000001
    vertex 39.078453971046436 57.97071191883291 0
    vertex 39.100797433183025 58.28646581917085 0
  endloop
endfacet
facet normal -0.9665861126612351 0.25304055165539047 -0.04100934074546585
  outer loop
    vertex 39.10650805795889 58.32607077034832 -0.6000000000000001
    vertex 39.18036209026962 58.70542453722436 0
    vertex 39.37720278513327 59.36009382454128 -0.6000000000000001
  endloop
endfacet
facet normal -0.9224691821678861 0.3860707292071123 0
  outer loop
    vertex 39.37720278513327 59.36009382454128 -1.7999999999999998
    vertex 39.687063354762905 60.10046807368303 0
    vertex 39.687063354762905 60.10046807368303 -3
  endloop
endfacet
facet normal -0.922469182167886 0.3860707292071122 0
  outer loop
    vertex 39.37720278513327 59.36009382454128 -1.7999999999999998
    vertex 39.37720278513327 59.36009382454128 -0.6000000000000001
    vertex 39.687063354762905 60.10046807368303 0
  endloop
endfacet
facet normal -0.9210357188829861 0.38944720904479535 0.004906720790948457
  outer loop
    vertex 39.37720278513327 59.36009382454128 -2.4
    vertex 39.687063354762905 60.10046807368303 -3
    vertex 39.39764098186439 59.41598931226831 -3
  endloop
endfacet
facet normal -0.9562770667226368 0.2924136242218657 -0.005333294458711943
  outer loop
    vertex 39.37720278513327 59.36009382454128 -2.4
    vertex 39.39764098186439 59.41598931226831 -3
    vertex 39.18036209026962 58.70542453722436 -3
  endloop
endfacet
facet normal -0.9224691821678861 0.38607072920711233 0
  outer loop
    vertex 39.37720278513327 59.36009382454128 -2.4
    vertex 39.37720278513327 59.36009382454128 -1.7999999999999998
    vertex 39.687063354762905 60.10046807368303 -3
  endloop
endfacet
facet normal -0.9968982717461563 0.07870092623042475 0
  outer loop
    vertex 39.10650805795889 58.32607077034832 -1.7999999999999998
    vertex 39.078453971046436 57.97071191883291 -3
    vertex 39.078453971046436 57.97071191883291 0
  endloop
endfacet
facet normal -0.9968982717461562 0.07870092623042474 0
  outer loop
    vertex 39.10650805795889 58.32607077034832 -1.7999999999999998
    vertex 39.078453971046436 57.97071191883291 0
    vertex 39.10650805795889 58.32607077034832 -0.6000000000000001
  endloop
endfacet
facet normal -0.9673999251307258 0.2532535979153424 0
  outer loop
    vertex 39.10650805795889 58.32607077034832 -1.7999999999999998
    vertex 39.37720278513327 59.36009382454128 -0.6000000000000001
    vertex 39.37720278513327 59.36009382454128 -1.7999999999999998
  endloop
endfacet
facet normal -0.9673999251307258 0.2532535979153424 0
  outer loop
    vertex 39.10650805795889 58.32607077034832 -1.7999999999999998
    vertex 39.10650805795889 58.32607077034832 -0.6000000000000001
    vertex 39.37720278513327 59.36009382454128 -0.6000000000000001
  endloop
endfacet
facet normal -0.9824362551631693 0.1865749544839647 -0.002964945239722602
  outer loop
    vertex 39.10650805795889 58.32607077034832 -2.4
    vertex 39.18036209026962 58.70542453722436 -3
    vertex 39.100797433183025 58.28646581917085 -3
  endloop
endfacet
facet normal -0.9974940561093897 0.07058494178630902 0.00483466849547525
  outer loop
    vertex 39.10650805795889 58.32607077034832 -2.4
    vertex 39.100797433183025 58.28646581917085 -3
    vertex 39.078453971046436 57.97071191883291 -3
  endloop
endfacet
facet normal -0.967399925130726 0.25325359791534247 0
  outer loop
    vertex 39.10650805795889 58.32607077034832 -2.4
    vertex 39.10650805795889 58.32607077034832 -1.7999999999999998
    vertex 39.37720278513327 59.36009382454128 -1.7999999999999998
  endloop
endfacet
facet normal -0.9968982717461562 0.07870092623042475 0
  outer loop
    vertex 39.10650805795889 58.32607077034832 -2.4
    vertex 39.078453971046436 57.97071191883291 -3
    vertex 39.10650805795889 58.32607077034832 -1.7999999999999998
  endloop
endfacet
facet normal -0.9665861126612351 0.25304055165539047 0.04100934074546585
  outer loop
    vertex 39.10650805795889 58.32607077034832 -2.4
    vertex 39.37720278513327 59.36009382454128 -2.4
    vertex 39.18036209026962 58.70542453722436 -3
  endloop
endfacet
facet normal -0.967399925130726 0.25325359791534247 0
  outer loop
    vertex 39.10650805795889 58.32607077034832 -2.4
    vertex 39.37720278513327 59.36009382454128 -1.7999999999999998
    vertex 39.37720278513327 59.36009382454128 -2.4
  endloop
endfacet
facet normal -0.15643446504022684 -0.9876883405951382 0
  outer loop
    vertex 37.2723858496918 20.19003924108011 -3
    vertex 36.55498695302175 20.303664063818633 0
    vertex 36.55498695302175 20.303664063818633 -3
  endloop
endfacet
facet normal -0.15643446504022684 -0.9876883405951382 0
  outer loop
    vertex 37.2723858496918 20.19003924108011 -3
    vertex 37.2723858496918 20.19003924108011 0
    vertex 36.55498695302175 20.303664063818633 0
  endloop
endfacet
facet normal -0.998532931896338 -0.054147796986611374 0
  outer loop
    vertex 39.08072146269686 57.928897381367875 -3
    vertex 39.078453971046436 57.97071191883291 0
    vertex 39.078453971046436 57.97071191883291 -3
  endloop
endfacet
facet normal -0.998532931896338 -0.054147796986611374 0
  outer loop
    vertex 39.08072146269686 57.928897381367875 -3
    vertex 39.08072146269686 57.928897381367875 0
    vertex 39.078453971046436 57.97071191883291 0
  endloop
endfacet
facet normal -0.9978428833388955 0.06518717271820731 0.007759683171743387
  outer loop
    vertex 36.25915614821368 22.14703444918761 -0.6000000000000001
    vertex 36.259152954837795 22.075563388299855 0
    vertex 36.287037825498324 22.50240686963499 0
  endloop
endfacet
facet normal -0.997639234477272 -0.06819012591341504 -0.008128010796952833
  outer loop
    vertex 36.25915614821368 22.14703444918761 -0.6000000000000001
    vertex 36.298068287114226 21.506221980263973 0
    vertex 36.259152954837795 22.075563388299855 0
  endloop
endfacet
facet normal -0.9854651569314143 -0.16958492984998208 0.009968753278094884
  outer loop
    vertex 36.36476133078246 21.083395949819906 -0.6000000000000001
    vertex 36.4024540604866 20.89963186268212 0
    vertex 36.298068287114226 21.506221980263973 0
  endloop
endfacet
facet normal -0.9686628845969484 -0.2479210319094183 -0.015079056379243526
  outer loop
    vertex 36.36476133078246 21.083395949819906 -0.6000000000000001
    vertex 36.55498695302175 20.303664063818633 0
    vertex 36.4024540604866 20.89963186268212 0
  endloop
endfacet
facet normal -0.9942724853384317 -0.09871805824977083 -0.04095082263316578
  outer loop
    vertex 36.36476133078246 21.083395949819906 -0.6000000000000001
    vertex 36.298068287114226 21.506221980263973 0
    vertex 36.25915614821368 22.14703444918761 -0.6000000000000001
  endloop
endfacet
facet normal -0.9969363370561494 0.07821726060830733 0
  outer loop
    vertex 36.25915614821368 22.14703444918761 -1.7999999999999998
    vertex 36.287037825498324 22.50240686963499 0
    vertex 36.287037825498324 22.50240686963499 -3
  endloop
endfacet
facet normal -0.9969363370561494 0.07821726060830733 0
  outer loop
    vertex 36.25915614821368 22.14703444918761 -1.7999999999999998
    vertex 36.25915614821368 22.14703444918761 -0.6000000000000001
    vertex 36.287037825498324 22.50240686963499 0
  endloop
endfacet
facet normal -0.9978428833388955 0.06518717271820731 -0.007759683171743387
  outer loop
    vertex 36.25915614821368 22.14703444918761 -2.4
    vertex 36.287037825498324 22.50240686963499 -3
    vertex 36.259152954837795 22.075563388299855 -3
  endloop
endfacet
facet normal -0.997639234477272 -0.06819012591341504 0.008128010796952833
  outer loop
    vertex 36.25915614821368 22.14703444918761 -2.4
    vertex 36.259152954837795 22.075563388299855 -3
    vertex 36.298068287114226 21.506221980263973 -3
  endloop
endfacet
facet normal -0.9969363370561494 0.07821726060830733 0
  outer loop
    vertex 36.25915614821368 22.14703444918761 -2.4
    vertex 36.25915614821368 22.14703444918761 -1.7999999999999998
    vertex 36.287037825498324 22.50240686963499 -3
  endloop
endfacet
facet normal -0.971506823776763 -0.23701158485438117 0
  outer loop
    vertex 36.36476133078246 21.083395949819906 -1.7999999999999998
    vertex 36.55498695302175 20.303664063818633 -3
    vertex 36.55498695302175 20.303664063818633 0
  endloop
endfacet
facet normal -0.9715068237767631 -0.2370115848543812 0
  outer loop
    vertex 36.36476133078246 21.083395949819906 -1.7999999999999998
    vertex 36.55498695302175 20.303664063818633 0
    vertex 36.36476133078246 21.083395949819906 -0.6000000000000001
  endloop
endfacet
facet normal -0.9951072178536271 -0.09880093610697109 0
  outer loop
    vertex 36.36476133078246 21.083395949819906 -1.7999999999999998
    vertex 36.25915614821368 22.14703444918761 -0.6000000000000001
    vertex 36.25915614821368 22.14703444918761 -1.7999999999999998
  endloop
endfacet
facet normal -0.9951072178536271 -0.09880093610697109 0
  outer loop
    vertex 36.36476133078246 21.083395949819906 -1.7999999999999998
    vertex 36.36476133078246 21.083395949819906 -0.6000000000000001
    vertex 36.25915614821368 22.14703444918761 -0.6000000000000001
  endloop
endfacet
facet normal -0.9854651569314143 -0.16958492984998208 -0.009968753278094884
  outer loop
    vertex 36.36476133078246 21.083395949819906 -2.4
    vertex 36.298068287114226 21.506221980263973 -3
    vertex 36.4024540604866 20.89963186268212 -3
  endloop
endfacet
facet normal -0.9686628845969484 -0.2479210319094183 0.015079056379243526
  outer loop
    vertex 36.36476133078246 21.083395949819906 -2.4
    vertex 36.4024540604866 20.89963186268212 -3
    vertex 36.55498695302175 20.303664063818633 -3
  endloop
endfacet
facet normal -0.971506823776763 -0.23701158485438117 0
  outer loop
    vertex 36.36476133078246 21.083395949819906 -2.4
    vertex 36.55498695302175 20.303664063818633 -3
    vertex 36.36476133078246 21.083395949819906 -1.7999999999999998
  endloop
endfacet
facet normal -0.995107217853627 -0.09880093610697109 0
  outer loop
    vertex 36.36476133078246 21.083395949819906 -2.4
    vertex 36.36476133078246 21.083395949819906 -1.7999999999999998
    vertex 36.25915614821368 22.14703444918761 -1.7999999999999998
  endloop
endfacet
facet normal -0.995107217853627 -0.09880093610697109 0
  outer loop
    vertex 36.36476133078246 21.083395949819906 -2.4
    vertex 36.25915614821368 22.14703444918761 -1.7999999999999998
    vertex 36.25915614821368 22.14703444918761 -2.4
  endloop
endfacet
facet normal -0.9942724853384317 -0.09871805824977083 0.04095082263316578
  outer loop
    vertex 36.36476133078246 21.083395949819906 -2.4
    vertex 36.25915614821368 22.14703444918761 -2.4
    vertex 36.298068287114226 21.506221980263973 -3
  endloop
endfacet
facet normal -0.07845909572783995 0.9969173337331283 0
  outer loop
    vertex 38.21097116644921 57.86044654854197 -3
    vertex 39.08072146269686 57.928897381367875 0
    vertex 39.08072146269686 57.928897381367875 -3
  endloop
endfacet
facet normal -0.07845909572783995 0.9969173337331283 0
  outer loop
    vertex 38.21097116644921 57.86044654854197 -3
    vertex 38.21097116644921 57.86044654854197 0
    vertex 39.08072146269686 57.928897381367875 0
  endloop
endfacet
facet normal -0.9777687528796137 0.20968611277870705 0
  outer loop
    vertex 36.287037825498324 22.50240686963499 -3
    vertex 36.295818635363084 22.543351886913268 0
    vertex 36.295818635363084 22.543351886913268 -3
  endloop
endfacet
facet normal -0.9777687528796137 0.20968611277870705 0
  outer loop
    vertex 36.287037825498324 22.50240686963499 -3
    vertex 36.287037825498324 22.50240686963499 0
    vertex 36.295818635363084 22.543351886913268 0
  endloop
endfacet
facet normal 0.9947099161890034 0.10272381727362724 0
  outer loop
    vertex 38.206669506715485 57.90210099350688 -3
    vertex 38.21097116644921 57.86044654854197 0
    vertex 38.21097116644921 57.86044654854197 -3
  endloop
endfacet
facet normal 0.9947099161890034 0.10272381727362724 0
  outer loop
    vertex 38.206669506715485 57.90210099350688 -3
    vertex 38.206669506715485 57.90210099350688 0
    vertex 38.21097116644921 57.86044654854197 0
  endloop
endfacet
facet normal -0.23344536385591286 -0.9723699203976747 0
  outer loop
    vertex 36.295818635363084 22.543351886913268 -3
    vertex 35.447484477944805 22.74701889871153 0
    vertex 35.447484477944805 22.74701889871153 -3
  endloop
endfacet
facet normal -0.23344536385591286 -0.9723699203976747 0
  outer loop
    vertex 36.295818635363084 22.543351886913268 -3
    vertex 36.295818635363084 22.543351886913268 0
    vertex 35.447484477944805 22.74701889871153 0
  endloop
endfacet
facet normal 0.9691489206233833 0.2463537232753045 0.007759683171736006
  outer loop
    vertex 38.12337044033188 58.24869616179758 -0.6000000000000001
    vertex 38.10128770499251 58.31667016678882 0
    vertex 38.206669506715485 57.90210099350688 0
  endloop
endfacet
facet normal 0.9277393871054991 0.3731401413056458 -0.008128010796960114
  outer loop
    vertex 38.12337044033188 58.24869616179758 -0.6000000000000001
    vertex 37.88834085396276 58.84612052388283 0
    vertex 38.10128770499251 58.31667016678882 0
  endloop
endfacet
facet normal 0.8848284337679294 0.4658103334554456 0.009968753278099643
  outer loop
    vertex 37.694251571119224 59.22764269149581 -0.6000000000000001
    vertex 37.601617429035784 59.390765029986255 0
    vertex 37.88834085396276 58.84612052388283 0
  endloop
endfacet
facet normal 0.8446413363661992 0.5351202060847943 -0.015079056379245726
  outer loop
    vertex 37.694251571119224 59.22764269149581 -0.6000000000000001
    vertex 37.272385849691815 59.91042883260293 0
    vertex 37.601617429035784 59.390765029986255 0
  endloop
endfacet
facet normal 0.9151037685032202 0.4011335475834366 -0.040950822633150044
  outer loop
    vertex 37.694251571119224 59.22764269149581 -0.6000000000000001
    vertex 37.88834085396276 58.84612052388283 0
    vertex 38.12337044033188 58.24869616179758 -0.6000000000000001
  endloop
endfacet
facet normal 0.9723132624700913 0.2336812350719828 0
  outer loop
    vertex 38.12337044033188 58.24869616179758 -1.7999999999999998
    vertex 38.206669506715485 57.90210099350688 0
    vertex 38.206669506715485 57.90210099350688 -3
  endloop
endfacet
facet normal 0.9723132624700914 0.2336812350719828 0
  outer loop
    vertex 38.12337044033188 58.24869616179758 -1.7999999999999998
    vertex 38.12337044033188 58.24869616179758 -0.6000000000000001
    vertex 38.206669506715485 57.90210099350688 0
  endloop
endfacet
facet normal 0.9691489206233833 0.2463537232753045 -0.007759683171736006
  outer loop
    vertex 38.12337044033188 58.24869616179758 -2.4
    vertex 38.206669506715485 57.90210099350688 -3
    vertex 38.10128770499251 58.31667016678882 -3
  endloop
endfacet
facet normal 0.9277393871054991 0.3731401413056458 0.008128010796960114
  outer loop
    vertex 38.12337044033188 58.24869616179758 -2.4
    vertex 38.10128770499251 58.31667016678882 -3
    vertex 37.88834085396276 58.84612052388283 -3
  endloop
endfacet
facet normal 0.9723132624700914 0.2336812350719828 0
  outer loop
    vertex 38.12337044033188 58.24869616179758 -2.4
    vertex 38.12337044033188 58.24869616179758 -1.7999999999999998
    vertex 38.206669506715485 57.90210099350688 -3
  endloop
endfacet
facet normal 0.8507172877943504 0.5256235309114543 0
  outer loop
    vertex 37.694251571119224 59.22764269149581 -1.7999999999999998
    vertex 37.272385849691815 59.91042883260293 -3
    vertex 37.272385849691815 59.91042883260293 0
  endloop
endfacet
facet normal 0.8507172877943503 0.5256235309114543 0
  outer loop
    vertex 37.694251571119224 59.22764269149581 -1.7999999999999998
    vertex 37.272385849691815 59.91042883260293 0
    vertex 37.694251571119224 59.22764269149581 -0.6000000000000001
  endloop
endfacet
facet normal 0.9158720356348272 0.40147031564253594 0
  outer loop
    vertex 37.694251571119224 59.22764269149581 -1.7999999999999998
    vertex 38.12337044033188 58.24869616179758 -0.6000000000000001
    vertex 38.12337044033188 58.24869616179758 -1.7999999999999998
  endloop
endfacet
facet normal 0.9158720356348272 0.40147031564253594 0
  outer loop
    vertex 37.694251571119224 59.22764269149581 -1.7999999999999998
    vertex 37.694251571119224 59.22764269149581 -0.6000000000000001
    vertex 38.12337044033188 58.24869616179758 -0.6000000000000001
  endloop
endfacet
facet normal 0.8848284337679294 0.4658103334554456 -0.009968753278099643
  outer loop
    vertex 37.694251571119224 59.22764269149581 -2.4
    vertex 37.88834085396276 58.84612052388283 -3
    vertex 37.601617429035784 59.390765029986255 -3
  endloop
endfacet
facet normal 0.8446413363661992 0.5351202060847943 0.015079056379245726
  outer loop
    vertex 37.694251571119224 59.22764269149581 -2.4
    vertex 37.601617429035784 59.390765029986255 -3
    vertex 37.272385849691815 59.91042883260293 -3
  endloop
endfacet
facet normal 0.8507172877943502 0.5256235309114542 0
  outer loop
    vertex 37.694251571119224 59.22764269149581 -2.4
    vertex 37.272385849691815 59.91042883260293 -3
    vertex 37.694251571119224 59.22764269149581 -1.7999999999999998
  endloop
endfacet
facet normal 0.9158720356348274 0.40147031564253605 0
  outer loop
    vertex 37.694251571119224 59.22764269149581 -2.4
    vertex 37.694251571119224 59.22764269149581 -1.7999999999999998
    vertex 38.12337044033188 58.24869616179758 -1.7999999999999998
  endloop
endfacet
facet normal 0.9158720356348274 0.40147031564253605 0
  outer loop
    vertex 37.694251571119224 59.22764269149581 -2.4
    vertex 38.12337044033188 58.24869616179758 -1.7999999999999998
    vertex 38.12337044033188 58.24869616179758 -2.4
  endloop
endfacet
facet normal 0.9151037685032202 0.4011335475834366 0.040950822633150044
  outer loop
    vertex 37.694251571119224 59.22764269149581 -2.4
    vertex 38.12337044033188 58.24869616179758 -2.4
    vertex 37.88834085396276 58.84612052388283 -3
  endloop
endfacet
facet normal 0.9663938410921176 -0.2570660302319676 0
  outer loop
    vertex 35.447484477944805 22.74701889871153 -3
    vertex 35.43671958796595 22.706550216924953 0
    vertex 35.43671958796595 22.706550216924953 -3
  endloop
endfacet
facet normal 0.9663938410921176 -0.2570660302319676 0
  outer loop
    vertex 35.447484477944805 22.74701889871153 -3
    vertex 35.447484477944805 22.74701889871153 0
    vertex 35.43671958796595 22.706550216924953 0
  endloop
endfacet
facet normal -0.1564344650402349 0.9876883405951371 0
  outer loop
    vertex 36.55498695302176 59.7968040098644 -3
    vertex 37.272385849691815 59.91042883260293 0
    vertex 37.272385849691815 59.91042883260293 -3
  endloop
endfacet
facet normal -0.1564344650402349 0.9876883405951371 0
  outer loop
    vertex 36.55498695302176 59.7968040098644 -3
    vertex 36.55498695302176 59.7968040098644 0
    vertex 37.272385849691815 59.91042883260293 0
  endloop
endfacet
facet normal 0.7556112161775237 -0.6550019954761995 -0.0049067207909510475
  outer loop
    vertex 34.72324996105228 21.47748796248064 -0.6000000000000001
    vertex 34.686539425253294 21.43064394477064 0
    vertex 34.19976682198069 20.869102390239487 0
  endloop
endfacet
facet normal 0.8191127564188384 -0.5736077477180286 0.00533329445870835
  outer loop
    vertex 34.72324996105228 21.47748796248064 -0.6000000000000001
    vertex 35.11276052205069 22.03928833430423 0
    vertex 34.686539425253294 21.43064394477064 0
  endloop
endfacet
facet normal 0.8766975706576113 -0.48103282497431005 0.002964945240170978
  outer loop
    vertex 35.30022664157933 22.37725305518569 -0.6000000000000001
    vertex 35.3178963714624 22.41315492198177 0
    vertex 35.11276052205069 22.03928833430423 0
  endloop
endfacet
facet normal 0.926861275470061 -0.3753728839627911 -0.004834668496241712
  outer loop
    vertex 35.30022664157933 22.37725305518569 -0.6000000000000001
    vertex 35.43671958796595 22.706550216924953 0
    vertex 35.3178963714624 22.41315492198177 0
  endloop
endfacet
facet normal 0.8410841902793381 -0.5393474008779223 -0.041009340745490876
  outer loop
    vertex 35.30022664157933 22.37725305518569 -0.6000000000000001
    vertex 35.11276052205069 22.03928833430423 0
    vertex 34.72324996105228 21.47748796248064 -0.6000000000000001
  endloop
endfacet
facet normal 0.7580179104265071 -0.652233736840277 0
  outer loop
    vertex 34.72324996105228 21.47748796248064 -1.7999999999999998
    vertex 34.19976682198069 20.869102390239487 0
    vertex 34.19976682198069 20.869102390239487 -3
  endloop
endfacet
facet normal 0.7580179104265072 -0.652233736840277 0
  outer loop
    vertex 34.72324996105228 21.47748796248064 -1.7999999999999998
    vertex 34.72324996105228 21.47748796248064 -0.6000000000000001
    vertex 34.19976682198069 20.869102390239487 0
  endloop
endfacet
facet normal 0.7556112161775237 -0.6550019954761995 0.0049067207909510475
  outer loop
    vertex 34.72324996105228 21.47748796248064 -2.4
    vertex 34.19976682198069 20.869102390239487 -3
    vertex 34.686539425253294 21.43064394477064 -3
  endloop
endfacet
facet normal 0.8191127564188384 -0.5736077477180286 -0.00533329445870835
  outer loop
    vertex 34.72324996105228 21.47748796248064 -2.4
    vertex 34.686539425253294 21.43064394477064 -3
    vertex 35.11276052205069 22.03928833430423 -3
  endloop
endfacet
facet normal 0.7580179104265071 -0.652233736840277 0
  outer loop
    vertex 34.72324996105228 21.47748796248064 -2.4
    vertex 34.72324996105228 21.47748796248064 -1.7999999999999998
    vertex 34.19976682198069 20.869102390239487 -3
  endloop
endfacet
facet normal 0.9237866737493057 -0.3829075363624929 0
  outer loop
    vertex 35.30022664157933 22.37725305518569 -1.7999999999999998
    vertex 35.43671958796595 22.706550216924953 -3
    vertex 35.43671958796595 22.706550216924953 0
  endloop
endfacet
facet normal 0.9237866737493057 -0.3829075363624929 0
  outer loop
    vertex 35.30022664157933 22.37725305518569 -1.7999999999999998
    vertex 35.43671958796595 22.706550216924953 0
    vertex 35.30022664157933 22.37725305518569 -0.6000000000000001
  endloop
endfacet
facet normal 0.8417923370165773 -0.5398015017950294 0
  outer loop
    vertex 35.30022664157933 22.37725305518569 -1.7999999999999998
    vertex 34.72324996105228 21.47748796248064 -0.6000000000000001
    vertex 34.72324996105228 21.47748796248064 -1.7999999999999998
  endloop
endfacet
facet normal 0.8417923370165773 -0.5398015017950294 0
  outer loop
    vertex 35.30022664157933 22.37725305518569 -1.7999999999999998
    vertex 35.30022664157933 22.37725305518569 -0.6000000000000001
    vertex 34.72324996105228 21.47748796248064 -0.6000000000000001
  endloop
endfacet
facet normal 0.8766975706576113 -0.48103282497431005 -0.002964945240170978
  outer loop
    vertex 35.30022664157933 22.37725305518569 -2.4
    vertex 35.11276052205069 22.03928833430423 -3
    vertex 35.3178963714624 22.41315492198177 -3
  endloop
endfacet
facet normal 0.926861275470061 -0.3753728839627911 0.004834668496241712
  outer loop
    vertex 35.30022664157933 22.37725305518569 -2.4
    vertex 35.3178963714624 22.41315492198177 -3
    vertex 35.43671958796595 22.706550216924953 -3
  endloop
endfacet
facet normal 0.8417923370165773 -0.5398015017950294 0
  outer loop
    vertex 35.30022664157933 22.37725305518569 -2.4
    vertex 35.30022664157933 22.37725305518569 -1.7999999999999998
    vertex 34.72324996105228 21.47748796248064 -1.7999999999999998
  endloop
endfacet
facet normal 0.9237866737493057 -0.3829075363624929 0
  outer loop
    vertex 35.30022664157933 22.37725305518569 -2.4
    vertex 35.43671958796595 22.706550216924953 -3
    vertex 35.30022664157933 22.37725305518569 -1.7999999999999998
  endloop
endfacet
facet normal 0.8410841902793381 -0.5393474008779223 0.041009340745490876
  outer loop
    vertex 35.30022664157933 22.37725305518569 -2.4
    vertex 34.72324996105228 21.47748796248064 -2.4
    vertex 35.11276052205069 22.03928833430423 -3
  endloop
endfacet
facet normal 0.8417923370165773 -0.5398015017950294 0
  outer loop
    vertex 35.30022664157933 22.37725305518569 -2.4
    vertex 34.72324996105228 21.47748796248064 -1.7999999999999998
    vertex 34.72324996105228 21.47748796248064 -2.4
  endloop
endfacet
facet normal -0.9706192066207187 0.24057073768446208 -0.004906720790957077
  outer loop
    vertex 36.36476133078246 59.017072123863144 -0.6000000000000001
    vertex 36.37620391867583 59.07547668375502 0
    vertex 36.55498695302176 59.7968040098644 0
  endloop
endfacet
facet normal -0.9902472780560895 0.13921883591210846 0.005333294458702205
  outer loop
    vertex 36.36476133078246 59.017072123863144 -0.6000000000000001
    vertex 36.27275691125067 58.33967023303535 0
    vertex 36.37620391867583 59.07547668375502 0
  endloop
endfacet
facet normal -0.9995275877972309 0.030591017177791502 0.002964945240047602
  outer loop
    vertex 36.25915614821368 57.953433624495446 -0.6000000000000001
    vertex 36.259711410055516 57.913422937451415 0
    vertex 36.27275691125067 58.33967023303535 0
  endloop
endfacet
facet normal -0.9962551666403499 -0.08632652502529169 -0.004834668496025235
  outer loop
    vertex 36.25915614821368 57.953433624495446 -0.6000000000000001
    vertex 36.28703782549833 57.59806120404805 0
    vertex 36.259711410055516 57.913422937451415 0
  endloop
endfacet
facet normal -0.9942700969883754 0.09871782111831763 -0.04100934074547259
  outer loop
    vertex 36.25915614821368 57.953433624495446 -0.6000000000000001
    vertex 36.27275691125067 58.33967023303535 0
    vertex 36.36476133078246 59.017072123863144 -0.6000000000000001
  endloop
endfacet
facet normal -0.9715068237767599 0.2370115848543936 0
  outer loop
    vertex 36.36476133078246 59.017072123863144 -1.7999999999999998
    vertex 36.55498695302176 59.7968040098644 0
    vertex 36.55498695302176 59.7968040098644 -3
  endloop
endfacet
facet normal -0.9715068237767601 0.23701158485439364 0
  outer loop
    vertex 36.36476133078246 59.017072123863144 -1.7999999999999998
    vertex 36.36476133078246 59.017072123863144 -0.6000000000000001
    vertex 36.55498695302176 59.7968040098644 0
  endloop
endfacet
facet normal -0.9706192066207187 0.24057073768446208 0.004906720790957077
  outer loop
    vertex 36.36476133078246 59.017072123863144 -2.4
    vertex 36.55498695302176 59.7968040098644 -3
    vertex 36.37620391867583 59.07547668375502 -3
  endloop
endfacet
facet normal -0.9902472780560895 0.13921883591210846 -0.005333294458702205
  outer loop
    vertex 36.36476133078246 59.017072123863144 -2.4
    vertex 36.37620391867583 59.07547668375502 -3
    vertex 36.27275691125067 58.33967023303535 -3
  endloop
endfacet
facet normal -0.97150682377676 0.2370115848543936 0
  outer loop
    vertex 36.36476133078246 59.017072123863144 -2.4
    vertex 36.36476133078246 59.017072123863144 -1.7999999999999998
    vertex 36.55498695302176 59.7968040098644 -3
  endloop
endfacet
facet normal -0.9969363370561481 -0.07821726060832325 0
  outer loop
    vertex 36.25915614821368 57.953433624495446 -1.7999999999999998
    vertex 36.28703782549833 57.59806120404805 -3
    vertex 36.28703782549833 57.59806120404805 0
  endloop
endfacet
facet normal -0.9969363370561483 -0.07821726060832326 0
  outer loop
    vertex 36.25915614821368 57.953433624495446 -1.7999999999999998
    vertex 36.28703782549833 57.59806120404805 0
    vertex 36.25915614821368 57.953433624495446 -0.6000000000000001
  endloop
endfacet
facet normal -0.9951072178536271 0.09880093610697174 0
  outer loop
    vertex 36.25915614821368 57.953433624495446 -1.7999999999999998
    vertex 36.36476133078246 59.017072123863144 -0.6000000000000001
    vertex 36.36476133078246 59.017072123863144 -1.7999999999999998
  endloop
endfacet
facet normal -0.9951072178536271 0.09880093610697174 0
  outer loop
    vertex 36.25915614821368 57.953433624495446 -1.7999999999999998
    vertex 36.25915614821368 57.953433624495446 -0.6000000000000001
    vertex 36.36476133078246 59.017072123863144 -0.6000000000000001
  endloop
endfacet
facet normal -0.9995275877972309 0.030591017177791502 -0.002964945240047602
  outer loop
    vertex 36.25915614821368 57.953433624495446 -2.4
    vertex 36.27275691125067 58.33967023303535 -3
    vertex 36.259711410055516 57.913422937451415 -3
  endloop
endfacet
facet normal -0.9962551666403499 -0.08632652502529169 0.004834668496025235
  outer loop
    vertex 36.25915614821368 57.953433624495446 -2.4
    vertex 36.259711410055516 57.913422937451415 -3
    vertex 36.28703782549833 57.59806120404805 -3
  endloop
endfacet
facet normal -0.9951072178536271 0.09880093610697176 0
  outer loop
    vertex 36.25915614821368 57.953433624495446 -2.4
    vertex 36.25915614821368 57.953433624495446 -1.7999999999999998
    vertex 36.36476133078246 59.017072123863144 -1.7999999999999998
  endloop
endfacet
facet normal -0.9969363370561483 -0.07821726060832328 0
  outer loop
    vertex 36.25915614821368 57.953433624495446 -2.4
    vertex 36.28703782549833 57.59806120404805 -3
    vertex 36.25915614821368 57.953433624495446 -1.7999999999999998
  endloop
endfacet
facet normal -0.9942700969883754 0.09871782111831763 0.04100934074547259
  outer loop
    vertex 36.25915614821368 57.953433624495446 -2.4
    vertex 36.36476133078246 59.017072123863144 -2.4
    vertex 36.27275691125067 58.33967023303535 -3
  endloop
endfacet
facet normal -0.9951072178536271 0.09880093610697176 0
  outer loop
    vertex 36.25915614821368 57.953433624495446 -2.4
    vertex 36.36476133078246 59.017072123863144 -1.7999999999999998
    vertex 36.36476133078246 59.017072123863144 -2.4
  endloop
endfacet
facet normal -0.30901699437494057 -0.9510565162951559 0
  outer loop
    vertex 34.19976682198069 20.869102390239487 -3
    vertex 33.50897513454426 21.093554215481543 0
    vertex 33.50897513454426 21.093554215481543 -3
  endloop
endfacet
facet normal -0.30901699437494057 -0.9510565162951559 0
  outer loop
    vertex 34.19976682198069 20.869102390239487 -3
    vertex 34.19976682198069 20.869102390239487 0
    vertex 33.50897513454426 21.093554215481543 0
  endloop
endfacet
facet normal -0.9777687528796101 -0.20968611277872445 0
  outer loop
    vertex 36.29581863536309 57.557116186769775 -3
    vertex 36.28703782549833 57.59806120404805 0
    vertex 36.28703782549833 57.59806120404805 -3
  endloop
endfacet
facet normal -0.9777687528796101 -0.20968611277872445 0
  outer loop
    vertex 36.29581863536309 57.557116186769775 -3
    vertex 36.29581863536309 57.557116186769775 0
    vertex 36.28703782549833 57.59806120404805 0
  endloop
endfacet
facet normal -0.9753602611280093 0.22048162809942953 0.007759683171762654
  outer loop
    vertex 33.50515315795264 22.960507786201422 -0.6000000000000001
    vertex 33.493969466716656 22.889917152226495 0
    vertex 33.58828406000566 23.307143327175922 0
  endloop
endfacet
facet normal -0.9960239258817571 0.08871456764013529 -0.008128010796977222
  outer loop
    vertex 33.50515315795264 22.960507786201422 -0.6000000000000001
    vertex 33.44334106808515 22.321497582504676 0
    vertex 33.493969466716656 22.889917152226495 0
  endloop
endfacet
facet normal -0.9998613733438823 -0.013336343313157771 0.009968753278096768
  outer loop
    vertex 33.44306844583747 21.893444151527213 -0.6000000000000001
    vertex 33.45155007882646 21.70604606323374 0
    vertex 33.44334106808515 22.321497582504676 0
  endloop
endfacet
facet normal -0.9955204310826296 -0.09333645244900936 -0.015079056379260214
  outer loop
    vertex 33.44306844583747 21.893444151527213 -0.6000000000000001
    vertex 33.50897513454426 21.093554215481543 0
    vertex 33.45155007882646 21.70604606323374 0
  endloop
endfacet
facet normal -0.9974742477754335 0.058035809208645456 -0.04095082263314102
  outer loop
    vertex 33.44306844583747 21.893444151527213 -0.6000000000000001
    vertex 33.44334106808515 22.321497582504676 0
    vertex 33.50515315795264 22.960507786201422 -0.6000000000000001
  endloop
endfacet
facet normal -0.9724265211058092 0.23320947890266727 0
  outer loop
    vertex 33.50515315795264 22.960507786201422 -1.7999999999999998
    vertex 33.58828406000566 23.307143327175922 0
    vertex 33.58828406000566 23.307143327175922 -3
  endloop
endfacet
facet normal -0.972426521105809 0.23320947890266722 0
  outer loop
    vertex 33.50515315795264 22.960507786201422 -1.7999999999999998
    vertex 33.50515315795264 22.960507786201422 -0.6000000000000001
    vertex 33.58828406000566 23.307143327175922 0
  endloop
endfacet
facet normal -0.9753602611280093 0.22048162809942953 -0.007759683171762654
  outer loop
    vertex 33.50515315795264 22.960507786201422 -2.4
    vertex 33.58828406000566 23.307143327175922 -3
    vertex 33.493969466716656 22.889917152226495 -3
  endloop
endfacet
facet normal -0.9960239258817571 0.08871456764013529 0.008128010796977222
  outer loop
    vertex 33.50515315795264 22.960507786201422 -2.4
    vertex 33.493969466716656 22.889917152226495 -3
    vertex 33.44334106808515 22.321497582504676 -3
  endloop
endfacet
facet normal -0.9724265211058091 0.23320947890266722 0
  outer loop
    vertex 33.50515315795264 22.960507786201422 -2.4
    vertex 33.50515315795264 22.960507786201422 -1.7999999999999998
    vertex 33.58828406000566 23.307143327175922 -3
  endloop
endfacet
facet normal -0.9966227431379564 -0.08211642868619563 0
  outer loop
    vertex 33.44306844583747 21.893444151527213 -1.7999999999999998
    vertex 33.50897513454426 21.093554215481543 -3
    vertex 33.50897513454426 21.093554215481543 0
  endloop
endfacet
facet normal -0.9966227431379563 -0.08211642868619562 0
  outer loop
    vertex 33.44306844583747 21.893444151527213 -1.7999999999999998
    vertex 33.50897513454426 21.093554215481543 0
    vertex 33.44306844583747 21.893444151527213 -0.6000000000000001
  endloop
endfacet
facet normal -0.9983116683014615 0.05808453264986146 0
  outer loop
    vertex 33.44306844583747 21.893444151527213 -1.7999999999999998
    vertex 33.50515315795264 22.960507786201422 -0.6000000000000001
    vertex 33.50515315795264 22.960507786201422 -1.7999999999999998
  endloop
endfacet
facet normal -0.9983116683014615 0.05808453264986146 0
  outer loop
    vertex 33.44306844583747 21.893444151527213 -1.7999999999999998
    vertex 33.44306844583747 21.893444151527213 -0.6000000000000001
    vertex 33.50515315795264 22.960507786201422 -0.6000000000000001
  endloop
endfacet
facet normal -0.9998613733438823 -0.013336343313157771 -0.009968753278096768
  outer loop
    vertex 33.44306844583747 21.893444151527213 -2.4
    vertex 33.44334106808515 22.321497582504676 -3
    vertex 33.45155007882646 21.70604606323374 -3
  endloop
endfacet
facet normal -0.9955204310826296 -0.09333645244900936 0.015079056379260214
  outer loop
    vertex 33.44306844583747 21.893444151527213 -2.4
    vertex 33.45155007882646 21.70604606323374 -3
    vertex 33.50897513454426 21.093554215481543 -3
  endloop
endfacet
facet normal -0.9966227431379564 -0.08211642868619563 0
  outer loop
    vertex 33.44306844583747 21.893444151527213 -2.4
    vertex 33.50897513454426 21.093554215481543 -3
    vertex 33.44306844583747 21.893444151527213 -1.7999999999999998
  endloop
endfacet
facet normal -0.9983116683014616 0.058084532649861464 0
  outer loop
    vertex 33.44306844583747 21.893444151527213 -2.4
    vertex 33.44306844583747 21.893444151527213 -1.7999999999999998
    vertex 33.50515315795264 22.960507786201422 -1.7999999999999998
  endloop
endfacet
facet normal -0.9983116683014616 0.058084532649861464 0
  outer loop
    vertex 33.44306844583747 21.893444151527213 -2.4
    vertex 33.50515315795264 22.960507786201422 -1.7999999999999998
    vertex 33.50515315795264 22.960507786201422 -2.4
  endloop
endfacet
facet normal -0.9974742477754335 0.058035809208645456 0.04095082263314102
  outer loop
    vertex 33.44306844583747 21.893444151527213 -2.4
    vertex 33.50515315795264 22.960507786201422 -2.4
    vertex 33.44334106808515 22.321497582504676 -3
  endloop
endfacet
facet normal -0.2334453638559072 0.9723699203976762 0
  outer loop
    vertex 35.447484477944805 57.353449174971516 -3
    vertex 36.29581863536309 57.557116186769775 0
    vertex 36.29581863536309 57.557116186769775 -3
  endloop
endfacet
facet normal -0.2334453638559072 0.9723699203976762 0
  outer loop
    vertex 35.447484477944805 57.353449174971516 -3
    vertex 35.447484477944805 57.353449174971516 0
    vertex 36.29581863536309 57.557116186769775 0
  endloop
endfacet
facet normal -0.9329286621385109 0.36006126056609916 0
  outer loop
    vertex 33.58828406000566 23.307143327175922 -3
    vertex 33.60336197540406 23.34621062205333 0
    vertex 33.60336197540406 23.34621062205333 -3
  endloop
endfacet
facet normal -0.9329286621385109 0.36006126056609916 0
  outer loop
    vertex 33.58828406000566 23.307143327175922 -3
    vertex 33.58828406000566 23.307143327175922 0
    vertex 33.60336197540406 23.34621062205333 0
  endloop
endfacet
facet normal 0.9663938410921599 0.2570660302318092 0
  outer loop
    vertex 35.43671958796596 57.393917856758094 -3
    vertex 35.447484477944805 57.353449174971516 0
    vertex 35.447484477944805 57.353449174971516 -3
  endloop
endfacet
facet normal 0.9663938410921599 0.2570660302318092 0
  outer loop
    vertex 35.43671958796596 57.393917856758094 -3
    vertex 35.43671958796596 57.393917856758094 0
    vertex 35.447484477944805 57.353449174971516 0
  endloop
endfacet
facet normal -0.38268343236509444 -0.9238795325112849 0
  outer loop
    vertex 33.60336197540406 23.34621062205333 -3
    vertex 32.79733275923043 23.68007885506141 0
    vertex 32.79733275923043 23.68007885506141 -3
  endloop
endfacet
facet normal -0.38268343236509444 -0.9238795325112849 0
  outer loop
    vertex 33.60336197540406 23.34621062205333 -3
    vertex 33.60336197540406 23.34621062205333 0
    vertex 32.79733275923043 23.68007885506141 0
  endloop
endfacet
facet normal 0.918678876288835 0.3949289930832599 0.007759683171742824
  outer loop
    vertex 35.300226641579336 57.723215018497356 -0.6000000000000001
    vertex 35.267782304248726 57.78689764980134 0
    vertex 35.43671958796596 57.393917856758094 0
  endloop
endfacet
facet normal 0.8579453973647879 0.5136765816942218 -0.008128010796960882
  outer loop
    vertex 35.300226641579336 57.723215018497356 -0.6000000000000001
    vertex 34.974632898942815 58.2765173677042 0
    vertex 35.267782304248726 57.78689764980134 0
  endloop
endfacet
facet normal 0.8010659371353278 0.5984930979715466 0.009968753278103414
  outer loop
    vertex 34.72324996105229 58.622980111202416 -0.6000000000000001
    vertex 34.606238343217555 58.769602970558786 0
    vertex 34.974632898942815 58.2765173677042 0
  endloop
endfacet
facet normal 0.7505311567424975 0.6606630039721312 -0.015079056379247455
  outer loop
    vertex 34.72324996105229 58.622980111202416 -0.6000000000000001
    vertex 34.1997668219807 59.23136568344356 0
    vertex 34.606238343217555 58.769602970558786 0
  endloop
endfacet
facet normal 0.8410862106593975 0.5393486964518269 -0.040950822633138526
  outer loop
    vertex 34.72324996105229 58.622980111202416 -0.6000000000000001
    vertex 34.974632898942815 58.2765173677042 0
    vertex 35.300226641579336 57.723215018497356 -0.6000000000000001
  endloop
endfacet
facet normal 0.9237866737493057 0.3829075363624929 0
  outer loop
    vertex 35.300226641579336 57.723215018497356 -1.7999999999999998
    vertex 35.43671958796596 57.393917856758094 0
    vertex 35.43671958796596 57.393917856758094 -3
  endloop
endfacet
facet normal 0.9237866737493057 0.3829075363624929 0
  outer loop
    vertex 35.300226641579336 57.723215018497356 -1.7999999999999998
    vertex 35.300226641579336 57.723215018497356 -0.6000000000000001
    vertex 35.43671958796596 57.393917856758094 0
  endloop
endfacet
facet normal 0.918678876288835 0.3949289930832599 -0.007759683171742824
  outer loop
    vertex 35.300226641579336 57.723215018497356 -2.4
    vertex 35.43671958796596 57.393917856758094 -3
    vertex 35.267782304248726 57.78689764980134 -3
  endloop
endfacet
facet normal 0.8579453973647879 0.5136765816942218 0.008128010796960882
  outer loop
    vertex 35.300226641579336 57.723215018497356 -2.4
    vertex 35.267782304248726 57.78689764980134 -3
    vertex 34.974632898942815 58.2765173677042 -3
  endloop
endfacet
facet normal 0.9237866737493057 0.3829075363624929 0
  outer loop
    vertex 35.300226641579336 57.723215018497356 -2.4
    vertex 35.300226641579336 57.723215018497356 -1.7999999999999998
    vertex 35.43671958796596 57.393917856758094 -3
  endloop
endfacet
facet normal 0.7580179104265078 0.6522337368402763 0
  outer loop
    vertex 34.72324996105229 58.622980111202416 -1.7999999999999998
    vertex 34.1997668219807 59.23136568344356 -3
    vertex 34.1997668219807 59.23136568344356 0
  endloop
endfacet
facet normal 0.7580179104265079 0.6522337368402763 0
  outer loop
    vertex 34.72324996105229 58.622980111202416 -1.7999999999999998
    vertex 34.1997668219807 59.23136568344356 0
    vertex 34.72324996105229 58.622980111202416 -0.6000000000000001
  endloop
endfacet
facet normal 0.8417923370165803 0.5398015017950248 0
  outer loop
    vertex 34.72324996105229 58.622980111202416 -1.7999999999999998
    vertex 35.300226641579336 57.723215018497356 -0.6000000000000001
    vertex 35.300226641579336 57.723215018497356 -1.7999999999999998
  endloop
endfacet
facet normal 0.8417923370165803 0.5398015017950248 0
  outer loop
    vertex 34.72324996105229 58.622980111202416 -1.7999999999999998
    vertex 34.72324996105229 58.622980111202416 -0.6000000000000001
    vertex 35.300226641579336 57.723215018497356 -0.6000000000000001
  endloop
endfacet
facet normal 0.8010659371353278 0.5984930979715466 -0.009968753278103414
  outer loop
    vertex 34.72324996105229 58.622980111202416 -2.4
    vertex 34.974632898942815 58.2765173677042 -3
    vertex 34.606238343217555 58.769602970558786 -3
  endloop
endfacet
facet normal 0.7505311567424975 0.6606630039721312 0.015079056379247455
  outer loop
    vertex 34.72324996105229 58.622980111202416 -2.4
    vertex 34.606238343217555 58.769602970558786 -3
    vertex 34.1997668219807 59.23136568344356 -3
  endloop
endfacet
facet normal 0.7580179104265078 0.6522337368402763 0
  outer loop
    vertex 34.72324996105229 58.622980111202416 -2.4
    vertex 34.1997668219807 59.23136568344356 -3
    vertex 34.72324996105229 58.622980111202416 -1.7999999999999998
  endloop
endfacet
facet normal 0.8417923370165802 0.539801501795025 0
  outer loop
    vertex 34.72324996105229 58.622980111202416 -2.4
    vertex 34.72324996105229 58.622980111202416 -1.7999999999999998
    vertex 35.300226641579336 57.723215018497356 -1.7999999999999998
  endloop
endfacet
facet normal 0.8417923370165802 0.539801501795025 0
  outer loop
    vertex 34.72324996105229 58.622980111202416 -2.4
    vertex 35.300226641579336 57.723215018497356 -1.7999999999999998
    vertex 35.300226641579336 57.723215018497356 -2.4
  endloop
endfacet
facet normal 0.8410862106593975 0.5393486964518269 0.040950822633138526
  outer loop
    vertex 34.72324996105229 58.622980111202416 -2.4
    vertex 35.300226641579336 57.723215018497356 -2.4
    vertex 34.974632898942815 58.2765173677042 -3
  endloop
endfacet
facet normal 0.914281942350238 -0.40507842437270886 0
  outer loop
    vertex 32.79733275923043 23.68007885506141 -3
    vertex 32.78036970632436 23.641792409706614 0
    vertex 32.78036970632436 23.641792409706614 -3
  endloop
endfacet
facet normal 0.914281942350238 -0.40507842437270886 0
  outer loop
    vertex 32.79733275923043 23.68007885506141 -3
    vertex 32.79733275923043 23.68007885506141 0
    vertex 32.78036970632436 23.641792409706614 0
  endloop
endfacet
facet normal -0.3090169943749554 0.951056516295151 0
  outer loop
    vertex 33.508975134544265 59.00691385820149 -3
    vertex 34.1997668219807 59.23136568344356 0
    vertex 34.1997668219807 59.23136568344356 -3
  endloop
endfacet
facet normal -0.3090169943749554 0.951056516295151 0
  outer loop
    vertex 33.508975134544265 59.00691385820149 -3
    vertex 33.508975134544265 59.00691385820149 0
    vertex 34.1997668219807 59.23136568344356 0
  endloop
endfacet
facet normal 0.6438435014788417 -0.7651414703795268 -0.004906720790958597
  outer loop
    vertex 31.88341637817783 22.539473190535077 -0.6000000000000001
    vertex 31.839829791141376 22.49894869344533 0
    vertex 31.27120571368694 22.02046865906444 0
  endloop
endfacet
facet normal 0.7192960979904391 -0.6946831503541349 0.00533329445870229
  outer loop
    vertex 31.88341637817783 22.539473190535077 -0.6000000000000001
    vertex 32.35601635844026 23.03342399128995 0
    vertex 31.839829791141376 22.49894869344533 0
  endloop
endfacet
facet normal 0.7906538561248413 -0.6122562281387116 0.002964945240051083
  outer loop
    vertex 32.594043789268866 23.337901643515423 -0.6000000000000001
    vertex 32.61711226478111 23.370597344012527 0
    vertex 32.35601635844026 23.03342399128995 0
  endloop
endfacet
facet normal 0.8567288188374236 -0.5157444686605632 -0.004834668496038789
  outer loop
    vertex 32.594043789268866 23.337901643515423 -0.6000000000000001
    vertex 32.78036970632436 23.641792409706614 0
    vertex 32.61711226478111 23.370597344012527 0
  endloop
endfacet
facet normal 0.7463565260706299 -0.6642816947375577 -0.041009340745486025
  outer loop
    vertex 32.594043789268866 23.337901643515423 -0.6000000000000001
    vertex 32.35601635844026 23.03342399128995 0
    vertex 31.88341637817783 22.539473190535077 -0.6000000000000001
  endloop
endfacet
facet normal 0.646653616386748 -0.7627837835284259 0
  outer loop
    vertex 31.88341637817783 22.539473190535077 -1.7999999999999998
    vertex 31.27120571368694 22.02046865906444 0
    vertex 31.27120571368694 22.02046865906444 -3
  endloop
endfacet
facet normal 0.646653616386748 -0.7627837835284259 0
  outer loop
    vertex 31.88341637817783 22.539473190535077 -1.7999999999999998
    vertex 31.88341637817783 22.539473190535077 -0.6000000000000001
    vertex 31.27120571368694 22.02046865906444 0
  endloop
endfacet
facet normal 0.6438435014788417 -0.7651414703795268 0.004906720790958597
  outer loop
    vertex 31.88341637817783 22.539473190535077 -2.4
    vertex 31.27120571368694 22.02046865906444 -3
    vertex 31.839829791141376 22.49894869344533 -3
  endloop
endfacet
facet normal 0.7192960979904391 -0.6946831503541349 -0.00533329445870229
  outer loop
    vertex 31.88341637817783 22.539473190535077 -2.4
    vertex 31.839829791141376 22.49894869344533 -3
    vertex 32.35601635844026 23.03342399128995 -3
  endloop
endfacet
facet normal 0.646653616386748 -0.7627837835284259 0
  outer loop
    vertex 31.88341637817783 22.539473190535077 -2.4
    vertex 31.88341637817783 22.539473190535077 -1.7999999999999998
    vertex 31.27120571368694 22.02046865906444 -3
  endloop
endfacet
facet normal 0.8525133912486236 -0.5227053833104944 0
  outer loop
    vertex 32.594043789268866 23.337901643515423 -1.7999999999999998
    vertex 32.78036970632436 23.641792409706614 -3
    vertex 32.78036970632436 23.641792409706614 0
  endloop
endfacet
facet normal 0.8525133912486238 -0.5227053833104945 0
  outer loop
    vertex 32.594043789268866 23.337901643515423 -1.7999999999999998
    vertex 32.78036970632436 23.641792409706614 0
    vertex 32.594043789268866 23.337901643515423 -0.6000000000000001
  endloop
endfacet
facet normal 0.7469849173123894 -0.6648409834748478 0
  outer loop
    vertex 32.594043789268866 23.337901643515423 -1.7999999999999998
    vertex 31.88341637817783 22.539473190535077 -0.6000000000000001
    vertex 31.88341637817783 22.539473190535077 -1.7999999999999998
  endloop
endfacet
facet normal 0.7469849173123894 -0.6648409834748478 0
  outer loop
    vertex 32.594043789268866 23.337901643515423 -1.7999999999999998
    vertex 32.594043789268866 23.337901643515423 -0.6000000000000001
    vertex 31.88341637817783 22.539473190535077 -0.6000000000000001
  endloop
endfacet
facet normal 0.7906538561248413 -0.6122562281387116 -0.002964945240051083
  outer loop
    vertex 32.594043789268866 23.337901643515423 -2.4
    vertex 32.35601635844026 23.03342399128995 -3
    vertex 32.61711226478111 23.370597344012527 -3
  endloop
endfacet
facet normal 0.8567288188374236 -0.5157444686605632 0.004834668496038789
  outer loop
    vertex 32.594043789268866 23.337901643515423 -2.4
    vertex 32.61711226478111 23.370597344012527 -3
    vertex 32.78036970632436 23.641792409706614 -3
  endloop
endfacet
facet normal 0.7469849173123894 -0.6648409834748478 0
  outer loop
    vertex 32.594043789268866 23.337901643515423 -2.4
    vertex 32.594043789268866 23.337901643515423 -1.7999999999999998
    vertex 31.88341637817783 22.539473190535077 -1.7999999999999998
  endloop
endfacet
facet normal 0.8525133912486237 -0.5227053833104945 0
  outer loop
    vertex 32.594043789268866 23.337901643515423 -2.4
    vertex 32.78036970632436 23.641792409706614 -3
    vertex 32.594043789268866 23.337901643515423 -1.7999999999999998
  endloop
endfacet
facet normal 0.7463565260706299 -0.6642816947375577 0.041009340745486025
  outer loop
    vertex 32.594043789268866 23.337901643515423 -2.4
    vertex 31.88341637817783 22.539473190535077 -2.4
    vertex 32.35601635844026 23.03342399128995 -3
  endloop
endfacet
facet normal 0.7469849173123894 -0.6648409834748478 0
  outer loop
    vertex 32.594043789268866 23.337901643515423 -2.4
    vertex 31.88341637817783 22.539473190535077 -1.7999999999999998
    vertex 31.88341637817783 22.539473190535077 -2.4
  endloop
endfacet
facet normal -0.9963028281909904 0.08577061635381733 -0.004906720790944223
  outer loop
    vertex 33.44306844583747 58.20702392215584 -0.6000000000000001
    vertex 33.4452336704034 58.266499440114416 0
    vertex 33.508975134544265 59.00691385820149 0
  endloop
endfacet
facet normal -0.9998343149615053 -0.01740398217862247 0.00533329445871348
  outer loop
    vertex 33.44306844583747 58.20702392215584 -0.6000000000000001
    vertex 33.45816575579158 57.52356931053734 0
    vertex 33.4452336704034 58.266499440114416 0
  endloop
endfacet
facet normal -0.9920072339777466 -0.12614617249660678 0.002964945240070913
  outer loop
    vertex 33.50515315795265 57.13996028748163 -0.6000000000000001
    vertex 33.51196063402348 57.10052906047799 0
    vertex 33.45816575579158 57.52356931053734 0
  endloop
endfacet
facet normal -0.9704851685872147 -0.2411123462885681 -0.0048346684960484726
  outer loop
    vertex 33.50515315795265 57.13996028748163 -0.6000000000000001
    vertex 33.58828406000568 56.793324746507125 0
    vertex 33.51196063402348 57.10052906047799 0
  endloop
endfacet
facet normal -0.9974718517343959 -0.05803566980036059 -0.04100934074547677
  outer loop
    vertex 33.50515315795265 57.13996028748163 -0.6000000000000001
    vertex 33.45816575579158 57.52356931053734 0
    vertex 33.44306844583747 58.20702392215584 -0.6000000000000001
  endloop
endfacet
facet normal -0.9966227431379555 0.08211642868620624 0
  outer loop
    vertex 33.44306844583747 58.20702392215584 -1.7999999999999998
    vertex 33.508975134544265 59.00691385820149 0
    vertex 33.508975134544265 59.00691385820149 -3
  endloop
endfacet
facet normal -0.9966227431379554 0.08211642868620622 0
  outer loop
    vertex 33.44306844583747 58.20702392215584 -1.7999999999999998
    vertex 33.44306844583747 58.20702392215584 -0.6000000000000001
    vertex 33.508975134544265 59.00691385820149 0
  endloop
endfacet
facet normal -0.9963028281909904 0.08577061635381733 0.004906720790944223
  outer loop
    vertex 33.44306844583747 58.20702392215584 -2.4
    vertex 33.508975134544265 59.00691385820149 -3
    vertex 33.4452336704034 58.266499440114416 -3
  endloop
endfacet
facet normal -0.9998343149615053 -0.01740398217862247 -0.00533329445871348
  outer loop
    vertex 33.44306844583747 58.20702392215584 -2.4
    vertex 33.4452336704034 58.266499440114416 -3
    vertex 33.45816575579158 57.52356931053734 -3
  endloop
endfacet
facet normal -0.9966227431379554 0.08211642868620622 0
  outer loop
    vertex 33.44306844583747 58.20702392215584 -2.4
    vertex 33.44306844583747 58.20702392215584 -1.7999999999999998
    vertex 33.508975134544265 59.00691385820149 -3
  endloop
endfacet
facet normal -0.972426521105805 -0.2332094789026838 0
  outer loop
    vertex 33.50515315795265 57.13996028748163 -1.7999999999999998
    vertex 33.58828406000568 56.793324746507125 -3
    vertex 33.58828406000568 56.793324746507125 0
  endloop
endfacet
facet normal -0.972426521105805 -0.2332094789026838 0
  outer loop
    vertex 33.50515315795265 57.13996028748163 -1.7999999999999998
    vertex 33.58828406000568 56.793324746507125 0
    vertex 33.50515315795265 57.13996028748163 -0.6000000000000001
  endloop
endfacet
facet normal -0.9983116683014612 -0.0580845326498679 0
  outer loop
    vertex 33.50515315795265 57.13996028748163 -1.7999999999999998
    vertex 33.44306844583747 58.20702392215584 -0.6000000000000001
    vertex 33.44306844583747 58.20702392215584 -1.7999999999999998
  endloop
endfacet
facet normal -0.9983116683014612 -0.0580845326498679 0
  outer loop
    vertex 33.50515315795265 57.13996028748163 -1.7999999999999998
    vertex 33.50515315795265 57.13996028748163 -0.6000000000000001
    vertex 33.44306844583747 58.20702392215584 -0.6000000000000001
  endloop
endfacet
facet normal -0.9920072339777466 -0.12614617249660678 -0.002964945240070913
  outer loop
    vertex 33.50515315795265 57.13996028748163 -2.4
    vertex 33.45816575579158 57.52356931053734 -3
    vertex 33.51196063402348 57.10052906047799 -3
  endloop
endfacet
facet normal -0.9704851685872147 -0.2411123462885681 0.0048346684960484726
  outer loop
    vertex 33.50515315795265 57.13996028748163 -2.4
    vertex 33.51196063402348 57.10052906047799 -3
    vertex 33.58828406000568 56.793324746507125 -3
  endloop
endfacet
facet normal -0.998311668301461 -0.05808453264986788 0
  outer loop
    vertex 33.50515315795265 57.13996028748163 -2.4
    vertex 33.50515315795265 57.13996028748163 -1.7999999999999998
    vertex 33.44306844583747 58.20702392215584 -1.7999999999999998
  endloop
endfacet
facet normal -0.9724265211058051 -0.23320947890268381 0
  outer loop
    vertex 33.50515315795265 57.13996028748163 -2.4
    vertex 33.58828406000568 56.793324746507125 -3
    vertex 33.50515315795265 57.13996028748163 -1.7999999999999998
  endloop
endfacet
facet normal -0.9974718517343959 -0.05803566980036059 0.04100934074547677
  outer loop
    vertex 33.50515315795265 57.13996028748163 -2.4
    vertex 33.44306844583747 58.20702392215584 -2.4
    vertex 33.45816575579158 57.52356931053734 -3
  endloop
endfacet
facet normal -0.998311668301461 -0.05808453264986788 0
  outer loop
    vertex 33.50515315795265 57.13996028748163 -2.4
    vertex 33.44306844583747 58.20702392215584 -1.7999999999999998
    vertex 33.44306844583747 58.20702392215584 -2.4
  endloop
endfacet
facet normal -0.45399049973953687 -0.891006524188373 0
  outer loop
    vertex 31.27120571368694 22.02046865906444 -3
    vertex 30.624030819434974 22.350220737959674 0
    vertex 30.624030819434974 22.350220737959674 -3
  endloop
endfacet
facet normal -0.45399049973953687 -0.891006524188373 0
  outer loop
    vertex 31.27120571368694 22.02046865906444 -3
    vertex 31.27120571368694 22.02046865906444 0
    vertex 30.624030819434974 22.350220737959674 0
  endloop
endfacet
facet normal -0.932928662138579 -0.360061260565923 0
  outer loop
    vertex 33.60336197540407 56.75425745162971 -3
    vertex 33.58828406000568 56.793324746507125 0
    vertex 33.58828406000568 56.793324746507125 -3
  endloop
endfacet
facet normal -0.932928662138579 -0.360061260565923 0
  outer loop
    vertex 33.60336197540407 56.75425745162971 -3
    vertex 33.60336197540407 56.75425745162971 0
    vertex 33.58828406000568 56.793324746507125 0
  endloop
endfacet
facet normal -0.9288610322530293 0.3703470940603023 0.007759683171762442
  outer loop
    vertex 30.912311780807926 24.194786901055664 -0.6000000000000001
    vertex 30.890222971306578 24.12681486967901 0
    vertex 31.04864494892513 24.524150245121092 0
  endloop
endfacet
facet normal -0.969883202617154 0.2434348141116557 -0.008128010796999628
  outer loop
    vertex 30.912311780807926 24.194786901055664 -0.6000000000000001
    vertex 30.751297480967388 23.573313514554304 0
    vertex 30.890222971306578 24.12681486967901 0
  endloop
endfacet
facet normal -0.9896376843949858 0.14324062825682926 0.009968753278093653
  outer loop
    vertex 30.68406590566842 23.15057277914179 -0.6000000000000001
    vertex 30.66312759598909 22.964155052565108 0
    vertex 30.751297480967388 23.573313514554304 0
  endloop
endfacet
facet normal -0.9978649606121723 0.06354638023663374 -0.015079056379266237
  outer loop
    vertex 30.68406590566842 23.15057277914179 -0.6000000000000001
    vertex 30.624030819434974 22.350220737959674 0
    vertex 30.66312759598909 22.964155052565108 0
  endloop
endfacet
facet normal -0.9761148838049695 0.21336064243453998 -0.040950822633142904
  outer loop
    vertex 30.68406590566842 23.15057277914179 -0.6000000000000001
    vertex 30.751297480967388 23.573313514554304 0
    vertex 30.912311780807926 24.194786901055664 -0.6000000000000001
  endloop
endfacet
facet normal -0.9239723369072486 0.3824593058485542 0
  outer loop
    vertex 30.912311780807926 24.194786901055664 -1.7999999999999998
    vertex 31.04864494892513 24.524150245121092 0
    vertex 31.04864494892513 24.524150245121092 -3
  endloop
endfacet
facet normal -0.9239723369072486 0.38245930584855425 0
  outer loop
    vertex 30.912311780807926 24.194786901055664 -1.7999999999999998
    vertex 30.912311780807926 24.194786901055664 -0.6000000000000001
    vertex 31.04864494892513 24.524150245121092 0
  endloop
endfacet
facet normal -0.9288610322530293 0.3703470940603023 -0.007759683171762442
  outer loop
    vertex 30.912311780807926 24.194786901055664 -2.4
    vertex 31.04864494892513 24.524150245121092 -3
    vertex 30.890222971306578 24.12681486967901 -3
  endloop
endfacet
facet normal -0.969883202617154 0.2434348141116557 0.008128010796999628
  outer loop
    vertex 30.912311780807926 24.194786901055664 -2.4
    vertex 30.890222971306578 24.12681486967901 -3
    vertex 30.751297480967388 23.573313514554304 -3
  endloop
endfacet
facet normal -0.9239723369072486 0.38245930584855425 0
  outer loop
    vertex 30.912311780807926 24.194786901055664 -2.4
    vertex 30.912311780807926 24.194786901055664 -1.7999999999999998
    vertex 31.04864494892513 24.524150245121092 -3
  endloop
endfacet
facet normal -0.997198502961841 0.07480070648505219 0
  outer loop
    vertex 30.68406590566842 23.15057277914179 -1.7999999999999998
    vertex 30.624030819434974 22.350220737959674 -3
    vertex 30.624030819434974 22.350220737959674 0
  endloop
endfacet
facet normal -0.9971985029618412 0.0748007064850522 0
  outer loop
    vertex 30.68406590566842 23.15057277914179 -1.7999999999999998
    vertex 30.624030819434974 22.350220737959674 0
    vertex 30.68406590566842 23.15057277914179 -0.6000000000000001
  endloop
endfacet
facet normal -0.9769343722692411 0.21353976744134565 0
  outer loop
    vertex 30.68406590566842 23.15057277914179 -1.7999999999999998
    vertex 30.912311780807926 24.194786901055664 -0.6000000000000001
    vertex 30.912311780807926 24.194786901055664 -1.7999999999999998
  endloop
endfacet
facet normal -0.9769343722692411 0.21353976744134565 0
  outer loop
    vertex 30.68406590566842 23.15057277914179 -1.7999999999999998
    vertex 30.68406590566842 23.15057277914179 -0.6000000000000001
    vertex 30.912311780807926 24.194786901055664 -0.6000000000000001
  endloop
endfacet
facet normal -0.9896376843949858 0.14324062825682926 -0.009968753278093653
  outer loop
    vertex 30.68406590566842 23.15057277914179 -2.4
    vertex 30.751297480967388 23.573313514554304 -3
    vertex 30.66312759598909 22.964155052565108 -3
  endloop
endfacet
facet normal -0.9978649606121723 0.06354638023663374 0.015079056379266237
  outer loop
    vertex 30.68406590566842 23.15057277914179 -2.4
    vertex 30.66312759598909 22.964155052565108 -3
    vertex 30.624030819434974 22.350220737959674 -3
  endloop
endfacet
facet normal -0.9971985029618411 0.07480070648505219 0
  outer loop
    vertex 30.68406590566842 23.15057277914179 -2.4
    vertex 30.624030819434974 22.350220737959674 -3
    vertex 30.68406590566842 23.15057277914179 -1.7999999999999998
  endloop
endfacet
facet normal -0.976934372269241 0.21353976744134565 0
  outer loop
    vertex 30.68406590566842 23.15057277914179 -2.4
    vertex 30.68406590566842 23.15057277914179 -1.7999999999999998
    vertex 30.912311780807926 24.194786901055664 -1.7999999999999998
  endloop
endfacet
facet normal -0.976934372269241 0.21353976744134565 0
  outer loop
    vertex 30.68406590566842 23.15057277914179 -2.4
    vertex 30.912311780807926 24.194786901055664 -1.7999999999999998
    vertex 30.912311780807926 24.194786901055664 -2.4
  endloop
endfacet
facet normal -0.9761148838049695 0.21336064243453998 0.040950822633142904
  outer loop
    vertex 30.68406590566842 23.15057277914179 -2.4
    vertex 30.912311780807926 24.194786901055664 -2.4
    vertex 30.751297480967388 23.573313514554304 -3
  endloop
endfacet
facet normal -0.38268343236508406 0.9238795325112892 0
  outer loop
    vertex 32.797332759230436 56.420389218621644 -3
    vertex 33.60336197540407 56.75425745162971 0
    vertex 33.60336197540407 56.75425745162971 -3
  endloop
endfacet
facet normal -0.38268343236508406 0.9238795325112892 0
  outer loop
    vertex 32.797332759230436 56.420389218621644 -3
    vertex 32.797332759230436 56.420389218621644 0
    vertex 33.60336197540407 56.75425745162971 0
  endloop
endfacet
facet normal -0.865116771522893 0.5015705051434011 0
  outer loop
    vertex 31.04864494892513 24.524150245121092 -3
    vertex 31.06964870153932 24.560377851140828 0
    vertex 31.06964870153932 24.560377851140828 -3
  endloop
endfacet
facet normal -0.865116771522893 0.5015705051434011 0
  outer loop
    vertex 31.04864494892513 24.524150245121092 -3
    vertex 31.04864494892513 24.524150245121092 0
    vertex 31.06964870153932 24.560377851140828 0
  endloop
endfacet
facet normal 0.9142819423502869 0.40507842437259844 0
  outer loop
    vertex 32.78036970632437 56.458675663976436 -3
    vertex 32.797332759230436 56.420389218621644 0
    vertex 32.797332759230436 56.420389218621644 -3
  endloop
endfacet
facet normal 0.9142819423502869 0.40507842437259844 0
  outer loop
    vertex 32.78036970632437 56.458675663976436 -3
    vertex 32.78036970632437 56.458675663976436 0
    vertex 32.797332759230436 56.420389218621644 0
  endloop
endfacet
facet normal -0.5224985647159534 -0.8526401643540895 0
  outer loop
    vertex 31.06964870153932 24.560377851140828 -3
    vertex 30.325771540970134 25.016226361416926 0
    vertex 30.325771540970134 25.016226361416926 -3
  endloop
endfacet
facet normal -0.5224985647159534 -0.8526401643540895 0
  outer loop
    vertex 31.06964870153932 24.560377851140828 -3
    vertex 31.06964870153932 24.560377851140828 0
    vertex 30.325771540970134 25.016226361416926 0
  endloop
endfacet
facet normal 0.8455879090996445 0.5337798003873555 0.007759683171776953
  outer loop
    vertex 32.59404378926888 56.762566430167624 -0.6000000000000001
    vertex 32.552036737208525 56.820389610051336 0
    vertex 32.78036970632437 56.458675663976436 0
  endloop
endfacet
facet normal 0.7670259445833708 0.6415645998467118 -0.008128010797001638
  outer loop
    vertex 32.59404378926888 56.762566430167624 -0.6000000000000001
    vertex 32.185903088891884 57.25812262635387 0
    vertex 32.552036737208525 56.820389610051336 0
  endloop
endfacet
facet normal 0.6975785385449643 0.7164389761309419 0.009968753278099885
  outer loop
    vertex 31.88341637817784 57.56099488314797 -0.6000000000000001
    vertex 31.744908498961948 57.68750792195975 0
    vertex 32.185903088891884 57.25812262635387 0
  endloop
endfacet
facet normal 0.6379404091696816 0.7699380860868812 -0.015079056379274942
  outer loop
    vertex 31.88341637817784 57.56099488314797 -0.6000000000000001
    vertex 31.271205713686953 58.07999941461861 0
    vertex 31.744908498961948 57.68750792195975 0
  endloop
endfacet
facet normal 0.7463583189040426 0.6642832904178776 -0.040950822633118125
  outer loop
    vertex 31.88341637817784 57.56099488314797 -0.6000000000000001
    vertex 32.185903088891884 57.25812262635387 0
    vertex 32.59404378926888 56.762566430167624 -0.6000000000000001
  endloop
endfacet
facet normal 0.852513391248621 0.522705383310499 0
  outer loop
    vertex 32.59404378926888 56.762566430167624 -1.7999999999999998
    vertex 32.78036970632437 56.458675663976436 0
    vertex 32.78036970632437 56.458675663976436 -3
  endloop
endfacet
facet normal 0.852513391248621 0.522705383310499 0
  outer loop
    vertex 32.59404378926888 56.762566430167624 -1.7999999999999998
    vertex 32.59404378926888 56.762566430167624 -0.6000000000000001
    vertex 32.78036970632437 56.458675663976436 0
  endloop
endfacet
facet normal 0.8455879090996445 0.5337798003873555 -0.007759683171776953
  outer loop
    vertex 32.59404378926888 56.762566430167624 -2.4
    vertex 32.78036970632437 56.458675663976436 -3
    vertex 32.552036737208525 56.820389610051336 -3
  endloop
endfacet
facet normal 0.7670259445833708 0.6415645998467118 0.008128010797001638
  outer loop
    vertex 32.59404378926888 56.762566430167624 -2.4
    vertex 32.552036737208525 56.820389610051336 -3
    vertex 32.185903088891884 57.25812262635387 -3
  endloop
endfacet
facet normal 0.852513391248621 0.522705383310499 0
  outer loop
    vertex 32.59404378926888 56.762566430167624 -2.4
    vertex 32.59404378926888 56.762566430167624 -1.7999999999999998
    vertex 32.78036970632437 56.458675663976436 -3
  endloop
endfacet
facet normal 0.6466536163867552 0.7627837835284197 0
  outer loop
    vertex 31.88341637817784 57.56099488314797 -1.7999999999999998
    vertex 31.271205713686953 58.07999941461861 -3
    vertex 31.271205713686953 58.07999941461861 0
  endloop
endfacet
facet normal 0.6466536163867552 0.7627837835284197 0
  outer loop
    vertex 31.88341637817784 57.56099488314797 -1.7999999999999998
    vertex 31.271205713686953 58.07999941461861 0
    vertex 31.88341637817784 57.56099488314797 -0.6000000000000001
  endloop
endfacet
facet normal 0.7469849173123877 0.6648409834748497 0
  outer loop
    vertex 31.88341637817784 57.56099488314797 -1.7999999999999998
    vertex 32.59404378926888 56.762566430167624 -0.6000000000000001
    vertex 32.59404378926888 56.762566430167624 -1.7999999999999998
  endloop
endfacet
facet normal 0.7469849173123877 0.6648409834748497 0
  outer loop
    vertex 31.88341637817784 57.56099488314797 -1.7999999999999998
    vertex 31.88341637817784 57.56099488314797 -0.6000000000000001
    vertex 32.59404378926888 56.762566430167624 -0.6000000000000001
  endloop
endfacet
facet normal 0.6975785385449643 0.7164389761309419 -0.009968753278099885
  outer loop
    vertex 31.88341637817784 57.56099488314797 -2.4
    vertex 32.185903088891884 57.25812262635387 -3
    vertex 31.744908498961948 57.68750792195975 -3
  endloop
endfacet
facet normal 0.6379404091696816 0.7699380860868812 0.015079056379274942
  outer loop
    vertex 31.88341637817784 57.56099488314797 -2.4
    vertex 31.744908498961948 57.68750792195975 -3
    vertex 31.271205713686953 58.07999941461861 -3
  endloop
endfacet
facet normal 0.6466536163867553 0.7627837835284198 0
  outer loop
    vertex 31.88341637817784 57.56099488314797 -2.4
    vertex 31.271205713686953 58.07999941461861 -3
    vertex 31.88341637817784 57.56099488314797 -1.7999999999999998
  endloop
endfacet
facet normal 0.7469849173123877 0.6648409834748498 0
  outer loop
    vertex 31.88341637817784 57.56099488314797 -2.4
    vertex 31.88341637817784 57.56099488314797 -1.7999999999999998
    vertex 32.59404378926888 56.762566430167624 -1.7999999999999998
  endloop
endfacet
facet normal 0.7469849173123877 0.6648409834748498 0
  outer loop
    vertex 31.88341637817784 57.56099488314797 -2.4
    vertex 32.59404378926888 56.762566430167624 -1.7999999999999998
    vertex 32.59404378926888 56.762566430167624 -2.4
  endloop
endfacet
facet normal 0.7463583189040426 0.6642832904178776 0.040950822633118125
  outer loop
    vertex 31.88341637817784 57.56099488314797 -2.4
    vertex 32.59404378926888 56.762566430167624 -2.4
    vertex 32.185903088891884 57.25812262635387 -3
  endloop
endfacet
facet normal 0.8396573878599121 -0.5431164433270909 0
  outer loop
    vertex 30.325771540970134 25.016226361416926 -3
    vertex 30.30302801179654 24.98106489184397 0
    vertex 30.30302801179654 24.98106489184397 -3
  endloop
endfacet
facet normal 0.8396573878599121 -0.5431164433270909 0
  outer loop
    vertex 30.325771540970134 25.016226361416926 -3
    vertex 30.325771540970134 25.016226361416926 0
    vertex 30.30302801179654 24.98106489184397 0
  endloop
endfacet
facet normal -0.4539904997395524 0.891006524188365 0
  outer loop
    vertex 30.62403081943499 57.750247335723365 -3
    vertex 31.271205713686953 58.07999941461861 0
    vertex 31.271205713686953 58.07999941461861 -3
  endloop
endfacet
facet normal -0.4539904997395524 0.891006524188365 0
  outer loop
    vertex 30.62403081943499 57.750247335723365 -3
    vertex 30.62403081943499 57.750247335723365 0
    vertex 31.271205713686953 58.07999941461861 0
  endloop
endfacet
facet normal 0.5162222229796899 -0.8564406229231463 -0.004906720790950903
  outer loop
    vertex 29.24467695017354 24.032631465508963 -0.6000000000000001
    vertex 29.19528755832804 23.99942433665092 0
    vertex 28.558813418633825 23.61578758885093 0
  endloop
endfacet
facet normal 0.6017679824226204 -0.7986531483073398 0.005333294458708746
  outer loop
    vertex 29.24467695017354 24.032631465508963 -0.6000000000000001
    vertex 29.788729369716517 24.44656998715181 0
    vertex 29.19528755832804 23.99942433665092 0
  endloop
endfacet
facet normal 0.6851416196245277 -0.7284038510043747 0.0029649452399350138
  outer loop
    vertex 30.07145708653035 24.71006332042012 -0.6000000000000001
    vertex 30.099356285244397 24.73874777796152 0
    vertex 29.788729369716517 24.44656998715181 0
  endloop
endfacet
facet normal 0.7655008553649791 -0.6434167128821108 -0.004834668495840099
  outer loop
    vertex 30.07145708653035 24.71006332042012 -0.6000000000000001
    vertex 30.30302801179654 24.98106489184397 0
    vertex 30.099356285244397 24.73874777796152 0
  endloop
endfacet
facet normal 0.6332510871747642 -0.7728591686482085 -0.04100934074548338
  outer loop
    vertex 30.07145708653035 24.71006332042012 -0.6000000000000001
    vertex 29.788729369716517 24.44656998715181 0
    vertex 29.24467695017354 24.032631465508963 -0.6000000000000001
  endloop
endfacet
facet normal 0.519366564191241 -0.8545515619318624 0
  outer loop
    vertex 29.24467695017354 24.032631465508963 -1.7999999999999998
    vertex 28.558813418633825 23.61578758885093 0
    vertex 28.558813418633825 23.61578758885093 -3
  endloop
endfacet
facet normal 0.519366564191241 -0.8545515619318623 0
  outer loop
    vertex 29.24467695017354 24.032631465508963 -1.7999999999999998
    vertex 29.24467695017354 24.032631465508963 -0.6000000000000001
    vertex 28.558813418633825 23.61578758885093 0
  endloop
endfacet
facet normal 0.5162222229796899 -0.8564406229231463 0.004906720790950903
  outer loop
    vertex 29.24467695017354 24.032631465508963 -2.4
    vertex 28.558813418633825 23.61578758885093 -3
    vertex 29.19528755832804 23.99942433665092 -3
  endloop
endfacet
facet normal 0.6017679824226204 -0.7986531483073398 -0.005333294458708746
  outer loop
    vertex 29.24467695017354 24.032631465508963 -2.4
    vertex 29.19528755832804 23.99942433665092 -3
    vertex 29.788729369716517 24.44656998715181 -3
  endloop
endfacet
facet normal 0.5193665641912409 -0.8545515619318623 0
  outer loop
    vertex 29.24467695017354 24.032631465508963 -2.4
    vertex 29.24467695017354 24.032631465508963 -1.7999999999999998
    vertex 28.558813418633825 23.61578758885093 -3
  endloop
endfacet
facet normal 0.7602483997256602 -0.6496324889616997 0
  outer loop
    vertex 30.07145708653035 24.71006332042012 -1.7999999999999998
    vertex 30.30302801179654 24.98106489184397 -3
    vertex 30.30302801179654 24.98106489184397 0
  endloop
endfacet
facet normal 0.7602483997256602 -0.6496324889616997 0
  outer loop
    vertex 30.07145708653035 24.71006332042012 -1.7999999999999998
    vertex 30.30302801179654 24.98106489184397 0
    vertex 30.07145708653035 24.71006332042012 -0.6000000000000001
  endloop
endfacet
facet normal 0.6337842498431611 -0.7735098736607966 0
  outer loop
    vertex 30.07145708653035 24.71006332042012 -1.7999999999999998
    vertex 29.24467695017354 24.032631465508963 -0.6000000000000001
    vertex 29.24467695017354 24.032631465508963 -1.7999999999999998
  endloop
endfacet
facet normal 0.6337842498431611 -0.7735098736607966 0
  outer loop
    vertex 30.07145708653035 24.71006332042012 -1.7999999999999998
    vertex 30.07145708653035 24.71006332042012 -0.6000000000000001
    vertex 29.24467695017354 24.032631465508963 -0.6000000000000001
  endloop
endfacet
facet normal 0.6337842498431611 -0.7735098736607966 0
  outer loop
    vertex 30.07145708653035 24.71006332042012 -1.7999999999999998
    vertex 29.24467695017354 24.032631465508963 -1.7999999999999998
    vertex 29.24467695017354 24.032631465508963 -2.4
  endloop
endfacet
facet normal 0.6851416196245277 -0.7284038510043747 -0.0029649452399350138
  outer loop
    vertex 30.07145708653035 24.71006332042012 -2.4
    vertex 29.788729369716517 24.44656998715181 -3
    vertex 30.099356285244397 24.73874777796152 -3
  endloop
endfacet
facet normal 0.7655008553649791 -0.6434167128821108 0.004834668495840099
  outer loop
    vertex 30.07145708653035 24.71006332042012 -2.4
    vertex 30.099356285244397 24.73874777796152 -3
    vertex 30.30302801179654 24.98106489184397 -3
  endloop
endfacet
facet normal 0.6337842498431611 -0.7735098736607966 0
  outer loop
    vertex 30.07145708653035 24.71006332042012 -2.4
    vertex 30.07145708653035 24.71006332042012 -1.7999999999999998
    vertex 29.24467695017354 24.032631465508963 -2.4
  endloop
endfacet
facet normal 0.7602483997256602 -0.6496324889616997 0
  outer loop
    vertex 30.07145708653035 24.71006332042012 -2.4
    vertex 30.30302801179654 24.98106489184397 -3
    vertex 30.07145708653035 24.71006332042012 -1.7999999999999998
  endloop
endfacet
facet normal 0.6332510871747642 -0.7728591686482085 0.04100934074548338
  outer loop
    vertex 30.07145708653035 24.71006332042012 -2.4
    vertex 29.24467695017354 24.032631465508963 -2.4
    vertex 29.788729369716517 24.44656998715181 -3
  endloop
endfacet
facet normal -0.9974541675916827 -0.07114146220779419 -0.0049067207909560505
  outer loop
    vertex 30.68406590566842 56.949895294541264 -0.6000000000000001
    vertex 30.67690045189211 57.00897728592647 0
    vertex 30.62403081943499 57.750247335723365 0
  endloop
endfacet
facet normal -0.984802112772722 -0.17359825646762558 0.005333294458703557
  outer loop
    vertex 30.68406590566842 56.949895294541264 -0.6000000000000001
    vertex 30.805893199232266 56.27721688292591 0
    vertex 30.67690045189211 57.00897728592647 0
  endloop
endfacet
facet normal -0.9600603697745145 -0.27977722474881084 0.0029649452399711017
  outer loop
    vertex 30.912311780807933 55.905681172627396 -0.6000000000000001
    vertex 30.925203848453776 55.86780033333907 0
    vertex 30.805893199232266 56.27721688292591 0
  endloop
endfacet
facet normal -0.9208186048279513 -0.3899611813799417 -0.004834668495911005
  outer loop
    vertex 30.912311780807933 55.905681172627396 -0.6000000000000001
    vertex 31.048644948925137 55.57631782856196 0
    vertex 30.925203848453776 55.86780033333907 0
  endloop
endfacet
facet normal -0.9761125390714334 -0.21336012991920594 -0.04100934074548181
  outer loop
    vertex 30.912311780807933 55.905681172627396 -0.6000000000000001
    vertex 30.805893199232266 56.27721688292591 0
    vertex 30.68406590566842 56.949895294541264 -0.6000000000000001
  endloop
endfacet
facet normal -0.9971985029618424 -0.07480070648503591 0
  outer loop
    vertex 30.68406590566842 56.949895294541264 -1.7999999999999998
    vertex 30.62403081943499 57.750247335723365 0
    vertex 30.62403081943499 57.750247335723365 -3
  endloop
endfacet
facet normal -0.9971985029618424 -0.07480070648503591 0
  outer loop
    vertex 30.68406590566842 56.949895294541264 -1.7999999999999998
    vertex 30.68406590566842 56.949895294541264 -0.6000000000000001
    vertex 30.62403081943499 57.750247335723365 0
  endloop
endfacet
facet normal -0.9974541675916827 -0.07114146220779419 0.0049067207909560505
  outer loop
    vertex 30.68406590566842 56.949895294541264 -2.4
    vertex 30.62403081943499 57.750247335723365 -3
    vertex 30.67690045189211 57.00897728592647 -3
  endloop
endfacet
facet normal -0.984802112772722 -0.17359825646762558 -0.005333294458703557
  outer loop
    vertex 30.68406590566842 56.949895294541264 -2.4
    vertex 30.67690045189211 57.00897728592647 -3
    vertex 30.805893199232266 56.27721688292591 -3
  endloop
endfacet
facet normal -0.9971985029618423 -0.07480070648503591 0
  outer loop
    vertex 30.68406590566842 56.949895294541264 -2.4
    vertex 30.68406590566842 56.949895294541264 -1.7999999999999998
    vertex 30.62403081943499 57.750247335723365 -3
  endloop
endfacet
facet normal -0.9239723369072513 -0.38245930584854715 0
  outer loop
    vertex 30.912311780807933 55.905681172627396 -1.7999999999999998
    vertex 31.048644948925137 55.57631782856196 -3
    vertex 31.048644948925137 55.57631782856196 0
  endloop
endfacet
facet normal -0.9239723369072513 -0.38245930584854715 0
  outer loop
    vertex 30.912311780807933 55.905681172627396 -1.7999999999999998
    vertex 31.048644948925137 55.57631782856196 0
    vertex 30.912311780807933 55.905681172627396 -0.6000000000000001
  endloop
endfacet
facet normal -0.9769343722692392 -0.2135397674413533 0
  outer loop
    vertex 30.912311780807933 55.905681172627396 -1.7999999999999998
    vertex 30.68406590566842 56.949895294541264 -0.6000000000000001
    vertex 30.68406590566842 56.949895294541264 -1.7999999999999998
  endloop
endfacet
facet normal -0.9769343722692392 -0.2135397674413533 0
  outer loop
    vertex 30.912311780807933 55.905681172627396 -1.7999999999999998
    vertex 30.912311780807933 55.905681172627396 -0.6000000000000001
    vertex 30.68406590566842 56.949895294541264 -0.6000000000000001
  endloop
endfacet
facet normal -0.9600603697745145 -0.27977722474881084 -0.0029649452399711017
  outer loop
    vertex 30.912311780807933 55.905681172627396 -2.4
    vertex 30.805893199232266 56.27721688292591 -3
    vertex 30.925203848453776 55.86780033333907 -3
  endloop
endfacet
facet normal -0.9208186048279513 -0.3899611813799417 0.004834668495911005
  outer loop
    vertex 30.912311780807933 55.905681172627396 -2.4
    vertex 30.925203848453776 55.86780033333907 -3
    vertex 31.048644948925137 55.57631782856196 -3
  endloop
endfacet
facet normal -0.9769343722692393 -0.21353976744135333 0
  outer loop
    vertex 30.912311780807933 55.905681172627396 -2.4
    vertex 30.912311780807933 55.905681172627396 -1.7999999999999998
    vertex 30.68406590566842 56.949895294541264 -1.7999999999999998
  endloop
endfacet
facet normal -0.9239723369072516 -0.3824593058485472 0
  outer loop
    vertex 30.912311780807933 55.905681172627396 -2.4
    vertex 31.048644948925137 55.57631782856196 -3
    vertex 30.912311780807933 55.905681172627396 -1.7999999999999998
  endloop
endfacet
facet normal -0.9761125390714334 -0.21336012991920594 0.04100934074548181
  outer loop
    vertex 30.912311780807933 55.905681172627396 -2.4
    vertex 30.68406590566842 56.949895294541264 -2.4
    vertex 30.805893199232266 56.27721688292591 -3
  endloop
endfacet
facet normal -0.9769343722692393 -0.21353976744135333 0
  outer loop
    vertex 30.912311780807933 55.905681172627396 -2.4
    vertex 30.68406590566842 56.949895294541264 -1.7999999999999998
    vertex 30.68406590566842 56.949895294541264 -2.4
  endloop
endfacet
facet normal -0.5877852522924636 -0.8090169943749543 0
  outer loop
    vertex 28.558813418633825 23.61578758885093 -3
    vertex 27.971190911313144 24.042720330832537 0
    vertex 27.971190911313144 24.042720330832537 -3
  endloop
endfacet
facet normal -0.5877852522924636 -0.8090169943749543 0
  outer loop
    vertex 28.558813418633825 23.61578758885093 -3
    vertex 28.558813418633825 23.61578758885093 0
    vertex 27.971190911313144 24.042720330832537 0
  endloop
endfacet
facet normal -0.8651167715229356 -0.5015705051433273 0
  outer loop
    vertex 31.06964870153933 55.54009022254222 -3
    vertex 31.048644948925137 55.57631782856196 0
    vertex 31.048644948925137 55.57631782856196 -3
  endloop
endfacet
facet normal -0.8651167715229356 -0.5015705051433273 0
  outer loop
    vertex 31.06964870153933 55.54009022254222 -3
    vertex 31.06964870153933 55.54009022254222 0
    vertex 31.048644948925137 55.57631782856196 0
  endloop
endfacet
facet normal -0.8594901620509197 0.5110933854539291 0.007759683171721078
  outer loop
    vertex 28.544476376631998 25.819479745605094 -0.6000000000000001
    vertex 28.512026348663973 25.755800013825898 0
    vertex 28.730654835750492 26.123460874136285 0
  endloop
endfacet
facet normal -0.9198607360462588 0.3921608875460678 -0.008128010796940366
  outer loop
    vertex 28.544476376631998 25.819479745605094 -0.6000000000000001
    vertex 28.28822457325667 25.23084591362783 0
    vertex 28.512026348663973 25.755800013825898 0
  endloop
endfacet
facet normal -0.9550458312370762 0.2962905401708982 0.00996875327809644
  outer loop
    vertex 28.155689509418718 24.82382715368106 -0.6000000000000001
    vertex 28.105846827745758 24.642980011935027 0
    vertex 28.28822457325667 25.23084591362783 0
  endloop
endfacet
facet normal -0.975638743087504 0.21886449014252546 -0.01507905637923132
  outer loop
    vertex 28.155689509418718 24.82382715368106 -0.6000000000000001
    vertex 27.971190911313144 24.042720330832537 0
    vertex 28.105846827745758 24.642980011935027 0
  endloop
endfacet
facet normal -0.9307203318556564 0.3634318285403243 -0.040950822633168675
  outer loop
    vertex 28.155689509418718 24.82382715368106 -0.6000000000000001
    vertex 28.28822457325667 25.23084591362783 0
    vertex 28.544476376631998 25.819479745605094 -0.6000000000000001
  endloop
endfacet
facet normal -0.8527668872856562 0.5222917153747826 0
  outer loop
    vertex 28.544476376631998 25.819479745605094 -1.7999999999999998
    vertex 28.730654835750492 26.123460874136285 0
    vertex 28.730654835750492 26.123460874136285 -3
  endloop
endfacet
facet normal -0.8527668872856563 0.5222917153747827 0
  outer loop
    vertex 28.544476376631998 25.819479745605094 -1.7999999999999998
    vertex 28.544476376631998 25.819479745605094 -0.6000000000000001
    vertex 28.730654835750492 26.123460874136285 0
  endloop
endfacet
facet normal -0.8594901620509197 0.5110933854539291 -0.007759683171721078
  outer loop
    vertex 28.544476376631998 25.819479745605094 -2.4
    vertex 28.730654835750492 26.123460874136285 -3
    vertex 28.512026348663973 25.755800013825898 -3
  endloop
endfacet
facet normal -0.9198607360462588 0.3921608875460678 0.008128010796940366
  outer loop
    vertex 28.544476376631998 25.819479745605094 -2.4
    vertex 28.512026348663973 25.755800013825898 -3
    vertex 28.28822457325667 25.23084591362783 -3
  endloop
endfacet
facet normal -0.8527668872856562 0.5222917153747826 0
  outer loop
    vertex 28.544476376631998 25.819479745605094 -2.4
    vertex 28.544476376631998 25.819479745605094 -1.7999999999999998
    vertex 28.730654835750492 26.123460874136285 -3
  endloop
endfacet
facet normal -0.9732199261307171 0.2298760000133151 0
  outer loop
    vertex 28.155689509418718 24.82382715368106 -1.7999999999999998
    vertex 27.971190911313144 24.042720330832537 -3
    vertex 27.971190911313144 24.042720330832537 0
  endloop
endfacet
facet normal -0.9732199261307171 0.2298760000133151 0
  outer loop
    vertex 28.155689509418718 24.82382715368106 -1.7999999999999998
    vertex 27.971190911313144 24.042720330832537 0
    vertex 28.155689509418718 24.82382715368106 -0.6000000000000001
  endloop
endfacet
facet normal -0.9315017097324554 0.3637369444605706 0
  outer loop
    vertex 28.155689509418718 24.82382715368106 -1.7999999999999998
    vertex 28.544476376631998 25.819479745605094 -0.6000000000000001
    vertex 28.544476376631998 25.819479745605094 -1.7999999999999998
  endloop
endfacet
facet normal -0.9315017097324554 0.3637369444605706 0
  outer loop
    vertex 28.155689509418718 24.82382715368106 -1.7999999999999998
    vertex 28.155689509418718 24.82382715368106 -0.6000000000000001
    vertex 28.544476376631998 25.819479745605094 -0.6000000000000001
  endloop
endfacet
facet normal -0.9550458312370762 0.2962905401708982 -0.00996875327809644
  outer loop
    vertex 28.155689509418718 24.82382715368106 -2.4
    vertex 28.28822457325667 25.23084591362783 -3
    vertex 28.105846827745758 24.642980011935027 -3
  endloop
endfacet
facet normal -0.975638743087504 0.21886449014252546 0.01507905637923132
  outer loop
    vertex 28.155689509418718 24.82382715368106 -2.4
    vertex 28.105846827745758 24.642980011935027 -3
    vertex 27.971190911313144 24.042720330832537 -3
  endloop
endfacet
facet normal -0.9732199261307171 0.22987600001331507 0
  outer loop
    vertex 28.155689509418718 24.82382715368106 -2.4
    vertex 27.971190911313144 24.042720330832537 -3
    vertex 28.155689509418718 24.82382715368106 -1.7999999999999998
  endloop
endfacet
facet normal -0.9315017097324555 0.3637369444605706 0
  outer loop
    vertex 28.155689509418718 24.82382715368106 -2.4
    vertex 28.155689509418718 24.82382715368106 -1.7999999999999998
    vertex 28.544476376631998 25.819479745605094 -1.7999999999999998
  endloop
endfacet
facet normal -0.9315017097324555 0.3637369444605706 0
  outer loop
    vertex 28.155689509418718 24.82382715368106 -2.4
    vertex 28.544476376631998 25.819479745605094 -1.7999999999999998
    vertex 28.544476376631998 25.819479745605094 -2.4
  endloop
endfacet
facet normal -0.9307203318556564 0.3634318285403243 0.040950822633168675
  outer loop
    vertex 28.155689509418718 24.82382715368106 -2.4
    vertex 28.544476376631998 25.819479745605094 -2.4
    vertex 28.28822457325667 25.23084591362783 -3
  endloop
endfacet
facet normal -0.5224985647159456 0.8526401643540942 0
  outer loop
    vertex 30.325771540970138 55.08424171226613 -3
    vertex 31.06964870153933 55.54009022254222 0
    vertex 31.06964870153933 55.54009022254222 -3
  endloop
endfacet
facet normal -0.5224985647159456 0.8526401643540942 0
  outer loop
    vertex 30.325771540970138 55.08424171226613 -3
    vertex 30.325771540970138 55.08424171226613 0
    vertex 31.06964870153933 55.54009022254222 0
  endloop
endfacet
facet normal -0.7760028348344291 0.630729419267034 0
  outer loop
    vertex 28.730654835750492 26.123460874136285 -3
    vertex 28.75706724348366 26.155956747405618 0
    vertex 28.75706724348366 26.155956747405618 -3
  endloop
endfacet
facet normal -0.7760028348344291 0.630729419267034 0
  outer loop
    vertex 28.730654835750492 26.123460874136285 -3
    vertex 28.730654835750492 26.123460874136285 0
    vertex 28.75706724348366 26.155956747405618 0
  endloop
endfacet
facet normal 0.8396573878600281 0.5431164433269114 0
  outer loop
    vertex 30.303028011796552 55.11940318183908 -3
    vertex 30.325771540970138 55.08424171226613 0
    vertex 30.325771540970138 55.08424171226613 -3
  endloop
endfacet
facet normal 0.8396573878600281 0.5431164433269114 0
  outer loop
    vertex 30.303028011796552 55.11940318183908 -3
    vertex 30.303028011796552 55.11940318183908 0
    vertex 30.325771540970138 55.08424171226613 0
  endloop
endfacet
facet normal -0.6494480483301865 -0.7604059656000284 0
  outer loop
    vertex 28.75706724348366 26.155956747405618 -3
    vertex 28.093658862998886 26.722561031752267 0
    vertex 28.093658862998886 26.722561031752267 -3
  endloop
endfacet
facet normal -0.6494480483301865 -0.7604059656000284 0
  outer loop
    vertex 28.75706724348366 26.155956747405618 -3
    vertex 28.75706724348366 26.155956747405618 0
    vertex 28.093658862998886 26.722561031752267 0
  endloop
endfacet
facet normal 0.7516757612431185 0.6594871774922184 0.007759683171720933
  outer loop
    vertex 30.07145708653036 55.390404753262935 -0.6000000000000001
    vertex 30.0209216727759 55.440944683132884 0
    vertex 30.303028011796552 55.11940318183908 0
  endloop
endfacet
facet normal 0.6572197674333202 0.7536551683199533 -0.008128010796936659
  outer loop
    vertex 30.07145708653036 55.390404753262935 -0.6000000000000001
    vertex 29.59081920699881 55.816012558220436 0
    vertex 30.0209216727759 55.440944683132884 0
  endloop
endfacet
facet normal 0.5769144412053521 0.8167437489731995 0.009968753278096123
  outer loop
    vertex 29.24467695017355 56.06783660817409 -0.6000000000000001
    vertex 29.088083333244803 56.17112465555244 0
    vertex 29.59081920699881 55.816012558220436 0
  endloop
endfacet
facet normal 0.5096414515203106 0.8602547372441393 -0.015079056379234677
  outer loop
    vertex 29.24467695017355 56.06783660817409 -0.6000000000000001
    vertex 28.558813418633836 56.484680484832126 0
    vertex 29.088083333244803 56.17112465555244 0
  endloop
endfacet
facet normal 0.6332526083160259 0.7728610251439885 -0.040950822633165386
  outer loop
    vertex 29.24467695017355 56.06783660817409 -0.6000000000000001
    vertex 29.59081920699881 55.816012558220436 0
    vertex 30.07145708653036 55.390404753262935 -0.6000000000000001
  endloop
endfacet
facet normal 0.7602483997256504 0.6496324889617113 0
  outer loop
    vertex 30.07145708653036 55.390404753262935 -1.7999999999999998
    vertex 30.303028011796552 55.11940318183908 0
    vertex 30.303028011796552 55.11940318183908 -3
  endloop
endfacet
facet normal 0.7602483997256504 0.6496324889617111 0
  outer loop
    vertex 30.07145708653036 55.390404753262935 -1.7999999999999998
    vertex 30.07145708653036 55.390404753262935 -0.6000000000000001
    vertex 30.303028011796552 55.11940318183908 0
  endloop
endfacet
facet normal 0.7516757612431185 0.6594871774922184 -0.007759683171720933
  outer loop
    vertex 30.07145708653036 55.390404753262935 -2.4
    vertex 30.303028011796552 55.11940318183908 -3
    vertex 30.0209216727759 55.440944683132884 -3
  endloop
endfacet
facet normal 0.6572197674333202 0.7536551683199533 0.008128010796936659
  outer loop
    vertex 30.07145708653036 55.390404753262935 -2.4
    vertex 30.0209216727759 55.440944683132884 -3
    vertex 29.59081920699881 55.816012558220436 -3
  endloop
endfacet
facet normal 0.7602483997256505 0.6496324889617112 0
  outer loop
    vertex 30.07145708653036 55.390404753262935 -2.4
    vertex 30.07145708653036 55.390404753262935 -1.7999999999999998
    vertex 30.303028011796552 55.11940318183908 -3
  endloop
endfacet
facet normal 0.5193665641912463 0.8545515619318592 0
  outer loop
    vertex 29.24467695017355 56.06783660817409 -1.7999999999999998
    vertex 28.558813418633836 56.484680484832126 -3
    vertex 28.558813418633836 56.484680484832126 0
  endloop
endfacet
facet normal 0.5193665641912462 0.8545515619318592 0
  outer loop
    vertex 29.24467695017355 56.06783660817409 -1.7999999999999998
    vertex 28.558813418633836 56.484680484832126 0
    vertex 29.24467695017355 56.06783660817409 -0.6000000000000001
  endloop
endfacet
facet normal 0.6337842498431611 0.7735098736607966 0
  outer loop
    vertex 29.24467695017355 56.06783660817409 -1.7999999999999998
    vertex 30.07145708653036 55.390404753262935 -0.6000000000000001
    vertex 30.07145708653036 55.390404753262935 -1.7999999999999998
  endloop
endfacet
facet normal 0.6337842498431611 0.7735098736607966 0
  outer loop
    vertex 29.24467695017355 56.06783660817409 -1.7999999999999998
    vertex 29.24467695017355 56.06783660817409 -0.6000000000000001
    vertex 30.07145708653036 55.390404753262935 -0.6000000000000001
  endloop
endfacet
facet normal 0.5769144412053521 0.8167437489731995 -0.009968753278096123
  outer loop
    vertex 29.24467695017355 56.06783660817409 -2.4
    vertex 29.59081920699881 55.816012558220436 -3
    vertex 29.088083333244803 56.17112465555244 -3
  endloop
endfacet
facet normal 0.5096414515203106 0.8602547372441393 0.015079056379234677
  outer loop
    vertex 29.24467695017355 56.06783660817409 -2.4
    vertex 29.088083333244803 56.17112465555244 -3
    vertex 28.558813418633836 56.484680484832126 -3
  endloop
endfacet
facet normal 0.5193665641912463 0.8545515619318592 0
  outer loop
    vertex 29.24467695017355 56.06783660817409 -2.4
    vertex 28.558813418633836 56.484680484832126 -3
    vertex 29.24467695017355 56.06783660817409 -1.7999999999999998
  endloop
endfacet
facet normal 0.6337842498431611 0.7735098736607966 0
  outer loop
    vertex 29.24467695017355 56.06783660817409 -2.4
    vertex 29.24467695017355 56.06783660817409 -1.7999999999999998
    vertex 30.07145708653036 55.390404753262935 -1.7999999999999998
  endloop
endfacet
facet normal 0.6337842498431611 0.7735098736607966 0
  outer loop
    vertex 29.24467695017355 56.06783660817409 -2.4
    vertex 30.07145708653036 55.390404753262935 -1.7999999999999998
    vertex 30.07145708653036 55.390404753262935 -2.4
  endloop
endfacet
facet normal 0.6332526083160259 0.7728610251439885 0.040950822633165386
  outer loop
    vertex 29.24467695017355 56.06783660817409 -2.4
    vertex 30.07145708653036 55.390404753262935 -2.4
    vertex 29.59081920699881 55.816012558220436 -3
  endloop
endfacet
facet normal 0.7443576818174202 -0.6677811329465635 0
  outer loop
    vertex 28.093658862998886 26.722561031752267 -3
    vertex 28.06569487872747 26.691390330036267 0
    vertex 28.06569487872747 26.691390330036267 -3
  endloop
endfacet
facet normal 0.7443576818174202 -0.6677811329465635 0
  outer loop
    vertex 28.093658862998886 26.722561031752267 -3
    vertex 28.093658862998886 26.722561031752267 0
    vertex 28.06569487872747 26.691390330036267 0
  endloop
endfacet
facet normal -0.5877852522924778 0.8090169943749439 0
  outer loop
    vertex 27.971190911313162 56.05774774285051 -3
    vertex 28.558813418633836 56.484680484832126 0
    vertex 28.558813418633836 56.484680484832126 -3
  endloop
endfacet
facet normal -0.5877852522924778 0.8090169943749439 0
  outer loop
    vertex 27.971190911313162 56.05774774285051 -3
    vertex 27.971190911313162 56.05774774285051 0
    vertex 28.558813418633836 56.484680484832126 0
  endloop
endfacet
facet normal 0.3758898401074379 -0.9266513649669352 -0.004906720790952776
  outer loop
    vertex 26.87200619923096 25.920196275164237 -0.6000000000000001
    vertex 26.81803013331764 25.89512418425852 0
    vertex 26.129378037039476 25.61577713298764 0
  endloop
endfacet
facet normal 0.4694223419741223 -0.8829576551713831 0.005333294458706843
  outer loop
    vertex 26.87200619923096 25.920196275164237 -0.6000000000000001
    vertex 27.474114681878874 26.243929977509012 0
    vertex 26.81803013331764 25.89512418425852 0
  endloop
endfacet
facet normal 0.5627589225946648 -0.8266157536242673 0.0029649452400557887
  outer loop
    vertex 27.794580989970477 26.459950911470855 -0.6000000000000001
    vertex 27.82662394102401 26.48391781951587 0
    vertex 27.474114681878874 26.243929977509012 0
  endloop
endfacet
facet normal 0.6554237202821873 -0.7552459022543522 -0.0048346684960375455
  outer loop
    vertex 27.794580989970477 26.459950911470855 -0.6000000000000001
    vertex 28.06569487872747 26.691390330036267 0
    vertex 27.82662394102401 26.48391781951587 0
  endloop
endfacet
facet normal 0.504552904872789 -0.8624062848542156 -0.04100934074549067
  outer loop
    vertex 27.794580989970477 26.459950911470855 -0.6000000000000001
    vertex 27.474114681878874 26.243929977509012 0
    vertex 26.87200619923096 25.920196275164237 -0.6000000000000001
  endloop
endfacet
facet normal 0.37929098350654084 -0.9252774447865035 0
  outer loop
    vertex 26.87200619923096 25.920196275164237 -1.7999999999999998
    vertex 26.129378037039476 25.61577713298764 0
    vertex 26.129378037039476 25.61577713298764 -3
  endloop
endfacet
facet normal 0.37929098350654084 -0.9252774447865035 0
  outer loop
    vertex 26.87200619923096 25.920196275164237 -1.7999999999999998
    vertex 26.87200619923096 25.920196275164237 -0.6000000000000001
    vertex 26.129378037039476 25.61577713298764 0
  endloop
endfacet
facet normal 0.3758898401074379 -0.9266513649669352 0.004906720790952776
  outer loop
    vertex 26.87200619923096 25.920196275164237 -2.4
    vertex 26.129378037039476 25.61577713298764 -3
    vertex 26.81803013331764 25.89512418425852 -3
  endloop
endfacet
facet normal 0.4694223419741223 -0.8829576551713831 -0.005333294458706843
  outer loop
    vertex 26.87200619923096 25.920196275164237 -2.4
    vertex 26.81803013331764 25.89512418425852 -3
    vertex 27.474114681878874 26.243929977509012 -3
  endloop
endfacet
facet normal 0.37929098350654084 -0.9252774447865034 0
  outer loop
    vertex 26.87200619923096 25.920196275164237 -2.4
    vertex 26.87200619923096 25.920196275164237 -1.7999999999999998
    vertex 26.129378037039476 25.61577713298764 -3
  endloop
endfacet
facet normal 0.649263569481668 -0.7605634867280462 0
  outer loop
    vertex 27.794580989970477 26.459950911470855 -1.7999999999999998
    vertex 28.06569487872747 26.691390330036267 -3
    vertex 28.06569487872747 26.691390330036267 0
  endloop
endfacet
facet normal 0.5049777107334622 -0.863132383625126 0
  outer loop
    vertex 27.794580989970477 26.459950911470855 -1.7999999999999998
    vertex 26.87200619923096 25.920196275164237 -0.6000000000000001
    vertex 26.87200619923096 25.920196275164237 -1.7999999999999998
  endloop
endfacet
facet normal 0.649263569481668 -0.7605634867280463 0
  outer loop
    vertex 27.794580989970477 26.459950911470855 -1.7999999999999998
    vertex 28.06569487872747 26.691390330036267 0
    vertex 27.794580989970477 26.459950911470855 -0.6000000000000001
  endloop
endfacet
facet normal 0.5049777107334622 -0.863132383625126 0
  outer loop
    vertex 27.794580989970477 26.459950911470855 -1.7999999999999998
    vertex 27.794580989970477 26.459950911470855 -0.6000000000000001
    vertex 26.87200619923096 25.920196275164237 -0.6000000000000001
  endloop
endfacet
facet normal 0.5049777107334622 -0.863132383625126 0
  outer loop
    vertex 27.794580989970477 26.459950911470855 -1.7999999999999998
    vertex 26.87200619923096 25.920196275164237 -1.7999999999999998
    vertex 26.87200619923096 25.920196275164237 -2.4
  endloop
endfacet
facet normal 0.5627589225946648 -0.8266157536242673 -0.0029649452400557887
  outer loop
    vertex 27.794580989970477 26.459950911470855 -2.4
    vertex 27.474114681878874 26.243929977509012 -3
    vertex 27.82662394102401 26.48391781951587 -3
  endloop
endfacet
facet normal 0.6554237202821873 -0.7552459022543522 0.0048346684960375455
  outer loop
    vertex 27.794580989970477 26.459950911470855 -2.4
    vertex 27.82662394102401 26.48391781951587 -3
    vertex 28.06569487872747 26.691390330036267 -3
  endloop
endfacet
facet normal 0.5049777107334622 -0.863132383625126 0
  outer loop
    vertex 27.794580989970477 26.459950911470855 -2.4
    vertex 27.794580989970477 26.459950911470855 -1.7999999999999998
    vertex 26.87200619923096 25.920196275164237 -2.4
  endloop
endfacet
facet normal 0.6492635694816681 -0.7605634867280463 0
  outer loop
    vertex 27.794580989970477 26.459950911470855 -2.4
    vertex 28.06569487872747 26.691390330036267 -3
    vertex 27.794580989970477 26.459950911470855 -1.7999999999999998
  endloop
endfacet
facet normal 0.504552904872789 -0.8624062848542156 0.04100934074549067
  outer loop
    vertex 27.794580989970477 26.459950911470855 -2.4
    vertex 26.87200619923096 25.920196275164237 -2.4
    vertex 27.474114681878874 26.243929977509012 -3
  endloop
endfacet
facet normal -0.9740448750256767 -0.22630180186488416 -0.004906720790947537
  outer loop
    vertex 28.15568950941872 55.276640920001995 -0.6000000000000001
    vertex 28.139369814552936 55.33387459010404 0
    vertex 27.971190911313162 56.05774774285051 0
  endloop
endfacet
facet normal -0.9455208141966468 -0.3255179655428048 0.005333294458711317
  outer loop
    vertex 28.15568950941872 55.276640920001995 -0.6000000000000001
    vertex 28.381246994303154 54.63130228337542 0
    vertex 28.139369814552936 55.33387459010404 0
  endloop
endfacet
facet normal -0.9044736330096209 -0.4265192332006854 0.002964945240127205
  outer loop
    vertex 28.544476376632005 54.28098832807797 -0.6000000000000001
    vertex 28.56313559036226 54.2455906284846 0
    vertex 28.381246994303154 54.63130228337542 0
  endloop
endfacet
facet normal -0.8484784309957986 -0.529207877979382 -0.00483466849615803
  outer loop
    vertex 28.544476376632005 54.28098832807797 -0.6000000000000001
    vertex 28.730654835750503 53.97700719954677 0
    vertex 28.56313559036226 54.2455906284846 0
  endloop
endfacet
facet normal -0.9307180961647449 -0.3634309555377663 -0.041009340745479836
  outer loop
    vertex 28.544476376632005 54.28098832807797 -0.6000000000000001
    vertex 28.381246994303154 54.63130228337542 0
    vertex 28.15568950941872 55.276640920001995 -0.6000000000000001
  endloop
endfacet
facet normal -0.9732199261307205 -0.22987600001330027 0
  outer loop
    vertex 28.15568950941872 55.276640920001995 -1.7999999999999998
    vertex 27.971190911313162 56.05774774285051 0
    vertex 27.971190911313162 56.05774774285051 -3
  endloop
endfacet
facet normal -0.9732199261307205 -0.2298760000133003 0
  outer loop
    vertex 28.15568950941872 55.276640920001995 -1.7999999999999998
    vertex 28.15568950941872 55.276640920001995 -0.6000000000000001
    vertex 27.971190911313162 56.05774774285051 0
  endloop
endfacet
facet normal -0.9740448750256767 -0.22630180186488416 0.004906720790947537
  outer loop
    vertex 28.15568950941872 55.276640920001995 -2.4
    vertex 27.971190911313162 56.05774774285051 -3
    vertex 28.139369814552936 55.33387459010404 -3
  endloop
endfacet
facet normal -0.9455208141966468 -0.3255179655428048 -0.005333294458711317
  outer loop
    vertex 28.15568950941872 55.276640920001995 -2.4
    vertex 28.139369814552936 55.33387459010404 -3
    vertex 28.381246994303154 54.63130228337542 -3
  endloop
endfacet
facet normal -0.9732199261307206 -0.22987600001330033 0
  outer loop
    vertex 28.15568950941872 55.276640920001995 -2.4
    vertex 28.15568950941872 55.276640920001995 -1.7999999999999998
    vertex 27.971190911313162 56.05774774285051 -3
  endloop
endfacet
facet normal -0.8527668872856572 -0.5222917153747809 0
  outer loop
    vertex 28.544476376632005 54.28098832807797 -1.7999999999999998
    vertex 28.730654835750503 53.97700719954677 -3
    vertex 28.730654835750503 53.97700719954677 0
  endloop
endfacet
facet normal -0.8527668872856571 -0.5222917153747809 0
  outer loop
    vertex 28.544476376632005 54.28098832807797 -1.7999999999999998
    vertex 28.730654835750503 53.97700719954677 0
    vertex 28.544476376632005 54.28098832807797 -0.6000000000000001
  endloop
endfacet
facet normal -0.9315017097324534 -0.3637369444605757 0
  outer loop
    vertex 28.544476376632005 54.28098832807797 -1.7999999999999998
    vertex 28.15568950941872 55.276640920001995 -0.6000000000000001
    vertex 28.15568950941872 55.276640920001995 -1.7999999999999998
  endloop
endfacet
facet normal -0.9315017097324534 -0.3637369444605757 0
  outer loop
    vertex 28.544476376632005 54.28098832807797 -1.7999999999999998
    vertex 28.544476376632005 54.28098832807797 -0.6000000000000001
    vertex 28.15568950941872 55.276640920001995 -0.6000000000000001
  endloop
endfacet
facet normal -0.9044736330096209 -0.4265192332006854 -0.002964945240127205
  outer loop
    vertex 28.544476376632005 54.28098832807797 -2.4
    vertex 28.381246994303154 54.63130228337542 -3
    vertex 28.56313559036226 54.2455906284846 -3
  endloop
endfacet
facet normal -0.8484784309957986 -0.529207877979382 0.00483466849615803
  outer loop
    vertex 28.544476376632005 54.28098832807797 -2.4
    vertex 28.56313559036226 54.2455906284846 -3
    vertex 28.730654835750503 53.97700719954677 -3
  endloop
endfacet
facet normal -0.9315017097324536 -0.36373694446057575 0
  outer loop
    vertex 28.544476376632005 54.28098832807797 -2.4
    vertex 28.544476376632005 54.28098832807797 -1.7999999999999998
    vertex 28.15568950941872 55.276640920001995 -1.7999999999999998
  endloop
endfacet
facet normal -0.8527668872856572 -0.522291715374781 0
  outer loop
    vertex 28.544476376632005 54.28098832807797 -2.4
    vertex 28.730654835750503 53.97700719954677 -3
    vertex 28.544476376632005 54.28098832807797 -1.7999999999999998
  endloop
endfacet
facet normal -0.9307180961647449 -0.3634309555377663 0.041009340745479836
  outer loop
    vertex 28.544476376632005 54.28098832807797 -2.4
    vertex 28.15568950941872 55.276640920001995 -2.4
    vertex 28.381246994303154 54.63130228337542 -3
  endloop
endfacet
facet normal -0.9315017097324536 -0.36373694446057575 0
  outer loop
    vertex 28.544476376632005 54.28098832807797 -2.4
    vertex 28.15568950941872 55.276640920001995 -1.7999999999999998
    vertex 28.15568950941872 55.276640920001995 -2.4
  endloop
endfacet
facet normal -0.7071067811865427 -0.7071067811865525 0
  outer loop
    vertex 26.129378037039476 25.61577713298764 -3
    vertex 25.615777132987613 26.129378037039494 0
    vertex 25.615777132987613 26.129378037039494 -3
  endloop
endfacet
facet normal -0.7071067811865427 -0.7071067811865525 0
  outer loop
    vertex 26.129378037039476 25.61577713298764 -3
    vertex 26.129378037039476 25.61577713298764 0
    vertex 25.615777132987613 26.129378037039494 0
  endloop
endfacet
facet normal -0.7760028348344291 -0.630729419267034 0
  outer loop
    vertex 28.75706724348367 53.944511326277436 -3
    vertex 28.730654835750503 53.97700719954677 0
    vertex 28.730654835750503 53.97700719954677 -3
  endloop
endfacet
facet normal -0.7760028348344291 -0.630729419267034 0
  outer loop
    vertex 28.75706724348367 53.944511326277436 -3
    vertex 28.75706724348367 53.944511326277436 0
    vertex 28.730654835750503 53.97700719954677 0
  endloop
endfacet
facet normal -0.7689557915748212 0.6392548614759332 0.007759683171707138
  outer loop
    vertex 26.45995091147084 27.79458098997049 -0.6000000000000001
    vertex 26.417938692420158 27.736761564125814 0
    vertex 26.69139033003625 28.065694878727488 0
  endloop
endfacet
facet normal -0.8471882453111496 0.531230658421651 -0.008128010796910327
  outer loop
    vertex 26.45995091147084 27.79458098997049 -0.6000000000000001
    vertex 26.114771374410807 27.25328083102368 0
    vertex 26.417938692420158 27.736761564125814 0
  endloop
endfacet
facet normal -0.8969375800987152 0.44204479565394894 0.009968753278101036
  outer loop
    vertex 25.92019627516422 26.872006199230974 -0.6000000000000001
    vertex 25.84267651373883 26.701182699142326 0
    vertex 26.114771374410807 27.25328083102368 0
  endloop
endfacet
facet normal -0.9293890617486685 0.36879342993150277 -0.015079056379210054
  outer loop
    vertex 25.92019627516422 26.872006199230974 -0.6000000000000001
    vertex 25.615777132987613 26.129378037039494 0
    vertex 25.84267651373883 26.701182699142326 0
  endloop
endfacet
facet normal -0.8624083564523698 0.504554116866356 -0.040950822633178646
  outer loop
    vertex 25.92019627516422 26.872006199230974 -0.6000000000000001
    vertex 26.114771374410807 27.25328083102368 0
    vertex 26.45995091147084 27.79458098997049 -0.6000000000000001
  endloop
endfacet
facet normal -0.7605634867280554 0.6492635694816574 0
  outer loop
    vertex 26.45995091147084 27.79458098997049 -1.7999999999999998
    vertex 26.69139033003625 28.065694878727488 0
    vertex 26.69139033003625 28.065694878727488 -3
  endloop
endfacet
facet normal -0.7605634867280555 0.6492635694816575 0
  outer loop
    vertex 26.45995091147084 27.79458098997049 -1.7999999999999998
    vertex 26.45995091147084 27.79458098997049 -0.6000000000000001
    vertex 26.69139033003625 28.065694878727488 0
  endloop
endfacet
facet normal -0.7689557915748212 0.6392548614759332 -0.007759683171707138
  outer loop
    vertex 26.45995091147084 27.79458098997049 -2.4
    vertex 26.69139033003625 28.065694878727488 -3
    vertex 26.417938692420158 27.736761564125814 -3
  endloop
endfacet
facet normal -0.8471882453111496 0.531230658421651 0.008128010796910327
  outer loop
    vertex 26.45995091147084 27.79458098997049 -2.4
    vertex 26.417938692420158 27.736761564125814 -3
    vertex 26.114771374410807 27.25328083102368 -3
  endloop
endfacet
facet normal -0.7605634867280555 0.6492635694816575 0
  outer loop
    vertex 26.45995091147084 27.79458098997049 -2.4
    vertex 26.45995091147084 27.79458098997049 -1.7999999999999998
    vertex 26.69139033003625 28.065694878727488 -3
  endloop
endfacet
facet normal -0.9252774447864999 0.37929098350655 0
  outer loop
    vertex 25.92019627516422 26.872006199230974 -1.7999999999999998
    vertex 25.615777132987613 26.129378037039494 -3
    vertex 25.615777132987613 26.129378037039494 0
  endloop
endfacet
facet normal -0.9252774447864998 0.37929098350654994 0
  outer loop
    vertex 25.92019627516422 26.872006199230974 -1.7999999999999998
    vertex 25.615777132987613 26.129378037039494 0
    vertex 25.92019627516422 26.872006199230974 -0.6000000000000001
  endloop
endfacet
facet normal -0.8631323836251246 0.5049777107334648 0
  outer loop
    vertex 25.92019627516422 26.872006199230974 -1.7999999999999998
    vertex 26.45995091147084 27.79458098997049 -0.6000000000000001
    vertex 26.45995091147084 27.79458098997049 -1.7999999999999998
  endloop
endfacet
facet normal -0.8631323836251246 0.5049777107334648 0
  outer loop
    vertex 25.92019627516422 26.872006199230974 -1.7999999999999998
    vertex 25.92019627516422 26.872006199230974 -0.6000000000000001
    vertex 26.45995091147084 27.79458098997049 -0.6000000000000001
  endloop
endfacet
facet normal -0.8969375800987152 0.44204479565394894 -0.009968753278101036
  outer loop
    vertex 25.92019627516422 26.872006199230974 -2.4
    vertex 26.114771374410807 27.25328083102368 -3
    vertex 25.84267651373883 26.701182699142326 -3
  endloop
endfacet
facet normal -0.9293890617486685 0.36879342993150277 0.015079056379210054
  outer loop
    vertex 25.92019627516422 26.872006199230974 -2.4
    vertex 25.84267651373883 26.701182699142326 -3
    vertex 25.615777132987613 26.129378037039494 -3
  endloop
endfacet
facet normal -0.9252774447864996 0.3792909835065499 0
  outer loop
    vertex 25.92019627516422 26.872006199230974 -2.4
    vertex 25.615777132987613 26.129378037039494 -3
    vertex 25.92019627516422 26.872006199230974 -1.7999999999999998
  endloop
endfacet
facet normal -0.8631323836251246 0.5049777107334646 0
  outer loop
    vertex 25.92019627516422 26.872006199230974 -2.4
    vertex 25.92019627516422 26.872006199230974 -1.7999999999999998
    vertex 26.45995091147084 27.79458098997049 -1.7999999999999998
  endloop
endfacet
facet normal -0.8631323836251246 0.5049777107334646 0
  outer loop
    vertex 25.92019627516422 26.872006199230974 -2.4
    vertex 26.45995091147084 27.79458098997049 -1.7999999999999998
    vertex 26.45995091147084 27.79458098997049 -2.4
  endloop
endfacet
facet normal -0.8624083564523698 0.504554116866356 0.040950822633178646
  outer loop
    vertex 25.92019627516422 26.872006199230974 -2.4
    vertex 26.45995091147084 27.79458098997049 -2.4
    vertex 26.114771374410807 27.25328083102368 -3
  endloop
endfacet
facet normal -0.6494480483301802 0.7604059656000338 0
  outer loop
    vertex 28.09365886299889 53.37790704193079 -3
    vertex 28.75706724348367 53.944511326277436 0
    vertex 28.75706724348367 53.944511326277436 -3
  endloop
endfacet
facet normal -0.6494480483301802 0.7604059656000338 0
  outer loop
    vertex 28.09365886299889 53.37790704193079 -3
    vertex 28.09365886299889 53.37790704193079 0
    vertex 28.75706724348367 53.944511326277436 0
  endloop
endfacet
facet normal -0.6677811329465166 0.7443576818174625 0
  outer loop
    vertex 26.69139033003625 28.065694878727488 -3
    vertex 26.72256103175225 28.0936588629989 0
    vertex 26.72256103175225 28.0936588629989 -3
  endloop
endfacet
facet normal -0.6677811329465166 0.7443576818174625 0
  outer loop
    vertex 26.69139033003625 28.065694878727488 -3
    vertex 26.69139033003625 28.065694878727488 0
    vertex 26.72256103175225 28.0936588629989 0
  endloop
endfacet
facet normal 0.7443576818175046 0.6677811329464696 0
  outer loop
    vertex 28.06569487872748 53.40907774364679 -3
    vertex 28.09365886299889 53.37790704193079 0
    vertex 28.09365886299889 53.37790704193079 -3
  endloop
endfacet
facet normal 0.7443576818175046 0.6677811329464696 0
  outer loop
    vertex 28.06569487872748 53.40907774364679 -3
    vertex 28.06569487872748 53.40907774364679 0
    vertex 28.09365886299889 53.37790704193079 0
  endloop
endfacet
facet normal -0.7604059656000338 -0.6494480483301802 0
  outer loop
    vertex 26.72256103175225 28.0936588629989 -3
    vertex 26.155956747405604 28.757067243483682 0
    vertex 26.155956747405604 28.757067243483682 -3
  endloop
endfacet
facet normal -0.7604059656000338 -0.6494480483301802 0
  outer loop
    vertex 26.72256103175225 28.0936588629989 -3
    vertex 26.72256103175225 28.0936588629989 0
    vertex 26.155956747405604 28.757067243483682 0
  endloop
endfacet
facet normal 0.6392548614758685 0.7689557915748746 0.007759683171756962
  outer loop
    vertex 27.794580989970484 53.6405171622122 -0.6000000000000001
    vertex 27.73676156412545 53.68252938126313 0
    vertex 28.06569487872748 53.40907774364679 0
  endloop
endfacet
facet normal 0.5312306584215405 0.8471882453112184 -0.00812801079696239
  outer loop
    vertex 27.794580989970484 53.6405171622122 -0.6000000000000001
    vertex 27.25328083102278 53.98569669927273 0
    vertex 27.73676156412545 53.68252938126313 0
  endloop
endfacet
facet normal 0.44204479565384275 0.8969375800987675 0.009968753278093599
  outer loop
    vertex 26.872006199230967 54.18027179851882 -0.6000000000000001
    vertex 26.701182699141853 54.257791559944415 0
    vertex 27.25328083102278 53.98569669927273 0
  endloop
endfacet
facet normal 0.3687934299314676 0.9293890617486817 -0.01507905637926042
  outer loop
    vertex 26.872006199230967 54.18027179851882 -0.6000000000000001
    vertex 26.129378037039487 54.48469094069542 0
    vertex 26.701182699141853 54.257791559944415 0
  endloop
endfacet
facet normal 0.5045541168663541 0.8624083564523723 -0.04095082263314677
  outer loop
    vertex 26.872006199230967 54.18027179851882 -0.6000000000000001
    vertex 27.25328083102278 53.98569669927273 0
    vertex 27.794580989970484 53.6405171622122 -0.6000000000000001
  endloop
endfacet
facet normal 0.6492635694816574 0.7605634867280554 0
  outer loop
    vertex 27.794580989970484 53.6405171622122 -1.7999999999999998
    vertex 28.06569487872748 53.40907774364679 0
    vertex 28.06569487872748 53.40907774364679 -3
  endloop
endfacet
facet normal 0.6492635694816575 0.7605634867280555 0
  outer loop
    vertex 27.794580989970484 53.6405171622122 -1.7999999999999998
    vertex 27.794580989970484 53.6405171622122 -0.6000000000000001
    vertex 28.06569487872748 53.40907774364679 0
  endloop
endfacet
facet normal 0.6392548614758685 0.7689557915748746 -0.007759683171756962
  outer loop
    vertex 27.794580989970484 53.6405171622122 -2.4
    vertex 28.06569487872748 53.40907774364679 -3
    vertex 27.73676156412545 53.68252938126313 -3
  endloop
endfacet
facet normal 0.5312306584215405 0.8471882453112184 0.00812801079696239
  outer loop
    vertex 27.794580989970484 53.6405171622122 -2.4
    vertex 27.73676156412545 53.68252938126313 -3
    vertex 27.25328083102278 53.98569669927273 -3
  endloop
endfacet
facet normal 0.6492635694816575 0.7605634867280555 0
  outer loop
    vertex 27.794580989970484 53.6405171622122 -2.4
    vertex 27.794580989970484 53.6405171622122 -1.7999999999999998
    vertex 28.06569487872748 53.40907774364679 -3
  endloop
endfacet
facet normal 0.37929098350655 0.9252774447864999 0
  outer loop
    vertex 26.872006199230967 54.18027179851882 -1.7999999999999998
    vertex 26.129378037039487 54.48469094069542 -3
    vertex 26.129378037039487 54.48469094069542 0
  endloop
endfacet
facet normal 0.37929098350654994 0.9252774447864998 0
  outer loop
    vertex 26.872006199230967 54.18027179851882 -1.7999999999999998
    vertex 26.129378037039487 54.48469094069542 0
    vertex 26.872006199230967 54.18027179851882 -0.6000000000000001
  endloop
endfacet
facet normal 0.5049777107334622 0.863132383625126 0
  outer loop
    vertex 26.872006199230967 54.18027179851882 -1.7999999999999998
    vertex 27.794580989970484 53.6405171622122 -0.6000000000000001
    vertex 27.794580989970484 53.6405171622122 -1.7999999999999998
  endloop
endfacet
facet normal 0.5049777107334622 0.863132383625126 0
  outer loop
    vertex 26.872006199230967 54.18027179851882 -1.7999999999999998
    vertex 26.872006199230967 54.18027179851882 -0.6000000000000001
    vertex 27.794580989970484 53.6405171622122 -0.6000000000000001
  endloop
endfacet
facet normal 0.44204479565384275 0.8969375800987675 -0.009968753278093599
  outer loop
    vertex 26.872006199230967 54.18027179851882 -2.4
    vertex 27.25328083102278 53.98569669927273 -3
    vertex 26.701182699141853 54.257791559944415 -3
  endloop
endfacet
facet normal 0.3687934299314676 0.9293890617486817 0.01507905637926042
  outer loop
    vertex 26.872006199230967 54.18027179851882 -2.4
    vertex 26.701182699141853 54.257791559944415 -3
    vertex 26.129378037039487 54.48469094069542 -3
  endloop
endfacet
facet normal 0.3792909835065499 0.9252774447864996 0
  outer loop
    vertex 26.872006199230967 54.18027179851882 -2.4
    vertex 26.129378037039487 54.48469094069542 -3
    vertex 26.872006199230967 54.18027179851882 -1.7999999999999998
  endloop
endfacet
facet normal 0.5049777107334622 0.863132383625126 0
  outer loop
    vertex 26.872006199230967 54.18027179851882 -2.4
    vertex 26.872006199230967 54.18027179851882 -1.7999999999999998
    vertex 27.794580989970484 53.6405171622122 -1.7999999999999998
  endloop
endfacet
facet normal 0.5049777107334622 0.863132383625126 0
  outer loop
    vertex 26.872006199230967 54.18027179851882 -2.4
    vertex 27.794580989970484 53.6405171622122 -1.7999999999999998
    vertex 27.794580989970484 53.6405171622122 -2.4
  endloop
endfacet
facet normal 0.5045541168663541 0.8624083564523723 0.04095082263314677
  outer loop
    vertex 26.872006199230967 54.18027179851882 -2.4
    vertex 27.794580989970484 53.6405171622122 -2.4
    vertex 27.25328083102278 53.98569669927273 -3
  endloop
endfacet
facet normal 0.6307294192669924 -0.7760028348344629 0
  outer loop
    vertex 26.155956747405604 28.757067243483682 -3
    vertex 26.123460874136267 28.730654835750514 0
    vertex 26.123460874136267 28.730654835750514 -3
  endloop
endfacet
facet normal 0.6307294192669924 -0.7760028348344629 0
  outer loop
    vertex 26.155956747405604 28.757067243483682 -3
    vertex 26.155956747405604 28.757067243483682 0
    vertex 26.123460874136267 28.730654835750514 0
  endloop
endfacet
facet normal -0.7071067811865525 0.7071067811865427 0
  outer loop
    vertex 25.61577713298763 53.97109003664356 -3
    vertex 26.129378037039487 54.48469094069542 0
    vertex 26.129378037039487 54.48469094069542 -3
  endloop
endfacet
facet normal -0.7071067811865525 0.7071067811865427 0
  outer loop
    vertex 25.61577713298763 53.97109003664356 -3
    vertex 25.61577713298763 53.97109003664356 0
    vertex 26.129378037039487 54.48469094069542 0
  endloop
endfacet
facet normal 0.2263018018648796 -0.9740448750256777 -0.004906720790956852
  outer loop
    vertex 24.823827153681044 28.155689509418735 -0.6000000000000001
    vertex 24.766593483578994 28.139369814552943 0
    vertex 24.042720330832523 27.971190911313172 0
  endloop
endfacet
facet normal 0.3255179655428019 -0.9455208141966479 0.005333294458703666
  outer loop
    vertex 24.823827153681044 28.155689509418735 -0.6000000000000001
    vertex 25.46916579030762 28.38124699430316 0
    vertex 24.766593483578994 28.139369814552943 0
  endloop
endfacet
facet normal 0.4265192332005513 -0.9044736330096845 0.0029649452400366373
  outer loop
    vertex 25.81947974560508 28.544476376632012 -0.6000000000000001
    vertex 25.854877445197353 28.563135590361686 0
    vertex 25.46916579030762 28.38124699430316 0
  endloop
endfacet
facet normal 0.5292078779791785 -0.8484784309959262 -0.004834668496000856
  outer loop
    vertex 25.81947974560508 28.544476376632012 -0.6000000000000001
    vertex 26.123460874136267 28.730654835750514 0
    vertex 25.854877445197353 28.563135590361686 0
  endloop
endfacet
facet normal 0.3634309555377583 -0.9307180961647481 -0.04100934074548107
  outer loop
    vertex 25.81947974560508 28.544476376632012 -0.6000000000000001
    vertex 25.46916579030762 28.38124699430316 0
    vertex 24.823827153681044 28.155689509418735 -0.6000000000000001
  endloop
endfacet
facet normal 0.2298760000133025 -0.97321992613072 0
  outer loop
    vertex 24.823827153681044 28.155689509418735 -1.7999999999999998
    vertex 24.042720330832523 27.971190911313172 0
    vertex 24.042720330832523 27.971190911313172 -3
  endloop
endfacet
facet normal 0.2298760000133025 -0.97321992613072 0
  outer loop
    vertex 24.823827153681044 28.155689509418735 -1.7999999999999998
    vertex 24.823827153681044 28.155689509418735 -0.6000000000000001
    vertex 24.042720330832523 27.971190911313172 0
  endloop
endfacet
facet normal 0.2263018018648796 -0.9740448750256777 0.004906720790956852
  outer loop
    vertex 24.823827153681044 28.155689509418735 -2.4
    vertex 24.042720330832523 27.971190911313172 -3
    vertex 24.766593483578994 28.139369814552943 -3
  endloop
endfacet
facet normal 0.3255179655428019 -0.9455208141966479 -0.005333294458703666
  outer loop
    vertex 24.823827153681044 28.155689509418735 -2.4
    vertex 24.766593483578994 28.139369814552943 -3
    vertex 25.46916579030762 28.38124699430316 -3
  endloop
endfacet
facet normal 0.22987600001330252 -0.9732199261307202 0
  outer loop
    vertex 24.823827153681044 28.155689509418735 -2.4
    vertex 24.823827153681044 28.155689509418735 -1.7999999999999998
    vertex 24.042720330832523 27.971190911313172 -3
  endloop
endfacet
facet normal 0.5222917153748015 -0.8527668872856445 0
  outer loop
    vertex 25.81947974560508 28.544476376632012 -1.7999999999999998
    vertex 26.123460874136267 28.730654835750514 -3
    vertex 26.123460874136267 28.730654835750514 0
  endloop
endfacet
facet normal 0.3637369444605677 -0.9315017097324566 0
  outer loop
    vertex 25.81947974560508 28.544476376632012 -1.7999999999999998
    vertex 24.823827153681044 28.155689509418735 -0.6000000000000001
    vertex 24.823827153681044 28.155689509418735 -1.7999999999999998
  endloop
endfacet
facet normal 0.5222917153748015 -0.8527668872856446 0
  outer loop
    vertex 25.81947974560508 28.544476376632012 -1.7999999999999998
    vertex 26.123460874136267 28.730654835750514 0
    vertex 25.81947974560508 28.544476376632012 -0.6000000000000001
  endloop
endfacet
facet normal 0.3637369444605677 -0.9315017097324566 0
  outer loop
    vertex 25.81947974560508 28.544476376632012 -1.7999999999999998
    vertex 25.81947974560508 28.544476376632012 -0.6000000000000001
    vertex 24.823827153681044 28.155689509418735 -0.6000000000000001
  endloop
endfacet
facet normal 0.4265192332005513 -0.9044736330096845 -0.0029649452400366373
  outer loop
    vertex 25.81947974560508 28.544476376632012 -2.4
    vertex 25.46916579030762 28.38124699430316 -3
    vertex 25.854877445197353 28.563135590361686 -3
  endloop
endfacet
facet normal 0.5292078779791785 -0.8484784309959262 0.004834668496000856
  outer loop
    vertex 25.81947974560508 28.544476376632012 -2.4
    vertex 25.854877445197353 28.563135590361686 -3
    vertex 26.123460874136267 28.730654835750514 -3
  endloop
endfacet
facet normal 0.3637369444605677 -0.9315017097324566 0
  outer loop
    vertex 25.81947974560508 28.544476376632012 -2.4
    vertex 25.81947974560508 28.544476376632012 -1.7999999999999998
    vertex 24.823827153681044 28.155689509418735 -1.7999999999999998
  endloop
endfacet
facet normal 0.5222917153748015 -0.8527668872856445 0
  outer loop
    vertex 25.81947974560508 28.544476376632012 -2.4
    vertex 26.123460874136267 28.730654835750514 -3
    vertex 25.81947974560508 28.544476376632012 -1.7999999999999998
  endloop
endfacet
facet normal 0.3634309555377583 -0.9307180961647481 0.04100934074548107
  outer loop
    vertex 25.81947974560508 28.544476376632012 -2.4
    vertex 24.823827153681044 28.155689509418735 -2.4
    vertex 25.46916579030762 28.38124699430316 -3
  endloop
endfacet
facet normal 0.3637369444605677 -0.9315017097324566 0
  outer loop
    vertex 25.81947974560508 28.544476376632012 -2.4
    vertex 24.823827153681044 28.155689509418735 -1.7999999999999998
    vertex 24.823827153681044 28.155689509418735 -2.4
  endloop
endfacet
facet normal -0.9266513649669361 -0.37588984010743626 -0.004906720790946429
  outer loop
    vertex 25.920196275164223 53.22846187445208 -0.6000000000000001
    vertex 25.895124184258513 53.28243794036539 0
    vertex 25.61577713298763 53.97109003664356 0
  endloop
endfacet
facet normal -0.882957655171377 -0.46942234197413374 0.005333294458713024
  outer loop
    vertex 25.920196275164223 53.22846187445208 -0.6000000000000001
    vertex 26.243929977509012 52.626353391804166 0
    vertex 25.895124184258513 53.28243794036539 0
  endloop
endfacet
facet normal -0.826615753623972 -0.5627589225950969 0.00296494524039617
  outer loop
    vertex 26.459950911470848 52.30588708371257 -0.6000000000000001
    vertex 26.483917819518588 52.273844132655434 0
    vertex 26.243929977509012 52.626353391804166 0
  endloop
endfacet
facet normal -0.755245902253732 -0.6554237202828977 -0.004834668496605478
  outer loop
    vertex 26.459950911470848 52.30588708371257 -0.6000000000000001
    vertex 26.69139033003626 52.03477319495557 0
    vertex 26.483917819518588 52.273844132655434 0
  endloop
endfacet
facet normal -0.8624062848542114 -0.5045529048727971 -0.041009340745480585
  outer loop
    vertex 26.459950911470848 52.30588708371257 -0.6000000000000001
    vertex 26.243929977509012 52.626353391804166 0
    vertex 25.920196275164223 53.22846187445208 -0.6000000000000001
  endloop
endfacet
facet normal -0.9252774447865059 -0.37929098350653473 0
  outer loop
    vertex 25.920196275164223 53.22846187445208 -1.7999999999999998
    vertex 25.61577713298763 53.97109003664356 0
    vertex 25.61577713298763 53.97109003664356 -3
  endloop
endfacet
facet normal -0.9252774447865059 -0.37929098350653473 0
  outer loop
    vertex 25.920196275164223 53.22846187445208 -1.7999999999999998
    vertex 25.920196275164223 53.22846187445208 -0.6000000000000001
    vertex 25.61577713298763 53.97109003664356 0
  endloop
endfacet
facet normal -0.9266513649669361 -0.37588984010743626 0.004906720790946429
  outer loop
    vertex 25.920196275164223 53.22846187445208 -2.4
    vertex 25.61577713298763 53.97109003664356 -3
    vertex 25.895124184258513 53.28243794036539 -3
  endloop
endfacet
facet normal -0.882957655171377 -0.46942234197413374 -0.005333294458713024
  outer loop
    vertex 25.920196275164223 53.22846187445208 -2.4
    vertex 25.895124184258513 53.28243794036539 -3
    vertex 26.243929977509012 52.626353391804166 -3
  endloop
endfacet
facet normal -0.925277444786506 -0.3792909835065348 0
  outer loop
    vertex 25.920196275164223 53.22846187445208 -2.4
    vertex 25.920196275164223 53.22846187445208 -1.7999999999999998
    vertex 25.61577713298763 53.97109003664356 -3
  endloop
endfacet
facet normal -0.7605634867280548 -0.6492635694816583 0
  outer loop
    vertex 26.459950911470848 52.30588708371257 -1.7999999999999998
    vertex 26.69139033003626 52.03477319495557 -3
    vertex 26.69139033003626 52.03477319495557 0
  endloop
endfacet
facet normal -0.7605634867280546 -0.6492635694816582 0
  outer loop
    vertex 26.459950911470848 52.30588708371257 -1.7999999999999998
    vertex 26.69139033003626 52.03477319495557 0
    vertex 26.459950911470848 52.30588708371257 -0.6000000000000001
  endloop
endfacet
facet normal -0.8631323836251213 -0.5049777107334701 0
  outer loop
    vertex 26.459950911470848 52.30588708371257 -1.7999999999999998
    vertex 25.920196275164223 53.22846187445208 -0.6000000000000001
    vertex 25.920196275164223 53.22846187445208 -1.7999999999999998
  endloop
endfacet
facet normal -0.8631323836251213 -0.5049777107334701 0
  outer loop
    vertex 26.459950911470848 52.30588708371257 -1.7999999999999998
    vertex 26.459950911470848 52.30588708371257 -0.6000000000000001
    vertex 25.920196275164223 53.22846187445208 -0.6000000000000001
  endloop
endfacet
facet normal -0.8631323836251215 -0.5049777107334701 0
  outer loop
    vertex 26.459950911470848 52.30588708371257 -1.7999999999999998
    vertex 25.920196275164223 53.22846187445208 -1.7999999999999998
    vertex 25.920196275164223 53.22846187445208 -2.4
  endloop
endfacet
facet normal -0.826615753623972 -0.5627589225950969 -0.00296494524039617
  outer loop
    vertex 26.459950911470848 52.30588708371257 -2.4
    vertex 26.243929977509012 52.626353391804166 -3
    vertex 26.483917819518588 52.273844132655434 -3
  endloop
endfacet
facet normal -0.755245902253732 -0.6554237202828977 0.004834668496605478
  outer loop
    vertex 26.459950911470848 52.30588708371257 -2.4
    vertex 26.483917819518588 52.273844132655434 -3
    vertex 26.69139033003626 52.03477319495557 -3
  endloop
endfacet
facet normal -0.8631323836251215 -0.5049777107334701 0
  outer loop
    vertex 26.459950911470848 52.30588708371257 -2.4
    vertex 26.459950911470848 52.30588708371257 -1.7999999999999998
    vertex 25.920196275164223 53.22846187445208 -2.4
  endloop
endfacet
facet normal -0.7605634867280547 -0.6492635694816583 0
  outer loop
    vertex 26.459950911470848 52.30588708371257 -2.4
    vertex 26.69139033003626 52.03477319495557 -3
    vertex 26.459950911470848 52.30588708371257 -1.7999999999999998
  endloop
endfacet
facet normal -0.8624062848542114 -0.5045529048727971 0.041009340745480585
  outer loop
    vertex 26.459950911470848 52.30588708371257 -2.4
    vertex 25.920196275164223 53.22846187445208 -2.4
    vertex 26.243929977509012 52.626353391804166 -3
  endloop
endfacet
facet normal -0.8090169943749422 -0.5877852522924802 0
  outer loop
    vertex 24.042720330832523 27.971190911313172 -3
    vertex 23.615787588850907 28.558813418633843 0
    vertex 23.615787588850907 28.558813418633843 -3
  endloop
endfacet
facet normal -0.8090169943749422 -0.5877852522924802 0
  outer loop
    vertex 24.042720330832523 27.971190911313172 -3
    vertex 24.042720330832523 27.971190911313172 0
    vertex 23.615787588850907 28.558813418633843 0
  endloop
endfacet
facet normal -0.6677811329466057 -0.7443576818173825 0
  outer loop
    vertex 26.722561031752257 52.00680921068415 -3
    vertex 26.69139033003626 52.03477319495557 0
    vertex 26.69139033003626 52.03477319495557 -3
  endloop
endfacet
facet normal -0.6677811329466057 -0.7443576818173825 0
  outer loop
    vertex 26.722561031752257 52.00680921068415 -3
    vertex 26.722561031752257 52.00680921068415 0
    vertex 26.69139033003626 52.03477319495557 0
  endloop
endfacet
facet normal -0.6594871774922163 0.7516757612431205 0.0077596831717241166
  outer loop
    vertex 24.710063320420108 30.071457086530373 -0.6000000000000001
    vertex 24.65952339055017 30.02092167277592 0
    vertex 24.981064891843957 30.30302801179656 0
  endloop
endfacet
facet normal -0.7536551683199451 0.6572197674333299 -0.008128010796929541
  outer loop
    vertex 24.710063320420108 30.071457086530373 -0.6000000000000001
    vertex 24.28445551546264 29.590819206998866 0
    vertex 24.65952339055017 30.02092167277592 0
  endloop
endfacet
facet normal -0.8167437489731995 0.5769144412053524 0.009968753278098486
  outer loop
    vertex 24.032631465508953 29.244676950173563 -0.6000000000000001
    vertex 23.929343418130617 29.088083333244835 0
    vertex 24.28445551546264 29.590819206998866 0
  endloop
endfacet
facet normal -0.860254737244132 0.5096414515203228 -0.015079056379224935
  outer loop
    vertex 24.032631465508953 29.244676950173563 -0.6000000000000001
    vertex 23.615787588850907 28.558813418633843 0
    vertex 23.929343418130617 29.088083333244835 0
  endloop
endfacet
facet normal -0.7728610251439885 0.6332526083160259 -0.04095082263316924
  outer loop
    vertex 24.032631465508953 29.244676950173563 -0.6000000000000001
    vertex 24.28445551546264 29.590819206998866 0
    vertex 24.710063320420108 30.071457086530373 -0.6000000000000001
  endloop
endfacet
facet normal -0.6496324889617047 0.760248399725656 0
  outer loop
    vertex 24.710063320420108 30.071457086530373 -1.7999999999999998
    vertex 24.981064891843957 30.30302801179656 0
    vertex 24.981064891843957 30.30302801179656 -3
  endloop
endfacet
facet normal -0.6496324889617046 0.7602483997256559 0
  outer loop
    vertex 24.710063320420108 30.071457086530373 -1.7999999999999998
    vertex 24.710063320420108 30.071457086530373 -0.6000000000000001
    vertex 24.981064891843957 30.30302801179656 0
  endloop
endfacet
facet normal -0.6594871774922163 0.7516757612431205 -0.0077596831717241166
  outer loop
    vertex 24.710063320420108 30.071457086530373 -2.4
    vertex 24.981064891843957 30.30302801179656 -3
    vertex 24.65952339055017 30.02092167277592 -3
  endloop
endfacet
facet normal -0.7536551683199451 0.6572197674333299 0.008128010796929541
  outer loop
    vertex 24.710063320420108 30.071457086530373 -2.4
    vertex 24.65952339055017 30.02092167277592 -3
    vertex 24.28445551546264 29.590819206998866 -3
  endloop
endfacet
facet normal -0.6496324889617047 0.7602483997256559 0
  outer loop
    vertex 24.710063320420108 30.071457086530373 -2.4
    vertex 24.710063320420108 30.071457086530373 -1.7999999999999998
    vertex 24.981064891843957 30.30302801179656 -3
  endloop
endfacet
facet normal -0.8545515619318557 0.5193665641912519 0
  outer loop
    vertex 24.032631465508953 29.244676950173563 -1.7999999999999998
    vertex 23.615787588850907 28.558813418633843 -3
    vertex 23.615787588850907 28.558813418633843 0
  endloop
endfacet
facet normal -0.8545515619318557 0.5193665641912519 0
  outer loop
    vertex 24.032631465508953 29.244676950173563 -1.7999999999999998
    vertex 23.615787588850907 28.558813418633843 0
    vertex 24.032631465508953 29.244676950173563 -0.6000000000000001
  endloop
endfacet
facet normal -0.7735098736607966 0.6337842498431611 0
  outer loop
    vertex 24.032631465508953 29.244676950173563 -1.7999999999999998
    vertex 24.710063320420108 30.071457086530373 -0.6000000000000001
    vertex 24.710063320420108 30.071457086530373 -1.7999999999999998
  endloop
endfacet
facet normal -0.7735098736607966 0.6337842498431611 0
  outer loop
    vertex 24.032631465508953 29.244676950173563 -1.7999999999999998
    vertex 24.032631465508953 29.244676950173563 -0.6000000000000001
    vertex 24.710063320420108 30.071457086530373 -0.6000000000000001
  endloop
endfacet
facet normal -0.8167437489731995 0.5769144412053524 -0.009968753278098486
  outer loop
    vertex 24.032631465508953 29.244676950173563 -2.4
    vertex 24.28445551546264 29.590819206998866 -3
    vertex 23.929343418130617 29.088083333244835 -3
  endloop
endfacet
facet normal -0.860254737244132 0.5096414515203228 0.015079056379224935
  outer loop
    vertex 24.032631465508953 29.244676950173563 -2.4
    vertex 23.929343418130617 29.088083333244835 -3
    vertex 23.615787588850907 28.558813418633843 -3
  endloop
endfacet
facet normal -0.8545515619318557 0.519366564191252 0
  outer loop
    vertex 24.032631465508953 29.244676950173563 -2.4
    vertex 23.615787588850907 28.558813418633843 -3
    vertex 24.032631465508953 29.244676950173563 -1.7999999999999998
  endloop
endfacet
facet normal -0.7735098736607966 0.6337842498431611 0
  outer loop
    vertex 24.032631465508953 29.244676950173563 -2.4
    vertex 24.032631465508953 29.244676950173563 -1.7999999999999998
    vertex 24.710063320420108 30.071457086530373 -1.7999999999999998
  endloop
endfacet
facet normal -0.7735098736607966 0.6337842498431611 0
  outer loop
    vertex 24.032631465508953 29.244676950173563 -2.4
    vertex 24.710063320420108 30.071457086530373 -1.7999999999999998
    vertex 24.710063320420108 30.071457086530373 -2.4
  endloop
endfacet
facet normal -0.7728610251439885 0.6332526083160259 0.04095082263316924
  outer loop
    vertex 24.032631465508953 29.244676950173563 -2.4
    vertex 24.710063320420108 30.071457086530373 -2.4
    vertex 24.28445551546264 29.590819206998866 -3
  endloop
endfacet
facet normal -0.7604059656000265 0.6494480483301891 0
  outer loop
    vertex 26.155956747405604 51.34340083019938 -3
    vertex 26.722561031752257 52.00680921068415 0
    vertex 26.722561031752257 52.00680921068415 -3
  endloop
endfacet
facet normal -0.7604059656000265 0.6494480483301891 0
  outer loop
    vertex 26.155956747405604 51.34340083019938 -3
    vertex 26.155956747405604 51.34340083019938 0
    vertex 26.722561031752257 52.00680921068415 0
  endloop
endfacet
facet normal -0.5431164433270099 0.8396573878599645 0
  outer loop
    vertex 24.981064891843957 30.30302801179656 -3
    vertex 25.01622636141691 30.32577154097015 0
    vertex 25.01622636141691 30.32577154097015 -3
  endloop
endfacet
facet normal -0.5431164433270099 0.8396573878599645 0
  outer loop
    vertex 24.981064891843957 30.30302801179656 -3
    vertex 24.981064891843957 30.30302801179656 0
    vertex 25.01622636141691 30.32577154097015 0
  endloop
endfacet
facet normal 0.630729419267117 0.7760028348343616 0
  outer loop
    vertex 26.123460874136278 51.36981323793255 -3
    vertex 26.155956747405604 51.34340083019938 0
    vertex 26.155956747405604 51.34340083019938 -3
  endloop
endfacet
facet normal 0.630729419267117 0.7760028348343616 0
  outer loop
    vertex 26.123460874136278 51.36981323793255 -3
    vertex 26.123460874136278 51.36981323793255 0
    vertex 26.155956747405604 51.34340083019938 0
  endloop
endfacet
facet normal -0.8526401643540972 -0.5224985647159408 0
  outer loop
    vertex 25.01622636141691 30.32577154097015 -3
    vertex 24.56037785114082 31.069648701539343 0
    vertex 24.56037785114082 31.069648701539343 -3
  endloop
endfacet
facet normal -0.8526401643540972 -0.5224985647159408 0
  outer loop
    vertex 25.01622636141691 30.32577154097015 -3
    vertex 25.01622636141691 30.32577154097015 0
    vertex 24.56037785114082 31.069648701539343 0
  endloop
endfacet
facet normal 0.5110933854539145 0.8594901620509282 0.007759683171725114
  outer loop
    vertex 25.81947974560508 51.55599169705104 -0.6000000000000001
    vertex 25.755800013825876 51.58844172501907 0
    vertex 26.123460874136278 51.36981323793255 0
  endloop
endfacet
facet normal 0.39216088754606954 0.9198607360462583 -0.008128010796935531
  outer loop
    vertex 25.81947974560508 51.55599169705104 -0.6000000000000001
    vertex 25.230845913627796 51.812243500426376 0
    vertex 25.755800013825876 51.58844172501907 0
  endloop
endfacet
facet normal 0.2962905401708958 0.9550458312370769 0.009968753278095283
  outer loop
    vertex 24.82382715368105 51.94477856426432 -0.6000000000000001
    vertex 24.64298001193501 51.99462124593728 0
    vertex 25.230845913627796 51.812243500426376 0
  endloop
endfacet
facet normal 0.21886449014251938 0.9756387430875052 -0.015079056379235137
  outer loop
    vertex 24.82382715368105 51.94477856426432 -0.6000000000000001
    vertex 24.042720330832534 52.12927716236989 0
    vertex 24.64298001193501 51.99462124593728 0
  endloop
endfacet
facet normal 0.3634318285403237 0.9307203318556566 -0.0409508226331675
  outer loop
    vertex 24.82382715368105 51.94477856426432 -0.6000000000000001
    vertex 25.230845913627796 51.812243500426376 0
    vertex 25.81947974560508 51.55599169705104 -0.6000000000000001
  endloop
endfacet
facet normal 0.5222917153747738 0.8527668872856617 0
  outer loop
    vertex 25.81947974560508 51.55599169705104 -1.7999999999999998
    vertex 26.123460874136278 51.36981323793255 0
    vertex 26.123460874136278 51.36981323793255 -3
  endloop
endfacet
facet normal 0.5222917153747737 0.8527668872856616 0
  outer loop
    vertex 25.81947974560508 51.55599169705104 -1.7999999999999998
    vertex 25.81947974560508 51.55599169705104 -0.6000000000000001
    vertex 26.123460874136278 51.36981323793255 0
  endloop
endfacet
facet normal 0.5110933854539145 0.8594901620509282 -0.007759683171725114
  outer loop
    vertex 25.81947974560508 51.55599169705104 -2.4
    vertex 26.123460874136278 51.36981323793255 -3
    vertex 25.755800013825876 51.58844172501907 -3
  endloop
endfacet
facet normal 0.39216088754606954 0.9198607360462583 0.008128010796935531
  outer loop
    vertex 25.81947974560508 51.55599169705104 -2.4
    vertex 25.755800013825876 51.58844172501907 -3
    vertex 25.230845913627796 51.812243500426376 -3
  endloop
endfacet
facet normal 0.5222917153747737 0.8527668872856616 0
  outer loop
    vertex 25.81947974560508 51.55599169705104 -2.4
    vertex 25.81947974560508 51.55599169705104 -1.7999999999999998
    vertex 26.123460874136278 51.36981323793255 -3
  endloop
endfacet
facet normal 0.22987600001331188 0.9732199261307177 0
  outer loop
    vertex 24.82382715368105 51.94477856426432 -1.7999999999999998
    vertex 24.042720330832534 52.12927716236989 -3
    vertex 24.042720330832534 52.12927716236989 0
  endloop
endfacet
facet normal 0.22987600001331185 0.9732199261307177 0
  outer loop
    vertex 24.82382715368105 51.94477856426432 -1.7999999999999998
    vertex 24.042720330832534 52.12927716236989 0
    vertex 24.82382715368105 51.94477856426432 -0.6000000000000001
  endloop
endfacet
facet normal 0.36373694446056987 0.9315017097324556 0
  outer loop
    vertex 24.82382715368105 51.94477856426432 -1.7999999999999998
    vertex 25.81947974560508 51.55599169705104 -0.6000000000000001
    vertex 25.81947974560508 51.55599169705104 -1.7999999999999998
  endloop
endfacet
facet normal 0.36373694446056987 0.9315017097324556 0
  outer loop
    vertex 24.82382715368105 51.94477856426432 -1.7999999999999998
    vertex 24.82382715368105 51.94477856426432 -0.6000000000000001
    vertex 25.81947974560508 51.55599169705104 -0.6000000000000001
  endloop
endfacet
facet normal 0.2962905401708958 0.9550458312370769 -0.009968753278095283
  outer loop
    vertex 24.82382715368105 51.94477856426432 -2.4
    vertex 25.230845913627796 51.812243500426376 -3
    vertex 24.64298001193501 51.99462124593728 -3
  endloop
endfacet
facet normal 0.21886449014251938 0.9756387430875052 0.015079056379235137
  outer loop
    vertex 24.82382715368105 51.94477856426432 -2.4
    vertex 24.64298001193501 51.99462124593728 -3
    vertex 24.042720330832534 52.12927716236989 -3
  endloop
endfacet
facet normal 0.2298760000133119 0.9732199261307178 0
  outer loop
    vertex 24.82382715368105 51.94477856426432 -2.4
    vertex 24.042720330832534 52.12927716236989 -3
    vertex 24.82382715368105 51.94477856426432 -1.7999999999999998
  endloop
endfacet
facet normal 0.3637369444605699 0.9315017097324557 0
  outer loop
    vertex 24.82382715368105 51.94477856426432 -2.4
    vertex 24.82382715368105 51.94477856426432 -1.7999999999999998
    vertex 25.81947974560508 51.55599169705104 -1.7999999999999998
  endloop
endfacet
facet normal 0.3637369444605699 0.9315017097324557 0
  outer loop
    vertex 24.82382715368105 51.94477856426432 -2.4
    vertex 25.81947974560508 51.55599169705104 -1.7999999999999998
    vertex 25.81947974560508 51.55599169705104 -2.4
  endloop
endfacet
facet normal 0.3634318285403237 0.9307203318556566 0.0409508226331675
  outer loop
    vertex 24.82382715368105 51.94477856426432 -2.4
    vertex 25.81947974560508 51.55599169705104 -2.4
    vertex 25.230845913627796 51.812243500426376 -3
  endloop
endfacet
facet normal 0.5015705051433542 -0.8651167715229203 0
  outer loop
    vertex 24.56037785114082 31.069648701539343 -3
    vertex 24.524150245121074 31.048644948925148 0
    vertex 24.524150245121074 31.048644948925148 -3
  endloop
endfacet
facet normal 0.5015705051433542 -0.8651167715229203 0
  outer loop
    vertex 24.56037785114082 31.069648701539343 -3
    vertex 24.56037785114082 31.069648701539343 0
    vertex 24.524150245121074 31.048644948925148 0
  endloop
endfacet
facet normal -0.8090169943749487 0.5877852522924716 0
  outer loop
    vertex 23.615787588850925 51.541654655049214 -3
    vertex 24.042720330832534 52.12927716236989 0
    vertex 24.042720330832534 52.12927716236989 -3
  endloop
endfacet
facet normal -0.8090169943749487 0.5877852522924716 0
  outer loop
    vertex 23.615787588850925 51.541654655049214 -3
    vertex 23.615787588850925 51.541654655049214 0
    vertex 24.042720330832534 52.12927716236989 0
  endloop
endfacet
facet normal 0.07114146220779893 -0.9974541675916825 -0.004906720790954315
  outer loop
    vertex 23.15057277914178 30.684065905668433 -0.6000000000000001
    vertex 23.091490787756562 30.676900451892124 0
    vertex 22.350220737959667 30.624030819435 0
  endloop
endfacet
facet normal 0.17359825646761554 -0.984802112772724 0.005333294458705628
  outer loop
    vertex 23.15057277914178 30.684065905668433 -0.6000000000000001
    vertex 23.823251190757123 30.805893199232273 0
    vertex 23.091490787756562 30.676900451892124 0
  endloop
endfacet
facet normal 0.27977722474883165 -0.9600603697745083 0.0029649452399900566
  outer loop
    vertex 24.19478690105565 30.91231178080794 -0.6000000000000001
    vertex 24.232667740344056 30.92520384845382 0
    vertex 23.823251190757123 30.805893199232273 0
  endloop
endfacet
facet normal 0.3899611813799568 -0.9208186048279451 -0.004834668495908372
  outer loop
    vertex 24.19478690105565 30.91231178080794 -0.6000000000000001
    vertex 24.524150245121074 31.048644948925148 0
    vertex 24.232667740344056 30.92520384845382 0
  endloop
endfacet
facet normal 0.21336012991919892 -0.9761125390714348 -0.04100934074548267
  outer loop
    vertex 24.19478690105565 30.91231178080794 -0.6000000000000001
    vertex 23.823251190757123 30.805893199232273 0
    vertex 23.15057277914178 30.684065905668433 -0.6000000000000001
  endloop
endfacet
facet normal 0.07480070648503931 -0.9971985029618421 0
  outer loop
    vertex 23.15057277914178 30.684065905668433 -1.7999999999999998
    vertex 22.350220737959667 30.624030819435 0
    vertex 22.350220737959667 30.624030819435 -3
  endloop
endfacet
facet normal 0.07480070648503931 -0.9971985029618421 0
  outer loop
    vertex 23.15057277914178 30.684065905668433 -1.7999999999999998
    vertex 23.15057277914178 30.684065905668433 -0.6000000000000001
    vertex 22.350220737959667 30.624030819435 0
  endloop
endfacet
facet normal 0.2135397674413463 -0.9769343722692408 0
  outer loop
    vertex 23.15057277914178 30.684065905668433 -1.7999999999999998
    vertex 24.19478690105565 30.91231178080794 -0.6000000000000001
    vertex 23.15057277914178 30.684065905668433 -0.6000000000000001
  endloop
endfacet
facet normal 0.07114146220779893 -0.9974541675916825 0.004906720790954315
  outer loop
    vertex 23.15057277914178 30.684065905668433 -2.4
    vertex 22.350220737959667 30.624030819435 -3
    vertex 23.091490787756562 30.676900451892124 -3
  endloop
endfacet
facet normal 0.17359825646761554 -0.984802112772724 -0.005333294458705628
  outer loop
    vertex 23.15057277914178 30.684065905668433 -2.4
    vertex 23.091490787756562 30.676900451892124 -3
    vertex 23.823251190757123 30.805893199232273 -3
  endloop
endfacet
facet normal 0.07480070648503931 -0.9971985029618421 0
  outer loop
    vertex 23.15057277914178 30.684065905668433 -2.4
    vertex 23.15057277914178 30.684065905668433 -1.7999999999999998
    vertex 22.350220737959667 30.624030819435 -3
  endloop
endfacet
facet normal 0.38245930584856624 -0.9239723369072436 0
  outer loop
    vertex 24.19478690105565 30.91231178080794 -1.7999999999999998
    vertex 24.524150245121074 31.048644948925148 -3
    vertex 24.524150245121074 31.048644948925148 0
  endloop
endfacet
facet normal 0.38245930584856624 -0.9239723369072436 0
  outer loop
    vertex 24.19478690105565 30.91231178080794 -1.7999999999999998
    vertex 24.524150245121074 31.048644948925148 0
    vertex 24.19478690105565 30.91231178080794 -0.6000000000000001
  endloop
endfacet
facet normal 0.2135397674413463 -0.9769343722692408 0
  outer loop
    vertex 24.19478690105565 30.91231178080794 -1.7999999999999998
    vertex 24.19478690105565 30.91231178080794 -0.6000000000000001
    vertex 23.15057277914178 30.684065905668433 -1.7999999999999998
  endloop
endfacet
facet normal 0.27977722474883165 -0.9600603697745083 -0.0029649452399900566
  outer loop
    vertex 24.19478690105565 30.91231178080794 -2.4
    vertex 23.823251190757123 30.805893199232273 -3
    vertex 24.232667740344056 30.92520384845382 -3
  endloop
endfacet
facet normal 0.3899611813799568 -0.9208186048279451 0.004834668495908372
  outer loop
    vertex 24.19478690105565 30.91231178080794 -2.4
    vertex 24.232667740344056 30.92520384845382 -3
    vertex 24.524150245121074 31.048644948925148 -3
  endloop
endfacet
facet normal 0.21353976744134634 -0.976934372269241 0
  outer loop
    vertex 24.19478690105565 30.91231178080794 -2.4
    vertex 24.19478690105565 30.91231178080794 -1.7999999999999998
    vertex 23.15057277914178 30.684065905668433 -1.7999999999999998
  endloop
endfacet
facet normal 0.3824593058485663 -0.9239723369072437 0
  outer loop
    vertex 24.19478690105565 30.91231178080794 -2.4
    vertex 24.524150245121074 31.048644948925148 -3
    vertex 24.19478690105565 30.91231178080794 -1.7999999999999998
  endloop
endfacet
facet normal 0.21336012991919892 -0.9761125390714348 0.04100934074548267
  outer loop
    vertex 24.19478690105565 30.91231178080794 -2.4
    vertex 23.15057277914178 30.684065905668433 -2.4
    vertex 23.823251190757123 30.805893199232273 -3
  endloop
endfacet
facet normal 0.21353976744134634 -0.976934372269241 0
  outer loop
    vertex 24.19478690105565 30.91231178080794 -2.4
    vertex 23.15057277914178 30.684065905668433 -1.7999999999999998
    vertex 23.15057277914178 30.684065905668433 -2.4
  endloop
endfacet
facet normal -0.8564406229231487 -0.5162222229796857 -0.004906720790952426
  outer loop
    vertex 24.032631465508953 50.8557911235095 -0.6000000000000001
    vertex 23.999424336650915 50.90518051535499 0
    vertex 23.615787588850925 51.541654655049214 0
  endloop
endfacet
facet normal -0.7986531483073324 -0.6017679824226304 0.005333294458707586
  outer loop
    vertex 24.032631465508953 50.8557911235095 -0.6000000000000001
    vertex 24.446569987151808 50.311738703966526 0
    vertex 23.999424336650915 50.90518051535499 0
  endloop
endfacet
facet normal -0.7284038510041664 -0.6851416196247482 0.002964945240130677
  outer loop
    vertex 24.71006332042011 50.029010987152695 -0.6000000000000001
    vertex 24.738747777963383 50.00111178843685 0
    vertex 24.446569987151808 50.311738703966526 0
  endloop
endfacet
facet normal -0.6434167128816962 -0.7655008553653255 -0.004834668496165607
  outer loop
    vertex 24.71006332042011 50.029010987152695 -0.6000000000000001
    vertex 24.981064891843964 49.797440061886505 0
    vertex 24.738747777963383 50.00111178843685 0
  endloop
endfacet
facet normal -0.7728591686482045 -0.6332510871747696 -0.04100934074547825
  outer loop
    vertex 24.71006332042011 50.029010987152695 -0.6000000000000001
    vertex 24.446569987151808 50.311738703966526 0
    vertex 24.032631465508953 50.8557911235095 -0.6000000000000001
  endloop
endfacet
facet normal -0.8545515619318643 -0.5193665641912378 0
  outer loop
    vertex 24.032631465508953 50.8557911235095 -1.7999999999999998
    vertex 23.615787588850925 51.541654655049214 0
    vertex 23.615787588850925 51.541654655049214 -3
  endloop
endfacet
facet normal -0.8545515619318643 -0.5193665641912378 0
  outer loop
    vertex 24.032631465508953 50.8557911235095 -1.7999999999999998
    vertex 24.032631465508953 50.8557911235095 -0.6000000000000001
    vertex 23.615787588850925 51.541654655049214 0
  endloop
endfacet
facet normal -0.8564406229231487 -0.5162222229796857 0.004906720790952426
  outer loop
    vertex 24.032631465508953 50.8557911235095 -2.4
    vertex 23.615787588850925 51.541654655049214 -3
    vertex 23.999424336650915 50.90518051535499 -3
  endloop
endfacet
facet normal -0.7986531483073324 -0.6017679824226304 -0.005333294458707586
  outer loop
    vertex 24.032631465508953 50.8557911235095 -2.4
    vertex 23.999424336650915 50.90518051535499 -3
    vertex 24.446569987151808 50.311738703966526 -3
  endloop
endfacet
facet normal -0.8545515619318643 -0.5193665641912378 0
  outer loop
    vertex 24.032631465508953 50.8557911235095 -2.4
    vertex 24.032631465508953 50.8557911235095 -1.7999999999999998
    vertex 23.615787588850925 51.541654655049214 -3
  endloop
endfacet
facet normal -0.6496324889617054 -0.7602483997256553 0
  outer loop
    vertex 24.71006332042011 50.029010987152695 -1.7999999999999998
    vertex 24.981064891843964 49.797440061886505 -3
    vertex 24.981064891843964 49.797440061886505 0
  endloop
endfacet
facet normal -0.6496324889617054 -0.7602483997256553 0
  outer loop
    vertex 24.71006332042011 50.029010987152695 -1.7999999999999998
    vertex 24.981064891843964 49.797440061886505 0
    vertex 24.71006332042011 50.029010987152695 -0.6000000000000001
  endloop
endfacet
facet normal -0.7735098736607924 -0.6337842498431663 0
  outer loop
    vertex 24.71006332042011 50.029010987152695 -1.7999999999999998
    vertex 24.032631465508953 50.8557911235095 -0.6000000000000001
    vertex 24.032631465508953 50.8557911235095 -1.7999999999999998
  endloop
endfacet
facet normal -0.7735098736607924 -0.6337842498431663 0
  outer loop
    vertex 24.71006332042011 50.029010987152695 -1.7999999999999998
    vertex 24.71006332042011 50.029010987152695 -0.6000000000000001
    vertex 24.032631465508953 50.8557911235095 -0.6000000000000001
  endloop
endfacet
facet normal -0.7284038510041664 -0.6851416196247482 -0.002964945240130677
  outer loop
    vertex 24.71006332042011 50.029010987152695 -2.4
    vertex 24.446569987151808 50.311738703966526 -3
    vertex 24.738747777963383 50.00111178843685 -3
  endloop
endfacet
facet normal -0.6434167128816962 -0.7655008553653255 0.004834668496165607
  outer loop
    vertex 24.71006332042011 50.029010987152695 -2.4
    vertex 24.738747777963383 50.00111178843685 -3
    vertex 24.981064891843964 49.797440061886505 -3
  endloop
endfacet
facet normal -0.7735098736607924 -0.6337842498431664 0
  outer loop
    vertex 24.71006332042011 50.029010987152695 -2.4
    vertex 24.71006332042011 50.029010987152695 -1.7999999999999998
    vertex 24.032631465508953 50.8557911235095 -1.7999999999999998
  endloop
endfacet
facet normal -0.6496324889617054 -0.7602483997256553 0
  outer loop
    vertex 24.71006332042011 50.029010987152695 -2.4
    vertex 24.981064891843964 49.797440061886505 -3
    vertex 24.71006332042011 50.029010987152695 -1.7999999999999998
  endloop
endfacet
facet normal -0.7728591686482045 -0.6332510871747696 0.04100934074547825
  outer loop
    vertex 24.71006332042011 50.029010987152695 -2.4
    vertex 24.032631465508953 50.8557911235095 -2.4
    vertex 24.446569987151808 50.311738703966526 -3
  endloop
endfacet
facet normal -0.7735098736607924 -0.6337842498431664 0
  outer loop
    vertex 24.71006332042011 50.029010987152695 -2.4
    vertex 24.032631465508953 50.8557911235095 -1.7999999999999998
    vertex 24.032631465508953 50.8557911235095 -2.4
  endloop
endfacet
facet normal -0.8910065241883639 -0.4539904997395543 0
  outer loop
    vertex 22.350220737959667 30.624030819435 -3
    vertex 22.02046865906442 31.27120571368696 0
    vertex 22.02046865906442 31.27120571368696 -3
  endloop
endfacet
facet normal -0.8910065241883639 -0.4539904997395543 0
  outer loop
    vertex 22.350220737959667 30.624030819435 -3
    vertex 22.350220737959667 30.624030819435 0
    vertex 22.02046865906442 31.27120571368696 0
  endloop
endfacet
facet normal -0.5431164433270909 -0.8396573878599121 0
  outer loop
    vertex 25.01622636141692 49.77469653271291 -3
    vertex 24.981064891843964 49.797440061886505 0
    vertex 24.981064891843964 49.797440061886505 -3
  endloop
endfacet
facet normal -0.5431164433270909 -0.8396573878599121 0
  outer loop
    vertex 25.01622636141692 49.77469653271291 -3
    vertex 25.01622636141692 49.77469653271291 0
    vertex 24.981064891843964 49.797440061886505 0
  endloop
endfacet
facet normal -0.5337798003871985 0.8455879090997445 0.007759683171676415
  outer loop
    vertex 23.337901643515416 32.594043789268895 -0.6000000000000001
    vertex 23.280078463632556 32.552036737209164 0
    vertex 23.641792409706603 32.78036970632438 0
  endloop
endfacet
facet normal -0.641564599846439 0.7670259445836006 -0.008128010796846894
  outer loop
    vertex 23.337901643515416 32.594043789268895 -0.6000000000000001
    vertex 22.842345447330974 32.18590308889358 0
    vertex 23.280078463632556 32.552036737209164 0
  endloop
endfacet
facet normal -0.7164389761307467 0.6975785385451648 0.00996875327809337
  outer loop
    vertex 22.539473190535062 31.88341637817785 -0.6000000000000001
    vertex 22.412960151724103 31.74490849896288 0
    vertex 22.842345447330974 32.18590308889358 0
  endloop
endfacet
facet normal -0.7699380860868382 0.6379404091697359 -0.015079056379182328
  outer loop
    vertex 22.539473190535062 31.88341637817785 -0.6000000000000001
    vertex 22.02046865906442 31.27120571368696 0
    vertex 22.412960151724103 31.74490849896288 0
  endloop
endfacet
facet normal -0.6642832904178753 0.7463583189040391 -0.04095082263321906
  outer loop
    vertex 22.539473190535062 31.88341637817785 -0.6000000000000001
    vertex 22.842345447330974 32.18590308889358 0
    vertex 23.337901643515416 32.594043789268895 -0.6000000000000001
  endloop
endfacet
facet normal -0.5227053833104846 0.8525133912486299 0
  outer loop
    vertex 23.337901643515416 32.594043789268895 -1.7999999999999998
    vertex 23.641792409706603 32.78036970632438 0
    vertex 23.641792409706603 32.78036970632438 -3
  endloop
endfacet
facet normal -0.5227053833104846 0.85251339124863 0
  outer loop
    vertex 23.337901643515416 32.594043789268895 -1.7999999999999998
    vertex 23.337901643515416 32.594043789268895 -0.6000000000000001
    vertex 23.641792409706603 32.78036970632438 0
  endloop
endfacet
facet normal -0.5337798003871985 0.8455879090997445 -0.007759683171676415
  outer loop
    vertex 23.337901643515416 32.594043789268895 -2.4
    vertex 23.641792409706603 32.78036970632438 -3
    vertex 23.280078463632556 32.552036737209164 -3
  endloop
endfacet
facet normal -0.641564599846439 0.7670259445836006 0.008128010796846894
  outer loop
    vertex 23.337901643515416 32.594043789268895 -2.4
    vertex 23.280078463632556 32.552036737209164 -3
    vertex 22.842345447330974 32.18590308889358 -3
  endloop
endfacet
facet normal -0.5227053833104846 0.8525133912486299 0
  outer loop
    vertex 23.337901643515416 32.594043789268895 -2.4
    vertex 23.337901643515416 32.594043789268895 -1.7999999999999998
    vertex 23.641792409706603 32.78036970632438 -3
  endloop
endfacet
facet normal -0.7627837835284197 0.6466536163867552 0
  outer loop
    vertex 22.539473190535062 31.88341637817785 -1.7999999999999998
    vertex 22.02046865906442 31.27120571368696 -3
    vertex 22.02046865906442 31.27120571368696 0
  endloop
endfacet
facet normal -0.7627837835284197 0.6466536163867552 0
  outer loop
    vertex 22.539473190535062 31.88341637817785 -1.7999999999999998
    vertex 22.02046865906442 31.27120571368696 0
    vertex 22.539473190535062 31.88341637817785 -0.6000000000000001
  endloop
endfacet
facet normal -0.6648409834748501 0.7469849173123874 0
  outer loop
    vertex 22.539473190535062 31.88341637817785 -1.7999999999999998
    vertex 23.337901643515416 32.594043789268895 -0.6000000000000001
    vertex 23.337901643515416 32.594043789268895 -1.7999999999999998
  endloop
endfacet
facet normal -0.6648409834748501 0.7469849173123874 0
  outer loop
    vertex 22.539473190535062 31.88341637817785 -1.7999999999999998
    vertex 22.539473190535062 31.88341637817785 -0.6000000000000001
    vertex 23.337901643515416 32.594043789268895 -0.6000000000000001
  endloop
endfacet
facet normal -0.7164389761307467 0.6975785385451648 -0.00996875327809337
  outer loop
    vertex 22.539473190535062 31.88341637817785 -2.4
    vertex 22.842345447330974 32.18590308889358 -3
    vertex 22.412960151724103 31.74490849896288 -3
  endloop
endfacet
facet normal -0.7699380860868382 0.6379404091697359 0.015079056379182328
  outer loop
    vertex 22.539473190535062 31.88341637817785 -2.4
    vertex 22.412960151724103 31.74490849896288 -3
    vertex 22.02046865906442 31.27120571368696 -3
  endloop
endfacet
facet normal -0.7627837835284198 0.6466536163867553 0
  outer loop
    vertex 22.539473190535062 31.88341637817785 -2.4
    vertex 22.02046865906442 31.27120571368696 -3
    vertex 22.539473190535062 31.88341637817785 -1.7999999999999998
  endloop
endfacet
facet normal -0.6648409834748501 0.7469849173123873 0
  outer loop
    vertex 22.539473190535062 31.88341637817785 -2.4
    vertex 22.539473190535062 31.88341637817785 -1.7999999999999998
    vertex 23.337901643515416 32.594043789268895 -1.7999999999999998
  endloop
endfacet
facet normal -0.6648409834748501 0.7469849173123873 0
  outer loop
    vertex 22.539473190535062 31.88341637817785 -2.4
    vertex 23.337901643515416 32.594043789268895 -1.7999999999999998
    vertex 23.337901643515416 32.594043789268895 -2.4
  endloop
endfacet
facet normal -0.6642832904178753 0.7463583189040391 0.04095082263321906
  outer loop
    vertex 22.539473190535062 31.88341637817785 -2.4
    vertex 23.337901643515416 32.594043789268895 -2.4
    vertex 22.842345447330974 32.18590308889358 -3
  endloop
endfacet
facet normal -0.8526401643540884 0.5224985647159551 0
  outer loop
    vertex 24.56037785114082 49.030819372143725 -3
    vertex 25.01622636141692 49.77469653271291 0
    vertex 25.01622636141692 49.77469653271291 -3
  endloop
endfacet
facet normal -0.8526401643540884 0.5224985647159551 0
  outer loop
    vertex 24.56037785114082 49.030819372143725 -3
    vertex 24.56037785114082 49.030819372143725 0
    vertex 25.01622636141692 49.77469653271291 0
  endloop
endfacet
facet normal -0.40507842437262975 0.9142819423502727 0
  outer loop
    vertex 23.641792409706603 32.78036970632438 -3
    vertex 23.680078855061392 32.79733275923044 0
    vertex 23.680078855061392 32.79733275923044 -3
  endloop
endfacet
facet normal -0.40507842437262975 0.9142819423502727 0
  outer loop
    vertex 23.641792409706603 32.78036970632438 -3
    vertex 23.641792409706603 32.78036970632438 0
    vertex 23.680078855061392 32.79733275923044 0
  endloop
endfacet
facet normal 0.5015705051434011 0.865116771522893 0
  outer loop
    vertex 24.524150245121085 49.05182312475792 -3
    vertex 24.56037785114082 49.030819372143725 0
    vertex 24.56037785114082 49.030819372143725 -3
  endloop
endfacet
facet normal 0.5015705051434011 0.865116771522893 0
  outer loop
    vertex 24.524150245121085 49.05182312475792 -3
    vertex 24.524150245121085 49.05182312475792 0
    vertex 24.56037785114082 49.030819372143725 0
  endloop
endfacet
facet normal -0.9238795325112918 -0.38268343236507774 0
  outer loop
    vertex 23.680078855061392 32.79733275923044 -3
    vertex 23.346210622053327 33.603361975404084 0
    vertex 23.346210622053327 33.603361975404084 -3
  endloop
endfacet
facet normal -0.9238795325112918 -0.38268343236507774 0
  outer loop
    vertex 23.680078855061392 32.79733275923044 -3
    vertex 23.680078855061392 32.79733275923044 0
    vertex 23.346210622053327 33.603361975404084 0
  endloop
endfacet
facet normal 0.3703470940603049 0.9288610322530284 0.007759683171756406
  outer loop
    vertex 24.19478690105565 49.18815629287512 -0.6000000000000001
    vertex 24.126814869679112 49.210245102376426 0
    vertex 24.524150245121085 49.05182312475792 0
  endloop
endfacet
facet normal 0.24343481411168819 0.969883202617146 -0.008128010796974304
  outer loop
    vertex 24.19478690105565 49.18815629287512 -0.6000000000000001
    vertex 23.57331351455457 49.349170592715595 0
    vertex 24.126814869679112 49.210245102376426 0
  endloop
endfacet
facet normal 0.14324062825687814 0.9896376843949786 0.009968753278098597
  outer loop
    vertex 23.150572779141783 49.41640216801463 -0.6000000000000001
    vertex 22.964155052565243 49.437340477693944 0
    vertex 23.57331351455457 49.349170592715595 0
  endloop
endfacet
facet normal 0.06354638023663708 0.9978649606121722 -0.015079056379256613
  outer loop
    vertex 23.150572779141783 49.41640216801463 -0.6000000000000001
    vertex 22.350220737959674 49.47643725424807 0
    vertex 22.964155052565243 49.437340477693944 0
  endloop
endfacet
facet normal 0.21336064243454136 0.9761148838049692 -0.040950822633137166
  outer loop
    vertex 23.150572779141783 49.41640216801463 -0.6000000000000001
    vertex 23.57331351455457 49.349170592715595 0
    vertex 24.19478690105565 49.18815629287512 -0.6000000000000001
  endloop
endfacet
facet normal 0.38245930584854715 0.9239723369072513 0
  outer loop
    vertex 24.19478690105565 49.18815629287512 -1.7999999999999998
    vertex 24.524150245121085 49.05182312475792 0
    vertex 24.524150245121085 49.05182312475792 -3
  endloop
endfacet
facet normal 0.38245930584854715 0.9239723369072513 0
  outer loop
    vertex 24.19478690105565 49.18815629287512 -1.7999999999999998
    vertex 24.19478690105565 49.18815629287512 -0.6000000000000001
    vertex 24.524150245121085 49.05182312475792 0
  endloop
endfacet
facet normal 0.3703470940603049 0.9288610322530284 -0.007759683171756406
  outer loop
    vertex 24.19478690105565 49.18815629287512 -2.4
    vertex 24.524150245121085 49.05182312475792 -3
    vertex 24.126814869679112 49.210245102376426 -3
  endloop
endfacet
facet normal 0.24343481411168819 0.969883202617146 0.008128010796974304
  outer loop
    vertex 24.19478690105565 49.18815629287512 -2.4
    vertex 24.126814869679112 49.210245102376426 -3
    vertex 23.57331351455457 49.349170592715595 -3
  endloop
endfacet
facet normal 0.3824593058485472 0.9239723369072516 0
  outer loop
    vertex 24.19478690105565 49.18815629287512 -2.4
    vertex 24.19478690105565 49.18815629287512 -1.7999999999999998
    vertex 24.524150245121085 49.05182312475792 -3
  endloop
endfacet
facet normal 0.07480070648504845 0.9971985029618415 0
  outer loop
    vertex 23.150572779141783 49.41640216801463 -1.7999999999999998
    vertex 22.350220737959674 49.47643725424807 -3
    vertex 22.350220737959674 49.47643725424807 0
  endloop
endfacet
facet normal 0.07480070648504844 0.9971985029618413 0
  outer loop
    vertex 23.150572779141783 49.41640216801463 -1.7999999999999998
    vertex 22.350220737959674 49.47643725424807 0
    vertex 23.150572779141783 49.41640216801463 -0.6000000000000001
  endloop
endfacet
facet normal 0.213539767441347 0.9769343722692407 0
  outer loop
    vertex 23.150572779141783 49.41640216801463 -1.7999999999999998
    vertex 24.19478690105565 49.18815629287512 -0.6000000000000001
    vertex 24.19478690105565 49.18815629287512 -1.7999999999999998
  endloop
endfacet
facet normal 0.213539767441347 0.9769343722692407 0
  outer loop
    vertex 23.150572779141783 49.41640216801463 -1.7999999999999998
    vertex 23.150572779141783 49.41640216801463 -0.6000000000000001
    vertex 24.19478690105565 49.18815629287512 -0.6000000000000001
  endloop
endfacet
facet normal 0.14324062825687814 0.9896376843949786 -0.009968753278098597
  outer loop
    vertex 23.150572779141783 49.41640216801463 -2.4
    vertex 23.57331351455457 49.349170592715595 -3
    vertex 22.964155052565243 49.437340477693944 -3
  endloop
endfacet
facet normal 0.06354638023663708 0.9978649606121722 0.015079056379256613
  outer loop
    vertex 23.150572779141783 49.41640216801463 -2.4
    vertex 22.964155052565243 49.437340477693944 -3
    vertex 22.350220737959674 49.47643725424807 -3
  endloop
endfacet
facet normal 0.07480070648504845 0.9971985029618414 0
  outer loop
    vertex 23.150572779141783 49.41640216801463 -2.4
    vertex 22.350220737959674 49.47643725424807 -3
    vertex 23.150572779141783 49.41640216801463 -1.7999999999999998
  endloop
endfacet
facet normal 0.213539767441347 0.9769343722692407 0
  outer loop
    vertex 23.150572779141783 49.41640216801463 -2.4
    vertex 23.150572779141783 49.41640216801463 -1.7999999999999998
    vertex 24.19478690105565 49.18815629287512 -1.7999999999999998
  endloop
endfacet
facet normal 0.213539767441347 0.9769343722692407 0
  outer loop
    vertex 23.150572779141783 49.41640216801463 -2.4
    vertex 24.19478690105565 49.18815629287512 -1.7999999999999998
    vertex 24.19478690105565 49.18815629287512 -2.4
  endloop
endfacet
facet normal 0.21336064243454136 0.9761148838049692 0.040950822633137166
  outer loop
    vertex 23.150572779141783 49.41640216801463 -2.4
    vertex 24.19478690105565 49.18815629287512 -2.4
    vertex 23.57331351455457 49.349170592715595 -3
  endloop
endfacet
facet normal 0.3600612605660422 -0.9329286621385329 0
  outer loop
    vertex 23.346210622053327 33.603361975404084 -3
    vertex 23.30714332717591 33.588284060005684 0
    vertex 23.30714332717591 33.588284060005684 -3
  endloop
endfacet
facet normal 0.3600612605660422 -0.9329286621385329 0
  outer loop
    vertex 23.346210622053327 33.603361975404084 -3
    vertex 23.346210622053327 33.603361975404084 0
    vertex 23.30714332717591 33.588284060005684 0
  endloop
endfacet
facet normal -0.8910065241883718 0.4539904997395386 0
  outer loop
    vertex 22.020468659064434 48.82926235999609 -3
    vertex 22.350220737959674 49.47643725424807 0
    vertex 22.350220737959674 49.47643725424807 -3
  endloop
endfacet
facet normal -0.8910065241883718 0.4539904997395386 0
  outer loop
    vertex 22.020468659064434 48.82926235999609 -3
    vertex 22.020468659064434 48.82926235999609 0
    vertex 22.350220737959674 49.47643725424807 0
  endloop
endfacet
facet normal -0.08577061635381733 -0.9963028281909905 -0.004906720790945747
  outer loop
    vertex 21.893444151527202 33.44306844583748 -0.6000000000000001
    vertex 21.833968633568617 33.44523367040341 0
    vertex 21.09355421548154 33.50897513454428 0
  endloop
endfacet
facet normal 0.017403982178612998 -0.9998343149615055 0.0053332944587128495
  outer loop
    vertex 21.893444151527202 33.44306844583748 -0.6000000000000001
    vertex 22.57689876314569 33.45816575579159 0
    vertex 21.833968633568617 33.44523367040341 0
  endloop
endfacet
facet normal 0.1261461724967222 -0.9920072339777318 0.002964945240136369
  outer loop
    vertex 22.96050778620141 33.50515315795266 -0.6000000000000001
    vertex 22.999939013205932 33.51196063402365 0
    vertex 22.57689876314569 33.45816575579159 0
  endloop
endfacet
facet normal 0.24111234628873568 -0.9704851685871727 -0.004834668496161184
  outer loop
    vertex 22.96050778620141 33.50515315795266 -0.6000000000000001
    vertex 23.30714332717591 33.588284060005684 0
    vertex 22.999939013205932 33.51196063402365 0
  endloop
endfacet
facet normal 0.05803566980036076 -0.9974718517343956 -0.041009340745487406
  outer loop
    vertex 22.96050778620141 33.50515315795266 -0.6000000000000001
    vertex 22.57689876314569 33.45816575579159 0
    vertex 21.893444151527202 33.44306844583748 -0.6000000000000001
  endloop
endfacet
facet normal -0.08211642868620515 -0.9966227431379557 0
  outer loop
    vertex 21.893444151527202 33.44306844583748 -1.7999999999999998
    vertex 21.09355421548154 33.50897513454428 0
    vertex 21.09355421548154 33.50897513454428 -3
  endloop
endfacet
facet normal -0.08211642868620515 -0.9966227431379557 0
  outer loop
    vertex 21.893444151527202 33.44306844583748 -1.7999999999999998
    vertex 21.893444151527202 33.44306844583748 -0.6000000000000001
    vertex 21.09355421548154 33.50897513454428 0
  endloop
endfacet
facet normal -0.08577061635381733 -0.9963028281909905 0.004906720790945747
  outer loop
    vertex 21.893444151527202 33.44306844583748 -2.4
    vertex 21.09355421548154 33.50897513454428 -3
    vertex 21.833968633568617 33.44523367040341 -3
  endloop
endfacet
facet normal 0.017403982178612998 -0.9998343149615055 -0.0053332944587128495
  outer loop
    vertex 21.893444151527202 33.44306844583748 -2.4
    vertex 21.833968633568617 33.44523367040341 -3
    vertex 22.57689876314569 33.45816575579159 -3
  endloop
endfacet
facet normal -0.08211642868620514 -0.9966227431379555 0
  outer loop
    vertex 21.893444151527202 33.44306844583748 -2.4
    vertex 21.893444151527202 33.44306844583748 -1.7999999999999998
    vertex 21.09355421548154 33.50897513454428 -3
  endloop
endfacet
facet normal 0.23320947890266727 -0.9724265211058092 0
  outer loop
    vertex 22.96050778620141 33.50515315795266 -1.7999999999999998
    vertex 23.30714332717591 33.588284060005684 -3
    vertex 23.30714332717591 33.588284060005684 0
  endloop
endfacet
facet normal 0.23320947890266722 -0.972426521105809 0
  outer loop
    vertex 22.96050778620141 33.50515315795266 -1.7999999999999998
    vertex 23.30714332717591 33.588284060005684 0
    vertex 22.96050778620141 33.50515315795266 -0.6000000000000001
  endloop
endfacet
facet normal 0.05808453264986808 -0.998311668301461 0
  outer loop
    vertex 22.96050778620141 33.50515315795266 -1.7999999999999998
    vertex 21.893444151527202 33.44306844583748 -0.6000000000000001
    vertex 21.893444151527202 33.44306844583748 -1.7999999999999998
  endloop
endfacet
facet normal 0.05808453264986808 -0.998311668301461 0
  outer loop
    vertex 22.96050778620141 33.50515315795266 -1.7999999999999998
    vertex 22.96050778620141 33.50515315795266 -0.6000000000000001
    vertex 21.893444151527202 33.44306844583748 -0.6000000000000001
  endloop
endfacet
facet normal 0.1261461724967222 -0.9920072339777318 -0.002964945240136369
  outer loop
    vertex 22.96050778620141 33.50515315795266 -2.4
    vertex 22.57689876314569 33.45816575579159 -3
    vertex 22.999939013205932 33.51196063402365 -3
  endloop
endfacet
facet normal 0.24111234628873568 -0.9704851685871727 0.004834668496161184
  outer loop
    vertex 22.96050778620141 33.50515315795266 -2.4
    vertex 22.999939013205932 33.51196063402365 -3
    vertex 23.30714332717591 33.588284060005684 -3
  endloop
endfacet
facet normal 0.05808453264986808 -0.998311668301461 0
  outer loop
    vertex 22.96050778620141 33.50515315795266 -2.4
    vertex 22.96050778620141 33.50515315795266 -1.7999999999999998
    vertex 21.893444151527202 33.44306844583748 -1.7999999999999998
  endloop
endfacet
facet normal 0.23320947890266722 -0.9724265211058091 0
  outer loop
    vertex 22.96050778620141 33.50515315795266 -2.4
    vertex 23.30714332717591 33.588284060005684 -3
    vertex 22.96050778620141 33.50515315795266 -1.7999999999999998
  endloop
endfacet
facet normal 0.05803566980036076 -0.9974718517343956 0.041009340745487406
  outer loop
    vertex 22.96050778620141 33.50515315795266 -2.4
    vertex 21.893444151527202 33.44306844583748 -2.4
    vertex 22.57689876314569 33.45816575579159 -3
  endloop
endfacet
facet normal 0.05808453264986808 -0.998311668301461 0
  outer loop
    vertex 22.96050778620141 33.50515315795266 -2.4
    vertex 21.893444151527202 33.44306844583748 -1.7999999999999998
    vertex 21.893444151527202 33.44306844583748 -2.4
  endloop
endfacet
facet normal -0.7651414703795227 -0.6438435014788464 -0.004906720790952743
  outer loop
    vertex 22.539473190535062 48.21705169550521 -0.6000000000000001
    vertex 22.498948693445325 48.26063828254166 0
    vertex 22.020468659064434 48.82926235999609 0
  endloop
endfacet
facet normal -0.6946831503541275 -0.7192960979904461 0.005333294458707265
  outer loop
    vertex 22.539473190535062 48.21705169550521 -0.6000000000000001
    vertex 23.033423991289947 47.74445171524279 0
    vertex 22.498948693445325 48.26063828254166 0
  endloop
endfacet
facet normal -0.6122562281383955 -0.7906538561250851 0.0029649452403138926
  outer loop
    vertex 23.337901643515423 47.50642428441417 -0.6000000000000001
    vertex 23.37059734401538 47.48335580889994 0
    vertex 23.033423991289947 47.74445171524279 0
  endloop
endfacet
facet normal -0.515744468659941 -0.8567288188377957 -0.00483466849647558
  outer loop
    vertex 23.337901643515423 47.50642428441417 -0.6000000000000001
    vertex 23.641792409706607 47.32009836735868 0
    vertex 23.37059734401538 47.48335580889994 0
  endloop
endfacet
facet normal -0.6642816947375533 -0.7463565260706344 -0.04100934074547703
  outer loop
    vertex 23.337901643515423 47.50642428441417 -0.6000000000000001
    vertex 23.033423991289947 47.74445171524279 0
    vertex 22.539473190535062 48.21705169550521 -0.6000000000000001
  endloop
endfacet
facet normal -0.7627837835284248 -0.6466536163867495 0
  outer loop
    vertex 22.539473190535062 48.21705169550521 -1.7999999999999998
    vertex 22.020468659064434 48.82926235999609 0
    vertex 22.020468659064434 48.82926235999609 -3
  endloop
endfacet
facet normal -0.7627837835284247 -0.6466536163867493 0
  outer loop
    vertex 22.539473190535062 48.21705169550521 -1.7999999999999998
    vertex 22.539473190535062 48.21705169550521 -0.6000000000000001
    vertex 22.020468659064434 48.82926235999609 0
  endloop
endfacet
facet normal -0.7651414703795227 -0.6438435014788464 0.004906720790952743
  outer loop
    vertex 22.539473190535062 48.21705169550521 -2.4
    vertex 22.020468659064434 48.82926235999609 -3
    vertex 22.498948693445325 48.26063828254166 -3
  endloop
endfacet
facet normal -0.6946831503541275 -0.7192960979904461 -0.005333294458707265
  outer loop
    vertex 22.539473190535062 48.21705169550521 -2.4
    vertex 22.498948693445325 48.26063828254166 -3
    vertex 23.033423991289947 47.74445171524279 -3
  endloop
endfacet
facet normal -0.7627837835284248 -0.6466536163867495 0
  outer loop
    vertex 22.539473190535062 48.21705169550521 -2.4
    vertex 22.539473190535062 48.21705169550521 -1.7999999999999998
    vertex 22.020468659064434 48.82926235999609 -3
  endloop
endfacet
facet normal -0.5227053833105034 -0.8525133912486184 0
  outer loop
    vertex 23.337901643515423 47.50642428441417 -1.7999999999999998
    vertex 23.641792409706607 47.32009836735868 -3
    vertex 23.641792409706607 47.32009836735868 0
  endloop
endfacet
facet normal -0.5227053833105034 -0.8525133912486182 0
  outer loop
    vertex 23.337901643515423 47.50642428441417 -1.7999999999999998
    vertex 23.641792409706607 47.32009836735868 0
    vertex 23.337901643515423 47.50642428441417 -0.6000000000000001
  endloop
endfacet
facet normal -0.664840983474843 -0.7469849173123936 0
  outer loop
    vertex 23.337901643515423 47.50642428441417 -1.7999999999999998
    vertex 22.539473190535062 48.21705169550521 -0.6000000000000001
    vertex 22.539473190535062 48.21705169550521 -1.7999999999999998
  endloop
endfacet
facet normal -0.664840983474843 -0.7469849173123936 0
  outer loop
    vertex 23.337901643515423 47.50642428441417 -1.7999999999999998
    vertex 23.337901643515423 47.50642428441417 -0.6000000000000001
    vertex 22.539473190535062 48.21705169550521 -0.6000000000000001
  endloop
endfacet
facet normal -0.6122562281383955 -0.7906538561250851 -0.0029649452403138926
  outer loop
    vertex 23.337901643515423 47.50642428441417 -2.4
    vertex 23.033423991289947 47.74445171524279 -3
    vertex 23.37059734401538 47.48335580889994 -3
  endloop
endfacet
facet normal -0.515744468659941 -0.8567288188377957 0.00483466849647558
  outer loop
    vertex 23.337901643515423 47.50642428441417 -2.4
    vertex 23.37059734401538 47.48335580889994 -3
    vertex 23.641792409706607 47.32009836735868 -3
  endloop
endfacet
facet normal -0.6648409834748431 -0.7469849173123936 0
  outer loop
    vertex 23.337901643515423 47.50642428441417 -2.4
    vertex 23.337901643515423 47.50642428441417 -1.7999999999999998
    vertex 22.539473190535062 48.21705169550521 -1.7999999999999998
  endloop
endfacet
facet normal -0.5227053833105034 -0.8525133912486182 0
  outer loop
    vertex 23.337901643515423 47.50642428441417 -2.4
    vertex 23.641792409706607 47.32009836735868 -3
    vertex 23.337901643515423 47.50642428441417 -1.7999999999999998
  endloop
endfacet
facet normal -0.6642816947375533 -0.7463565260706344 0.04100934074547703
  outer loop
    vertex 23.337901643515423 47.50642428441417 -2.4
    vertex 22.539473190535062 48.21705169550521 -2.4
    vertex 23.033423991289947 47.74445171524279 -3
  endloop
endfacet
facet normal -0.6648409834748431 -0.7469849173123936 0
  outer loop
    vertex 23.337901643515423 47.50642428441417 -2.4
    vertex 22.539473190535062 48.21705169550521 -1.7999999999999998
    vertex 22.539473190535062 48.21705169550521 -2.4
  endloop
endfacet
facet normal -0.9510565162951524 -0.30901699437495095 0
  outer loop
    vertex 21.09355421548154 33.50897513454428 -3
    vertex 20.869102390239473 34.19976682198072 0
    vertex 20.869102390239473 34.19976682198072 -3
  endloop
endfacet
facet normal -0.9510565162951524 -0.30901699437495095 0
  outer loop
    vertex 21.09355421548154 33.50897513454428 -3
    vertex 21.09355421548154 33.50897513454428 0
    vertex 20.869102390239473 34.19976682198072 0
  endloop
endfacet
facet normal -0.40507842437270886 -0.914281942350238 0
  outer loop
    vertex 23.680078855061403 47.30313531445261 -3
    vertex 23.641792409706607 47.32009836735868 0
    vertex 23.641792409706607 47.32009836735868 -3
  endloop
endfacet
facet normal -0.40507842437270886 -0.914281942350238 0
  outer loop
    vertex 23.680078855061403 47.30313531445261 -3
    vertex 23.680078855061403 47.30313531445261 0
    vertex 23.641792409706607 47.32009836735868 0
  endloop
endfacet
facet normal -0.3949289930832073 0.9186788762888579 0.007759683171721978
  outer loop
    vertex 22.37725305518568 35.30022664157935 -0.6000000000000001
    vertex 22.313570423881853 35.267782304248826 0
    vertex 22.706550216924946 35.43671958796597 0
  endloop
endfacet
facet normal -0.5136765816941665 0.8579453973648212 -0.00812801079694132
  outer loop
    vertex 22.37725305518568 35.30022664157935 -0.6000000000000001
    vertex 21.82395070597917 34.974632898943064 0
    vertex 22.313570423881853 35.267782304248826 0
  endloop
endfacet
facet normal -0.598493097971525 0.8010659371353441 0.009968753278104132
  outer loop
    vertex 21.47748796248062 34.7232499610523 -0.6000000000000001
    vertex 21.330865103124413 34.6062383432177 0
    vertex 21.82395070597917 34.974632898943064 0
  endloop
endfacet
facet normal -0.6606630039721167 0.7505311567425107 -0.01507905637922144
  outer loop
    vertex 21.47748796248062 34.7232499610523 -0.6000000000000001
    vertex 20.869102390239473 34.19976682198072 0
    vertex 21.330865103124413 34.6062383432177 0
  endloop
endfacet
facet normal -0.5393486964518263 0.8410862106593965 -0.040950822633166926
  outer loop
    vertex 21.47748796248062 34.7232499610523 -0.6000000000000001
    vertex 21.82395070597917 34.974632898943064 0
    vertex 22.37725305518568 35.30022664157935 -0.6000000000000001
  endloop
endfacet
facet normal -0.38290753636247243 0.9237866737493142 0
  outer loop
    vertex 22.37725305518568 35.30022664157935 -1.7999999999999998
    vertex 22.706550216924946 35.43671958796597 0
    vertex 22.706550216924946 35.43671958796597 -3
  endloop
endfacet
facet normal -0.38290753636247243 0.9237866737493142 0
  outer loop
    vertex 22.37725305518568 35.30022664157935 -1.7999999999999998
    vertex 22.37725305518568 35.30022664157935 -0.6000000000000001
    vertex 22.706550216924946 35.43671958796597 0
  endloop
endfacet
facet normal -0.3949289930832073 0.9186788762888579 -0.007759683171721978
  outer loop
    vertex 22.37725305518568 35.30022664157935 -2.4
    vertex 22.706550216924946 35.43671958796597 -3
    vertex 22.313570423881853 35.267782304248826 -3
  endloop
endfacet
facet normal -0.5136765816941665 0.8579453973648212 0.00812801079694132
  outer loop
    vertex 22.37725305518568 35.30022664157935 -2.4
    vertex 22.313570423881853 35.267782304248826 -3
    vertex 21.82395070597917 34.974632898943064 -3
  endloop
endfacet
facet normal -0.38290753636247243 0.9237866737493142 0
  outer loop
    vertex 22.37725305518568 35.30022664157935 -2.4
    vertex 22.37725305518568 35.30022664157935 -1.7999999999999998
    vertex 22.706550216924946 35.43671958796597 -3
  endloop
endfacet
facet normal -0.6522337368402763 0.7580179104265078 0
  outer loop
    vertex 21.47748796248062 34.7232499610523 -1.7999999999999998
    vertex 20.869102390239473 34.19976682198072 -3
    vertex 20.869102390239473 34.19976682198072 0
  endloop
endfacet
facet normal -0.6522337368402763 0.7580179104265079 0
  outer loop
    vertex 21.47748796248062 34.7232499610523 -1.7999999999999998
    vertex 20.869102390239473 34.19976682198072 0
    vertex 21.47748796248062 34.7232499610523 -0.6000000000000001
  endloop
endfacet
facet normal -0.5398015017950248 0.8417923370165803 0
  outer loop
    vertex 21.47748796248062 34.7232499610523 -1.7999999999999998
    vertex 22.37725305518568 35.30022664157935 -0.6000000000000001
    vertex 22.37725305518568 35.30022664157935 -1.7999999999999998
  endloop
endfacet
facet normal -0.5398015017950248 0.8417923370165803 0
  outer loop
    vertex 21.47748796248062 34.7232499610523 -1.7999999999999998
    vertex 21.47748796248062 34.7232499610523 -0.6000000000000001
    vertex 22.37725305518568 35.30022664157935 -0.6000000000000001
  endloop
endfacet
facet normal -0.598493097971525 0.8010659371353441 -0.009968753278104132
  outer loop
    vertex 21.47748796248062 34.7232499610523 -2.4
    vertex 21.82395070597917 34.974632898943064 -3
    vertex 21.330865103124413 34.6062383432177 -3
  endloop
endfacet
facet normal -0.6606630039721167 0.7505311567425107 0.01507905637922144
  outer loop
    vertex 21.47748796248062 34.7232499610523 -2.4
    vertex 21.330865103124413 34.6062383432177 -3
    vertex 20.869102390239473 34.19976682198072 -3
  endloop
endfacet
facet normal -0.6522337368402763 0.7580179104265078 0
  outer loop
    vertex 21.47748796248062 34.7232499610523 -2.4
    vertex 20.869102390239473 34.19976682198072 -3
    vertex 21.47748796248062 34.7232499610523 -1.7999999999999998
  endloop
endfacet
facet normal -0.539801501795025 0.8417923370165802 0
  outer loop
    vertex 21.47748796248062 34.7232499610523 -2.4
    vertex 21.47748796248062 34.7232499610523 -1.7999999999999998
    vertex 22.37725305518568 35.30022664157935 -1.7999999999999998
  endloop
endfacet
facet normal -0.539801501795025 0.8417923370165802 0
  outer loop
    vertex 21.47748796248062 34.7232499610523 -2.4
    vertex 22.37725305518568 35.30022664157935 -1.7999999999999998
    vertex 22.37725305518568 35.30022664157935 -2.4
  endloop
endfacet
facet normal -0.5393486964518263 0.8410862106593965 0.040950822633166926
  outer loop
    vertex 21.47748796248062 34.7232499610523 -2.4
    vertex 22.37725305518568 35.30022664157935 -2.4
    vertex 21.82395070597917 34.974632898943064 -3
  endloop
endfacet
facet normal -0.9238795325112836 0.38268343236509733 0
  outer loop
    vertex 23.346210622053324 46.497106098278984 -3
    vertex 23.680078855061403 47.30313531445261 0
    vertex 23.680078855061403 47.30313531445261 -3
  endloop
endfacet
facet normal -0.9238795325112836 0.38268343236509733 0
  outer loop
    vertex 23.346210622053324 46.497106098278984 -3
    vertex 23.346210622053324 46.497106098278984 0
    vertex 23.680078855061403 47.30313531445261 0
  endloop
endfacet
facet normal -0.2570660302320098 0.9663938410921065 0
  outer loop
    vertex 22.706550216924946 35.43671958796597 -3
    vertex 22.747018898711516 35.44748447794482 0
    vertex 22.747018898711516 35.44748447794482 -3
  endloop
endfacet
facet normal -0.2570660302320098 0.9663938410921065 0
  outer loop
    vertex 22.706550216924946 35.43671958796597 -3
    vertex 22.706550216924946 35.43671958796597 0
    vertex 22.747018898711516 35.44748447794482 0
  endloop
endfacet
facet normal 0.36006126056598 0.9329286621385569 0
  outer loop
    vertex 23.30714332717592 46.51218401367738 -3
    vertex 23.346210622053324 46.497106098278984 0
    vertex 23.346210622053324 46.497106098278984 -3
  endloop
endfacet
facet normal 0.36006126056598 0.9329286621385569 0
  outer loop
    vertex 23.30714332717592 46.51218401367738 -3
    vertex 23.30714332717592 46.51218401367738 0
    vertex 23.346210622053324 46.497106098278984 0
  endloop
endfacet
facet normal -0.9723699203976789 -0.23344536385589562 0
  outer loop
    vertex 22.747018898711516 35.44748447794482 -3
    vertex 22.543351886913268 36.295818635363105 0
    vertex 22.543351886913268 36.295818635363105 -3
  endloop
endfacet
facet normal -0.9723699203976789 -0.23344536385589562 0
  outer loop
    vertex 22.747018898711516 35.44748447794482 -3
    vertex 22.747018898711516 35.44748447794482 0
    vertex 22.543351886913268 36.295818635363105 0
  endloop
endfacet
facet normal 0.2204816280994991 0.9753602611279939 0.007759683171729262
  outer loop
    vertex 22.96050778620141 46.595314915730405 -0.6000000000000001
    vertex 22.88991715222682 46.60649860696634 0
    vertex 23.30714332717592 46.51218401367738 0
  endloop
endfacet
facet normal 0.08871456764024059 0.9960239258817483 -0.008128010796931474
  outer loop
    vertex 22.96050778620141 46.595314915730405 -0.6000000000000001
    vertex 22.32149758250544 46.65712700559787 0
    vertex 22.88991715222682 46.60649860696634 0
  endloop
endfacet
facet normal -0.013336343313068672 0.9998613733438834 0.00996875327809778
  outer loop
    vertex 21.893444151527202 46.65739962784558 -0.6000000000000001
    vertex 21.70604606323412 46.64891799485661 0
    vertex 22.32149758250544 46.65712700559787 0
  endloop
endfacet
facet normal -0.09333645244898633 0.9955204310826323 -0.015079056379227563
  outer loop
    vertex 21.893444151527202 46.65739962784558 -0.6000000000000001
    vertex 21.093554215481543 46.59149293913879 0
    vertex 21.70604606323412 46.64891799485661 0
  endloop
endfacet
facet normal 0.05803580920864538 0.9974742477754321 -0.040950822633168626
  outer loop
    vertex 21.893444151527202 46.65739962784558 -0.6000000000000001
    vertex 22.32149758250544 46.65712700559787 0
    vertex 22.96050778620141 46.595314915730405 -0.6000000000000001
  endloop
endfacet
facet normal 0.23320947890268157 0.9724265211058056 0
  outer loop
    vertex 22.96050778620141 46.595314915730405 -1.7999999999999998
    vertex 23.30714332717592 46.51218401367738 0
    vertex 23.30714332717592 46.51218401367738 -3
  endloop
endfacet
facet normal 0.23320947890268157 0.9724265211058056 0
  outer loop
    vertex 22.96050778620141 46.595314915730405 -1.7999999999999998
    vertex 22.96050778620141 46.595314915730405 -0.6000000000000001
    vertex 23.30714332717592 46.51218401367738 0
  endloop
endfacet
facet normal 0.2204816280994991 0.9753602611279939 -0.007759683171729262
  outer loop
    vertex 22.96050778620141 46.595314915730405 -2.4
    vertex 23.30714332717592 46.51218401367738 -3
    vertex 22.88991715222682 46.60649860696634 -3
  endloop
endfacet
facet normal 0.08871456764024059 0.9960239258817483 0.008128010796931474
  outer loop
    vertex 22.96050778620141 46.595314915730405 -2.4
    vertex 22.88991715222682 46.60649860696634 -3
    vertex 22.32149758250544 46.65712700559787 -3
  endloop
endfacet
facet normal 0.23320947890268157 0.9724265211058056 0
  outer loop
    vertex 22.96050778620141 46.595314915730405 -2.4
    vertex 22.96050778620141 46.595314915730405 -1.7999999999999998
    vertex 23.30714332717592 46.51218401367738 -3
  endloop
endfacet
facet normal -0.0821164286861967 0.9966227431379562 0
  outer loop
    vertex 21.893444151527202 46.65739962784558 -1.7999999999999998
    vertex 21.093554215481543 46.59149293913879 -3
    vertex 21.093554215481543 46.59149293913879 0
  endloop
endfacet
facet normal -0.08211642868619672 0.9966227431379562 0
  outer loop
    vertex 21.893444151527202 46.65739962784558 -1.7999999999999998
    vertex 21.093554215481543 46.59149293913879 0
    vertex 21.893444151527202 46.65739962784558 -0.6000000000000001
  endloop
endfacet
facet normal 0.05808453264986146 0.9983116683014615 0
  outer loop
    vertex 21.893444151527202 46.65739962784558 -1.7999999999999998
    vertex 22.96050778620141 46.595314915730405 -0.6000000000000001
    vertex 22.96050778620141 46.595314915730405 -1.7999999999999998
  endloop
endfacet
facet normal 0.05808453264986146 0.9983116683014615 0
  outer loop
    vertex 21.893444151527202 46.65739962784558 -1.7999999999999998
    vertex 21.893444151527202 46.65739962784558 -0.6000000000000001
    vertex 22.96050778620141 46.595314915730405 -0.6000000000000001
  endloop
endfacet
facet normal -0.013336343313068672 0.9998613733438834 -0.00996875327809778
  outer loop
    vertex 21.893444151527202 46.65739962784558 -2.4
    vertex 22.32149758250544 46.65712700559787 -3
    vertex 21.70604606323412 46.64891799485661 -3
  endloop
endfacet
facet normal -0.09333645244898633 0.9955204310826323 0.015079056379227563
  outer loop
    vertex 21.893444151527202 46.65739962784558 -2.4
    vertex 21.70604606323412 46.64891799485661 -3
    vertex 21.093554215481543 46.59149293913879 -3
  endloop
endfacet
facet normal -0.08211642868619673 0.9966227431379564 0
  outer loop
    vertex 21.893444151527202 46.65739962784558 -2.4
    vertex 21.093554215481543 46.59149293913879 -3
    vertex 21.893444151527202 46.65739962784558 -1.7999999999999998
  endloop
endfacet
facet normal 0.058084532649861464 0.9983116683014616 0
  outer loop
    vertex 21.893444151527202 46.65739962784558 -2.4
    vertex 21.893444151527202 46.65739962784558 -1.7999999999999998
    vertex 22.96050778620141 46.595314915730405 -1.7999999999999998
  endloop
endfacet
facet normal 0.058084532649861464 0.9983116683014616 0
  outer loop
    vertex 21.893444151527202 46.65739962784558 -2.4
    vertex 22.96050778620141 46.595314915730405 -1.7999999999999998
    vertex 22.96050778620141 46.595314915730405 -2.4
  endloop
endfacet
facet normal 0.05803580920864538 0.9974742477754321 0.040950822633168626
  outer loop
    vertex 21.893444151527202 46.65739962784558 -2.4
    vertex 22.96050778620141 46.595314915730405 -2.4
    vertex 22.32149758250544 46.65712700559787 -3
  endloop
endfacet
facet normal 0.2096861127786723 -0.9777687528796214 0
  outer loop
    vertex 22.543351886913268 36.295818635363105 -3
    vertex 22.50240686963498 36.287037825498345 0
    vertex 22.50240686963498 36.287037825498345 -3
  endloop
endfacet
facet normal 0.2096861127786723 -0.9777687528796214 0
  outer loop
    vertex 22.543351886913268 36.295818635363105 -3
    vertex 22.543351886913268 36.295818635363105 0
    vertex 22.50240686963498 36.287037825498345 0
  endloop
endfacet
facet normal -0.9510565162951562 0.3090169943749392 0
  outer loop
    vertex 20.869102390239483 45.900701251702344 -3
    vertex 21.093554215481543 46.59149293913879 0
    vertex 21.093554215481543 46.59149293913879 -3
  endloop
endfacet
facet normal -0.9510565162951562 0.3090169943749392 0
  outer loop
    vertex 20.869102390239483 45.900701251702344 -3
    vertex 20.869102390239483 45.900701251702344 0
    vertex 21.093554215481543 46.59149293913879 0
  endloop
endfacet
facet normal -0.24057073768445308 -0.9706192066207209 -0.004906720790948938
  outer loop
    vertex 21.083395949819902 36.36476133078247 -0.6000000000000001
    vertex 21.024991389928015 36.37620391867585 0
    vertex 20.303664063818633 36.554986953021775 0
  endloop
endfacet
facet normal -0.1392188359121185 -0.990247278056088 0.005333294458710455
  outer loop
    vertex 21.083395949819902 36.36476133078247 -0.6000000000000001
    vertex 21.760797840647683 36.27275691125068 0
    vertex 21.024991389928015 36.37620391867585 0
  endloop
endfacet
facet normal -0.030591017177770272 -0.9995275877972317 0.0029649452400605596
  outer loop
    vertex 22.1470344491876 36.25915614821369 -0.6000000000000001
    vertex 22.18704513623168 36.25971141005554 0
    vertex 21.760797840647683 36.27275691125068 0
  endloop
endfacet
facet normal 0.08632652502528676 -0.9962551666403502 -0.004834668496020264
  outer loop
    vertex 22.1470344491876 36.25915614821369 -0.6000000000000001
    vertex 22.50240686963498 36.287037825498345 0
    vertex 22.18704513623168 36.25971141005554 0
  endloop
endfacet
facet normal -0.09871782111831763 -0.9942700969883754 -0.04100934074547493
  outer loop
    vertex 22.1470344491876 36.25915614821369 -0.6000000000000001
    vertex 21.760797840647683 36.27275691125068 0
    vertex 21.083395949819902 36.36476133078247 -0.6000000000000001
  endloop
endfacet
facet normal -0.23701158485439053 -0.9715068237767607 0
  outer loop
    vertex 21.083395949819902 36.36476133078247 -1.7999999999999998
    vertex 20.303664063818633 36.554986953021775 0
    vertex 20.303664063818633 36.554986953021775 -3
  endloop
endfacet
facet normal -0.23701158485439056 -0.9715068237767607 0
  outer loop
    vertex 21.083395949819902 36.36476133078247 -1.7999999999999998
    vertex 21.083395949819902 36.36476133078247 -0.6000000000000001
    vertex 20.303664063818633 36.554986953021775 0
  endloop
endfacet
facet normal -0.24057073768445308 -0.9706192066207209 0.004906720790948938
  outer loop
    vertex 21.083395949819902 36.36476133078247 -2.4
    vertex 20.303664063818633 36.554986953021775 -3
    vertex 21.024991389928015 36.37620391867585 -3
  endloop
endfacet
facet normal -0.1392188359121185 -0.990247278056088 -0.005333294458710455
  outer loop
    vertex 21.083395949819902 36.36476133078247 -2.4
    vertex 21.024991389928015 36.37620391867585 -3
    vertex 21.760797840647683 36.27275691125068 -3
  endloop
endfacet
facet normal -0.23701158485439058 -0.9715068237767608 0
  outer loop
    vertex 21.083395949819902 36.36476133078247 -2.4
    vertex 21.083395949819902 36.36476133078247 -1.7999999999999998
    vertex 20.303664063818633 36.554986953021775 -3
  endloop
endfacet
facet normal 0.07821726060832636 -0.9969363370561478 0
  outer loop
    vertex 22.1470344491876 36.25915614821369 -1.7999999999999998
    vertex 22.50240686963498 36.287037825498345 -3
    vertex 22.50240686963498 36.287037825498345 0
  endloop
endfacet
facet normal -0.09880093610697174 -0.9951072178536271 0
  outer loop
    vertex 22.1470344491876 36.25915614821369 -1.7999999999999998
    vertex 21.083395949819902 36.36476133078247 -0.6000000000000001
    vertex 21.083395949819902 36.36476133078247 -1.7999999999999998
  endloop
endfacet
facet normal 0.07821726060832637 -0.9969363370561479 0
  outer loop
    vertex 22.1470344491876 36.25915614821369 -1.7999999999999998
    vertex 22.50240686963498 36.287037825498345 0
    vertex 22.1470344491876 36.25915614821369 -0.6000000000000001
  endloop
endfacet
facet normal -0.09880093610697174 -0.9951072178536271 0
  outer loop
    vertex 22.1470344491876 36.25915614821369 -1.7999999999999998
    vertex 22.1470344491876 36.25915614821369 -0.6000000000000001
    vertex 21.083395949819902 36.36476133078247 -0.6000000000000001
  endloop
endfacet
facet normal -0.030591017177770272 -0.9995275877972317 -0.0029649452400605596
  outer loop
    vertex 22.1470344491876 36.25915614821369 -2.4
    vertex 21.760797840647683 36.27275691125068 -3
    vertex 22.18704513623168 36.25971141005554 -3
  endloop
endfacet
facet normal 0.08632652502528676 -0.9962551666403502 0.004834668496020264
  outer loop
    vertex 22.1470344491876 36.25915614821369 -2.4
    vertex 22.18704513623168 36.25971141005554 -3
    vertex 22.50240686963498 36.287037825498345 -3
  endloop
endfacet
facet normal -0.09880093610697176 -0.9951072178536271 0
  outer loop
    vertex 22.1470344491876 36.25915614821369 -2.4
    vertex 22.1470344491876 36.25915614821369 -1.7999999999999998
    vertex 21.083395949819902 36.36476133078247 -1.7999999999999998
  endloop
endfacet
facet normal 0.07821726060832637 -0.9969363370561479 0
  outer loop
    vertex 22.1470344491876 36.25915614821369 -2.4
    vertex 22.50240686963498 36.287037825498345 -3
    vertex 22.1470344491876 36.25915614821369 -1.7999999999999998
  endloop
endfacet
facet normal -0.09871782111831763 -0.9942700969883754 0.04100934074547493
  outer loop
    vertex 22.1470344491876 36.25915614821369 -2.4
    vertex 21.083395949819902 36.36476133078247 -2.4
    vertex 21.760797840647683 36.27275691125068 -3
  endloop
endfacet
facet normal -0.09880093610697176 -0.9951072178536271 0
  outer loop
    vertex 22.1470344491876 36.25915614821369 -2.4
    vertex 21.083395949819902 36.36476133078247 -1.7999999999999998
    vertex 21.083395949819902 36.36476133078247 -2.4
  endloop
endfacet
facet normal -0.6550019954761989 -0.7556112161775245 -0.004906720790947077
  outer loop
    vertex 21.477487962480627 45.37721811263076 -0.6000000000000001
    vertex 21.43064394477063 45.413928648429746 0
    vertex 20.869102390239483 45.900701251702344 0
  endloop
endfacet
facet normal -0.5736077477180176 -0.819112756418846 0.005333294458713052
  outer loop
    vertex 21.477487962480627 45.37721811263076 -0.6000000000000001
    vertex 22.039288334304228 44.987707551632354 0
    vertex 21.43064394477063 45.413928648429746 0
  endloop
endfacet
facet normal -0.4810328249741675 -0.876697570657689 0.0029649452402812815
  outer loop
    vertex 22.37725305518568 44.80024143210372 -0.6000000000000001
    vertex 22.413154921983026 44.78257170222003 0
    vertex 22.039288334304228 44.987707551632354 0
  endloop
endfacet
facet normal -0.37537288396251467 -0.926861275470172 -0.004834668496414213
  outer loop
    vertex 22.37725305518568 44.80024143210372 -0.6000000000000001
    vertex 22.70655021692495 44.66374848571709 0
    vertex 22.413154921983026 44.78257170222003 0
  endloop
endfacet
facet normal -0.5393474008779164 -0.8410841902793426 -0.04100934074547977
  outer loop
    vertex 22.37725305518568 44.80024143210372 -0.6000000000000001
    vertex 22.039288334304228 44.987707551632354 0
    vertex 21.477487962480627 45.37721811263076 -0.6000000000000001
  endloop
endfacet
facet normal -0.6522337368402784 -0.7580179104265059 0
  outer loop
    vertex 21.477487962480627 45.37721811263076 -1.7999999999999998
    vertex 20.869102390239483 45.900701251702344 0
    vertex 20.869102390239483 45.900701251702344 -3
  endloop
endfacet
facet normal -0.6522337368402784 -0.7580179104265059 0
  outer loop
    vertex 21.477487962480627 45.37721811263076 -1.7999999999999998
    vertex 21.477487962480627 45.37721811263076 -0.6000000000000001
    vertex 20.869102390239483 45.900701251702344 0
  endloop
endfacet
facet normal -0.5398015017950233 -0.8417923370165813 0
  outer loop
    vertex 21.477487962480627 45.37721811263076 -1.7999999999999998
    vertex 22.37725305518568 44.80024143210372 -0.6000000000000001
    vertex 21.477487962480627 45.37721811263076 -0.6000000000000001
  endloop
endfacet
facet normal -0.6550019954761989 -0.7556112161775245 0.004906720790947077
  outer loop
    vertex 21.477487962480627 45.37721811263076 -2.4
    vertex 20.869102390239483 45.900701251702344 -3
    vertex 21.43064394477063 45.413928648429746 -3
  endloop
endfacet
facet normal -0.5736077477180176 -0.819112756418846 -0.005333294458713052
  outer loop
    vertex 21.477487962480627 45.37721811263076 -2.4
    vertex 21.43064394477063 45.413928648429746 -3
    vertex 22.039288334304228 44.987707551632354 -3
  endloop
endfacet
facet normal -0.6522337368402784 -0.7580179104265058 0
  outer loop
    vertex 21.477487962480627 45.37721811263076 -2.4
    vertex 21.477487962480627 45.37721811263076 -1.7999999999999998
    vertex 20.869102390239483 45.900701251702344 -3
  endloop
endfacet
facet normal -0.38290753636248587 -0.9237866737493086 0
  outer loop
    vertex 22.37725305518568 44.80024143210372 -1.7999999999999998
    vertex 22.70655021692495 44.66374848571709 -3
    vertex 22.70655021692495 44.66374848571709 0
  endloop
endfacet
facet normal -0.5398015017950233 -0.8417923370165813 0
  outer loop
    vertex 22.37725305518568 44.80024143210372 -1.7999999999999998
    vertex 22.37725305518568 44.80024143210372 -0.6000000000000001
    vertex 21.477487962480627 45.37721811263076 -1.7999999999999998
  endloop
endfacet
facet normal -0.38290753636248587 -0.9237866737493086 0
  outer loop
    vertex 22.37725305518568 44.80024143210372 -1.7999999999999998
    vertex 22.70655021692495 44.66374848571709 0
    vertex 22.37725305518568 44.80024143210372 -0.6000000000000001
  endloop
endfacet
facet normal -0.4810328249741675 -0.876697570657689 -0.0029649452402812815
  outer loop
    vertex 22.37725305518568 44.80024143210372 -2.4
    vertex 22.039288334304228 44.987707551632354 -3
    vertex 22.413154921983026 44.78257170222003 -3
  endloop
endfacet
facet normal -0.37537288396251467 -0.926861275470172 0.004834668496414213
  outer loop
    vertex 22.37725305518568 44.80024143210372 -2.4
    vertex 22.413154921983026 44.78257170222003 -3
    vertex 22.70655021692495 44.66374848571709 -3
  endloop
endfacet
facet normal -0.5398015017950232 -0.8417923370165813 0
  outer loop
    vertex 22.37725305518568 44.80024143210372 -2.4
    vertex 22.37725305518568 44.80024143210372 -1.7999999999999998
    vertex 21.477487962480627 45.37721811263076 -1.7999999999999998
  endloop
endfacet
facet normal -0.38290753636248587 -0.9237866737493086 0
  outer loop
    vertex 22.37725305518568 44.80024143210372 -2.4
    vertex 22.70655021692495 44.66374848571709 -3
    vertex 22.37725305518568 44.80024143210372 -1.7999999999999998
  endloop
endfacet
facet normal -0.5393474008779164 -0.8410841902793426 0.04100934074547977
  outer loop
    vertex 22.37725305518568 44.80024143210372 -2.4
    vertex 21.477487962480627 45.37721811263076 -2.4
    vertex 22.039288334304228 44.987707551632354 -3
  endloop
endfacet
facet normal -0.5398015017950232 -0.8417923370165813 0
  outer loop
    vertex 22.37725305518568 44.80024143210372 -2.4
    vertex 21.477487962480627 45.37721811263076 -1.7999999999999998
    vertex 21.477487962480627 45.37721811263076 -2.4
  endloop
endfacet
facet normal -0.9876883405951371 -0.1564344650402349 0
  outer loop
    vertex 20.303664063818633 36.554986953021775 -3
    vertex 20.190039241080104 37.27238584969183 0
    vertex 20.190039241080104 37.27238584969183 -3
  endloop
endfacet
facet normal -0.9876883405951371 -0.1564344650402349 0
  outer loop
    vertex 20.303664063818633 36.554986953021775 -3
    vertex 20.303664063818633 36.554986953021775 0
    vertex 20.190039241080104 37.27238584969183 0
  endloop
endfacet
facet normal -0.25706603023214714 -0.9663938410920698 0
  outer loop
    vertex 22.747018898711524 44.652983595738235 -3
    vertex 22.70655021692495 44.66374848571709 0
    vertex 22.70655021692495 44.66374848571709 -3
  endloop
endfacet
facet normal -0.25706603023214714 -0.9663938410920698 0
  outer loop
    vertex 22.747018898711524 44.652983595738235 -3
    vertex 22.747018898711524 44.652983595738235 0
    vertex 22.70655021692495 44.66374848571709 0
  endloop
endfacet
facet normal -0.24635372327527436 0.969148920623391 0.007759683171739017
  outer loop
    vertex 21.851771911885454 38.123370440331904 -0.6000000000000001
    vertex 21.78379790689433 38.10128770499256 0
    vertex 22.198367080176155 38.20666950671549 0
  endloop
endfacet
facet normal -0.37314014130560785 0.9277393871055146 -0.008128010796930697
  outer loop
    vertex 21.851771911885454 38.123370440331904 -0.6000000000000001
    vertex 21.254347549800464 37.888340853962895 0
    vertex 21.78379790689433 38.10128770499256 0
  endloop
endfacet
facet normal -0.4658103334554203 0.8848284337679425 0.009968753278102517
  outer loop
    vertex 20.872825382187226 37.69425157111924 -0.6000000000000001
    vertex 20.709703043696894 37.60161742903586 0
    vertex 21.254347549800464 37.888340853962895 0
  endloop
endfacet
facet normal -0.535120206084785 0.8446413363662054 -0.01507905637923092
  outer loop
    vertex 20.872825382187226 37.69425157111924 -0.6000000000000001
    vertex 20.190039241080104 37.27238584969183 0
    vertex 20.709703043696894 37.60161742903586 0
  endloop
endfacet
facet normal -0.4011335475834421 0.9151037685032175 -0.04095082263315659
  outer loop
    vertex 20.872825382187226 37.69425157111924 -0.6000000000000001
    vertex 21.254347549800464 37.888340853962895 0
    vertex 21.851771911885454 38.123370440331904 -0.6000000000000001
  endloop
endfacet
facet normal -0.23368123507194738 0.9723132624700999 0
  outer loop
    vertex 21.851771911885454 38.123370440331904 -1.7999999999999998
    vertex 22.198367080176155 38.20666950671549 0
    vertex 22.198367080176155 38.20666950671549 -3
  endloop
endfacet
facet normal -0.23368123507194735 0.9723132624700999 0
  outer loop
    vertex 21.851771911885454 38.123370440331904 -1.7999999999999998
    vertex 21.851771911885454 38.123370440331904 -0.6000000000000001
    vertex 22.198367080176155 38.20666950671549 0
  endloop
endfacet
facet normal -0.24635372327527436 0.969148920623391 -0.007759683171739017
  outer loop
    vertex 21.851771911885454 38.123370440331904 -2.4
    vertex 22.198367080176155 38.20666950671549 -3
    vertex 21.78379790689433 38.10128770499256 -3
  endloop
endfacet
facet normal -0.37314014130560785 0.9277393871055146 0.008128010796930697
  outer loop
    vertex 21.851771911885454 38.123370440331904 -2.4
    vertex 21.78379790689433 38.10128770499256 -3
    vertex 21.254347549800464 37.888340853962895 -3
  endloop
endfacet
facet normal -0.23368123507194738 0.9723132624700999 0
  outer loop
    vertex 21.851771911885454 38.123370440331904 -2.4
    vertex 21.851771911885454 38.123370440331904 -1.7999999999999998
    vertex 22.198367080176155 38.20666950671549 -3
  endloop
endfacet
facet normal -0.5256235309114543 0.8507172877943504 0
  outer loop
    vertex 20.872825382187226 37.69425157111924 -1.7999999999999998
    vertex 20.190039241080104 37.27238584969183 -3
    vertex 20.190039241080104 37.27238584969183 0
  endloop
endfacet
facet normal -0.5256235309114543 0.8507172877943503 0
  outer loop
    vertex 20.872825382187226 37.69425157111924 -1.7999999999999998
    vertex 20.190039241080104 37.27238584969183 0
    vertex 20.872825382187226 37.69425157111924 -0.6000000000000001
  endloop
endfacet
facet normal -0.40147031564254154 0.9158720356348249 0
  outer loop
    vertex 20.872825382187226 37.69425157111924 -1.7999999999999998
    vertex 21.851771911885454 38.123370440331904 -0.6000000000000001
    vertex 21.851771911885454 38.123370440331904 -1.7999999999999998
  endloop
endfacet
facet normal -0.40147031564254154 0.9158720356348249 0
  outer loop
    vertex 20.872825382187226 37.69425157111924 -1.7999999999999998
    vertex 20.872825382187226 37.69425157111924 -0.6000000000000001
    vertex 21.851771911885454 38.123370440331904 -0.6000000000000001
  endloop
endfacet
facet normal -0.4658103334554203 0.8848284337679425 -0.009968753278102517
  outer loop
    vertex 20.872825382187226 37.69425157111924 -2.4
    vertex 21.254347549800464 37.888340853962895 -3
    vertex 20.709703043696894 37.60161742903586 -3
  endloop
endfacet
facet normal -0.535120206084785 0.8446413363662054 0.01507905637923092
  outer loop
    vertex 20.872825382187226 37.69425157111924 -2.4
    vertex 20.709703043696894 37.60161742903586 -3
    vertex 20.190039241080104 37.27238584969183 -3
  endloop
endfacet
facet normal -0.5256235309114542 0.8507172877943502 0
  outer loop
    vertex 20.872825382187226 37.69425157111924 -2.4
    vertex 20.190039241080104 37.27238584969183 -3
    vertex 20.872825382187226 37.69425157111924 -1.7999999999999998
  endloop
endfacet
facet normal -0.4014703156425416 0.915872035634825 0
  outer loop
    vertex 20.872825382187226 37.69425157111924 -2.4
    vertex 20.872825382187226 37.69425157111924 -1.7999999999999998
    vertex 21.851771911885454 38.123370440331904 -1.7999999999999998
  endloop
endfacet
facet normal -0.4014703156425416 0.915872035634825 0
  outer loop
    vertex 20.872825382187226 37.69425157111924 -2.4
    vertex 21.851771911885454 38.123370440331904 -1.7999999999999998
    vertex 21.851771911885454 38.123370440331904 -2.4
  endloop
endfacet
facet normal -0.4011335475834421 0.9151037685032175 0.04095082263315659
  outer loop
    vertex 20.872825382187226 37.69425157111924 -2.4
    vertex 21.851771911885454 38.123370440331904 -2.4
    vertex 21.254347549800464 37.888340853962895 -3
  endloop
endfacet
facet normal -0.9723699203976743 0.23344536385591472 0
  outer loop
    vertex 22.54335188691326 43.80464943831996 -3
    vertex 22.747018898711524 44.652983595738235 0
    vertex 22.747018898711524 44.652983595738235 -3
  endloop
endfacet
facet normal -0.9723699203976743 0.23344536385591472 0
  outer loop
    vertex 22.54335188691326 43.80464943831996 -3
    vertex 22.54335188691326 43.80464943831996 0
    vertex 22.747018898711524 44.652983595738235 0
  endloop
endfacet
facet normal -0.10272381727378649 0.9947099161889872 0
  outer loop
    vertex 22.198367080176155 38.20666950671549 -3
    vertex 22.240021525141064 38.21097116644923 0
    vertex 22.240021525141064 38.21097116644923 -3
  endloop
endfacet
facet normal -0.10272381727378649 0.9947099161889872 0
  outer loop
    vertex 22.198367080176155 38.20666950671549 -3
    vertex 22.198367080176155 38.20666950671549 0
    vertex 22.240021525141064 38.21097116644923 0
  endloop
endfacet
facet normal 0.20968611277856225 0.9777687528796448 0
  outer loop
    vertex 22.502406869634985 43.813430248184716 -3
    vertex 22.54335188691326 43.80464943831996 0
    vertex 22.54335188691326 43.80464943831996 -3
  endloop
endfacet
facet normal 0.20968611277856225 0.9777687528796448 0
  outer loop
    vertex 22.502406869634985 43.813430248184716 -3
    vertex 22.502406869634985 43.813430248184716 0
    vertex 22.54335188691326 43.80464943831996 0
  endloop
endfacet
facet normal -0.9969173337331287 -0.07845909572783591 0
  outer loop
    vertex 22.240021525141064 38.21097116644923 -3
    vertex 22.171570692315164 39.08072146269687 0
    vertex 22.171570692315164 39.08072146269687 -3
  endloop
endfacet
facet normal -0.9969173337331287 -0.07845909572783591 0
  outer loop
    vertex 22.240021525141064 38.21097116644923 -3
    vertex 22.240021525141064 38.21097116644923 0
    vertex 22.171570692315164 39.08072146269687 0
  endloop
endfacet
facet normal 0.06518717271822115 0.9978428833388947 0.007759683171746579
  outer loop
    vertex 22.147034449187604 43.84131192546937 -0.6000000000000001
    vertex 22.075563388299834 43.84131511884525 0
    vertex 22.502406869634985 43.813430248184716 0
  endloop
endfacet
facet normal -0.06819012591343558 0.9976392344772705 -0.008128010796956896
  outer loop
    vertex 22.147034449187604 43.84131192546937 -0.6000000000000001
    vertex 21.506221980263916 43.802399786568806 0
    vertex 22.075563388299834 43.84131511884525 0
  endloop
endfacet
facet normal -0.16958492984996934 0.9854651569314166 0.009968753278093918
  outer loop
    vertex 21.083395949819902 43.73570674290059 -0.6000000000000001
    vertex 20.8996318626821 43.69801401319645 0
    vertex 21.506221980263916 43.802399786568806 0
  endloop
endfacet
facet normal -0.24792103190942666 0.968662884596946 -0.015079056379253535
  outer loop
    vertex 21.083395949819902 43.73570674290059 -0.6000000000000001
    vertex 20.303664063818633 43.54548112066129 0
    vertex 20.8996318626821 43.69801401319645 0
  endloop
endfacet
facet normal -0.09871805824977122 0.9942724853384323 -0.040950822633150794
  outer loop
    vertex 21.083395949819902 43.73570674290059 -0.6000000000000001
    vertex 21.506221980263916 43.802399786568806 0
    vertex 22.147034449187604 43.84131192546937 -0.6000000000000001
  endloop
endfacet
facet normal 0.07821726060832636 0.9969363370561478 0
  outer loop
    vertex 22.147034449187604 43.84131192546937 -1.7999999999999998
    vertex 22.502406869634985 43.813430248184716 0
    vertex 22.502406869634985 43.813430248184716 -3
  endloop
endfacet
facet normal 0.07821726060832637 0.9969363370561479 0
  outer loop
    vertex 22.147034449187604 43.84131192546937 -1.7999999999999998
    vertex 22.147034449187604 43.84131192546937 -0.6000000000000001
    vertex 22.502406869634985 43.813430248184716 0
  endloop
endfacet
facet normal 0.06518717271822115 0.9978428833388947 -0.007759683171746579
  outer loop
    vertex 22.147034449187604 43.84131192546937 -2.4
    vertex 22.502406869634985 43.813430248184716 -3
    vertex 22.075563388299834 43.84131511884525 -3
  endloop
endfacet
facet normal -0.06819012591343558 0.9976392344772705 0.008128010796956896
  outer loop
    vertex 22.147034449187604 43.84131192546937 -2.4
    vertex 22.075563388299834 43.84131511884525 -3
    vertex 21.506221980263916 43.802399786568806 -3
  endloop
endfacet
facet normal 0.07821726060832637 0.9969363370561479 0
  outer loop
    vertex 22.147034449187604 43.84131192546937 -2.4
    vertex 22.147034449187604 43.84131192546937 -1.7999999999999998
    vertex 22.502406869634985 43.813430248184716 -3
  endloop
endfacet
facet normal -0.2370115848543822 0.9715068237767628 0
  outer loop
    vertex 21.083395949819902 43.73570674290059 -1.7999999999999998
    vertex 20.303664063818633 43.54548112066129 -3
    vertex 20.303664063818633 43.54548112066129 0
  endloop
endfacet
facet normal -0.2370115848543822 0.9715068237767628 0
  outer loop
    vertex 21.083395949819902 43.73570674290059 -1.7999999999999998
    vertex 20.303664063818633 43.54548112066129 0
    vertex 21.083395949819902 43.73570674290059 -0.6000000000000001
  endloop
endfacet
facet normal -0.09880093610697144 0.9951072178536272 0
  outer loop
    vertex 21.083395949819902 43.73570674290059 -1.7999999999999998
    vertex 22.147034449187604 43.84131192546937 -0.6000000000000001
    vertex 22.147034449187604 43.84131192546937 -1.7999999999999998
  endloop
endfacet
facet normal -0.09880093610697144 0.9951072178536272 0
  outer loop
    vertex 21.083395949819902 43.73570674290059 -1.7999999999999998
    vertex 21.083395949819902 43.73570674290059 -0.6000000000000001
    vertex 22.147034449187604 43.84131192546937 -0.6000000000000001
  endloop
endfacet
facet normal -0.16958492984996934 0.9854651569314166 -0.009968753278093918
  outer loop
    vertex 21.083395949819902 43.73570674290059 -2.4
    vertex 21.506221980263916 43.802399786568806 -3
    vertex 20.8996318626821 43.69801401319645 -3
  endloop
endfacet
facet normal -0.24792103190942666 0.968662884596946 0.015079056379253535
  outer loop
    vertex 21.083395949819902 43.73570674290059 -2.4
    vertex 20.8996318626821 43.69801401319645 -3
    vertex 20.303664063818633 43.54548112066129 -3
  endloop
endfacet
facet normal -0.2370115848543822 0.9715068237767627 0
  outer loop
    vertex 21.083395949819902 43.73570674290059 -2.4
    vertex 20.303664063818633 43.54548112066129 -3
    vertex 21.083395949819902 43.73570674290059 -1.7999999999999998
  endloop
endfacet
facet normal -0.09880093610697142 0.995107217853627 0
  outer loop
    vertex 21.083395949819902 43.73570674290059 -2.4
    vertex 21.083395949819902 43.73570674290059 -1.7999999999999998
    vertex 22.147034449187604 43.84131192546937 -1.7999999999999998
  endloop
endfacet
facet normal -0.09880093610697142 0.995107217853627 0
  outer loop
    vertex 21.083395949819902 43.73570674290059 -2.4
    vertex 22.147034449187604 43.84131192546937 -1.7999999999999998
    vertex 22.147034449187604 43.84131192546937 -2.4
  endloop
endfacet
facet normal -0.09871805824977122 0.9942724853384323 0.040950822633150794
  outer loop
    vertex 21.083395949819902 43.73570674290059 -2.4
    vertex 22.147034449187604 43.84131192546937 -2.4
    vertex 21.506221980263916 43.802399786568806 -3
  endloop
endfacet
facet normal 0.05414779698660679 -0.9985329318963383 0
  outer loop
    vertex 22.171570692315164 39.08072146269687 -3
    vertex 22.129756154850124 39.07845397104645 0
    vertex 22.129756154850124 39.07845397104645 -3
  endloop
endfacet
facet normal 0.05414779698660679 -0.9985329318963383 0
  outer loop
    vertex 22.171570692315164 39.08072146269687 -3
    vertex 22.171570692315164 39.08072146269687 0
    vertex 22.129756154850124 39.07845397104645 0
  endloop
endfacet
facet normal -0.9876883405951387 0.15643446504022535 0
  outer loop
    vertex 20.19003924108011 42.82808222399124 -3
    vertex 20.303664063818633 43.54548112066129 0
    vertex 20.303664063818633 43.54548112066129 -3
  endloop
endfacet
facet normal -0.9876883405951387 0.15643446504022535 0
  outer loop
    vertex 20.19003924108011 42.82808222399124 -3
    vertex 20.19003924108011 42.82808222399124 0
    vertex 20.303664063818633 43.54548112066129 0
  endloop
endfacet
facet normal -0.38944720904479363 -0.9210357188829869 -0.004906720790959184
  outer loop
    vertex 20.74037424914176 39.37720278513329 -0.6000000000000001
    vertex 20.68447876141473 39.397640981864406 0
    vertex 20.000000000000004 39.68706335476292 0
  endloop
endfacet
facet normal -0.29241362422187833 -0.9562770667226328 0.005333294458699296
  outer loop
    vertex 20.74037424914176 39.37720278513329 -0.6000000000000001
    vertex 21.39504353645867 39.180362090269625 0
    vertex 20.68447876141473 39.397640981864406 0
  endloop
endfacet
facet normal -0.18657495448320666 -0.9824362551633119 0.00296494524020117
  outer loop
    vertex 21.774397303334727 39.106508057958905 -0.6000000000000001
    vertex 21.81400225451843 39.10079743318218 0
    vertex 21.39504353645867 39.180362090269625 0
  endloop
endfacet
facet normal -0.07058494178499546 -0.9974940561094789 -0.004834668496259062
  outer loop
    vertex 21.774397303334727 39.106508057958905 -0.6000000000000001
    vertex 22.129756154850124 39.07845397104645 0
    vertex 21.81400225451843 39.10079743318218 0
  endloop
endfacet
facet normal -0.253040551655394 -0.9665861126612333 -0.041009340745488766
  outer loop
    vertex 21.774397303334727 39.106508057958905 -0.6000000000000001
    vertex 21.39504353645867 39.180362090269625 0
    vertex 20.74037424914176 39.37720278513329 -0.6000000000000001
  endloop
endfacet
facet normal -0.3860707292071032 -0.92246918216789 0
  outer loop
    vertex 20.74037424914176 39.37720278513329 -1.7999999999999998
    vertex 20.000000000000004 39.68706335476292 0
    vertex 20.000000000000004 39.68706335476292 -3
  endloop
endfacet
facet normal -0.3860707292071033 -0.92246918216789 0
  outer loop
    vertex 20.74037424914176 39.37720278513329 -1.7999999999999998
    vertex 20.74037424914176 39.37720278513329 -0.6000000000000001
    vertex 20.000000000000004 39.68706335476292 0
  endloop
endfacet
facet normal -0.38944720904479363 -0.9210357188829869 0.004906720790959184
  outer loop
    vertex 20.74037424914176 39.37720278513329 -2.4
    vertex 20.000000000000004 39.68706335476292 -3
    vertex 20.68447876141473 39.397640981864406 -3
  endloop
endfacet
facet normal -0.29241362422187833 -0.9562770667226328 -0.005333294458699296
  outer loop
    vertex 20.74037424914176 39.37720278513329 -2.4
    vertex 20.68447876141473 39.397640981864406 -3
    vertex 21.39504353645867 39.180362090269625 -3
  endloop
endfacet
facet normal -0.3860707292071032 -0.9224691821678899 0
  outer loop
    vertex 20.74037424914176 39.37720278513329 -2.4
    vertex 20.74037424914176 39.37720278513329 -1.7999999999999998
    vertex 20.000000000000004 39.68706335476292 -3
  endloop
endfacet
facet normal -0.07870092623042786 -0.996898271746156 0
  outer loop
    vertex 21.774397303334727 39.106508057958905 -1.7999999999999998
    vertex 22.129756154850124 39.07845397104645 -3
    vertex 22.129756154850124 39.07845397104645 0
  endloop
endfacet
facet normal -0.07870092623042788 -0.996898271746156 0
  outer loop
    vertex 21.774397303334727 39.106508057958905 -1.7999999999999998
    vertex 22.129756154850124 39.07845397104645 0
    vertex 21.774397303334727 39.106508057958905 -0.6000000000000001
  endloop
endfacet
facet normal -0.2532535979153462 -0.9673999251307248 0
  outer loop
    vertex 21.774397303334727 39.106508057958905 -1.7999999999999998
    vertex 20.74037424914176 39.37720278513329 -0.6000000000000001
    vertex 20.74037424914176 39.37720278513329 -1.7999999999999998
  endloop
endfacet
facet normal -0.2532535979153462 -0.9673999251307248 0
  outer loop
    vertex 21.774397303334727 39.106508057958905 -1.7999999999999998
    vertex 21.774397303334727 39.106508057958905 -0.6000000000000001
    vertex 20.74037424914176 39.37720278513329 -0.6000000000000001
  endloop
endfacet
facet normal -0.18657495448320666 -0.9824362551633119 -0.00296494524020117
  outer loop
    vertex 21.774397303334727 39.106508057958905 -2.4
    vertex 21.39504353645867 39.180362090269625 -3
    vertex 21.81400225451843 39.10079743318218 -3
  endloop
endfacet
facet normal -0.07058494178499546 -0.9974940561094789 0.004834668496259062
  outer loop
    vertex 21.774397303334727 39.106508057958905 -2.4
    vertex 21.81400225451843 39.10079743318218 -3
    vertex 22.129756154850124 39.07845397104645 -3
  endloop
endfacet
facet normal -0.2532535979153462 -0.9673999251307249 0
  outer loop
    vertex 21.774397303334727 39.106508057958905 -2.4
    vertex 21.774397303334727 39.106508057958905 -1.7999999999999998
    vertex 20.74037424914176 39.37720278513329 -1.7999999999999998
  endloop
endfacet
facet normal -0.07870092623042788 -0.996898271746156 0
  outer loop
    vertex 21.774397303334727 39.106508057958905 -2.4
    vertex 22.129756154850124 39.07845397104645 -3
    vertex 21.774397303334727 39.106508057958905 -1.7999999999999998
  endloop
endfacet
facet normal -0.253040551655394 -0.9665861126612333 0.041009340745488766
  outer loop
    vertex 21.774397303334727 39.106508057958905 -2.4
    vertex 20.74037424914176 39.37720278513329 -2.4
    vertex 21.39504353645867 39.180362090269625 -3
  endloop
endfacet
facet normal -0.2532535979153462 -0.9673999251307249 0
  outer loop
    vertex 21.774397303334727 39.106508057958905 -2.4
    vertex 20.74037424914176 39.37720278513329 -1.7999999999999998
    vertex 20.74037424914176 39.37720278513329 -2.4
  endloop
endfacet
facet normal -0.5287341976172679 -0.8487732750040516 -0.004906720790947509
  outer loop
    vertex 20.87282538218723 42.40621650256382 -0.6000000000000001
    vertex 20.820815299039385 42.43514705189868 0
    vertex 20.19003924108011 42.82808222399124 0
  endloop
endfacet
facet normal -0.4384082186381109 -0.8987601403048396 0.005333294458712297
  outer loop
    vertex 20.87282538218723 42.40621650256382 -0.6000000000000001
    vertex 21.488641935416723 42.109386403552655 0
    vertex 20.820815299039385 42.43514705189868 0
  endloop
endfacet
facet normal -0.33796479720335443 -0.9411540814080449 0.0029649452397826296
  outer loop
    vertex 21.851771911885457 41.977097633351164 -0.6000000000000001
    vertex 21.889995921862194 41.965261736491904 0
    vertex 21.488641935416723 42.109386403552655 0
  endloop
endfacet
facet normal -0.22575837307203933 -0.9741713314239975 -0.0048346684955750795
  outer loop
    vertex 21.851771911885457 41.977097633351164 -0.6000000000000001
    vertex 22.19836708017616 41.89379856696757 0
    vertex 21.889995921862194 41.965261736491904 0
  endloop
endfacet
facet normal -0.401132584017266 -0.9151015703249844 -0.041009340745478184
  outer loop
    vertex 21.851771911885457 41.977097633351164 -0.6000000000000001
    vertex 21.488641935416723 42.109386403552655 0
    vertex 20.87282538218723 42.40621650256382 -0.6000000000000001
  endloop
endfacet
facet normal -0.5256235309114626 -0.8507172877943452 0
  outer loop
    vertex 20.87282538218723 42.40621650256382 -1.7999999999999998
    vertex 20.19003924108011 42.82808222399124 0
    vertex 20.19003924108011 42.82808222399124 -3
  endloop
endfacet
facet normal -0.5256235309114626 -0.8507172877943451 0
  outer loop
    vertex 20.87282538218723 42.40621650256382 -1.7999999999999998
    vertex 20.87282538218723 42.40621650256382 -0.6000000000000001
    vertex 20.19003924108011 42.82808222399124 0
  endloop
endfacet
facet normal -0.5287341976172679 -0.8487732750040516 0.004906720790947509
  outer loop
    vertex 20.87282538218723 42.40621650256382 -2.4
    vertex 20.19003924108011 42.82808222399124 -3
    vertex 20.820815299039385 42.43514705189868 -3
  endloop
endfacet
facet normal -0.4384082186381109 -0.8987601403048396 -0.005333294458712297
  outer loop
    vertex 20.87282538218723 42.40621650256382 -2.4
    vertex 20.820815299039385 42.43514705189868 -3
    vertex 21.488641935416723 42.109386403552655 -3
  endloop
endfacet
facet normal -0.5256235309114626 -0.8507172877943451 0
  outer loop
    vertex 20.87282538218723 42.40621650256382 -2.4
    vertex 20.87282538218723 42.40621650256382 -1.7999999999999998
    vertex 20.19003924108011 42.82808222399124 -3
  endloop
endfacet
facet normal -0.2336812350719662 -0.9723132624700952 0
  outer loop
    vertex 21.851771911885457 41.977097633351164 -1.7999999999999998
    vertex 22.19836708017616 41.89379856696757 -3
    vertex 22.19836708017616 41.89379856696757 0
  endloop
endfacet
facet normal -0.2336812350719662 -0.9723132624700952 0
  outer loop
    vertex 21.851771911885457 41.977097633351164 -1.7999999999999998
    vertex 22.19836708017616 41.89379856696757 0
    vertex 21.851771911885457 41.977097633351164 -0.6000000000000001
  endloop
endfacet
facet normal -0.40147031564253594 -0.9158720356348272 0
  outer loop
    vertex 21.851771911885457 41.977097633351164 -1.7999999999999998
    vertex 20.87282538218723 42.40621650256382 -0.6000000000000001
    vertex 20.87282538218723 42.40621650256382 -1.7999999999999998
  endloop
endfacet
facet normal -0.40147031564253594 -0.9158720356348272 0
  outer loop
    vertex 21.851771911885457 41.977097633351164 -1.7999999999999998
    vertex 21.851771911885457 41.977097633351164 -0.6000000000000001
    vertex 20.87282538218723 42.40621650256382 -0.6000000000000001
  endloop
endfacet
facet normal -0.33796479720335443 -0.9411540814080449 -0.0029649452397826296
  outer loop
    vertex 21.851771911885457 41.977097633351164 -2.4
    vertex 21.488641935416723 42.109386403552655 -3
    vertex 21.889995921862194 41.965261736491904 -3
  endloop
endfacet
facet normal -0.22575837307203933 -0.9741713314239975 0.0048346684955750795
  outer loop
    vertex 21.851771911885457 41.977097633351164 -2.4
    vertex 21.889995921862194 41.965261736491904 -3
    vertex 22.19836708017616 41.89379856696757 -3
  endloop
endfacet
facet normal -0.40147031564253605 -0.9158720356348274 0
  outer loop
    vertex 21.851771911885457 41.977097633351164 -2.4
    vertex 21.851771911885457 41.977097633351164 -1.7999999999999998
    vertex 20.87282538218723 42.40621650256382 -1.7999999999999998
  endloop
endfacet
facet normal -0.23368123507196617 -0.9723132624700953 0
  outer loop
    vertex 21.851771911885457 41.977097633351164 -2.4
    vertex 22.19836708017616 41.89379856696757 -3
    vertex 21.851771911885457 41.977097633351164 -1.7999999999999998
  endloop
endfacet
facet normal -0.401132584017266 -0.9151015703249844 0.041009340745478184
  outer loop
    vertex 21.851771911885457 41.977097633351164 -2.4
    vertex 20.87282538218723 42.40621650256382 -2.4
    vertex 21.488641935416723 42.109386403552655 -3
  endloop
endfacet
facet normal -0.40147031564253605 -0.9158720356348274 0
  outer loop
    vertex 21.851771911885457 41.977097633351164 -2.4
    vertex 20.87282538218723 42.40621650256382 -1.7999999999999998
    vertex 20.87282538218723 42.40621650256382 -2.4
  endloop
endfacet
facet normal -1 -4.891245155675166e-15 0
  outer loop
    vertex 20.000000000000004 39.68706335476292 -3
    vertex 20 40.41340471892014 0
    vertex 20 40.41340471892014 -3
  endloop
endfacet
facet normal -1 -4.891245155675166e-15 0
  outer loop
    vertex 20.000000000000004 39.68706335476292 -3
    vertex 20.000000000000004 39.68706335476292 0
    vertex 20 40.41340471892014 0
  endloop
endfacet
facet normal -0.10272381727377781 -0.9947099161889881 0
  outer loop
    vertex 22.24002152514107 41.889496907233834 -3
    vertex 22.19836708017616 41.89379856696757 0
    vertex 22.19836708017616 41.89379856696757 -3
  endloop
endfacet
facet normal -0.10272381727377781 -0.9947099161889881 0
  outer loop
    vertex 22.24002152514107 41.889496907233834 -3
    vertex 22.24002152514107 41.889496907233834 0
    vertex 22.19836708017616 41.89379856696757 0
  endloop
endfacet
facet normal -0.09171240719916965 0.9957553021113208 0.007759683171747035
  outer loop
    vertex 21.77439730333472 40.99396001572416 -0.6000000000000001
    vertex 21.70380567025188 40.982782632608455 0
    vertex 22.129756154850124 41.02201410263661 0
  endloop
endfacet
facet normal -0.22341575225701446 0.974689354145164 -0.008128010796951449
  outer loop
    vertex 21.77439730333472 40.99396001572416 -0.6000000000000001
    vertex 21.147561498903368 40.855281794057284 0
    vertex 21.70380567025188 40.982782632608455 0
  endloop
endfacet
facet normal -0.3216577725938065 0.9468035177839546 0.009968753278104413
  outer loop
    vertex 20.740374249141762 40.723265288549776 -0.6000000000000001
    vertex 20.56476904486285 40.65728958223079 0
    vertex 21.147561498903368 40.855281794057284 0
  endloop
endfacet
facet normal -0.39640097276150427 0.9179536430846849 -0.015079056379240322
  outer loop
    vertex 20.740374249141762 40.723265288549776 -0.6000000000000001
    vertex 20 40.41340471892014 0
    vertex 20.56476904486285 40.65728958223079 0
  endloop
endfacet
facet normal -0.2530411594876324 0.9665884345112059 -0.04095082263314211
  outer loop
    vertex 20.740374249141762 40.723265288549776 -0.6000000000000001
    vertex 21.147561498903368 40.855281794057284 0
    vertex 21.77439730333472 40.99396001572416 -0.6000000000000001
  endloop
endfacet
facet normal -0.0787009262304065 0.9968982717461577 0
  outer loop
    vertex 21.77439730333472 40.99396001572416 -1.7999999999999998
    vertex 22.129756154850124 41.02201410263661 0
    vertex 22.129756154850124 41.02201410263661 -3
  endloop
endfacet
facet normal -0.0787009262304065 0.9968982717461576 0
  outer loop
    vertex 21.77439730333472 40.99396001572416 -1.7999999999999998
    vertex 21.77439730333472 40.99396001572416 -0.6000000000000001
    vertex 22.129756154850124 41.02201410263661 0
  endloop
endfacet
facet normal -0.09171240719916965 0.9957553021113208 -0.007759683171747035
  outer loop
    vertex 21.77439730333472 40.99396001572416 -2.4
    vertex 22.129756154850124 41.02201410263661 -3
    vertex 21.70380567025188 40.982782632608455 -3
  endloop
endfacet
facet normal -0.22341575225701446 0.974689354145164 0.008128010796951449
  outer loop
    vertex 21.77439730333472 40.99396001572416 -2.4
    vertex 21.70380567025188 40.982782632608455 -3
    vertex 21.147561498903368 40.855281794057284 -3
  endloop
endfacet
facet normal -0.07870092623040652 0.9968982717461579 0
  outer loop
    vertex 21.77439730333472 40.99396001572416 -2.4
    vertex 21.77439730333472 40.99396001572416 -1.7999999999999998
    vertex 22.129756154850124 41.02201410263661 -3
  endloop
endfacet
facet normal -0.3860707292071076 0.9224691821678881 0
  outer loop
    vertex 20.740374249141762 40.723265288549776 -1.7999999999999998
    vertex 20 40.41340471892014 -3
    vertex 20 40.41340471892014 0
  endloop
endfacet
facet normal -0.38607072920710755 0.922469182167888 0
  outer loop
    vertex 20.740374249141762 40.723265288549776 -1.7999999999999998
    vertex 20 40.41340471892014 0
    vertex 20.740374249141762 40.723265288549776 -0.6000000000000001
  endloop
endfacet
facet normal -0.2532535979153486 0.9673999251307243 0
  outer loop
    vertex 20.740374249141762 40.723265288549776 -1.7999999999999998
    vertex 21.77439730333472 40.99396001572416 -0.6000000000000001
    vertex 21.77439730333472 40.99396001572416 -1.7999999999999998
  endloop
endfacet
facet normal -0.2532535979153486 0.9673999251307243 0
  outer loop
    vertex 20.740374249141762 40.723265288549776 -1.7999999999999998
    vertex 20.740374249141762 40.723265288549776 -0.6000000000000001
    vertex 21.77439730333472 40.99396001572416 -0.6000000000000001
  endloop
endfacet
facet normal -0.3216577725938065 0.9468035177839546 -0.009968753278104413
  outer loop
    vertex 20.740374249141762 40.723265288549776 -2.4
    vertex 21.147561498903368 40.855281794057284 -3
    vertex 20.56476904486285 40.65728958223079 -3
  endloop
endfacet
facet normal -0.39640097276150427 0.9179536430846849 0.015079056379240322
  outer loop
    vertex 20.740374249141762 40.723265288549776 -2.4
    vertex 20.56476904486285 40.65728958223079 -3
    vertex 20 40.41340471892014 -3
  endloop
endfacet
facet normal -0.3860707292071076 0.9224691821678881 0
  outer loop
    vertex 20.740374249141762 40.723265288549776 -2.4
    vertex 20 40.41340471892014 -3
    vertex 20.740374249141762 40.723265288549776 -1.7999999999999998
  endloop
endfacet
facet normal -0.2532535979153487 0.9673999251307244 0
  outer loop
    vertex 20.740374249141762 40.723265288549776 -2.4
    vertex 20.740374249141762 40.723265288549776 -1.7999999999999998
    vertex 21.77439730333472 40.99396001572416 -1.7999999999999998
  endloop
endfacet
facet normal -0.2532535979153487 0.9673999251307244 0
  outer loop
    vertex 20.740374249141762 40.723265288549776 -2.4
    vertex 21.77439730333472 40.99396001572416 -1.7999999999999998
    vertex 21.77439730333472 40.99396001572416 -2.4
  endloop
endfacet
facet normal -0.2530411594876324 0.9665884345112059 0.04095082263314211
  outer loop
    vertex 20.740374249141762 40.723265288549776 -2.4
    vertex 21.77439730333472 40.99396001572416 -2.4
    vertex 21.147561498903368 40.855281794057284 -3
  endloop
endfacet
facet normal -0.9969173337331273 0.07845909572785272 0
  outer loop
    vertex 22.171570692315157 41.019746610986196 -3
    vertex 22.24002152514107 41.889496907233834 0
    vertex 22.24002152514107 41.889496907233834 -3
  endloop
endfacet
facet normal -0.9969173337331273 0.07845909572785272 0
  outer loop
    vertex 22.171570692315157 41.019746610986196 -3
    vertex 22.171570692315157 41.019746610986196 0
    vertex 22.24002152514107 41.889496907233834 0
  endloop
endfacet
facet normal 0.054147796986446776 0.9985329318963468 0
  outer loop
    vertex 22.129756154850124 41.02201410263661 -3
    vertex 22.171570692315157 41.019746610986196 0
    vertex 22.171570692315157 41.019746610986196 -3
  endloop
endfacet
facet normal 0.054147796986446776 0.9985329318963468 0
  outer loop
    vertex 22.129756154850124 41.02201410263661 -3
    vertex 22.129756154850124 41.02201410263661 0
    vertex 22.171570692315157 41.019746610986196 0
  endloop
endfacet
facet normal -0.9961946980917454 -0.08715574274765907 0
  outer loop
    vertex 43.447820784733636 40.64932024979244 0
    vertex 43.50023403684152 40.05023403684153 -3
    vertex 43.50023403684152 40.05023403684153 0
  endloop
endfacet
facet normal -0.9961946980917454 -0.08715574274765907 0
  outer loop
    vertex 43.447820784733636 40.64932024979244 0
    vertex 43.447820784733636 40.64932024979244 -3
    vertex 43.50023403684152 40.05023403684153 -3
  endloop
endfacet
facet normal -0.9659258262890661 -0.2588190451025286 0
  outer loop
    vertex 43.2921735785529 41.230203531315084 0
    vertex 43.2921735785529 41.230203531315084 -3
    vertex 43.447820784733636 40.64932024979244 -3
  endloop
endfacet
facet normal -0.9063077870366538 -0.4226182617406914 0
  outer loop
    vertex 43.2921735785529 41.230203531315084 0
    vertex 43.03802167989783 41.77523403684153 -3
    vertex 43.2921735785529 41.230203531315084 -3
  endloop
endfacet
facet normal -0.9659258262890661 -0.2588190451025286 0
  outer loop
    vertex 43.2921735785529 41.230203531315084 0
    vertex 43.447820784733636 40.64932024979244 -3
    vertex 43.447820784733636 40.64932024979244 0
  endloop
endfacet
facet normal -0.9063077870366538 -0.4226182617406914 0
  outer loop
    vertex 43.03802167989783 41.77523403684153 0
    vertex 43.03802167989783 41.77523403684153 -3
    vertex 43.2921735785529 41.230203531315084 0
  endloop
endfacet
facet normal -0.8191520442889888 -0.5735764363510504 0
  outer loop
    vertex 42.69308736560199 42.26785129026009 0
    vertex 42.69308736560199 42.26785129026009 -3
    vertex 43.03802167989783 41.77523403684153 -3
  endloop
endfacet
facet normal -0.8191520442889888 -0.5735764363510504 0
  outer loop
    vertex 42.69308736560199 42.26785129026009 0
    vertex 43.03802167989783 41.77523403684153 -3
    vertex 43.03802167989783 41.77523403684153 0
  endloop
endfacet
facet normal -0.7071067811865475 -0.7071067811865475 0
  outer loop
    vertex 42.267851290260076 42.693087365602004 0
    vertex 42.267851290260076 42.693087365602004 -3
    vertex 42.69308736560199 42.26785129026009 -3
  endloop
endfacet
facet normal -0.5735764363510504 -0.8191520442889888 0
  outer loop
    vertex 42.267851290260076 42.693087365602004 0
    vertex 41.77523403684152 43.038021679897845 -3
    vertex 42.267851290260076 42.693087365602004 -3
  endloop
endfacet
facet normal -0.7071067811865475 -0.7071067811865475 0
  outer loop
    vertex 42.267851290260076 42.693087365602004 0
    vertex 42.69308736560199 42.26785129026009 -3
    vertex 42.69308736560199 42.26785129026009 0
  endloop
endfacet
facet normal -0.5735764363510504 -0.8191520442889888 0
  outer loop
    vertex 41.77523403684152 43.038021679897845 0
    vertex 41.77523403684152 43.038021679897845 -3
    vertex 42.267851290260076 42.693087365602004 0
  endloop
endfacet
facet normal -0.4226182617406959 -0.9063077870366516 0
  outer loop
    vertex 41.23020353131508 43.29217357855291 0
    vertex 41.77523403684152 43.038021679897845 -3
    vertex 41.77523403684152 43.038021679897845 0
  endloop
endfacet
facet normal -0.4226182617406959 -0.9063077870366516 0
  outer loop
    vertex 41.23020353131508 43.29217357855291 0
    vertex 41.23020353131508 43.29217357855291 -3
    vertex 41.77523403684152 43.038021679897845 -3
  endloop
endfacet
facet normal -0.2588190451025257 -0.9659258262890671 0
  outer loop
    vertex 41.23020353131508 43.29217357855291 0
    vertex 40.649320249792424 43.44782078473365 -3
    vertex 41.23020353131508 43.29217357855291 -3
  endloop
endfacet
facet normal -0.2588190451025257 -0.9659258262890671 0
  outer loop
    vertex 40.649320249792424 43.44782078473365 0
    vertex 40.649320249792424 43.44782078473365 -3
    vertex 41.23020353131508 43.29217357855291 0
  endloop
endfacet
facet normal -0.08715574274765907 -0.9961946980917454 0
  outer loop
    vertex 40.649320249792424 43.44782078473365 0
    vertex 40.050234036841516 43.50023403684153 -3
    vertex 40.649320249792424 43.44782078473365 -3
  endloop
endfacet
facet normal -0.08715574274765907 -0.9961946980917454 0
  outer loop
    vertex 40.050234036841516 43.50023403684153 0
    vertex 40.050234036841516 43.50023403684153 -3
    vertex 40.649320249792424 43.44782078473365 0
  endloop
endfacet
facet normal 0.08715574274765907 -0.9961946980917454 0
  outer loop
    vertex 39.45114782389061 43.44782078473365 0
    vertex 40.050234036841516 43.50023403684153 -3
    vertex 40.050234036841516 43.50023403684153 0
  endloop
endfacet
facet normal 0.08715574274765907 -0.9961946980917454 0
  outer loop
    vertex 39.45114782389061 43.44782078473365 0
    vertex 39.45114782389061 43.44782078473365 -3
    vertex 40.050234036841516 43.50023403684153 -3
  endloop
endfacet
facet normal 0.2588190451025286 -0.9659258262890661 0
  outer loop
    vertex 39.45114782389061 43.44782078473365 0
    vertex 38.87026454236796 43.29217357855291 -3
    vertex 39.45114782389061 43.44782078473365 -3
  endloop
endfacet
facet normal 0.2588190451025286 -0.9659258262890661 0
  outer loop
    vertex 38.87026454236796 43.29217357855291 0
    vertex 38.87026454236796 43.29217357855291 -3
    vertex 39.45114782389061 43.44782078473365 0
  endloop
endfacet
facet normal 0.4226182617406914 -0.9063077870366538 0
  outer loop
    vertex 38.87026454236796 43.29217357855291 0
    vertex 38.325234036841515 43.038021679897845 -3
    vertex 38.87026454236796 43.29217357855291 -3
  endloop
endfacet
facet normal 0.4226182617406914 -0.9063077870366538 0
  outer loop
    vertex 38.325234036841515 43.038021679897845 0
    vertex 38.325234036841515 43.038021679897845 -3
    vertex 38.87026454236796 43.29217357855291 0
  endloop
endfacet
facet normal 0.5735764363510504 -0.8191520442889888 0
  outer loop
    vertex 37.83261678342296 42.693087365602004 0
    vertex 38.325234036841515 43.038021679897845 -3
    vertex 38.325234036841515 43.038021679897845 0
  endloop
endfacet
facet normal 0.5735764363510504 -0.8191520442889888 0
  outer loop
    vertex 37.83261678342296 42.693087365602004 0
    vertex 37.83261678342296 42.693087365602004 -3
    vertex 38.325234036841515 43.038021679897845 -3
  endloop
endfacet
facet normal 0.7071067811865475 -0.7071067811865475 0
  outer loop
    vertex 37.40738070808104 42.26785129026009 0
    vertex 37.83261678342296 42.693087365602004 -3
    vertex 37.83261678342296 42.693087365602004 0
  endloop
endfacet
facet normal 0.7071067811865475 -0.7071067811865475 0
  outer loop
    vertex 37.40738070808104 42.26785129026009 0
    vertex 37.40738070808104 42.26785129026009 -3
    vertex 37.83261678342296 42.693087365602004 -3
  endloop
endfacet
facet normal 0.8191520442889888 -0.5735764363510504 0
  outer loop
    vertex 37.0624463937852 41.77523403684153 0
    vertex 37.40738070808104 42.26785129026009 -3
    vertex 37.40738070808104 42.26785129026009 0
  endloop
endfacet
facet normal 0.8191520442889888 -0.5735764363510504 0
  outer loop
    vertex 37.0624463937852 41.77523403684153 0
    vertex 37.0624463937852 41.77523403684153 -3
    vertex 37.40738070808104 42.26785129026009 -3
  endloop
endfacet
facet normal 0.9063077870366516 -0.4226182617406959 0
  outer loop
    vertex 37.0624463937852 41.77523403684153 0
    vertex 36.808294495130134 41.23020353131509 -3
    vertex 37.0624463937852 41.77523403684153 -3
  endloop
endfacet
facet normal 0.9063077870366516 -0.4226182617406959 0
  outer loop
    vertex 36.808294495130134 41.23020353131509 0
    vertex 36.808294495130134 41.23020353131509 -3
    vertex 37.0624463937852 41.77523403684153 0
  endloop
endfacet
facet normal 0.9659258262890661 -0.2588190451025286 0
  outer loop
    vertex 36.652647288949396 40.649320249792446 0
    vertex 36.808294495130134 41.23020353131509 -3
    vertex 36.808294495130134 41.23020353131509 0
  endloop
endfacet
facet normal 0.9659258262890661 -0.2588190451025286 0
  outer loop
    vertex 36.652647288949396 40.649320249792446 0
    vertex 36.652647288949396 40.649320249792446 -3
    vertex 36.808294495130134 41.23020353131509 -3
  endloop
endfacet
facet normal 0.9961946980917454 -0.08715574274765907 0
  outer loop
    vertex 36.60023403684151 40.05023403684154 0
    vertex 36.652647288949396 40.649320249792446 -3
    vertex 36.652647288949396 40.649320249792446 0
  endloop
endfacet
facet normal 0.9961946980917454 -0.08715574274765907 0
  outer loop
    vertex 36.60023403684151 40.05023403684154 0
    vertex 36.60023403684151 40.05023403684154 -3
    vertex 36.652647288949396 40.649320249792446 -3
  endloop
endfacet
facet normal 0.9961946980917454 0.08715574274765907 0
  outer loop
    vertex 36.60023403684151 40.05023403684154 0
    vertex 36.652647288949396 39.45114782389063 -3
    vertex 36.60023403684151 40.05023403684154 -3
  endloop
endfacet
facet normal 0.9961946980917454 0.08715574274765907 0
  outer loop
    vertex 36.652647288949396 39.45114782389063 0
    vertex 36.652647288949396 39.45114782389063 -3
    vertex 36.60023403684151 40.05023403684154 0
  endloop
endfacet
facet normal 0.96592582628907 0.25881904510251463 0
  outer loop
    vertex 36.80829449513013 38.87026454236798 0
    vertex 36.652647288949396 39.45114782389063 -3
    vertex 36.652647288949396 39.45114782389063 0
  endloop
endfacet
facet normal 0.96592582628907 0.25881904510251463 0
  outer loop
    vertex 36.80829449513013 38.87026454236798 0
    vertex 36.80829449513013 38.87026454236798 -3
    vertex 36.652647288949396 39.45114782389063 -3
  endloop
endfacet
facet normal 0.906307787036647 0.4226182617407056 0
  outer loop
    vertex 37.0624463937852 38.325234036841536 0
    vertex 37.0624463937852 38.325234036841536 -3
    vertex 36.80829449513013 38.87026454236798 -3
  endloop
endfacet
facet normal 0.906307787036647 0.4226182617407056 0
  outer loop
    vertex 37.0624463937852 38.325234036841536 0
    vertex 36.80829449513013 38.87026454236798 -3
    vertex 36.80829449513013 38.87026454236798 0
  endloop
endfacet
facet normal 0.8191520442889944 0.5735764363510424 0
  outer loop
    vertex 37.407380708081035 37.83261678342298 0
    vertex 37.407380708081035 37.83261678342298 -3
    vertex 37.0624463937852 38.325234036841536 -3
  endloop
endfacet
facet normal 0.8191520442889944 0.5735764363510424 0
  outer loop
    vertex 37.407380708081035 37.83261678342298 0
    vertex 37.0624463937852 38.325234036841536 -3
    vertex 37.0624463937852 38.325234036841536 0
  endloop
endfacet
facet normal 0.7071067811865475 0.7071067811865475 0
  outer loop
    vertex 37.83261678342295 37.407380708081064 0
    vertex 37.83261678342295 37.407380708081064 -3
    vertex 37.407380708081035 37.83261678342298 -3
  endloop
endfacet
facet normal 0.5735764363510504 0.8191520442889888 0
  outer loop
    vertex 37.83261678342295 37.407380708081064 0
    vertex 38.32523403684151 37.06244639378522 -3
    vertex 37.83261678342295 37.407380708081064 -3
  endloop
endfacet
facet normal 0.7071067811865475 0.7071067811865475 0
  outer loop
    vertex 37.83261678342295 37.407380708081064 0
    vertex 37.407380708081035 37.83261678342298 -3
    vertex 37.407380708081035 37.83261678342298 0
  endloop
endfacet
facet normal 0.5735764363510504 0.8191520442889888 0
  outer loop
    vertex 38.32523403684151 37.06244639378522 0
    vertex 38.32523403684151 37.06244639378522 -3
    vertex 37.83261678342295 37.407380708081064 0
  endloop
endfacet
facet normal 0.4226182617407056 0.906307787036647 0
  outer loop
    vertex 38.87026454236795 36.80829449513015 0
    vertex 38.87026454236795 36.80829449513015 -3
    vertex 38.32523403684151 37.06244639378522 -3
  endloop
endfacet
facet normal 0.4226182617407056 0.906307787036647 0
  outer loop
    vertex 38.87026454236795 36.80829449513015 0
    vertex 38.32523403684151 37.06244639378522 -3
    vertex 38.32523403684151 37.06244639378522 0
  endloop
endfacet
facet normal 0.25881904510251463 0.96592582628907 0
  outer loop
    vertex 39.4511478238906 36.65264728894942 0
    vertex 39.4511478238906 36.65264728894942 -3
    vertex 38.87026454236795 36.80829449513015 -3
  endloop
endfacet
facet normal 0.0871557427476708 0.9961946980917444 0
  outer loop
    vertex 39.4511478238906 36.65264728894942 0
    vertex 40.05023403684151 36.60023403684153 -3
    vertex 39.4511478238906 36.65264728894942 -3
  endloop
endfacet
facet normal 0.25881904510251463 0.96592582628907 0
  outer loop
    vertex 39.4511478238906 36.65264728894942 0
    vertex 38.87026454236795 36.80829449513015 -3
    vertex 38.87026454236795 36.80829449513015 0
  endloop
endfacet
facet normal 0.0871557427476708 0.9961946980917444 0
  outer loop
    vertex 40.05023403684151 36.60023403684153 0
    vertex 40.05023403684151 36.60023403684153 -3
    vertex 39.4511478238906 36.65264728894942 0
  endloop
endfacet
facet normal -0.08715574274765907 0.9961946980917454 0
  outer loop
    vertex 40.64932024979242 36.65264728894941 0
    vertex 40.64932024979242 36.65264728894941 -3
    vertex 40.05023403684151 36.60023403684153 -3
  endloop
endfacet
facet normal -0.2588190451025176 0.965925826289069 0
  outer loop
    vertex 40.64932024979242 36.65264728894941 0
    vertex 41.23020353131506 36.80829449513014 -3
    vertex 40.64932024979242 36.65264728894941 -3
  endloop
endfacet
facet normal -0.08715574274765907 0.9961946980917454 0
  outer loop
    vertex 40.64932024979242 36.65264728894941 0
    vertex 40.05023403684151 36.60023403684153 -3
    vertex 40.05023403684151 36.60023403684153 0
  endloop
endfacet
facet normal -0.2588190451025176 0.965925826289069 0
  outer loop
    vertex 41.23020353131506 36.80829449513014 0
    vertex 41.23020353131506 36.80829449513014 -3
    vertex 40.64932024979242 36.65264728894941 0
  endloop
endfacet
facet normal -0.4226182617406959 0.9063077870366516 0
  outer loop
    vertex 41.7752340368415 37.06244639378521 0
    vertex 41.7752340368415 37.06244639378521 -3
    vertex 41.23020353131506 36.80829449513014 -3
  endloop
endfacet
facet normal -0.5735764363510448 0.8191520442889928 0
  outer loop
    vertex 41.7752340368415 37.06244639378521 0
    vertex 42.26785129026007 37.40738070808105 -3
    vertex 41.7752340368415 37.06244639378521 -3
  endloop
endfacet
facet normal -0.4226182617406959 0.9063077870366516 0
  outer loop
    vertex 41.7752340368415 37.06244639378521 0
    vertex 41.23020353131506 36.80829449513014 -3
    vertex 41.23020353131506 36.80829449513014 0
  endloop
endfacet
facet normal -0.5735764363510448 0.8191520442889928 0
  outer loop
    vertex 42.26785129026007 37.40738070808105 0
    vertex 42.26785129026007 37.40738070808105 -3
    vertex 41.7752340368415 37.06244639378521 0
  endloop
endfacet
facet normal -0.7071067811865415 0.7071067811865533 0
  outer loop
    vertex 42.69308736560198 37.83261678342296 0
    vertex 42.26785129026007 37.40738070808105 -3
    vertex 42.26785129026007 37.40738070808105 0
  endloop
endfacet
facet normal -0.7071067811865415 0.7071067811865533 0
  outer loop
    vertex 42.69308736560198 37.83261678342296 0
    vertex 42.69308736560198 37.83261678342296 -3
    vertex 42.26785129026007 37.40738070808105 -3
  endloop
endfacet
facet normal -0.8191520442889888 0.5735764363510504 0
  outer loop
    vertex 42.69308736560198 37.83261678342296 0
    vertex 43.038021679897824 38.325234036841515 -3
    vertex 42.69308736560198 37.83261678342296 -3
  endloop
endfacet
facet normal -0.8191520442889888 0.5735764363510504 0
  outer loop
    vertex 43.038021679897824 38.325234036841515 0
    vertex 43.038021679897824 38.325234036841515 -3
    vertex 42.69308736560198 37.83261678342296 0
  endloop
endfacet
facet normal -0.9063077870366493 0.4226182617407011 0
  outer loop
    vertex 43.2921735785529 38.87026454236796 0
    vertex 43.038021679897824 38.325234036841515 -3
    vertex 43.038021679897824 38.325234036841515 0
  endloop
endfacet
facet normal -0.9063077870366493 0.4226182617407011 0
  outer loop
    vertex 43.2921735785529 38.87026454236796 0
    vertex 43.2921735785529 38.87026454236796 -3
    vertex 43.038021679897824 38.325234036841515 -3
  endloop
endfacet
facet normal -0.965925826289069 0.2588190451025176 0
  outer loop
    vertex 43.2921735785529 38.87026454236796 0
    vertex 43.44782078473363 39.45114782389061 -3
    vertex 43.2921735785529 38.87026454236796 -3
  endloop
endfacet
facet normal -0.965925826289069 0.2588190451025176 0
  outer loop
    vertex 43.44782078473363 39.45114782389061 0
    vertex 43.44782078473363 39.45114782389061 -3
    vertex 43.2921735785529 38.87026454236796 0
  endloop
endfacet
facet normal -0.9961946980917448 0.08715574274766875 0
  outer loop
    vertex 43.44782078473363 39.45114782389061 0
    vertex 43.50023403684152 40.05023403684153 -3
    vertex 43.44782078473363 39.45114782389061 -3
  endloop
endfacet
facet normal -0.9961946980917448 0.08715574274766875 0
  outer loop
    vertex 43.50023403684152 40.05023403684153 0
    vertex 43.50023403684152 40.05023403684153 -3
    vertex 43.44782078473363 39.45114782389061 0
  endloop
endfacet
endsolid Model
