solid Model
facet normal 0 0 -1
  outer loop
    vertex 31.67966177812427 55.16418102045618 0
    vertex 31.07031857210172 54.57889892662517 0
    vertex 20 82.195009941721 0
  endloop
endfacet
facet normal 0 0 -0.9999999999999999
  outer loop
    vertex 30.562752050895078 53.90345055803195 0
    vertex 20 82.195009941721 0
    vertex 31.07031857210172 54.57889892662517 0
  endloop
endfacet
facet normal 0 0 -1
  outer loop
    vertex 32.375 55.6441383407293 0
    vertex 31.67966177812427 55.16418102045618 0
    vertex 20 82.195009941721 0
  endloop
endfacet
facet normal 0 0 -0.9999999999999999
  outer loop
    vertex 30.170107920791175 53.155329672626394 0
    vertex 20 82.195009941721 0
    vertex 30.562752050895078 53.90345055803195 0
  endloop
endfacet
facet normal 0 0 -0.9999999999999999
  outer loop
    vertex 33.13832434302669 56.006340244959425 0
    vertex 32.375 55.6441383407293 0
    vertex 20 82.195009941721 0
  endloop
endfacet
facet normal 0 0 -1
  outer loop
    vertex 29.902555458513227 52.35391220837067 0
    vertex 20 82.195009941721 0
    vertex 30.170107920791175 53.155329672626394 0
  endloop
endfacet
facet normal 0 0 -1
  outer loop
    vertex 33.94986510767577 56.2414058940829 0
    vertex 33.13832434302669 56.006340244959425 0
    vertex 20 82.195009941721 0
  endloop
endfacet
facet normal 0 0 -1
  outer loop
    vertex 29.767024132295397 51.51995445662381 0
    vertex 20 82.195009941721 0
    vertex 29.902555458513227 52.35391220837067 0
  endloop
endfacet
facet normal 0 0 -1
  outer loop
    vertex 34.78860381442557 56.34324721126174 0
    vertex 20 82.195009941721 0
    vertex 50 82.195009941721 0
  endloop
endfacet
facet normal 0 0 -1
  outer loop
    vertex 34.78860381442557 56.34324721126174 0
    vertex 33.94986510767577 56.2414058940829 0
    vertex 20 82.195009941721 0
  endloop
endfacet
facet normal 0 0 -1
  outer loop
    vertex 29.767024132295397 50.675055485098184 0
    vertex 20 82.195009941721 0
    vertex 29.767024132295397 51.51995445662381 0
  endloop
endfacet
facet normal 0 0 -1
  outer loop
    vertex 35.632817571340446 56.30922655987578 0
    vertex 34.78860381442557 56.34324721126174 0
    vertex 50 82.195009941721 0
  endloop
endfacet
facet normal 0 0 -1
  outer loop
    vertex 36.46064168556138 56.1402250569257 0
    vertex 35.632817571340446 56.30922655987578 0
    vertex 50 82.195009941721 0
  endloop
endfacet
facet normal 0 0 -0.9999999999999999
  outer loop
    vertex 37.250635947366035 55.8406197525655 0
    vertex 36.46064168556138 56.1402250569257 0
    vertex 50 82.195009941721 0
  endloop
endfacet
facet normal 0 0 -1
  outer loop
    vertex 37.98233992033857 55.41817026680269 0
    vertex 37.250635947366035 55.8406197525655 0
    vertex 50 82.195009941721 0
  endloop
endfacet
facet normal 0 0 -1
  outer loop
    vertex 38.636802855925396 54.883817819416024 0
    vertex 37.98233992033857 55.41817026680269 0
    vertex 50 82.195009941721 0
  endloop
endfacet
facet normal 0 0 -1
  outer loop
    vertex 39.19707450786838 54.251401858110384 0
    vertex 38.636802855925396 54.883817819416024 0
    vertex 50 82.195009941721 0
  endloop
endfacet
facet normal 0 0 -1
  outer loop
    vertex 39.64864413467935 53.53730162409078 0
    vertex 39.19707450786838 54.251401858110384 0
    vertex 50 82.195009941721 0
  endloop
endfacet
facet normal 0 0 -1
  outer loop
    vertex 39.97981632022251 52.760011938318726 0
    vertex 39.64864413467935 53.53730162409078 0
    vertex 50 82.195009941721 0
  endloop
endfacet
facet normal 0 0 -0.9999999999999999
  outer loop
    vertex 40.18201387884904 51.93966419536424 0
    vertex 39.97981632022251 52.760011938318726 0
    vertex 50 82.195009941721 0
  endloop
endfacet
facet normal 0 0 -1
  outer loop
    vertex 40.25 51.097504970860996 0
    vertex 40.18201387884904 51.93966419536424 0
    vertex 50 82.195009941721 0
  endloop
endfacet
facet normal 0 0 -1
  outer loop
    vertex 20 20 0
    vertex 29.767024132295397 50.675055485098184 0
    vertex 29.902555458513227 49.84109773335131 0
  endloop
endfacet
facet normal 0 0 -1
  outer loop
    vertex 20 20 0
    vertex 29.902555458513227 49.84109773335131 0
    vertex 30.170107920791175 49.0396802690956 0
  endloop
endfacet
facet normal 0 0 -0.9999999999999999
  outer loop
    vertex 20 20 0
    vertex 30.170107920791175 49.0396802690956 0
    vertex 30.562752050895078 48.291559383690036 0
  endloop
endfacet
facet normal 0 0 -1
  outer loop
    vertex 20 20 0
    vertex 30.562752050895078 48.291559383690036 0
    vertex 31.070318572101723 47.61611101509682 0
  endloop
endfacet
facet normal 0 0 -1
  outer loop
    vertex 20 20 0
    vertex 31.070318572101723 47.61611101509682 0
    vertex 31.679661778124274 47.03082892126581 0
  endloop
endfacet
facet normal 0 0 -0.9999999999999999
  outer loop
    vertex 20 20 0
    vertex 31.679661778124274 47.03082892126581 0
    vertex 32.37500000000001 46.55087160099269 0
  endloop
endfacet
facet normal 0 0 -1
  outer loop
    vertex 20 20 0
    vertex 32.37500000000001 46.55087160099269 0
    vertex 33.138324343026696 46.18866969676257 0
  endloop
endfacet
facet normal 0 0 -1
  outer loop
    vertex 20 20 0
    vertex 33.138324343026696 46.18866969676257 0
    vertex 33.94986510767578 45.95360404763909 0
  endloop
endfacet
facet normal 0 0 -1
  outer loop
    vertex 20 20 0
    vertex 33.94986510767578 45.95360404763909 0
    vertex 34.78860381442558 45.85176273046025 0
  endloop
endfacet
facet normal 0 0 -1
  outer loop
    vertex 20 20 0
    vertex 20 82.195009941721 0
    vertex 29.767024132295397 50.675055485098184 0
  endloop
endfacet
facet normal 0 0 -1
  outer loop
    vertex 50 20 0
    vertex 40.25 51.097504970860996 0
    vertex 50 82.195009941721 0
  endloop
endfacet
facet normal 0 0 -1
  outer loop
    vertex 50 20 0
    vertex 20 20 0
    vertex 34.78860381442558 45.85176273046025 0
  endloop
endfacet
facet normal 0 0 -1
  outer loop
    vertex 50 20 0
    vertex 34.78860381442558 45.85176273046025 0
    vertex 35.63281757134045 45.88578338184621 0
  endloop
endfacet
facet normal 0 0 -0.9999999999999999
  outer loop
    vertex 50 20 0
    vertex 35.63281757134045 45.88578338184621 0
    vertex 36.460641685561384 46.05478488479629 0
  endloop
endfacet
facet normal 0 0 -1
  outer loop
    vertex 50 20 0
    vertex 36.460641685561384 46.05478488479629 0
    vertex 37.25063594736605 46.35439018915649 0
  endloop
endfacet
facet normal 0 0 -1
  outer loop
    vertex 50 20 0
    vertex 37.25063594736605 46.35439018915649 0
    vertex 37.982339920338575 46.77683967491931 0
  endloop
endfacet
facet normal 0 0 -1
  outer loop
    vertex 50 20 0
    vertex 37.982339920338575 46.77683967491931 0
    vertex 38.63680285592541 47.31119212230598 0
  endloop
endfacet
facet normal 0 0 -1
  outer loop
    vertex 50 20 0
    vertex 38.63680285592541 47.31119212230598 0
    vertex 39.19707450786839 47.94360808361162 0
  endloop
endfacet
facet normal 0 0 -1
  outer loop
    vertex 50 20 0
    vertex 39.19707450786839 47.94360808361162 0
    vertex 39.64864413467936 48.657708317631226 0
  endloop
endfacet
facet normal 0 0 -1
  outer loop
    vertex 50 20 0
    vertex 39.64864413467936 48.657708317631226 0
    vertex 39.97981632022252 49.43499800340328 0
  endloop
endfacet
facet normal 0 0 -1
  outer loop
    vertex 50 20 0
    vertex 39.97981632022252 49.43499800340328 0
    vertex 40.18201387884905 50.255345746357776 0
  endloop
endfacet
facet normal 0 0 -1
  outer loop
    vertex 50 20 0
    vertex 40.18201387884905 50.255345746357776 0
    vertex 40.25 51.097504970860996 0
  endloop
endfacet
facet normal -0.7059575237352007 -0.05699078314365431 -0.7059575237352007
  outer loop
    vertex 39.25 51.097504970860996 1
    vertex 40.18201387884904 51.93966419536424 0
    vertex 40.25 51.097504970860996 0
  endloop
endfacet
facet normal -0.7059575237352009 0.056990783143649804 -0.7059575237352009
  outer loop
    vertex 39.25 51.097504970860996 1
    vertex 40.25 51.097504970860996 0
    vertex 40.18201387884905 50.255345746357776 0
  endloop
endfacet
facet normal -0.6922090993570044 -0.17061421958080547 -0.701239866838871
  outer loop
    vertex 39.14344362677275 52.043218940175336 1
    vertex 39.97981632022251 52.760011938318726 0
    vertex 40.18201387884904 51.93966419536424 0
  endloop
endfacet
facet normal -0.6955146010769772 -0.07836567484679544 -0.7142256371025473
  outer loop
    vertex 39.14344362677275 52.043218940175336 1
    vertex 40.18201387884904 51.93966419536424 0
    vertex 39.25 51.097504970860996 1
  endloop
endfacet
facet normal -0.6546094419296216 -0.2789030184360325 -0.7026375913967737
  outer loop
    vertex 38.829117688585285 52.94151086211062 1
    vertex 39.64864413467935 53.53730162409078 0
    vertex 39.97981632022251 52.760011938318726 0
  endloop
endfacet
facet normal -0.6587476039185203 -0.23050575606239473 -0.7161834197701816
  outer loop
    vertex 38.829117688585285 52.94151086211062 1
    vertex 39.97981632022251 52.760011938318726 0
    vertex 39.14344362677275 52.043218940175336 1
  endloop
endfacet
facet normal -0.7048731950266919 -0.0794201351404439 -0.7048731950266919
  outer loop
    vertex 38.168515714590924 51.82069800621902 2
    vertex 39.25 51.097504970860996 1
    vertex 38.25 51.097504970860996 2
  endloop
endfacet
facet normal -0.7048731950266919 -0.0794201351404439 -0.7048731950266919
  outer loop
    vertex 38.168515714590924 51.82069800621902 2
    vertex 38.25 51.097504970860996 2
    vertex 37.25 51.097504970860996 3
  endloop
endfacet
facet normal -0.702305755449911 -0.08527535765513607 -0.7067494175722527
  outer loop
    vertex 38.168515714590924 51.82069800621902 2
    vertex 37.25 51.097504970860996 3
    vertex 37.18461908920862 51.635965215508 3
  endloop
endfacet
facet normal -0.7048731950266911 -0.07942013514044109 -0.704873195026693
  outer loop
    vertex 38.168515714590924 51.82069800621902 2
    vertex 39.14344362677275 52.043218940175336 1
    vertex 39.25 51.097504970860996 1
  endloop
endfacet
facet normal -0.5954724966281396 -0.37416016830225046 -0.7109266306838434
  outer loop
    vertex 38.32278380048913 53.747336628760614 1
    vertex 39.64864413467935 53.53730162409078 0
    vertex 38.829117688585285 52.94151086211062 1
  endloop
endfacet
facet normal -0.5951504762075795 -0.3763503576026711 -0.710039660161482
  outer loop
    vertex 38.32278380048913 53.747336628760614 1
    vertex 39.19707450786838 54.251401858110384 0
    vertex 39.64864413467935 53.53730162409078 0
  endloop
endfacet
facet normal -0.5322830079877472 -0.4715615962171256 -0.7030678917292927
  outer loop
    vertex 38.32278380048913 53.747336628760614 1
    vertex 38.636802855925396 54.883817819416024 0
    vertex 39.19707450786838 54.251401858110384 0
  endloop
endfacet
facet normal -0.6695279097339161 -0.23427794821577827 -0.7048731950266929
  outer loop
    vertex 37.928148820682864 52.50762712299306 2
    vertex 38.829117688585285 52.94151086211062 1
    vertex 39.14344362677275 52.043218940175336 1
  endloop
endfacet
facet normal -0.669527909733916 -0.2342779482157769 -0.7048731950266934
  outer loop
    vertex 37.928148820682864 52.50762712299306 2
    vertex 39.14344362677275 52.043218940175336 1
    vertex 38.168515714590924 51.82069800621902 2
  endloop
endfacet
facet normal -0.659733749189238 -0.25020400815444566 -0.7086249603874829
  outer loop
    vertex 37.928148820682864 52.50762712299306 2
    vertex 37.18461908920862 51.635965215508 3
    vertex 36.99227605771972 52.143132107959474 3
  endloop
endfacet
facet normal -0.6708733610351819 -0.23474874198807846 -0.70343582620476
  outer loop
    vertex 37.928148820682864 52.50762712299306 2
    vertex 38.168515714590924 51.82069800621902 2
    vertex 37.18461908920862 51.635965215508 3
  endloop
endfacet
facet normal -0.4509656770633423 -0.5523326828635408 -0.701112377263135
  outer loop
    vertex 37.64983165789962 54.42028877135012 1
    vertex 37.98233992033857 55.41817026680269 0
    vertex 38.636802855925396 54.883817819416024 0
  endloop
endfacet
facet normal -0.49362701382580115 -0.49362701382580115 -0.7160061050318249
  outer loop
    vertex 37.64983165789962 54.42028877135012 1
    vertex 38.636802855925396 54.883817819416024 0
    vertex 38.32278380048913 53.747336628760614 1
  endloop
endfacet
facet normal -0.602824818944884 -0.3787799386040184 -0.7022307283045964
  outer loop
    vertex 37.5409523180211 53.12384682690188 2
    vertex 37.928148820682864 52.50762712299306 2
    vertex 36.99227605771972 52.143132107959474 3
  endloop
endfacet
facet normal -0.5794228233146399 -0.3999466976415951 -0.7101491609990636
  outer loop
    vertex 37.5409523180211 53.12384682690188 2
    vertex 36.99227605771972 52.143132107959474 3
    vertex 36.684149183384974 52.58953095190279 3
  endloop
endfacet
facet normal -0.6006096993420025 -0.377388086708064 -0.7048731950266914
  outer loop
    vertex 37.5409523180211 53.12384682690188 2
    vertex 38.32278380048913 53.747336628760614 1
    vertex 38.829117688585285 52.94151086211062 1
  endloop
endfacet
facet normal -0.6006096993420033 -0.37738808670805907 -0.7048731950266932
  outer loop
    vertex 37.5409523180211 53.12384682690188 2
    vertex 38.829117688585285 52.94151086211062 1
    vertex 37.928148820682864 52.50762712299306 2
  endloop
endfacet
facet normal -0.35446323528143314 -0.6139483329226813 -0.7052823968704166
  outer loop
    vertex 36.84400589124962 54.92662265944628 1
    vertex 37.250635947366035 55.8406197525655 0
    vertex 37.98233992033857 55.41817026680269 0
  endloop
endfacet
facet normal -0.25089462204555657 -0.6615547483610198 -0.7066804111828806
  outer loop
    vertex 36.84400589124962 54.92662265944628 1
    vertex 36.46064168556138 56.1402250569257 0
    vertex 37.250635947366035 55.8406197525655 0
  endloop
endfacet
facet normal -0.3721188562137836 -0.5922237670500231 -0.7147017326068444
  outer loop
    vertex 36.84400589124962 54.92662265944628 1
    vertex 37.98233992033857 55.41817026680269 0
    vertex 37.64983165789962 54.42028877135012 1
  endloop
endfacet
facet normal -0.46608235972852996 -0.5260982285166829 -0.7113282560825863
  outer loop
    vertex 37.02634185604089 53.638457288882094 2
    vertex 36.684149183384974 52.58953095190279 3
    vertex 36.2781456801451 52.94921866912172 3
  endloop
endfacet
facet normal -0.501574410697388 -0.501574410697388 -0.7048731950266912
  outer loop
    vertex 37.02634185604089 53.638457288882094 2
    vertex 37.64983165789962 54.42028877135012 1
    vertex 38.32278380048913 53.747336628760614 1
  endloop
endfacet
facet normal -0.5040991064187682 -0.5040991064187682 -0.7012618496792754
  outer loop
    vertex 37.02634185604089 53.638457288882094 2
    vertex 37.5409523180211 53.12384682690188 2
    vertex 36.684149183384974 52.58953095190279 3
  endloop
endfacet
facet normal -0.501574410697388 -0.501574410697388 -0.7048731950266912
  outer loop
    vertex 37.02634185604089 53.638457288882094 2
    vertex 38.32278380048913 53.747336628760614 1
    vertex 37.5409523180211 53.12384682690188 2
  endloop
endfacet
facet normal -0.2313482037333986 -0.6611551810401533 -0.7136888924546132
  outer loop
    vertex 35.94571396931434 55.240948597633746 1
    vertex 36.46064168556138 56.1402250569257 0
    vertex 36.84400589124962 54.92662265944628 1
  endloop
endfacet
facet normal -0.14256829911854085 -0.6983457180771423 -0.7014182333884446
  outer loop
    vertex 35.94571396931434 55.240948597633746 1
    vertex 35.632817571340446 56.30922655987578 0
    vertex 36.46064168556138 56.1402250569257 0
  endloop
endfacet
facet normal -0.3773880867080632 -0.6006096993420011 -0.7048731950266931
  outer loop
    vertex 36.41012215213206 54.02565379154386 2
    vertex 36.84400589124962 54.92662265944628 1
    vertex 37.64983165789962 54.42028877135012 1
  endloop
endfacet
facet normal -0.32624032849309076 -0.6215990121707846 -0.7121670563379248
  outer loop
    vertex 36.41012215213206 54.02565379154386 2
    vertex 36.2781456801451 52.94921866912172 3
    vertex 35.79786099584571 53.20129151690318 3
  endloop
endfacet
facet normal -0.23427794821577827 -0.6695279097339161 -0.7048731950266929
  outer loop
    vertex 36.41012215213206 54.02565379154386 2
    vertex 35.94571396931434 55.240948597633746 1
    vertex 36.84400589124962 54.92662265944628 1
  endloop
endfacet
facet normal -0.37966905997115785 -0.6042398474945513 -0.7005323772677313
  outer loop
    vertex 36.41012215213206 54.02565379154386 2
    vertex 37.02634185604089 53.638457288882094 2
    vertex 36.2781456801451 52.94921866912172 3
  endloop
endfacet
facet normal -0.37738808670806034 -0.6006096993420053 -0.7048731950266912
  outer loop
    vertex 36.41012215213206 54.02565379154386 2
    vertex 37.64983165789962 54.42028877135012 1
    vertex 37.02634185604089 53.638457288882094 2
  endloop
endfacet
facet normal -0.028666260512013774 -0.7113459177779323 -0.7022572397411996
  outer loop
    vertex 35 55.347504970860996 1
    vertex 34.78860381442557 56.34324721126174 0
    vertex 35.632817571340446 56.30922655987578 0
  endloop
endfacet
facet normal -0.07812778781072845 -0.6934032952365696 -0.7163015558595895
  outer loop
    vertex 35 55.347504970860996 1
    vertex 35.632817571340446 56.30922655987578 0
    vertex 35.94571396931434 55.240948597633746 1
  endloop
endfacet
facet normal -0.16788005446200382 -0.6811161554100108 -0.7126689765615736
  outer loop
    vertex 35.72319303535802 54.26602068545192 2
    vertex 35.79786099584571 53.20129151690318 3
    vertex 35.27120753057448 53.33109993758161 3
  endloop
endfacet
facet normal -0.2342779482157769 -0.669527909733916 -0.7048731950266934
  outer loop
    vertex 35.72319303535802 54.26602068545192 2
    vertex 35.94571396931434 55.240948597633746 1
    vertex 36.41012215213206 54.02565379154386 2
  endloop
endfacet
facet normal -0.2358519504585541 -0.6740261497071998 -0.7000447178400703
  outer loop
    vertex 35.72319303535802 54.26602068545192 2
    vertex 36.41012215213206 54.02565379154386 2
    vertex 35.79786099584571 53.20129151690318 3
  endloop
endfacet
facet normal -0.07942013514044109 -0.7048731950266911 -0.704873195026693
  outer loop
    vertex 35.72319303535802 54.26602068545192 2
    vertex 35 55.347504970860996 1
    vertex 35.94571396931434 55.240948597633746 1
  endloop
endfacet
facet normal 0.07865201098892374 -0.6980559046267217 -0.7117104855087969
  outer loop
    vertex 34.05428603068566 55.240948597633746 1
    vertex 34.78860381442557 56.34324721126174 0
    vertex 35 55.347504970860996 1
  endloop
endfacet
facet normal 0.08498764038511328 -0.6999361905458448 -0.7091307567338633
  outer loop
    vertex 34.05428603068566 55.240948597633746 1
    vertex 33.94986510767577 56.2414058940829 0
    vertex 34.78860381442557 56.34324721126174 0
  endloop
endfacet
facet normal 0.1977146519408572 -0.6825901632872174 -0.7035478557933609
  outer loop
    vertex 34.05428603068566 55.240948597633746 1
    vertex 33.13832434302669 56.006340244959425 0
    vertex 33.94986510767577 56.2414058940829 0
  endloop
endfacet
facet normal 0 -0.7013307035438396 -0.7128360570753298
  outer loop
    vertex 35 54.347504970860996 2
    vertex 35.27120753057448 53.33109993758161 3
    vertex 34.72879246942552 53.33109993758161 3
  endloop
endfacet
facet normal -0.07998051947512713 -0.709846743557333 -0.6998004838277398
  outer loop
    vertex 35 54.347504970860996 2
    vertex 35.72319303535802 54.26602068545192 2
    vertex 35.27120753057448 53.33109993758161 3
  endloop
endfacet
facet normal -0.0794201351404439 -0.7048731950266919 -0.7048731950266919
  outer loop
    vertex 35 54.347504970860996 2
    vertex 35 55.347504970860996 1
    vertex 35.72319303535802 54.26602068545192 2
  endloop
endfacet
facet normal 0.30571182530480956 -0.6442740236341201 -0.7010358495391679
  outer loop
    vertex 33.15599410875038 54.92662265944628 1
    vertex 32.375 55.6441383407293 0
    vertex 33.13832434302669 56.006340244959425 0
  endloop
endfacet
facet normal 0.23064596814064273 -0.6591483070166299 -0.7157694787692308
  outer loop
    vertex 33.15599410875038 54.92662265944628 1
    vertex 33.13832434302669 56.006340244959425 0
    vertex 34.05428603068566 55.240948597633746 1
  endloop
endfacet
facet normal 0.07942013514044109 -0.7048731950266911 -0.704873195026693
  outer loop
    vertex 34.27680696464198 54.26602068545192 2
    vertex 34.05428603068566 55.240948597633746 1
    vertex 35 55.347504970860996 1
  endloop
endfacet
facet normal 0.07998051947512713 -0.709846743557333 -0.6998004838277398
  outer loop
    vertex 34.27680696464198 54.26602068545192 2
    vertex 35 54.347504970860996 2
    vertex 34.72879246942552 53.33109993758161 3
  endloop
endfacet
facet normal 0.1678800544620059 -0.68111615541001 -0.7126689765615738
  outer loop
    vertex 34.27680696464198 54.26602068545192 2
    vertex 34.72879246942552 53.33109993758161 3
    vertex 34.2021390041543 53.20129151690318 3
  endloop
endfacet
facet normal 0.0794201351404439 -0.7048731950266919 -0.7048731950266919
  outer loop
    vertex 34.27680696464198 54.26602068545192 2
    vertex 35 55.347504970860996 1
    vertex 35 54.347504970860996 2
  endloop
endfacet
facet normal 0.3718926698364509 -0.5918637934926434 -0.715117537244343
  outer loop
    vertex 32.35016834210038 54.42028877135012 1
    vertex 32.375 55.6441383407293 0
    vertex 33.15599410875038 54.92662265944628 1
  endloop
endfacet
facet normal 0.40307012528811426 -0.5839478894697968 -0.7046554736067788
  outer loop
    vertex 32.35016834210038 54.42028877135012 1
    vertex 31.67966177812427 55.16418102045618 0
    vertex 32.375 55.6441383407293 0
  endloop
endfacet
facet normal 0.4895918100609975 -0.5097190676588316 -0.7074505859678171
  outer loop
    vertex 32.35016834210038 54.42028877135012 1
    vertex 31.07031857210172 54.57889892662517 0
    vertex 31.67966177812427 55.16418102045618 0
  endloop
endfacet
facet normal 0.23427794821577827 -0.6695279097339161 -0.7048731950266929
  outer loop
    vertex 33.58987784786794 54.02565379154386 2
    vertex 33.15599410875038 54.92662265944628 1
    vertex 34.05428603068566 55.240948597633746 1
  endloop
endfacet
facet normal 0.2342779482157769 -0.669527909733916 -0.7048731950266934
  outer loop
    vertex 33.58987784786794 54.02565379154386 2
    vertex 34.05428603068566 55.240948597633746 1
    vertex 34.27680696464198 54.26602068545192 2
  endloop
endfacet
facet normal 0.3262403284930866 -0.6215990121707858 -0.7121670563379254
  outer loop
    vertex 33.58987784786794 54.02565379154386 2
    vertex 34.2021390041543 53.20129151690318 3
    vertex 33.7218543198549 52.94921866912172 3
  endloop
endfacet
facet normal 0.23585195045855376 -0.6740261497071988 -0.700044717840071
  outer loop
    vertex 33.58987784786794 54.02565379154386 2
    vertex 34.27680696464198 54.26602068545192 2
    vertex 34.2021390041543 53.20129151690318 3
  endloop
endfacet
facet normal 0.5696224551934456 -0.4280435062503516 -0.7016473582194238
  outer loop
    vertex 31.677216199510873 53.747336628760614 1
    vertex 30.562752050895078 53.90345055803195 0
    vertex 31.07031857210172 54.57889892662517 0
  endloop
endfacet
facet normal 0.4957323326828891 -0.4957323326828891 -0.7130910942267915
  outer loop
    vertex 31.677216199510873 53.747336628760614 1
    vertex 31.07031857210172 54.57889892662517 0
    vertex 32.35016834210038 54.42028877135012 1
  endloop
endfacet
facet normal 0.37966905997115785 -0.6042398474945513 -0.7005323772677313
  outer loop
    vertex 32.97365814395911 53.638457288882094 2
    vertex 33.58987784786794 54.02565379154386 2
    vertex 33.7218543198549 52.94921866912172 3
  endloop
endfacet
facet normal 0.377388086708064 -0.6006096993420025 -0.7048731950266914
  outer loop
    vertex 32.97365814395911 53.638457288882094 2
    vertex 32.35016834210038 54.42028877135012 1
    vertex 33.15599410875038 54.92662265944628 1
  endloop
endfacet
facet normal 0.46608235972852996 -0.5260982285166829 -0.7113282560825863
  outer loop
    vertex 32.97365814395911 53.638457288882094 2
    vertex 33.7218543198549 52.94921866912172 3
    vertex 33.315850816615026 52.58953095190279 3
  endloop
endfacet
facet normal 0.37738808670805907 -0.6006096993420033 -0.7048731950266932
  outer loop
    vertex 32.97365814395911 53.638457288882094 2
    vertex 33.15599410875038 54.92662265944628 1
    vertex 33.58987784786794 54.02565379154386 2
  endloop
endfacet
facet normal 0.6306649971201476 -0.3309985244523456 -0.7019270889613921
  outer loop
    vertex 31.17088231141472 52.94151086211062 1
    vertex 30.170107920791175 53.155329672626394 0
    vertex 30.562752050895078 53.90345055803195 0
  endloop
endfacet
facet normal 0.5907850789759632 -0.37121486858215597 -0.7163606017941646
  outer loop
    vertex 31.17088231141472 52.94151086211062 1
    vertex 30.562752050895078 53.90345055803195 0
    vertex 31.677216199510873 53.747336628760614 1
  endloop
endfacet
facet normal 0.501574410697388 -0.501574410697388 -0.7048731950266912
  outer loop
    vertex 32.4590476819789 53.12384682690188 2
    vertex 32.35016834210038 54.42028877135012 1
    vertex 32.97365814395911 53.638457288882094 2
  endloop
endfacet
facet normal 0.5040991064187682 -0.5040991064187682 -0.7012618496792754
  outer loop
    vertex 32.4590476819789 53.12384682690188 2
    vertex 32.97365814395911 53.638457288882094 2
    vertex 33.315850816615026 52.58953095190279 3
  endloop
endfacet
facet normal 0.5794228233146399 -0.3999466976415951 -0.7101491609990636
  outer loop
    vertex 32.4590476819789 53.12384682690188 2
    vertex 33.315850816615026 52.58953095190279 3
    vertex 33.00772394228028 52.143132107959474 3
  endloop
endfacet
facet normal 0.501574410697388 -0.501574410697388 -0.7048731950266912
  outer loop
    vertex 32.4590476819789 53.12384682690188 2
    vertex 31.677216199510873 53.747336628760614 1
    vertex 32.35016834210038 54.42028877135012 1
  endloop
endfacet
facet normal 0.669613712987169 -0.22354990460705718 -0.7082675451619345
  outer loop
    vertex 30.85655637322725 52.043218940175336 1
    vertex 29.902555458513227 52.35391220837067 0
    vertex 30.170107920791175 53.155329672626394 0
  endloop
endfacet
facet normal 0.7009275585110937 -0.11391181554298824 -0.7040771662249653
  outer loop
    vertex 30.85655637322725 52.043218940175336 1
    vertex 29.767024132295397 51.51995445662381 0
    vertex 29.902555458513227 52.35391220837067 0
  endloop
endfacet
facet normal 0.6623619761687366 -0.23177047961246602 -0.712431791335882
  outer loop
    vertex 30.85655637322725 52.043218940175336 1
    vertex 30.170107920791175 53.155329672626394 0
    vertex 31.17088231141472 52.94151086211062 1
  endloop
endfacet
facet normal 0.659733749189238 -0.25020400815444566 -0.7086249603874829
  outer loop
    vertex 32.071851179317136 52.50762712299306 2
    vertex 33.00772394228028 52.143132107959474 3
    vertex 32.81538091079138 51.635965215508 3
  endloop
endfacet
facet normal 0.6006096993420031 -0.3773880867080618 -0.7048731950266921
  outer loop
    vertex 32.071851179317136 52.50762712299306 2
    vertex 31.17088231141472 52.94151086211062 1
    vertex 31.677216199510873 53.747336628760614 1
  endloop
endfacet
facet normal 0.6006096993420053 -0.37738808670806034 -0.7048731950266912
  outer loop
    vertex 32.071851179317136 52.50762712299306 2
    vertex 31.677216199510873 53.747336628760614 1
    vertex 32.4590476819789 53.12384682690188 2
  endloop
endfacet
facet normal 0.602824818944884 -0.3787799386040184 -0.7022307283045965
  outer loop
    vertex 32.071851179317136 52.50762712299306 2
    vertex 32.4590476819789 53.12384682690188 2
    vertex 33.00772394228028 52.143132107959474 3
  endloop
endfacet
facet normal 0.7131511135362563 0 -0.7010103346328053
  outer loop
    vertex 30.75 51.097504970860996 1
    vertex 29.767024132295397 50.675055485098184 0
    vertex 29.767024132295397 51.51995445662381 0
  endloop
endfacet
facet normal 0.6942471100037894 -0.07822286290128222 -0.7154733635649294
  outer loop
    vertex 30.75 51.097504970860996 1
    vertex 29.767024132295397 51.51995445662381 0
    vertex 30.85655637322725 52.043218940175336 1
  endloop
endfacet
facet normal 0.6695279097339176 -0.23427794821577747 -0.7048731950266915
  outer loop
    vertex 31.831484285409076 51.82069800621902 2
    vertex 31.17088231141472 52.94151086211062 1
    vertex 32.071851179317136 52.50762712299306 2
  endloop
endfacet
facet normal 0.6695279097339148 -0.23427794821578052 -0.7048731950266933
  outer loop
    vertex 31.831484285409076 51.82069800621902 2
    vertex 30.85655637322725 52.043218940175336 1
    vertex 31.17088231141472 52.94151086211062 1
  endloop
endfacet
facet normal 0.6708733610351817 -0.23474874198807844 -0.7034358262047599
  outer loop
    vertex 31.831484285409076 51.82069800621902 2
    vertex 32.071851179317136 52.50762712299306 2
    vertex 32.81538091079138 51.635965215508 3
  endloop
endfacet
facet normal 0.702305755449911 -0.08527535765513607 -0.7067494175722527
  outer loop
    vertex 31.831484285409076 51.82069800621902 2
    vertex 32.81538091079138 51.635965215508 3
    vertex 32.75 51.097504970860996 3
  endloop
endfacet
facet normal 0.7009275585110931 0.11391181554298717 -0.7040771662249661
  outer loop
    vertex 30.85655637322725 50.15179100154666 1
    vertex 29.902555458513227 49.84109773335131 0
    vertex 29.767024132295397 50.675055485098184 0
  endloop
endfacet
facet normal 0.6696137129871668 0.22354990460705843 -0.708267545161936
  outer loop
    vertex 30.85655637322725 50.15179100154666 1
    vertex 30.170107920791175 49.0396802690956 0
    vertex 29.902555458513227 49.84109773335131 0
  endloop
endfacet
facet normal 0.6942471100037892 0.07822286290128279 -0.7154733635649294
  outer loop
    vertex 30.85655637322725 50.15179100154666 1
    vertex 29.767024132295397 50.675055485098184 0
    vertex 30.75 51.097504970860996 1
  endloop
endfacet
facet normal 0.7048731950266919 -0.0794201351404439 -0.7048731950266919
  outer loop
    vertex 31.75 51.097504970860996 2
    vertex 31.831484285409076 51.82069800621902 2
    vertex 32.75 51.097504970860996 3
  endloop
endfacet
facet normal 0.7048731950266921 -0.07942013514044119 -0.7048731950266921
  outer loop
    vertex 31.75 51.097504970860996 2
    vertex 30.75 51.097504970860996 1
    vertex 30.85655637322725 52.043218940175336 1
  endloop
endfacet
facet normal 0.7048731950266907 -0.07942013514044376 -0.7048731950266932
  outer loop
    vertex 31.75 51.097504970860996 2
    vertex 30.85655637322725 52.043218940175336 1
    vertex 31.831484285409076 51.82069800621902 2
  endloop
endfacet
facet normal 0.6306649971201485 0.33099852445234296 -0.7019270889613924
  outer loop
    vertex 31.17088231141472 49.25349907961137 1
    vertex 30.562752050895078 48.291559383690036 0
    vertex 30.170107920791175 49.0396802690956 0
  endloop
endfacet
facet normal 0.662361976168737 0.23177047961246433 -0.7124317913358821
  outer loop
    vertex 31.17088231141472 49.25349907961137 1
    vertex 30.170107920791175 49.0396802690956 0
    vertex 30.85655637322725 50.15179100154666 1
  endloop
endfacet
facet normal 0.6695279097339162 0.2342779482157791 -0.7048731950266925
  outer loop
    vertex 31.831484285409076 50.37431193550297 2
    vertex 31.17088231141472 49.25349907961137 1
    vertex 30.85655637322725 50.15179100154666 1
  endloop
endfacet
facet normal 0.7048731950266919 0.0794201351404439 -0.7048731950266919
  outer loop
    vertex 31.831484285409076 50.37431193550297 2
    vertex 30.75 51.097504970860996 1
    vertex 31.75 51.097504970860996 2
  endloop
endfacet
facet normal 0.7048731950266919 0.0794201351404439 -0.7048731950266919
  outer loop
    vertex 31.831484285409076 50.37431193550297 2
    vertex 31.75 51.097504970860996 2
    vertex 32.75 51.097504970860996 3
  endloop
endfacet
facet normal 0.7023057554499106 0.08527535765513714 -0.7067494175722531
  outer loop
    vertex 31.831484285409076 50.37431193550297 2
    vertex 32.75 51.097504970860996 3
    vertex 32.81538091079138 50.559044726214 3
  endloop
endfacet
facet normal 0.7048731950266913 0.0794201351404417 -0.7048731950266928
  outer loop
    vertex 31.831484285409076 50.37431193550297 2
    vertex 30.85655637322725 50.15179100154666 1
    vertex 30.75 51.097504970860996 1
  endloop
endfacet
facet normal 0.569622455193442 0.4280435062503564 -0.7016473582194236
  outer loop
    vertex 31.677216199510873 48.44767331296138 1
    vertex 31.070318572101723 47.61611101509682 0
    vertex 30.562752050895078 48.291559383690036 0
  endloop
endfacet
facet normal 0.590785078975962 0.37121486858215524 -0.7163606017941659
  outer loop
    vertex 31.677216199510873 48.44767331296138 1
    vertex 30.562752050895078 48.291559383690036 0
    vertex 31.17088231141472 49.25349907961137 1
  endloop
endfacet
facet normal 0.6695279097339176 0.23427794821577747 -0.7048731950266915
  outer loop
    vertex 32.071851179317136 49.687382818728935 2
    vertex 31.17088231141472 49.25349907961137 1
    vertex 31.831484285409076 50.37431193550297 2
  endloop
endfacet
facet normal 0.670873361035181 0.23474874198807819 -0.7034358262047608
  outer loop
    vertex 32.071851179317136 49.687382818728935 2
    vertex 31.831484285409076 50.37431193550297 2
    vertex 32.81538091079138 50.559044726214 3
  endloop
endfacet
facet normal 0.6597337491892391 0.25020400815444255 -0.7086249603874829
  outer loop
    vertex 32.071851179317136 49.687382818728935 2
    vertex 32.81538091079138 50.559044726214 3
    vertex 33.00772394228028 50.05187783376252 3
  endloop
endfacet
facet normal 0.4895918100609981 0.5097190676588321 -0.7074505859678163
  outer loop
    vertex 32.35016834210038 47.77472117037187 1
    vertex 31.679661778124274 47.03082892126581 0
    vertex 31.070318572101723 47.61611101509682 0
  endloop
endfacet
facet normal 0.40307012528811337 0.5839478894697985 -0.7046554736067782
  outer loop
    vertex 32.35016834210038 47.77472117037187 1
    vertex 32.37500000000001 46.55087160099269 0
    vertex 31.679661778124274 47.03082892126581 0
  endloop
endfacet
facet normal 0.4957323326828897 0.4957323326828897 -0.7130910942267906
  outer loop
    vertex 32.35016834210038 47.77472117037187 1
    vertex 31.070318572101723 47.61611101509682 0
    vertex 31.677216199510873 48.44767331296138 1
  endloop
endfacet
facet normal 0.6006096993420039 0.37738808670806223 -0.7048731950266914
  outer loop
    vertex 32.4590476819789 49.07116311482011 2
    vertex 31.677216199510873 48.44767331296138 1
    vertex 31.17088231141472 49.25349907961137 1
  endloop
endfacet
facet normal 0.6006096993420043 0.37738808670805973 -0.7048731950266922
  outer loop
    vertex 32.4590476819789 49.07116311482011 2
    vertex 31.17088231141472 49.25349907961137 1
    vertex 32.071851179317136 49.687382818728935 2
  endloop
endfacet
facet normal 0.501574410697388 0.501574410697388 -0.7048731950266912
  outer loop
    vertex 32.4590476819789 49.07116311482011 2
    vertex 32.35016834210038 47.77472117037187 1
    vertex 31.677216199510873 48.44767331296138 1
  endloop
endfacet
facet normal 0.602824818944884 0.3787799386040184 -0.7022307283045964
  outer loop
    vertex 32.4590476819789 49.07116311482011 2
    vertex 32.071851179317136 49.687382818728935 2
    vertex 33.00772394228028 50.05187783376252 3
  endloop
endfacet
facet normal 0.5794228233146418 0.39994669764159346 -0.7101491609990632
  outer loop
    vertex 32.4590476819789 49.07116311482011 2
    vertex 33.00772394228028 50.05187783376252 3
    vertex 33.31585081661502 49.60547898981921 3
  endloop
endfacet
facet normal 0.30571182530480906 0.6442740236341191 -0.7010358495391691
  outer loop
    vertex 33.15599410875038 47.26838728227572 1
    vertex 33.138324343026696 46.18866969676257 0
    vertex 32.37500000000001 46.55087160099269 0
  endloop
endfacet
facet normal 0.37189266983644714 0.5918637934926456 -0.715117537244343
  outer loop
    vertex 33.15599410875038 47.26838728227572 1
    vertex 32.37500000000001 46.55087160099269 0
    vertex 32.35016834210038 47.77472117037187 1
  endloop
endfacet
facet normal 0.501574410697388 0.501574410697388 -0.7048731950266912
  outer loop
    vertex 32.97365814395911 48.5565526528399 2
    vertex 32.35016834210038 47.77472117037187 1
    vertex 32.4590476819789 49.07116311482011 2
  endloop
endfacet
facet normal 0.5040991064187682 0.5040991064187682 -0.7012618496792754
  outer loop
    vertex 32.97365814395911 48.5565526528399 2
    vertex 32.4590476819789 49.07116311482011 2
    vertex 33.31585081661502 49.60547898981921 3
  endloop
endfacet
facet normal 0.46608235972853046 0.5260982285166822 -0.7113282560825861
  outer loop
    vertex 32.97365814395911 48.5565526528399 2
    vertex 33.31585081661502 49.60547898981921 3
    vertex 33.7218543198549 49.24579127260027 3
  endloop
endfacet
facet normal 0.19771465194085736 0.6825901632872181 -0.7035478557933601
  outer loop
    vertex 34.05428603068566 46.954061344088245 1
    vertex 33.94986510767578 45.95360404763909 0
    vertex 33.138324343026696 46.18866969676257 0
  endloop
endfacet
facet normal 0.0849876403851133 0.6999361905458451 -0.7091307567338628
  outer loop
    vertex 34.05428603068566 46.954061344088245 1
    vertex 34.78860381442558 45.85176273046025 0
    vertex 33.94986510767578 45.95360404763909 0
  endloop
endfacet
facet normal 0.23064596814064714 0.6591483070166275 -0.7157694787692315
  outer loop
    vertex 34.05428603068566 46.954061344088245 1
    vertex 33.138324343026696 46.18866969676257 0
    vertex 33.15599410875038 47.26838728227572 1
  endloop
endfacet
facet normal 0.37738808670806034 0.6006096993420051 -0.7048731950266911
  outer loop
    vertex 33.58987784786794 48.16935615017813 2
    vertex 33.15599410875038 47.26838728227572 1
    vertex 32.35016834210038 47.77472117037187 1
  endloop
endfacet
facet normal 0.37738808670806034 0.6006096993420053 -0.7048731950266912
  outer loop
    vertex 33.58987784786794 48.16935615017813 2
    vertex 32.35016834210038 47.77472117037187 1
    vertex 32.97365814395911 48.5565526528399 2
  endloop
endfacet
facet normal 0.37966905997115785 0.6042398474945513 -0.7005323772677313
  outer loop
    vertex 33.58987784786794 48.16935615017813 2
    vertex 32.97365814395911 48.5565526528399 2
    vertex 33.7218543198549 49.24579127260027 3
  endloop
endfacet
facet normal 0.3262403284930828 0.6215990121707871 -0.7121670563379264
  outer loop
    vertex 33.58987784786794 48.16935615017813 2
    vertex 33.7218543198549 49.24579127260027 3
    vertex 34.20213900415429 48.993718424818816 3
  endloop
endfacet
facet normal -0.028666260512013774 0.7113459177779323 -0.7022572397411997
  outer loop
    vertex 35 46.847504970860996 1
    vertex 35.63281757134045 45.88578338184621 0
    vertex 34.78860381442558 45.85176273046025 0
  endloop
endfacet
facet normal 0.07865201098892376 0.6980559046267218 -0.7117104855087966
  outer loop
    vertex 35 46.847504970860996 1
    vertex 34.78860381442558 45.85176273046025 0
    vertex 34.05428603068566 46.954061344088245 1
  endloop
endfacet
facet normal 0.23585195045855326 0.6740261497071973 -0.7000447178400726
  outer loop
    vertex 34.27680696464198 47.92898925627007 2
    vertex 33.58987784786794 48.16935615017813 2
    vertex 34.20213900415429 48.993718424818816 3
  endloop
endfacet
facet normal 0.16788005446202348 0.6811161554100067 -0.7126689765615728
  outer loop
    vertex 34.27680696464198 47.92898925627007 2
    vertex 34.20213900415429 48.993718424818816 3
    vertex 34.728792469425514 48.86391000414037 3
  endloop
endfacet
facet normal 0.23427794821577785 0.6695279097339187 -0.7048731950266904
  outer loop
    vertex 34.27680696464198 47.92898925627007 2
    vertex 33.15599410875038 47.26838728227572 1
    vertex 33.58987784786794 48.16935615017813 2
  endloop
endfacet
facet normal 0.2342779482157829 0.6695279097339142 -0.7048731950266931
  outer loop
    vertex 34.27680696464198 47.92898925627007 2
    vertex 34.05428603068566 46.954061344088245 1
    vertex 33.15599410875038 47.26838728227572 1
  endloop
endfacet
facet normal 0.07942013514044109 0.7048731950266911 -0.704873195026693
  outer loop
    vertex 34.27680696464198 47.92898925627007 2
    vertex 35 46.847504970860996 1
    vertex 34.05428603068566 46.954061344088245 1
  endloop
endfacet
facet normal -0.14256829911854066 0.6983457180771414 -0.7014182333884457
  outer loop
    vertex 35.94571396931433 46.954061344088245 1
    vertex 36.460641685561384 46.05478488479629 0
    vertex 35.63281757134045 45.88578338184621 0
  endloop
endfacet
facet normal -0.07812778781072896 0.693403295236569 -0.7163015558595898
  outer loop
    vertex 35.94571396931433 46.954061344088245 1
    vertex 35.63281757134045 45.88578338184621 0
    vertex 35 46.847504970860996 1
  endloop
endfacet
facet normal 0.0794201351404439 0.7048731950266919 -0.7048731950266919
  outer loop
    vertex 35 47.847504970860996 2
    vertex 35 46.847504970860996 1
    vertex 34.27680696464198 47.92898925627007 2
  endloop
endfacet
facet normal 0.07998051947512742 0.7098467435573357 -0.699800483827737
  outer loop
    vertex 35 47.847504970860996 2
    vertex 34.27680696464198 47.92898925627007 2
    vertex 34.728792469425514 48.86391000414037 3
  endloop
endfacet
facet normal 0 0.7013307035438422 -0.7128360570753274
  outer loop
    vertex 35 47.847504970860996 2
    vertex 34.728792469425514 48.86391000414037 3
    vertex 35.27120753057447 48.86391000414037 3
  endloop
endfacet
facet normal -0.250894622045554 0.6615547483610189 -0.7066804111828824
  outer loop
    vertex 36.84400589124962 47.26838728227571 1
    vertex 37.25063594736605 46.35439018915649 0
    vertex 36.460641685561384 46.05478488479629 0
  endloop
endfacet
facet normal -0.3544632352814392 0.6139483329226754 -0.7052823968704189
  outer loop
    vertex 36.84400589124962 47.26838728227571 1
    vertex 37.982339920338575 46.77683967491931 0
    vertex 37.25063594736605 46.35439018915649 0
  endloop
endfacet
facet normal -0.23134820373339643 0.6611551810401523 -0.7136888924546145
  outer loop
    vertex 36.84400589124962 47.26838728227571 1
    vertex 36.460641685561384 46.05478488479629 0
    vertex 35.94571396931433 46.954061344088245 1
  endloop
endfacet
facet normal -0.0794201351404439 0.7048731950266919 -0.7048731950266919
  outer loop
    vertex 35.72319303535802 47.92898925627007 2
    vertex 35 46.847504970860996 1
    vertex 35 47.847504970860996 2
  endloop
endfacet
facet normal -0.0794201351404417 0.7048731950266913 -0.7048731950266928
  outer loop
    vertex 35.72319303535802 47.92898925627007 2
    vertex 35.94571396931433 46.954061344088245 1
    vertex 35 46.847504970860996 1
  endloop
endfacet
facet normal -0.07998051947512738 0.7098467435573352 -0.6998004838277374
  outer loop
    vertex 35.72319303535802 47.92898925627007 2
    vertex 35 47.847504970860996 2
    vertex 35.27120753057447 48.86391000414037 3
  endloop
endfacet
facet normal -0.1678800544620148 0.6811161554100087 -0.712668976561573
  outer loop
    vertex 35.72319303535802 47.92898925627007 2
    vertex 35.27120753057447 48.86391000414037 3
    vertex 35.797860995845696 48.99371842481881 3
  endloop
endfacet
facet normal -0.23427794821577672 0.6695279097339168 -0.7048731950266927
  outer loop
    vertex 35.72319303535802 47.92898925627007 2
    vertex 36.84400589124962 47.26838728227571 1
    vertex 35.94571396931433 46.954061344088245 1
  endloop
endfacet
facet normal -0.45096567706334334 0.5523326828635406 -0.7011123772631345
  outer loop
    vertex 37.64983165789962 47.77472117037187 1
    vertex 38.63680285592541 47.31119212230598 0
    vertex 37.982339920338575 46.77683967491931 0
  endloop
endfacet
facet normal -0.37211885621378404 0.5922237670500239 -0.7147017326068437
  outer loop
    vertex 37.64983165789962 47.77472117037187 1
    vertex 37.982339920338575 46.77683967491931 0
    vertex 36.84400589124962 47.26838728227571 1
  endloop
endfacet
facet normal -0.3262403284930792 0.6215990121707893 -0.7121670563379261
  outer loop
    vertex 36.41012215213206 48.16935615017813 2
    vertex 35.797860995845696 48.99371842481881 3
    vertex 36.278145680145094 49.245791272600265 3
  endloop
endfacet
facet normal -0.23585195045855353 0.6740261497071981 -0.7000447178400719
  outer loop
    vertex 36.41012215213206 48.16935615017813 2
    vertex 35.72319303535802 47.92898925627007 2
    vertex 35.797860995845696 48.99371842481881 3
  endloop
endfacet
facet normal -0.2342779482157771 0.6695279097339166 -0.7048731950266929
  outer loop
    vertex 36.41012215213206 48.16935615017813 2
    vertex 36.84400589124962 47.26838728227571 1
    vertex 35.72319303535802 47.92898925627007 2
  endloop
endfacet
facet normal -0.5322830079877467 0.4715615962171253 -0.7030678917292932
  outer loop
    vertex 38.32278380048913 48.44767331296138 1
    vertex 39.19707450786839 47.94360808361162 0
    vertex 38.63680285592541 47.31119212230598 0
  endloop
endfacet
facet normal -0.5951504762075808 0.37635035760266594 -0.7100396601614835
  outer loop
    vertex 38.32278380048913 48.44767331296138 1
    vertex 39.64864413467936 48.657708317631226 0
    vertex 39.19707450786839 47.94360808361162 0
  endloop
endfacet
facet normal -0.49362701382580115 0.49362701382580115 -0.7160061050318249
  outer loop
    vertex 38.32278380048913 48.44767331296138 1
    vertex 38.63680285592541 47.31119212230598 0
    vertex 37.64983165789962 47.77472117037187 1
  endloop
endfacet
facet normal -0.377388086708064 0.6006096993420025 -0.7048731950266914
  outer loop
    vertex 37.02634185604089 48.5565526528399 2
    vertex 37.64983165789962 47.77472117037187 1
    vertex 36.84400589124962 47.26838728227571 1
  endloop
endfacet
facet normal -0.4660823597285306 0.5260982285166824 -0.711328256082586
  outer loop
    vertex 37.02634185604089 48.5565526528399 2
    vertex 36.278145680145094 49.245791272600265 3
    vertex 36.684149183384974 49.605478989819204 3
  endloop
endfacet
facet normal -0.37738808670805907 0.6006096993420033 -0.7048731950266932
  outer loop
    vertex 37.02634185604089 48.5565526528399 2
    vertex 36.84400589124962 47.26838728227571 1
    vertex 36.41012215213206 48.16935615017813 2
  endloop
endfacet
facet normal -0.3796690599711583 0.604239847494552 -0.7005323772677305
  outer loop
    vertex 37.02634185604089 48.5565526528399 2
    vertex 36.41012215213206 48.16935615017813 2
    vertex 36.278145680145094 49.245791272600265 3
  endloop
endfacet
facet normal -0.6546094419296213 0.2789030184360324 -0.7026375913967742
  outer loop
    vertex 38.829117688585285 49.25349907961137 1
    vertex 39.97981632022252 49.43499800340328 0
    vertex 39.64864413467936 48.657708317631226 0
  endloop
endfacet
facet normal -0.5954724966281401 0.37416016830225074 -0.7109266306838429
  outer loop
    vertex 38.829117688585285 49.25349907961137 1
    vertex 39.64864413467936 48.657708317631226 0
    vertex 38.32278380048913 48.44767331296138 1
  endloop
endfacet
facet normal -0.501574410697388 0.501574410697388 -0.7048731950266912
  outer loop
    vertex 37.5409523180211 49.07116311482011 2
    vertex 38.32278380048913 48.44767331296138 1
    vertex 37.64983165789962 47.77472117037187 1
  endloop
endfacet
facet normal -0.579422823314637 0.3999466976415994 -0.7101491609990634
  outer loop
    vertex 37.5409523180211 49.07116311482011 2
    vertex 36.684149183384974 49.605478989819204 3
    vertex 36.99227605771972 50.05187783376251 3
  endloop
endfacet
facet normal -0.5040991064187682 0.5040991064187682 -0.7012618496792754
  outer loop
    vertex 37.5409523180211 49.07116311482011 2
    vertex 37.02634185604089 48.5565526528399 2
    vertex 36.684149183384974 49.605478989819204 3
  endloop
endfacet
facet normal -0.501574410697388 0.501574410697388 -0.7048731950266912
  outer loop
    vertex 37.5409523180211 49.07116311482011 2
    vertex 37.64983165789962 47.77472117037187 1
    vertex 37.02634185604089 48.5565526528399 2
  endloop
endfacet
facet normal -0.6955146010769756 0.07836567484679526 -0.7142256371025489
  outer loop
    vertex 39.14344362677275 50.151791001546655 1
    vertex 39.25 51.097504970860996 1
    vertex 40.18201387884905 50.255345746357776 0
  endloop
endfacet
facet normal -0.6587476039185195 0.23050575606239446 -0.7161834197701823
  outer loop
    vertex 39.14344362677275 50.151791001546655 1
    vertex 39.97981632022252 49.43499800340328 0
    vertex 38.829117688585285 49.25349907961137 1
  endloop
endfacet
facet normal -0.6922090993570039 0.17061421958080386 -0.7012398668388719
  outer loop
    vertex 39.14344362677275 50.151791001546655 1
    vertex 40.18201387884905 50.255345746357776 0
    vertex 39.97981632022252 49.43499800340328 0
  endloop
endfacet
facet normal -0.6597337491892389 0.250204008154446 -0.708624960387482
  outer loop
    vertex 37.928148820682864 49.687382818728935 2
    vertex 36.99227605771972 50.05187783376251 3
    vertex 37.18461908920862 50.55904472621398 3
  endloop
endfacet
facet normal -0.6006096993420011 0.3773880867080632 -0.7048731950266931
  outer loop
    vertex 37.928148820682864 49.687382818728935 2
    vertex 38.829117688585285 49.25349907961137 1
    vertex 38.32278380048913 48.44767331296138 1
  endloop
endfacet
facet normal -0.602824818944885 0.37877993860401904 -0.702230728304595
  outer loop
    vertex 37.928148820682864 49.687382818728935 2
    vertex 37.5409523180211 49.07116311482011 2
    vertex 36.99227605771972 50.05187783376251 3
  endloop
endfacet
facet normal -0.6006096993420053 0.37738808670806034 -0.7048731950266912
  outer loop
    vertex 37.928148820682864 49.687382818728935 2
    vertex 38.32278380048913 48.44767331296138 1
    vertex 37.5409523180211 49.07116311482011 2
  endloop
endfacet
facet normal -0.7048731950266919 0.0794201351404439 -0.7048731950266919
  outer loop
    vertex 38.168515714590924 50.37431193550297 2
    vertex 38.25 51.097504970860996 2
    vertex 39.25 51.097504970860996 1
  endloop
endfacet
facet normal -0.7048731950266919 0.0794201351404439 -0.7048731950266919
  outer loop
    vertex 38.168515714590924 50.37431193550297 2
    vertex 37.25 51.097504970860996 3
    vertex 38.25 51.097504970860996 2
  endloop
endfacet
facet normal -0.6695279097339157 0.23427794821577813 -0.7048731950266934
  outer loop
    vertex 38.168515714590924 50.37431193550297 2
    vertex 39.14344362677275 50.151791001546655 1
    vertex 38.829117688585285 49.25349907961137 1
  endloop
endfacet
facet normal -0.7023057554499114 0.08527535765513498 -0.7067494175722524
  outer loop
    vertex 38.168515714590924 50.37431193550297 2
    vertex 37.18461908920862 50.55904472621398 3
    vertex 37.25 51.097504970860996 3
  endloop
endfacet
facet normal -0.7048731950266911 0.07942013514044109 -0.704873195026693
  outer loop
    vertex 38.168515714590924 50.37431193550297 2
    vertex 39.25 51.097504970860996 1
    vertex 39.14344362677275 50.151791001546655 1
  endloop
endfacet
facet normal -0.6695279097339166 0.2342779482157771 -0.7048731950266929
  outer loop
    vertex 38.168515714590924 50.37431193550297 2
    vertex 38.829117688585285 49.25349907961137 1
    vertex 37.928148820682864 49.687382818728935 2
  endloop
endfacet
facet normal -0.6708733610351826 0.23474874198807874 -0.7034358262047591
  outer loop
    vertex 38.168515714590924 50.37431193550297 2
    vertex 37.928148820682864 49.687382818728935 2
    vertex 37.18461908920862 50.55904472621398 3
  endloop
endfacet
facet normal 0 -1 0
  outer loop
    vertex 47.990140682897 20 5
    vertex 50 20 0
    vertex 50 20 5
  endloop
endfacet
facet normal 0 -1 0
  outer loop
    vertex 20 20 0
    vertex 50 20 0
    vertex 47.990140682897 20 5
  endloop
endfacet
facet normal 0 -1 0
  outer loop
    vertex 20 20 5
    vertex 20 20 0
    vertex 47.990140682897 20 5
  endloop
endfacet
facet normal 1 0 0
  outer loop
    vertex 50 81.50759757002099 5
    vertex 50 82.195009941721 0
    vertex 50 82.195009941721 5
  endloop
endfacet
facet normal 1 0 0
  outer loop
    vertex 50 80.68741237169999 5
    vertex 50 82.195009941721 0
    vertex 50 81.50759757002099 5
  endloop
endfacet
facet normal 1 0 0
  outer loop
    vertex 50 78.50759757002099 5
    vertex 50 82.195009941721 0
    vertex 50 80.68741237169999 5
  endloop
endfacet
facet normal 1 0 0
  outer loop
    vertex 50 77.68741237169999 5
    vertex 50 82.195009941721 0
    vertex 50 78.50759757002099 5
  endloop
endfacet
facet normal 1 0 0
  outer loop
    vertex 50 75.50759757002099 5
    vertex 50 82.195009941721 0
    vertex 50 77.68741237169999 5
  endloop
endfacet
facet normal 1 0 0
  outer loop
    vertex 50 74.68741237169999 5
    vertex 50 82.195009941721 0
    vertex 50 75.50759757002099 5
  endloop
endfacet
facet normal 1 0 0
  outer loop
    vertex 50 72.50759757002099 5
    vertex 50 82.195009941721 0
    vertex 50 74.68741237169999 5
  endloop
endfacet
facet normal 1 0 0
  outer loop
    vertex 50 71.68741237169999 5
    vertex 50 82.195009941721 0
    vertex 50 72.50759757002099 5
  endloop
endfacet
facet normal 1 0 0
  outer loop
    vertex 50 69.50759757002099 5
    vertex 50 82.195009941721 0
    vertex 50 71.68741237169999 5
  endloop
endfacet
facet normal 1 0 0
  outer loop
    vertex 50 68.68741237169999 5
    vertex 50 82.195009941721 0
    vertex 50 69.50759757002099 5
  endloop
endfacet
facet normal 1 0 0
  outer loop
    vertex 50 66.50759757002099 5
    vertex 50 82.195009941721 0
    vertex 50 68.68741237169999 5
  endloop
endfacet
facet normal 1 0 0
  outer loop
    vertex 50 65.68741237169999 5
    vertex 50 82.195009941721 0
    vertex 50 66.50759757002099 5
  endloop
endfacet
facet normal 1 0 0
  outer loop
    vertex 50 63.507597570021 5
    vertex 50 82.195009941721 0
    vertex 50 65.68741237169999 5
  endloop
endfacet
facet normal 1 0 0
  outer loop
    vertex 50 62.68741237169999 5
    vertex 50 82.195009941721 0
    vertex 50 63.507597570021 5
  endloop
endfacet
facet normal 1 0 0
  outer loop
    vertex 50 60.507597570021 5
    vertex 50 82.195009941721 0
    vertex 50 62.68741237169999 5
  endloop
endfacet
facet normal 1 0 0
  outer loop
    vertex 50 59.68741237169999 5
    vertex 50 82.195009941721 0
    vertex 50 60.507597570021 5
  endloop
endfacet
facet normal 1 0 0
  outer loop
    vertex 50 57.507597570021 5
    vertex 50 82.195009941721 0
    vertex 50 59.68741237169999 5
  endloop
endfacet
facet normal 1 0 0
  outer loop
    vertex 50 56.68741237169999 5
    vertex 50 82.195009941721 0
    vertex 50 57.507597570021 5
  endloop
endfacet
facet normal 1 0 0
  outer loop
    vertex 50 54.507597570021 5
    vertex 50 82.195009941721 0
    vertex 50 56.68741237169999 5
  endloop
endfacet
facet normal 1 0 0
  outer loop
    vertex 50 53.68741237169999 5
    vertex 50 82.195009941721 0
    vertex 50 54.507597570021 5
  endloop
endfacet
facet normal 1 0 0
  outer loop
    vertex 50 51.507597570021 5
    vertex 50 82.195009941721 0
    vertex 50 53.68741237169999 5
  endloop
endfacet
facet normal 1 0 0
  outer loop
    vertex 50 20 0
    vertex 50 27.507597570020998 5
    vertex 50 26.6874123717 5
  endloop
endfacet
facet normal 1 0 0
  outer loop
    vertex 50 20 0
    vertex 50 29.6874123717 5
    vertex 50 27.507597570020998 5
  endloop
endfacet
facet normal 1 0 0
  outer loop
    vertex 50 20 0
    vertex 50 30.507597570020998 5
    vertex 50 29.6874123717 5
  endloop
endfacet
facet normal 1 0 0
  outer loop
    vertex 50 20 0
    vertex 50 32.6874123717 5
    vertex 50 30.507597570020998 5
  endloop
endfacet
facet normal 1 0 0
  outer loop
    vertex 50 20 0
    vertex 50 33.507597570021 5
    vertex 50 32.6874123717 5
  endloop
endfacet
facet normal 1 0 0
  outer loop
    vertex 50 20 0
    vertex 50 35.6874123717 5
    vertex 50 33.507597570021 5
  endloop
endfacet
facet normal 1 0 0
  outer loop
    vertex 50 20 0
    vertex 50 36.507597570021 5
    vertex 50 35.6874123717 5
  endloop
endfacet
facet normal 1 0 0
  outer loop
    vertex 50 20 0
    vertex 50 38.6874123717 5
    vertex 50 36.507597570021 5
  endloop
endfacet
facet normal 1 0 0
  outer loop
    vertex 50 20 0
    vertex 50 39.507597570021 5
    vertex 50 38.6874123717 5
  endloop
endfacet
facet normal 1 0 0
  outer loop
    vertex 50 20 0
    vertex 50 41.6874123717 5
    vertex 50 39.507597570021 5
  endloop
endfacet
facet normal 1 0 0
  outer loop
    vertex 50 20 0
    vertex 50 42.507597570021 5
    vertex 50 41.6874123717 5
  endloop
endfacet
facet normal 1 0 0
  outer loop
    vertex 50 20 0
    vertex 50 44.6874123717 5
    vertex 50 42.507597570021 5
  endloop
endfacet
facet normal 1 0 0
  outer loop
    vertex 50 20 0
    vertex 50 45.507597570021 5
    vertex 50 44.6874123717 5
  endloop
endfacet
facet normal 1 0 0
  outer loop
    vertex 50 20 0
    vertex 50 47.6874123717 5
    vertex 50 45.507597570021 5
  endloop
endfacet
facet normal 1 0 0
  outer loop
    vertex 50 20 0
    vertex 50 48.507597570021 5
    vertex 50 47.6874123717 5
  endloop
endfacet
facet normal 1 0 0
  outer loop
    vertex 50 20 0
    vertex 50 50.68741237169999 5
    vertex 50 48.507597570021 5
  endloop
endfacet
facet normal 1 0 0
  outer loop
    vertex 50 20 0
    vertex 50 51.507597570021 5
    vertex 50 50.68741237169999 5
  endloop
endfacet
facet normal 1 0 0
  outer loop
    vertex 50 20 0
    vertex 50 82.195009941721 0
    vertex 50 51.507597570021 5
  endloop
endfacet
facet normal 1 0 0
  outer loop
    vertex 50 24.507597570020998 5
    vertex 50 20 0
    vertex 50 26.6874123717 5
  endloop
endfacet
facet normal 1 0 0
  outer loop
    vertex 50 23.6874123717 5
    vertex 50 20 0
    vertex 50 24.507597570020998 5
  endloop
endfacet
facet normal 1 0 0
  outer loop
    vertex 50 21.507597570020998 5
    vertex 50 20 0
    vertex 50 23.6874123717 5
  endloop
endfacet
facet normal 1 0 0
  outer loop
    vertex 50 20.6874123717 5
    vertex 50 20 0
    vertex 50 21.507597570020998 5
  endloop
endfacet
facet normal 1 0 0
  outer loop
    vertex 50 20 5
    vertex 50 20 0
    vertex 50 20.6874123717 5
  endloop
endfacet
facet normal -1 0 0
  outer loop
    vertex 20 82.195009941721 5
    vertex 20 20 0
    vertex 20 20 5
  endloop
endfacet
facet normal -1 0 0
  outer loop
    vertex 20 82.195009941721 5
    vertex 20 82.195009941721 0
    vertex 20 20 0
  endloop
endfacet
facet normal 0 1 0
  outer loop
    vertex 47.990140682897 82.195009941721 5
    vertex 20 82.195009941721 0
    vertex 20 82.195009941721 5
  endloop
endfacet
facet normal 0 1 0
  outer loop
    vertex 47.990140682897 82.195009941721 5
    vertex 50 82.195009941721 0
    vertex 20 82.195009941721 0
  endloop
endfacet
facet normal 0 1 0
  outer loop
    vertex 50 82.195009941721 5
    vertex 50 82.195009941721 0
    vertex 47.990140682897 82.195009941721 5
  endloop
endfacet
facet normal -0.992708874098054 -0.120536680255323 0
  outer loop
    vertex 37.18461908920862 51.635965215508 9.5
    vertex 37.25 51.097504970860996 3
    vertex 37.25 51.097504970860996 9.5
  endloop
endfacet
facet normal -0.992708874098054 -0.120536680255323 0
  outer loop
    vertex 37.18461908920862 51.635965215508 9.5
    vertex 37.18461908920862 51.635965215508 3
    vertex 37.25 51.097504970860996 3
  endloop
endfacet
facet normal -0.9350162426854136 -0.3546048870425388 0
  outer loop
    vertex 36.99227605771972 52.143132107959474 9.5
    vertex 36.99227605771972 52.143132107959474 3
    vertex 37.18461908920862 51.635965215508 3
  endloop
endfacet
facet normal -0.9350162426854136 -0.3546048870425388 0
  outer loop
    vertex 36.99227605771972 52.143132107959474 9.5
    vertex 37.18461908920862 51.635965215508 3
    vertex 37.18461908920862 51.635965215508 9.5
  endloop
endfacet
facet normal -0.8229838658936571 -0.5680647467311546 0
  outer loop
    vertex 36.684149183384974 52.58953095190279 9.5
    vertex 36.684149183384974 52.58953095190279 3
    vertex 36.99227605771972 52.143132107959474 3
  endloop
endfacet
facet normal -0.6631226582407933 -0.7485107481711029 0
  outer loop
    vertex 36.684149183384974 52.58953095190279 9.5
    vertex 36.2781456801451 52.94921866912172 3
    vertex 36.684149183384974 52.58953095190279 3
  endloop
endfacet
facet normal -0.8229838658936571 -0.5680647467311546 0
  outer loop
    vertex 36.684149183384974 52.58953095190279 9.5
    vertex 36.99227605771972 52.143132107959474 3
    vertex 36.99227605771972 52.143132107959474 9.5
  endloop
endfacet
facet normal -0.6631226582407933 -0.7485107481711029 0
  outer loop
    vertex 36.2781456801451 52.94921866912172 9.5
    vertex 36.2781456801451 52.94921866912172 3
    vertex 36.684149183384974 52.58953095190279 9.5
  endloop
endfacet
facet normal -0.4647231720437807 -0.8854560256532035 0
  outer loop
    vertex 35.79786099584571 53.20129151690318 9.5
    vertex 35.79786099584571 53.20129151690318 3
    vertex 36.2781456801451 52.94921866912172 3
  endloop
endfacet
facet normal -0.4647231720437807 -0.8854560256532035 0
  outer loop
    vertex 35.79786099584571 53.20129151690318 9.5
    vertex 36.2781456801451 52.94921866912172 3
    vertex 36.2781456801451 52.94921866912172 9.5
  endloop
endfacet
facet normal -0.23931566428754175 -0.9709418174260559 0
  outer loop
    vertex 35.27120753057448 53.33109993758161 9.5
    vertex 35.27120753057448 53.33109993758161 3
    vertex 35.79786099584571 53.20129151690318 3
  endloop
endfacet
facet normal -0.23931566428754175 -0.9709418174260559 0
  outer loop
    vertex 35.27120753057448 53.33109993758161 9.5
    vertex 35.79786099584571 53.20129151690318 3
    vertex 35.79786099584571 53.20129151690318 9.5
  endloop
endfacet
facet normal 0 -1 0
  outer loop
    vertex 34.72879246942552 53.33109993758161 9.5
    vertex 34.72879246942552 53.33109993758161 3
    vertex 35.27120753057448 53.33109993758161 3
  endloop
endfacet
facet normal 0 -1 0
  outer loop
    vertex 34.72879246942552 53.33109993758161 9.5
    vertex 35.27120753057448 53.33109993758161 3
    vertex 35.27120753057448 53.33109993758161 9.5
  endloop
endfacet
facet normal 0.2393156642875448 -0.9709418174260552 0
  outer loop
    vertex 34.2021390041543 53.20129151690318 9.5
    vertex 34.2021390041543 53.20129151690318 3
    vertex 34.72879246942552 53.33109993758161 3
  endloop
endfacet
facet normal 0.2393156642875448 -0.9709418174260552 0
  outer loop
    vertex 34.2021390041543 53.20129151690318 9.5
    vertex 34.72879246942552 53.33109993758161 3
    vertex 34.72879246942552 53.33109993758161 9.5
  endloop
endfacet
facet normal 0.4647231720437753 -0.8854560256532061 0
  outer loop
    vertex 33.7218543198549 52.94921866912172 9.5
    vertex 33.7218543198549 52.94921866912172 3
    vertex 34.2021390041543 53.20129151690318 3
  endloop
endfacet
facet normal 0.6631226582407933 -0.7485107481711029 0
  outer loop
    vertex 33.7218543198549 52.94921866912172 9.5
    vertex 33.315850816615026 52.58953095190279 3
    vertex 33.7218543198549 52.94921866912172 3
  endloop
endfacet
facet normal 0.4647231720437753 -0.8854560256532061 0
  outer loop
    vertex 33.7218543198549 52.94921866912172 9.5
    vertex 34.2021390041543 53.20129151690318 3
    vertex 34.2021390041543 53.20129151690318 9.5
  endloop
endfacet
facet normal 0.6631226582407933 -0.7485107481711029 0
  outer loop
    vertex 33.315850816615026 52.58953095190279 9.5
    vertex 33.315850816615026 52.58953095190279 3
    vertex 33.7218543198549 52.94921866912172 9.5
  endloop
endfacet
facet normal 0.8229838658936571 -0.5680647467311546 0
  outer loop
    vertex 33.00772394228028 52.143132107959474 9.5
    vertex 33.315850816615026 52.58953095190279 3
    vertex 33.315850816615026 52.58953095190279 9.5
  endloop
endfacet
facet normal 0.8229838658936571 -0.5680647467311546 0
  outer loop
    vertex 33.00772394228028 52.143132107959474 9.5
    vertex 33.00772394228028 52.143132107959474 3
    vertex 33.315850816615026 52.58953095190279 3
  endloop
endfacet
facet normal 0.9350162426854136 -0.3546048870425388 0
  outer loop
    vertex 32.81538091079138 51.635965215508 9.5
    vertex 33.00772394228028 52.143132107959474 3
    vertex 33.00772394228028 52.143132107959474 9.5
  endloop
endfacet
facet normal 0.9350162426854136 -0.3546048870425388 0
  outer loop
    vertex 32.81538091079138 51.635965215508 9.5
    vertex 32.81538091079138 51.635965215508 3
    vertex 33.00772394228028 52.143132107959474 3
  endloop
endfacet
facet normal 0.992708874098054 -0.120536680255323 0
  outer loop
    vertex 32.75 51.097504970860996 9.5
    vertex 32.81538091079138 51.635965215508 3
    vertex 32.81538091079138 51.635965215508 9.5
  endloop
endfacet
facet normal 0.992708874098054 -0.120536680255323 0
  outer loop
    vertex 32.75 51.097504970860996 9.5
    vertex 32.75 51.097504970860996 3
    vertex 32.81538091079138 51.635965215508 3
  endloop
endfacet
facet normal 0.9927088740980539 0.12053668025532457 0
  outer loop
    vertex 32.81538091079138 50.559044726214 9.5
    vertex 32.75 51.097504970860996 3
    vertex 32.75 51.097504970860996 9.5
  endloop
endfacet
facet normal 0.9927088740980539 0.12053668025532457 0
  outer loop
    vertex 32.81538091079138 50.559044726214 9.5
    vertex 32.81538091079138 50.559044726214 3
    vertex 32.75 51.097504970860996 3
  endloop
endfacet
facet normal 0.9350162426854152 0.3546048870425344 0
  outer loop
    vertex 33.00772394228028 50.05187783376252 9.5
    vertex 32.81538091079138 50.559044726214 3
    vertex 32.81538091079138 50.559044726214 9.5
  endloop
endfacet
facet normal 0.9350162426854152 0.3546048870425344 0
  outer loop
    vertex 33.00772394228028 50.05187783376252 9.5
    vertex 33.00772394228028 50.05187783376252 3
    vertex 32.81538091079138 50.559044726214 3
  endloop
endfacet
facet normal 0.8229838658936591 0.5680647467311519 0
  outer loop
    vertex 33.31585081661502 49.60547898981921 9.5
    vertex 33.00772394228028 50.05187783376252 3
    vertex 33.00772394228028 50.05187783376252 9.5
  endloop
endfacet
facet normal 0.8229838658936591 0.5680647467311519 0
  outer loop
    vertex 33.31585081661502 49.60547898981921 9.5
    vertex 33.31585081661502 49.60547898981921 3
    vertex 33.00772394228028 50.05187783376252 3
  endloop
endfacet
facet normal 0.6631226582407941 0.748510748171102 0
  outer loop
    vertex 33.7218543198549 49.24579127260027 9.5
    vertex 33.31585081661502 49.60547898981921 3
    vertex 33.31585081661502 49.60547898981921 9.5
  endloop
endfacet
facet normal 0.6631226582407941 0.748510748171102 0
  outer loop
    vertex 33.7218543198549 49.24579127260027 9.5
    vertex 33.7218543198549 49.24579127260027 3
    vertex 33.31585081661502 49.60547898981921 3
  endloop
endfacet
facet normal 0.46472317204377045 0.8854560256532088 0
  outer loop
    vertex 33.7218543198549 49.24579127260027 9.5
    vertex 34.20213900415429 48.993718424818816 3
    vertex 33.7218543198549 49.24579127260027 3
  endloop
endfacet
facet normal 0.46472317204377045 0.8854560256532088 0
  outer loop
    vertex 34.20213900415429 48.993718424818816 9.5
    vertex 34.20213900415429 48.993718424818816 3
    vertex 33.7218543198549 49.24579127260027 9.5
  endloop
endfacet
facet normal 0.2393156642875695 0.9709418174260491 0
  outer loop
    vertex 34.20213900415429 48.993718424818816 9.5
    vertex 34.728792469425514 48.86391000414037 3
    vertex 34.20213900415429 48.993718424818816 3
  endloop
endfacet
facet normal 0.2393156642875695 0.9709418174260491 0
  outer loop
    vertex 34.728792469425514 48.86391000414037 9.5
    vertex 34.728792469425514 48.86391000414037 3
    vertex 34.20213900415429 48.993718424818816 9.5
  endloop
endfacet
facet normal 0 1 0
  outer loop
    vertex 35.27120753057447 48.86391000414037 9.5
    vertex 34.728792469425514 48.86391000414037 3
    vertex 34.728792469425514 48.86391000414037 9.5
  endloop
endfacet
facet normal 0 1 0
  outer loop
    vertex 35.27120753057447 48.86391000414037 9.5
    vertex 35.27120753057447 48.86391000414037 3
    vertex 34.728792469425514 48.86391000414037 3
  endloop
endfacet
facet normal -0.23931566428755716 0.9709418174260521 0
  outer loop
    vertex 35.797860995845696 48.99371842481881 9.5
    vertex 35.27120753057447 48.86391000414037 3
    vertex 35.27120753057447 48.86391000414037 9.5
  endloop
endfacet
facet normal -0.23931566428755716 0.9709418174260521 0
  outer loop
    vertex 35.797860995845696 48.99371842481881 9.5
    vertex 35.797860995845696 48.99371842481881 3
    vertex 35.27120753057447 48.86391000414037 3
  endloop
endfacet
facet normal -0.4647231720437651 0.8854560256532117 0
  outer loop
    vertex 35.797860995845696 48.99371842481881 9.5
    vertex 36.278145680145094 49.245791272600265 3
    vertex 35.797860995845696 48.99371842481881 3
  endloop
endfacet
facet normal -0.4647231720437651 0.8854560256532117 0
  outer loop
    vertex 36.278145680145094 49.245791272600265 9.5
    vertex 36.278145680145094 49.245791272600265 3
    vertex 35.797860995845696 48.99371842481881 9.5
  endloop
endfacet
facet normal -0.6631226582407941 0.748510748171102 0
  outer loop
    vertex 36.684149183384974 49.605478989819204 9.5
    vertex 36.278145680145094 49.245791272600265 3
    vertex 36.278145680145094 49.245791272600265 9.5
  endloop
endfacet
facet normal -0.6631226582407941 0.748510748171102 0
  outer loop
    vertex 36.684149183384974 49.605478989819204 9.5
    vertex 36.684149183384974 49.605478989819204 3
    vertex 36.278145680145094 49.245791272600265 3
  endloop
endfacet
facet normal -0.822983865893653 0.5680647467311608 0
  outer loop
    vertex 36.99227605771972 50.05187783376251 9.5
    vertex 36.684149183384974 49.605478989819204 3
    vertex 36.684149183384974 49.605478989819204 9.5
  endloop
endfacet
facet normal -0.822983865893653 0.5680647467311608 0
  outer loop
    vertex 36.99227605771972 50.05187783376251 9.5
    vertex 36.99227605771972 50.05187783376251 3
    vertex 36.684149183384974 49.605478989819204 3
  endloop
endfacet
facet normal -0.9350162426854136 0.3546048870425388 0
  outer loop
    vertex 37.18461908920862 50.55904472621398 9.5
    vertex 37.18461908920862 50.55904472621398 3
    vertex 36.99227605771972 50.05187783376251 3
  endloop
endfacet
facet normal -0.9350162426854136 0.3546048870425388 0
  outer loop
    vertex 37.18461908920862 50.55904472621398 9.5
    vertex 36.99227605771972 50.05187783376251 3
    vertex 36.99227605771972 50.05187783376251 9.5
  endloop
endfacet
facet normal -0.9927088740980542 0.12053668025532144 0
  outer loop
    vertex 37.25 51.097504970860996 9.5
    vertex 37.25 51.097504970860996 3
    vertex 37.18461908920862 50.55904472621398 3
  endloop
endfacet
facet normal -0.9927088740980542 0.12053668025532144 0
  outer loop
    vertex 37.25 51.097504970860996 9.5
    vertex 37.18461908920862 50.55904472621398 3
    vertex 37.18461908920862 50.55904472621398 9.5
  endloop
endfacet
facet normal 0 0 0.9999999999999999
  outer loop
    vertex 50 20 5
    vertex 50 20.6874123717 5
    vertex 47.990140682897 20 5
  endloop
endfacet
facet normal 0 -1 0
  outer loop
    vertex 20 20 10
    vertex 47.990140682897 20 5
    vertex 47.990140682897 20 10
  endloop
endfacet
facet normal 0 -1 0
  outer loop
    vertex 20 20 10
    vertex 20 20 5
    vertex 47.990140682897 20 5
  endloop
endfacet
facet normal 0 0 0.9999999999999999
  outer loop
    vertex 50 81.50759757002099 5
    vertex 50 82.195009941721 5
    vertex 47.990140682897 82.195009941721 5
  endloop
endfacet
facet normal 1 0 0
  outer loop
    vertex 50 80.68741237169999 10
    vertex 50 81.50759757002099 5
    vertex 50 81.50759757002099 10
  endloop
endfacet
facet normal 1 0 0
  outer loop
    vertex 50 80.68741237169999 10
    vertex 50 80.68741237169999 5
    vertex 50 81.50759757002099 5
  endloop
endfacet
facet normal 0 0 1
  outer loop
    vertex 50 78.50759757002099 5
    vertex 50 80.68741237169999 5
    vertex 47.990140682897 80 5
  endloop
endfacet
facet normal 0 0 0.9999999999999999
  outer loop
    vertex 50 78.50759757002099 5
    vertex 47.990140682897 80 5
    vertex 47.990140682897 79.195009941721 5
  endloop
endfacet
facet normal 1 0 0
  outer loop
    vertex 50 77.68741237169999 10
    vertex 50 78.50759757002099 5
    vertex 50 78.50759757002099 10
  endloop
endfacet
facet normal 1 0 0
  outer loop
    vertex 50 77.68741237169999 10
    vertex 50 77.68741237169999 5
    vertex 50 78.50759757002099 5
  endloop
endfacet
facet normal 1 0 0
  outer loop
    vertex 50 20.6874123717 10
    vertex 50 21.507597570020998 5
    vertex 50 21.507597570020998 10
  endloop
endfacet
facet normal 1 0 0
  outer loop
    vertex 50 20.6874123717 10
    vertex 50 20.6874123717 5
    vertex 50 21.507597570020998 5
  endloop
endfacet
facet normal 0 0 1
  outer loop
    vertex 50 75.50759757002099 5
    vertex 50 77.68741237169999 5
    vertex 47.990140682897 77 5
  endloop
endfacet
facet normal 0 0 0.9999999999999999
  outer loop
    vertex 50 75.50759757002099 5
    vertex 47.990140682897 77 5
    vertex 47.990140682897 76.195009941721 5
  endloop
endfacet
facet normal 0 0 0.9999999999999999
  outer loop
    vertex 50 21.507597570020998 5
    vertex 47.990140682897 23 5
    vertex 47.990140682897 22.195009941720997 5
  endloop
endfacet
facet normal 0 0 1
  outer loop
    vertex 50 21.507597570020998 5
    vertex 50 23.6874123717 5
    vertex 47.990140682897 23 5
  endloop
endfacet
facet normal 1 0 0
  outer loop
    vertex 50 74.68741237169999 10
    vertex 50 75.50759757002099 5
    vertex 50 75.50759757002099 10
  endloop
endfacet
facet normal 1 0 0
  outer loop
    vertex 50 74.68741237169999 10
    vertex 50 74.68741237169999 5
    vertex 50 75.50759757002099 5
  endloop
endfacet
facet normal 1 0 0
  outer loop
    vertex 50 23.6874123717 10
    vertex 50 24.507597570020998 5
    vertex 50 24.507597570020998 10
  endloop
endfacet
facet normal 1 0 0
  outer loop
    vertex 50 23.6874123717 10
    vertex 50 23.6874123717 5
    vertex 50 24.507597570020998 5
  endloop
endfacet
facet normal 0 0 0.9999999999999999
  outer loop
    vertex 50 74.68741237169999 5
    vertex 47.990140682897 74 5
    vertex 47.990140682897 73.195009941721 5
  endloop
endfacet
facet normal 0 0 1
  outer loop
    vertex 50 72.50759757002099 5
    vertex 50 74.68741237169999 5
    vertex 47.990140682897 73.195009941721 5
  endloop
endfacet
facet normal 0 0 0.9999999999999999
  outer loop
    vertex 50 24.507597570020998 5
    vertex 47.990140682897 26 5
    vertex 47.990140682897 25.195009941720997 5
  endloop
endfacet
facet normal 0 0 1
  outer loop
    vertex 50 24.507597570020998 5
    vertex 50 26.6874123717 5
    vertex 47.990140682897 26 5
  endloop
endfacet
facet normal 1 0 0
  outer loop
    vertex 50 71.68741237169999 10
    vertex 50 72.50759757002099 5
    vertex 50 72.50759757002099 10
  endloop
endfacet
facet normal 1 0 0
  outer loop
    vertex 50 71.68741237169999 10
    vertex 50 71.68741237169999 5
    vertex 50 72.50759757002099 5
  endloop
endfacet
facet normal 1 0 0
  outer loop
    vertex 50 26.6874123717 10
    vertex 50 27.507597570020998 5
    vertex 50 27.507597570020998 10
  endloop
endfacet
facet normal 1 0 0
  outer loop
    vertex 50 26.6874123717 10
    vertex 50 26.6874123717 5
    vertex 50 27.507597570020998 5
  endloop
endfacet
facet normal 0 0 0.9999999999999999
  outer loop
    vertex 50 71.68741237169999 5
    vertex 47.990140682897 71 5
    vertex 47.990140682897 70.195009941721 5
  endloop
endfacet
facet normal 0 0 1
  outer loop
    vertex 50 69.50759757002099 5
    vertex 50 71.68741237169999 5
    vertex 47.990140682897 70.195009941721 5
  endloop
endfacet
facet normal 0 0 0.9999999999999999
  outer loop
    vertex 50 27.507597570020998 5
    vertex 47.990140682897 29 5
    vertex 47.990140682897 28.195009941720997 5
  endloop
endfacet
facet normal 0 0 1
  outer loop
    vertex 50 27.507597570020998 5
    vertex 50 29.6874123717 5
    vertex 47.990140682897 29 5
  endloop
endfacet
facet normal 1 0 0
  outer loop
    vertex 50 68.68741237169999 10
    vertex 50 69.50759757002099 5
    vertex 50 69.50759757002099 10
  endloop
endfacet
facet normal 1 0 0
  outer loop
    vertex 50 68.68741237169999 10
    vertex 50 68.68741237169999 5
    vertex 50 69.50759757002099 5
  endloop
endfacet
facet normal 1 0 0
  outer loop
    vertex 50 29.6874123717 10
    vertex 50 30.507597570020998 5
    vertex 50 30.507597570020998 10
  endloop
endfacet
facet normal 1 0 0
  outer loop
    vertex 50 29.6874123717 10
    vertex 50 29.6874123717 5
    vertex 50 30.507597570020998 5
  endloop
endfacet
facet normal 0 0 0.9999999999999999
  outer loop
    vertex 50 68.68741237169999 5
    vertex 47.990140682897 68 5
    vertex 47.990140682897 67.195009941721 5
  endloop
endfacet
facet normal 0 0 1
  outer loop
    vertex 50 66.50759757002099 5
    vertex 50 68.68741237169999 5
    vertex 47.990140682897 67.195009941721 5
  endloop
endfacet
facet normal 0 0 0.9999999999999999
  outer loop
    vertex 50 30.507597570020998 5
    vertex 47.990140682897 32 5
    vertex 47.990140682897 31.195009941720997 5
  endloop
endfacet
facet normal 0 0 1
  outer loop
    vertex 50 30.507597570020998 5
    vertex 50 32.6874123717 5
    vertex 47.990140682897 32 5
  endloop
endfacet
facet normal 1 0 0
  outer loop
    vertex 50 65.68741237169999 10
    vertex 50 66.50759757002099 5
    vertex 50 66.50759757002099 10
  endloop
endfacet
facet normal 1 0 0
  outer loop
    vertex 50 65.68741237169999 10
    vertex 50 65.68741237169999 5
    vertex 50 66.50759757002099 5
  endloop
endfacet
facet normal 1 0 0
  outer loop
    vertex 50 32.6874123717 10
    vertex 50 33.507597570021 5
    vertex 50 33.507597570021 10
  endloop
endfacet
facet normal 1 0 0
  outer loop
    vertex 50 32.6874123717 10
    vertex 50 32.6874123717 5
    vertex 50 33.507597570021 5
  endloop
endfacet
facet normal 0 0 1
  outer loop
    vertex 50 63.507597570021 5
    vertex 50 65.68741237169999 5
    vertex 47.990140682897 65 5
  endloop
endfacet
facet normal 0 0 0.9999999999999999
  outer loop
    vertex 50 63.507597570021 5
    vertex 47.990140682897 65 5
    vertex 47.990140682897 64.195009941721 5
  endloop
endfacet
facet normal 0 0 0.9999999999999999
  outer loop
    vertex 50 33.507597570021 5
    vertex 47.990140682897 35 5
    vertex 47.990140682897 34.195009941721 5
  endloop
endfacet
facet normal 0 0 1
  outer loop
    vertex 50 33.507597570021 5
    vertex 50 35.6874123717 5
    vertex 47.990140682897 35 5
  endloop
endfacet
facet normal 1 0 0
  outer loop
    vertex 50 62.68741237169999 10
    vertex 50 63.507597570021 5
    vertex 50 63.507597570021 10
  endloop
endfacet
facet normal 1 0 0
  outer loop
    vertex 50 62.68741237169999 10
    vertex 50 62.68741237169999 5
    vertex 50 63.507597570021 5
  endloop
endfacet
facet normal 1 0 0
  outer loop
    vertex 50 35.6874123717 10
    vertex 50 36.507597570021 5
    vertex 50 36.507597570021 10
  endloop
endfacet
facet normal 1 0 0
  outer loop
    vertex 50 35.6874123717 10
    vertex 50 35.6874123717 5
    vertex 50 36.507597570021 5
  endloop
endfacet
facet normal 0 0 1
  outer loop
    vertex 50 60.507597570021 5
    vertex 50 62.68741237169999 5
    vertex 47.990140682897 62 5
  endloop
endfacet
facet normal 0 0 0.9999999999999999
  outer loop
    vertex 50 60.507597570021 5
    vertex 47.990140682897 62 5
    vertex 47.990140682897 61.195009941721 5
  endloop
endfacet
facet normal 0 0 0.9999999999999999
  outer loop
    vertex 50 36.507597570021 5
    vertex 47.990140682897 38 5
    vertex 47.990140682897 37.195009941721 5
  endloop
endfacet
facet normal 0 0 1
  outer loop
    vertex 50 36.507597570021 5
    vertex 50 38.6874123717 5
    vertex 47.990140682897 38 5
  endloop
endfacet
facet normal 1 0 0
  outer loop
    vertex 50 59.68741237169999 10
    vertex 50 60.507597570021 5
    vertex 50 60.507597570021 10
  endloop
endfacet
facet normal 1 0 0
  outer loop
    vertex 50 59.68741237169999 10
    vertex 50 59.68741237169999 5
    vertex 50 60.507597570021 5
  endloop
endfacet
facet normal 1 0 0
  outer loop
    vertex 50 38.6874123717 10
    vertex 50 39.507597570021 5
    vertex 50 39.507597570021 10
  endloop
endfacet
facet normal 1 0 0
  outer loop
    vertex 50 38.6874123717 10
    vertex 50 38.6874123717 5
    vertex 50 39.507597570021 5
  endloop
endfacet
facet normal 0 0 1
  outer loop
    vertex 50 57.507597570021 5
    vertex 50 59.68741237169999 5
    vertex 47.990140682897 59 5
  endloop
endfacet
facet normal 0 0 0.9999999999999999
  outer loop
    vertex 50 57.507597570021 5
    vertex 47.990140682897 59 5
    vertex 47.990140682897 58.195009941721 5
  endloop
endfacet
facet normal 0 0 0.9999999999999999
  outer loop
    vertex 50 39.507597570021 5
    vertex 47.990140682897 41 5
    vertex 47.990140682897 40.195009941721 5
  endloop
endfacet
facet normal 0 0 1
  outer loop
    vertex 50 39.507597570021 5
    vertex 50 41.6874123717 5
    vertex 47.990140682897 41 5
  endloop
endfacet
facet normal 1 0 0
  outer loop
    vertex 50 56.68741237169999 10
    vertex 50 57.507597570021 5
    vertex 50 57.507597570021 10
  endloop
endfacet
facet normal 1 0 0
  outer loop
    vertex 50 56.68741237169999 10
    vertex 50 56.68741237169999 5
    vertex 50 57.507597570021 5
  endloop
endfacet
facet normal 1 0 0
  outer loop
    vertex 50 41.6874123717 10
    vertex 50 42.507597570021 5
    vertex 50 42.507597570021 10
  endloop
endfacet
facet normal 1 0 0
  outer loop
    vertex 50 41.6874123717 10
    vertex 50 41.6874123717 5
    vertex 50 42.507597570021 5
  endloop
endfacet
facet normal 0 0 1
  outer loop
    vertex 50 54.507597570021 5
    vertex 50 56.68741237169999 5
    vertex 47.990140682897 56 5
  endloop
endfacet
facet normal 0 0 0.9999999999999999
  outer loop
    vertex 50 54.507597570021 5
    vertex 47.990140682897 56 5
    vertex 47.990140682897 55.195009941721 5
  endloop
endfacet
facet normal 0 0 0.9999999999999999
  outer loop
    vertex 50 42.507597570021 5
    vertex 47.990140682897 44 5
    vertex 47.990140682897 43.195009941721 5
  endloop
endfacet
facet normal 0 0 1
  outer loop
    vertex 50 42.507597570021 5
    vertex 50 44.6874123717 5
    vertex 47.990140682897 44 5
  endloop
endfacet
facet normal 1 0 0
  outer loop
    vertex 50 53.68741237169999 10
    vertex 50 54.507597570021 5
    vertex 50 54.507597570021 10
  endloop
endfacet
facet normal 1 0 0
  outer loop
    vertex 50 53.68741237169999 10
    vertex 50 53.68741237169999 5
    vertex 50 54.507597570021 5
  endloop
endfacet
facet normal 1 0 0
  outer loop
    vertex 50 44.6874123717 10
    vertex 50 45.507597570021 5
    vertex 50 45.507597570021 10
  endloop
endfacet
facet normal 1 0 0
  outer loop
    vertex 50 44.6874123717 10
    vertex 50 44.6874123717 5
    vertex 50 45.507597570021 5
  endloop
endfacet
facet normal 0 0 0.9999999999999999
  outer loop
    vertex 50 51.507597570021 5
    vertex 47.990140682897 53 5
    vertex 47.990140682897 52.195009941721 5
  endloop
endfacet
facet normal 0 0 1
  outer loop
    vertex 50 51.507597570021 5
    vertex 50 53.68741237169999 5
    vertex 47.990140682897 53 5
  endloop
endfacet
facet normal 0 0 0.9999999999999999
  outer loop
    vertex 50 45.507597570021 5
    vertex 47.990140682897 47 5
    vertex 47.990140682897 46.195009941721 5
  endloop
endfacet
facet normal 0 0 1
  outer loop
    vertex 50 45.507597570021 5
    vertex 50 47.6874123717 5
    vertex 47.990140682897 47 5
  endloop
endfacet
facet normal 1 0 0
  outer loop
    vertex 50 50.68741237169999 10
    vertex 50 51.507597570021 5
    vertex 50 51.507597570021 10
  endloop
endfacet
facet normal 1 0 0
  outer loop
    vertex 50 50.68741237169999 10
    vertex 50 50.68741237169999 5
    vertex 50 51.507597570021 5
  endloop
endfacet
facet normal 1 0 0
  outer loop
    vertex 50 47.6874123717 10
    vertex 50 48.507597570021 5
    vertex 50 48.507597570021 10
  endloop
endfacet
facet normal 1 0 0
  outer loop
    vertex 50 47.6874123717 10
    vertex 50 47.6874123717 5
    vertex 50 48.507597570021 5
  endloop
endfacet
facet normal 0 0 0.9999999999999999
  outer loop
    vertex 50 50.68741237169999 5
    vertex 47.990140682897 50 5
    vertex 47.990140682897 49.195009941721 5
  endloop
endfacet
facet normal 0 0 1
  outer loop
    vertex 50 48.507597570021 5
    vertex 50 50.68741237169999 5
    vertex 47.990140682897 49.195009941721 5
  endloop
endfacet
facet normal -1 0 0
  outer loop
    vertex 20 82.195009941721 10
    vertex 20 20 5
    vertex 20 20 10
  endloop
endfacet
facet normal -1 0 0
  outer loop
    vertex 20 82.195009941721 10
    vertex 20 82.195009941721 5
    vertex 20 20 5
  endloop
endfacet
facet normal 0 1 0
  outer loop
    vertex 47.990140682897 82.195009941721 10
    vertex 20 82.195009941721 5
    vertex 20 82.195009941721 10
  endloop
endfacet
facet normal 0 1 0
  outer loop
    vertex 47.990140682897 82.195009941721 10
    vertex 47.990140682897 82.195009941721 5
    vertex 20 82.195009941721 5
  endloop
endfacet
facet normal 0 0 1
  outer loop
    vertex 33.7218543198549 52.94921866912172 9.5
    vertex 30 61.097504970860996 9.5
    vertex 33.315850816615026 52.58953095190279 9.5
  endloop
endfacet
facet normal 0 0 1
  outer loop
    vertex 33.00772394228028 52.143132107959474 9.5
    vertex 33.315850816615026 52.58953095190279 9.5
    vertex 30 61.097504970860996 9.5
  endloop
endfacet
facet normal 0 0 1
  outer loop
    vertex 34.2021390041543 53.20129151690318 9.5
    vertex 30 61.097504970860996 9.5
    vertex 33.7218543198549 52.94921866912172 9.5
  endloop
endfacet
facet normal 0 0 1
  outer loop
    vertex 32.81538091079138 51.635965215508 9.5
    vertex 33.00772394228028 52.143132107959474 9.5
    vertex 30 61.097504970860996 9.5
  endloop
endfacet
facet normal 0 0 1
  outer loop
    vertex 34.72879246942552 53.33109993758161 9.5
    vertex 30 61.097504970860996 9.5
    vertex 34.2021390041543 53.20129151690318 9.5
  endloop
endfacet
facet normal 0 0 1
  outer loop
    vertex 32.75 51.097504970860996 9.5
    vertex 32.81538091079138 51.635965215508 9.5
    vertex 30 61.097504970860996 9.5
  endloop
endfacet
facet normal 0 0 1
  outer loop
    vertex 35.27120753057448 53.33109993758161 9.5
    vertex 40 61.097504970860996 9.5
    vertex 30 61.097504970860996 9.5
  endloop
endfacet
facet normal 0 0 1
  outer loop
    vertex 35.27120753057448 53.33109993758161 9.5
    vertex 30 61.097504970860996 9.5
    vertex 34.72879246942552 53.33109993758161 9.5
  endloop
endfacet
facet normal 0 0 1
  outer loop
    vertex 35.79786099584571 53.20129151690318 9.5
    vertex 40 61.097504970860996 9.5
    vertex 35.27120753057448 53.33109993758161 9.5
  endloop
endfacet
facet normal 0 0 1
  outer loop
    vertex 36.2781456801451 52.94921866912172 9.5
    vertex 40 61.097504970860996 9.5
    vertex 35.79786099584571 53.20129151690318 9.5
  endloop
endfacet
facet normal 0 0 1
  outer loop
    vertex 36.684149183384974 52.58953095190279 9.5
    vertex 40 61.097504970860996 9.5
    vertex 36.2781456801451 52.94921866912172 9.5
  endloop
endfacet
facet normal 0 0 1
  outer loop
    vertex 36.99227605771972 52.143132107959474 9.5
    vertex 40 61.097504970860996 9.5
    vertex 36.684149183384974 52.58953095190279 9.5
  endloop
endfacet
facet normal 0 0 1
  outer loop
    vertex 37.18461908920862 51.635965215508 9.5
    vertex 40 61.097504970860996 9.5
    vertex 36.99227605771972 52.143132107959474 9.5
  endloop
endfacet
facet normal 0 0 1
  outer loop
    vertex 37.25 51.097504970860996 9.5
    vertex 40 61.097504970860996 9.5
    vertex 37.18461908920862 51.635965215508 9.5
  endloop
endfacet
facet normal 0 0 1
  outer loop
    vertex 30 41.097504970860996 9.5
    vertex 32.81538091079138 50.559044726214 9.5
    vertex 32.75 51.097504970860996 9.5
  endloop
endfacet
facet normal 0 0 1
  outer loop
    vertex 30 41.097504970860996 9.5
    vertex 33.00772394228028 50.05187783376252 9.5
    vertex 32.81538091079138 50.559044726214 9.5
  endloop
endfacet
facet normal 0 0 1
  outer loop
    vertex 30 41.097504970860996 9.5
    vertex 33.31585081661502 49.60547898981921 9.5
    vertex 33.00772394228028 50.05187783376252 9.5
  endloop
endfacet
facet normal 0 0 1
  outer loop
    vertex 30 41.097504970860996 9.5
    vertex 33.7218543198549 49.24579127260027 9.5
    vertex 33.31585081661502 49.60547898981921 9.5
  endloop
endfacet
facet normal 0 0 1
  outer loop
    vertex 30 41.097504970860996 9.5
    vertex 34.20213900415429 48.993718424818816 9.5
    vertex 33.7218543198549 49.24579127260027 9.5
  endloop
endfacet
facet normal 0 0 0.9999999999999999
  outer loop
    vertex 30 41.097504970860996 9.5
    vertex 34.728792469425514 48.86391000414037 9.5
    vertex 34.20213900415429 48.993718424818816 9.5
  endloop
endfacet
facet normal 0 0 1
  outer loop
    vertex 30 41.097504970860996 9.5
    vertex 35.27120753057447 48.86391000414037 9.5
    vertex 34.728792469425514 48.86391000414037 9.5
  endloop
endfacet
facet normal 0 0 1
  outer loop
    vertex 30 41.097504970860996 9.5
    vertex 32.75 51.097504970860996 9.5
    vertex 30 61.097504970860996 9.5
  endloop
endfacet
facet normal 0 0 1
  outer loop
    vertex 40 41.097504970860996 9.5
    vertex 35.797860995845696 48.99371842481881 9.5
    vertex 35.27120753057447 48.86391000414037 9.5
  endloop
endfacet
facet normal 0 0 1
  outer loop
    vertex 40 41.097504970860996 9.5
    vertex 36.278145680145094 49.245791272600265 9.5
    vertex 35.797860995845696 48.99371842481881 9.5
  endloop
endfacet
facet normal 0 0 1
  outer loop
    vertex 40 41.097504970860996 9.5
    vertex 36.684149183384974 49.605478989819204 9.5
    vertex 36.278145680145094 49.245791272600265 9.5
  endloop
endfacet
facet normal 0 0 1
  outer loop
    vertex 40 41.097504970860996 9.5
    vertex 36.99227605771972 50.05187783376251 9.5
    vertex 36.684149183384974 49.605478989819204 9.5
  endloop
endfacet
facet normal 0 0 1
  outer loop
    vertex 40 41.097504970860996 9.5
    vertex 37.18461908920862 50.55904472621398 9.5
    vertex 36.99227605771972 50.05187783376251 9.5
  endloop
endfacet
facet normal 0 0 1
  outer loop
    vertex 40 41.097504970860996 9.5
    vertex 37.25 51.097504970860996 9.5
    vertex 37.18461908920862 50.55904472621398 9.5
  endloop
endfacet
facet normal 0 0 1
  outer loop
    vertex 40 41.097504970860996 9.5
    vertex 35.27120753057447 48.86391000414037 9.5
    vertex 30 41.097504970860996 9.5
  endloop
endfacet
facet normal 0 0 1
  outer loop
    vertex 40 41.097504970860996 9.5
    vertex 40 61.097504970860996 9.5
    vertex 37.25 51.097504970860996 9.5
  endloop
endfacet
facet normal 0.32361557711818467 -0.9461886483394653 0
  outer loop
    vertex 47.990140682897 20 10
    vertex 50 20.6874123717 5
    vertex 50 20.6874123717 10
  endloop
endfacet
facet normal 0.32361557711818467 -0.9461886483394653 0
  outer loop
    vertex 47.990140682897 20 10
    vertex 47.990140682897 20 5
    vertex 50 20.6874123717 5
  endloop
endfacet
facet normal 0 0 1
  outer loop
    vertex 47.990140682897 80 10
    vertex 47.990140682897 82.195009941721 10
    vertex 20 82.195009941721 10
  endloop
endfacet
facet normal 0 0 1
  outer loop
    vertex 47.990140682897 79.195009941721 10
    vertex 47.990140682897 80 10
    vertex 20 82.195009941721 10
  endloop
endfacet
facet normal 0 0 1
  outer loop
    vertex 50 80.68741237169999 10
    vertex 50 81.50759757002099 10
    vertex 47.990140682897 82.195009941721 10
  endloop
endfacet
facet normal 0 0 1
  outer loop
    vertex 50 80.68741237169999 10
    vertex 47.990140682897 82.195009941721 10
    vertex 47.990140682897 80 10
  endloop
endfacet
facet normal 0 0 1
  outer loop
    vertex 47.990140682897 77 10
    vertex 47.990140682897 79.195009941721 10
    vertex 20 82.195009941721 10
  endloop
endfacet
facet normal 0 0 1
  outer loop
    vertex 47.990140682897 76.195009941721 10
    vertex 20 82.195009941721 10
    vertex 30 61.097504970860996 10
  endloop
endfacet
facet normal 0 0 1
  outer loop
    vertex 47.990140682897 76.195009941721 10
    vertex 47.990140682897 77 10
    vertex 20 82.195009941721 10
  endloop
endfacet
facet normal 0 0 1
  outer loop
    vertex 50 77.68741237169999 10
    vertex 50 78.50759757002099 10
    vertex 47.990140682897 79.195009941721 10
  endloop
endfacet
facet normal 0 0 1
  outer loop
    vertex 50 77.68741237169999 10
    vertex 47.990140682897 79.195009941721 10
    vertex 47.990140682897 77 10
  endloop
endfacet
facet normal 0 0 1
  outer loop
    vertex 47.990140682897 74 10
    vertex 47.990140682897 76.195009941721 10
    vertex 30 61.097504970860996 10
  endloop
endfacet
facet normal 0 0 1
  outer loop
    vertex 50 75.50759757002099 10
    vertex 47.990140682897 76.195009941721 10
    vertex 47.990140682897 74 10
  endloop
endfacet
facet normal 0 0 1
  outer loop
    vertex 47.990140682897 73.195009941721 10
    vertex 47.990140682897 74 10
    vertex 30 61.097504970860996 10
  endloop
endfacet
facet normal 0 0 1
  outer loop
    vertex 50 74.68741237169999 10
    vertex 50 75.50759757002099 10
    vertex 47.990140682897 74 10
  endloop
endfacet
facet normal 0 0 1
  outer loop
    vertex 50 72.50759757002099 10
    vertex 47.990140682897 73.195009941721 10
    vertex 47.990140682897 71 10
  endloop
endfacet
facet normal 0 0 1
  outer loop
    vertex 50 71.68741237169999 10
    vertex 50 72.50759757002099 10
    vertex 47.990140682897 71 10
  endloop
endfacet
facet normal 0 0 1
  outer loop
    vertex 40 61.097504970860996 10
    vertex 47.990140682897 70.195009941721 10
    vertex 47.990140682897 71 10
  endloop
endfacet
facet normal 0 0 1
  outer loop
    vertex 40 61.097504970860996 10
    vertex 47.990140682897 73.195009941721 10
    vertex 30 61.097504970860996 10
  endloop
endfacet
facet normal 0 0 1
  outer loop
    vertex 40 61.097504970860996 10
    vertex 47.990140682897 71 10
    vertex 47.990140682897 73.195009941721 10
  endloop
endfacet
facet normal 0 0 1
  outer loop
    vertex 47.990140682897 68 10
    vertex 47.990140682897 70.195009941721 10
    vertex 40 61.097504970860996 10
  endloop
endfacet
facet normal 0 0 1
  outer loop
    vertex 50 69.50759757002099 10
    vertex 47.990140682897 70.195009941721 10
    vertex 47.990140682897 68 10
  endloop
endfacet
facet normal 0 0 1
  outer loop
    vertex 47.990140682897 67.195009941721 10
    vertex 47.990140682897 68 10
    vertex 40 61.097504970860996 10
  endloop
endfacet
facet normal 0 0 1
  outer loop
    vertex 50 68.68741237169999 10
    vertex 50 69.50759757002099 10
    vertex 47.990140682897 68 10
  endloop
endfacet
facet normal 0 0 1
  outer loop
    vertex 47.990140682897 65 10
    vertex 47.990140682897 67.195009941721 10
    vertex 40 61.097504970860996 10
  endloop
endfacet
facet normal 0 0 1
  outer loop
    vertex 47.990140682897 64.195009941721 10
    vertex 47.990140682897 65 10
    vertex 40 61.097504970860996 10
  endloop
endfacet
facet normal 0 0 1
  outer loop
    vertex 50 65.68741237169999 10
    vertex 50 66.50759757002099 10
    vertex 47.990140682897 67.195009941721 10
  endloop
endfacet
facet normal 0 0 1
  outer loop
    vertex 50 65.68741237169999 10
    vertex 47.990140682897 67.195009941721 10
    vertex 47.990140682897 65 10
  endloop
endfacet
facet normal 0 0 1
  outer loop
    vertex 47.990140682897 62 10
    vertex 47.990140682897 64.195009941721 10
    vertex 40 61.097504970860996 10
  endloop
endfacet
facet normal 0 0 1
  outer loop
    vertex 50 63.507597570021 10
    vertex 47.990140682897 64.195009941721 10
    vertex 47.990140682897 62 10
  endloop
endfacet
facet normal 0 0 1
  outer loop
    vertex 47.990140682897 61.195009941721 10
    vertex 47.990140682897 62 10
    vertex 40 61.097504970860996 10
  endloop
endfacet
facet normal 0 0 1
  outer loop
    vertex 50 62.68741237169999 10
    vertex 50 63.507597570021 10
    vertex 47.990140682897 62 10
  endloop
endfacet
facet normal 0 0 1
  outer loop
    vertex 30 41.097504970860996 10
    vertex 30 61.097504970860996 10
    vertex 20 82.195009941721 10
  endloop
endfacet
facet normal 0 0 1
  outer loop
    vertex 47.990140682897 59 10
    vertex 47.990140682897 61.195009941721 10
    vertex 40 61.097504970860996 10
  endloop
endfacet
facet normal 0 0 1
  outer loop
    vertex 50 60.507597570021 10
    vertex 47.990140682897 61.195009941721 10
    vertex 47.990140682897 59 10
  endloop
endfacet
facet normal 0 0 1
  outer loop
    vertex 47.990140682897 58.195009941721 10
    vertex 47.990140682897 59 10
    vertex 40 61.097504970860996 10
  endloop
endfacet
facet normal 0 0 1
  outer loop
    vertex 50 59.68741237169999 10
    vertex 50 60.507597570021 10
    vertex 47.990140682897 59 10
  endloop
endfacet
facet normal 0 0 1
  outer loop
    vertex 47.990140682897 56 10
    vertex 47.990140682897 58.195009941721 10
    vertex 40 61.097504970860996 10
  endloop
endfacet
facet normal 0 0 1
  outer loop
    vertex 50 57.507597570021 10
    vertex 47.990140682897 58.195009941721 10
    vertex 47.990140682897 56 10
  endloop
endfacet
facet normal 0 0 1
  outer loop
    vertex 47.990140682897 55.195009941721 10
    vertex 47.990140682897 56 10
    vertex 40 61.097504970860996 10
  endloop
endfacet
facet normal 0 0 1
  outer loop
    vertex 50 56.68741237169999 10
    vertex 50 57.507597570021 10
    vertex 47.990140682897 56 10
  endloop
endfacet
facet normal 0 0 1
  outer loop
    vertex 47.990140682897 53 10
    vertex 47.990140682897 55.195009941721 10
    vertex 40 61.097504970860996 10
  endloop
endfacet
facet normal 0 0 1
  outer loop
    vertex 50 54.507597570021 10
    vertex 47.990140682897 55.195009941721 10
    vertex 47.990140682897 53 10
  endloop
endfacet
facet normal 0 0 1
  outer loop
    vertex 47.990140682897 52.195009941721 10
    vertex 47.990140682897 53 10
    vertex 40 61.097504970860996 10
  endloop
endfacet
facet normal 0 0 1
  outer loop
    vertex 50 53.68741237169999 10
    vertex 50 54.507597570021 10
    vertex 47.990140682897 53 10
  endloop
endfacet
facet normal 0 0 1
  outer loop
    vertex 50 51.507597570021 10
    vertex 47.990140682897 52.195009941721 10
    vertex 47.990140682897 50 10
  endloop
endfacet
facet normal 0 0 1
  outer loop
    vertex 40 41.097504970860996 10
    vertex 47.990140682897 49.195009941721 10
    vertex 47.990140682897 50 10
  endloop
endfacet
facet normal 0 0 1
  outer loop
    vertex 40 41.097504970860996 10
    vertex 47.990140682897 52.195009941721 10
    vertex 40 61.097504970860996 10
  endloop
endfacet
facet normal 0 0 1
  outer loop
    vertex 40 41.097504970860996 10
    vertex 47.990140682897 50 10
    vertex 47.990140682897 52.195009941721 10
  endloop
endfacet
facet normal 0 0 1
  outer loop
    vertex 50 50.68741237169999 10
    vertex 50 51.507597570021 10
    vertex 47.990140682897 50 10
  endloop
endfacet
facet normal 0 0 1
  outer loop
    vertex 20 20 10
    vertex 30 41.097504970860996 10
    vertex 20 82.195009941721 10
  endloop
endfacet
facet normal 0 0 1
  outer loop
    vertex 47.990140682897 47 10
    vertex 47.990140682897 49.195009941721 10
    vertex 40 41.097504970860996 10
  endloop
endfacet
facet normal 0 0 1
  outer loop
    vertex 47.990140682897 46.195009941721 10
    vertex 47.990140682897 47 10
    vertex 40 41.097504970860996 10
  endloop
endfacet
facet normal 0 0 1
  outer loop
    vertex 50 47.6874123717 10
    vertex 50 48.507597570021 10
    vertex 47.990140682897 49.195009941721 10
  endloop
endfacet
facet normal 0 0 1
  outer loop
    vertex 50 47.6874123717 10
    vertex 47.990140682897 49.195009941721 10
    vertex 47.990140682897 47 10
  endloop
endfacet
facet normal 0 0 1
  outer loop
    vertex 47.990140682897 44 10
    vertex 47.990140682897 46.195009941721 10
    vertex 40 41.097504970860996 10
  endloop
endfacet
facet normal 0 0 1
  outer loop
    vertex 47.990140682897 43.195009941721 10
    vertex 47.990140682897 44 10
    vertex 40 41.097504970860996 10
  endloop
endfacet
facet normal 0 0 1
  outer loop
    vertex 50 44.6874123717 10
    vertex 47.990140682897 46.195009941721 10
    vertex 47.990140682897 44 10
  endloop
endfacet
facet normal 0 0 1
  outer loop
    vertex 50 44.6874123717 10
    vertex 50 45.507597570021 10
    vertex 47.990140682897 46.195009941721 10
  endloop
endfacet
facet normal 0 0 1
  outer loop
    vertex 47.990140682897 41 10
    vertex 47.990140682897 43.195009941721 10
    vertex 40 41.097504970860996 10
  endloop
endfacet
facet normal 0 0 1
  outer loop
    vertex 50 42.507597570021 10
    vertex 47.990140682897 43.195009941721 10
    vertex 47.990140682897 41 10
  endloop
endfacet
facet normal 0 0 1
  outer loop
    vertex 47.990140682897 40.195009941721 10
    vertex 47.990140682897 41 10
    vertex 40 41.097504970860996 10
  endloop
endfacet
facet normal 0 0 1
  outer loop
    vertex 50 41.6874123717 10
    vertex 50 42.507597570021 10
    vertex 47.990140682897 41 10
  endloop
endfacet
facet normal 0 0 1
  outer loop
    vertex 47.990140682897 38 10
    vertex 47.990140682897 40.195009941721 10
    vertex 40 41.097504970860996 10
  endloop
endfacet
facet normal 0 0 1
  outer loop
    vertex 47.990140682897 37.195009941721 10
    vertex 47.990140682897 38 10
    vertex 40 41.097504970860996 10
  endloop
endfacet
facet normal 0 0 1
  outer loop
    vertex 50 38.6874123717 10
    vertex 47.990140682897 40.195009941721 10
    vertex 47.990140682897 38 10
  endloop
endfacet
facet normal 0 0 1
  outer loop
    vertex 50 38.6874123717 10
    vertex 50 39.507597570021 10
    vertex 47.990140682897 40.195009941721 10
  endloop
endfacet
facet normal 0 0 1
  outer loop
    vertex 47.990140682897 35 10
    vertex 47.990140682897 37.195009941721 10
    vertex 40 41.097504970860996 10
  endloop
endfacet
facet normal 0 0 1
  outer loop
    vertex 47.990140682897 34.195009941721 10
    vertex 47.990140682897 35 10
    vertex 40 41.097504970860996 10
  endloop
endfacet
facet normal 0 0 1
  outer loop
    vertex 50 35.6874123717 10
    vertex 47.990140682897 37.195009941721 10
    vertex 47.990140682897 35 10
  endloop
endfacet
facet normal 0 0 1
  outer loop
    vertex 50 35.6874123717 10
    vertex 50 36.507597570021 10
    vertex 47.990140682897 37.195009941721 10
  endloop
endfacet
facet normal 0 0 1
  outer loop
    vertex 47.990140682897 32 10
    vertex 47.990140682897 34.195009941721 10
    vertex 40 41.097504970860996 10
  endloop
endfacet
facet normal 0 0 1
  outer loop
    vertex 47.990140682897 31.195009941720997 10
    vertex 47.990140682897 32 10
    vertex 40 41.097504970860996 10
  endloop
endfacet
facet normal 0 0 1
  outer loop
    vertex 50 32.6874123717 10
    vertex 47.990140682897 34.195009941721 10
    vertex 47.990140682897 32 10
  endloop
endfacet
facet normal 0 0 1
  outer loop
    vertex 50 32.6874123717 10
    vertex 50 33.507597570021 10
    vertex 47.990140682897 34.195009941721 10
  endloop
endfacet
facet normal 0 0 1
  outer loop
    vertex 47.990140682897 29 10
    vertex 47.990140682897 31.195009941720997 10
    vertex 40 41.097504970860996 10
  endloop
endfacet
facet normal 0 0 1
  outer loop
    vertex 47.990140682897 29 10
    vertex 40 41.097504970860996 10
    vertex 30 41.097504970860996 10
  endloop
endfacet
facet normal 0 0 1
  outer loop
    vertex 47.990140682897 28.195009941720997 10
    vertex 47.990140682897 29 10
    vertex 30 41.097504970860996 10
  endloop
endfacet
facet normal 0 0 1
  outer loop
    vertex 50 29.6874123717 10
    vertex 47.990140682897 31.195009941720997 10
    vertex 47.990140682897 29 10
  endloop
endfacet
facet normal 0 0 1
  outer loop
    vertex 50 29.6874123717 10
    vertex 50 30.507597570020998 10
    vertex 47.990140682897 31.195009941720997 10
  endloop
endfacet
facet normal 0 0 1
  outer loop
    vertex 47.990140682897 26 10
    vertex 30 41.097504970860996 10
    vertex 20 20 10
  endloop
endfacet
facet normal 0 0 1
  outer loop
    vertex 47.990140682897 26 10
    vertex 47.990140682897 28.195009941720997 10
    vertex 30 41.097504970860996 10
  endloop
endfacet
facet normal 0 0 1
  outer loop
    vertex 47.990140682897 25.195009941720997 10
    vertex 47.990140682897 26 10
    vertex 20 20 10
  endloop
endfacet
facet normal 0 0 1
  outer loop
    vertex 50 26.6874123717 10
    vertex 47.990140682897 28.195009941720997 10
    vertex 47.990140682897 26 10
  endloop
endfacet
facet normal 0 0 1
  outer loop
    vertex 50 26.6874123717 10
    vertex 50 27.507597570020998 10
    vertex 47.990140682897 28.195009941720997 10
  endloop
endfacet
facet normal 0 0 1
  outer loop
    vertex 47.990140682897 23 10
    vertex 47.990140682897 25.195009941720997 10
    vertex 20 20 10
  endloop
endfacet
facet normal 0 0 1
  outer loop
    vertex 50 24.507597570020998 10
    vertex 47.990140682897 25.195009941720997 10
    vertex 47.990140682897 23 10
  endloop
endfacet
facet normal 0 0 1
  outer loop
    vertex 47.990140682897 22.195009941720997 10
    vertex 47.990140682897 23 10
    vertex 20 20 10
  endloop
endfacet
facet normal 0 0 1
  outer loop
    vertex 50 23.6874123717 10
    vertex 50 24.507597570020998 10
    vertex 47.990140682897 23 10
  endloop
endfacet
facet normal 0 0 1
  outer loop
    vertex 47.990140682897 20 10
    vertex 47.990140682897 22.195009941720997 10
    vertex 20 20 10
  endloop
endfacet
facet normal 0 0 1
  outer loop
    vertex 50 20.6874123717 10
    vertex 47.990140682897 22.195009941720997 10
    vertex 47.990140682897 20 10
  endloop
endfacet
facet normal 0 0 1
  outer loop
    vertex 50 20.6874123717 10
    vertex 50 21.507597570020998 10
    vertex 47.990140682897 22.195009941720997 10
  endloop
endfacet
facet normal 0.32361557711818767 0.9461886483394641 0
  outer loop
    vertex 50 81.50759757002099 10
    vertex 47.990140682897 82.195009941721 5
    vertex 47.990140682897 82.195009941721 10
  endloop
endfacet
facet normal 0.32361557711818767 0.9461886483394641 0
  outer loop
    vertex 50 81.50759757002099 10
    vertex 50 81.50759757002099 5
    vertex 47.990140682897 82.195009941721 5
  endloop
endfacet
facet normal 0.3236155771181817 -0.9461886483394663 0
  outer loop
    vertex 47.990140682897 80 10
    vertex 50 80.68741237169999 5
    vertex 50 80.68741237169999 10
  endloop
endfacet
facet normal 0.3236155771181817 -0.9461886483394663 0
  outer loop
    vertex 47.990140682897 80 10
    vertex 47.990140682897 80 5
    vertex 50 80.68741237169999 5
  endloop
endfacet
facet normal 1 0 0
  outer loop
    vertex 47.990140682897 79.195009941721 10
    vertex 47.990140682897 80 5
    vertex 47.990140682897 80 10
  endloop
endfacet
facet normal 1 0 0
  outer loop
    vertex 47.990140682897 79.195009941721 10
    vertex 47.990140682897 79.195009941721 5
    vertex 47.990140682897 80 5
  endloop
endfacet
facet normal 0.32361557711818767 0.9461886483394641 0
  outer loop
    vertex 50 78.50759757002099 10
    vertex 47.990140682897 79.195009941721 5
    vertex 47.990140682897 79.195009941721 10
  endloop
endfacet
facet normal 0.32361557711818767 0.9461886483394641 0
  outer loop
    vertex 50 78.50759757002099 10
    vertex 50 78.50759757002099 5
    vertex 47.990140682897 79.195009941721 5
  endloop
endfacet
facet normal 0.3236155771181817 -0.9461886483394663 0
  outer loop
    vertex 47.990140682897 77 10
    vertex 50 77.68741237169999 5
    vertex 50 77.68741237169999 10
  endloop
endfacet
facet normal 0.3236155771181817 -0.9461886483394663 0
  outer loop
    vertex 47.990140682897 77 10
    vertex 47.990140682897 77 5
    vertex 50 77.68741237169999 5
  endloop
endfacet
facet normal 0.32361557711818467 0.9461886483394653 0
  outer loop
    vertex 50 21.507597570020998 10
    vertex 47.990140682897 22.195009941720997 5
    vertex 47.990140682897 22.195009941720997 10
  endloop
endfacet
facet normal 0.32361557711818467 0.9461886483394653 0
  outer loop
    vertex 50 21.507597570020998 10
    vertex 50 21.507597570020998 5
    vertex 47.990140682897 22.195009941720997 5
  endloop
endfacet
facet normal 1 0 0
  outer loop
    vertex 47.990140682897 76.195009941721 10
    vertex 47.990140682897 77 5
    vertex 47.990140682897 77 10
  endloop
endfacet
facet normal 1 0 0
  outer loop
    vertex 47.990140682897 76.195009941721 10
    vertex 47.990140682897 76.195009941721 5
    vertex 47.990140682897 77 5
  endloop
endfacet
facet normal 0.32361557711818767 0.9461886483394641 0
  outer loop
    vertex 50 75.50759757002099 10
    vertex 47.990140682897 76.195009941721 5
    vertex 47.990140682897 76.195009941721 10
  endloop
endfacet
facet normal 0.32361557711818767 0.9461886483394641 0
  outer loop
    vertex 50 75.50759757002099 10
    vertex 50 75.50759757002099 5
    vertex 47.990140682897 76.195009941721 5
  endloop
endfacet
facet normal 0.32361557711818467 -0.9461886483394653 0
  outer loop
    vertex 47.990140682897 23 10
    vertex 50 23.6874123717 5
    vertex 50 23.6874123717 10
  endloop
endfacet
facet normal 0.32361557711818467 -0.9461886483394653 0
  outer loop
    vertex 47.990140682897 23 10
    vertex 47.990140682897 23 5
    vertex 50 23.6874123717 5
  endloop
endfacet
facet normal 1 0 0
  outer loop
    vertex 47.990140682897 22.195009941720997 10
    vertex 47.990140682897 23 5
    vertex 47.990140682897 23 10
  endloop
endfacet
facet normal 1 0 0
  outer loop
    vertex 47.990140682897 22.195009941720997 10
    vertex 47.990140682897 22.195009941720997 5
    vertex 47.990140682897 23 5
  endloop
endfacet
facet normal 0.3236155771181817 -0.9461886483394663 0
  outer loop
    vertex 47.990140682897 74 10
    vertex 50 74.68741237169999 5
    vertex 50 74.68741237169999 10
  endloop
endfacet
facet normal 0.3236155771181817 -0.9461886483394663 0
  outer loop
    vertex 47.990140682897 74 10
    vertex 47.990140682897 74 5
    vertex 50 74.68741237169999 5
  endloop
endfacet
facet normal 0.32361557711818467 0.9461886483394653 0
  outer loop
    vertex 50 24.507597570020998 10
    vertex 47.990140682897 25.195009941720997 5
    vertex 47.990140682897 25.195009941720997 10
  endloop
endfacet
facet normal 0.32361557711818467 0.9461886483394653 0
  outer loop
    vertex 50 24.507597570020998 10
    vertex 50 24.507597570020998 5
    vertex 47.990140682897 25.195009941720997 5
  endloop
endfacet
facet normal 1 0 0
  outer loop
    vertex 47.990140682897 73.195009941721 10
    vertex 47.990140682897 74 5
    vertex 47.990140682897 74 10
  endloop
endfacet
facet normal 1 0 0
  outer loop
    vertex 47.990140682897 73.195009941721 10
    vertex 47.990140682897 73.195009941721 5
    vertex 47.990140682897 74 5
  endloop
endfacet
facet normal 0.32361557711818767 0.9461886483394641 0
  outer loop
    vertex 47.990140682897 73.195009941721 10
    vertex 50 72.50759757002099 5
    vertex 47.990140682897 73.195009941721 5
  endloop
endfacet
facet normal 0.32361557711818767 0.9461886483394641 0
  outer loop
    vertex 50 72.50759757002099 10
    vertex 50 72.50759757002099 5
    vertex 47.990140682897 73.195009941721 10
  endloop
endfacet
facet normal 0.32361557711818467 -0.9461886483394653 0
  outer loop
    vertex 47.990140682897 26 10
    vertex 50 26.6874123717 5
    vertex 50 26.6874123717 10
  endloop
endfacet
facet normal 0.32361557711818467 -0.9461886483394653 0
  outer loop
    vertex 47.990140682897 26 10
    vertex 47.990140682897 26 5
    vertex 50 26.6874123717 5
  endloop
endfacet
facet normal 1 0 0
  outer loop
    vertex 47.990140682897 25.195009941720997 10
    vertex 47.990140682897 26 5
    vertex 47.990140682897 26 10
  endloop
endfacet
facet normal 1 0 0
  outer loop
    vertex 47.990140682897 25.195009941720997 10
    vertex 47.990140682897 25.195009941720997 5
    vertex 47.990140682897 26 5
  endloop
endfacet
facet normal 0.3236155771181817 -0.9461886483394663 0
  outer loop
    vertex 47.990140682897 71 10
    vertex 50 71.68741237169999 5
    vertex 50 71.68741237169999 10
  endloop
endfacet
facet normal 0.3236155771181817 -0.9461886483394663 0
  outer loop
    vertex 47.990140682897 71 10
    vertex 47.990140682897 71 5
    vertex 50 71.68741237169999 5
  endloop
endfacet
facet normal 0.32361557711818467 0.9461886483394653 0
  outer loop
    vertex 50 27.507597570020998 10
    vertex 47.990140682897 28.195009941720997 5
    vertex 47.990140682897 28.195009941720997 10
  endloop
endfacet
facet normal 0.32361557711818467 0.9461886483394653 0
  outer loop
    vertex 50 27.507597570020998 10
    vertex 50 27.507597570020998 5
    vertex 47.990140682897 28.195009941720997 5
  endloop
endfacet
facet normal 1 0 0
  outer loop
    vertex 47.990140682897 70.195009941721 10
    vertex 47.990140682897 71 5
    vertex 47.990140682897 71 10
  endloop
endfacet
facet normal 1 0 0
  outer loop
    vertex 47.990140682897 70.195009941721 10
    vertex 47.990140682897 70.195009941721 5
    vertex 47.990140682897 71 5
  endloop
endfacet
facet normal 0.32361557711818767 0.9461886483394641 0
  outer loop
    vertex 47.990140682897 70.195009941721 10
    vertex 50 69.50759757002099 5
    vertex 47.990140682897 70.195009941721 5
  endloop
endfacet
facet normal 0.32361557711818767 0.9461886483394641 0
  outer loop
    vertex 50 69.50759757002099 10
    vertex 50 69.50759757002099 5
    vertex 47.990140682897 70.195009941721 10
  endloop
endfacet
facet normal 0.32361557711818467 -0.9461886483394653 0
  outer loop
    vertex 47.990140682897 29 10
    vertex 50 29.6874123717 5
    vertex 50 29.6874123717 10
  endloop
endfacet
facet normal 0.32361557711818467 -0.9461886483394653 0
  outer loop
    vertex 47.990140682897 29 10
    vertex 47.990140682897 29 5
    vertex 50 29.6874123717 5
  endloop
endfacet
facet normal 1 0 0
  outer loop
    vertex 47.990140682897 28.195009941720997 10
    vertex 47.990140682897 29 5
    vertex 47.990140682897 29 10
  endloop
endfacet
facet normal 1 0 0
  outer loop
    vertex 47.990140682897 28.195009941720997 10
    vertex 47.990140682897 28.195009941720997 5
    vertex 47.990140682897 29 5
  endloop
endfacet
facet normal 0.3236155771181817 -0.9461886483394663 0
  outer loop
    vertex 47.990140682897 68 10
    vertex 50 68.68741237169999 5
    vertex 50 68.68741237169999 10
  endloop
endfacet
facet normal 0.3236155771181817 -0.9461886483394663 0
  outer loop
    vertex 47.990140682897 68 10
    vertex 47.990140682897 68 5
    vertex 50 68.68741237169999 5
  endloop
endfacet
facet normal 0.32361557711818467 0.9461886483394653 0
  outer loop
    vertex 50 30.507597570020998 10
    vertex 47.990140682897 31.195009941720997 5
    vertex 47.990140682897 31.195009941720997 10
  endloop
endfacet
facet normal 0.32361557711818467 0.9461886483394653 0
  outer loop
    vertex 50 30.507597570020998 10
    vertex 50 30.507597570020998 5
    vertex 47.990140682897 31.195009941720997 5
  endloop
endfacet
facet normal 1 0 0
  outer loop
    vertex 47.990140682897 67.195009941721 10
    vertex 47.990140682897 68 5
    vertex 47.990140682897 68 10
  endloop
endfacet
facet normal 1 0 0
  outer loop
    vertex 47.990140682897 67.195009941721 10
    vertex 47.990140682897 67.195009941721 5
    vertex 47.990140682897 68 5
  endloop
endfacet
facet normal 0.32361557711818767 0.9461886483394641 0
  outer loop
    vertex 47.990140682897 67.195009941721 10
    vertex 50 66.50759757002099 5
    vertex 47.990140682897 67.195009941721 5
  endloop
endfacet
facet normal 0.32361557711818767 0.9461886483394641 0
  outer loop
    vertex 50 66.50759757002099 10
    vertex 50 66.50759757002099 5
    vertex 47.990140682897 67.195009941721 10
  endloop
endfacet
facet normal 0.32361557711818467 -0.9461886483394653 0
  outer loop
    vertex 47.990140682897 32 10
    vertex 50 32.6874123717 5
    vertex 50 32.6874123717 10
  endloop
endfacet
facet normal 0.32361557711818467 -0.9461886483394653 0
  outer loop
    vertex 47.990140682897 32 10
    vertex 47.990140682897 32 5
    vertex 50 32.6874123717 5
  endloop
endfacet
facet normal 1 0 0
  outer loop
    vertex 47.990140682897 31.195009941720997 10
    vertex 47.990140682897 32 5
    vertex 47.990140682897 32 10
  endloop
endfacet
facet normal 1 0 0
  outer loop
    vertex 47.990140682897 31.195009941720997 10
    vertex 47.990140682897 31.195009941720997 5
    vertex 47.990140682897 32 5
  endloop
endfacet
facet normal 0.3236155771181817 -0.9461886483394663 0
  outer loop
    vertex 47.990140682897 65 10
    vertex 50 65.68741237169999 5
    vertex 50 65.68741237169999 10
  endloop
endfacet
facet normal 0.3236155771181817 -0.9461886483394663 0
  outer loop
    vertex 47.990140682897 65 10
    vertex 47.990140682897 65 5
    vertex 50 65.68741237169999 5
  endloop
endfacet
facet normal 0.32361557711818467 0.9461886483394653 0
  outer loop
    vertex 50 33.507597570021 10
    vertex 47.990140682897 34.195009941721 5
    vertex 47.990140682897 34.195009941721 10
  endloop
endfacet
facet normal 0.32361557711818467 0.9461886483394653 0
  outer loop
    vertex 50 33.507597570021 10
    vertex 50 33.507597570021 5
    vertex 47.990140682897 34.195009941721 5
  endloop
endfacet
facet normal 1 0 0
  outer loop
    vertex 47.990140682897 64.195009941721 10
    vertex 47.990140682897 65 5
    vertex 47.990140682897 65 10
  endloop
endfacet
facet normal 1 0 0
  outer loop
    vertex 47.990140682897 64.195009941721 10
    vertex 47.990140682897 64.195009941721 5
    vertex 47.990140682897 65 5
  endloop
endfacet
facet normal 0.32361557711818467 0.9461886483394653 0
  outer loop
    vertex 50 63.507597570021 10
    vertex 47.990140682897 64.195009941721 5
    vertex 47.990140682897 64.195009941721 10
  endloop
endfacet
facet normal 0.32361557711818467 0.9461886483394653 0
  outer loop
    vertex 50 63.507597570021 10
    vertex 50 63.507597570021 5
    vertex 47.990140682897 64.195009941721 5
  endloop
endfacet
facet normal 0.32361557711818467 -0.9461886483394653 0
  outer loop
    vertex 47.990140682897 35 10
    vertex 50 35.6874123717 5
    vertex 50 35.6874123717 10
  endloop
endfacet
facet normal 0.32361557711818467 -0.9461886483394653 0
  outer loop
    vertex 47.990140682897 35 10
    vertex 47.990140682897 35 5
    vertex 50 35.6874123717 5
  endloop
endfacet
facet normal 1 0 0
  outer loop
    vertex 47.990140682897 34.195009941721 10
    vertex 47.990140682897 35 5
    vertex 47.990140682897 35 10
  endloop
endfacet
facet normal 1 0 0
  outer loop
    vertex 47.990140682897 34.195009941721 10
    vertex 47.990140682897 34.195009941721 5
    vertex 47.990140682897 35 5
  endloop
endfacet
facet normal 0.3236155771181817 -0.9461886483394663 0
  outer loop
    vertex 47.990140682897 62 10
    vertex 50 62.68741237169999 5
    vertex 50 62.68741237169999 10
  endloop
endfacet
facet normal 0.3236155771181817 -0.9461886483394663 0
  outer loop
    vertex 47.990140682897 62 10
    vertex 47.990140682897 62 5
    vertex 50 62.68741237169999 5
  endloop
endfacet
facet normal 0.32361557711818467 0.9461886483394653 0
  outer loop
    vertex 50 36.507597570021 10
    vertex 47.990140682897 37.195009941721 5
    vertex 47.990140682897 37.195009941721 10
  endloop
endfacet
facet normal 0.32361557711818467 0.9461886483394653 0
  outer loop
    vertex 50 36.507597570021 10
    vertex 50 36.507597570021 5
    vertex 47.990140682897 37.195009941721 5
  endloop
endfacet
facet normal 1 0 0
  outer loop
    vertex 47.990140682897 61.195009941721 10
    vertex 47.990140682897 62 5
    vertex 47.990140682897 62 10
  endloop
endfacet
facet normal 1 0 0
  outer loop
    vertex 47.990140682897 61.195009941721 10
    vertex 47.990140682897 61.195009941721 5
    vertex 47.990140682897 62 5
  endloop
endfacet
facet normal 0.32361557711818467 0.9461886483394653 0
  outer loop
    vertex 50 60.507597570021 10
    vertex 47.990140682897 61.195009941721 5
    vertex 47.990140682897 61.195009941721 10
  endloop
endfacet
facet normal 0.32361557711818467 0.9461886483394653 0
  outer loop
    vertex 50 60.507597570021 10
    vertex 50 60.507597570021 5
    vertex 47.990140682897 61.195009941721 5
  endloop
endfacet
facet normal 0.32361557711818467 -0.9461886483394653 0
  outer loop
    vertex 47.990140682897 38 10
    vertex 50 38.6874123717 5
    vertex 50 38.6874123717 10
  endloop
endfacet
facet normal 0.32361557711818467 -0.9461886483394653 0
  outer loop
    vertex 47.990140682897 38 10
    vertex 47.990140682897 38 5
    vertex 50 38.6874123717 5
  endloop
endfacet
facet normal 1 0 0
  outer loop
    vertex 47.990140682897 37.195009941721 10
    vertex 47.990140682897 38 5
    vertex 47.990140682897 38 10
  endloop
endfacet
facet normal 1 0 0
  outer loop
    vertex 47.990140682897 37.195009941721 10
    vertex 47.990140682897 37.195009941721 5
    vertex 47.990140682897 38 5
  endloop
endfacet
facet normal 0.3236155771181817 -0.9461886483394663 0
  outer loop
    vertex 47.990140682897 59 10
    vertex 50 59.68741237169999 5
    vertex 50 59.68741237169999 10
  endloop
endfacet
facet normal 0.3236155771181817 -0.9461886483394663 0
  outer loop
    vertex 47.990140682897 59 10
    vertex 47.990140682897 59 5
    vertex 50 59.68741237169999 5
  endloop
endfacet
facet normal 0.32361557711818467 0.9461886483394653 0
  outer loop
    vertex 50 39.507597570021 10
    vertex 47.990140682897 40.195009941721 5
    vertex 47.990140682897 40.195009941721 10
  endloop
endfacet
facet normal 0.32361557711818467 0.9461886483394653 0
  outer loop
    vertex 50 39.507597570021 10
    vertex 50 39.507597570021 5
    vertex 47.990140682897 40.195009941721 5
  endloop
endfacet
facet normal 1 0 0
  outer loop
    vertex 47.990140682897 58.195009941721 10
    vertex 47.990140682897 59 5
    vertex 47.990140682897 59 10
  endloop
endfacet
facet normal 1 0 0
  outer loop
    vertex 47.990140682897 58.195009941721 10
    vertex 47.990140682897 58.195009941721 5
    vertex 47.990140682897 59 5
  endloop
endfacet
facet normal 0.32361557711818467 0.9461886483394653 0
  outer loop
    vertex 50 57.507597570021 10
    vertex 47.990140682897 58.195009941721 5
    vertex 47.990140682897 58.195009941721 10
  endloop
endfacet
facet normal 0.32361557711818467 0.9461886483394653 0
  outer loop
    vertex 50 57.507597570021 10
    vertex 50 57.507597570021 5
    vertex 47.990140682897 58.195009941721 5
  endloop
endfacet
facet normal 0.32361557711818467 -0.9461886483394653 0
  outer loop
    vertex 47.990140682897 41 10
    vertex 50 41.6874123717 5
    vertex 50 41.6874123717 10
  endloop
endfacet
facet normal 0.32361557711818467 -0.9461886483394653 0
  outer loop
    vertex 47.990140682897 41 10
    vertex 47.990140682897 41 5
    vertex 50 41.6874123717 5
  endloop
endfacet
facet normal 1 0 0
  outer loop
    vertex 47.990140682897 40.195009941721 10
    vertex 47.990140682897 41 5
    vertex 47.990140682897 41 10
  endloop
endfacet
facet normal 1 0 0
  outer loop
    vertex 47.990140682897 40.195009941721 10
    vertex 47.990140682897 40.195009941721 5
    vertex 47.990140682897 41 5
  endloop
endfacet
facet normal 0.3236155771181817 -0.9461886483394663 0
  outer loop
    vertex 47.990140682897 56 10
    vertex 50 56.68741237169999 5
    vertex 50 56.68741237169999 10
  endloop
endfacet
facet normal 0.3236155771181817 -0.9461886483394663 0
  outer loop
    vertex 47.990140682897 56 10
    vertex 47.990140682897 56 5
    vertex 50 56.68741237169999 5
  endloop
endfacet
facet normal 0.32361557711818467 0.9461886483394653 0
  outer loop
    vertex 50 42.507597570021 10
    vertex 47.990140682897 43.195009941721 5
    vertex 47.990140682897 43.195009941721 10
  endloop
endfacet
facet normal 0.32361557711818467 0.9461886483394653 0
  outer loop
    vertex 50 42.507597570021 10
    vertex 50 42.507597570021 5
    vertex 47.990140682897 43.195009941721 5
  endloop
endfacet
facet normal 1 0 0
  outer loop
    vertex 47.990140682897 55.195009941721 10
    vertex 47.990140682897 56 5
    vertex 47.990140682897 56 10
  endloop
endfacet
facet normal 1 0 0
  outer loop
    vertex 47.990140682897 55.195009941721 10
    vertex 47.990140682897 55.195009941721 5
    vertex 47.990140682897 56 5
  endloop
endfacet
facet normal 0.32361557711818467 0.9461886483394653 0
  outer loop
    vertex 50 54.507597570021 10
    vertex 47.990140682897 55.195009941721 5
    vertex 47.990140682897 55.195009941721 10
  endloop
endfacet
facet normal 0.32361557711818467 0.9461886483394653 0
  outer loop
    vertex 50 54.507597570021 10
    vertex 50 54.507597570021 5
    vertex 47.990140682897 55.195009941721 5
  endloop
endfacet
facet normal 0.32361557711818467 -0.9461886483394653 0
  outer loop
    vertex 47.990140682897 44 10
    vertex 50 44.6874123717 5
    vertex 50 44.6874123717 10
  endloop
endfacet
facet normal 0.32361557711818467 -0.9461886483394653 0
  outer loop
    vertex 47.990140682897 44 10
    vertex 47.990140682897 44 5
    vertex 50 44.6874123717 5
  endloop
endfacet
facet normal 1 0 0
  outer loop
    vertex 47.990140682897 43.195009941721 10
    vertex 47.990140682897 44 5
    vertex 47.990140682897 44 10
  endloop
endfacet
facet normal 1 0 0
  outer loop
    vertex 47.990140682897 43.195009941721 10
    vertex 47.990140682897 43.195009941721 5
    vertex 47.990140682897 44 5
  endloop
endfacet
facet normal 0.3236155771181817 -0.9461886483394663 0
  outer loop
    vertex 47.990140682897 53 10
    vertex 50 53.68741237169999 5
    vertex 50 53.68741237169999 10
  endloop
endfacet
facet normal 0.3236155771181817 -0.9461886483394663 0
  outer loop
    vertex 47.990140682897 53 10
    vertex 47.990140682897 53 5
    vertex 50 53.68741237169999 5
  endloop
endfacet
facet normal 0.32361557711818467 0.9461886483394653 0
  outer loop
    vertex 50 45.507597570021 10
    vertex 47.990140682897 46.195009941721 5
    vertex 47.990140682897 46.195009941721 10
  endloop
endfacet
facet normal 0.32361557711818467 0.9461886483394653 0
  outer loop
    vertex 50 45.507597570021 10
    vertex 50 45.507597570021 5
    vertex 47.990140682897 46.195009941721 5
  endloop
endfacet
facet normal 1 0 0
  outer loop
    vertex 47.990140682897 52.195009941721 10
    vertex 47.990140682897 53 5
    vertex 47.990140682897 53 10
  endloop
endfacet
facet normal 1 0 0
  outer loop
    vertex 47.990140682897 52.195009941721 10
    vertex 47.990140682897 52.195009941721 5
    vertex 47.990140682897 53 5
  endloop
endfacet
facet normal 0.32361557711818467 0.9461886483394653 0
  outer loop
    vertex 50 51.507597570021 10
    vertex 47.990140682897 52.195009941721 5
    vertex 47.990140682897 52.195009941721 10
  endloop
endfacet
facet normal 0.32361557711818467 0.9461886483394653 0
  outer loop
    vertex 50 51.507597570021 10
    vertex 50 51.507597570021 5
    vertex 47.990140682897 52.195009941721 5
  endloop
endfacet
facet normal 0.32361557711818467 -0.9461886483394653 0
  outer loop
    vertex 47.990140682897 47 10
    vertex 50 47.6874123717 5
    vertex 50 47.6874123717 10
  endloop
endfacet
facet normal 0.32361557711818467 -0.9461886483394653 0
  outer loop
    vertex 47.990140682897 47 10
    vertex 47.990140682897 47 5
    vertex 50 47.6874123717 5
  endloop
endfacet
facet normal 1 0 0
  outer loop
    vertex 47.990140682897 46.195009941721 10
    vertex 47.990140682897 47 5
    vertex 47.990140682897 47 10
  endloop
endfacet
facet normal 1 0 0
  outer loop
    vertex 47.990140682897 46.195009941721 10
    vertex 47.990140682897 46.195009941721 5
    vertex 47.990140682897 47 5
  endloop
endfacet
facet normal 0.3236155771181817 -0.9461886483394663 0
  outer loop
    vertex 47.990140682897 50 10
    vertex 50 50.68741237169999 5
    vertex 50 50.68741237169999 10
  endloop
endfacet
facet normal 0.3236155771181817 -0.9461886483394663 0
  outer loop
    vertex 47.990140682897 50 10
    vertex 47.990140682897 50 5
    vertex 50 50.68741237169999 5
  endloop
endfacet
facet normal 0.32361557711818467 0.9461886483394653 0
  outer loop
    vertex 50 48.507597570021 10
    vertex 47.990140682897 49.195009941721 5
    vertex 47.990140682897 49.195009941721 10
  endloop
endfacet
facet normal 0.32361557711818467 0.9461886483394653 0
  outer loop
    vertex 50 48.507597570021 10
    vertex 50 48.507597570021 5
    vertex 47.990140682897 49.195009941721 5
  endloop
endfacet
facet normal 1 0 0
  outer loop
    vertex 47.990140682897 49.195009941721 10
    vertex 47.990140682897 50 5
    vertex 47.990140682897 50 10
  endloop
endfacet
facet normal 1 0 0
  outer loop
    vertex 47.990140682897 49.195009941721 10
    vertex 47.990140682897 49.195009941721 5
    vertex 47.990140682897 50 5
  endloop
endfacet
facet normal 0 -1 0
  outer loop
    vertex 40 61.097504970860996 10
    vertex 30 61.097504970860996 10
    vertex 30 61.097504970860996 9.5
  endloop
endfacet
facet normal 0 -1 0
  outer loop
    vertex 40 61.097504970860996 10
    vertex 30 61.097504970860996 9.5
    vertex 40 61.097504970860996 9.5
  endloop
endfacet
facet normal 1 0 0
  outer loop
    vertex 30 61.097504970860996 9.5
    vertex 30 41.097504970860996 10
    vertex 30 41.097504970860996 9.5
  endloop
endfacet
facet normal 1 0 0
  outer loop
    vertex 30 61.097504970860996 10
    vertex 30 41.097504970860996 10
    vertex 30 61.097504970860996 9.5
  endloop
endfacet
facet normal -1 0 0
  outer loop
    vertex 40 41.097504970860996 9.5
    vertex 40 61.097504970860996 10
    vertex 40 61.097504970860996 9.5
  endloop
endfacet
facet normal -1 0 0
  outer loop
    vertex 40 41.097504970860996 10
    vertex 40 61.097504970860996 10
    vertex 40 41.097504970860996 9.5
  endloop
endfacet
facet normal 0 1 0
  outer loop
    vertex 30 41.097504970860996 10
    vertex 40 41.097504970860996 10
    vertex 40 41.097504970860996 9.5
  endloop
endfacet
facet normal 0 1 0
  outer loop
    vertex 30 41.097504970860996 10
    vertex 40 41.097504970860996 9.5
    vertex 30 41.097504970860996 9.5
  endloop
endfacet
endsolid Model
