solid Model
facet normal 1 1.1416053287877676e-13 1.122657522501085e-13
  outer loop
    vertex 49.999999999989505 102.5000000000056 -9.999999999983963
    vertex 49.999999999990095 87.50000000000449 1.4342e-11
    vertex 49.99999999999122 87.5000000000056 -9.999999999985654
  endloop
endfacet
facet normal 1 1.1368683772160345e-13 1.1155520951434837e-13
  outer loop
    vertex 49.99999999998839 102.50000000000449 1.6034e-11
    vertex 49.999999999990095 87.50000000000449 1.4342e-11
    vertex 49.999999999989505 102.5000000000056 -9.999999999983963
  endloop
endfacet
facet normal -1.1212999999998798e-13 -1.1269000000001726e-13 1
  outer loop
    vertex 3.0865828381624567 107.11939766255558 1.1286828456237924e-11
    vertex 2.2221488348899463 106.65734806151177 1.1137831101909352e-11
    vertex 1.4644660940552914 106.0355339059317 1.0982799898987243e-11
  endloop
endfacet
facet normal -1.1213000000000649e-13 -1.1268999999998952e-13 1
  outer loop
    vertex 3.0865828381624567 107.11939766255558 1.1286828456237924e-11
    vertex 1.4644660940552914 106.0355339059317 1.0982799898987243e-11
    vertex 0.8426519384753863 105.2778511650969 1.0827692609657399e-11
  endloop
endfacet
facet normal -1.32316013235976e-13 -9.22839867640287e-14 1
  outer loop
    vertex -1.1587175663407834e-11 102.49999999999883 1.0439e-11
    vertex 4.999999999987846 107.49999999999939 1.1562e-11
    vertex 4.024548389907232 107.4039264020154 1.1424066077204792e-11
  endloop
endfacet
facet normal -1.1368087532685783e-13 -1.0757744921020575e-13 1
  outer loop
    vertex -1.1587175663407834e-11 102.49999999999883 1.0439e-11
    vertex 4.024548389907232 107.4039264020154 1.1424066077204792e-11
    vertex 3.0865828381624567 107.11939766255558 1.1286828456237924e-11
  endloop
endfacet
facet normal -1.41453803223051e-13 -9.701610062885646e-14 1
  outer loop
    vertex -1.1587175663407834e-11 102.49999999999883 1.0439e-11
    vertex 0.8426519384753863 105.2778511650969 1.0827692609657399e-11
    vertex 0.3806023374317764 104.41341716182428 1.0678469920063585e-11
  endloop
endfacet
facet normal -2.063617870883007e-13 -8.410509989638583e-14 1
  outer loop
    vertex -1.1587175663407834e-11 102.49999999999883 1.0439e-11
    vertex 0.3806023374317764 104.41341716182428 1.0678469920063585e-11
    vertex 0.09607359797216297 103.47545161007946 1.054086637448185e-11
  endloop
endfacet
facet normal -1.195370592074778e-13 -1.0366447224144916e-13 1
  outer loop
    vertex -1.1587175663407834e-11 102.49999999999883 1.0439e-11
    vertex 3.0865828381624567 107.11939766255558 1.1286828456237924e-11
    vertex 0.8426519384753863 105.2778511650969 1.0827692609657399e-11
  endloop
endfacet
facet normal -1.115465353533201e-13 -1.1340095372903835e-13 1
  outer loop
    vertex 22.2221488348914 93.65734806151406 1.1913301101909351e-11
    vertex 4.999999999987846 107.49999999999939 1.1562e-11
    vertex 21.464466094056746 93.03553390593399 1.1758269898987241e-11
  endloop
endfacet
facet normal -1.1142804492439958e-13 -1.1326607964265684e-13 1
  outer loop
    vertex 20.84265193847684 92.2778511650992 1.1603162609657396e-11
    vertex 21.464466094056746 93.03553390593399 1.1758269898987241e-11
    vertex 4.999999999987846 107.49999999999939 1.1562e-11
  endloop
endfacet
facet normal -1.1166872836936315e-13 -1.1355297852300347e-13 1
  outer loop
    vertex 23.086582838163913 94.11939766255787 1.2062298456237921e-11
    vertex 4.999999999987846 107.49999999999939 1.1562e-11
    vertex 22.2221488348914 93.65734806151406 1.1913301101909351e-11
  endloop
endfacet
facet normal -1.1138544505826905e-13 -1.13214554941731e-13 1
  outer loop
    vertex 20.38060233743323 91.41341716182656 1.1453939920063582e-11
    vertex 4.999999999987846 107.49999999999939 1.1562e-11
    vertex -1.1587175663407834e-11 102.49999999999883 1.0439e-11
  endloop
endfacet
facet normal -1.1130052628429664e-13 -1.1313336293802256e-13 1
  outer loop
    vertex 20.38060233743323 91.41341716182656 1.1453939920063582e-11
    vertex 20.84265193847684 92.2778511650992 1.1603162609657396e-11
    vertex 4.999999999987846 107.49999999999939 1.1562e-11
  endloop
endfacet
facet normal -1.1181020717462548e-13 -1.1374421566365617e-13 1
  outer loop
    vertex 24.024548389908688 94.40392640201767 1.219953607720479e-11
    vertex 4.999999999987846 107.49999999999939 1.1562e-11
    vertex 23.086582838163913 94.11939766255787 1.2062298456237921e-11
  endloop
endfacet
facet normal -1.1124597530031295e-13 -1.1295816596087966e-13 1
  outer loop
    vertex 20.09607359797362 90.47545161008173 1.1316336374481849e-11
    vertex 20.38060233743323 91.41341716182656 1.1453939920063582e-11
    vertex -1.1587175663407834e-11 102.49999999999883 1.0439e-11
  endloop
endfacet
facet normal -1.2478818143206185e-13 -1.325972022032092e-13 1
  outer loop
    vertex 24.999999999989306 94.50000000000165 1.2333999999999998e-11
    vertex 4.999999999987846 107.49999999999939 1.1562e-11
    vertex 24.024548389908688 94.40392640201767 1.219953607720479e-11
  endloop
endfacet
facet normal -1.0224600821211426e-13 -9.791693571097321e-14 1
  outer loop
    vertex 19.999999999989875 89.50000000000107 1.1211000000000001e-11
    vertex 20.09607359797362 90.47545161008173 1.1316336374481849e-11
    vertex -1.1587175663407834e-11 102.49999999999883 1.0439e-11
  endloop
endfacet
facet normal -1.1192499999998739e-13 -1.1280769230770518e-13 1
  outer loop
    vertex 44.99999999998783 107.50000000000392 1.6039000000000005e-11
    vertex 4.999999999987846 107.49999999999939 1.1562e-11
    vertex 24.999999999989306 94.50000000000165 1.2333999999999998e-11
  endloop
endfacet
facet normal -9.102909126708909e-14 -4.31296261004219e-14 1
  outer loop
    vertex 46.91341716181333 107.11939766256052 1.6196761388948952e-11
    vertex 45.97545161006849 107.40392640202015 1.6123650855281504e-11
    vertex 44.99999999998783 107.50000000000392 1.6039000000000005e-11
  endloop
endfacet
facet normal -1.1190909090907857e-13 -1.1283216783218029e-13 1
  outer loop
    vertex 35.999999999989306 94.50000000000287 1.3565e-11
    vertex 44.99999999998783 107.50000000000392 1.6039000000000005e-11
    vertex 24.999999999989306 94.50000000000165 1.2333999999999998e-11
  endloop
endfacet
facet normal -9.962377773534899e-14 -1.2133738464476018e-13 1
  outer loop
    vertex 36.97545161006996 94.40392640201915 1.3650520855281507e-11
    vertex 44.99999999998783 107.50000000000392 1.6039000000000005e-11
    vertex 35.999999999989306 94.50000000000287 1.3565e-11
  endloop
endfacet
facet normal -1.1238177493853318e-13 -1.1351999074044206e-13 0.9999999999999999
  outer loop
    vertex 37.9134171618148 94.11939766255952 1.3723631388948946e-11
    vertex 44.99999999998783 107.50000000000392 1.6039000000000005e-11
    vertex 36.97545161006996 94.40392640201915 1.3650520855281507e-11
  endloop
endfacet
facet normal -1.1212999999997297e-13 -1.1268999999997364e-13 1
  outer loop
    vertex 49.15734806150081 105.27785116510236 1.6240849485932352e-11
    vertex 48.535533905920744 106.03553390593702 1.6256508732731813e-11
    vertex 47.77785116508594 106.65734806151691 1.624162200419431e-11
  endloop
endfacet
facet normal -1.1213000000000775e-13 -1.1269000000000842e-13 1
  outer loop
    vertex 49.15734806150081 105.27785116510236 1.6240849485932352e-11
    vertex 47.77785116508594 106.65734806151691 1.624162200419431e-11
    vertex 46.91341716181333 107.11939766256052 1.6196761388948952e-11
  endloop
endfacet
facet normal -1.1253130848256721e-13 -1.1344079536342098e-13 0.9999999999999999
  outer loop
    vertex 38.77785116508742 93.6573480615159 1.3768492004194298e-11
    vertex 44.99999999998783 107.50000000000392 1.6039000000000005e-11
    vertex 37.9134171618148 94.11939766255952 1.3723631388948946e-11
  endloop
endfacet
facet normal -1.1212999999997912e-13 -1.1268999999999752e-13 0.9999999999999999
  outer loop
    vertex 49.903926402004444 103.47545161008507 1.6121450909398115e-11
    vertex 49.61939766254462 104.41341716182986 1.6195246039868608e-11
    vertex 49.15734806150081 105.27785116510236 1.6240849485932352e-11
  endloop
endfacet
facet normal -1.0317096936360183e-13 -1.0417096936362543e-13 0.9999999999999999
  outer loop
    vertex 49.99999999998839 102.50000000000449 1.6034000000000004e-11
    vertex 46.91341716181333 107.11939766256052 1.6196761388948952e-11
    vertex 44.99999999998783 107.50000000000392 1.6039000000000005e-11
  endloop
endfacet
facet normal -1.0752763182545628e-13 -1.070819981532622e-13 1
  outer loop
    vertex 49.99999999998839 102.50000000000449 1.6034000000000004e-11
    vertex 49.15734806150081 105.27785116510236 1.6240849485932352e-11
    vertex 46.91341716181333 107.11939766256052 1.6196761388948952e-11
  endloop
endfacet
facet normal -1.1246886372576575e-13 -1.1346886372579145e-13 1
  outer loop
    vertex 49.99999999998839 102.50000000000449 1.6034000000000004e-11
    vertex 44.99999999998783 107.50000000000392 1.6039000000000005e-11
    vertex 38.77785116508742 93.6573480615159 1.3768492004194298e-11
  endloop
endfacet
facet normal -7.413949489022389e-14 -9.695381754212751e-14 1
  outer loop
    vertex 49.99999999998839 102.50000000000449 1.6034000000000004e-11
    vertex 49.903926402004444 103.47545161008507 1.6121450909398115e-11
    vertex 49.15734806150081 105.27785116510236 1.6240849485932352e-11
  endloop
endfacet
facet normal -1.1261597643404699e-13 -1.1328216399823012e-13 1
  outer loop
    vertex 49.99999999998839 102.50000000000449 1.6034000000000004e-11
    vertex 38.77785116508742 93.6573480615159 1.3768492004194298e-11
    vertex 39.53553390592221 93.035533905936 1.378337873273181e-11
  endloop
endfacet
facet normal -1.1271633967810311e-13 -1.1317119653803964e-13 0.9999999999999999
  outer loop
    vertex 40.15734806150228 92.27785116510135 1.3767719485932348e-11
    vertex 49.99999999998839 102.50000000000449 1.6034000000000004e-11
    vertex 39.53553390592221 93.035533905936 1.378337873273181e-11
  endloop
endfacet
facet normal -1.1282839590892612e-13 -1.1306330039063041e-13 1
  outer loop
    vertex 40.61939766254609 91.41341716182885 1.3722116039868605e-11
    vertex 49.99999999998839 102.50000000000449 1.6034000000000004e-11
    vertex 40.15734806150228 92.27785116510135 1.3767719485932348e-11
  endloop
endfacet
facet normal -1.1192962962961738e-13 -1.1281481481482776e-13 1
  outer loop
    vertex 19.999999999992927 62.50000000000111 8.164999999999998e-12
    vertex 19.999999999989875 89.50000000000107 1.1211000000000001e-11
    vertex -1.1587175663407834e-11 102.49999999999883 1.0439e-11
  endloop
endfacet
facet normal -1.420047796564336e-13 -1.2785238982824013e-13 1
  outer loop
    vertex 20.09607359797689 61.52454838992047 8.053929090601897e-12
    vertex 19.999999999992927 62.50000000000111 8.164999999999998e-12
    vertex -1.1587175663407834e-11 102.49999999999883 1.0439e-11
  endloop
endfacet
facet normal -1.1313958078670875e-13 -1.1280000000001301e-13 1
  outer loop
    vertex 49.999999999990095 87.50000000000449 1.4342000000000002e-11
    vertex 49.99999999998839 102.50000000000449 1.6034000000000004e-11
    vertex 40.61939766254609 91.41341716182885 1.3722116039868605e-11
  endloop
endfacet
facet normal -1.1323331626576631e-13 -1.1302468733018739e-13 1
  outer loop
    vertex 49.999999999990095 87.50000000000449 1.4342000000000002e-11
    vertex 40.61939766254609 91.41341716182885 1.3722116039868605e-11
    vertex 40.903926402005915 90.47545161008406 1.3648320909398119e-11
  endloop
endfacet
facet normal -1.0905770885213958e-13 -1.0025968983469078e-13 1
  outer loop
    vertex 49.999999999990095 87.50000000000449 1.4342000000000002e-11
    vertex 40.903926402005915 90.47545161008406 1.3648320909398119e-11
    vertex 40.99999999998987 89.50000000000344 1.3560999999999997e-11
  endloop
endfacet
facet normal -1.1188888888887631e-13 -1.1300000000001316e-13 1
  outer loop
    vertex 49.999999999990095 87.50000000000449 1.4342000000000002e-11
    vertex 40.99999999998987 89.50000000000344 1.3560999999999997e-11
    vertex 40.99999999999009 87.50000000000345 1.3334999999999997e-11
  endloop
endfacet
facet normal -1.2272144270561234e-13 -1.0864559895938913e-13 1
  outer loop
    vertex 19.99999999999497 44.500000000001116 6.1349999999999976e-12
    vertex 24.99999999999349 57.50000000000167 8.160999999999998e-12
    vertex 24.02454838991284 57.596073597985395 8.051729144718514e-12
  endloop
endfacet
facet normal -1.119109160381275e-13 -1.1196777696703929e-13 1
  outer loop
    vertex 19.99999999999497 44.500000000001116 6.1349999999999976e-12
    vertex 24.02454838991284 57.596073597985395 8.051729144718514e-12
    vertex 23.086582838168 57.880602337445005 7.978618611051067e-12
  endloop
endfacet
facet normal -1.1176228925756719e-13 -1.1200206158731283e-13 1
  outer loop
    vertex 19.99999999999497 44.500000000001116 6.1349999999999976e-12
    vertex 23.086582838168 57.880602337445005 7.978618611051067e-12
    vertex 22.222148834895386 58.342651938488615 7.933757995805716e-12
  endloop
endfacet
facet normal -1.1158834009390621e-13 -1.12029985494746e-13 0.9999999999999999
  outer loop
    vertex 19.99999999999497 44.500000000001116 6.1349999999999976e-12
    vertex 22.222148834895386 58.342651938488615 7.933757995805716e-12
    vertex 21.46446609406059 58.96446609406852 7.918871267268204e-12
  endloop
endfacet
facet normal -1.1135460545200942e-13 -1.1205365013994213e-13 1
  outer loop
    vertex 19.99999999999497 44.500000000001116 6.1349999999999976e-12
    vertex 21.46446609406059 58.96446609406852 7.918871267268204e-12
    vertex 20.842651938480515 59.72214883490318 7.93453051406767e-12
  endloop
endfacet
facet normal -1.1097843179626598e-13 -1.1207447397129847e-13 0.9999999999999999
  outer loop
    vertex 19.99999999999497 44.500000000001116 6.1349999999999976e-12
    vertex 20.842651938480515 59.72214883490318 7.93453051406767e-12
    vertex 20.380602337436713 60.586582838175694 7.98013396013141e-12
  endloop
endfacet
facet normal -1.0987653982346984e-13 -1.1209535855983405e-13 1
  outer loop
    vertex 19.99999999999497 44.500000000001116 6.1349999999999976e-12
    vertex 20.09607359797689 61.52454838992047 8.053929090601897e-12
    vertex -1.1587175663407834e-11 102.49999999999883 1.0439e-11
  endloop
endfacet
facet normal -1.1016437520085874e-13 -1.1209373423596367e-13 1
  outer loop
    vertex 19.99999999999497 44.500000000001116 6.1349999999999976e-12
    vertex 20.380602337436713 60.586582838175694 7.98013396013141e-12
    vertex 20.09607359797689 61.52454838992047 8.053929090601897e-12
  endloop
endfacet
facet normal -1.1190909090907807e-13 -1.128041958042087e-13 1
  outer loop
    vertex 35.99999999999349 57.50000000000293 9.391999999999999e-12
    vertex 24.99999999999349 57.50000000000167 8.160999999999998e-12
    vertex 19.99999999999497 44.500000000001116 6.1349999999999976e-12
  endloop
endfacet
facet normal -1.1188888888887605e-13 -1.130000000000123e-13 1
  outer loop
    vertex 49.999999999992696 64.50000000000449 1.1747999999999999e-11
    vertex 40.999999999992696 64.50000000000345 1.0740999999999997e-11
    vertex 40.99999999999293 62.50000000000348 1.0515000000000002e-11
  endloop
endfacet
facet normal -1.0999978849711819e-13 -1.2150095176291813e-13 1
  outer loop
    vertex 49.999999999992696 64.50000000000449 1.1747999999999999e-11
    vertex 40.99999999999293 62.50000000000348 1.0515000000000002e-11
    vertex 40.90392640200919 61.52454838992282 1.0385913625518162e-11
  endloop
endfacet
facet normal -1.1296481009489634e-13 -1.1243676312626881e-13 0.9999999999999999
  outer loop
    vertex 49.999999999992696 64.50000000000449 1.1747999999999999e-11
    vertex 40.90392640200919 61.52454838992282 1.0385913625518162e-11
    vertex 40.619397662549574 60.586582838177975 1.0248310079936431e-11
  endloop
endfacet
facet normal -1.1191999999998712e-13 -1.1280000000001268e-13 1
  outer loop
    vertex 8.881784197001252e-15 -1.127e-12 -1.123e-12
    vertex 19.99999999999497 44.500000000001116 6.1349999999999976e-12
    vertex -1.1587175663407834e-11 102.49999999999883 1.0439e-11
  endloop
endfacet
facet normal -1.1246907154042295e-13 -1.1250876248576086e-13 1
  outer loop
    vertex 49.99999999999438 49.50000000000449 1.0055999999999997e-11
    vertex 40.619397662549574 60.586582838177975 1.0248310079936431e-11
    vertex 40.157348061505964 59.722148834905354 1.0099087390342619e-11
  endloop
endfacet
facet normal -1.1241466818794674e-13 -1.1245637885572779e-13 1
  outer loop
    vertex 49.99999999999438 49.50000000000449 1.0055999999999997e-11
    vertex 40.157348061505964 59.722148834905354 1.0099087390342619e-11
    vertex 39.53553390592606 58.96446609407056 9.943980101012771e-12
  endloop
endfacet
facet normal -1.1236594178601646e-13 -1.1240250410190464e-13 1
  outer loop
    vertex 49.99999999999438 49.50000000000449 1.0055999999999997e-11
    vertex 39.53553390592606 58.96446609407056 9.943980101012771e-12
    vertex 38.777851165091406 58.342651938490484 9.788948898090664e-12
  endloop
endfacet
facet normal -1.1281327425909587e-13 -1.128000000000128e-13 1
  outer loop
    vertex 49.99999999999438 49.50000000000449 1.0055999999999997e-11
    vertex 49.999999999992696 64.50000000000449 1.1747999999999999e-11
    vertex 40.619397662549574 60.586582838177975 1.0248310079936431e-11
  endloop
endfacet
facet normal -1.1229469525776906e-13 -1.1238187684467101e-13 1
  outer loop
    vertex 44.999999999994955 44.50000000000393 8.931999999999998e-12
    vertex 38.777851165091406 58.342651938490484 9.788948898090664e-12
    vertex 37.9134171618189 57.88060233744668 9.63995154376209e-12
  endloop
endfacet
facet normal -1.1223332734094357e-13 -1.1234937540600467e-13 1
  outer loop
    vertex 44.999999999994955 44.50000000000393 8.931999999999998e-12
    vertex 37.9134171618189 57.88060233744668 9.63995154376209e-12
    vertex 36.975451610074124 57.59607359798686 9.502713922795221e-12
  endloop
endfacet
facet normal -1.029924115233088e-13 -1.0668705413154138e-13 1
  outer loop
    vertex 44.999999999994955 44.50000000000393 8.931999999999998e-12
    vertex 36.975451610074124 57.59607359798686 9.502713922795221e-12
    vertex 35.99999999999349 57.50000000000293 9.391999999999999e-12
  endloop
endfacet
facet normal -1.1237984783140879e-13 -1.1242015216859133e-13 1
  outer loop
    vertex 44.999999999994955 44.50000000000393 8.931999999999998e-12
    vertex 49.99999999999438 49.50000000000449 1.0055999999999997e-11
    vertex 38.777851165091406 58.342651938490484 9.788948898090664e-12
  endloop
endfacet
facet normal -1.1187999999998738e-13 -1.1284000000001262e-13 1
  outer loop
    vertex 44.999999999994955 44.50000000000393 8.931999999999998e-12
    vertex 35.99999999999349 57.50000000000293 9.391999999999999e-12
    vertex 19.99999999999497 44.500000000001116 6.1349999999999976e-12
  endloop
endfacet
facet normal -8.13532878075151e-14 -1.2202601357592333e-13 1
  outer loop
    vertex 49.619397662551044 47.58658283817898 9.791550079936431e-12
    vertex 49.903926402010654 48.524548389923815 9.929153625518162e-12
    vertex 49.99999999999438 49.50000000000449 1.0055999999999997e-11
  endloop
endfacet
facet normal -1.0809280761072382e-13 -1.167071923892753e-13 1
  outer loop
    vertex 49.619397662551044 47.58658283817898 9.791550079936431e-12
    vertex 49.99999999999438 49.50000000000449 1.0055999999999997e-11
    vertex 44.999999999994955 44.50000000000393 8.931999999999998e-12
  endloop
endfacet
facet normal -1.0264218132526868e-13 -1.439671465370915e-13 0.9999999999999999
  outer loop
    vertex 46.913417161820355 44.88060233744769 9.183191543762087e-12
    vertex 44.999999999994955 44.50000000000393 8.931999999999998e-12
    vertex 45.97545161007558 44.59607359798787 9.045953922795218e-12
  endloop
endfacet
facet normal -1.0692756393688931e-13 -1.2242307329483336e-13 1
  outer loop
    vertex 47.77785116509287 45.34265193849149 9.332188898090664e-12
    vertex 44.999999999994955 44.50000000000393 8.931999999999998e-12
    vertex 46.913417161820355 44.88060233744769 9.183191543762087e-12
  endloop
endfacet
facet normal -1.0856076764297403e-13 -1.1703912221067314e-13 1
  outer loop
    vertex 48.53553390592753 45.96446609407157 9.48722010101277e-12
    vertex 44.999999999994955 44.50000000000393 8.931999999999998e-12
    vertex 47.77785116509287 45.34265193849149 9.332188898090664e-12
  endloop
endfacet
facet normal -1.0968573792187736e-13 -1.1432320370607895e-13 1
  outer loop
    vertex 48.53553390592753 45.96446609407157 9.48722010101277e-12
    vertex 49.619397662551044 47.58658283817898 9.791550079936431e-12
    vertex 44.999999999994955 44.50000000000393 8.931999999999998e-12
  endloop
endfacet
facet normal -1.121299999999919e-13 -1.1269000000000676e-13 0.9999999999999999
  outer loop
    vertex 48.53553390592753 45.96446609407157 9.48722010101277e-12
    vertex 49.15734806150743 46.72214883490636 9.642327390342617e-12
    vertex 49.619397662551044 47.58658283817898 9.791550079936431e-12
  endloop
endfacet
facet normal -1.1189999999998731e-13 -1.1280898876405757e-13 1
  outer loop
    vertex 20 1.1309999999999997e-12 1.1149999999999998e-12
    vertex 19.99999999999497 44.500000000001116 6.1349999999999976e-12
    vertex 8.881784197001252e-15 -1.127e-12 -1.123e-12
  endloop
endfacet
facet normal 0.9951847266721865 0.0980171403296652 1.2272912996017216e-13
  outer loop
    vertex 49.90392640200557 103.4754516100862 -9.999999999983872
    vertex 49.903926402004444 103.47545161008507 1.6121450909398118e-11
    vertex 49.99999999998839 102.50000000000449 1.6034e-11
  endloop
endfacet
facet normal 0.9951847266721875 0.09801714032965662 1.2188230360844872e-13
  outer loop
    vertex 49.90392640200557 103.4754516100862 -9.999999999983872
    vertex 49.99999999998839 102.50000000000449 1.6034e-11
    vertex 49.999999999989505 102.5000000000056 -9.999999999983963
  endloop
endfacet
facet normal 0.9569403357321771 0.2902846772545674 1.400206543080925e-13
  outer loop
    vertex 49.619397662545744 104.41341716183098 -9.999999999983798
    vertex 49.61939766254462 104.41341716182986 1.6195246039868615e-11
    vertex 49.903926402004444 103.47545161008507 1.6121450909398118e-11
  endloop
endfacet
facet normal 0.9569403357321768 0.2902846772545674 1.4001655090895186e-13
  outer loop
    vertex 49.619397662545744 104.41341716183098 -9.999999999983798
    vertex 49.903926402004444 103.47545161008507 1.6121450909398118e-11
    vertex 49.90392640200557 103.4754516100862 -9.999999999983872
  endloop
endfacet
facet normal 0.8819212643482994 0.4713967368261015 1.519312634354403e-13
  outer loop
    vertex 49.157348061501935 105.27785116510348 -9.999999999983753
    vertex 49.15734806150081 105.27785116510236 1.624084948593235e-11
    vertex 49.61939766254462 104.41341716182986 1.6195246039868615e-11
  endloop
endfacet
facet normal 0.8819212643482995 0.4713967368261015 1.5193237112140428e-13
  outer loop
    vertex 49.157348061501935 105.27785116510348 -9.999999999983753
    vertex 49.61939766254462 104.41341716182986 1.6195246039868615e-11
    vertex 49.619397662545744 104.41341716183098 -9.999999999983798
  endloop
endfacet
facet normal 0.7730104533626668 0.634393284163731 1.580032393129975e-13
  outer loop
    vertex 48.53553390592187 106.03553390593814 -9.999999999983741
    vertex 48.535533905920744 106.03553390593702 1.625650873273181e-11
    vertex 49.15734806150081 105.27785116510236 1.624084948593235e-11
  endloop
endfacet
facet normal 0.7730104533626668 0.634393284163731 1.5800354948060082e-13
  outer loop
    vertex 48.53553390592187 106.03553390593814 -9.999999999983741
    vertex 49.15734806150081 105.27785116510236 1.624084948593235e-11
    vertex 49.157348061501935 105.27785116510348 -9.999999999983753
  endloop
endfacet
facet normal 0.6343932841635523 0.7730104533628135 1.584540028526714e-13
  outer loop
    vertex 47.77785116508707 106.65734806151804 -9.999999999983752
    vertex 47.77785116508594 106.65734806151691 1.6241622004194303e-11
    vertex 48.535533905920744 106.03553390593702 1.625650873273181e-11
  endloop
endfacet
facet normal 0.6343932841635559 0.7730104533628106 1.5800354948060051e-13
  outer loop
    vertex 47.77785116508707 106.65734806151804 -9.999999999983752
    vertex 48.535533905920744 106.03553390593702 1.625650873273181e-11
    vertex 48.53553390592187 106.03553390593814 -9.999999999983741
  endloop
endfacet
facet normal 0.4713967368259041 0.881921264348405 1.5193126343542994e-13
  outer loop
    vertex 46.91341716181445 107.11939766256165 -9.9999999999838
    vertex 46.91341716181333 107.11939766256053 1.619676138894895e-11
    vertex 47.77785116508594 106.65734806151691 1.6241622004194303e-11
  endloop
endfacet
facet normal 0.29028467725435886 0.9569403357322404 1.4002065430807615e-13
  outer loop
    vertex 46.91341716181445 107.11939766256165 -9.9999999999838
    vertex 45.97545161006849 107.40392640202015 1.6123650855281507e-11
    vertex 46.91341716181333 107.11939766256053 1.619676138894895e-11
  endloop
endfacet
facet normal 0.47139673682590094 0.8819212643484066 1.5226651246766445e-13
  outer loop
    vertex 46.91341716181445 107.11939766256165 -9.9999999999838
    vertex 47.77785116508594 106.65734806151691 1.6241622004194303e-11
    vertex 47.77785116508707 106.65734806151804 -9.999999999983752
  endloop
endfacet
facet normal 0.2902846772543588 0.9569403357322401 1.4002065430807615e-13
  outer loop
    vertex 45.97545161006961 107.40392640202127 -9.99999999998387
    vertex 45.97545161006849 107.40392640202015 1.6123650855281507e-11
    vertex 46.91341716181445 107.11939766256165 -9.9999999999838
  endloop
endfacet
facet normal 0.09801714032948514 0.9951847266722044 1.2265948459311286e-13
  outer loop
    vertex 44.999999999988944 107.50000000000504 -9.999999999983958
    vertex 44.99999999998783 107.50000000000392 1.6039000000000005e-11
    vertex 45.97545161006849 107.40392640202015 1.6123650855281507e-11
  endloop
endfacet
facet normal 0.09801714032948444 0.9951847266722044 1.227289837993932e-13
  outer loop
    vertex 44.999999999988944 107.50000000000504 -9.999999999983958
    vertex 45.97545161006849 107.40392640202015 1.6123650855281507e-11
    vertex 45.97545161006961 107.40392640202127 -9.99999999998387
  endloop
endfacet
facet normal 1.1368683772162875e-13 -1 -1.1368683772160343e-13
  outer loop
    vertex 49.999999999990095 87.50000000000449 1.4342e-11
    vertex 40.999999999990095 87.50000000000347 1.3335e-11
    vertex 40.99999999999121 87.5000000000046 -9.99999999998666
  endloop
endfacet
facet normal 1.1052887000713898e-13 -1 -1.1084466677856327e-13
  outer loop
    vertex 49.999999999990095 87.50000000000449 1.4342e-11
    vertex 40.99999999999121 87.5000000000046 -9.99999999998666
    vertex 49.99999999999122 87.5000000000056 -9.999999999985654
  endloop
endfacet
facet normal 1.243242906444908e-13 9.418942681667171e-14 -1
  outer loop
    vertex 3.086582838163576 107.11939766255671 -9.99999999998871
    vertex 1.4644660940564087 106.03553390593282 -9.999999999989013
    vertex 2.2221488348910645 106.65734806151289 -9.99999999998886
  endloop
endfacet
facet normal 1.1009893541213696e-13 1.159566142642735e-13 -1
  outer loop
    vertex 4.024548389908351 107.40392640201652 -9.999999999988573
    vertex 0.8426519384765054 105.27785116509803 -9.99999999998917
    vertex 1.4644660940564087 106.03553390593282 -9.999999999989013
  endloop
endfacet
facet normal 1.1137461395505395e-13 1.1356998757473316e-13 -1
  outer loop
    vertex 4.024548389908351 107.40392640201652 -9.999999999988573
    vertex 1.4644660940564087 106.03553390593282 -9.999999999989013
    vertex 3.086582838163576 107.11939766255671 -9.99999999998871
  endloop
endfacet
facet normal 1.349731000601141e-13 9.026894717584277e-14 -1
  outer loop
    vertex -1.0466294497746276e-11 102.49999999999994 -9.999999999989559
    vertex 4.024548389908351 107.40392640201652 -9.999999999988573
    vertex 4.999999999988964 107.50000000000051 -9.999999999988432
  endloop
endfacet
facet normal 1.4089700288070225e-13 9.730363477363719e-14 -1
  outer loop
    vertex -1.0466294497746276e-11 102.49999999999994 -9.999999999989559
    vertex 0.3806023374328955 104.41341716182541 -9.999999999989319
    vertex 0.8426519384765054 105.27785116509803 -9.99999999998917
  endloop
endfacet
facet normal 1.5998784819590826e-13 9.350622953671278e-14 -0.9999999999999999
  outer loop
    vertex -1.0466294497746276e-11 102.49999999999994 -9.999999999989559
    vertex 0.09607359797328208 103.47545161008058 -9.999999999989452
    vertex 0.3806023374328955 104.41341716182541 -9.999999999989319
  endloop
endfacet
facet normal 1.1790150572225442e-13 1.0427924257455177e-13 -1
  outer loop
    vertex -1.0466294497746276e-11 102.49999999999994 -9.999999999989559
    vertex 0.8426519384765054 105.27785116509803 -9.99999999998917
    vertex 4.024548389908351 107.40392640201652 -9.999999999988573
  endloop
endfacet
facet normal 1.1113578107618317e-13 1.1311640493549602e-13 -1
  outer loop
    vertex 22.222148834892522 93.65734806151518 -9.999999999988084
    vertex 21.46446609405786 93.03553390593511 -9.999999999988239
    vertex 4.999999999988964 107.50000000000051 -9.999999999988432
  endloop
endfacet
facet normal 1.1215127071709595e-13 1.142723062078248e-13 -1
  outer loop
    vertex 20.842651938477957 92.27785116510032 -9.999999999988395
    vertex 4.999999999988964 107.50000000000051 -9.999999999988432
    vertex 21.46446609405786 93.03553390593511 -9.999999999988239
  endloop
endfacet
facet normal 1.1174652564996898e-13 1.138762545652195e-13 -1
  outer loop
    vertex 23.086582838165036 94.119397662559 -9.999999999987935
    vertex 22.222148834892522 93.65734806151518 -9.999999999988084
    vertex 4.999999999988964 107.50000000000051 -9.999999999988432
  endloop
endfacet
facet normal 1.115913085654497e-13 1.1365073867050185e-13 -1
  outer loop
    vertex 20.380602337434347 91.41341716182768 -9.999999999988544
    vertex -1.0466294497746276e-11 102.49999999999994 -9.999999999989559
    vertex 4.999999999988964 107.50000000000051 -9.999999999988432
  endloop
endfacet
facet normal 1.1113318931284501e-13 1.1321272457401391e-13 -1
  outer loop
    vertex 20.380602337434347 91.41341716182768 -9.999999999988544
    vertex 4.999999999988964 107.50000000000051 -9.999999999988432
    vertex 20.842651938477957 92.27785116510032 -9.999999999988395
  endloop
endfacet
facet normal 1.1141687636753896e-13 1.134306670719321e-13 -1
  outer loop
    vertex 24.02454838990981 94.4039264020188 -9.999999999987798
    vertex 23.086582838165036 94.119397662559 -9.999999999987935
    vertex 4.999999999988964 107.50000000000051 -9.999999999988432
  endloop
endfacet
facet normal 1.1080878484876058e-13 1.1221221564476405e-13 -1
  outer loop
    vertex 20.096073597974737 90.47545161008286 -9.999999999988681
    vertex -1.0466294497746276e-11 102.49999999999994 -9.999999999989559
    vertex 20.380602337434347 91.41341716182768 -9.999999999988544
  endloop
endfacet
facet normal 1.2684266360564653e-13 1.3583956952413186e-13 -0.9999999999999999
  outer loop
    vertex 24.999999999990425 94.50000000000277 -9.999999999987661
    vertex 24.02454838990981 94.4039264020188 -9.999999999987798
    vertex 4.999999999988964 107.50000000000051 -9.999999999988432
  endloop
endfacet
facet normal 1.0194687013386056e-13 9.740170596449763e-14 -1
  outer loop
    vertex 19.99999999999099 89.50000000000219 -9.999999999988786
    vertex -1.0466294497746276e-11 102.49999999999994 -9.999999999989559
    vertex 20.096073597974737 90.47545161008286 -9.999999999988681
  endloop
endfacet
facet normal 1.1186607196121805e-13 1.1279865930192851e-13 -1
  outer loop
    vertex 44.99999999998894 107.50000000000504 -9.999999999983958
    vertex 24.999999999990425 94.50000000000277 -9.999999999987661
    vertex 4.999999999988964 107.50000000000051 -9.999999999988432
  endloop
endfacet
facet normal 9.210506269007091e-14 4.766037186587396e-14 -1
  outer loop
    vertex 46.91341716181444 107.11939766256164 -9.9999999999838
    vertex 44.99999999998894 107.50000000000504 -9.999999999983958
    vertex 45.97545161006961 107.40392640202127 -9.999999999983872
  endloop
endfacet
facet normal 1.1191048088220344e-13 1.1273033788502797e-13 -1
  outer loop
    vertex 35.99999999999042 94.50000000000398 -9.99999999998643
    vertex 24.999999999990425 94.50000000000277 -9.999999999987661
    vertex 44.99999999998894 107.50000000000504 -9.999999999983958
  endloop
endfacet
facet normal 9.595941791307513e-14 1.2377338147903716e-13 -1
  outer loop
    vertex 36.97545161007108 94.40392640202028 -9.999999999986349
    vertex 35.99999999999042 94.50000000000398 -9.99999999998643
    vertex 44.99999999998894 107.50000000000504 -9.999999999983958
  endloop
endfacet
facet normal 1.121789093025123e-13 1.1383497570110822e-13 -1
  outer loop
    vertex 37.913417161815914 94.11939766256064 -9.999999999986276
    vertex 36.97545161007108 94.40392640202028 -9.999999999986349
    vertex 44.99999999998894 107.50000000000504 -9.999999999983958
  endloop
endfacet
facet normal 9.741176248871488e-14 9.869944703809489e-14 -1
  outer loop
    vertex 49.157348061501935 105.27785116510348 -9.999999999983755
    vertex 47.77785116508707 106.65734806151804 -9.999999999983753
    vertex 48.53553390592187 106.03553390593814 -9.999999999983741
  endloop
endfacet
facet normal 1.1625761758551874e-13 1.1754530213490303e-13 -1
  outer loop
    vertex 49.157348061501935 105.27785116510348 -9.999999999983755
    vertex 46.91341716181444 107.11939766256164 -9.9999999999838
    vertex 47.77785116508707 106.65734806151804 -9.999999999983753
  endloop
endfacet
facet normal 1.1221052149656649e-13 1.1381823337320608e-13 -0.9999999999999999
  outer loop
    vertex 38.777851165088535 93.65734806151703 -9.999999999986231
    vertex 37.913417161815914 94.11939766256064 -9.999999999986276
    vertex 44.99999999998894 107.50000000000504 -9.999999999983958
  endloop
endfacet
facet normal 1.0477001149532061e-13 1.0942908247369551e-13 -1
  outer loop
    vertex 49.90392640200556 103.4754516100862 -9.999999999983874
    vertex 49.157348061501935 105.27785116510348 -9.999999999983755
    vertex 49.61939766254574 104.41341716183098 -9.999999999983801
  endloop
endfacet
facet normal 1.0361122693981501e-13 1.0550576580152511e-13 -0.9999999999999999
  outer loop
    vertex 49.90392640200556 103.4754516100862 -9.999999999983874
    vertex 44.99999999998894 107.50000000000504 -9.999999999983958
    vertex 46.91341716181444 107.11939766256164 -9.9999999999838
  endloop
endfacet
facet normal 1.1208263396888447e-13 1.124580698787609e-13 -1
  outer loop
    vertex 49.90392640200556 103.4754516100862 -9.999999999983874
    vertex 46.91341716181444 107.11939766256164 -9.9999999999838
    vertex 49.157348061501935 105.27785116510348 -9.999999999983755
  endloop
endfacet
facet normal 9.98184974824007e-14 1.0088431158606338e-13 -0.9999999999999999
  outer loop
    vertex 49.999999999989505 102.5000000000056 -9.999999999983963
    vertex 44.99999999998894 107.50000000000504 -9.999999999983958
    vertex 49.90392640200556 103.4754516100862 -9.999999999983874
  endloop
endfacet
facet normal 1.1258437530863475e-13 1.1365018941230031e-13 -1
  outer loop
    vertex 49.999999999989505 102.5000000000056 -9.999999999983963
    vertex 38.777851165088535 93.65734806151703 -9.999999999986231
    vertex 44.99999999998894 107.50000000000504 -9.999999999983958
  endloop
endfacet
facet normal 1.1345924607202089e-13 1.1253989693598007e-13 -1
  outer loop
    vertex 49.999999999989505 102.5000000000056 -9.999999999983963
    vertex 39.53553390592332 93.03553390593713 -9.999999999986215
    vertex 38.777851165088535 93.65734806151703 -9.999999999986231
  endloop
endfacet
facet normal 1.1259032264937872e-13 1.1350062938556616e-13 -1
  outer loop
    vertex 40.1573480615034 92.27785116510248 -9.999999999986231
    vertex 39.53553390592332 93.03553390593713 -9.999999999986215
    vertex 49.999999999989505 102.5000000000056 -9.999999999983963
  endloop
endfacet
facet normal 1.1389021434054793e-13 1.1224899612522631e-13 -0.9999999999999999
  outer loop
    vertex 40.6193976625472 91.41341716182997 -9.999999999986276
    vertex 40.1573480615034 92.27785116510248 -9.999999999986231
    vertex 49.999999999989505 102.5000000000056 -9.999999999983963
  endloop
endfacet
facet normal 1.1197627187625521e-13 1.1283155479895471e-13 -1
  outer loop
    vertex 19.999999999994046 62.50000000000224 -9.999999999991832
    vertex -1.0466294497746276e-11 102.49999999999994 -9.999999999989559
    vertex 19.99999999999099 89.50000000000219 -9.999999999988786
  endloop
endfacet
facet normal 1.4870038320235527e-13 1.3119361046200995e-13 -1
  outer loop
    vertex 20.096073597978005 61.5245483899216 -9.999999999991946
    vertex -1.0466294497746276e-11 102.49999999999994 -9.999999999989559
    vertex 19.999999999994046 62.50000000000224 -9.999999999991832
  endloop
endfacet
facet normal 1.1331056832518519e-13 1.1273944740728211e-13 -1
  outer loop
    vertex 49.99999999999121 87.5000000000056 -9.999999999985654
    vertex 40.6193976625472 91.41341716182997 -9.999999999986276
    vertex 49.999999999989505 102.5000000000056 -9.999999999983963
  endloop
endfacet
facet normal 1.1296686150488573e-13 1.1191556974012498e-13 -1
  outer loop
    vertex 49.99999999999121 87.5000000000056 -9.999999999985654
    vertex 40.90392640200702 90.47545161008519 -9.999999999986349
    vertex 40.6193976625472 91.41341716182997 -9.999999999986276
  endloop
endfacet
facet normal 1.078293958160923e-13 9.621013334382159e-14 -1
  outer loop
    vertex 49.99999999999121 87.5000000000056 -9.999999999985654
    vertex 40.99999999999099 89.50000000000458 -9.999999999986432
    vertex 40.90392640200702 90.47545161008519 -9.999999999986349
  endloop
endfacet
facet normal 1.1191048088220293e-13 1.1457501614132926e-13 -1
  outer loop
    vertex 49.99999999999121 87.5000000000056 -9.999999999985654
    vertex 40.99999999999121 87.50000000000459 -9.999999999986661
    vertex 40.99999999999099 89.50000000000458 -9.999999999986432
  endloop
endfacet
facet normal 1.2358014432999308e-13 1.0837864862352634e-13 -0.9999999999999999
  outer loop
    vertex 19.999999999996085 44.500000000002245 -9.999999999993863
    vertex 24.02454838991396 57.596073597986525 -9.999999999991946
    vertex 24.99999999999461 57.50000000000281 -9.999999999991836
  endloop
endfacet
facet normal 1.1163709731372349e-13 1.1204886094177705e-13 -1
  outer loop
    vertex 19.999999999996085 44.500000000002245 -9.999999999993863
    vertex 23.086582838169118 57.880602337446135 -9.999999999992019
    vertex 24.02454838991396 57.596073597986525 -9.999999999991946
  endloop
endfacet
facet normal 1.1130564047573206e-13 1.1212532005489768e-13 -1
  outer loop
    vertex 19.999999999996085 44.500000000002245 -9.999999999993863
    vertex 22.2221488348965 58.34265193848975 -9.999999999992063
    vertex 23.086582838169118 57.880602337446135 -9.999999999992019
  endloop
endfacet
facet normal 1.1290792242759753e-13 1.1186810713151117e-13 -1
  outer loop
    vertex 19.999999999996085 44.500000000002245 -9.999999999993863
    vertex 21.464466094061706 58.96446609406965 -9.99999999999208
    vertex 22.2221488348965 58.34265193848975 -9.999999999992063
  endloop
endfacet
facet normal 1.1085442507636656e-13 1.1207601506434286e-13 -1
  outer loop
    vertex 19.999999999996085 44.500000000002245 -9.999999999993863
    vertex 20.84265193848163 59.72214883490431 -9.999999999992063
    vertex 21.464466094061706 58.96446609406965 -9.99999999999208
  endloop
endfacet
facet normal 1.1331206282352429e-13 1.1193996770110924e-13 -0.9999999999999999
  outer loop
    vertex 19.999999999996085 44.500000000002245 -9.999999999993863
    vertex 20.38060233743783 60.586582838176824 -9.999999999992019
    vertex 20.84265193848163 59.72214883490431 -9.999999999992063
  endloop
endfacet
facet normal 1.130664476325108e-13 1.1194577886167404e-13 -1
  outer loop
    vertex 19.999999999996085 44.500000000002245 -9.999999999993863
    vertex 20.096073597978005 61.5245483899216 -9.999999999991946
    vertex 20.38060233743783 60.586582838176824 -9.999999999992019
  endloop
endfacet
facet normal 1.0949556648077849e-13 1.1196593019798883e-13 -1
  outer loop
    vertex 19.999999999996085 44.500000000002245 -9.999999999993863
    vertex -1.0466294497746276e-11 102.49999999999994 -9.999999999989559
    vertex 20.096073597978005 61.5245483899216 -9.999999999991946
  endloop
endfacet
facet normal 1.119104808822029e-13 1.1286698071882869e-13 -1
  outer loop
    vertex 35.999999999994614 57.50000000000406 -9.999999999990605
    vertex 19.999999999996085 44.500000000002245 -9.999999999993863
    vertex 24.99999999999461 57.50000000000281 -9.999999999991836
  endloop
endfacet
facet normal 1.1191048088220349e-13 1.1191048088222857e-13 -1
  outer loop
    vertex 49.999999999993804 64.50000000000561 -9.999999999988248
    vertex 40.999999999994046 62.50000000000461 -9.999999999989479
    vertex 40.99999999999381 64.50000000000462 -9.999999999989255
  endloop
endfacet
facet normal 1.0880998248768957e-13 1.258627236575339e-13 -1
  outer loop
    vertex 49.999999999993804 64.50000000000561 -9.999999999988248
    vertex 40.903926402010306 61.52454838992395 -9.999999999989612
    vertex 40.999999999994046 62.50000000000461 -9.999999999989479
  endloop
endfacet
facet normal 1.1354695862339344e-13 1.113815997110846e-13 -1
  outer loop
    vertex 49.999999999993804 64.50000000000561 -9.999999999988248
    vertex 40.61939766255069 60.5865828381791 -9.999999999989749
    vertex 40.903926402010306 61.52454838992395 -9.999999999989612
  endloop
endfacet
facet normal 1.118727874565865e-13 1.127856615689574e-13 -1
  outer loop
    vertex 1.127986593019159e-12 3.552713678800501e-15 -10.000000000001119
    vertex -1.0466294497746276e-11 102.49999999999994 -9.999999999989559
    vertex 19.999999999996085 44.500000000002245 -9.999999999993863
  endloop
endfacet
facet normal 1.12724157988471e-13 1.1236233409994593e-13 -0.9999999999999999
  outer loop
    vertex 49.999999999995495 49.50000000000562 -9.999999999989937
    vertex 40.15734806150708 59.722148834906484 -9.999999999989898
    vertex 40.61939766255069 60.5865828381791 -9.999999999989749
  endloop
endfacet
facet normal 1.1353143145125767e-13 1.1313963756536398e-13 -1
  outer loop
    vertex 49.999999999995495 49.50000000000562 -9.999999999989937
    vertex 39.535533905927174 58.96446609407169 -9.999999999990054
    vertex 40.15734806150708 59.722148834906484 -9.999999999989898
  endloop
endfacet
facet normal 1.1226545205815294e-13 1.117398968612117e-13 -1
  outer loop
    vertex 49.999999999995495 49.50000000000562 -9.999999999989937
    vertex 38.77785116509252 58.34265193849161 -9.999999999990209
    vertex 39.535533905927174 58.96446609407169 -9.999999999990054
  endloop
endfacet
facet normal 1.1302989344851707e-13 1.1262102361798868e-13 -1
  outer loop
    vertex 49.999999999995495 49.50000000000562 -9.999999999989937
    vertex 40.61939766255069 60.5865828381791 -9.999999999989749
    vertex 49.999999999993804 64.50000000000561 -9.999999999988248
  endloop
endfacet
facet normal 1.1257523862153077e-13 1.1232584164429008e-13 -0.9999999999999999
  outer loop
    vertex 44.999999999996064 44.50000000000506 -9.999999999991063
    vertex 37.913417161820014 57.88060233744781 -9.999999999990358
    vertex 38.77785116509252 58.34265193849161 -9.999999999990209
  endloop
endfacet
facet normal 1.1186597058283192e-13 1.1195020184991062e-13 -1
  outer loop
    vertex 44.999999999996064 44.50000000000506 -9.999999999991063
    vertex 36.97545161007523 57.59607359798799 -9.999999999990495
    vertex 37.913417161820014 57.88060233744781 -9.999999999990358
  endloop
endfacet
facet normal 1.0244802063833072e-13 1.061794038700381e-13 -1
  outer loop
    vertex 44.999999999996064 44.50000000000506 -9.999999999991063
    vertex 35.999999999994614 57.50000000000406 -9.999999999990605
    vertex 36.97545161007523 57.59607359798799 -9.999999999990495
  endloop
endfacet
facet normal 1.1198153515577917e-13 1.1277952930519633e-13 -1
  outer loop
    vertex 44.999999999996064 44.50000000000506 -9.999999999991063
    vertex 19.999999999996085 44.500000000002245 -9.999999999993863
    vertex 35.999999999994614 57.50000000000406 -9.999999999990605
  endloop
endfacet
facet normal 1.1281047081463106e-13 1.1243157642132093e-13 -1
  outer loop
    vertex 44.999999999996064 44.50000000000506 -9.999999999991063
    vertex 38.77785116509252 58.34265193849161 -9.999999999990209
    vertex 49.999999999995495 49.50000000000562 -9.999999999989937
  endloop
endfacet
facet normal 3.589012366586261e-14 1.330447028854942e-13 -1
  outer loop
    vertex 49.61939766255216 47.586582838180114 -9.999999999990205
    vertex 49.999999999995495 49.50000000000562 -9.999999999989937
    vertex 49.90392640201177 48.52454838992496 -9.99999999999007
  endloop
endfacet
facet normal 1.0608162533849456e-13 1.1908274511786659e-13 -1
  outer loop
    vertex 46.91341716182148 44.88060233744882 -9.999999999990814
    vertex 49.999999999995495 49.50000000000562 -9.999999999989937
    vertex 49.61939766255216 47.586582838180114 -9.999999999990205
  endloop
endfacet
facet normal 9.616783861612899e-14 1.699431620065507e-13 -1
  outer loop
    vertex 46.91341716182148 44.88060233744882 -9.999999999990814
    vertex 45.97545161007671 44.596073597989 -9.999999999990953
    vertex 44.999999999996064 44.50000000000506 -9.999999999991063
  endloop
endfacet
facet normal 1.0631571749911423e-13 1.189263297368363e-13 -1
  outer loop
    vertex 46.91341716182148 44.88060233744882 -9.999999999990814
    vertex 44.999999999996064 44.50000000000506 -9.999999999991063
    vertex 49.999999999995495 49.50000000000562 -9.999999999989937
  endloop
endfacet
facet normal 1.1093207191648275e-13 1.1423229853987958e-13 -1
  outer loop
    vertex 48.53553390592865 45.964466094072705 -9.99999999999051
    vertex 46.91341716182148 44.88060233744882 -9.999999999990814
    vertex 49.61939766255216 47.586582838180114 -9.999999999990205
  endloop
endfacet
facet normal 1.2432429064448996e-13 9.418942681667226e-14 -1
  outer loop
    vertex 48.53553390592865 45.964466094072705 -9.99999999999051
    vertex 47.777851165094 45.34265193849263 -9.999999999990663
    vertex 46.91341716182148 44.88060233744882 -9.999999999990814
  endloop
endfacet
facet normal 1.1775552911019853e-13 1.0967301020628305e-13 -1
  outer loop
    vertex 48.53553390592865 45.964466094072705 -9.99999999999051
    vertex 49.61939766255216 47.586582838180114 -9.999999999990205
    vertex 49.15734806150856 46.7221488349075 -9.999999999990354
  endloop
endfacet
facet normal 1.119104808822031e-13 1.1276872070351175e-13 -1
  outer loop
    vertex 20.000000000001123 2.261302256556519e-12 -9.999999999998881
    vertex 1.127986593019159e-12 3.552713678800501e-15 -10.000000000001119
    vertex 19.999999999996085 44.500000000002245 -9.999999999993863
  endloop
endfacet
facet normal -1.1333156635374858e-13 1 1.1226575225008331e-13
  outer loop
    vertex 4.999999999987846 107.49999999999939 1.1562e-11
    vertex 44.99999999998783 107.50000000000392 1.6039000000000005e-11
    vertex 44.999999999988944 107.50000000000504 -9.999999999983958
  endloop
endfacet
facet normal -1.1333156635374861e-13 1 1.1226575225008324e-13
  outer loop
    vertex 4.999999999987846 107.49999999999939 1.1562e-11
    vertex 44.999999999988944 107.50000000000504 -9.999999999983958
    vertex 4.999999999988964 107.50000000000051 -9.99999999998843
  endloop
endfacet
facet normal -1 -1.1368683772160424e-13 -1.1155520951434872e-13
  outer loop
    vertex 40.99999999998987 89.50000000000345 1.3561e-11
    vertex 40.99999999999121 87.5000000000046 -9.99999999998666
    vertex 40.999999999990095 87.50000000000347 1.3335e-11
  endloop
endfacet
facet normal -1 -1.1368683772160415e-13 -1.1155520951434874e-13
  outer loop
    vertex 40.99999999998987 89.50000000000345 1.3561e-11
    vertex 40.99999999999098 89.50000000000459 -9.999999999986432
    vertex 40.99999999999121 87.5000000000046 -9.99999999998666
  endloop
endfacet
facet normal -0.0980171403297052 0.9951847266721826 1.007560166586617e-13
  outer loop
    vertex 4.024548389908351 107.40392640201652 -9.999999999988573
    vertex 4.024548389907232 107.4039264020154 1.1424066077204795e-11
    vertex 4.999999999987846 107.49999999999939 1.1562e-11
  endloop
endfacet
facet normal -0.09801714032970531 0.9951847266721827 1.0076485369533835e-13
  outer loop
    vertex 4.024548389908351 107.40392640201652 -9.999999999988573
    vertex 4.999999999987846 107.49999999999939 1.1562e-11
    vertex 4.999999999988964 107.50000000000051 -9.99999999998843
  endloop
endfacet
facet normal -0.2902846772545626 0.9569403357321784 7.491994636654471e-14
  outer loop
    vertex 3.0865828381635767 107.11939766255671 -9.999999999988708
    vertex 3.0865828381624567 107.11939766255558 1.1286828456237926e-11
    vertex 4.024548389907232 107.4039264020154 1.1424066077204795e-11
  endloop
endfacet
facet normal -0.29028467725456286 0.9569403357321785 7.494393957764741e-14
  outer loop
    vertex 3.0865828381635767 107.11939766255671 -9.999999999988708
    vertex 4.024548389907232 107.4039264020154 1.1424066077204795e-11
    vertex 4.024548389908351 107.40392640201652 -9.999999999988573
  endloop
endfacet
facet normal -0.47139673682610567 0.8819212643482973 4.629718710377702e-14
  outer loop
    vertex 2.2221488348910645 106.65734806151289 -9.999999999988859
    vertex 2.2221488348899463 106.65734806151177 1.1137831101909352e-11
    vertex 3.0865828381624567 107.11939766255558 1.1286828456237926e-11
  endloop
endfacet
facet normal -0.4713967368261048 0.8819212643482977 4.621344721178844e-14
  outer loop
    vertex 2.2221488348910645 106.65734806151289 -9.999999999988859
    vertex 3.0865828381624567 107.11939766255558 1.1286828456237926e-11
    vertex 3.0865828381635767 107.11939766255671 -9.999999999988708
  endloop
endfacet
facet normal -0.63439328416373 0.7730104533626675 1.59000334296557e-14
  outer loop
    vertex 1.4644660940564087 106.03553390593282 -9.999999999989011
    vertex 1.4644660940552914 106.0355339059317 1.0982799898987243e-11
    vertex 2.2221488348899463 106.65734806151177 1.1137831101909352e-11
  endloop
endfacet
facet normal -0.6343932841637295 0.773010453362668 1.5840565177864425e-14
  outer loop
    vertex 1.4644660940564087 106.03553390593282 -9.999999999989011
    vertex 2.2221488348899463 106.65734806151177 1.1137831101909352e-11
    vertex 2.2221488348910645 106.65734806151289 -9.999999999988859
  endloop
endfacet
facet normal -0.773010453362807 0.6343932841635602 -1.5287332293780483e-14
  outer loop
    vertex 0.8426519384765054 105.27785116509803 -9.99999999998917
    vertex 0.8426519384753863 105.2778511650969 1.0827692609657397e-11
    vertex 1.4644660940552914 106.0355339059317 1.0982799898987243e-11
  endloop
endfacet
facet normal -0.7730104533628077 0.634393284163559 -1.5149628834746945e-14
  outer loop
    vertex 0.8426519384765054 105.27785116509803 -9.99999999998917
    vertex 1.4644660940552914 106.0355339059317 1.0982799898987243e-11
    vertex 1.4644660940564087 106.03553390593282 -9.999999999989011
  endloop
endfacet
facet normal -0.8819212643484065 0.47139673682590144 -4.577452352548166e-14
  outer loop
    vertex 0.3806023374328955 104.41341716182542 -9.999999999989319
    vertex 0.3806023374317764 104.4134171618243 1.0678469920063587e-11
    vertex 0.8426519384753863 105.2778511650969 1.0827692609657397e-11
  endloop
endfacet
facet normal -0.8819212643484065 0.47139673682590144 -4.5777364437854326e-14
  outer loop
    vertex 0.3806023374328955 104.41341716182542 -9.999999999989319
    vertex 0.8426519384753863 105.2778511650969 1.0827692609657397e-11
    vertex 0.8426519384765054 105.27785116509803 -9.99999999998917
  endloop
endfacet
facet normal -0.9569403357322414 0.29028467725435547 -7.45026254887477e-14
  outer loop
    vertex 0.09607359797328208 103.47545161008058 -9.999999999989452
    vertex 0.09607359797216297 103.47545161007946 1.0540866374481854e-11
    vertex 0.3806023374317764 104.4134171618243 1.0678469920063587e-11
  endloop
endfacet
facet normal -0.9569403357322412 0.2902846772543555 -7.450219339106394e-14
  outer loop
    vertex 0.09607359797328208 103.47545161008058 -9.999999999989452
    vertex 0.3806023374317764 104.4134171618243 1.0678469920063587e-11
    vertex 0.3806023374328955 104.41341716182542 -9.999999999989319
  endloop
endfacet
facet normal -0.9951847266722066 0.09801714032946356 -1.0068370438968397e-13
  outer loop
    vertex -1.0466294497746276e-11 102.49999999999994 -9.999999999989557
    vertex -1.1587175663407834e-11 102.49999999999883 1.0439e-11
    vertex 0.09607359797216297 103.47545161007946 1.0540866374481854e-11
  endloop
endfacet
facet normal -0.9951847266722068 0.09801714032946034 -1.0036841480994278e-13
  outer loop
    vertex -1.0466294497746276e-11 102.49999999999994 -9.999999999989557
    vertex 0.09607359797216297 103.47545161007946 1.0540866374481854e-11
    vertex 0.09607359797328208 103.47545161008058 -9.999999999989452
  endloop
endfacet
facet normal -0.09801714032944275 -0.9951847266722084 -1.2265948459310854e-13
  outer loop
    vertex 36.975451610071076 94.40392640202028 -9.999999999986347
    vertex 36.97545161006996 94.40392640201915 1.3650520855281503e-11
    vertex 35.999999999989306 94.50000000000288 1.3565e-11
  endloop
endfacet
facet normal -0.0980171403294284 -0.9951847266722099 -1.2124516968548773e-13
  outer loop
    vertex 36.975451610071076 94.40392640202028 -9.999999999986347
    vertex 35.999999999989306 94.50000000000288 1.3565e-11
    vertex 35.99999999999042 94.500000000004 -9.99999999998643
  endloop
endfacet
facet normal -0.2902846772543588 -0.9569403357322402 -1.3981439463935052e-13
  outer loop
    vertex 37.913417161815914 94.11939766256066 -9.999999999986276
    vertex 37.9134171618148 94.11939766255954 1.3723631388948948e-11
    vertex 36.97545161006996 94.40392640201915 1.3650520855281503e-11
  endloop
endfacet
facet normal -0.29028467725435875 -0.9569403357322402 -1.3981266805360643e-13
  outer loop
    vertex 37.913417161815914 94.11939766256066 -9.999999999986276
    vertex 36.97545161006996 94.40392640201915 1.3650520855281503e-11
    vertex 36.975451610071076 94.40392640202028 -9.999999999986347
  endloop
endfacet
facet normal -0.47139673682590105 -0.8819212643484067 -1.5126136838140446e-13
  outer loop
    vertex 38.77785116508853 93.65734806151704 -9.999999999986228
    vertex 38.77785116508742 93.65734806151592 1.3768492004194302e-11
    vertex 37.9134171618148 94.11939766255954 1.3723631388948948e-11
  endloop
endfacet
facet normal -0.47139673682590405 -0.881921264348405 -1.515982297751419e-13
  outer loop
    vertex 38.77785116508853 93.65734806151704 -9.999999999986228
    vertex 37.9134171618148 94.11939766255954 1.3723631388948948e-11
    vertex 37.913417161815914 94.11939766256066 -9.999999999986276
  endloop
endfacet
facet normal -0.6343932841635559 -0.7730104533628105 -1.5710171223363914e-13
  outer loop
    vertex 39.53553390592332 93.03553390593714 -9.999999999986217
    vertex 39.535533905922215 93.03553390593602 1.3783378732731807e-11
    vertex 38.77785116508742 93.65734806151592 1.3768492004194302e-11
  endloop
endfacet
facet normal -0.6343932841635558 -0.7730104533628105 -1.5710306686948847e-13
  outer loop
    vertex 39.53553390592332 93.03553390593714 -9.999999999986217
    vertex 38.77785116508742 93.65734806151592 1.3768492004194302e-11
    vertex 38.77785116508853 93.65734806151704 -9.999999999986228
  endloop
endfacet
facet normal -0.7730104533626633 -0.6343932841637353 -1.5690472538839068e-13
  outer loop
    vertex 40.1573480615034 92.27785116510249 -9.99999999998623
    vertex 40.15734806150229 92.27785116510137 1.3767719485932344e-11
    vertex 39.535533905922215 93.03553390593602 1.3783378732731807e-11
  endloop
endfacet
facet normal -0.7730104533626633 -0.6343932841637352 -1.5690484742679032e-13
  outer loop
    vertex 40.1573480615034 92.27785116510249 -9.99999999998623
    vertex 39.535533905922215 93.03553390593602 1.3783378732731807e-11
    vertex 39.53553390592332 93.03553390593714 -9.999999999986217
  endloop
endfacet
facet normal -0.8819212643483058 -0.47139673682608985 -1.5067797793964956e-13
  outer loop
    vertex 40.6193976625472 91.41341716182997 -9.999999999986274
    vertex 40.61939766254609 91.41341716182885 1.3722116039868607e-11
    vertex 40.15734806150229 92.27785116510137 1.3767719485932344e-11
  endloop
endfacet
facet normal -0.8819212643483056 -0.47139673682608985 -1.5067509351343502e-13
  outer loop
    vertex 40.6193976625472 91.41341716182997 -9.999999999986274
    vertex 40.15734806150229 92.27785116510137 1.3767719485932344e-11
    vertex 40.1573480615034 92.27785116510249 -9.99999999998623
  endloop
endfacet
facet normal -0.9569403357321757 -0.29028467725457147 -1.3866076029987208e-13
  outer loop
    vertex 40.90392640200702 90.4754516100852 -9.999999999986349
    vertex 40.903926402005915 90.47545161008408 1.3648320909398115e-11
    vertex 40.61939766254609 91.41341716182885 1.3722116039868607e-11
  endloop
endfacet
facet normal -0.9951847266721863 -0.09801714032966816 -1.213148874036198e-13
  outer loop
    vertex 40.90392640200702 90.4754516100852 -9.999999999986349
    vertex 40.99999999998987 89.50000000000345 1.3561e-11
    vertex 40.903926402005915 90.47545161008408 1.3648320909398115e-11
  endloop
endfacet
facet normal -0.9569403357321757 -0.2902846772545714 -1.3865733187331291e-13
  outer loop
    vertex 40.90392640200702 90.4754516100852 -9.999999999986349
    vertex 40.61939766254609 91.41341716182885 1.3722116039868607e-11
    vertex 40.6193976625472 91.41341716182997 -9.999999999986274
  endloop
endfacet
facet normal -0.9951847266721854 -0.09801714032967675 -1.221612994159795e-13
  outer loop
    vertex 40.99999999999098 89.50000000000459 -9.999999999986432
    vertex 40.99999999998987 89.50000000000345 1.3561e-11
    vertex 40.90392640200702 90.4754516100852 -9.999999999986349
  endloop
endfacet
facet normal -1 -1.13132267781498e-13 -1.1208811656616842e-13
  outer loop
    vertex 8.881784197001252e-15 -1.127e-12 -1.123e-12
    vertex -1.1587175663407834e-11 102.49999999999883 1.0439e-11
    vertex -1.0466294497746276e-11 102.49999999999994 -9.999999999989557
  endloop
endfacet
facet normal -1 -1.1311493747086976e-13 -1.1191048088222864e-13
  outer loop
    vertex 8.881784197001252e-15 -1.127e-12 -1.123e-12
    vertex -1.0466294497746276e-11 102.49999999999994 -9.999999999989557
    vertex 1.127986593019159e-12 3.0000000000000906e-15 -10.000000000001117
  endloop
endfacet
facet normal 1.1239494183842826e-13 -1 -1.1084466677856314e-13
  outer loop
    vertex 24.999999999989306 94.50000000000165 1.2333999999999998e-11
    vertex 35.99999999999042 94.500000000004 -9.99999999998643
    vertex 35.999999999989306 94.50000000000288 1.3565e-11
  endloop
endfacet
facet normal 1.1110304595522825e-13 -1 -1.1226575225008348e-13
  outer loop
    vertex 24.999999999989306 94.50000000000165 1.2333999999999998e-11
    vertex 24.999999999990425 94.50000000000277 -9.99999999998766
    vertex 35.99999999999042 94.500000000004 -9.99999999998643
  endloop
endfacet
facet normal 1.1289083524567276e-13 -1 -1.1279330387049956e-13
  outer loop
    vertex 8.409418709153588 6.482955765997378e-13 -7.304354824502419
    vertex 7.904169905121691 5.407700505444024e-13 -6.856743443074466
    vertex 1.127986593019159e-12 3e-15 -10.000000000001117
  endloop
endfacet
facet normal 1.1291831496134118e-13 -1 -1.1286240556094503e-13
  outer loop
    vertex 7.520723128171724 4.3477472544595423e-13 -6.301224881722833
    vertex 1.127986593019159e-12 3e-15 -10.000000000001117
    vertex 7.904169905121691 5.407700505444024e-13 -6.856743443074466
  endloop
endfacet
facet normal 1.1285979756803537e-13 -1 -1.1269647776393881e-13
  outer loop
    vertex 9.007106316281758 7.511023108770091e-13 -7.618045479519275
    vertex 8.409418709153588 6.482955765997378e-13 -7.304354824502419
    vertex 1.127986593019159e-12 3e-15 -10.000000000001117
  endloop
endfacet
facet normal 1.1294774687654164e-13 -1 -1.1292224950340606e-13
  outer loop
    vertex 7.281362911207696 3.364696643217844e-13 -5.67008386000547
    vertex 1.127986593019159e-12 3e-15 -10.000000000001117
    vertex 7.520723128171724 4.3477472544595423e-13 -6.301224881722833
  endloop
endfacet
facet normal 1.1281318518963997e-13 -1 -1.1252021803930859e-13
  outer loop
    vertex 9.662497295285972 8.432154996672951e-13 -7.779584847474592
    vertex 9.007106316281758 7.511023108770091e-13 -7.618045479519275
    vertex 1.127986593019159e-12 3e-15 -10.000000000001117
  endloop
endfacet
facet normal 1.1291666666667931e-13 -1 -1.1299999999998741e-13
  outer loop
    vertex 7.200000000000566 2.51e-13 -5.000000000000317
    vertex 8.881784197001252e-15 -1.127e-12 -1.123e-12
    vertex 1.127986593019159e-12 3e-15 -10.000000000001117
  endloop
endfacet
facet normal 1.1345472286860011e-13 -1 -1.137748009307532e-13
  outer loop
    vertex 7.200000000000566 2.51e-13 -5.000000000000317
    vertex 1.127986593019159e-12 3e-15 -10.000000000001117
    vertex 7.281362911207696 3.364696643217844e-13 -5.67008386000547
  endloop
endfacet
facet normal 1.1342910519416285e-13 -1 -1.1226208852041099e-13
  outer loop
    vertex 7.281362911207547 1.8500390860619982e-13 -4.329916139995137
    vertex 8.881784197001252e-15 -1.127e-12 -1.123e-12
    vertex 7.200000000000566 2.51e-13 -5.000000000000317
  endloop
endfacet
facet normal 1.1292533410465633e-13 -0.9999999999999999 -1.131092504534077e-13
  outer loop
    vertex 7.520723128171436 1.4064585318135505e-13 -3.69877511827772
    vertex 8.881784197001252e-15 -1.127e-12 -1.123e-12
    vertex 7.281362911207547 1.8500390860619982e-13 -4.329916139995137
  endloop
endfacet
facet normal 1.1289846148643109e-13 -1 -1.1316389057478266e-13
  outer loop
    vertex 7.904169905121281 1.21071762671857e-13 -3.143256556926005
    vertex 8.881784197001252e-15 -1.127e-12 -1.123e-12
    vertex 7.520723128171436 1.4064585318135505e-13 -3.69877511827772
  endloop
endfacet
facet normal 1.128733713112566e-13 -0.9999999999999999 -1.1322698342257818e-13
  outer loop
    vertex 8.40941870915308 1.2741921206919364e-13 -2.6956451754979387
    vertex 8.881784197001252e-15 -1.127e-12 -1.123e-12
    vertex 7.904169905121281 1.21071762671857e-13 -3.143256556926005
  endloop
endfacet
facet normal 1.1284503256211077e-13 -1 -1.1331538986769467e-13
  outer loop
    vertex 9.00710631628118 1.5931931068643153e-13 -2.3819545204809502
    vertex 8.881784197001252e-15 -1.127e-12 -1.123e-12
    vertex 8.40941870915308 1.2741921206919364e-13 -2.6956451754979387
  endloop
endfacet
facet normal 1.1280247343401303e-13 -1 -1.134763226597394e-13
  outer loop
    vertex 9.662497295285355 2.1491814074407758e-13 -2.2204151525254887
    vertex 8.881784197001252e-15 -1.127e-12 -1.123e-12
    vertex 9.00710631628118 1.5931931068643153e-13 -2.3819545204809502
  endloop
endfacet
facet normal 1.1268999999998753e-13 -0.9999999999999999 -1.1387569583599179e-13
  outer loop
    vertex 20.000000000001123 2.261e-12 -9.999999999998881
    vertex 10.337502704715781 9.192818592559232e-13 -7.779584847474514
    vertex 9.662497295285972 8.432154996672951e-13 -7.779584847474592
  endloop
endfacet
facet normal 1.1279176167839206e-13 -1 -1.1343286335881699e-13
  outer loop
    vertex 20.000000000001123 2.261e-12 -9.999999999998881
    vertex 10.992893683719958 9.748806893135688e-13 -7.618045479519053
    vertex 10.337502704715781 9.192818592559232e-13 -7.779584847474514
  endloop
endfacet
facet normal 1.1283026755619536e-13 -1 -1.1328725749934616e-13
  outer loop
    vertex 20.000000000001123 2.261e-12 -9.999999999998881
    vertex 11.59058129084806 1.0067807879308065e-12 -7.304354824502063
    vertex 10.992893683719958 9.748806893135688e-13 -7.618045479519053
  endloop
endfacet
facet normal 1.12855907376852e-13 -1 -1.1320727071566683e-13
  outer loop
    vertex 20.000000000001123 2.261e-12 -9.999999999998881
    vertex 12.095830094879854 1.0131282373281429e-12 -6.856743443073994
    vertex 11.59058129084806 1.0067807879308065e-12 -7.304354824502063
  endloop
endfacet
facet normal 1.1287860801153358e-13 -1 -1.1315018671051856e-13
  outer loop
    vertex 20.000000000001123 2.261e-12 -9.999999999998881
    vertex 12.479276871829697 9.935541468186447e-13 -6.301224881722279
    vertex 12.095830094879854 1.0131282373281429e-12 -6.856743443073994
  endloop
endfacet
facet normal 1.1290292133278494e-13 -1 -1.1310075041022728e-13
  outer loop
    vertex 20.000000000001123 2.261e-12 -9.999999999998881
    vertex 12.718637088793585 9.491960913937995e-13 -5.670083860004862
    vertex 12.479276871829697 9.935541468186447e-13 -6.301224881722279
  endloop
endfacet
facet normal 1.1293336790701158e-13 -1 -1.1304955021392369e-13
  outer loop
    vertex 20.000000000001123 2.261e-12 -9.999999999998881
    vertex 12.800000000000566 8.826319999999286e-13 -4.999999999999692
    vertex 12.718637088793585 9.491960913937995e-13 -5.670083860004862
  endloop
endfacet
facet normal 1.1290000000001266e-13 -1 -1.1289800679176872e-13
  outer loop
    vertex 20.000000000001123 2.261e-12 -9.999999999998881
    vertex 9.662497295285972 8.432154996672951e-13 -7.779584847474592
    vertex 1.127986593019159e-12 3e-15 -10.000000000001117
  endloop
endfacet
facet normal 1.1295898558144868e-13 -1 -1.1298733923724082e-13
  outer loop
    vertex 20 1.131e-12 1.115e-12
    vertex 12.718637088793436 7.97730335678216e-13 -4.32991613999454
    vertex 12.800000000000566 8.826319999999286e-13 -4.999999999999692
  endloop
endfacet
facet normal 1.1292533410467052e-13 -1 -1.129307495465869e-13
  outer loop
    vertex 20 1.131e-12 1.115e-12
    vertex 12.47927687182941 6.994252745540463e-13 -3.698775118277177
    vertex 12.718637088793436 7.97730335678216e-13 -4.32991613999454
  endloop
endfacet
facet normal 1.128984614864436e-13 -1 -1.128761094252087e-13
  outer loop
    vertex 20 1.131e-12 1.115e-12
    vertex 12.095830094879442 5.934299494555982e-13 -3.143256556925545
    vertex 12.47927687182941 6.994252745540463e-13 -3.698775118277177
  endloop
endfacet
facet normal 1.1287337131126796e-13 -1 -1.1281301657741026e-13
  outer loop
    vertex 20 1.131e-12 1.115e-12
    vertex 11.590581290847549 4.859044234002629e-13 -2.6956451754975896
    vertex 12.095830094879442 5.934299494555982e-13 -3.143256556925545
  endloop
endfacet
facet normal 1.1284503256211984e-13 -1 -1.1272461013228689e-13
  outer loop
    vertex 20 1.131e-12 1.115e-12
    vertex 10.992893683719377 3.830976891229918e-13 -2.381954520480732
    vertex 11.590581290847549 4.859044234002629e-13 -2.6956451754975896
  endloop
endfacet
facet normal 1.1280247343401972e-13 -0.9999999999999999 -1.1256367734023291e-13
  outer loop
    vertex 20 1.131e-12 1.115e-12
    vertex 10.337502704715165 2.909845003327056e-13 -2.220415152525415
    vertex 10.992893683719377 3.830976891229918e-13 -2.381954520480732
  endloop
endfacet
facet normal 1.1296777777780046e-13 -1 -1.1299999999998736e-13
  outer loop
    vertex 20 1.131e-12 1.115e-12
    vertex 12.800000000000566 8.826319999999286e-13 -4.999999999999692
    vertex 20.000000000001123 2.261e-12 -9.999999999998881
  endloop
endfacet
facet normal 1.1290000000001268e-13 -1 -1.1305191996228932e-13
  outer loop
    vertex 20 1.131e-12 1.115e-12
    vertex 8.881784197001252e-15 -1.127e-12 -1.123e-12
    vertex 9.662497295285355 2.1491814074407758e-13 -2.2204151525254887
  endloop
endfacet
facet normal 1.1268999999998672e-13 -0.9999999999999999 -1.1207423091806271e-13
  outer loop
    vertex 20 1.131e-12 1.115e-12
    vertex 9.662497295285355 2.1491814074407758e-13 -2.2204151525254887
    vertex 10.337502704715165 2.909845003327056e-13 -2.220415152525415
  endloop
endfacet
facet normal 0.995184726672207 -0.09801714032945712 1.000140726968953e-13
  outer loop
    vertex 20.096073597974737 90.47545161008286 -9.999999999988681
    vertex 20.09607359797362 90.47545161008173 1.131633637448185e-11
    vertex 19.999999999989875 89.50000000000108 1.1210999999999998e-11
  endloop
endfacet
facet normal 0.995184726672207 -0.09801714032945712 1.0001445151940983e-13
  outer loop
    vertex 20.096073597974737 90.47545161008286 -9.999999999988681
    vertex 19.999999999989875 89.50000000000108 1.1210999999999998e-11
    vertex 19.99999999999099 89.5000000000022 -9.999999999988786
  endloop
endfacet
facet normal 0.9569403357322424 -0.2902846772543522 7.416265198669295e-14
  outer loop
    vertex 20.380602337434347 91.4134171618277 -9.999999999988544
    vertex 20.38060233743323 91.41341716182657 1.1453939920063585e-11
    vertex 20.09607359797362 90.47545161008173 1.131633637448185e-11
  endloop
endfacet
facet normal 0.8819212643484097 -0.47139673682589545 4.546120215153511e-14
  outer loop
    vertex 20.380602337434347 91.4134171618277 -9.999999999988544
    vertex 20.84265193847684 92.2778511650992 1.1603162609657393e-11
    vertex 20.38060233743323 91.41341716182657 1.1453939920063585e-11
  endloop
endfacet
facet normal 0.9569403357322424 -0.2902846772543522 7.41623886321538e-14
  outer loop
    vertex 20.380602337434347 91.4134171618277 -9.999999999988544
    vertex 20.09607359797362 90.47545161008173 1.131633637448185e-11
    vertex 20.096073597974737 90.47545161008286 -9.999999999988681
  endloop
endfacet
facet normal 0.773010453362807 -0.6343932841635602 1.5012703812628697e-14
  outer loop
    vertex 20.842651938477957 92.27785116510032 -9.999999999988393
    vertex 21.464466094056746 93.03553390593399 1.1758269898987243e-11
    vertex 20.84265193847684 92.2778511650992 1.1603162609657393e-11
  endloop
endfacet
facet normal 0.8819212643484097 -0.47139673682589545 4.546120215153511e-14
  outer loop
    vertex 20.842651938477957 92.27785116510032 -9.999999999988393
    vertex 20.84265193847684 92.2778511650992 1.1603162609657393e-11
    vertex 20.380602337434347 91.4134171618277 -9.999999999988544
  endloop
endfacet
facet normal 0.7730104533628069 -0.6343932841635601 1.5012703812628697e-14
  outer loop
    vertex 21.46446609405786 93.03553390593511 -9.999999999988237
    vertex 21.464466094056746 93.03553390593399 1.1758269898987243e-11
    vertex 20.842651938477957 92.27785116510032 -9.999999999988393
  endloop
endfacet
facet normal 0.6343932841637309 -0.7730104533626667 -1.556196077489736e-14
  outer loop
    vertex 22.222148834892522 93.65734806151518 -9.999999999988082
    vertex 22.2221488348914 93.65734806151406 1.191330110190935e-11
    vertex 21.464466094056746 93.03553390593399 1.1758269898987243e-11
  endloop
endfacet
facet normal 0.4713967368261041 -0.881921264348298 -4.6087844899394296e-14
  outer loop
    vertex 22.222148834892522 93.65734806151518 -9.999999999988082
    vertex 23.086582838163913 94.11939766255787 1.2062298456237924e-11
    vertex 22.2221488348914 93.65734806151406 1.191330110190935e-11
  endloop
endfacet
facet normal 0.6343932841637274 -0.7730104533626699 -1.6010467557319476e-14
  outer loop
    vertex 22.222148834892522 93.65734806151518 -9.999999999988082
    vertex 21.464466094056746 93.03553390593399 1.1758269898987243e-11
    vertex 21.46446609405786 93.03553390593511 -9.999999999988237
  endloop
endfacet
facet normal 0.29028467725456286 -0.9569403357321784 -7.484259899077255e-14
  outer loop
    vertex 23.086582838165036 94.119397662559 -9.999999999987933
    vertex 24.024548389908688 94.40392640201769 1.2199536077204792e-11
    vertex 23.086582838163913 94.11939766255787 1.2062298456237924e-11
  endloop
endfacet
facet normal 0.47139673682610417 -0.8819212643482981 -4.608784489939429e-14
  outer loop
    vertex 23.086582838165036 94.119397662559 -9.999999999987933
    vertex 23.086582838163913 94.11939766255787 1.2062298456237924e-11
    vertex 22.222148834892522 93.65734806151518 -9.999999999988082
  endloop
endfacet
facet normal 0.29028467725456286 -0.9569403357321785 -7.484259899077252e-14
  outer loop
    vertex 24.02454838990981 94.40392640201881 -9.999999999987796
    vertex 24.024548389908688 94.40392640201769 1.2199536077204792e-11
    vertex 23.086582838165036 94.119397662559 -9.999999999987933
  endloop
endfacet
facet normal 0.09801714032967605 -0.9951847266721856 -1.0075601665866532e-13
  outer loop
    vertex 24.999999999990425 94.50000000000277 -9.99999999998766
    vertex 24.999999999989306 94.50000000000165 1.2333999999999998e-11
    vertex 24.024548389908688 94.40392640201769 1.2199536077204792e-11
  endloop
endfacet
facet normal 0.0980171403296764 -0.9951847266721856 -1.0072096224731252e-13
  outer loop
    vertex 24.999999999990425 94.50000000000277 -9.99999999998766
    vertex 24.024548389908688 94.40392640201769 1.2199536077204792e-11
    vertex 24.02454838990981 94.40392640201881 -9.999999999987796
  endloop
endfacet
facet normal 1 1.1312798388448872e-13 1.1226575225010862e-13
  outer loop
    vertex 19.999999999994966 44.500000000001116 6.134999999999999e-12
    vertex 20 1.131e-12 1.115e-12
    vertex 20.000000000001123 2.261e-12 -9.999999999998881
  endloop
endfacet
facet normal 1 1.1320782014693369e-13 1.119104808822286e-13
  outer loop
    vertex 19.999999999994966 44.500000000001116 6.134999999999999e-12
    vertex 20.000000000001123 2.261e-12 -9.999999999998881
    vertex 19.999999999996085 44.500000000002245 -9.999999999993861
  endloop
endfacet
facet normal 1 1.1316050976918872e-13 1.1155520951434851e-13
  outer loop
    vertex 19.999999999994046 62.50000000000224 -9.99999999999183
    vertex 19.99999999999099 89.5000000000022 -9.999999999988786
    vertex 19.999999999989875 89.50000000000108 1.1210999999999998e-11
  endloop
endfacet
facet normal 1 1.1302892778108492e-13 1.1191048088222863e-13
  outer loop
    vertex 19.999999999992927 62.50000000000111 8.165e-12
    vertex 19.999999999994046 62.50000000000224 -9.99999999999183
    vertex 19.999999999989875 89.50000000000108 1.1210999999999998e-11
  endloop
endfacet
facet normal 1.1254996934441258e-13 -1 -1.1297629498584336e-13
  outer loop
    vertex 44.99999999999607 44.50000000000506 -9.999999999991063
    vertex 19.999999999994966 44.500000000001116 6.134999999999999e-12
    vertex 19.999999999996085 44.500000000002245 -9.999999999993861
  endloop
endfacet
facet normal 1.1254996934441254e-13 -1 -1.1297629498584342e-13
  outer loop
    vertex 44.999999999994955 44.50000000000393 8.932e-12
    vertex 19.999999999994966 44.500000000001116 6.134999999999999e-12
    vertex 44.99999999999607 44.50000000000506 -9.999999999991063
  endloop
endfacet
facet normal 0.09801714032943594 0.9951847266722093 1.2340142855490476e-13
  outer loop
    vertex 24.02454838991396 57.596073597986525 -9.999999999991944
    vertex 24.02454838991284 57.596073597985395 8.051729144718514e-12
    vertex 24.99999999999349 57.50000000000167 8.161e-12
  endloop
endfacet
facet normal 0.2902846772543512 0.9569403357322427 1.4059747147782316e-13
  outer loop
    vertex 24.02454838991396 57.596073597986525 -9.999999999991944
    vertex 23.086582838168 57.880602337445005 7.978618611051065e-12
    vertex 24.02454838991284 57.596073597985395 8.051729144718514e-12
  endloop
endfacet
facet normal 0.09801714032942874 0.9951847266722098 1.2410802477930672e-13
  outer loop
    vertex 24.02454838991396 57.596073597986525 -9.999999999991944
    vertex 24.99999999999349 57.50000000000167 8.161e-12
    vertex 24.99999999999461 57.50000000000281 -9.999999999991832
  endloop
endfacet
facet normal 0.2902846772543512 0.9569403357322427 1.4059747147782316e-13
  outer loop
    vertex 23.086582838169118 57.880602337446135 -9.999999999992017
    vertex 23.086582838168 57.880602337445005 7.978618611051065e-12
    vertex 24.02454838991396 57.596073597986525 -9.999999999991944
  endloop
endfacet
facet normal 0.47139673682589844 0.881921264348408 1.5284960140420724e-13
  outer loop
    vertex 22.2221488348965 58.34265193848975 -9.999999999992063
    vertex 22.222148834895386 58.342651938488615 7.933757995805714e-12
    vertex 23.086582838168 57.880602337445005 7.978618611051065e-12
  endloop
endfacet
facet normal 0.47139673682590255 0.881921264348406 1.52391107545932e-13
  outer loop
    vertex 22.2221488348965 58.34265193848975 -9.999999999992063
    vertex 23.086582838168 57.880602337445005 7.978618611051065e-12
    vertex 23.086582838169118 57.880602337446135 -9.999999999992017
  endloop
endfacet
facet normal 0.6343932841635601 0.7730104533628069 1.5810173273562029e-13
  outer loop
    vertex 21.464466094061706 58.96446609406965 -9.999999999992076
    vertex 21.46446609406059 58.96446609406852 7.918871267268206e-12
    vertex 22.222148834895386 58.342651938488615 7.933757995805714e-12
  endloop
endfacet
facet normal 0.6343932841635558 0.7730104533628105 1.5864917852252992e-13
  outer loop
    vertex 21.464466094061706 58.96446609406965 -9.999999999992076
    vertex 22.222148834895386 58.342651938488615 7.933757995805714e-12
    vertex 22.2221488348965 58.34265193848975 -9.999999999992063
  endloop
endfacet
facet normal 0.7730104533626663 0.6343932841637318 1.5790474589037161e-13
  outer loop
    vertex 20.84265193848163 59.72214883490431 -9.999999999992061
    vertex 20.842651938480515 59.72214883490318 7.934530514067672e-12
    vertex 21.46446609406059 58.96446609406852 7.918871267268206e-12
  endloop
endfacet
facet normal 0.7730104533626662 0.6343932841637316 1.5790160805292616e-13
  outer loop
    vertex 20.84265193848163 59.72214883490431 -9.999999999992061
    vertex 21.46446609406059 58.96446609406852 7.918871267268206e-12
    vertex 21.464466094061706 58.96446609406965 -9.999999999992076
  endloop
endfacet
facet normal 0.8819212643483042 0.4713967368260929 1.5163956821455754e-13
  outer loop
    vertex 20.38060233743783 60.586582838176824 -9.999999999992019
    vertex 20.380602337436713 60.586582838175694 7.98013396013141e-12
    vertex 20.842651938480515 59.72214883490318 7.934530514067672e-12
  endloop
endfacet
facet normal 0.8819212643483042 0.47139673682609284 1.516435370763301e-13
  outer loop
    vertex 20.38060233743783 60.586582838176824 -9.999999999992019
    vertex 20.842651938480515 59.72214883490318 7.934530514067672e-12
    vertex 20.84265193848163 59.72214883490431 -9.999999999992061
  endloop
endfacet
facet normal 0.9569403357321763 0.2902846772545694 1.3954696697270793e-13
  outer loop
    vertex 20.096073597978005 61.5245483899216 -9.999999999991944
    vertex 20.09607359797689 61.52454838992047 8.053929090601896e-12
    vertex 20.380602337436713 60.586582838175694 7.98013396013141e-12
  endloop
endfacet
facet normal 0.9951847266721853 0.0980171403296775 1.2209165404893826e-13
  outer loop
    vertex 20.096073597978005 61.5245483899216 -9.999999999991944
    vertex 19.999999999992927 62.50000000000111 8.165e-12
    vertex 20.09607359797689 61.52454838992047 8.053929090601896e-12
  endloop
endfacet
facet normal 0.9569403357321763 0.2902846772545694 1.3954648765912702e-13
  outer loop
    vertex 20.096073597978005 61.5245483899216 -9.999999999991944
    vertex 20.380602337436713 60.586582838175694 7.98013396013141e-12
    vertex 20.38060233743783 60.586582838176824 -9.999999999992019
  endloop
endfacet
facet normal 0.9951847266721857 0.09801714032967392 1.224452146880761e-13
  outer loop
    vertex 19.999999999994046 62.50000000000224 -9.99999999999183
    vertex 19.999999999992927 62.50000000000111 8.165e-12
    vertex 20.096073597978005 61.5245483899216 -9.999999999991944
  endloop
endfacet
facet normal 0.09801714032965379 -0.9951847266721877 -1.0149796062046496e-13
  outer loop
    vertex 44.99999999999607 44.50000000000506 -9.999999999991063
    vertex 45.97545161007558 44.59607359798787 9.045953922795221e-12
    vertex 44.999999999994955 44.50000000000393 8.932e-12
  endloop
endfacet
facet normal 0.09801714032965238 -0.9951847266721878 -1.0135866988638271e-13
  outer loop
    vertex 45.97545161007671 44.596073597989 -9.99999999999095
    vertex 45.97545161007558 44.59607359798787 9.045953922795221e-12
    vertex 44.99999999999607 44.50000000000506 -9.999999999991063
  endloop
endfacet
facet normal 0.2902846772545694 -0.9569403357321763 -7.531628632615617e-14
  outer loop
    vertex 46.913417161821485 44.88060233744882 -9.999999999990814
    vertex 46.913417161820355 44.88060233744769 9.183191543762087e-12
    vertex 45.97545161007558 44.59607359798787 9.045953922795221e-12
  endloop
endfacet
facet normal 0.2902846772545694 -0.9569403357321764 -7.531772481244848e-14
  outer loop
    vertex 46.913417161821485 44.88060233744882 -9.999999999990814
    vertex 45.97545161007558 44.59607359798787 9.045953922795221e-12
    vertex 45.97545161007671 44.596073597989 -9.99999999999095
  endloop
endfacet
facet normal 0.4713967368260929 -0.8819212643483041 -4.700618286817354e-14
  outer loop
    vertex 47.777851165094 45.34265193849263 -9.999999999990663
    vertex 47.77785116509287 45.34265193849149 9.332188898090664e-12
    vertex 46.913417161820355 44.88060233744769 9.183191543762087e-12
  endloop
endfacet
facet normal 0.4713967368260985 -0.881921264348301 -4.638334959124361e-14
  outer loop
    vertex 47.777851165094 45.34265193849263 -9.999999999990663
    vertex 46.913417161820355 44.88060233744769 9.183191543762087e-12
    vertex 46.913417161821485 44.88060233744882 -9.999999999990814
  endloop
endfacet
facet normal 0.6343932841637319 -0.7730104533626663 -1.6660474699504133e-14
  outer loop
    vertex 48.53553390592865 45.964466094072705 -9.99999999999051
    vertex 48.53553390592753 45.96446609407157 9.487220101012772e-12
    vertex 47.77785116509287 45.34265193849149 9.332188898090664e-12
  endloop
endfacet
facet normal 0.7730104533628105 -0.6343932841635559 1.4660433695578326e-14
  outer loop
    vertex 48.53553390592865 45.964466094072705 -9.99999999999051
    vertex 49.15734806150743 46.72214883490636 9.642327390342619e-12
    vertex 48.53553390592753 45.96446609407157 9.487220101012772e-12
  endloop
endfacet
facet normal 0.6343932841637353 -0.7730104533626633 -1.6208687000017113e-14
  outer loop
    vertex 48.53553390592865 45.964466094072705 -9.99999999999051
    vertex 47.77785116509287 45.34265193849149 9.332188898090664e-12
    vertex 47.777851165094 45.34265193849263 -9.999999999990663
  endloop
endfacet
facet normal 0.7730104533628069 -0.6343932841635601 1.5209690657881004e-14
  outer loop
    vertex 49.15734806150856 46.7221488349075 -9.999999999990353
    vertex 49.15734806150743 46.72214883490636 9.642327390342619e-12
    vertex 48.53553390592865 45.964466094072705 -9.99999999999051
  endloop
endfacet
facet normal 0.881921264348405 -0.47139673682590405 4.541794984540345e-14
  outer loop
    vertex 49.61939766255217 47.586582838180114 -9.999999999990203
    vertex 49.619397662551044 47.58658283817898 9.791550079936428e-12
    vertex 49.15734806150743 46.72214883490636 9.642327390342619e-12
  endloop
endfacet
facet normal 0.881921264348408 -0.47139673682589844 4.6049208244982206e-14
  outer loop
    vertex 49.61939766255217 47.586582838180114 -9.999999999990203
    vertex 49.15734806150743 46.72214883490636 9.642327390342619e-12
    vertex 49.15734806150856 46.7221488349075 -9.999999999990353
  endloop
endfacet
facet normal 0.9569403357322424 -0.2902846772543522 7.422381998462671e-14
  outer loop
    vertex 49.90392640201178 48.52454838992496 -9.999999999990067
    vertex 49.903926402010654 48.524548389923815 9.929153625518162e-12
    vertex 49.619397662551044 47.58658283817898 9.791550079936428e-12
  endloop
endfacet
facet normal 0.9569403357322428 -0.29028467725435014 7.442856902663296e-14
  outer loop
    vertex 49.90392640201178 48.52454838992496 -9.999999999990067
    vertex 49.619397662551044 47.58658283817898 9.791550079936428e-12
    vertex 49.61939766255217 47.586582838180114 -9.999999999990203
  endloop
endfacet
facet normal 0.9951847266722095 -0.09801714032943347 9.994442732985722e-14
  outer loop
    vertex 49.999999999995495 49.50000000000562 -9.999999999989937
    vertex 49.99999999999438 49.50000000000449 1.0056e-11
    vertex 49.903926402010654 48.524548389923815 9.929153625518162e-12
  endloop
endfacet
facet normal 0.9951847266722099 -0.0980171403294277 1.0051283183247771e-13
  outer loop
    vertex 49.999999999995495 49.50000000000562 -9.999999999989937
    vertex 49.903926402010654 48.524548389923815 9.929153625518162e-12
    vertex 49.90392640201178 48.52454838992496 -9.999999999990067
  endloop
endfacet
facet normal -1.1304088978002866e-13 1 1.1368683772160343e-13
  outer loop
    vertex 35.99999999999461 57.50000000000405 -9.999999999990603
    vertex 24.99999999999461 57.50000000000281 -9.999999999991832
    vertex 24.99999999999349 57.50000000000167 8.161e-12
  endloop
endfacet
facet normal -1.1368683772162868e-13 1 1.129762949858433e-13
  outer loop
    vertex 35.99999999999349 57.50000000000292 9.392e-12
    vertex 35.99999999999461 57.50000000000405 -9.999999999990603
    vertex 24.99999999999349 57.50000000000167 8.161e-12
  endloop
endfacet
facet normal 1 1.1226575225008325e-13 1.1155520951434848e-13
  outer loop
    vertex 49.999999999992696 64.50000000000449 1.1748e-11
    vertex 49.99999999999438 49.50000000000449 1.0056e-11
    vertex 49.999999999995495 49.50000000000562 -9.999999999989937
  endloop
endfacet
facet normal 1 1.1226575225008343e-13 1.1155520951434821e-13
  outer loop
    vertex 49.999999999992696 64.50000000000449 1.1748e-11
    vertex 49.999999999995495 49.50000000000562 -9.999999999989937
    vertex 49.99999999999381 64.5000000000056 -9.999999999988248
  endloop
endfacet
facet normal -0.9951847266722079 0.09801714032944853 -9.994442732985536e-14
  outer loop
    vertex 40.999999999994046 62.50000000000461 -9.999999999989477
    vertex 40.90392640200919 61.52454838992281 1.0385913625518164e-11
    vertex 40.99999999999293 62.50000000000348 1.0515e-11
  endloop
endfacet
facet normal -0.9951847266722071 0.0980171403294557 -9.923730605157808e-14
  outer loop
    vertex 40.9039264020103 61.52454838992394 -9.99999999998961
    vertex 40.90392640200919 61.52454838992281 1.0385913625518164e-11
    vertex 40.999999999994046 62.50000000000461 -9.999999999989477
  endloop
endfacet
facet normal -0.9569403357322422 0.2902846772543522 -7.34827049825826e-14
  outer loop
    vertex 40.61939766255069 60.5865828381791 -9.999999999989747
    vertex 40.61939766254958 60.586582838177975 1.0248310079936431e-11
    vertex 40.90392640200919 61.52454838992281 1.0385913625518164e-11
  endloop
endfacet
facet normal -0.9569403357322429 0.29028467725435014 -7.327323284633824e-14
  outer loop
    vertex 40.61939766255069 60.5865828381791 -9.999999999989747
    vertex 40.90392640200919 61.52454838992281 1.0385913625518164e-11
    vertex 40.9039264020103 61.52454838992394 -9.99999999998961
  endloop
endfacet
facet normal -0.8819212643484066 0.47139673682590105 -4.512625462452151e-14
  outer loop
    vertex 40.15734806150708 59.722148834906484 -9.999999999989896
    vertex 40.157348061505964 59.722148834905354 1.0099087390342619e-11
    vertex 40.61939766254958 60.586582838177975 1.0248310079936431e-11
  endloop
endfacet
facet normal -0.881921264348408 0.4713967368258984 -4.483157452555395e-14
  outer loop
    vertex 40.15734806150708 59.722148834906484 -9.999999999989896
    vertex 40.61939766254958 60.586582838177975 1.0248310079936431e-11
    vertex 40.61939766255069 60.5865828381791 -9.999999999989747
  endloop
endfacet
facet normal -0.7730104533628105 0.6343932841635559 -1.4012683310648601e-14
  outer loop
    vertex 39.535533905927174 58.96446609407169 -9.999999999990054
    vertex 39.535533905926066 58.96446609407056 9.943980101012775e-12
    vertex 40.157348061505964 59.722148834905354 1.0099087390342619e-11
  endloop
endfacet
facet normal -0.7730104533628069 0.6343932841635601 -1.456063391930256e-14
  outer loop
    vertex 39.535533905927174 58.96446609407169 -9.999999999990054
    vertex 40.157348061505964 59.722148834905354 1.0099087390342619e-11
    vertex 40.15734806150708 59.722148834906484 -9.999999999989896
  endloop
endfacet
facet normal -0.6343932841637318 0.7730104533626663 1.65619812768782e-14
  outer loop
    vertex 38.77785116509252 58.34265193849161 -9.999999999990207
    vertex 38.777851165091406 58.342651938490484 9.788948898090665e-12
    vertex 39.535533905926066 58.96446609407056 9.943980101012775e-12
  endloop
endfacet
facet normal -0.4713967368260959 0.8819212643483025 4.704943517430356e-14
  outer loop
    vertex 38.77785116509252 58.34265193849161 -9.999999999990207
    vertex 37.9134171618189 57.88060233744668 9.63995154376209e-12
    vertex 38.777851165091406 58.342651938490484 9.788948898090665e-12
  endloop
endfacet
facet normal -0.6343932841637353 0.7730104533626634 1.7012891596104613e-14
  outer loop
    vertex 38.77785116509252 58.34265193849161 -9.999999999990207
    vertex 39.535533905926066 58.96446609407056 9.943980101012775e-12
    vertex 39.535533905927174 58.96446609407169 -9.999999999990054
  endloop
endfacet
facet normal -0.4713967368260929 0.8819212643483042 4.7384382701316867e-14
  outer loop
    vertex 37.91341716182001 57.88060233744781 -9.999999999990358
    vertex 37.9134171618189 57.88060233744668 9.63995154376209e-12
    vertex 38.77785116509252 58.34265193849161 -9.999999999990207
  endloop
endfacet
facet normal -0.29028467725456947 0.9569403357321764 7.593506533233328e-14
  outer loop
    vertex 36.97545161007523 57.59607359798799 -9.999999999990493
    vertex 36.975451610074124 57.59607359798686 9.502713922795223e-12
    vertex 37.9134171618189 57.88060233744668 9.63995154376209e-12
  endloop
endfacet
facet normal -0.2902846772545694 0.9569403357321763 7.593503679113535e-14
  outer loop
    vertex 36.97545161007523 57.59607359798799 -9.999999999990493
    vertex 37.9134171618189 57.88060233744668 9.63995154376209e-12
    vertex 37.91341716182001 57.88060233744781 -9.999999999990358
  endloop
endfacet
facet normal -0.09801714032965309 0.9951847266721878 1.0149796062046505e-13
  outer loop
    vertex 35.99999999999461 57.50000000000405 -9.999999999990603
    vertex 35.99999999999349 57.50000000000292 9.392e-12
    vertex 36.975451610074124 57.59607359798686 9.502713922795223e-12
  endloop
endfacet
facet normal -0.09801714032965379 0.9951847266721878 1.0156764243826291e-13
  outer loop
    vertex 35.99999999999461 57.50000000000405 -9.999999999990603
    vertex 36.975451610074124 57.59607359798686 9.502713922795223e-12
    vertex 36.97545161007523 57.59607359798799 -9.999999999990493
  endloop
endfacet
facet normal -1.1052887000713906e-13 1 1.1084466677856336e-13
  outer loop
    vertex 49.999999999992696 64.50000000000449 1.1748e-11
    vertex 49.99999999999381 64.5000000000056 -9.999999999988248
    vertex 40.99999999999381 64.5000000000046 -9.999999999989253
  endloop
endfacet
facet normal -1.1368683772162875e-13 1 1.1368683772160341e-13
  outer loop
    vertex 40.999999999992696 64.50000000000347 1.0740999999999999e-11
    vertex 49.999999999992696 64.50000000000449 1.1748e-11
    vertex 40.99999999999381 64.5000000000046 -9.999999999989253
  endloop
endfacet
facet normal -1 -1.1723955140040477e-13 -1.1155520951434904e-13
  outer loop
    vertex 40.999999999992696 64.50000000000347 1.0740999999999999e-11
    vertex 40.999999999994046 62.50000000000461 -9.999999999989477
    vertex 40.99999999999293 62.50000000000348 1.0515e-11
  endloop
endfacet
facet normal -1 -1.172395514004045e-13 -1.115552095143491e-13
  outer loop
    vertex 40.999999999992696 64.50000000000347 1.0740999999999999e-11
    vertex 40.99999999999381 64.5000000000046 -9.999999999989253
    vertex 40.999999999994046 62.50000000000461 -9.999999999989477
  endloop
endfacet
facet normal 0.9927088740980404 9.862299367486468e-14 0.12053668025543457
  outer loop
    vertex 7.281362911207696 3.364696643217844e-13 -5.67008386000547
    vertex 7.199999999998305 20.00000000000025 -4.9999999999980576
    vertex 7.200000000000566 2.51e-13 -5.000000000000317
  endloop
endfacet
facet normal 0.9927088740980408 9.870577066591822e-14 0.12053668025543214
  outer loop
    vertex 7.281362911207696 3.364696643217844e-13 -5.67008386000547
    vertex 7.2813629112054326 20.000000000000327 -5.67008386000321
    vertex 7.199999999998305 20.00000000000025 -4.9999999999980576
  endloop
endfacet
facet normal 0.935016242685376 6.582186290288122e-14 0.3546048870426379
  outer loop
    vertex 7.520723128171724 4.3477472544595423e-13 -6.301224881722833
    vertex 7.520723128169459 20.000000000000426 -6.301224881720573
    vertex 7.2813629112054326 20.000000000000327 -5.67008386000321
  endloop
endfacet
facet normal 0.9350162426853751 6.572262039013138e-14 0.3546048870426406
  outer loop
    vertex 7.520723128171724 4.3477472544595423e-13 -6.301224881722833
    vertex 7.2813629112054326 20.000000000000327 -5.67008386000321
    vertex 7.281362911207696 3.364696643217844e-13 -5.67008386000547
  endloop
endfacet
facet normal 0.822983865893593 2.899387741440216e-14 0.5680647467312476
  outer loop
    vertex 7.904169905121691 5.407700505444024e-13 -6.856743443074466
    vertex 7.904169905119426 20.000000000000533 -6.856743443072205
    vertex 7.520723128169459 20.000000000000426 -6.301224881720573
  endloop
endfacet
facet normal 0.8229838658935934 2.90197637190447e-14 0.5680647467312471
  outer loop
    vertex 7.904169905121691 5.407700505444024e-13 -6.856743443074466
    vertex 7.520723128169459 20.000000000000426 -6.301224881720573
    vertex 7.520723128171724 4.3477472544595423e-13 -6.301224881722833
  endloop
endfacet
facet normal 0.6631226582407109 -9.4701386658639e-15 0.7485107481711757
  outer loop
    vertex 8.409418709153588 6.482955765997378e-13 -7.304354824502419
    vertex 8.409418709151323 20.00000000000064 -7.30435482450016
    vertex 7.904169905119426 20.000000000000533 -6.856743443072205
  endloop
endfacet
facet normal 0.6631226582407103 -9.502610549729008e-15 0.7485107481711766
  outer loop
    vertex 8.409418709153588 6.482955765997378e-13 -7.304354824502419
    vertex 7.904169905119426 20.000000000000533 -6.856743443072205
    vertex 7.904169905121691 5.407700505444024e-13 -6.856743443074466
  endloop
endfacet
facet normal 0.4647231720436673 -4.748960970780882e-14 0.8854560256532631
  outer loop
    vertex 9.007106316281758 7.511023108770091e-13 -7.618045479519275
    vertex 9.007106316279495 20.000000000000743 -7.618045479517015
    vertex 8.409418709151323 20.00000000000064 -7.30435482450016
  endloop
endfacet
facet normal 0.4647231720436693 -4.740819919216817e-14 0.8854560256532619
  outer loop
    vertex 9.007106316281758 7.511023108770091e-13 -7.618045479519275
    vertex 8.409418709151323 20.00000000000064 -7.30435482450016
    vertex 8.409418709153588 6.482955765997378e-13 -7.304354824502419
  endloop
endfacet
facet normal 0.23931566428744908 -8.265701957310473e-14 0.970941817426079
  outer loop
    vertex 9.662497295285972 8.432154996672951e-13 -7.779584847474592
    vertex 9.662497295283709 20.000000000000835 -7.779584847472331
    vertex 9.007106316279495 20.000000000000743 -7.618045479517015
  endloop
endfacet
facet normal 0.2393156642874491 -8.265646976114879e-14 0.970941817426079
  outer loop
    vertex 9.662497295285972 8.432154996672951e-13 -7.779584847474592
    vertex 9.007106316279495 20.000000000000743 -7.618045479517015
    vertex 9.007106316281758 7.511023108770091e-13 -7.618045479519275
  endloop
endfacet
facet normal -1.131596029115155e-13 -1.1297629498586877e-13 1
  outer loop
    vertex 10.337502704715781 9.192818592559232e-13 -7.779584847474514
    vertex 10.33750270471352 20.00000000000091 -7.779584847472255
    vertex 9.662497295283709 20.000000000000835 -7.779584847472331
  endloop
endfacet
facet normal -1.14475412247696e-13 -1.1302070390685394e-13 0.9999999999999999
  outer loop
    vertex 10.337502704715781 9.192818592559232e-13 -7.779584847474514
    vertex 9.662497295283709 20.000000000000835 -7.779584847472331
    vertex 9.662497295285972 8.432154996672951e-13 -7.779584847474592
  endloop
endfacet
facet normal -0.23931566428766474 -1.3677291726462838e-13 0.9709418174260258
  outer loop
    vertex 10.992893683719958 9.748806893135688e-13 -7.618045479519053
    vertex 10.992893683717694 20.000000000000966 -7.618045479516794
    vertex 10.33750270471352 20.00000000000091 -7.779584847472255
  endloop
endfacet
facet normal -0.4647231720438685 -1.5262079474129434e-13 0.8854560256531575
  outer loop
    vertex 10.992893683719958 9.748806893135688e-13 -7.618045479519053
    vertex 11.590581290845796 20.000000000001 -7.304354824499803
    vertex 10.992893683717694 20.000000000000966 -7.618045479516794
  endloop
endfacet
facet normal -0.2393156642876641 -1.3675165311882855e-13 0.9709418174260259
  outer loop
    vertex 10.992893683719958 9.748806893135688e-13 -7.618045479519053
    vertex 10.33750270471352 20.00000000000091 -7.779584847472255
    vertex 10.337502704715781 9.192818592559232e-13 -7.779584847474514
  endloop
endfacet
facet normal -0.4647231720438664 -1.5270139259722756e-13 0.8854560256531586
  outer loop
    vertex 11.59058129084806 1.0067807879308065e-12 -7.304354824502063
    vertex 11.590581290845796 20.000000000001 -7.304354824499803
    vertex 10.992893683719958 9.748806893135688e-13 -7.618045479519053
  endloop
endfacet
facet normal -0.6631226582408786 -1.5954000925814658e-13 0.7485107481710274
  outer loop
    vertex 12.095830094879854 1.0131282373281429e-12 -6.856743443073994
    vertex 12.095830094877593 20.000000000001005 -6.856743443071735
    vertex 11.590581290845796 20.000000000001 -7.304354824499803
  endloop
endfacet
facet normal -0.6631226582408818 -1.5969196651430158e-13 0.7485107481710244
  outer loop
    vertex 12.095830094879854 1.0131282373281429e-12 -6.856743443073994
    vertex 11.590581290845796 20.000000000001 -7.304354824499803
    vertex 11.59058129084806 1.0067807879308065e-12 -7.304354824502063
  endloop
endfacet
facet normal -0.8229838658937191 -1.5722893591313866e-13 0.5680647467310651
  outer loop
    vertex 12.479276871829697 9.935541468186447e-13 -6.301224881722279
    vertex 12.095830094877593 20.000000000001005 -6.856743443071735
    vertex 12.095830094879854 1.0131282373281429e-12 -6.856743443073994
  endloop
endfacet
facet normal -0.8229838658937182 -1.571807455420153e-13 0.5680647467310661
  outer loop
    vertex 12.479276871829697 9.935541468186447e-13 -6.301224881722279
    vertex 12.479276871827437 20.000000000000984 -6.301224881720018
    vertex 12.095830094877593 20.000000000001005 -6.856743443071735
  endloop
endfacet
facet normal -0.9350162426854541 -1.4571354826947055e-13 0.35460488704243226
  outer loop
    vertex 12.718637088793585 9.491960913937995e-13 -5.670083860004862
    vertex 12.479276871827437 20.000000000000984 -6.301224881720018
    vertex 12.479276871829697 9.935541468186447e-13 -6.301224881722279
  endloop
endfacet
facet normal -0.9350162426854565 -1.4594575554677677e-13 0.35460488704242576
  outer loop
    vertex 12.718637088793585 9.491960913937995e-13 -5.670083860004862
    vertex 12.71863708879132 20.00000000000094 -5.6700838600026024
    vertex 12.479276871827437 20.000000000000984 -6.301224881720018
  endloop
endfacet
facet normal -0.9927088740980673 -1.2603500286126401e-13 0.12053668025521375
  outer loop
    vertex 12.800000000000566 8.826319999999286e-13 -4.999999999999692
    vertex 12.71863708879132 20.00000000000094 -5.6700838600026024
    vertex 12.718637088793585 9.491960913937995e-13 -5.670083860004862
  endloop
endfacet
facet normal -0.9927088740980666 -1.2585852840021142e-13 0.12053668025521892
  outer loop
    vertex 12.800000000000566 8.826319999999286e-13 -4.999999999999692
    vertex 12.799999999998304 20.000000000000874 -4.999999999997432
    vertex 12.71863708879132 20.00000000000094 -5.6700838600026024
  endloop
endfacet
facet normal -0.9927088740980403 -9.862299367486496e-14 -0.12053668025543487
  outer loop
    vertex 12.718637088793436 7.97730335678216e-13 -4.32991613999454
    vertex 12.799999999998304 20.000000000000874 -4.999999999997432
    vertex 12.800000000000566 8.826319999999286e-13 -4.999999999999692
  endloop
endfacet
facet normal -0.9927088740980402 -9.871112356982678e-14 -0.12053668025543748
  outer loop
    vertex 12.718637088793436 7.97730335678216e-13 -4.32991613999454
    vertex 12.718637088791173 20.00000000000079 -4.329916139992281
    vertex 12.799999999998304 20.000000000000874 -4.999999999997432
  endloop
endfacet
facet normal -0.9350162426853753 -6.573881677799869e-14 -0.35460488704264
  outer loop
    vertex 12.718637088793436 7.97730335678216e-13 -4.32991613999454
    vertex 12.479276871827144 20.00000000000069 -3.698775118274917
    vertex 12.718637088791173 20.00000000000079 -4.329916139992281
  endloop
endfacet
facet normal -0.9350162426853761 -6.581398909267645e-14 -0.3546048870426379
  outer loop
    vertex 12.47927687182941 6.994252745540463e-13 -3.698775118277177
    vertex 12.479276871827144 20.00000000000069 -3.698775118274917
    vertex 12.718637088793436 7.97730335678216e-13 -4.32991613999454
  endloop
endfacet
facet normal -0.8229838658935931 -2.900537205443026e-14 -0.5680647467312476
  outer loop
    vertex 12.095830094879442 5.934299494555982e-13 -3.143256556925545
    vertex 12.479276871827144 20.00000000000069 -3.698775118274917
    vertex 12.47927687182941 6.994252745540463e-13 -3.698775118277177
  endloop
endfacet
facet normal -0.8229838658935955 -2.8860299683739206e-14 -0.5680647467312441
  outer loop
    vertex 12.095830094879442 5.934299494555982e-13 -3.143256556925545
    vertex 12.095830094877181 20.000000000000583 -3.143256556923285
    vertex 12.479276871827144 20.00000000000069 -3.698775118274917
  endloop
endfacet
facet normal -0.663122658240713 9.604553190132166e-15 -0.7485107481711739
  outer loop
    vertex 12.095830094879442 5.934299494555982e-13 -3.143256556925545
    vertex 11.590581290845286 20.000000000000476 -2.6956451754953297
    vertex 12.095830094877181 20.000000000000583 -3.143256556923285
  endloop
endfacet
facet normal -0.6631226582407143 9.545656066665531e-15 -0.7485107481711727
  outer loop
    vertex 11.590581290847549 4.859044234002629e-13 -2.6956451754975896
    vertex 11.590581290845286 20.000000000000476 -2.6956451754953297
    vertex 12.095830094879442 5.934299494555982e-13 -3.143256556925545
  endloop
endfacet
facet normal -0.46472317204367 4.74698777548015e-14 -0.8854560256532616
  outer loop
    vertex 10.992893683719377 3.830976891229918e-13 -2.381954520480732
    vertex 11.590581290845286 20.000000000000476 -2.6956451754953297
    vertex 11.590581290847549 4.859044234002629e-13 -2.6956451754975896
  endloop
endfacet
facet normal -0.4647231720436688 4.742867292521473e-14 -0.8854560256532622
  outer loop
    vertex 10.992893683719377 3.830976891229918e-13 -2.381954520480732
    vertex 10.992893683717112 20.000000000000373 -2.3819545204784722
    vertex 11.590581290845286 20.000000000000476 -2.6956451754953297
  endloop
endfacet
facet normal -0.2393156642874509 8.261329476730555e-14 -0.9709418174260783
  outer loop
    vertex 10.337502704715165 2.909845003327056e-13 -2.220415152525415
    vertex 10.992893683717112 20.000000000000373 -2.3819545204784722
    vertex 10.992893683719377 3.830976891229918e-13 -2.381954520480732
  endloop
endfacet
facet normal -0.23931566428745027 8.259294933217574e-14 -0.9709418174260784
  outer loop
    vertex 10.337502704715165 2.909845003327056e-13 -2.220415152525415
    vertex 10.337502704712898 20.00000000000028 -2.220415152523155
    vertex 10.992893683717112 20.000000000000373 -2.3819545204784722
  endloop
endfacet
facet normal 1.0921217490297377e-13 1.1299849944636083e-13 -0.9999999999999999
  outer loop
    vertex 9.662497295285355 2.1491814074407758e-13 -2.2204151525254887
    vertex 10.337502704712898 20.00000000000028 -2.220415152523155
    vertex 10.337502704715165 2.909845003327056e-13 -2.220415152525415
  endloop
endfacet
facet normal 1.0921217490297391e-13 1.1299849944636082e-13 -0.9999999999999999
  outer loop
    vertex 9.662497295285355 2.1491814074407758e-13 -2.2204151525254887
    vertex 9.66249729528309 20.000000000000206 -2.2204151525232287
    vertex 10.337502704712898 20.00000000000028 -2.220415152523155
  endloop
endfacet
facet normal 0.23931566428766476 1.3681538763354981e-13 -0.9709418174260257
  outer loop
    vertex 9.00710631628118 1.5931931068643153e-13 -2.3819545204809502
    vertex 9.66249729528309 20.000000000000206 -2.2204151525232287
    vertex 9.662497295285355 2.1491814074407758e-13 -2.2204151525254887
  endloop
endfacet
facet normal 0.23931566428766535 1.3679447650385404e-13 -0.9709418174260257
  outer loop
    vertex 9.00710631628118 1.5931931068643153e-13 -2.3819545204809502
    vertex 9.007106316278916 20.00000000000015 -2.3819545204786903
    vertex 9.66249729528309 20.000000000000206 -2.2204151525232287
  endloop
endfacet
facet normal 0.46472317204386654 1.5264210680529696e-13 -0.8854560256531584
  outer loop
    vertex 8.40941870915308 1.2741921206919364e-13 -2.6956451754979387
    vertex 9.007106316278916 20.00000000000015 -2.3819545204786903
    vertex 9.00710631628118 1.5931931068643153e-13 -2.3819545204809502
  endloop
endfacet
facet normal 0.46472317204386643 1.5264045581463373e-13 -0.8854560256531584
  outer loop
    vertex 8.40941870915308 1.2741921206919364e-13 -2.6956451754979387
    vertex 8.409418709150817 20.000000000000117 -2.6956451754956787
    vertex 9.007106316278916 20.00000000000015 -2.3819545204786903
  endloop
endfacet
facet normal 0.6631226582408758 1.596155266589489e-13 -0.7485107481710298
  outer loop
    vertex 8.40941870915308 1.2741921206919364e-13 -2.6956451754979387
    vertex 7.9041699051190175 20.00000000000011 -3.143256556923745
    vertex 8.409418709150817 20.000000000000117 -2.6956451754956787
  endloop
endfacet
facet normal 0.6631226582408758 1.596155266589489e-13 -0.7485107481710298
  outer loop
    vertex 7.904169905121281 1.21071762671857e-13 -3.143256556926005
    vertex 7.9041699051190175 20.00000000000011 -3.143256556923745
    vertex 8.40941870915308 1.2741921206919364e-13 -2.6956451754979387
  endloop
endfacet
facet normal 0.8229838658937189 1.572412276217341e-13 -0.5680647467310653
  outer loop
    vertex 7.520723128171436 1.4064585318135505e-13 -3.69877511827772
    vertex 7.520723128169175 20.00000000000013 -3.69877511827546
    vertex 7.9041699051190175 20.00000000000011 -3.143256556923745
  endloop
endfacet
facet normal 0.8229838658937176 1.573152859008254e-13 -0.5680647467310671
  outer loop
    vertex 7.520723128171436 1.4064585318135505e-13 -3.69877511827772
    vertex 7.9041699051190175 20.00000000000011 -3.143256556923745
    vertex 7.904169905121281 1.21071762671857e-13 -3.143256556926005
  endloop
endfacet
facet normal 0.9350162426854541 1.457538878549812e-13 -0.35460488704243226
  outer loop
    vertex 7.281362911207547 1.8500390860619982e-13 -4.329916139995137
    vertex 7.281362911205287 20.000000000000174 -4.329916139992877
    vertex 7.520723128169175 20.00000000000013 -3.69877511827546
  endloop
endfacet
facet normal 0.9350162426854535 1.457875625446305e-13 -0.35460488704243315
  outer loop
    vertex 7.281362911207547 1.8500390860619982e-13 -4.329916139995137
    vertex 7.520723128169175 20.00000000000013 -3.69877511827546
    vertex 7.520723128171436 1.4064585318135505e-13 -3.69877511827772
  endloop
endfacet
facet normal 0.9927088740980671 1.2585852840021092e-13 -0.12053668025521443
  outer loop
    vertex 7.200000000000566 2.51e-13 -5.000000000000317
    vertex 7.199999999998305 20.00000000000025 -4.9999999999980576
    vertex 7.281362911205287 20.000000000000174 -4.329916139992877
  endloop
endfacet
facet normal 0.9927088740980672 1.2582015586808896e-13 -0.12053668025521327
  outer loop
    vertex 7.200000000000566 2.51e-13 -5.000000000000317
    vertex 7.281362911205287 20.000000000000174 -4.329916139992877
    vertex 7.281362911207547 1.8500390860619982e-13 -4.329916139995137
  endloop
endfacet
facet normal 1.2370335454719187e-13 -0.9999999999999999 -1.2375812340909252e-13
  outer loop
    vertex 12.479276871827436 20.000000000000984 -6.301224881720018
    vertex 11.590581290845796 20.000000000001 -7.304354824499803
    vertex 12.095830094877593 20.000000000001005 -6.8567434430717356
  endloop
endfacet
facet normal 1.28719892994387e-13 -1 -1.1636541301096653e-13
  outer loop
    vertex 12.799999999998304 20.000000000000874 -4.999999999997432
    vertex 12.479276871827436 20.000000000000984 -6.301224881720018
    vertex 12.71863708879132 20.00000000000094 -5.6700838600026024
  endloop
endfacet
facet normal 1.1052798423918244e-13 -1 -1.453777232570917e-13
  outer loop
    vertex 9.007106316279495 20.00000000000074 -7.618045479517015
    vertex 9.662497295283709 20.000000000000835 -7.779584847472331
    vertex 10.337502704713524 20.00000000000091 -7.779584847472256
  endloop
endfacet
facet normal 1.1450051459264978e-13 -1 -1.1266099233202182e-13
  outer loop
    vertex 9.007106316279495 20.00000000000074 -7.618045479517015
    vertex 10.337502704713524 20.00000000000091 -7.779584847472256
    vertex 10.992893683717694 20.000000000000966 -7.618045479516793
  endloop
endfacet
facet normal 1.1450051459265016e-13 -1 -1.1623271171606295e-13
  outer loop
    vertex 9.007106316279495 20.00000000000074 -7.618045479517015
    vertex 10.992893683717694 20.000000000000966 -7.618045479516793
    vertex 11.590581290845796 20.000000000001 -7.304354824499803
  endloop
endfacet
facet normal 1.1441512566922485e-13 -1 -1.155294706623492e-13
  outer loop
    vertex 9.007106316279495 20.00000000000074 -7.618045479517015
    vertex 11.590581290845796 20.000000000001 -7.304354824499803
    vertex 12.479276871827436 20.000000000000984 -6.301224881720018
  endloop
endfacet
facet normal 1.1011693945341617e-13 -0.9999999999999999 -1.1585107919062267e-13
  outer loop
    vertex 12.095830094877181 20.000000000000583 -3.143256556923284
    vertex 12.718637088791175 20.00000000000079 -4.329916139992281
    vertex 12.47927687182714 20.00000000000069 -3.698775118274916
  endloop
endfacet
facet normal 1.1261086795347444e-13 -1 -1.1357202401557712e-13
  outer loop
    vertex 11.590581290845284 20.000000000000476 -2.695645175495329
    vertex 12.799999999998304 20.000000000000874 -4.999999999997432
    vertex 12.718637088791175 20.00000000000079 -4.329916139992281
  endloop
endfacet
facet normal 1.0674579066618113e-13 -1 -1.1762039456309432e-13
  outer loop
    vertex 11.590581290845284 20.000000000000476 -2.695645175495329
    vertex 12.718637088791175 20.00000000000079 -4.329916139992281
    vertex 12.095830094877181 20.000000000000583 -3.143256556923284
  endloop
endfacet
facet normal 1.131015731205901e-13 -1 -1.1294339667986987e-13
  outer loop
    vertex 10.337502704712898 20.00000000000028 -2.220415152523154
    vertex 11.590581290845284 20.000000000000476 -2.695645175495329
    vertex 10.992893683717112 20.000000000000373 -2.381954520478472
  endloop
endfacet
facet normal 1.589092585828631e-13 -0.9999999999999999 -9.73465933607798e-14
  outer loop
    vertex 7.199999999998306 20.00000000000025 -4.9999999999980576
    vertex 7.2813629112054326 20.000000000000327 -5.67008386000321
    vertex 7.520723128169459 20.000000000000426 -6.301224881720573
  endloop
endfacet
facet normal 1.2471510002799242e-13 -1 -1.0577469648956488e-13
  outer loop
    vertex 7.199999999998306 20.00000000000025 -4.9999999999980576
    vertex 7.520723128169459 20.000000000000426 -6.301224881720573
    vertex 7.904169905119426 20.000000000000533 -6.856743443072205
  endloop
endfacet
facet normal 1.0286834325001473e-13 -1 -1.1406007846031374e-13
  outer loop
    vertex 7.199999999998306 20.00000000000025 -4.9999999999980576
    vertex 7.904169905119426 20.000000000000533 -6.856743443072205
    vertex 8.409418709151323 20.000000000000636 -7.30435482450016
  endloop
endfacet
facet normal 1.1618315991805434e-13 -1 -1.0707192359108755e-13
  outer loop
    vertex 7.199999999998306 20.00000000000025 -4.9999999999980576
    vertex 8.409418709151323 20.000000000000636 -7.30435482450016
    vertex 9.007106316279495 20.00000000000074 -7.618045479517015
  endloop
endfacet
facet normal 1.1223986616643384e-13 -1 -1.0979378274183637e-13
  outer loop
    vertex 7.199999999998306 20.00000000000025 -4.9999999999980576
    vertex 9.007106316279495 20.00000000000074 -7.618045479517015
    vertex 12.479276871827436 20.000000000000984 -6.301224881720018
  endloop
endfacet
facet normal 1.105279842391805e-13 -1 -1.1972939285206767e-13
  outer loop
    vertex 9.66249729528309 20.000000000000206 -2.2204151525232283
    vertex 11.590581290845284 20.000000000000476 -2.695645175495329
    vertex 10.337502704712898 20.00000000000028 -2.220415152523154
  endloop
endfacet
facet normal 1.1609572885464205e-13 -1 -9.71401649718266e-14
  outer loop
    vertex 9.00710631627892 20.000000000000146 -2.3819545204786894
    vertex 11.590581290845284 20.000000000000476 -2.695645175495329
    vertex 9.66249729528309 20.000000000000206 -2.2204151525232283
  endloop
endfacet
facet normal 1.139133212879265e-13 -1 -1.151139083484499e-13
  outer loop
    vertex 8.409418709150819 20.000000000000114 -2.6956451754956783
    vertex 11.590581290845284 20.000000000000476 -2.695645175495329
    vertex 9.00710631627892 20.000000000000146 -2.3819545204786894
  endloop
endfacet
facet normal 9.381516514266974e-14 -1 -1.0312779583165898e-13
  outer loop
    vertex 7.904169905119014 20.00000000000011 -3.1432565569237445
    vertex 7.520723128169175 20.00000000000013 -3.6987751182754596
    vertex 7.281362911205287 20.000000000000174 -4.329916139992877
  endloop
endfacet
facet normal 1.4240788943024253e-13 -1 -1.286312249291162e-13
  outer loop
    vertex 7.904169905119014 20.00000000000011 -3.1432565569237445
    vertex 7.281362911205287 20.000000000000174 -4.329916139992877
    vertex 7.199999999998306 20.00000000000025 -4.9999999999980576
  endloop
endfacet
facet normal 1.1332466216958153e-13 -1 -1.1257082941638627e-13
  outer loop
    vertex 7.904169905119014 20.00000000000011 -3.1432565569237445
    vertex 12.479276871827436 20.000000000000984 -6.301224881720018
    vertex 12.799999999998304 20.000000000000874 -4.999999999997432
  endloop
endfacet
facet normal 1.1302798439379473e-13 -1 -1.1335310441975154e-13
  outer loop
    vertex 7.904169905119014 20.00000000000011 -3.1432565569237445
    vertex 12.799999999998304 20.000000000000874 -4.999999999997432
    vertex 11.590581290845284 20.000000000000476 -2.695645175495329
  endloop
endfacet
facet normal 1.1057270262542542e-13 -1 -1.1655773111635208e-13
  outer loop
    vertex 7.904169905119014 20.00000000000011 -3.1432565569237445
    vertex 7.199999999998306 20.00000000000025 -4.9999999999980576
    vertex 12.479276871827436 20.000000000000984 -6.301224881720018
  endloop
endfacet
facet normal 1.1391332128792708e-13 -1 -1.2064450973727927e-13
  outer loop
    vertex 7.904169905119014 20.00000000000011 -3.1432565569237445
    vertex 11.590581290845284 20.000000000000476 -2.695645175495329
    vertex 8.409418709150819 20.000000000000114 -2.6956451754956783
  endloop
endfacet
endsolid Model
