solid Model
facet normal 0 0 1
  outer loop
    vertex 22.071872571159307 -51.39255758230568 10
    vertex 25.878462024097665 -53.38918542133544 10
    vertex 26 -52 10
  endloop
endfacet
facet normal 0 0 1
  outer loop
    vertex 21.692935968135423 -51.72826611837668 10
    vertex 25.517540966287267 -54.73616114660535 10
    vertex 25.878462024097665 -53.38918542133544 10
  endloop
endfacet
facet normal 0 0 1
  outer loop
    vertex 21.692935968135423 -51.72826611837668 10
    vertex 24.928203230275514 -55.99999999999999 10
    vertex 25.517540966287267 -54.73616114660535 10
  endloop
endfacet
facet normal 0 0 1
  outer loop
    vertex 21.692935968135423 -51.72826611837668 10
    vertex 25.878462024097665 -53.38918542133544 10
    vertex 22.071872571159307 -51.39255758230568 10
  endloop
endfacet
facet normal 0 0 1
  outer loop
    vertex 22.359457653871736 -50.97591866129192 10
    vertex 22.071872571159307 -51.39255758230568 10
    vertex 26 -52 10
  endloop
endfacet
facet normal 0 0 1
  outer loop
    vertex 21.24467026278932 -51.963534109639376 10
    vertex 24.12835554495183 -57.14230087749231 10
    vertex 24.928203230275514 -55.99999999999999 10
  endloop
endfacet
facet normal 0 0 1
  outer loop
    vertex 21.24467026278932 -51.963534109639376 10
    vertex 24.928203230275514 -55.99999999999999 10
    vertex 21.692935968135423 -51.72826611837668 10
  endloop
endfacet
facet normal 0 0 0.9999999999999999
  outer loop
    vertex 22.53897781659471 -50.50256289500388 10
    vertex 22.359457653871736 -50.97591866129192 10
    vertex 26 -52 10
  endloop
endfacet
facet normal 0 0 1
  outer loop
    vertex 20.753127028536174 -52.084688635605914 10
    vertex 24.12835554495183 -57.14230087749231 10
    vertex 21.24467026278932 -51.963534109639376 10
  endloop
endfacet
facet normal 0 0 1
  outer loop
    vertex 20.753127028536174 -52.084688635605914 10
    vertex 23.14230087749232 -58.128355544951816 10
    vertex 24.12835554495183 -57.14230087749231 10
  endloop
endfacet
facet normal 0 0 1
  outer loop
    vertex 20.753127028536174 -52.084688635605914 10
    vertex 22.00000000000001 -58.9282032302755 10
    vertex 23.14230087749232 -58.128355544951816 10
  endloop
endfacet
facet normal 0 0 1
  outer loop
    vertex 22.6 -50 10
    vertex 22.53897781659471 -50.50256289500388 10
    vertex 26 -52 10
  endloop
endfacet
facet normal 0 0 1
  outer loop
    vertex 20.246872971463816 -52.084688635605914 10
    vertex 22.00000000000001 -58.9282032302755 10
    vertex 20.753127028536174 -52.084688635605914 10
  endloop
endfacet
facet normal 0 0 1
  outer loop
    vertex 20.246872971463816 -52.084688635605914 10
    vertex 20.73616114660536 -59.517540966287264 10
    vertex 22.00000000000001 -58.9282032302755 10
  endloop
endfacet
facet normal 0 0 1
  outer loop
    vertex 22.53897781659471 -49.49743710499613 10
    vertex 22.6 -50 10
    vertex 26 -52 10
  endloop
endfacet
facet normal 0 0 1
  outer loop
    vertex 19.755329737210673 -51.96353410963937 10
    vertex 20.73616114660536 -59.517540966287264 10
    vertex 20.246872971463816 -52.084688635605914 10
  endloop
endfacet
facet normal 0 0 1
  outer loop
    vertex 19.755329737210673 -51.96353410963937 10
    vertex 19.38918542133546 -59.878462024097665 10
    vertex 20.73616114660536 -59.517540966287264 10
  endloop
endfacet
facet normal 0 0 1
  outer loop
    vertex 19.755329737210673 -51.96353410963937 10
    vertex 18 -60 10
    vertex 19.38918542133546 -59.878462024097665 10
  endloop
endfacet
facet normal 0 0 1
  outer loop
    vertex 22.35945765387174 -49.024081338708086 10
    vertex 22.53897781659471 -49.49743710499613 10
    vertex 26 -52 10
  endloop
endfacet
facet normal 0 0 1
  outer loop
    vertex 19.30706403186457 -51.72826611837667 10
    vertex 18 -60 10
    vertex 19.755329737210673 -51.96353410963937 10
  endloop
endfacet
facet normal 0 0 1
  outer loop
    vertex 19.30706403186457 -51.72826611837667 10
    vertex 15 -60 10
    vertex 18 -60 10
  endloop
endfacet
facet normal 0 0 1
  outer loop
    vertex 22.07187257115931 -48.60744241769433 10
    vertex 22.35945765387174 -49.024081338708086 10
    vertex 26 -52 10
  endloop
endfacet
facet normal 0 0 1
  outer loop
    vertex 18.928127428840686 -51.39255758230567 10
    vertex 15 -60 10
    vertex 19.30706403186457 -51.72826611837667 10
  endloop
endfacet
facet normal 0 0 1
  outer loop
    vertex 18.640542346128257 -50.975918661291914 10
    vertex 15 -60 10
    vertex 18.928127428840686 -51.39255758230567 10
  endloop
endfacet
facet normal 0 0 0.9999999999999999
  outer loop
    vertex 18.46102218340529 -50.50256289500387 10
    vertex 15 -60 10
    vertex 18.640542346128257 -50.975918661291914 10
  endloop
endfacet
facet normal 0 0 1
  outer loop
    vertex 18.4 -50 10
    vertex 15 -60 10
    vertex 18.46102218340529 -50.50256289500387 10
  endloop
endfacet
facet normal 0 0 1
  outer loop
    vertex 18.46102218340529 -49.49743710499612 10
    vertex 15 -60 10
    vertex 18.4 -50 10
  endloop
endfacet
facet normal 0 0 1
  outer loop
    vertex 49.5611678056573 -14.66293608424556 10
    vertex 50.47474688535246 -18.72029754828104 10
    vertex 52.30857236933312 -16.839898343410866 10
  endloop
endfacet
facet normal 0 0 1
  outer loop
    vertex 47.81580316181214 -16.40754197563478 10
    vertex 48.45722086854837 -20.402084052832645 10
    vertex 50.47474688535246 -18.72029754828104 10
  endloop
endfacet
facet normal 0 0 1
  outer loop
    vertex 47.81580316181214 -16.40754197563478 10
    vertex 50.47474688535246 -18.72029754828104 10
    vertex 49.5611678056573 -14.66293608424556 10
  endloop
endfacet
facet normal 0 0 1
  outer loop
    vertex 51.10016416405273 -12.733833270733454 10
    vertex 52.30857236933312 -16.839898343410866 10
    vertex 53.939241378064914 -14.78083650380163 10
  endloop
endfacet
facet normal 0 0 1
  outer loop
    vertex 51.10016416405273 -12.733833270733454 10
    vertex 53.939241378064914 -14.78083650380163 10
    vertex 55.34945335452866 -12.564957613426188 10
  endloop
endfacet
facet normal 0 0 1
  outer loop
    vertex 51.10016416405273 -12.733833270733454 10
    vertex 49.5611678056573 -14.66293608424556 10
    vertex 52.30857236933312 -16.839898343410866 10
  endloop
endfacet
facet normal 0 0 1
  outer loop
    vertex 45.88603134609787 -17.945699378350636 10
    vertex 46.277399229239556 -21.867414969784278 10
    vertex 48.45722086854837 -20.402084052832645 10
  endloop
endfacet
facet normal 0 0 1
  outer loop
    vertex 45.88603134609787 -17.945699378350636 10
    vertex 48.45722086854837 -20.402084052832645 10
    vertex 47.81580316181214 -16.40754197563478 10
  endloop
endfacet
facet normal 0 0 1
  outer loop
    vertex 52.41342775981248 -10.644506540825738 10
    vertex 55.34945335452866 -12.564957613426188 10
    vertex 56.524246677097096 -10.215771004273588 10
  endloop
endfacet
facet normal 0 0 1
  outer loop
    vertex 52.41342775981248 -10.644506540825738 10
    vertex 51.10016416405273 -12.733833270733454 10
    vertex 55.34945335452866 -12.564957613426188 10
  endloop
endfacet
facet normal 0 0 1
  outer loop
    vertex 43.796133781986114 -19.258054371397275 10
    vertex 43.958408750581 -23.100743893982628 10
    vertex 46.277399229239556 -21.867414969784278 10
  endloop
endfacet
facet normal 0 0 1
  outer loop
    vertex 43.796133781986114 -19.258054371397275 10
    vertex 46.277399229239556 -21.867414969784278 10
    vertex 45.88603134609787 -17.945699378350636 10
  endloop
endfacet
facet normal 0 0 1
  outer loop
    vertex 53.484434406377915 -8.421244923456475 10
    vertex 56.524246677097096 -10.215771004273588 10
    vertex 57.45115739462257 -7.758200334463724 10
  endloop
endfacet
facet normal 0 0 1
  outer loop
    vertex 53.484434406377915 -8.421244923456475 10
    vertex 52.41342775981248 -10.644506540825738 10
    vertex 56.524246677097096 -10.215771004273588 10
  endloop
endfacet
facet normal 0 0 1
  outer loop
    vertex 41.57240668095288 -20.328094200742463 10
    vertex 41.524852725324415 -24.08898584174171 10
    vertex 43.958408750581 -23.100743893982628 10
  endloop
endfacet
facet normal 0 0 1
  outer loop
    vertex 41.57240668095288 -20.328094200742463 10
    vertex 43.958408750581 -23.100743893982628 10
    vertex 43.796133781986114 -19.258054371397275 10
  endloop
endfacet
facet normal 0 0 1
  outer loop
    vertex 54.299708123990996 -6.092022688111797 10
    vertex 57.45115739462257 -7.758200334463724 10
    vertex 58.12035146252928 -5.218319161091283 10
  endloop
endfacet
facet normal 0 0 1
  outer loop
    vertex 54.299708123990996 -6.092022688111797 10
    vertex 53.484434406377915 -8.421244923456475 10
    vertex 57.45115739462257 -7.758200334463724 10
  endloop
endfacet
facet normal 0 0 0.9999999999999999
  outer loop
    vertex 39.242830169449306 -21.142355051640706 10
    vertex 39.00254992757348 -24.821656075770026 10
    vertex 41.524852725324415 -24.08898584174171 10
  endloop
endfacet
facet normal 0 0 0.9999999999999999
  outer loop
    vertex 39.242830169449306 -21.142355051640706 10
    vertex 41.524852725324415 -24.08898584174171 10
    vertex 41.57240668095288 -20.328094200742463 10
  endloop
endfacet
facet normal 0 0 1
  outer loop
    vertex 26 -33.48946700083476 10
    vertex 22.07187257115931 -48.60744241769433 10
    vertex 26 -52 10
  endloop
endfacet
facet normal 0 0 1
  outer loop
    vertex 26 -33.48946700083476 10
    vertex 21.692935968135426 -48.27173388162332 10
    vertex 22.07187257115931 -48.60744241769433 10
  endloop
endfacet
facet normal 0 0 0.9999999999999999
  outer loop
    vertex 26 -33.48946700083476 10
    vertex 21.244670262789324 -48.03646589036063 10
    vertex 21.692935968135426 -48.27173388162332 10
  endloop
endfacet
facet normal 0 0 1
  outer loop
    vertex 26 -33.48946700083476 10
    vertex 20.753127028536177 -47.915311364394086 10
    vertex 21.244670262789324 -48.03646589036063 10
  endloop
endfacet
facet normal 0 0 1
  outer loop
    vertex 26 -33.48946700083476 10
    vertex 20.246872971463823 -47.915311364394086 10
    vertex 20.753127028536177 -47.915311364394086 10
  endloop
endfacet
facet normal 0 0 1
  outer loop
    vertex 26 -33.48946700083476 10
    vertex 19.755329737210676 -48.03646589036063 10
    vertex 20.246872971463823 -47.915311364394086 10
  endloop
endfacet
facet normal 0 0 1
  outer loop
    vertex 26 -33.48946700083476 10
    vertex 19.307064031864574 -48.27173388162332 10
    vertex 19.755329737210676 -48.03646589036063 10
  endloop
endfacet
facet normal 0 0 1
  outer loop
    vertex 54.84899070169568 -3.68614735757515 10
    vertex 58.12035146252928 -5.218319161091283 10
    vertex 58.52472907695345 -2.6230743132347456 10
  endloop
endfacet
facet normal 0 0 1
  outer loop
    vertex 54.84899070169568 -3.68614735757515 10
    vertex 54.299708123990996 -6.092022688111797 10
    vertex 58.12035146252928 -5.218319161091283 10
  endloop
endfacet
facet normal 0 0 1
  outer loop
    vertex 36.83671622795137 -21.690591457567933 10
    vertex 36.41826068890896 -25.290981342824768 10
    vertex 39.00254992757348 -24.821656075770026 10
  endloop
endfacet
facet normal 0 0 1
  outer loop
    vertex 36.83671622795137 -21.690591457567933 10
    vertex 39.00254992757348 -24.821656075770026 10
    vertex 39.242830169449306 -21.142355051640706 10
  endloop
endfacet
facet normal 0 0 1
  outer loop
    vertex 55.12537077164721 -1.2338909449648572 10
    vertex 54.84899070169568 -3.68614735757515 10
    vertex 58.52472907695345 -2.6230743132347456 10
  endloop
endfacet
facet normal 0 0 1
  outer loop
    vertex 55.12537077164721 -1.2338909449648572 10
    vertex 58.52472907695345 -2.6230743132347456 10
    vertex 58.66 -9.683989748506427e-14 10
  endloop
endfacet
facet normal 0 0 1
  outer loop
    vertex 34.38433987190844 -21.965905214173514 10
    vertex 33.79940298507463 -25.491982343918995 10
    vertex 36.41826068890896 -25.290981342824768 10
  endloop
endfacet
facet normal 0 0 1
  outer loop
    vertex 34.38433987190844 -21.965905214173514 10
    vertex 36.41826068890896 -25.290981342824768 10
    vertex 36.83671622795137 -21.690591457567933 10
  endloop
endfacet
facet normal 0 0 1
  outer loop
    vertex 55.125370771647326 1.233890944962759 10
    vertex 55.12537077164721 -1.2338909449648572 10
    vertex 58.66 -9.683989748506427e-14 10
  endloop
endfacet
facet normal 0 0 1
  outer loop
    vertex 55.125370771647326 1.233890944962759 10
    vertex 58.66 -9.683989748506427e-14 10
    vertex 58.52472907695347 2.623074313234553 10
  endloop
endfacet
facet normal 0 0 1
  outer loop
    vertex 31.91655821526938 -21.96483217618532 10
    vertex 33.79940298507463 -25.491982343918995 10
    vertex 34.38433987190844 -21.965905214173514 10
  endloop
endfacet
facet normal 0 0 1
  outer loop
    vertex 31.91655821526938 -21.96483217618532 10
    vertex 32.43555628181682 -25.64392585616939 10
    vertex 33.79940298507463 -25.491982343918995 10
  endloop
endfacet
facet normal 0 0 1
  outer loop
    vertex 31.91655821526938 -21.96483217618532 10
    vertex 31.11774247112235 -26.0267200845024 10
    vertex 32.43555628181682 -25.64392585616939 10
  endloop
endfacet
facet normal 0 0 1
  outer loop
    vertex 54.84899070169603 3.6861473575730783 10
    vertex 58.52472907695347 2.623074313234553 10
    vertex 58.120351462529314 5.2183191610910935 10
  endloop
endfacet
facet normal 0 0 1
  outer loop
    vertex 54.84899070169603 3.6861473575730783 10
    vertex 55.125370771647326 1.233890944962759 10
    vertex 58.52472907695347 2.623074313234553 10
  endloop
endfacet
facet normal 0 0 1
  outer loop
    vertex 29.46442220973347 -21.687385845142533 10
    vertex 31.11774247112235 -26.0267200845024 10
    vertex 31.91655821526938 -21.96483217618532 10
  endloop
endfacet
facet normal 0 0 0.9999999999999999
  outer loop
    vertex 29.46442220973347 -21.687385845142533 10
    vertex 29.88473749670915 -26.629101520118127 10
    vertex 31.11774247112235 -26.0267200845024 10
  endloop
endfacet
facet normal 0 0 1
  outer loop
    vertex 54.29970812399158 6.092022688109777 10
    vertex 58.120351462529314 5.2183191610910935 10
    vertex 57.451157394622626 7.758200334463538 10
  endloop
endfacet
facet normal 0 0 1
  outer loop
    vertex 54.29970812399158 6.092022688109777 10
    vertex 54.84899070169603 3.6861473575730783 10
    vertex 58.120351462529314 5.2183191610910935 10
  endloop
endfacet
facet normal 0 0 0.9999999999999999
  outer loop
    vertex 27.058785945030667 -21.13705719951206 10
    vertex 29.88473749670915 -26.629101520118127 10
    vertex 29.46442220973347 -21.687385845142533 10
  endloop
endfacet
facet normal 0 0 1
  outer loop
    vertex 27.058785945030667 -21.13705719951206 10
    vertex 28.772821849116777 -27.433345421892582 10
    vertex 29.88473749670915 -26.629101520118127 10
  endloop
endfacet
facet normal 0 0 1
  outer loop
    vertex 27.058785945030667 -21.13705719951206 10
    vertex 27.814713032305395 -28.415787357098143 10
    vertex 28.772821849116777 -27.433345421892582 10
  endloop
endfacet
facet normal 0 0 1
  outer loop
    vertex 53.484434406378725 8.421244923454534 10
    vertex 57.451157394622626 7.758200334463538 10
    vertex 56.52424667709718 10.21577100427341 10
  endloop
endfacet
facet normal 0 0 1
  outer loop
    vertex 53.484434406378725 8.421244923454534 10
    vertex 54.29970812399158 6.092022688109777 10
    vertex 57.451157394622626 7.758200334463538 10
  endloop
endfacet
facet normal 0 0 1
  outer loop
    vertex 24.72991842622482 -20.320770769326057 10
    vertex 27.814713032305395 -28.415787357098143 10
    vertex 27.058785945030667 -21.13705719951206 10
  endloop
endfacet
facet normal 0 0 0.9999999999999999
  outer loop
    vertex 24.72991842622482 -20.320770769326057 10
    vertex 27.03860286916747 -29.5475195142697 10
    vertex 27.814713032305395 -28.415787357098143 10
  endloop
endfacet
facet normal 0 0 1
  outer loop
    vertex 52.4134277598135 10.6445065408239 10
    vertex 56.52424667709718 10.21577100427341 10
    vertex 55.349453354528755 12.564957613426019 10
  endloop
endfacet
facet normal 0 0 1
  outer loop
    vertex 52.4134277598135 10.6445065408239 10
    vertex 53.484434406378725 8.421244923454534 10
    vertex 56.52424667709718 10.21577100427341 10
  endloop
endfacet
facet normal 0 0 1
  outer loop
    vertex 22.507122712865733 -19.24879750803304 10
    vertex 27.03860286916747 -29.5475195142697 10
    vertex 24.72991842622482 -20.320770769326057 10
  endloop
endfacet
facet normal 0 0 0.9999999999999999
  outer loop
    vertex 22.507122712865733 -19.24879750803304 10
    vertex 26.467327972705938 -30.79524129959487 10
    vertex 27.03860286916747 -29.5475195142697 10
  endloop
endfacet
facet normal 0 0 1
  outer loop
    vertex 51.100164164053936 12.73383327073174 10
    vertex 55.349453354528755 12.564957613426019 10
    vertex 53.93924137806502 14.780836503801472 10
  endloop
endfacet
facet normal 0 0 1
  outer loop
    vertex 51.100164164053936 12.73383327073174 10
    vertex 52.4134277598135 10.6445065408239 10
    vertex 55.349453354528755 12.564957613426019 10
  endloop
endfacet
facet normal 0 0 1
  outer loop
    vertex 20.418367212185526 -17.93462555785571 10
    vertex 26.117697791306384 -32.12223918849925 10
    vertex 26.467327972705938 -30.79524129959487 10
  endloop
endfacet
facet normal 0 0 1
  outer loop
    vertex 20.418367212185526 -17.93462555785571 10
    vertex 26.467327972705938 -30.79524129959487 10
    vertex 22.507122712865733 -19.24879750803304 10
  endloop
endfacet
facet normal 0 0 1
  outer loop
    vertex 52.30857236933325 16.83989834341072 10
    vertex 51.100164164053936 12.73383327073174 10
    vertex 53.93924137806502 14.780836503801472 10
  endloop
endfacet
facet normal 0 0 0.9999999999999999
  outer loop
    vertex 49.5611678056587 14.662936084243992 10
    vertex 51.100164164053936 12.73383327073174 10
    vertex 52.30857236933325 16.83989834341072 10
  endloop
endfacet
facet normal 0 0 1
  outer loop
    vertex 50.4747468853526 18.72029754828091 10
    vertex 49.5611678056587 14.662936084243992 10
    vertex 52.30857236933325 16.83989834341072 10
  endloop
endfacet
facet normal 0 0 1
  outer loop
    vertex 47.815803161813704 16.407541975633382 10
    vertex 49.5611678056587 14.662936084243992 10
    vertex 50.4747468853526 18.72029754828091 10
  endloop
endfacet
facet normal 0 0 1
  outer loop
    vertex 16.35187491619071 -14.378468959213425 10
    vertex 16.746086956520557 -14.64866746844557 10
    vertex 16.56535995355144 -14.489671687509993 10
  endloop
endfacet
facet normal 0 0 1
  outer loop
    vertex 14.999999999998773 -15.314515989738581 10
    vertex 26.117697791306384 -32.12223918849925 10
    vertex 20.418367212185526 -17.93462555785571 10
  endloop
endfacet
facet normal 0 0 0.9999999999999999
  outer loop
    vertex 14.999999999998773 -15.314515989738581 10
    vertex 18.92812742884069 -48.60744241769433 10
    vertex 19.307064031864574 -48.27173388162332 10
  endloop
endfacet
facet normal 0 0 1
  outer loop
    vertex 14.999999999998773 -15.314515989738581 10
    vertex 18.64054234612826 -49.024081338708086 10
    vertex 18.92812742884069 -48.60744241769433 10
  endloop
endfacet
facet normal 0 0 1
  outer loop
    vertex 14.999999999998773 -15.314515989738581 10
    vertex 18.46102218340529 -49.49743710499612 10
    vertex 18.64054234612826 -49.024081338708086 10
  endloop
endfacet
facet normal 0 0 1
  outer loop
    vertex 14.999999999998773 -15.314515989738581 10
    vertex 26 -33.48946700083476 10
    vertex 26.117697791306384 -32.12223918849925 10
  endloop
endfacet
facet normal 0 0 1
  outer loop
    vertex 14.999999999998773 -15.314515989738581 10
    vertex 15 -60 10
    vertex 18.46102218340529 -49.49743710499612 10
  endloop
endfacet
facet normal 0 0 1
  outer loop
    vertex 14.999999999998773 -15.314515989738581 10
    vertex 16.35187491619071 -14.378468959213425 10
    vertex 16.118001574823428 -14.321502581803447 10
  endloop
endfacet
facet normal 0 0 1
  outer loop
    vertex 14.999999999998773 -15.314515989738581 10
    vertex 18.489933765605898 -16.39479053475494 10
    vertex 16.746086956520557 -14.64866746844557 10
  endloop
endfacet
facet normal 0 0 0.9999999999999999
  outer loop
    vertex 14.999999999998773 -15.314515989738581 10
    vertex 20.418367212185526 -17.93462555785571 10
    vertex 18.489933765605898 -16.39479053475494 10
  endloop
endfacet
facet normal 0 0 1
  outer loop
    vertex 14.999999999998773 -15.314515989738581 10
    vertex 19.307064031864574 -48.27173388162332 10
    vertex 26 -33.48946700083476 10
  endloop
endfacet
facet normal 0 0 1
  outer loop
    vertex 14.999999999998773 -15.314515989738581 10
    vertex 16.746086956520557 -14.64866746844557 10
    vertex 16.35187491619071 -14.378468959213425 10
  endloop
endfacet
facet normal 0 0 0.9999999999999999
  outer loop
    vertex 15.643690413067526 -14.380148033170652 10
    vertex 16.118001574823428 -14.321502581803447 10
    vertex 15.877290997068814 -14.322073295876622 10
  endloop
endfacet
facet normal 0 0 1
  outer loop
    vertex 15.250764054875347 -14.652212812534184 10
    vertex 15.643690413067526 -14.380148033170652 10
    vertex 15.430735086356588 -14.492361832602588 10
  endloop
endfacet
facet normal 0 0 1
  outer loop
    vertex 15.250764054875347 -14.652212812534184 10
    vertex 15.11420518356491 -14.850438902199324 10
    vertex 15.028970953977524 -15.075554503755853 10
  endloop
endfacet
facet normal 0 0 1
  outer loop
    vertex 15.250764054875347 -14.652212812534184 10
    vertex 15.028970953977524 -15.075554503755853 10
    vertex 14.999999999998773 -15.314515989738581 10
  endloop
endfacet
facet normal 0 0 1
  outer loop
    vertex 15.250764054875347 -14.652212812534184 10
    vertex 14.999999999998773 -15.314515989738581 10
    vertex 16.118001574823428 -14.321502581803447 10
  endloop
endfacet
facet normal 0 0 1
  outer loop
    vertex 15.250764054875347 -14.652212812534184 10
    vertex 16.118001574823428 -14.321502581803447 10
    vertex 15.643690413067526 -14.380148033170652 10
  endloop
endfacet
facet normal 0 0 0.9999999999999999
  outer loop
    vertex 48.457220868548525 20.402084052832528 10
    vertex 47.815803161813704 16.407541975633382 10
    vertex 50.4747468853526 18.72029754828091 10
  endloop
endfacet
facet normal 0 0 1
  outer loop
    vertex 45.886031346099585 17.945699378349417 10
    vertex 47.815803161813704 16.407541975633382 10
    vertex 48.457220868548525 20.402084052832528 10
  endloop
endfacet
facet normal 0 0 1
  outer loop
    vertex 46.27739922923972 21.86741496978418 10
    vertex 43.79613378198795 19.25805437139626 10
    vertex 45.886031346099585 17.945699378349417 10
  endloop
endfacet
facet normal 0 0 0.9999999999999999
  outer loop
    vertex 46.27739922923972 21.86741496978418 10
    vertex 45.886031346099585 17.945699378349417 10
    vertex 48.457220868548525 20.402084052832528 10
  endloop
endfacet
facet normal 0 0 1
  outer loop
    vertex 43.95840875058117 23.100743893982546 10
    vertex 41.57240668095483 20.328094200741656 10
    vertex 43.79613378198795 19.25805437139626 10
  endloop
endfacet
facet normal 0 0 1
  outer loop
    vertex 43.95840875058117 23.100743893982546 10
    vertex 43.79613378198795 19.25805437139626 10
    vertex 46.27739922923972 21.86741496978418 10
  endloop
endfacet
facet normal 0 0 1
  outer loop
    vertex 41.5248527253246 24.088985841741646 10
    vertex 39.242830169451324 21.142355051640127 10
    vertex 41.57240668095483 20.328094200741656 10
  endloop
endfacet
facet normal 0 0 1
  outer loop
    vertex 41.5248527253246 24.088985841741646 10
    vertex 41.57240668095483 20.328094200741656 10
    vertex 43.95840875058117 23.100743893982546 10
  endloop
endfacet
facet normal 0 0 1
  outer loop
    vertex 39.00254992757367 24.821656075769983 10
    vertex 36.836716227953445 21.69059145756758 10
    vertex 39.242830169451324 21.142355051640127 10
  endloop
endfacet
facet normal 0 0 1
  outer loop
    vertex 39.00254992757367 24.821656075769983 10
    vertex 39.242830169451324 21.142355051640127 10
    vertex 41.5248527253246 24.088985841741646 10
  endloop
endfacet
facet normal 0 0 1
  outer loop
    vertex 36.41826068890915 25.290981342824743 10
    vertex 34.384339871910534 21.965905214173397 10
    vertex 36.836716227953445 21.69059145756758 10
  endloop
endfacet
facet normal 0 0 1
  outer loop
    vertex 36.41826068890915 25.290981342824743 10
    vertex 36.836716227953445 21.69059145756758 10
    vertex 39.00254992757367 24.821656075769983 10
  endloop
endfacet
facet normal 0 0 1
  outer loop
    vertex 33.799402985074614 25.491982343918995 10
    vertex 31.91655821527148 21.96483217618544 10
    vertex 34.384339871910534 21.965905214173397 10
  endloop
endfacet
facet normal 0 0 1
  outer loop
    vertex 33.799402985074614 25.491982343918995 10
    vertex 34.384339871910534 21.965905214173397 10
    vertex 36.41826068890915 25.290981342824743 10
  endloop
endfacet
facet normal 0 0 1
  outer loop
    vertex 32.43555628181684 25.643925856169385 10
    vertex 31.91655821527148 21.96483217618544 10
    vertex 33.799402985074614 25.491982343918995 10
  endloop
endfacet
facet normal 0 0 1
  outer loop
    vertex 31.11774247112236 26.026720084502397 10
    vertex 29.46442220973554 21.687385845142888 10
    vertex 31.91655821527148 21.96483217618544 10
  endloop
endfacet
facet normal 0 0 1
  outer loop
    vertex 31.11774247112236 26.026720084502397 10
    vertex 31.91655821527148 21.96483217618544 10
    vertex 32.43555628181684 25.643925856169385 10
  endloop
endfacet
facet normal 0 0 1
  outer loop
    vertex 29.884737496709157 26.629101520118123 10
    vertex 27.058785945032668 21.13705719951264 10
    vertex 29.46442220973554 21.687385845142888 10
  endloop
endfacet
facet normal 0 0 0.9999999999999999
  outer loop
    vertex 29.884737496709157 26.629101520118123 10
    vertex 29.46442220973554 21.687385845142888 10
    vertex 31.11774247112236 26.026720084502397 10
  endloop
endfacet
facet normal 0 0 1
  outer loop
    vertex 15.877290997070025 14.322073295878 10
    vertex 16.118001574824632 14.321502581804822 10
    vertex 16.351874916191907 14.378468959214791 10
  endloop
endfacet
facet normal 0 0 1
  outer loop
    vertex 28.772821849116784 27.43334542189258 10
    vertex 27.058785945032668 21.13705719951264 10
    vertex 29.884737496709157 26.629101520118123 10
  endloop
endfacet
facet normal 0 0 1
  outer loop
    vertex 15.643690413068745 14.380148033172032 10
    vertex 15.877290997070025 14.322073295878 10
    vertex 16.351874916191907 14.378468959214791 10
  endloop
endfacet
facet normal 0 0 1
  outer loop
    vertex 15.250764054876578 14.652212812535558 10
    vertex 15.430735086357814 14.492361832603965 10
    vertex 15.643690413068745 14.380148033172032 10
  endloop
endfacet
facet normal 0 0 0.9999999999999999
  outer loop
    vertex 15.250764054876578 14.652212812535558 10
    vertex 16.351874916191907 14.378468959214791 10
    vertex 16.565359953552637 14.48967168751135 10
  endloop
endfacet
facet normal 0 0 1
  outer loop
    vertex 15.250764054876578 14.652212812535558 10
    vertex 16.565359953552637 14.48967168751135 10
    vertex 16.746086956521754 14.648667468446913 10
  endloop
endfacet
facet normal 0 0 1
  outer loop
    vertex 15.250764054876578 14.652212812535558 10
    vertex 15.643690413068745 14.380148033172032 10
    vertex 16.351874916191907 14.378468959214791 10
  endloop
endfacet
facet normal 0 0 1
  outer loop
    vertex 15.114205183566142 14.85043890220069 10
    vertex 15.250764054876578 14.652212812535558 10
    vertex 16.746086956521754 14.648667468446913 10
  endloop
endfacet
facet normal 0 0 1
  outer loop
    vertex 15.028970953978755 15.07555450375721 10
    vertex 15.114205183566142 14.85043890220069 10
    vertex 16.746086956521754 14.648667468446913 10
  endloop
endfacet
facet normal 0 0 1
  outer loop
    vertex 15 15.314515989739931 10
    vertex 18.48993376560739 16.394790534756275 10
    vertex 20.418367212187174 17.934625557856883 10
  endloop
endfacet
facet normal 0 0 1
  outer loop
    vertex 15 15.314515989739931 10
    vertex 16.746086956521754 14.648667468446913 10
    vertex 18.48993376560739 16.394790534756275 10
  endloop
endfacet
facet normal 0 0 1
  outer loop
    vertex 15 15.314515989739931 10
    vertex 15.028970953978755 15.07555450375721 10
    vertex 16.746086956521754 14.648667468446913 10
  endloop
endfacet
facet normal 0 0 1
  outer loop
    vertex 27.8147130323054 28.41578735709814 10
    vertex 24.729918426226725 20.320770769326845 10
    vertex 27.058785945032668 21.13705719951264 10
  endloop
endfacet
facet normal 0 0 0.9999999999999999
  outer loop
    vertex 27.8147130323054 28.41578735709814 10
    vertex 27.058785945032668 21.13705719951264 10
    vertex 28.772821849116784 27.43334542189258 10
  endloop
endfacet
facet normal 0 0 1
  outer loop
    vertex 27.03860286916747 29.547519514269695 10
    vertex 22.50712271286752 19.24879750803403 10
    vertex 24.729918426226725 20.320770769326845 10
  endloop
endfacet
facet normal 0 0 1
  outer loop
    vertex 27.03860286916747 29.547519514269695 10
    vertex 24.729918426226725 20.320770769326845 10
    vertex 27.8147130323054 28.41578735709814 10
  endloop
endfacet
facet normal 0 0 1
  outer loop
    vertex 26.467327972705938 30.795241299594863 10
    vertex 20.418367212187174 17.934625557856883 10
    vertex 22.50712271286752 19.24879750803403 10
  endloop
endfacet
facet normal 0 0 1
  outer loop
    vertex 26.467327972705938 30.795241299594863 10
    vertex 22.50712271286752 19.24879750803403 10
    vertex 27.03860286916747 29.547519514269695 10
  endloop
endfacet
facet normal 0 0 1
  outer loop
    vertex 26.117697791306384 32.12223918849924 10
    vertex 20.418367212187174 17.934625557856883 10
    vertex 26.467327972705938 30.795241299594863 10
  endloop
endfacet
facet normal 0 0 0.9999999999999999
  outer loop
    vertex 26.117697791306384 32.12223918849924 10
    vertex 15 15.314515989739931 10
    vertex 20.418367212187174 17.934625557856883 10
  endloop
endfacet
facet normal 0 0 1
  outer loop
    vertex 26 33.48946700083476 10
    vertex 15 15.314515989739931 10
    vertex 26.117697791306384 32.12223918849924 10
  endloop
endfacet
facet normal 0 0 1
  outer loop
    vertex 22.071872571159307 48.60744241769432 10
    vertex 26 33.48946700083476 10
    vertex 26 52 10
  endloop
endfacet
facet normal 0 0 0.9999999999999999
  outer loop
    vertex 21.692935968135423 48.27173388162332 10
    vertex 26 33.48946700083476 10
    vertex 22.071872571159307 48.60744241769432 10
  endloop
endfacet
facet normal 0 0 0.9999999999999999
  outer loop
    vertex 22.359457653871736 49.02408133870808 10
    vertex 22.071872571159307 48.60744241769432 10
    vertex 26 52 10
  endloop
endfacet
facet normal 0 0 1
  outer loop
    vertex 21.24467026278932 48.036465890360624 10
    vertex 26 33.48946700083476 10
    vertex 21.692935968135423 48.27173388162332 10
  endloop
endfacet
facet normal 0 0 1
  outer loop
    vertex 22.53897781659471 49.49743710499612 10
    vertex 22.359457653871736 49.02408133870808 10
    vertex 26 52 10
  endloop
endfacet
facet normal 0 0 1
  outer loop
    vertex 20.753127028536174 47.915311364394086 10
    vertex 26 33.48946700083476 10
    vertex 21.24467026278932 48.036465890360624 10
  endloop
endfacet
facet normal 0 0 0.9999999999999999
  outer loop
    vertex 22.6 50 10
    vertex 22.53897781659471 49.49743710499612 10
    vertex 26 52 10
  endloop
endfacet
facet normal 0 0 1
  outer loop
    vertex 20.246872971463816 47.915311364394086 10
    vertex 26 33.48946700083476 10
    vertex 20.753127028536174 47.915311364394086 10
  endloop
endfacet
facet normal 0 0 0.9999999999999999
  outer loop
    vertex 22.53897781659471 50.50256289500387 10
    vertex 22.6 50 10
    vertex 26 52 10
  endloop
endfacet
facet normal 0 0 0.9999999999999999
  outer loop
    vertex 19.755329737210673 48.03646589036063 10
    vertex 26 33.48946700083476 10
    vertex 20.246872971463816 47.915311364394086 10
  endloop
endfacet
facet normal 0 0 1
  outer loop
    vertex 22.35945765387174 50.975918661291914 10
    vertex 22.53897781659471 50.50256289500387 10
    vertex 26 52 10
  endloop
endfacet
facet normal 0 0 1
  outer loop
    vertex 19.30706403186457 48.27173388162333 10
    vertex 15 15.314515989739931 10
    vertex 26 33.48946700083476 10
  endloop
endfacet
facet normal 0 0 1
  outer loop
    vertex 19.30706403186457 48.27173388162333 10
    vertex 26 33.48946700083476 10
    vertex 19.755329737210673 48.03646589036063 10
  endloop
endfacet
facet normal 0 0 1
  outer loop
    vertex 22.07187257115931 51.39255758230567 10
    vertex 26 52 10
    vertex 25.878462024097665 53.38918542133545 10
  endloop
endfacet
facet normal 0 0 0.9999999999999999
  outer loop
    vertex 22.07187257115931 51.39255758230567 10
    vertex 22.35945765387174 50.975918661291914 10
    vertex 26 52 10
  endloop
endfacet
facet normal 0 0 1
  outer loop
    vertex 18.928127428840686 48.60744241769433 10
    vertex 15 15.314515989739931 10
    vertex 19.30706403186457 48.27173388162333 10
  endloop
endfacet
facet normal 0 0 1
  outer loop
    vertex 21.692935968135426 51.72826611837668 10
    vertex 22.07187257115931 51.39255758230567 10
    vertex 25.878462024097665 53.38918542133545 10
  endloop
endfacet
facet normal 0 0 1
  outer loop
    vertex 21.692935968135426 51.72826611837668 10
    vertex 25.878462024097665 53.38918542133545 10
    vertex 25.517540966287264 54.736161146605355 10
  endloop
endfacet
facet normal 0 0 1
  outer loop
    vertex 18.640542346128257 49.024081338708086 10
    vertex 15 15.314515989739931 10
    vertex 18.928127428840686 48.60744241769433 10
  endloop
endfacet
facet normal 0 0 1
  outer loop
    vertex 18.46102218340529 49.49743710499613 10
    vertex 15 15.314515989739931 10
    vertex 18.640542346128257 49.024081338708086 10
  endloop
endfacet
facet normal 0 0 1
  outer loop
    vertex 24.928203230275507 56 10
    vertex 21.692935968135426 51.72826611837668 10
    vertex 25.517540966287264 54.736161146605355 10
  endloop
endfacet
facet normal 0 0 1
  outer loop
    vertex 24.928203230275507 56 10
    vertex 21.244670262789324 51.96353410963937 10
    vertex 21.692935968135426 51.72826611837668 10
  endloop
endfacet
facet normal 0 0 1
  outer loop
    vertex 24.128355544951823 57.14230087749232 10
    vertex 21.244670262789324 51.96353410963937 10
    vertex 24.928203230275507 56 10
  endloop
endfacet
facet normal 0 0 1
  outer loop
    vertex 24.128355544951823 57.14230087749232 10
    vertex 20.753127028536177 52.084688635605914 10
    vertex 21.244670262789324 51.96353410963937 10
  endloop
endfacet
facet normal 0 0 1
  outer loop
    vertex 23.142300877492318 58.12835554495182 10
    vertex 20.753127028536177 52.084688635605914 10
    vertex 24.128355544951823 57.14230087749232 10
  endloop
endfacet
facet normal 0 0 1
  outer loop
    vertex 22.000000000000004 58.92820323027551 10
    vertex 20.753127028536177 52.084688635605914 10
    vertex 23.142300877492318 58.12835554495182 10
  endloop
endfacet
facet normal 0 0 1
  outer loop
    vertex 22.000000000000004 58.92820323027551 10
    vertex 20.246872971463823 52.084688635605914 10
    vertex 20.753127028536177 52.084688635605914 10
  endloop
endfacet
facet normal 0 0 1
  outer loop
    vertex 20.736161146605355 59.517540966287264 10
    vertex 20.246872971463823 52.084688635605914 10
    vertex 22.000000000000004 58.92820323027551 10
  endloop
endfacet
facet normal 0 0 1
  outer loop
    vertex 20.736161146605355 59.517540966287264 10
    vertex 19.755329737210676 51.96353410963937 10
    vertex 20.246872971463823 52.084688635605914 10
  endloop
endfacet
facet normal 0 0 1
  outer loop
    vertex 19.389185421335448 59.878462024097665 10
    vertex 19.755329737210676 51.96353410963937 10
    vertex 20.736161146605355 59.517540966287264 10
  endloop
endfacet
facet normal 0 0 1
  outer loop
    vertex 18 60 10
    vertex 19.755329737210676 51.96353410963937 10
    vertex 19.389185421335448 59.878462024097665 10
  endloop
endfacet
facet normal 0 0 1
  outer loop
    vertex 18 60 10
    vertex 19.307064031864574 51.72826611837668 10
    vertex 19.755329737210676 51.96353410963937 10
  endloop
endfacet
facet normal 0 0 1
  outer loop
    vertex 15 60 10
    vertex 15 15.314515989739931 10
    vertex 18.46102218340529 49.49743710499613 10
  endloop
endfacet
facet normal 0 0 1
  outer loop
    vertex 15 60 10
    vertex 19.307064031864574 51.72826611837668 10
    vertex 18 60 10
  endloop
endfacet
facet normal 0 0 1
  outer loop
    vertex 15 60 10
    vertex 18.92812742884069 51.39255758230567 10
    vertex 19.307064031864574 51.72826611837668 10
  endloop
endfacet
facet normal 0 0 1
  outer loop
    vertex 15 60 10
    vertex 18.64054234612826 50.975918661291914 10
    vertex 18.92812742884069 51.39255758230567 10
  endloop
endfacet
facet normal 0 0 1
  outer loop
    vertex 15 60 10
    vertex 18.46102218340529 50.50256289500388 10
    vertex 18.64054234612826 50.975918661291914 10
  endloop
endfacet
facet normal 0 0 1
  outer loop
    vertex 15 60 10
    vertex 18.4 50 10
    vertex 18.46102218340529 50.50256289500388 10
  endloop
endfacet
facet normal 0 0 1
  outer loop
    vertex 15 60 10
    vertex 18.46102218340529 49.49743710499613 10
    vertex 18.4 50 10
  endloop
endfacet
facet normal 1 0 0
  outer loop
    vertex 26 33.48946700083476 10
    vertex 26 52 0
    vertex 26 52 10
  endloop
endfacet
facet normal 1 0 0
  outer loop
    vertex 26 33.48946700083476 0
    vertex 26 52 0
    vertex 26 33.48946700083476 10
  endloop
endfacet
facet normal 0.9963151549802658 0.08576777924517406 0
  outer loop
    vertex 26.117697791306384 32.12223918849924 10
    vertex 26.117697791306384 32.12223918849924 0
    vertex 26 33.48946700083476 0
  endloop
endfacet
facet normal 0.9963151549802658 0.08576777924517406 0
  outer loop
    vertex 26.117697791306384 32.12223918849924 10
    vertex 26 33.48946700083476 0
    vertex 26 33.48946700083476 10
  endloop
endfacet
facet normal 0.9669991316837019 0.25477966818992154 0
  outer loop
    vertex 26.467327972705938 30.795241299594863 10
    vertex 26.467327972705938 30.795241299594863 0
    vertex 26.117697791306384 32.12223918849924 0
  endloop
endfacet
facet normal 0.9669991316837019 0.25477966818992154 0
  outer loop
    vertex 26.467327972705938 30.795241299594863 10
    vertex 26.117697791306384 32.12223918849924 0
    vertex 26.117697791306384 32.12223918849924 10
  endloop
endfacet
facet normal 0.9092296928885463 0.4162948060807388 0
  outer loop
    vertex 27.03860286916747 29.547519514269695 10
    vertex 27.03860286916747 29.547519514269695 0
    vertex 26.467327972705938 30.795241299594863 0
  endloop
endfacet
facet normal 0.9092296928885463 0.4162948060807388 0
  outer loop
    vertex 27.03860286916747 29.547519514269695 10
    vertex 26.467327972705938 30.795241299594863 0
    vertex 26.467327972705938 30.795241299594863 10
  endloop
endfacet
facet normal 0.8247066724326008 0.565560699169547 0
  outer loop
    vertex 27.8147130323054 28.41578735709814 10
    vertex 27.8147130323054 28.41578735709814 0
    vertex 27.03860286916747 29.547519514269695 0
  endloop
endfacet
facet normal 0.7159171135214145 0.6981852809728706 0
  outer loop
    vertex 27.8147130323054 28.41578735709814 10
    vertex 28.772821849116784 27.43334542189258 0
    vertex 27.8147130323054 28.41578735709814 0
  endloop
endfacet
facet normal 0.8247066724326008 0.565560699169547 0
  outer loop
    vertex 27.8147130323054 28.41578735709814 10
    vertex 27.03860286916747 29.547519514269695 0
    vertex 27.03860286916747 29.547519514269695 10
  endloop
endfacet
facet normal 0.5860620888552526 0.8102661464029076 0
  outer loop
    vertex 28.772821849116784 27.43334542189258 10
    vertex 29.884737496709157 26.629101520118123 0
    vertex 28.772821849116784 27.43334542189258 0
  endloop
endfacet
facet normal 0.7159171135214145 0.6981852809728706 0
  outer loop
    vertex 28.772821849116784 27.43334542189258 10
    vertex 28.772821849116784 27.43334542189258 0
    vertex 27.8147130323054 28.41578735709814 10
  endloop
endfacet
facet normal 0.5860620888552526 0.8102661464029076 0
  outer loop
    vertex 29.884737496709157 26.629101520118123 10
    vertex 29.884737496709157 26.629101520118123 0
    vertex 28.772821849116784 27.43334542189258 10
  endloop
endfacet
facet normal 0.4389625108324214 0.8985053778824565 0
  outer loop
    vertex 31.11774247112236 26.026720084502397 10
    vertex 31.11774247112236 26.026720084502397 0
    vertex 29.884737496709157 26.629101520118123 0
  endloop
endfacet
facet normal 0.4389625108324214 0.8985053778824565 0
  outer loop
    vertex 31.11774247112236 26.026720084502397 10
    vertex 29.884737496709157 26.629101520118123 0
    vertex 29.884737496709157 26.629101520118123 10
  endloop
endfacet
facet normal 0.2789467033117698 0.9603065847485872 0
  outer loop
    vertex 32.43555628181684 25.643925856169385 10
    vertex 32.43555628181684 25.643925856169385 0
    vertex 31.11774247112236 26.026720084502397 0
  endloop
endfacet
facet normal 0.2789467033117698 0.9603065847485872 0
  outer loop
    vertex 32.43555628181684 25.643925856169385 10
    vertex 31.11774247112236 26.026720084502397 0
    vertex 31.11774247112236 26.026720084502397 10
  endloop
endfacet
facet normal 0.11072304307312271 0.9938513006142455 0
  outer loop
    vertex 33.799402985074614 25.491982343918995 10
    vertex 33.799402985074614 25.491982343918995 0
    vertex 32.43555628181684 25.643925856169385 0
  endloop
endfacet
facet normal 0.11072304307312271 0.9938513006142455 0
  outer loop
    vertex 33.799402985074614 25.491982343918995 10
    vertex 32.43555628181684 25.643925856169385 0
    vertex 32.43555628181684 25.643925856169385 10
  endloop
endfacet
facet normal 0.9961946980917458 0.08715574274765747 0
  outer loop
    vertex 25.878462024097665 53.38918542133545 10
    vertex 26 52 0
    vertex 25.878462024097665 53.38918542133545 0
  endloop
endfacet
facet normal 0.9961946980917458 0.08715574274765747 0
  outer loop
    vertex 25.878462024097665 53.38918542133545 10
    vertex 26 52 10
    vertex 26 52 0
  endloop
endfacet
facet normal 0.9659258262890675 0.2588190451025233 0
  outer loop
    vertex 25.517540966287264 54.736161146605355 10
    vertex 25.878462024097665 53.38918542133545 0
    vertex 25.517540966287264 54.736161146605355 0
  endloop
endfacet
facet normal 0.9659258262890675 0.2588190451025233 0
  outer loop
    vertex 25.517540966287264 54.736161146605355 10
    vertex 25.878462024097665 53.38918542133545 10
    vertex 25.878462024097665 53.38918542133545 0
  endloop
endfacet
facet normal 0.9063077870366497 0.42261826174070016 0
  outer loop
    vertex 24.928203230275507 56 10
    vertex 25.517540966287264 54.736161146605355 0
    vertex 24.928203230275507 56 0
  endloop
endfacet
facet normal 0.9063077870366497 0.42261826174070016 0
  outer loop
    vertex 24.928203230275507 56 10
    vertex 25.517540966287264 54.736161146605355 10
    vertex 25.517540966287264 54.736161146605355 0
  endloop
endfacet
facet normal 0.8191520442889929 0.5735764363510446 0
  outer loop
    vertex 24.128355544951823 57.14230087749232 10
    vertex 24.928203230275507 56 0
    vertex 24.128355544951823 57.14230087749232 0
  endloop
endfacet
facet normal 0.7071067811865476 0.7071067811865476 0
  outer loop
    vertex 24.128355544951823 57.14230087749232 10
    vertex 24.128355544951823 57.14230087749232 0
    vertex 23.142300877492318 58.12835554495182 0
  endloop
endfacet
facet normal 0.8191520442889929 0.5735764363510446 0
  outer loop
    vertex 24.128355544951823 57.14230087749232 10
    vertex 24.928203230275507 56 10
    vertex 24.928203230275507 56 0
  endloop
endfacet
facet normal 0.7071067811865476 0.7071067811865476 0
  outer loop
    vertex 23.142300877492318 58.12835554495182 10
    vertex 24.128355544951823 57.14230087749232 10
    vertex 23.142300877492318 58.12835554495182 0
  endloop
endfacet
facet normal 0.5735764363510457 0.8191520442889919 0
  outer loop
    vertex 22.000000000000004 58.92820323027551 10
    vertex 23.142300877492318 58.12835554495182 0
    vertex 22.000000000000004 58.92820323027551 0
  endloop
endfacet
facet normal 0.5735764363510457 0.8191520442889919 0
  outer loop
    vertex 22.000000000000004 58.92820323027551 10
    vertex 23.142300877492318 58.12835554495182 10
    vertex 23.142300877492318 58.12835554495182 0
  endloop
endfacet
facet normal 0.42261826174069916 0.9063077870366502 0
  outer loop
    vertex 20.736161146605355 59.517540966287264 10
    vertex 22.000000000000004 58.92820323027551 0
    vertex 20.736161146605355 59.517540966287264 0
  endloop
endfacet
facet normal 0.42261826174069916 0.9063077870366502 0
  outer loop
    vertex 20.736161146605355 59.517540966287264 10
    vertex 22.000000000000004 58.92820323027551 10
    vertex 22.000000000000004 58.92820323027551 0
  endloop
endfacet
facet normal 0.2588190451025233 0.9659258262890675 0
  outer loop
    vertex 19.389185421335448 59.878462024097665 10
    vertex 20.736161146605355 59.517540966287264 0
    vertex 19.389185421335448 59.878462024097665 0
  endloop
endfacet
facet normal 0.2588190451025233 0.9659258262890675 0
  outer loop
    vertex 19.389185421335448 59.878462024097665 10
    vertex 20.736161146605355 59.517540966287264 10
    vertex 20.736161146605355 59.517540966287264 0
  endloop
endfacet
facet normal 0.08715574274765747 0.9961946980917458 0
  outer loop
    vertex 18 60 10
    vertex 19.389185421335448 59.878462024097665 0
    vertex 18 60 0
  endloop
endfacet
facet normal 0.08715574274765747 0.9961946980917458 0
  outer loop
    vertex 18 60 10
    vertex 19.389185421335448 59.878462024097665 10
    vertex 19.389185421335448 59.878462024097665 0
  endloop
endfacet
facet normal 0.07652633342196526 -0.9970675605459193 0
  outer loop
    vertex 36.41826068890896 -25.290981342824768 0
    vertex 33.79940298507463 -25.491982343918995 10
    vertex 33.79940298507463 -25.491982343918995 0
  endloop
endfacet
facet normal 0.07652633342196526 -0.9970675605459193 0
  outer loop
    vertex 36.41826068890896 -25.290981342824768 0
    vertex 36.41826068890896 -25.290981342824768 10
    vertex 33.79940298507463 -25.491982343918995 10
  endloop
endfacet
facet normal 0.17868439298542257 -0.9839064425561157 0
  outer loop
    vertex 39.00254992757348 -24.821656075770026 0
    vertex 39.00254992757348 -24.821656075770026 10
    vertex 36.41826068890896 -25.290981342824768 10
  endloop
endfacet
facet normal 0.17868439298542257 -0.9839064425561157 0
  outer loop
    vertex 39.00254992757348 -24.821656075770026 0
    vertex 36.41826068890896 -25.290981342824768 10
    vertex 36.41826068890896 -25.290981342824768 0
  endloop
endfacet
facet normal 0.2789467033117711 -0.9603065847485867 0
  outer loop
    vertex 41.524852725324415 -24.08898584174171 0
    vertex 41.524852725324415 -24.08898584174171 10
    vertex 39.00254992757348 -24.821656075770026 10
  endloop
endfacet
facet normal 0.2789467033117711 -0.9603065847485867 0
  outer loop
    vertex 41.524852725324415 -24.08898584174171 0
    vertex 39.00254992757348 -24.821656075770026 10
    vertex 39.00254992757348 -24.821656075770026 0
  endloop
endfacet
facet normal 0.37624953300770464 -0.9265183694409326 0
  outer loop
    vertex 43.958408750581 -23.100743893982628 0
    vertex 43.958408750581 -23.100743893982628 10
    vertex 41.524852725324415 -24.08898584174171 10
  endloop
endfacet
facet normal 0.46956054924279467 -0.8829002721682698 0
  outer loop
    vertex 43.958408750581 -23.100743893982628 0
    vertex 46.277399229239556 -21.867414969784278 10
    vertex 43.958408750581 -23.100743893982628 10
  endloop
endfacet
facet normal 0.37624953300770464 -0.9265183694409326 0
  outer loop
    vertex 43.958408750581 -23.100743893982628 0
    vertex 41.524852725324415 -24.08898584174171 10
    vertex 41.524852725324415 -24.08898584174171 0
  endloop
endfacet
facet normal 0.46956054924279467 -0.8829002721682698 0
  outer loop
    vertex 46.277399229239556 -21.867414969784278 0
    vertex 46.277399229239556 -21.867414969784278 10
    vertex 43.958408750581 -23.100743893982628 0
  endloop
endfacet
facet normal 0.5578897702682925 -0.8299150584427251 0
  outer loop
    vertex 48.45722086854837 -20.402084052832645 0
    vertex 48.45722086854837 -20.402084052832645 10
    vertex 46.277399229239556 -21.867414969784278 10
  endloop
endfacet
facet normal 0.5578897702682925 -0.8299150584427251 0
  outer loop
    vertex 48.45722086854837 -20.402084052832645 0
    vertex 46.277399229239556 -21.867414969784278 10
    vertex 46.277399229239556 -21.867414969784278 0
  endloop
endfacet
facet normal 0.6403000686128147 -0.7681248740500628 0
  outer loop
    vertex 50.47474688535246 -18.72029754828104 0
    vertex 50.47474688535246 -18.72029754828104 10
    vertex 48.45722086854837 -20.402084052832645 10
  endloop
endfacet
facet normal 0.6403000686128147 -0.7681248740500628 0
  outer loop
    vertex 50.47474688535246 -18.72029754828104 0
    vertex 48.45722086854837 -20.402084052832645 10
    vertex 48.45722086854837 -20.402084052832645 0
  endloop
endfacet
facet normal 0.7159171135214142 -0.698185280972871 0
  outer loop
    vertex 52.30857236933312 -16.839898343410866 0
    vertex 52.30857236933312 -16.839898343410866 10
    vertex 50.47474688535246 -18.72029754828104 10
  endloop
endfacet
facet normal 0.7159171135214142 -0.698185280972871 0
  outer loop
    vertex 52.30857236933312 -16.839898343410866 0
    vertex 50.47474688535246 -18.72029754828104 10
    vertex 50.47474688535246 -18.72029754828104 0
  endloop
endfacet
facet normal 0.7839386471538694 -0.6208383022160932 0
  outer loop
    vertex 53.939241378064914 -14.78083650380163 0
    vertex 52.30857236933312 -16.839898343410866 10
    vertex 52.30857236933312 -16.839898343410866 0
  endloop
endfacet
facet normal 0.7839386471538694 -0.6208383022160932 0
  outer loop
    vertex 53.939241378064914 -14.78083650380163 0
    vertex 53.939241378064914 -14.78083650380163 10
    vertex 52.30857236933312 -16.839898343410866 10
  endloop
endfacet
facet normal 0.843642996126531 -0.5369045493257159 0
  outer loop
    vertex 55.34945335452866 -12.564957613426188 0
    vertex 53.939241378064914 -14.78083650380163 10
    vertex 53.939241378064914 -14.78083650380163 0
  endloop
endfacet
facet normal 0.843642996126531 -0.5369045493257159 0
  outer loop
    vertex 55.34945335452866 -12.564957613426188 0
    vertex 55.34945335452866 -12.564957613426188 10
    vertex 53.939241378064914 -14.78083650380163 10
  endloop
endfacet
facet normal 0.8943967280946634 -0.44727451612355557 0
  outer loop
    vertex 55.34945335452866 -12.564957613426188 0
    vertex 56.524246677097096 -10.215771004273588 10
    vertex 55.34945335452866 -12.564957613426188 10
  endloop
endfacet
facet normal 0.8943967280946634 -0.44727451612355557 0
  outer loop
    vertex 56.524246677097096 -10.215771004273588 0
    vertex 56.524246677097096 -10.215771004273588 10
    vertex 55.34945335452866 -12.564957613426188 0
  endloop
endfacet
facet normal 0.9356613721428579 -0.3528991310271879 0
  outer loop
    vertex 57.45115739462257 -7.758200334463724 0
    vertex 56.524246677097096 -10.215771004273588 10
    vertex 56.524246677097096 -10.215771004273588 0
  endloop
endfacet
facet normal 0.9356613721428579 -0.3528991310271879 0
  outer loop
    vertex 57.45115739462257 -7.758200334463724 0
    vertex 57.45115739462257 -7.758200334463724 10
    vertex 56.524246677097096 -10.215771004273588 10
  endloop
endfacet
facet normal 0.9669991316837007 -0.25477966818992615 0
  outer loop
    vertex 58.12035146252928 -5.218319161091283 0
    vertex 57.45115739462257 -7.758200334463724 10
    vertex 57.45115739462257 -7.758200334463724 0
  endloop
endfacet
facet normal 0.9669991316837007 -0.25477966818992615 0
  outer loop
    vertex 58.12035146252928 -5.218319161091283 0
    vertex 58.12035146252928 -5.218319161091283 10
    vertex 57.45115739462257 -7.758200334463724 10
  endloop
endfacet
facet normal 0.9880775292537164 -0.15395712449857965 0
  outer loop
    vertex 58.12035146252928 -5.218319161091283 0
    vertex 58.52472907695345 -2.6230743132347456 10
    vertex 58.12035146252928 -5.218319161091283 10
  endloop
endfacet
facet normal 0.9880775292537164 -0.15395712449857965 0
  outer loop
    vertex 58.52472907695345 -2.6230743132347456 0
    vertex 58.52472907695345 -2.6230743132347456 10
    vertex 58.12035146252928 -5.218319161091283 0
  endloop
endfacet
facet normal 0.9986729339277555 -0.05150117513347282 0
  outer loop
    vertex 58.66 -9.683989748506427e-14 0
    vertex 58.52472907695345 -2.6230743132347456 10
    vertex 58.52472907695345 -2.6230743132347456 0
  endloop
endfacet
facet normal 0.9986729339277555 -0.05150117513347282 0
  outer loop
    vertex 58.66 -9.683989748506427e-14 0
    vertex 58.66 -9.683989748506427e-14 10
    vertex 58.52472907695345 -2.6230743132347456 10
  endloop
endfacet
facet normal 0.998672933927756 0.051501175133464715 0
  outer loop
    vertex 58.52472907695347 2.623074313234553 0
    vertex 58.66 -9.683989748506427e-14 10
    vertex 58.66 -9.683989748506427e-14 0
  endloop
endfacet
facet normal 0.998672933927756 0.051501175133464715 0
  outer loop
    vertex 58.52472907695347 2.623074313234553 0
    vertex 58.52472907695347 2.623074313234553 10
    vertex 58.66 -9.683989748506427e-14 10
  endloop
endfacet
facet normal 0.9880775292537173 0.15395712449857415 0
  outer loop
    vertex 58.120351462529314 5.2183191610910935 0
    vertex 58.52472907695347 2.623074313234553 10
    vertex 58.52472907695347 2.623074313234553 0
  endloop
endfacet
facet normal 0.9880775292537173 0.15395712449857415 0
  outer loop
    vertex 58.120351462529314 5.2183191610910935 0
    vertex 58.120351462529314 5.2183191610910935 10
    vertex 58.52472907695347 2.623074313234553 10
  endloop
endfacet
facet normal 0.9669991316837028 0.2547796681899182 0
  outer loop
    vertex 57.451157394622626 7.758200334463538 0
    vertex 58.120351462529314 5.2183191610910935 10
    vertex 58.120351462529314 5.2183191610910935 0
  endloop
endfacet
facet normal 0.9669991316837028 0.2547796681899182 0
  outer loop
    vertex 57.451157394622626 7.758200334463538 0
    vertex 57.451157394622626 7.758200334463538 10
    vertex 58.120351462529314 5.2183191610910935 10
  endloop
endfacet
facet normal 0.9356613721428619 0.35289913102717746 0
  outer loop
    vertex 56.52424667709718 10.21577100427341 0
    vertex 57.451157394622626 7.758200334463538 10
    vertex 57.451157394622626 7.758200334463538 0
  endloop
endfacet
facet normal 0.9356613721428619 0.35289913102717746 0
  outer loop
    vertex 56.52424667709718 10.21577100427341 0
    vertex 56.52424667709718 10.21577100427341 10
    vertex 57.451157394622626 7.758200334463538 10
  endloop
endfacet
facet normal 0.8943967280946652 0.44727451612355207 0
  outer loop
    vertex 55.349453354528755 12.564957613426019 0
    vertex 56.52424667709718 10.21577100427341 10
    vertex 56.52424667709718 10.21577100427341 0
  endloop
endfacet
facet normal 0.8943967280946652 0.44727451612355207 0
  outer loop
    vertex 55.349453354528755 12.564957613426019 0
    vertex 55.349453354528755 12.564957613426019 10
    vertex 56.52424667709718 10.21577100427341 10
  endloop
endfacet
facet normal 0.8436429961265346 0.5369045493257102 0
  outer loop
    vertex 53.93924137806502 14.780836503801472 0
    vertex 55.349453354528755 12.564957613426019 10
    vertex 55.349453354528755 12.564957613426019 0
  endloop
endfacet
facet normal 0.8436429961265346 0.5369045493257102 0
  outer loop
    vertex 53.93924137806502 14.780836503801472 0
    vertex 53.93924137806502 14.780836503801472 10
    vertex 55.349453354528755 12.564957613426019 10
  endloop
endfacet
facet normal 0.7839386471538752 0.6208383022160858 0
  outer loop
    vertex 52.30857236933325 16.83989834341072 0
    vertex 53.93924137806502 14.780836503801472 10
    vertex 53.93924137806502 14.780836503801472 0
  endloop
endfacet
facet normal 0.7839386471538752 0.6208383022160858 0
  outer loop
    vertex 52.30857236933325 16.83989834341072 0
    vertex 52.30857236933325 16.83989834341072 10
    vertex 53.93924137806502 14.780836503801472 10
  endloop
endfacet
facet normal 0.71591711352142 0.6981852809728648 0
  outer loop
    vertex 50.4747468853526 18.72029754828091 0
    vertex 50.4747468853526 18.72029754828091 10
    vertex 52.30857236933325 16.83989834341072 10
  endloop
endfacet
facet normal 0.71591711352142 0.6981852809728648 0
  outer loop
    vertex 50.4747468853526 18.72029754828091 0
    vertex 52.30857236933325 16.83989834341072 10
    vertex 52.30857236933325 16.83989834341072 0
  endloop
endfacet
facet normal 0.6403000686128197 0.7681248740500586 0
  outer loop
    vertex 48.457220868548525 20.402084052832528 0
    vertex 48.457220868548525 20.402084052832528 10
    vertex 50.4747468853526 18.72029754828091 10
  endloop
endfacet
facet normal 0.6403000686128197 0.7681248740500586 0
  outer loop
    vertex 48.457220868548525 20.402084052832528 0
    vertex 50.4747468853526 18.72029754828091 10
    vertex 50.4747468853526 18.72029754828091 0
  endloop
endfacet
facet normal 0.5578897702682984 0.8299150584427212 0
  outer loop
    vertex 46.27739922923972 21.86741496978418 0
    vertex 46.27739922923972 21.86741496978418 10
    vertex 48.457220868548525 20.402084052832528 10
  endloop
endfacet
facet normal 0.5578897702682984 0.8299150584427212 0
  outer loop
    vertex 46.27739922923972 21.86741496978418 0
    vertex 48.457220868548525 20.402084052832528 10
    vertex 48.457220868548525 20.402084052832528 0
  endloop
endfacet
facet normal 0.469560549242801 0.8829002721682664 0
  outer loop
    vertex 43.95840875058117 23.100743893982546 0
    vertex 43.95840875058117 23.100743893982546 10
    vertex 46.27739922923972 21.86741496978418 10
  endloop
endfacet
facet normal 0.3762495330077123 0.9265183694409294 0
  outer loop
    vertex 43.95840875058117 23.100743893982546 0
    vertex 41.5248527253246 24.088985841741646 10
    vertex 43.95840875058117 23.100743893982546 10
  endloop
endfacet
facet normal 0.469560549242801 0.8829002721682664 0
  outer loop
    vertex 43.95840875058117 23.100743893982546 0
    vertex 46.27739922923972 21.86741496978418 10
    vertex 46.27739922923972 21.86741496978418 0
  endloop
endfacet
facet normal 0.3762495330077123 0.9265183694409294 0
  outer loop
    vertex 41.5248527253246 24.088985841741646 0
    vertex 41.5248527253246 24.088985841741646 10
    vertex 43.95840875058117 23.100743893982546 0
  endloop
endfacet
facet normal 0.2789467033117786 0.9603065847485845 0
  outer loop
    vertex 39.00254992757367 24.821656075769983 0
    vertex 39.00254992757367 24.821656075769983 10
    vertex 41.5248527253246 24.088985841741646 10
  endloop
endfacet
facet normal 0.2789467033117786 0.9603065847485845 0
  outer loop
    vertex 39.00254992757367 24.821656075769983 0
    vertex 41.5248527253246 24.088985841741646 10
    vertex 41.5248527253246 24.088985841741646 0
  endloop
endfacet
facet normal 0.17868439298542962 0.9839064425561144 0
  outer loop
    vertex 36.41826068890915 25.290981342824743 0
    vertex 36.41826068890915 25.290981342824743 10
    vertex 39.00254992757367 24.821656075769983 10
  endloop
endfacet
facet normal 0.17868439298542962 0.9839064425561144 0
  outer loop
    vertex 36.41826068890915 25.290981342824743 0
    vertex 39.00254992757367 24.821656075769983 10
    vertex 39.00254992757367 24.821656075769983 0
  endloop
endfacet
facet normal 0.07652633342196868 0.9970675605459189 0
  outer loop
    vertex 33.799402985074614 25.491982343918995 0
    vertex 33.799402985074614 25.491982343918995 10
    vertex 36.41826068890915 25.290981342824743 10
  endloop
endfacet
facet normal 0.07652633342196868 0.9970675605459189 0
  outer loop
    vertex 33.799402985074614 25.491982343918995 0
    vertex 36.41826068890915 25.290981342824743 10
    vertex 36.41826068890915 25.290981342824743 0
  endloop
endfacet
facet normal 0 1 0
  outer loop
    vertex 15 60 5
    vertex 5.5 60 0
    vertex 5.5 60 5
  endloop
endfacet
facet normal 0 1 0
  outer loop
    vertex 15 60 5
    vertex 15 60 10
    vertex 18 60 10
  endloop
endfacet
facet normal 0 1 0
  outer loop
    vertex 18 60 0
    vertex 15 60 5
    vertex 18 60 10
  endloop
endfacet
facet normal 0 1 0
  outer loop
    vertex 18 60 0
    vertex 5.5 60 0
    vertex 15 60 5
  endloop
endfacet
facet normal 0.11072304307312299 -0.9938513006142454 0
  outer loop
    vertex 32.43555628181682 -25.64392585616939 10
    vertex 32.43555628181682 -25.64392585616939 0
    vertex 33.79940298507463 -25.491982343918995 0
  endloop
endfacet
facet normal 0.11072304307312299 -0.9938513006142454 0
  outer loop
    vertex 32.43555628181682 -25.64392585616939 10
    vertex 33.79940298507463 -25.491982343918995 0
    vertex 33.79940298507463 -25.491982343918995 10
  endloop
endfacet
facet normal 0.2789467033117712 -0.9603065847485868 0
  outer loop
    vertex 31.11774247112235 -26.0267200845024 10
    vertex 31.11774247112235 -26.0267200845024 0
    vertex 32.43555628181682 -25.64392585616939 0
  endloop
endfacet
facet normal 0.2789467033117712 -0.9603065847485868 0
  outer loop
    vertex 31.11774247112235 -26.0267200845024 10
    vertex 32.43555628181682 -25.64392585616939 0
    vertex 32.43555628181682 -25.64392585616939 10
  endloop
endfacet
facet normal 0.4389625108324214 -0.8985053778824565 0
  outer loop
    vertex 29.88473749670915 -26.629101520118127 10
    vertex 29.88473749670915 -26.629101520118127 0
    vertex 31.11774247112235 -26.0267200845024 0
  endloop
endfacet
facet normal 0.4389625108324214 -0.8985053778824565 0
  outer loop
    vertex 29.88473749670915 -26.629101520118127 10
    vertex 31.11774247112235 -26.0267200845024 0
    vertex 31.11774247112235 -26.0267200845024 10
  endloop
endfacet
facet normal 0.5860620888552526 -0.8102661464029076 0
  outer loop
    vertex 28.772821849116777 -27.433345421892582 10
    vertex 28.772821849116777 -27.433345421892582 0
    vertex 29.88473749670915 -26.629101520118127 0
  endloop
endfacet
facet normal 0.5860620888552526 -0.8102661464029076 0
  outer loop
    vertex 28.772821849116777 -27.433345421892582 10
    vertex 29.88473749670915 -26.629101520118127 0
    vertex 29.88473749670915 -26.629101520118127 10
  endloop
endfacet
facet normal 0.7159171135214158 -0.6981852809728692 0
  outer loop
    vertex 27.814713032305395 -28.415787357098143 10
    vertex 27.814713032305395 -28.415787357098143 0
    vertex 28.772821849116777 -27.433345421892582 0
  endloop
endfacet
facet normal 0.7159171135214158 -0.6981852809728692 0
  outer loop
    vertex 27.814713032305395 -28.415787357098143 10
    vertex 28.772821849116777 -27.433345421892582 0
    vertex 28.772821849116777 -27.433345421892582 10
  endloop
endfacet
facet normal 0.8247066724326021 -0.5655606991695452 0
  outer loop
    vertex 27.03860286916747 -29.5475195142697 10
    vertex 27.03860286916747 -29.5475195142697 0
    vertex 27.814713032305395 -28.415787357098143 0
  endloop
endfacet
facet normal 0.8247066724326021 -0.5655606991695452 0
  outer loop
    vertex 27.03860286916747 -29.5475195142697 10
    vertex 27.814713032305395 -28.415787357098143 0
    vertex 27.814713032305395 -28.415787357098143 10
  endloop
endfacet
facet normal 0.9092296928885467 -0.4162948060807379 0
  outer loop
    vertex 26.467327972705938 -30.79524129959487 10
    vertex 26.467327972705938 -30.79524129959487 0
    vertex 27.03860286916747 -29.5475195142697 0
  endloop
endfacet
facet normal 0.9669991316837019 -0.25477966818992154 0
  outer loop
    vertex 26.467327972705938 -30.79524129959487 10
    vertex 26.117697791306384 -32.12223918849925 0
    vertex 26.467327972705938 -30.79524129959487 0
  endloop
endfacet
facet normal 0.9092296928885467 -0.4162948060807379 0
  outer loop
    vertex 26.467327972705938 -30.79524129959487 10
    vertex 27.03860286916747 -29.5475195142697 0
    vertex 27.03860286916747 -29.5475195142697 10
  endloop
endfacet
facet normal 0.9669991316837019 -0.25477966818992154 0
  outer loop
    vertex 26.117697791306384 -32.12223918849925 10
    vertex 26.117697791306384 -32.12223918849925 0
    vertex 26.467327972705938 -30.79524129959487 10
  endloop
endfacet
facet normal 0.9963151549802658 -0.08576777924517451 0
  outer loop
    vertex 26 -33.48946700083476 10
    vertex 26 -33.48946700083476 0
    vertex 26.117697791306384 -32.12223918849925 0
  endloop
endfacet
facet normal 0.9963151549802658 -0.08576777924517451 0
  outer loop
    vertex 26 -33.48946700083476 10
    vertex 26.117697791306384 -32.12223918849925 0
    vertex 26.117697791306384 -32.12223918849925 10
  endloop
endfacet
facet normal -1 0 0
  outer loop
    vertex 15 15.314515989739931 5
    vertex 15 60 10
    vertex 15 60 5
  endloop
endfacet
facet normal -1 0 0
  outer loop
    vertex 15 15.314515989739931 10
    vertex 15 60 10
    vertex 15 15.314515989739931 5
  endloop
endfacet
facet normal 1 0 0
  outer loop
    vertex 26 -52 10
    vertex 26 -33.48946700083476 0
    vertex 26 -33.48946700083476 10
  endloop
endfacet
facet normal 1 0 0
  outer loop
    vertex 26 -52 0
    vertex 26 -33.48946700083476 0
    vertex 26 -52 10
  endloop
endfacet
facet normal -0.9927308411702651 -0.1203556271612489 -3.099299355856344e-16
  outer loop
    vertex 15.028970953978757 15.075554503757209 4.9999999999999964
    vertex 15.028970953978755 15.07555450375721 10
    vertex 15 15.314515989739931 10
  endloop
endfacet
facet normal -0.9927308411702644 -0.12035562716125531 0
  outer loop
    vertex 15.028970953978757 15.075554503757209 4.9999999999999964
    vertex 15 15.314515989739931 10
    vertex 15 15.314515989739931 5
  endloop
endfacet
facet normal -0.9352101221445952 -0.35409324681260335 1.257991921522017e-16
  outer loop
    vertex 15.114205183566142 14.850438902200688 4.9999999999999964
    vertex 15.114205183566142 14.85043890220069 10
    vertex 15.028970953978755 15.07555450375721 10
  endloop
endfacet
facet normal -0.9352101221445978 -0.3540932468125969 -2.0466906234361747e-16
  outer loop
    vertex 15.114205183566142 14.850438902200688 4.9999999999999964
    vertex 15.028970953978755 15.07555450375721 10
    vertex 15.028970953978757 15.075554503757209 4.9999999999999964
  endloop
endfacet
facet normal -0.8235015443006929 -0.5673140281487618 -9.101608929708893e-17
  outer loop
    vertex 15.25076405487658 14.652212812535556 4.9999999999999964
    vertex 15.250764054876578 14.652212812535558 10
    vertex 15.114205183566142 14.85043890220069 10
  endloop
endfacet
facet normal -0.8235015443006894 -0.5673140281487667 2.0178639949370658e-16
  outer loop
    vertex 15.25076405487658 14.652212812535556 4.9999999999999964
    vertex 15.114205183566142 14.85043890220069 10
    vertex 15.114205183566142 14.850438902200688 4.9999999999999964
  endloop
endfacet
facet normal -0.6640777157740567 -0.7476635522829177 -2.359277984617081e-16
  outer loop
    vertex 15.430735086357815 14.492361832603965 4.9999999999999964
    vertex 15.430735086357814 14.492361832603965 10
    vertex 15.250764054876578 14.652212812535558 10
  endloop
endfacet
facet normal -0.6640777157740527 -0.7476635522829215 2.8826628499100985e-17
  outer loop
    vertex 15.430735086357815 14.492361832603965 4.9999999999999964
    vertex 15.250764054876578 14.652212812535558 10
    vertex 15.25076405487658 14.652212812535556 4.9999999999999964
  endloop
endfacet
facet normal -0.4661759573633926 -0.8846920236875228 1.4868677536275142e-16
  outer loop
    vertex 15.643690413068747 14.38014803317203 4.9999999999999964
    vertex 15.643690413068745 14.380148033172032 10
    vertex 15.430735086357814 14.492361832603965 10
  endloop
endfacet
facet normal -0.4661759573633984 -0.8846920236875198 -1.6719444529478531e-16
  outer loop
    vertex 15.643690413068747 14.38014803317203 4.9999999999999964
    vertex 15.430735086357814 14.492361832603965 10
    vertex 15.430735086357815 14.492361832603965 4.9999999999999964
  endloop
endfacet
facet normal -0.24126307453919404 -0.9704597512848717 -8.57138625104859e-17
  outer loop
    vertex 15.877290997070027 14.322073295878 4.9999999999999964
    vertex 15.877290997070025 14.322073295878 10
    vertex 15.643690413068745 14.380148033172032 10
  endloop
endfacet
facet normal -0.0023709488564849827 -0.9999971892968099 -8.4233024341705965e-19
  outer loop
    vertex 15.877290997070027 14.322073295878 4.9999999999999964
    vertex 16.118001574824632 14.321502581804822 10
    vertex 15.877290997070025 14.322073295878 10
  endloop
endfacet
facet normal -0.24126307453918713 -0.9704597512848736 2.594396564919085e-16
  outer loop
    vertex 15.877290997070027 14.322073295878 4.9999999999999964
    vertex 15.643690413068745 14.380148033172032 10
    vertex 15.643690413068747 14.38014803317203 4.9999999999999964
  endloop
endfacet
facet normal -0.002370948856485 -0.9999971892968099 0
  outer loop
    vertex 16.118001574824632 14.321502581804822 4.9999999999999964
    vertex 16.118001574824632 14.321502581804822 10
    vertex 15.877290997070027 14.322073295878 4.9999999999999964
  endloop
endfacet
facet normal 0.23665855412662964 -0.9715928822087434 -1.7702311579465536e-16
  outer loop
    vertex 16.35187491619191 14.378468959214793 4.9999999999999964
    vertex 16.351874916191907 14.378468959214791 10
    vertex 16.118001574824632 14.321502581804822 10
  endloop
endfacet
facet normal 0.23665855412663322 -0.9715928822087426 0
  outer loop
    vertex 16.35187491619191 14.378468959214793 4.9999999999999964
    vertex 16.118001574824632 14.321502581804822 10
    vertex 16.118001574824632 14.321502581804822 4.9999999999999964
  endloop
endfacet
facet normal 0.46197560894918915 -0.8868926297675643 0
  outer loop
    vertex 16.565359953552637 14.48967168751135 4.9999999999999964
    vertex 16.565359953552637 14.48967168751135 10
    vertex 16.351874916191907 14.378468959214791 10
  endloop
endfacet
facet normal 0.4619756089491894 -0.8868926297675641 1.441331424955059e-17
  outer loop
    vertex 16.565359953552637 14.48967168751135 4.9999999999999964
    vertex 16.351874916191907 14.378468959214791 10
    vertex 16.35187491619191 14.378468959214793 4.9999999999999964
  endloop
endfacet
facet normal 0.6605249155593971 -0.7508041262041992 0
  outer loop
    vertex 16.746086956521754 14.648667468446913 5
    vertex 16.746086956521754 14.648667468446913 10
    vertex 16.565359953552637 14.48967168751135 10
  endloop
endfacet
facet normal 0.6605249155593972 -0.7508041262041992 0
  outer loop
    vertex 16.746086956521754 14.648667468446913 5
    vertex 16.565359953552637 14.48967168751135 10
    vertex 16.565359953552637 14.48967168751135 4.9999999999999964
  endloop
endfacet
facet normal 0.9961946980917454 -0.08715574274765789 0
  outer loop
    vertex 25.878462024097665 -53.38918542133544 10
    vertex 25.878462024097665 -53.38918542133544 0
    vertex 26 -52 0
  endloop
endfacet
facet normal 0.9961946980917454 -0.08715574274765789 0
  outer loop
    vertex 25.878462024097665 -53.38918542133544 10
    vertex 26 -52 0
    vertex 26 -52 10
  endloop
endfacet
facet normal 0.9659258262890682 -0.25881904510252096 0
  outer loop
    vertex 25.517540966287267 -54.73616114660535 10
    vertex 25.517540966287267 -54.73616114660535 0
    vertex 25.878462024097665 -53.38918542133544 0
  endloop
endfacet
facet normal 0.9063077870366505 -0.422618261740698 0
  outer loop
    vertex 25.517540966287267 -54.73616114660535 10
    vertex 24.928203230275514 -55.99999999999999 0
    vertex 25.517540966287267 -54.73616114660535 0
  endloop
endfacet
facet normal 0.9659258262890682 -0.25881904510252096 0
  outer loop
    vertex 25.517540966287267 -54.73616114660535 10
    vertex 25.878462024097665 -53.38918542133544 0
    vertex 25.878462024097665 -53.38918542133544 10
  endloop
endfacet
facet normal 0.9063077870366505 -0.422618261740698 0
  outer loop
    vertex 24.928203230275514 -55.99999999999999 10
    vertex 24.928203230275514 -55.99999999999999 0
    vertex 25.517540966287267 -54.73616114660535 10
  endloop
endfacet
facet normal 0.8191520442889929 -0.5735764363510446 0
  outer loop
    vertex 24.12835554495183 -57.14230087749231 10
    vertex 24.12835554495183 -57.14230087749231 0
    vertex 24.928203230275514 -55.99999999999999 0
  endloop
endfacet
facet normal 0.7071067811865462 -0.7071067811865488 0
  outer loop
    vertex 24.12835554495183 -57.14230087749231 10
    vertex 23.14230087749232 -58.128355544951816 0
    vertex 24.12835554495183 -57.14230087749231 0
  endloop
endfacet
facet normal 0.8191520442889929 -0.5735764363510446 0
  outer loop
    vertex 24.12835554495183 -57.14230087749231 10
    vertex 24.928203230275514 -55.99999999999999 0
    vertex 24.928203230275514 -55.99999999999999 10
  endloop
endfacet
facet normal 0.7071067811865462 -0.7071067811865488 0
  outer loop
    vertex 23.14230087749232 -58.128355544951816 10
    vertex 23.14230087749232 -58.128355544951816 0
    vertex 24.12835554495183 -57.14230087749231 10
  endloop
endfacet
facet normal 0.5735764363510469 -0.8191520442889911 0
  outer loop
    vertex 22.00000000000001 -58.9282032302755 10
    vertex 22.00000000000001 -58.9282032302755 0
    vertex 23.14230087749232 -58.128355544951816 0
  endloop
endfacet
facet normal 0.5735764363510469 -0.8191520442889911 0
  outer loop
    vertex 22.00000000000001 -58.9282032302755 10
    vertex 23.14230087749232 -58.128355544951816 0
    vertex 23.14230087749232 -58.128355544951816 10
  endloop
endfacet
facet normal 0.4226182617407034 -0.9063077870366482 0
  outer loop
    vertex 20.73616114660536 -59.517540966287264 10
    vertex 20.73616114660536 -59.517540966287264 0
    vertex 22.00000000000001 -58.9282032302755 0
  endloop
endfacet
facet normal 0.4226182617407034 -0.9063077870366482 0
  outer loop
    vertex 20.73616114660536 -59.517540966287264 10
    vertex 22.00000000000001 -58.9282032302755 0
    vertex 22.00000000000001 -58.9282032302755 10
  endloop
endfacet
facet normal 0.25881904510252396 -0.9659258262890673 0
  outer loop
    vertex 19.38918542133546 -59.878462024097665 10
    vertex 19.38918542133546 -59.878462024097665 0
    vertex 20.73616114660536 -59.517540966287264 0
  endloop
endfacet
facet normal 0.25881904510252396 -0.9659258262890673 0
  outer loop
    vertex 19.38918542133546 -59.878462024097665 10
    vertex 20.73616114660536 -59.517540966287264 0
    vertex 20.73616114660536 -59.517540966287264 10
  endloop
endfacet
facet normal 0.08715574274765679 -0.9961946980917457 0
  outer loop
    vertex 18 -60 10
    vertex 18 -60 0
    vertex 19.38918542133546 -59.878462024097665 0
  endloop
endfacet
facet normal 0.08715574274765679 -0.9961946980917457 0
  outer loop
    vertex 18 -60 10
    vertex 19.38918542133546 -59.878462024097665 0
    vertex 19.38918542133546 -59.878462024097665 10
  endloop
endfacet
facet normal 0.7075678257613682 0.7066454358073291 0
  outer loop
    vertex 18.489933765605898 -16.39479053475494 10
    vertex 16.746086956520557 -14.64866746844557 5
    vertex 16.746086956520557 -14.64866746844557 10
  endloop
endfacet
facet normal 0.7075678257613682 0.7066454358073291 0
  outer loop
    vertex 18.489933765605898 -16.39479053475494 10
    vertex 18.489933765605898 -16.39479053475494 5
    vertex 16.746086956520557 -14.64866746844557 5
  endloop
endfacet
facet normal 0.6239753316067712 0.7814440386529417 0
  outer loop
    vertex 18.489933765605898 -16.39479053475494 10
    vertex 20.418367212185526 -17.93462555785571 5
    vertex 18.489933765605898 -16.39479053475494 5
  endloop
endfacet
facet normal 0.6239753316067712 0.7814440386529417 0
  outer loop
    vertex 20.418367212185526 -17.93462555785571 10
    vertex 20.418367212185526 -17.93462555785571 5
    vertex 18.489933765605898 -16.39479053475494 10
  endloop
endfacet
facet normal 0.5325316453375368 0.8464100936981409 0
  outer loop
    vertex 22.507122712865733 -19.24879750803304 10
    vertex 22.507122712865733 -19.24879750803304 5
    vertex 20.418367212185526 -17.93462555785571 5
  endloop
endfacet
facet normal 0.5325316453375368 0.8464100936981409 0
  outer loop
    vertex 22.507122712865733 -19.24879750803304 10
    vertex 20.418367212185526 -17.93462555785571 5
    vertex 20.418367212185526 -17.93462555785571 10
  endloop
endfacet
facet normal 0.4343873604342155 0.9007261632122133 0
  outer loop
    vertex 24.72991842622482 -20.320770769326057 10
    vertex 22.507122712865733 -19.24879750803304 5
    vertex 22.507122712865733 -19.24879750803304 10
  endloop
endfacet
facet normal 0.4343873604342155 0.9007261632122133 0
  outer loop
    vertex 24.72991842622482 -20.320770769326057 10
    vertex 24.72991842622482 -20.320770769326057 5
    vertex 22.507122712865733 -19.24879750803304 5
  endloop
endfacet
facet normal 0.3307773809013353 0.9437088132915007 0
  outer loop
    vertex 27.058785945030667 -21.13705719951206 10
    vertex 24.72991842622482 -20.320770769326057 5
    vertex 24.72991842622482 -20.320770769326057 10
  endloop
endfacet
facet normal 0.3307773809013353 0.9437088132915007 0
  outer loop
    vertex 27.058785945030667 -21.13705719951206 10
    vertex 27.058785945030667 -21.13705719951206 5
    vertex 24.72991842622482 -20.320770769326057 5
  endloop
endfacet
facet normal 0.22300538304323717 0.9748172131911392 0
  outer loop
    vertex 29.46442220973347 -21.687385845142533 10
    vertex 27.058785945030667 -21.13705719951206 5
    vertex 27.058785945030667 -21.13705719951206 10
  endloop
endfacet
facet normal 0.22300538304323717 0.9748172131911392 0
  outer loop
    vertex 29.46442220973347 -21.687385845142533 10
    vertex 29.46442220973347 -21.687385845142533 5
    vertex 27.058785945030667 -21.13705719951206 5
  endloop
endfacet
facet normal 0.11242741190994139 0.993659940347417 0
  outer loop
    vertex 31.91655821526938 -21.96483217618532 10
    vertex 29.46442220973347 -21.687385845142533 5
    vertex 29.46442220973347 -21.687385845142533 10
  endloop
endfacet
facet normal 0.11242741190994139 0.993659940347417 0
  outer loop
    vertex 31.91655821526938 -21.96483217618532 10
    vertex 31.91655821526938 -21.96483217618532 5
    vertex 29.46442220973347 -21.687385845142533 5
  endloop
endfacet
facet normal 0.00043481881140924156 0.9999999054662961 0
  outer loop
    vertex 34.38433987190844 -21.965905214173514 10
    vertex 31.91655821526938 -21.96483217618532 5
    vertex 31.91655821526938 -21.96483217618532 10
  endloop
endfacet
facet normal 0.00043481881140924156 0.9999999054662961 0
  outer loop
    vertex 34.38433987190844 -21.965905214173514 10
    vertex 34.38433987190844 -21.965905214173514 5
    vertex 31.91655821526938 -21.96483217618532 5
  endloop
endfacet
facet normal -0.11156324541049958 0.9937573357080071 0
  outer loop
    vertex 36.83671622795137 -21.690591457567933 10
    vertex 34.38433987190844 -21.965905214173514 5
    vertex 34.38433987190844 -21.965905214173514 10
  endloop
endfacet
facet normal -0.11156324541049958 0.9937573357080071 0
  outer loop
    vertex 36.83671622795137 -21.690591457567933 10
    vertex 36.83671622795137 -21.690591457567933 5
    vertex 34.38433987190844 -21.965905214173514 5
  endloop
endfacet
facet normal -0.22215756107331958 0.9750107784316818 0
  outer loop
    vertex 39.242830169449306 -21.142355051640706 10
    vertex 36.83671622795137 -21.690591457567933 5
    vertex 36.83671622795137 -21.690591457567933 10
  endloop
endfacet
facet normal -0.22215756107331958 0.9750107784316818 0
  outer loop
    vertex 39.242830169449306 -21.142355051640706 10
    vertex 39.242830169449306 -21.142355051640706 5
    vertex 36.83671622795137 -21.690591457567933 5
  endloop
endfacet
facet normal -0.3299565712114567 0.9439961128703755 0
  outer loop
    vertex 41.57240668095288 -20.328094200742463 10
    vertex 39.242830169449306 -21.142355051640706 5
    vertex 39.242830169449306 -21.142355051640706 10
  endloop
endfacet
facet normal -0.3299565712114567 0.9439961128703755 0
  outer loop
    vertex 41.57240668095288 -20.328094200742463 10
    vertex 41.57240668095288 -20.328094200742463 5
    vertex 39.242830169449306 -21.142355051640706 5
  endloop
endfacet
facet normal -0.4336038908919017 0.9011035821721075 0
  outer loop
    vertex 41.57240668095288 -20.328094200742463 10
    vertex 43.796133781986114 -19.258054371397275 5
    vertex 41.57240668095288 -20.328094200742463 5
  endloop
endfacet
facet normal -0.4336038908919017 0.9011035821721075 0
  outer loop
    vertex 43.796133781986114 -19.258054371397275 10
    vertex 43.796133781986114 -19.258054371397275 5
    vertex 41.57240668095288 -20.328094200742463 10
  endloop
endfacet
facet normal -0.5317953739765607 0.8468728831513794 0
  outer loop
    vertex 45.88603134609787 -17.945699378350636 10
    vertex 43.796133781986114 -19.258054371397275 5
    vertex 43.796133781986114 -19.258054371397275 10
  endloop
endfacet
facet normal -0.5317953739765607 0.8468728831513794 0
  outer loop
    vertex 45.88603134609787 -17.945699378350636 10
    vertex 45.88603134609787 -17.945699378350636 5
    vertex 43.796133781986114 -19.258054371397275 5
  endloop
endfacet
facet normal -0.6232955225880887 0.7819863755345366 0
  outer loop
    vertex 47.81580316181214 -16.40754197563478 10
    vertex 45.88603134609787 -17.945699378350636 5
    vertex 45.88603134609787 -17.945699378350636 10
  endloop
endfacet
facet normal -0.6232955225880887 0.7819863755345366 0
  outer loop
    vertex 47.81580316181214 -16.40754197563478 10
    vertex 47.81580316181214 -16.40754197563478 5
    vertex 45.88603134609787 -17.945699378350636 5
  endloop
endfacet
facet normal -0.706953032806474 0.7072604961439091 0
  outer loop
    vertex 49.5611678056573 -14.66293608424556 10
    vertex 47.81580316181214 -16.40754197563478 5
    vertex 47.81580316181214 -16.40754197563478 10
  endloop
endfacet
facet normal -0.706953032806474 0.7072604961439091 0
  outer loop
    vertex 49.5611678056573 -14.66293608424556 10
    vertex 49.5611678056573 -14.66293608424556 5
    vertex 47.81580316181214 -16.40754197563478 5
  endloop
endfacet
facet normal -0.7817152809921503 0.6236354860520397 0
  outer loop
    vertex 49.5611678056573 -14.66293608424556 10
    vertex 51.10016416405273 -12.733833270733454 5
    vertex 49.5611678056573 -14.66293608424556 5
  endloop
endfacet
facet normal -0.7817152809921503 0.6236354860520397 0
  outer loop
    vertex 51.10016416405273 -12.733833270733454 10
    vertex 51.10016416405273 -12.733833270733454 5
    vertex 49.5611678056573 -14.66293608424556 10
  endloop
endfacet
facet normal -0.8466415684608993 0.5321635599644796 0
  outer loop
    vertex 52.41342775981248 -10.644506540825738 10
    vertex 52.41342775981248 -10.644506540825738 5
    vertex 51.10016416405273 -12.733833270733454 5
  endloop
endfacet
facet normal -0.8466415684608993 0.5321635599644796 0
  outer loop
    vertex 52.41342775981248 -10.644506540825738 10
    vertex 51.10016416405273 -12.733833270733454 5
    vertex 51.10016416405273 -12.733833270733454 10
  endloop
endfacet
facet normal -0.9009149578589669 0.4339956666903207 0
  outer loop
    vertex 52.41342775981248 -10.644506540825738 10
    vertex 53.484434406377915 -8.421244923456475 5
    vertex 52.41342775981248 -10.644506540825738 5
  endloop
endfacet
facet normal -0.9438525523068 0.3303670072872586 0
  outer loop
    vertex 53.484434406377915 -8.421244923456475 10
    vertex 54.299708123990996 -6.092022688111797 5
    vertex 53.484434406377915 -8.421244923456475 5
  endloop
endfacet
facet normal -0.9009149578589669 0.4339956666903207 0
  outer loop
    vertex 53.484434406377915 -8.421244923456475 10
    vertex 53.484434406377915 -8.421244923456475 5
    vertex 52.41342775981248 -10.644506540825738 10
  endloop
endfacet
facet normal -0.9438525523068 0.3303670072872586 0
  outer loop
    vertex 54.299708123990996 -6.092022688111797 10
    vertex 54.299708123990996 -6.092022688111797 5
    vertex 53.484434406377915 -8.421244923456475 10
  endloop
endfacet
facet normal -0.974914087973639 0.2225814930997805 0
  outer loop
    vertex 54.84899070169568 -3.68614735757515 10
    vertex 54.84899070169568 -3.68614735757515 5
    vertex 54.299708123990996 -6.092022688111797 5
  endloop
endfacet
facet normal -0.974914087973639 0.2225814930997805 0
  outer loop
    vertex 54.84899070169568 -3.68614735757515 10
    vertex 54.299708123990996 -6.092022688111797 5
    vertex 54.299708123990996 -6.092022688111797 10
  endloop
endfacet
facet normal -0.9937087319666739 0.11199533924760074 0
  outer loop
    vertex 55.12537077164721 -1.2338909449648572 10
    vertex 55.12537077164721 -1.2338909449648572 5
    vertex 54.84899070169568 -3.68614735757515 5
  endloop
endfacet
facet normal -1 4.606843019054274e-14 0
  outer loop
    vertex 55.12537077164721 -1.2338909449648572 10
    vertex 55.125370771647326 1.233890944962759 5
    vertex 55.12537077164721 -1.2338909449648572 5
  endloop
endfacet
facet normal -0.9937087319666739 0.11199533924760074 0
  outer loop
    vertex 55.12537077164721 -1.2338909449648572 10
    vertex 54.84899070169568 -3.68614735757515 5
    vertex 54.84899070169568 -3.68614735757515 10
  endloop
endfacet
facet normal -1 4.606843019054274e-14 0
  outer loop
    vertex 55.125370771647326 1.233890944962759 10
    vertex 55.125370771647326 1.233890944962759 5
    vertex 55.12537077164721 -1.2338909449648572 10
  endloop
endfacet
facet normal -0.9937087319666846 -0.11199533924750574 0
  outer loop
    vertex 54.84899070169603 3.6861473575730783 10
    vertex 54.84899070169603 3.6861473575730783 5
    vertex 55.125370771647326 1.233890944962759 5
  endloop
endfacet
facet normal -0.9937087319666846 -0.11199533924750574 0
  outer loop
    vertex 54.84899070169603 3.6861473575730783 10
    vertex 55.125370771647326 1.233890944962759 5
    vertex 55.125370771647326 1.233890944962759 10
  endloop
endfacet
facet normal -0.9749140879736606 -0.22258149309968567 0
  outer loop
    vertex 54.29970812399158 6.092022688109777 10
    vertex 54.29970812399158 6.092022688109777 5
    vertex 54.84899070169603 3.6861473575730783 5
  endloop
endfacet
facet normal -0.9749140879736606 -0.22258149309968567 0
  outer loop
    vertex 54.29970812399158 6.092022688109777 10
    vertex 54.84899070169603 3.6861473575730783 5
    vertex 54.84899070169603 3.6861473575730783 10
  endloop
endfacet
facet normal -0.9438525523068322 -0.3303670072871666 0
  outer loop
    vertex 53.484434406378725 8.421244923454534 10
    vertex 53.484434406378725 8.421244923454534 5
    vertex 54.29970812399158 6.092022688109777 5
  endloop
endfacet
facet normal -0.9438525523068322 -0.3303670072871666 0
  outer loop
    vertex 53.484434406378725 8.421244923454534 10
    vertex 54.29970812399158 6.092022688109777 5
    vertex 54.29970812399158 6.092022688109777 10
  endloop
endfacet
facet normal -0.9009149578590085 -0.43399566669023426 0
  outer loop
    vertex 52.4134277598135 10.6445065408239 10
    vertex 52.4134277598135 10.6445065408239 5
    vertex 53.484434406378725 8.421244923454534 5
  endloop
endfacet
facet normal -0.8466415684609473 -0.5321635599644033 0
  outer loop
    vertex 52.4134277598135 10.6445065408239 10
    vertex 51.100164164053936 12.73383327073174 5
    vertex 52.4134277598135 10.6445065408239 5
  endloop
endfacet
facet normal -0.9009149578590085 -0.43399566669023426 0
  outer loop
    vertex 52.4134277598135 10.6445065408239 10
    vertex 53.484434406378725 8.421244923454534 5
    vertex 53.484434406378725 8.421244923454534 10
  endloop
endfacet
facet normal -0.8466415684609473 -0.5321635599644033 0
  outer loop
    vertex 51.100164164053936 12.73383327073174 10
    vertex 51.100164164053936 12.73383327073174 5
    vertex 52.4134277598135 10.6445065408239 10
  endloop
endfacet
facet normal -0.781715280992211 -0.6236354860519633 0
  outer loop
    vertex 49.5611678056587 14.662936084243992 10
    vertex 51.100164164053936 12.73383327073174 5
    vertex 51.100164164053936 12.73383327073174 10
  endloop
endfacet
facet normal -0.781715280992211 -0.6236354860519633 0
  outer loop
    vertex 49.5611678056587 14.662936084243992 10
    vertex 49.5611678056587 14.662936084243992 5
    vertex 51.100164164053936 12.73383327073174 5
  endloop
endfacet
facet normal -0.7069530328065421 -0.707260496143841 0
  outer loop
    vertex 47.815803161813704 16.407541975633382 10
    vertex 49.5611678056587 14.662936084243992 5
    vertex 49.5611678056587 14.662936084243992 10
  endloop
endfacet
facet normal -0.7069530328065421 -0.707260496143841 0
  outer loop
    vertex 47.815803161813704 16.407541975633382 10
    vertex 47.815803161813704 16.407541975633382 5
    vertex 49.5611678056587 14.662936084243992 5
  endloop
endfacet
facet normal -0.6232955225881622 -0.781986375534478 0
  outer loop
    vertex 45.886031346099585 17.945699378349417 10
    vertex 47.815803161813704 16.407541975633382 5
    vertex 47.815803161813704 16.407541975633382 10
  endloop
endfacet
facet normal -0.6232955225881622 -0.781986375534478 0
  outer loop
    vertex 45.886031346099585 17.945699378349417 10
    vertex 45.886031346099585 17.945699378349417 5
    vertex 47.815803161813704 16.407541975633382 5
  endloop
endfacet
facet normal -0.5317953739766417 -0.8468728831513286 0
  outer loop
    vertex 43.79613378198795 19.25805437139626 10
    vertex 45.886031346099585 17.945699378349417 5
    vertex 45.886031346099585 17.945699378349417 10
  endloop
endfacet
facet normal -0.5317953739766417 -0.8468728831513286 0
  outer loop
    vertex 43.79613378198795 19.25805437139626 10
    vertex 43.79613378198795 19.25805437139626 5
    vertex 45.886031346099585 17.945699378349417 5
  endloop
endfacet
facet normal -0.4336038908919886 -0.9011035821720654 0
  outer loop
    vertex 41.57240668095483 20.328094200741656 10
    vertex 43.79613378198795 19.25805437139626 5
    vertex 43.79613378198795 19.25805437139626 10
  endloop
endfacet
facet normal -0.4336038908919886 -0.9011035821720654 0
  outer loop
    vertex 41.57240668095483 20.328094200741656 10
    vertex 41.57240668095483 20.328094200741656 5
    vertex 43.79613378198795 19.25805437139626 5
  endloop
endfacet
facet normal -0.3299565712115478 -0.9439961128703438 0
  outer loop
    vertex 39.242830169451324 21.142355051640127 10
    vertex 41.57240668095483 20.328094200741656 5
    vertex 41.57240668095483 20.328094200741656 10
  endloop
endfacet
facet normal -0.3299565712115478 -0.9439961128703438 0
  outer loop
    vertex 39.242830169451324 21.142355051640127 10
    vertex 39.242830169451324 21.142355051640127 5
    vertex 41.57240668095483 20.328094200741656 5
  endloop
endfacet
facet normal -0.22215756107341217 -0.9750107784316607 0
  outer loop
    vertex 36.836716227953445 21.69059145756758 10
    vertex 39.242830169451324 21.142355051640127 5
    vertex 39.242830169451324 21.142355051640127 10
  endloop
endfacet
facet normal -0.22215756107341217 -0.9750107784316607 0
  outer loop
    vertex 36.836716227953445 21.69059145756758 10
    vertex 36.836716227953445 21.69059145756758 5
    vertex 39.242830169451324 21.142355051640127 5
  endloop
endfacet
facet normal -0.11156324541059438 -0.9937573357079964 0
  outer loop
    vertex 34.384339871910534 21.965905214173397 10
    vertex 36.836716227953445 21.69059145756758 5
    vertex 36.836716227953445 21.69059145756758 10
  endloop
endfacet
facet normal -0.11156324541059438 -0.9937573357079964 0
  outer loop
    vertex 34.384339871910534 21.965905214173397 10
    vertex 34.384339871910534 21.965905214173397 5
    vertex 36.836716227953445 21.69059145756758 5
  endloop
endfacet
facet normal 0.00043481881131278644 -0.9999999054662962 0
  outer loop
    vertex 34.384339871910534 21.965905214173397 10
    vertex 31.91655821527148 21.96483217618544 5
    vertex 34.384339871910534 21.965905214173397 5
  endloop
endfacet
facet normal 0.00043481881131278644 -0.9999999054662962 0
  outer loop
    vertex 31.91655821527148 21.96483217618544 10
    vertex 31.91655821527148 21.96483217618544 5
    vertex 34.384339871910534 21.965905214173397 10
  endloop
endfacet
facet normal 0.1124274119098463 -0.9936599403474279 0
  outer loop
    vertex 29.46442220973554 21.687385845142888 10
    vertex 31.91655821527148 21.96483217618544 5
    vertex 31.91655821527148 21.96483217618544 10
  endloop
endfacet
facet normal 0.1124274119098463 -0.9936599403474279 0
  outer loop
    vertex 29.46442220973554 21.687385845142888 10
    vertex 29.46442220973554 21.687385845142888 5
    vertex 31.91655821527148 21.96483217618544 5
  endloop
endfacet
facet normal 0.2230053830431447 -0.9748172131911603 0
  outer loop
    vertex 27.058785945032668 21.13705719951264 10
    vertex 29.46442220973554 21.687385845142888 5
    vertex 29.46442220973554 21.687385845142888 10
  endloop
endfacet
facet normal 0.2230053830431447 -0.9748172131911603 0
  outer loop
    vertex 27.058785945032668 21.13705719951264 10
    vertex 27.058785945032668 21.13705719951264 5
    vertex 29.46442220973554 21.687385845142888 5
  endloop
endfacet
facet normal 0.3307773809012476 -0.9437088132915317 0
  outer loop
    vertex 24.729918426226725 20.320770769326845 10
    vertex 27.058785945032668 21.13705719951264 5
    vertex 27.058785945032668 21.13705719951264 10
  endloop
endfacet
facet normal 0.3307773809012476 -0.9437088132915317 0
  outer loop
    vertex 24.729918426226725 20.320770769326845 10
    vertex 24.729918426226725 20.320770769326845 5
    vertex 27.058785945032668 21.13705719951264 5
  endloop
endfacet
facet normal 0.4343873604341304 -0.9007261632122545 0
  outer loop
    vertex 22.50712271286752 19.24879750803403 10
    vertex 24.729918426226725 20.320770769326845 5
    vertex 24.729918426226725 20.320770769326845 10
  endloop
endfacet
facet normal 0.4343873604341304 -0.9007261632122545 0
  outer loop
    vertex 22.50712271286752 19.24879750803403 10
    vertex 22.50712271286752 19.24879750803403 5
    vertex 24.729918426226725 20.320770769326845 5
  endloop
endfacet
facet normal 0.5325316453374589 -0.8464100936981899 0
  outer loop
    vertex 20.418367212187174 17.934625557856883 10
    vertex 22.50712271286752 19.24879750803403 5
    vertex 22.50712271286752 19.24879750803403 10
  endloop
endfacet
facet normal 0.5325316453374589 -0.8464100936981899 0
  outer loop
    vertex 20.418367212187174 17.934625557856883 10
    vertex 20.418367212187174 17.934625557856883 5
    vertex 22.50712271286752 19.24879750803403 5
  endloop
endfacet
facet normal 0.6239753316066998 -0.7814440386529986 0
  outer loop
    vertex 18.48993376560739 16.394790534756275 10
    vertex 20.418367212187174 17.934625557856883 5
    vertex 20.418367212187174 17.934625557856883 10
  endloop
endfacet
facet normal 0.6239753316066998 -0.7814440386529986 0
  outer loop
    vertex 18.48993376560739 16.394790534756275 10
    vertex 18.48993376560739 16.394790534756275 5
    vertex 20.418367212187174 17.934625557856883 5
  endloop
endfacet
facet normal 0.7075678257613071 -0.7066454358073904 0
  outer loop
    vertex 16.746086956521754 14.648667468446913 10
    vertex 18.48993376560739 16.394790534756275 5
    vertex 18.48993376560739 16.394790534756275 10
  endloop
endfacet
facet normal 0.7075678257613071 -0.7066454358073904 0
  outer loop
    vertex 16.746086956521754 14.648667468446913 10
    vertex 16.746086956521754 14.648667468446913 5
    vertex 18.48993376560739 16.394790534756275 5
  endloop
endfacet
facet normal 0 -1 0
  outer loop
    vertex 15 -60 5
    vertex 18 -60 10
    vertex 15 -60 10
  endloop
endfacet
facet normal 0 -1 0
  outer loop
    vertex 18 -60 0
    vertex 18 -60 10
    vertex 15 -60 5
  endloop
endfacet
facet normal 0 -1 0
  outer loop
    vertex -15 -60 5
    vertex -15 -60 10
    vertex -18 -60 10
  endloop
endfacet
facet normal 0 -1 0
  outer loop
    vertex -18 -60 0
    vertex 15 -60 5
    vertex -15 -60 5
  endloop
endfacet
facet normal 0 -1 0
  outer loop
    vertex -18 -60 0
    vertex 18 -60 0
    vertex 15 -60 5
  endloop
endfacet
facet normal 0 -1 0
  outer loop
    vertex -18 -60 0
    vertex -15 -60 5
    vertex -18 -60 10
  endloop
endfacet
facet normal 0.6605249155594304 0.75080412620417 0
  outer loop
    vertex 16.56535995355144 -14.489671687509993 4.9999999999999964
    vertex 16.56535995355144 -14.489671687509993 10
    vertex 16.746086956520557 -14.64866746844557 10
  endloop
endfacet
facet normal 0.6605249155594305 0.75080412620417 0
  outer loop
    vertex 16.56535995355144 -14.489671687509993 4.9999999999999964
    vertex 16.746086956520557 -14.64866746844557 10
    vertex 16.746086956520557 -14.64866746844557 5
  endloop
endfacet
facet normal 0.4619756089492182 0.8868926297675492 0
  outer loop
    vertex 16.35187491619071 -14.378468959213425 4.9999999999999964
    vertex 16.35187491619071 -14.378468959213425 10
    vertex 16.56535995355144 -14.489671687509993 10
  endloop
endfacet
facet normal 0.4619756089492182 0.8868926297675492 0
  outer loop
    vertex 16.35187491619071 -14.378468959213425 4.9999999999999964
    vertex 16.56535995355144 -14.489671687509993 10
    vertex 16.56535995355144 -14.489671687509993 4.9999999999999964
  endloop
endfacet
facet normal 0.23665855412665765 0.9715928822087365 0
  outer loop
    vertex 16.118001574823428 -14.321502581803447 4.9999999999999964
    vertex 16.118001574823428 -14.321502581803447 10
    vertex 16.35187491619071 -14.378468959213425 10
  endloop
endfacet
facet normal 0.23665855412665765 0.9715928822087365 0
  outer loop
    vertex 16.118001574823428 -14.321502581803447 4.9999999999999964
    vertex 16.35187491619071 -14.378468959213425 10
    vertex 16.35187491619071 -14.378468959213425 4.9999999999999964
  endloop
endfacet
facet normal -0.002370948856470154 0.99999718929681 0
  outer loop
    vertex 15.877290997068814 -14.322073295876622 4.9999999999999964
    vertex 15.877290997068814 -14.322073295876622 10
    vertex 16.118001574823428 -14.321502581803447 10
  endloop
endfacet
facet normal -0.002370948856470154 0.99999718929681 0
  outer loop
    vertex 15.877290997068814 -14.322073295876622 4.9999999999999964
    vertex 16.118001574823428 -14.321502581803447 10
    vertex 16.118001574823428 -14.321502581803447 4.9999999999999964
  endloop
endfacet
facet normal -0.24126307453918022 0.9704597512848754 0
  outer loop
    vertex 15.643690413067526 -14.380148033170652 4.9999999999999964
    vertex 15.643690413067526 -14.380148033170652 10
    vertex 15.877290997068814 -14.322073295876622 10
  endloop
endfacet
facet normal -0.24126307453918022 0.9704597512848754 0
  outer loop
    vertex 15.643690413067526 -14.380148033170652 4.9999999999999964
    vertex 15.877290997068814 -14.322073295876622 10
    vertex 15.877290997068814 -14.322073295876622 4.9999999999999964
  endloop
endfacet
facet normal -0.466175957363392 0.8846920236875231 0
  outer loop
    vertex 15.430735086356588 -14.492361832602588 4.9999999999999964
    vertex 15.430735086356588 -14.492361832602588 10
    vertex 15.643690413067526 -14.380148033170652 10
  endloop
endfacet
facet normal -0.466175957363392 0.8846920236875231 0
  outer loop
    vertex 15.430735086356588 -14.492361832602588 4.9999999999999964
    vertex 15.643690413067526 -14.380148033170652 10
    vertex 15.643690413067526 -14.380148033170652 4.9999999999999964
  endloop
endfacet
facet normal -0.6640777157740541 0.7476635522829201 0
  outer loop
    vertex 15.250764054875347 -14.652212812534184 4.9999999999999964
    vertex 15.250764054875347 -14.652212812534184 10
    vertex 15.430735086356588 -14.492361832602588 10
  endloop
endfacet
facet normal -0.8235015443006989 0.5673140281487529 0
  outer loop
    vertex 15.250764054875347 -14.652212812534184 4.9999999999999964
    vertex 15.11420518356491 -14.850438902199324 10
    vertex 15.250764054875347 -14.652212812534184 10
  endloop
endfacet
facet normal -0.6640777157740541 0.7476635522829201 0
  outer loop
    vertex 15.250764054875347 -14.652212812534184 4.9999999999999964
    vertex 15.430735086356588 -14.492361832602588 10
    vertex 15.430735086356588 -14.492361832602588 4.9999999999999964
  endloop
endfacet
facet normal -0.9352101221446023 0.35409324681258464 0
  outer loop
    vertex 15.11420518356491 -14.850438902199324 4.9999999999999964
    vertex 15.028970953977524 -15.075554503755853 10
    vertex 15.11420518356491 -14.850438902199324 10
  endloop
endfacet
facet normal -0.8235015443006989 0.5673140281487529 0
  outer loop
    vertex 15.11420518356491 -14.850438902199324 4.9999999999999964
    vertex 15.11420518356491 -14.850438902199324 10
    vertex 15.250764054875347 -14.652212812534184 4.9999999999999964
  endloop
endfacet
facet normal -0.9352101221446023 0.35409324681258464 0
  outer loop
    vertex 15.028970953977524 -15.075554503755853 4.9999999999999964
    vertex 15.028970953977524 -15.075554503755853 10
    vertex 15.11420518356491 -14.850438902199324 4.9999999999999964
  endloop
endfacet
facet normal -0.9927308411702677 0.12035562716123087 0
  outer loop
    vertex 14.999999999998773 -15.314515989738581 5
    vertex 14.999999999998773 -15.314515989738581 10
    vertex 15.028970953977524 -15.075554503755853 10
  endloop
endfacet
facet normal -0.9927308411702674 0.12035562716123084 0
  outer loop
    vertex 14.999999999998773 -15.314515989738581 5
    vertex 15.028970953977524 -15.075554503755853 10
    vertex 15.028970953977524 -15.075554503755853 4.9999999999999964
  endloop
endfacet
facet normal -0.9999999999999999 -2.7468933216516193e-14 0
  outer loop
    vertex 15 -60 5
    vertex 14.999999999998773 -15.314515989738581 10
    vertex 14.999999999998773 -15.314515989738581 5
  endloop
endfacet
facet normal -0.9999999999999999 -2.7468933216516193e-14 0
  outer loop
    vertex 15 -60 10
    vertex 14.999999999998773 -15.314515989738581 10
    vertex 15 -60 5
  endloop
endfacet
facet normal -0.9927088740980536 -0.12053668025532634 0
  outer loop
    vertex 22.53897781659471 -49.49743710499613 10
    vertex 22.6 -50 0
    vertex 22.6 -50 10
  endloop
endfacet
facet normal -0.9927088740980536 -0.12053668025532634 0
  outer loop
    vertex 22.53897781659471 -49.49743710499613 10
    vertex 22.53897781659471 -49.49743710499613 0
    vertex 22.6 -50 0
  endloop
endfacet
facet normal -0.9350162426854145 -0.3546048870425362 0
  outer loop
    vertex 22.35945765387174 -49.024081338708086 10
    vertex 22.35945765387174 -49.024081338708086 0
    vertex 22.53897781659471 -49.49743710499613 0
  endloop
endfacet
facet normal -0.8229838658936565 -0.5680647467311557 0
  outer loop
    vertex 22.35945765387174 -49.024081338708086 10
    vertex 22.07187257115931 -48.60744241769433 0
    vertex 22.35945765387174 -49.024081338708086 0
  endloop
endfacet
facet normal -0.9350162426854145 -0.3546048870425362 0
  outer loop
    vertex 22.35945765387174 -49.024081338708086 10
    vertex 22.53897781659471 -49.49743710499613 0
    vertex 22.53897781659471 -49.49743710499613 10
  endloop
endfacet
facet normal -0.8229838658936565 -0.5680647467311557 0
  outer loop
    vertex 22.07187257115931 -48.60744241769433 10
    vertex 22.07187257115931 -48.60744241769433 0
    vertex 22.35945765387174 -49.024081338708086 10
  endloop
endfacet
facet normal -0.6631226582407976 -0.748510748171099 0
  outer loop
    vertex 21.692935968135426 -48.27173388162332 10
    vertex 21.692935968135426 -48.27173388162332 0
    vertex 22.07187257115931 -48.60744241769433 0
  endloop
endfacet
facet normal -0.6631226582407976 -0.748510748171099 0
  outer loop
    vertex 21.692935968135426 -48.27173388162332 10
    vertex 22.07187257115931 -48.60744241769433 0
    vertex 22.07187257115931 -48.60744241769433 10
  endloop
endfacet
facet normal -0.4647231720437615 -0.8854560256532135 0
  outer loop
    vertex 21.244670262789324 -48.03646589036063 10
    vertex 21.244670262789324 -48.03646589036063 0
    vertex 21.692935968135426 -48.27173388162332 0
  endloop
endfacet
facet normal -0.2393156642875639 -0.9709418174260505 0
  outer loop
    vertex 21.244670262789324 -48.03646589036063 10
    vertex 20.753127028536177 -47.915311364394086 0
    vertex 21.244670262789324 -48.03646589036063 0
  endloop
endfacet
facet normal -0.4647231720437615 -0.8854560256532135 0
  outer loop
    vertex 21.244670262789324 -48.03646589036063 10
    vertex 21.692935968135426 -48.27173388162332 0
    vertex 21.692935968135426 -48.27173388162332 10
  endloop
endfacet
facet normal -0.2393156642875639 -0.9709418174260505 0
  outer loop
    vertex 20.753127028536177 -47.915311364394086 10
    vertex 20.753127028536177 -47.915311364394086 0
    vertex 21.244670262789324 -48.03646589036063 10
  endloop
endfacet
facet normal 0 -0.9999999999999999 0
  outer loop
    vertex 20.246872971463823 -47.915311364394086 10
    vertex 20.246872971463823 -47.915311364394086 0
    vertex 20.753127028536177 -47.915311364394086 0
  endloop
endfacet
facet normal 0 -0.9999999999999999 0
  outer loop
    vertex 20.246872971463823 -47.915311364394086 10
    vertex 20.753127028536177 -47.915311364394086 0
    vertex 20.753127028536177 -47.915311364394086 10
  endloop
endfacet
facet normal 0.2393156642875639 -0.9709418174260505 0
  outer loop
    vertex 19.755329737210676 -48.03646589036063 10
    vertex 19.755329737210676 -48.03646589036063 0
    vertex 20.246872971463823 -47.915311364394086 0
  endloop
endfacet
facet normal 0.2393156642875639 -0.9709418174260505 0
  outer loop
    vertex 19.755329737210676 -48.03646589036063 10
    vertex 20.246872971463823 -47.915311364394086 0
    vertex 20.246872971463823 -47.915311364394086 10
  endloop
endfacet
facet normal 0.4647231720437615 -0.8854560256532135 0
  outer loop
    vertex 19.307064031864574 -48.27173388162332 10
    vertex 19.307064031864574 -48.27173388162332 0
    vertex 19.755329737210676 -48.03646589036063 0
  endloop
endfacet
facet normal 0.4647231720437615 -0.8854560256532135 0
  outer loop
    vertex 19.307064031864574 -48.27173388162332 10
    vertex 19.755329737210676 -48.03646589036063 0
    vertex 19.755329737210676 -48.03646589036063 10
  endloop
endfacet
facet normal 0.6631226582407976 -0.748510748171099 0
  outer loop
    vertex 18.92812742884069 -48.60744241769433 10
    vertex 18.92812742884069 -48.60744241769433 0
    vertex 19.307064031864574 -48.27173388162332 0
  endloop
endfacet
facet normal 0.8229838658936565 -0.5680647467311557 0
  outer loop
    vertex 18.92812742884069 -48.60744241769433 10
    vertex 18.64054234612826 -49.024081338708086 0
    vertex 18.92812742884069 -48.60744241769433 0
  endloop
endfacet
facet normal 0.6631226582407976 -0.748510748171099 0
  outer loop
    vertex 18.92812742884069 -48.60744241769433 10
    vertex 19.307064031864574 -48.27173388162332 0
    vertex 19.307064031864574 -48.27173388162332 10
  endloop
endfacet
facet normal 0.8229838658936565 -0.5680647467311557 0
  outer loop
    vertex 18.64054234612826 -49.024081338708086 10
    vertex 18.64054234612826 -49.024081338708086 0
    vertex 18.92812742884069 -48.60744241769433 10
  endloop
endfacet
facet normal 0.9350162426854128 -0.35460488704254084 0
  outer loop
    vertex 18.64054234612826 -49.024081338708086 10
    vertex 18.46102218340529 -49.49743710499612 0
    vertex 18.64054234612826 -49.024081338708086 0
  endloop
endfacet
facet normal 0.9350162426854128 -0.35460488704254084 0
  outer loop
    vertex 18.46102218340529 -49.49743710499612 10
    vertex 18.46102218340529 -49.49743710499612 0
    vertex 18.64054234612826 -49.024081338708086 10
  endloop
endfacet
facet normal 0.9927088740980539 -0.12053668025532466 0
  outer loop
    vertex 18.4 -50 10
    vertex 18.46102218340529 -49.49743710499612 0
    vertex 18.46102218340529 -49.49743710499612 10
  endloop
endfacet
facet normal 0.9927088740980539 -0.12053668025532466 0
  outer loop
    vertex 18.4 -50 10
    vertex 18.4 -50 0
    vertex 18.46102218340529 -49.49743710499612 0
  endloop
endfacet
facet normal 0.9927088740980536 0.12053668025532634 0
  outer loop
    vertex 18.4 -50 10
    vertex 18.46102218340529 -50.50256289500387 0
    vertex 18.4 -50 0
  endloop
endfacet
facet normal 0.9927088740980536 0.12053668025532634 0
  outer loop
    vertex 18.46102218340529 -50.50256289500387 10
    vertex 18.46102218340529 -50.50256289500387 0
    vertex 18.4 -50 10
  endloop
endfacet
facet normal 0.9350162426854169 0.35460488704253007 0
  outer loop
    vertex 18.46102218340529 -50.50256289500387 10
    vertex 18.640542346128257 -50.975918661291914 0
    vertex 18.46102218340529 -50.50256289500387 0
  endloop
endfacet
facet normal 0.9350162426854169 0.35460488704253007 0
  outer loop
    vertex 18.640542346128257 -50.975918661291914 10
    vertex 18.640542346128257 -50.975918661291914 0
    vertex 18.46102218340529 -50.50256289500387 10
  endloop
endfacet
facet normal 0.8229838658936565 0.5680647467311557 0
  outer loop
    vertex 18.928127428840686 -51.39255758230567 10
    vertex 18.640542346128257 -50.975918661291914 0
    vertex 18.640542346128257 -50.975918661291914 10
  endloop
endfacet
facet normal 0.8229838658936565 0.5680647467311557 0
  outer loop
    vertex 18.928127428840686 -51.39255758230567 10
    vertex 18.928127428840686 -51.39255758230567 0
    vertex 18.640542346128257 -50.975918661291914 0
  endloop
endfacet
facet normal 0.6631226582407898 0.748510748171106 0
  outer loop
    vertex 19.30706403186457 -51.72826611837667 10
    vertex 18.928127428840686 -51.39255758230567 0
    vertex 18.928127428840686 -51.39255758230567 10
  endloop
endfacet
facet normal 0.6631226582407898 0.748510748171106 0
  outer loop
    vertex 19.30706403186457 -51.72826611837667 10
    vertex 19.30706403186457 -51.72826611837667 0
    vertex 18.928127428840686 -51.39255758230567 0
  endloop
endfacet
facet normal 0.4647231720437725 0.8854560256532078 0
  outer loop
    vertex 19.755329737210673 -51.96353410963937 10
    vertex 19.30706403186457 -51.72826611837667 0
    vertex 19.30706403186457 -51.72826611837667 10
  endloop
endfacet
facet normal 0.4647231720437725 0.8854560256532078 0
  outer loop
    vertex 19.755329737210673 -51.96353410963937 10
    vertex 19.755329737210673 -51.96353410963937 0
    vertex 19.30706403186457 -51.72826611837667 0
  endloop
endfacet
facet normal 0.2393156642875655 0.97094181742605 0
  outer loop
    vertex 20.246872971463816 -52.084688635605914 10
    vertex 19.755329737210673 -51.96353410963937 0
    vertex 19.755329737210673 -51.96353410963937 10
  endloop
endfacet
facet normal 0.2393156642875655 0.97094181742605 0
  outer loop
    vertex 20.246872971463816 -52.084688635605914 10
    vertex 20.246872971463816 -52.084688635605914 0
    vertex 19.755329737210673 -51.96353410963937 0
  endloop
endfacet
facet normal 0 0.9999999999999999 0
  outer loop
    vertex 20.246872971463816 -52.084688635605914 10
    vertex 20.753127028536174 -52.084688635605914 0
    vertex 20.246872971463816 -52.084688635605914 0
  endloop
endfacet
facet normal 0 0.9999999999999999 0
  outer loop
    vertex 20.753127028536174 -52.084688635605914 10
    vertex 20.753127028536174 -52.084688635605914 0
    vertex 20.246872971463816 -52.084688635605914 10
  endloop
endfacet
facet normal -0.23931566428755072 0.9709418174260539 0
  outer loop
    vertex 21.24467026278932 -51.963534109639376 10
    vertex 20.753127028536174 -52.084688635605914 0
    vertex 20.753127028536174 -52.084688635605914 10
  endloop
endfacet
facet normal -0.23931566428755072 0.9709418174260539 0
  outer loop
    vertex 21.24467026278932 -51.963534109639376 10
    vertex 21.24467026278932 -51.963534109639376 0
    vertex 20.753127028536174 -52.084688635605914 0
  endloop
endfacet
facet normal -0.4647231720437725 0.8854560256532078 0
  outer loop
    vertex 21.692935968135423 -51.72826611837668 10
    vertex 21.24467026278932 -51.963534109639376 0
    vertex 21.24467026278932 -51.963534109639376 10
  endloop
endfacet
facet normal -0.4647231720437725 0.8854560256532078 0
  outer loop
    vertex 21.692935968135423 -51.72826611837668 10
    vertex 21.692935968135423 -51.72826611837668 0
    vertex 21.24467026278932 -51.963534109639376 0
  endloop
endfacet
facet normal -0.6631226582407898 0.748510748171106 0
  outer loop
    vertex 21.692935968135423 -51.72826611837668 10
    vertex 22.071872571159307 -51.39255758230568 0
    vertex 21.692935968135423 -51.72826611837668 0
  endloop
endfacet
facet normal -0.6631226582407898 0.748510748171106 0
  outer loop
    vertex 22.071872571159307 -51.39255758230568 10
    vertex 22.071872571159307 -51.39255758230568 0
    vertex 21.692935968135423 -51.72826611837668 10
  endloop
endfacet
facet normal -0.8229838658936565 0.5680647467311557 0
  outer loop
    vertex 22.071872571159307 -51.39255758230568 10
    vertex 22.359457653871736 -50.97591866129192 0
    vertex 22.071872571159307 -51.39255758230568 0
  endloop
endfacet
facet normal -0.8229838658936565 0.5680647467311557 0
  outer loop
    vertex 22.359457653871736 -50.97591866129192 10
    vertex 22.359457653871736 -50.97591866129192 0
    vertex 22.071872571159307 -51.39255758230568 10
  endloop
endfacet
facet normal -0.9350162426854123 0.35460488704254234 0
  outer loop
    vertex 22.53897781659471 -50.50256289500388 10
    vertex 22.53897781659471 -50.50256289500388 0
    vertex 22.359457653871736 -50.97591866129192 0
  endloop
endfacet
facet normal -0.9927088740980539 0.12053668025532466 0
  outer loop
    vertex 22.53897781659471 -50.50256289500388 10
    vertex 22.6 -50 0
    vertex 22.53897781659471 -50.50256289500388 0
  endloop
endfacet
facet normal -0.9350162426854123 0.35460488704254234 0
  outer loop
    vertex 22.53897781659471 -50.50256289500388 10
    vertex 22.359457653871736 -50.97591866129192 0
    vertex 22.359457653871736 -50.97591866129192 10
  endloop
endfacet
facet normal -0.9927088740980539 0.12053668025532466 0
  outer loop
    vertex 22.6 -50 10
    vertex 22.6 -50 0
    vertex 22.53897781659471 -50.50256289500388 10
  endloop
endfacet
facet normal -0.9927088740980536 -0.12053668025532634 0
  outer loop
    vertex 22.53897781659471 50.50256289500387 10
    vertex 22.6 50 0
    vertex 22.6 50 10
  endloop
endfacet
facet normal -0.9927088740980536 -0.12053668025532634 0
  outer loop
    vertex 22.53897781659471 50.50256289500387 10
    vertex 22.53897781659471 50.50256289500387 0
    vertex 22.6 50 0
  endloop
endfacet
facet normal -0.9350162426854145 -0.3546048870425362 0
  outer loop
    vertex 22.35945765387174 50.975918661291914 10
    vertex 22.35945765387174 50.975918661291914 0
    vertex 22.53897781659471 50.50256289500387 0
  endloop
endfacet
facet normal -0.8229838658936565 -0.5680647467311557 0
  outer loop
    vertex 22.35945765387174 50.975918661291914 10
    vertex 22.07187257115931 51.39255758230567 0
    vertex 22.35945765387174 50.975918661291914 0
  endloop
endfacet
facet normal -0.9350162426854145 -0.3546048870425362 0
  outer loop
    vertex 22.35945765387174 50.975918661291914 10
    vertex 22.53897781659471 50.50256289500387 0
    vertex 22.53897781659471 50.50256289500387 10
  endloop
endfacet
facet normal -0.8229838658936565 -0.5680647467311557 0
  outer loop
    vertex 22.07187257115931 51.39255758230567 10
    vertex 22.07187257115931 51.39255758230567 0
    vertex 22.35945765387174 50.975918661291914 10
  endloop
endfacet
facet normal -0.6631226582407976 -0.748510748171099 0
  outer loop
    vertex 21.692935968135426 51.72826611837668 10
    vertex 21.692935968135426 51.72826611837668 0
    vertex 22.07187257115931 51.39255758230567 0
  endloop
endfacet
facet normal -0.6631226582407976 -0.748510748171099 0
  outer loop
    vertex 21.692935968135426 51.72826611837668 10
    vertex 22.07187257115931 51.39255758230567 0
    vertex 22.07187257115931 51.39255758230567 10
  endloop
endfacet
facet normal -0.4647231720437615 -0.8854560256532135 0
  outer loop
    vertex 21.244670262789324 51.96353410963937 10
    vertex 21.244670262789324 51.96353410963937 0
    vertex 21.692935968135426 51.72826611837668 0
  endloop
endfacet
facet normal -0.2393156642875639 -0.9709418174260505 0
  outer loop
    vertex 21.244670262789324 51.96353410963937 10
    vertex 20.753127028536177 52.084688635605914 0
    vertex 21.244670262789324 51.96353410963937 0
  endloop
endfacet
facet normal -0.4647231720437615 -0.8854560256532135 0
  outer loop
    vertex 21.244670262789324 51.96353410963937 10
    vertex 21.692935968135426 51.72826611837668 0
    vertex 21.692935968135426 51.72826611837668 10
  endloop
endfacet
facet normal -0.2393156642875639 -0.9709418174260505 0
  outer loop
    vertex 20.753127028536177 52.084688635605914 10
    vertex 20.753127028536177 52.084688635605914 0
    vertex 21.244670262789324 51.96353410963937 10
  endloop
endfacet
facet normal 0 -0.9999999999999999 0
  outer loop
    vertex 20.246872971463823 52.084688635605914 10
    vertex 20.246872971463823 52.084688635605914 0
    vertex 20.753127028536177 52.084688635605914 0
  endloop
endfacet
facet normal 0 -0.9999999999999999 0
  outer loop
    vertex 20.246872971463823 52.084688635605914 10
    vertex 20.753127028536177 52.084688635605914 0
    vertex 20.753127028536177 52.084688635605914 10
  endloop
endfacet
facet normal 0.2393156642875639 -0.9709418174260505 0
  outer loop
    vertex 19.755329737210676 51.96353410963937 10
    vertex 19.755329737210676 51.96353410963937 0
    vertex 20.246872971463823 52.084688635605914 0
  endloop
endfacet
facet normal 0.2393156642875639 -0.9709418174260505 0
  outer loop
    vertex 19.755329737210676 51.96353410963937 10
    vertex 20.246872971463823 52.084688635605914 0
    vertex 20.246872971463823 52.084688635605914 10
  endloop
endfacet
facet normal 0.4647231720437615 -0.8854560256532135 0
  outer loop
    vertex 19.307064031864574 51.72826611837668 10
    vertex 19.307064031864574 51.72826611837668 0
    vertex 19.755329737210676 51.96353410963937 0
  endloop
endfacet
facet normal 0.4647231720437615 -0.8854560256532135 0
  outer loop
    vertex 19.307064031864574 51.72826611837668 10
    vertex 19.755329737210676 51.96353410963937 0
    vertex 19.755329737210676 51.96353410963937 10
  endloop
endfacet
facet normal 0.6631226582407976 -0.748510748171099 0
  outer loop
    vertex 18.92812742884069 51.39255758230567 10
    vertex 18.92812742884069 51.39255758230567 0
    vertex 19.307064031864574 51.72826611837668 0
  endloop
endfacet
facet normal 0.8229838658936565 -0.5680647467311557 0
  outer loop
    vertex 18.92812742884069 51.39255758230567 10
    vertex 18.64054234612826 50.975918661291914 0
    vertex 18.92812742884069 51.39255758230567 0
  endloop
endfacet
facet normal 0.6631226582407976 -0.748510748171099 0
  outer loop
    vertex 18.92812742884069 51.39255758230567 10
    vertex 19.307064031864574 51.72826611837668 0
    vertex 19.307064031864574 51.72826611837668 10
  endloop
endfacet
facet normal 0.8229838658936565 -0.5680647467311557 0
  outer loop
    vertex 18.64054234612826 50.975918661291914 10
    vertex 18.64054234612826 50.975918661291914 0
    vertex 18.92812742884069 51.39255758230567 10
  endloop
endfacet
facet normal 0.9350162426854128 -0.35460488704254084 0
  outer loop
    vertex 18.64054234612826 50.975918661291914 10
    vertex 18.46102218340529 50.50256289500388 0
    vertex 18.64054234612826 50.975918661291914 0
  endloop
endfacet
facet normal 0.9350162426854128 -0.35460488704254084 0
  outer loop
    vertex 18.46102218340529 50.50256289500388 10
    vertex 18.46102218340529 50.50256289500388 0
    vertex 18.64054234612826 50.975918661291914 10
  endloop
endfacet
facet normal 0.9927088740980539 -0.12053668025532466 0
  outer loop
    vertex 18.4 50 10
    vertex 18.46102218340529 50.50256289500388 0
    vertex 18.46102218340529 50.50256289500388 10
  endloop
endfacet
facet normal 0.9927088740980539 -0.12053668025532466 0
  outer loop
    vertex 18.4 50 10
    vertex 18.4 50 0
    vertex 18.46102218340529 50.50256289500388 0
  endloop
endfacet
facet normal 0.9927088740980536 0.12053668025532634 0
  outer loop
    vertex 18.4 50 10
    vertex 18.46102218340529 49.49743710499613 0
    vertex 18.4 50 0
  endloop
endfacet
facet normal 0.9927088740980536 0.12053668025532634 0
  outer loop
    vertex 18.46102218340529 49.49743710499613 10
    vertex 18.46102218340529 49.49743710499613 0
    vertex 18.4 50 10
  endloop
endfacet
facet normal 0.9350162426854169 0.35460488704253007 0
  outer loop
    vertex 18.46102218340529 49.49743710499613 10
    vertex 18.640542346128257 49.024081338708086 0
    vertex 18.46102218340529 49.49743710499613 0
  endloop
endfacet
facet normal 0.9350162426854169 0.35460488704253007 0
  outer loop
    vertex 18.640542346128257 49.024081338708086 10
    vertex 18.640542346128257 49.024081338708086 0
    vertex 18.46102218340529 49.49743710499613 10
  endloop
endfacet
facet normal 0.8229838658936565 0.5680647467311557 0
  outer loop
    vertex 18.928127428840686 48.60744241769433 10
    vertex 18.640542346128257 49.024081338708086 0
    vertex 18.640542346128257 49.024081338708086 10
  endloop
endfacet
facet normal 0.8229838658936565 0.5680647467311557 0
  outer loop
    vertex 18.928127428840686 48.60744241769433 10
    vertex 18.928127428840686 48.60744241769433 0
    vertex 18.640542346128257 49.024081338708086 0
  endloop
endfacet
facet normal 0.6631226582407898 0.748510748171106 0
  outer loop
    vertex 19.30706403186457 48.27173388162333 10
    vertex 18.928127428840686 48.60744241769433 0
    vertex 18.928127428840686 48.60744241769433 10
  endloop
endfacet
facet normal 0.6631226582407898 0.748510748171106 0
  outer loop
    vertex 19.30706403186457 48.27173388162333 10
    vertex 19.30706403186457 48.27173388162333 0
    vertex 18.928127428840686 48.60744241769433 0
  endloop
endfacet
facet normal 0.4647231720437725 0.8854560256532078 0
  outer loop
    vertex 19.755329737210673 48.03646589036063 10
    vertex 19.30706403186457 48.27173388162333 0
    vertex 19.30706403186457 48.27173388162333 10
  endloop
endfacet
facet normal 0.4647231720437725 0.8854560256532078 0
  outer loop
    vertex 19.755329737210673 48.03646589036063 10
    vertex 19.755329737210673 48.03646589036063 0
    vertex 19.30706403186457 48.27173388162333 0
  endloop
endfacet
facet normal 0.2393156642875655 0.97094181742605 0
  outer loop
    vertex 20.246872971463816 47.915311364394086 10
    vertex 19.755329737210673 48.03646589036063 0
    vertex 19.755329737210673 48.03646589036063 10
  endloop
endfacet
facet normal 0.2393156642875655 0.97094181742605 0
  outer loop
    vertex 20.246872971463816 47.915311364394086 10
    vertex 20.246872971463816 47.915311364394086 0
    vertex 19.755329737210673 48.03646589036063 0
  endloop
endfacet
facet normal 0 0.9999999999999999 0
  outer loop
    vertex 20.246872971463816 47.915311364394086 10
    vertex 20.753127028536174 47.915311364394086 0
    vertex 20.246872971463816 47.915311364394086 0
  endloop
endfacet
facet normal 0 0.9999999999999999 0
  outer loop
    vertex 20.753127028536174 47.915311364394086 10
    vertex 20.753127028536174 47.915311364394086 0
    vertex 20.246872971463816 47.915311364394086 10
  endloop
endfacet
facet normal -0.23931566428755072 0.9709418174260539 0
  outer loop
    vertex 21.24467026278932 48.036465890360624 10
    vertex 20.753127028536174 47.915311364394086 0
    vertex 20.753127028536174 47.915311364394086 10
  endloop
endfacet
facet normal -0.23931566428755072 0.9709418174260539 0
  outer loop
    vertex 21.24467026278932 48.036465890360624 10
    vertex 21.24467026278932 48.036465890360624 0
    vertex 20.753127028536174 47.915311364394086 0
  endloop
endfacet
facet normal -0.4647231720437725 0.8854560256532078 0
  outer loop
    vertex 21.692935968135423 48.27173388162332 10
    vertex 21.24467026278932 48.036465890360624 0
    vertex 21.24467026278932 48.036465890360624 10
  endloop
endfacet
facet normal -0.4647231720437725 0.8854560256532078 0
  outer loop
    vertex 21.692935968135423 48.27173388162332 10
    vertex 21.692935968135423 48.27173388162332 0
    vertex 21.24467026278932 48.036465890360624 0
  endloop
endfacet
facet normal -0.6631226582407898 0.748510748171106 0
  outer loop
    vertex 21.692935968135423 48.27173388162332 10
    vertex 22.071872571159307 48.60744241769432 0
    vertex 21.692935968135423 48.27173388162332 0
  endloop
endfacet
facet normal -0.6631226582407898 0.748510748171106 0
  outer loop
    vertex 22.071872571159307 48.60744241769432 10
    vertex 22.071872571159307 48.60744241769432 0
    vertex 21.692935968135423 48.27173388162332 10
  endloop
endfacet
facet normal -0.8229838658936565 0.5680647467311557 0
  outer loop
    vertex 22.071872571159307 48.60744241769432 10
    vertex 22.359457653871736 49.02408133870808 0
    vertex 22.071872571159307 48.60744241769432 0
  endloop
endfacet
facet normal -0.8229838658936565 0.5680647467311557 0
  outer loop
    vertex 22.359457653871736 49.02408133870808 10
    vertex 22.359457653871736 49.02408133870808 0
    vertex 22.071872571159307 48.60744241769432 10
  endloop
endfacet
facet normal -0.9350162426854123 0.35460488704254234 0
  outer loop
    vertex 22.53897781659471 49.49743710499612 10
    vertex 22.53897781659471 49.49743710499612 0
    vertex 22.359457653871736 49.02408133870808 0
  endloop
endfacet
facet normal -0.9927088740980539 0.12053668025532466 0
  outer loop
    vertex 22.53897781659471 49.49743710499612 10
    vertex 22.6 50 0
    vertex 22.53897781659471 49.49743710499612 0
  endloop
endfacet
facet normal -0.9350162426854123 0.35460488704254234 0
  outer loop
    vertex 22.53897781659471 49.49743710499612 10
    vertex 22.359457653871736 49.02408133870808 0
    vertex 22.359457653871736 49.02408133870808 10
  endloop
endfacet
facet normal -0.9927088740980539 0.12053668025532466 0
  outer loop
    vertex 22.6 50 10
    vertex 22.6 50 0
    vertex 22.53897781659471 49.49743710499612 10
  endloop
endfacet
facet normal 0 0 -1
  outer loop
    vertex 22.071872571159307 -51.39255758230568 0
    vertex 26 -52 0
    vertex 25.878462024097665 -53.38918542133544 0
  endloop
endfacet
facet normal 0 0 -1
  outer loop
    vertex 21.692935968135423 -51.72826611837668 0
    vertex 25.878462024097665 -53.38918542133544 0
    vertex 25.517540966287267 -54.73616114660535 0
  endloop
endfacet
facet normal 0 0 -1
  outer loop
    vertex 21.692935968135423 -51.72826611837668 0
    vertex 25.517540966287267 -54.73616114660535 0
    vertex 24.928203230275514 -55.99999999999999 0
  endloop
endfacet
facet normal 0 0 -1
  outer loop
    vertex 21.692935968135423 -51.72826611837668 0
    vertex 22.071872571159307 -51.39255758230568 0
    vertex 25.878462024097665 -53.38918542133544 0
  endloop
endfacet
facet normal 0 0 -1
  outer loop
    vertex 22.359457653871736 -50.97591866129192 0
    vertex 26 -52 0
    vertex 22.071872571159307 -51.39255758230568 0
  endloop
endfacet
facet normal 0 0 -1
  outer loop
    vertex 21.24467026278932 -51.963534109639376 0
    vertex 24.928203230275514 -55.99999999999999 0
    vertex 24.12835554495183 -57.14230087749231 0
  endloop
endfacet
facet normal 0 0 -1
  outer loop
    vertex 21.24467026278932 -51.963534109639376 0
    vertex 21.692935968135423 -51.72826611837668 0
    vertex 24.928203230275514 -55.99999999999999 0
  endloop
endfacet
facet normal 0 0 -0.9999999999999999
  outer loop
    vertex 22.53897781659471 -50.50256289500388 0
    vertex 26 -52 0
    vertex 22.359457653871736 -50.97591866129192 0
  endloop
endfacet
facet normal 0 0 -1
  outer loop
    vertex 20.753127028536174 -52.084688635605914 0
    vertex 24.12835554495183 -57.14230087749231 0
    vertex 23.14230087749232 -58.128355544951816 0
  endloop
endfacet
facet normal 0 0 -1
  outer loop
    vertex 20.753127028536174 -52.084688635605914 0
    vertex 23.14230087749232 -58.128355544951816 0
    vertex 22.00000000000001 -58.9282032302755 0
  endloop
endfacet
facet normal 0 0 -1
  outer loop
    vertex 20.753127028536174 -52.084688635605914 0
    vertex 21.24467026278932 -51.963534109639376 0
    vertex 24.12835554495183 -57.14230087749231 0
  endloop
endfacet
facet normal 0 0 -1
  outer loop
    vertex 22.6 -50 0
    vertex 26 -52 0
    vertex 22.53897781659471 -50.50256289500388 0
  endloop
endfacet
facet normal 0 0 -1
  outer loop
    vertex 20.246872971463816 -52.084688635605914 0
    vertex 22.00000000000001 -58.9282032302755 0
    vertex 20.73616114660536 -59.517540966287264 0
  endloop
endfacet
facet normal 0 0 -1
  outer loop
    vertex 20.246872971463816 -52.084688635605914 0
    vertex 20.753127028536174 -52.084688635605914 0
    vertex 22.00000000000001 -58.9282032302755 0
  endloop
endfacet
facet normal 0 0 -1
  outer loop
    vertex 22.53897781659471 -49.49743710499613 0
    vertex 26 -52 0
    vertex 22.6 -50 0
  endloop
endfacet
facet normal 0 0 -1
  outer loop
    vertex 19.755329737210673 -51.96353410963937 0
    vertex 20.73616114660536 -59.517540966287264 0
    vertex 19.38918542133546 -59.878462024097665 0
  endloop
endfacet
facet normal 0 0 -1
  outer loop
    vertex 19.755329737210673 -51.96353410963937 0
    vertex 19.38918542133546 -59.878462024097665 0
    vertex 18 -60 0
  endloop
endfacet
facet normal 0 0 -1
  outer loop
    vertex 19.755329737210673 -51.96353410963937 0
    vertex 20.246872971463816 -52.084688635605914 0
    vertex 20.73616114660536 -59.517540966287264 0
  endloop
endfacet
facet normal 0 0 -1
  outer loop
    vertex 22.35945765387174 -49.024081338708086 0
    vertex 26 -52 0
    vertex 22.53897781659471 -49.49743710499613 0
  endloop
endfacet
facet normal 0 0 -1
  outer loop
    vertex 19.30706403186457 -51.72826611837667 0
    vertex 19.755329737210673 -51.96353410963937 0
    vertex 18 -60 0
  endloop
endfacet
facet normal 0 0 -1
  outer loop
    vertex 22.07187257115931 -48.60744241769433 0
    vertex 26 -52 0
    vertex 22.35945765387174 -49.024081338708086 0
  endloop
endfacet
facet normal 0 0 -1
  outer loop
    vertex 18.928127428840686 -51.39255758230567 0
    vertex 19.30706403186457 -51.72826611837667 0
    vertex 18 -60 0
  endloop
endfacet
facet normal 0 0 -0.9999999999999999
  outer loop
    vertex 18.640542346128257 -50.975918661291914 0
    vertex 18.928127428840686 -51.39255758230567 0
    vertex 18 -60 0
  endloop
endfacet
facet normal 0 0 -1
  outer loop
    vertex 26 -33.48946700083476 0
    vertex 26 -52 0
    vertex 22.07187257115931 -48.60744241769433 0
  endloop
endfacet
facet normal 0 0 -1
  outer loop
    vertex 26 -33.48946700083476 0
    vertex 22.07187257115931 -48.60744241769433 0
    vertex 21.692935968135426 -48.27173388162332 0
  endloop
endfacet
facet normal 0 0 -0.9999999999999999
  outer loop
    vertex 26 -33.48946700083476 0
    vertex 21.692935968135426 -48.27173388162332 0
    vertex 21.244670262789324 -48.03646589036063 0
  endloop
endfacet
facet normal 0 0 -1
  outer loop
    vertex 26 -33.48946700083476 0
    vertex 21.244670262789324 -48.03646589036063 0
    vertex 20.753127028536177 -47.915311364394086 0
  endloop
endfacet
facet normal 0 0 -1
  outer loop
    vertex 26 -33.48946700083476 0
    vertex 20.753127028536177 -47.915311364394086 0
    vertex 20.246872971463823 -47.915311364394086 0
  endloop
endfacet
facet normal 0 0 -1
  outer loop
    vertex 26 -33.48946700083476 0
    vertex 20.246872971463823 -47.915311364394086 0
    vertex 19.755329737210676 -48.03646589036063 0
  endloop
endfacet
facet normal 0 0 -1
  outer loop
    vertex 50.36 -6.499999999999999 0
    vertex 55.34945335452866 -12.564957613426188 0
    vertex 53.939241378064914 -14.78083650380163 0
  endloop
endfacet
facet normal 0 0 -1
  outer loop
    vertex 50.36 -6.499999999999999 0
    vertex 56.524246677097096 -10.215771004273588 0
    vertex 55.34945335452866 -12.564957613426188 0
  endloop
endfacet
facet normal 0 0 -1
  outer loop
    vertex 50.36 -6.499999999999999 0
    vertex 57.45115739462257 -7.758200334463724 0
    vertex 56.524246677097096 -10.215771004273588 0
  endloop
endfacet
facet normal 0 0 -1
  outer loop
    vertex 50.36 -6.499999999999999 0
    vertex 58.12035146252928 -5.218319161091283 0
    vertex 57.45115739462257 -7.758200334463724 0
  endloop
endfacet
facet normal 0 0 -1
  outer loop
    vertex 50.36 -6.499999999999999 0
    vertex 46.277399229239556 -21.867414969784278 0
    vertex 43.958408750581 -23.100743893982628 0
  endloop
endfacet
facet normal 0 0 -0.9999999999999999
  outer loop
    vertex 50.36 -6.499999999999999 0
    vertex 48.45722086854837 -20.402084052832645 0
    vertex 46.277399229239556 -21.867414969784278 0
  endloop
endfacet
facet normal 0 0 -1
  outer loop
    vertex 50.36 -6.499999999999999 0
    vertex 50.47474688535246 -18.72029754828104 0
    vertex 48.45722086854837 -20.402084052832645 0
  endloop
endfacet
facet normal 0 0 -1
  outer loop
    vertex 50.36 -6.499999999999999 0
    vertex 52.30857236933312 -16.839898343410866 0
    vertex 50.47474688535246 -18.72029754828104 0
  endloop
endfacet
facet normal 0 0 -1
  outer loop
    vertex 50.36 -6.499999999999999 0
    vertex 53.939241378064914 -14.78083650380163 0
    vertex 52.30857236933312 -16.839898343410866 0
  endloop
endfacet
facet normal 0 0 -0.9999999999999999
  outer loop
    vertex 53.28487122140427 -0.9052822524830199 0
    vertex 58.52472907695345 -2.6230743132347456 0
    vertex 58.12035146252928 -5.218319161091283 0
  endloop
endfacet
facet normal 0 0 -1
  outer loop
    vertex 53.28487122140427 -0.9052822524830199 0
    vertex 53.483361822988215 -0.7294349240648725 0
    vertex 58.52472907695345 -2.6230743132347456 0
  endloop
endfacet
facet normal 0 0 -1
  outer loop
    vertex 53.634001628218535 -0.5111954892481432 0
    vertex 58.52472907695345 -2.6230743132347456 0
    vertex 53.483361822988215 -0.7294349240648725 0
  endloop
endfacet
facet normal 0 0 -1
  outer loop
    vertex 53.05006537574679 -1.028517866953954 0
    vertex 58.12035146252928 -5.218319161091283 0
    vertex 50.36 -6.499999999999999 0
  endloop
endfacet
facet normal 0 0 -1
  outer loop
    vertex 53.05006537574679 -1.028517866953954 0
    vertex 53.28487122140427 -0.9052822524830199 0
    vertex 58.12035146252928 -5.218319161091283 0
  endloop
endfacet
facet normal 0 0 -1
  outer loop
    vertex 53.72803599916866 -0.2632472307163113 0
    vertex 58.66 -9.683989748506427e-14 0
    vertex 58.52472907695345 -2.6230743132347456 0
  endloop
endfacet
facet normal 0 0 -1
  outer loop
    vertex 53.72803599916866 -0.2632472307163113 0
    vertex 58.52472907695345 -2.6230743132347456 0
    vertex 53.634001628218535 -0.5111954892481432 0
  endloop
endfacet
facet normal 0 0 -1
  outer loop
    vertex 52.79259034828086 -1.0919797615078572 0
    vertex 53.05006537574679 -1.028517866953954 0
    vertex 50.36 -6.499999999999999 0
  endloop
endfacet
facet normal 0 0 -1
  outer loop
    vertex 53.760000000000005 2e-15 0
    vertex 58.66 -9.683989748506427e-14 0
    vertex 53.72803599916866 -0.2632472307163113 0
  endloop
endfacet
facet normal 0 0 -1
  outer loop
    vertex 52.52740965171915 -1.0919797615078572 0
    vertex 52.79259034828086 -1.0919797615078572 0
    vertex 50.36 -6.499999999999999 0
  endloop
endfacet
facet normal 0 0 -1
  outer loop
    vertex 53.72803599916866 0.2632472307163196 0
    vertex 58.52472907695347 2.623074313234553 0
    vertex 58.66 -9.683989748506427e-14 0
  endloop
endfacet
facet normal 0 0 -1
  outer loop
    vertex 53.72803599916866 0.2632472307163196 0
    vertex 58.66 -9.683989748506427e-14 0
    vertex 53.760000000000005 2e-15 0
  endloop
endfacet
facet normal 0 0 -1
  outer loop
    vertex 52.26993462425322 -1.028517866953954 0
    vertex 52.52740965171915 -1.0919797615078572 0
    vertex 50.36 -6.499999999999999 0
  endloop
endfacet
facet normal 0 0 -1
  outer loop
    vertex 53.634001628218535 0.511195489248151 0
    vertex 58.52472907695347 2.623074313234553 0
    vertex 53.72803599916866 0.2632472307163196 0
  endloop
endfacet
facet normal 0 0 -1
  outer loop
    vertex 52.035128778595734 -0.90528225248302 0
    vertex 52.26993462425322 -1.028517866953954 0
    vertex 50.36 -6.499999999999999 0
  endloop
endfacet
facet normal 0 0 -1
  outer loop
    vertex 53.483361822988215 0.7294349240648795 0
    vertex 58.52472907695347 2.623074313234553 0
    vertex 53.634001628218535 0.511195489248151 0
  endloop
endfacet
facet normal 0 0 -1
  outer loop
    vertex 51.83663817701179 -0.7294349240648729 0
    vertex 52.035128778595734 -0.90528225248302 0
    vertex 50.36 -6.499999999999999 0
  endloop
endfacet
facet normal 0 0 -1
  outer loop
    vertex 53.28487122140427 0.9052822524830261 0
    vertex 58.120351462529314 5.2183191610910935 0
    vertex 58.52472907695347 2.623074313234553 0
  endloop
endfacet
facet normal 0 0 -1
  outer loop
    vertex 53.28487122140427 0.9052822524830261 0
    vertex 58.52472907695347 2.623074313234553 0
    vertex 53.483361822988215 0.7294349240648795 0
  endloop
endfacet
facet normal 0 0 -1
  outer loop
    vertex 51.68599837178147 -0.5111954892481438 0
    vertex 51.83663817701179 -0.7294349240648729 0
    vertex 50.36 -6.499999999999999 0
  endloop
endfacet
facet normal 0 0 -1
  outer loop
    vertex 53.05006537574679 1.0285178669539596 0
    vertex 58.120351462529314 5.2183191610910935 0
    vertex 53.28487122140427 0.9052822524830261 0
  endloop
endfacet
facet normal 0 0 -1
  outer loop
    vertex 51.59196400083135 -0.2632472307163122 0
    vertex 51.68599837178147 -0.5111954892481438 0
    vertex 50.36 -6.499999999999999 0
  endloop
endfacet
facet normal 0 0 -1
  outer loop
    vertex 51.56 1.1182925904236532e-15 0
    vertex 51.59196400083135 -0.2632472307163122 0
    vertex 50.36 -6.499999999999999 0
  endloop
endfacet
facet normal 0 0 -1
  outer loop
    vertex 5.5 -45.00000000000001 0
    vertex 18.640542346128257 -50.975918661291914 0
    vertex 18 -60 0
  endloop
endfacet
facet normal 0 0 -1
  outer loop
    vertex 5.5 -45.00000000000001 0
    vertex 26 -33.48946700083476 0
    vertex 19.755329737210676 -48.03646589036063 0
  endloop
endfacet
facet normal 0 0 -1
  outer loop
    vertex 5.5 -45.00000000000001 0
    vertex 27.03860286916747 -29.5475195142697 0
    vertex 26.467327972705938 -30.79524129959487 0
  endloop
endfacet
facet normal 0 0 -1
  outer loop
    vertex 5.5 -45.00000000000001 0
    vertex 26.467327972705938 -30.79524129959487 0
    vertex 26.117697791306384 -32.12223918849925 0
  endloop
endfacet
facet normal 0 0 -1
  outer loop
    vertex 5.5 -45.00000000000001 0
    vertex 26.117697791306384 -32.12223918849925 0
    vertex 26 -33.48946700083476 0
  endloop
endfacet
facet normal 0 0 -1
  outer loop
    vertex 5.5 -45.00000000000001 0
    vertex 19.755329737210676 -48.03646589036063 0
    vertex 19.307064031864574 -48.27173388162332 0
  endloop
endfacet
facet normal 0 0 -1
  outer loop
    vertex 5.5 -45.00000000000001 0
    vertex 19.307064031864574 -48.27173388162332 0
    vertex 18.92812742884069 -48.60744241769433 0
  endloop
endfacet
facet normal 0 0 -1
  outer loop
    vertex 5.5 -45.00000000000001 0
    vertex 18.92812742884069 -48.60744241769433 0
    vertex 18.64054234612826 -49.024081338708086 0
  endloop
endfacet
facet normal 0 0 -1
  outer loop
    vertex 5.5 -45.00000000000001 0
    vertex 18.64054234612826 -49.024081338708086 0
    vertex 18.46102218340529 -49.49743710499612 0
  endloop
endfacet
facet normal 0 0 -1
  outer loop
    vertex 5.5 -45.00000000000001 0
    vertex 18.46102218340529 -49.49743710499612 0
    vertex 18.4 -50 0
  endloop
endfacet
facet normal 0 0 -1
  outer loop
    vertex 5.5 -45.00000000000001 0
    vertex 18.4 -50 0
    vertex 18.46102218340529 -50.50256289500387 0
  endloop
endfacet
facet normal 0 0 -0.9999999999999999
  outer loop
    vertex 5.5 -45.00000000000001 0
    vertex 18.46102218340529 -50.50256289500387 0
    vertex 18.640542346128257 -50.975918661291914 0
  endloop
endfacet
facet normal 0 0 -0.9999999999999999
  outer loop
    vertex 50.36 6.500000000000001 0
    vertex 58.120351462529314 5.2183191610910935 0
    vertex 53.05006537574679 1.0285178669539596 0
  endloop
endfacet
facet normal 0 0 -1
  outer loop
    vertex 50.36 6.500000000000001 0
    vertex 57.451157394622626 7.758200334463538 0
    vertex 58.120351462529314 5.2183191610910935 0
  endloop
endfacet
facet normal 0 0 -1
  outer loop
    vertex 50.36 6.500000000000001 0
    vertex 56.52424667709718 10.21577100427341 0
    vertex 57.451157394622626 7.758200334463538 0
  endloop
endfacet
facet normal 0 0 -1
  outer loop
    vertex 50.36 6.500000000000001 0
    vertex 51.59196400083135 0.26324723071631445 0
    vertex 51.56 1.1182925904236532e-15 0
  endloop
endfacet
facet normal 0 0 -1
  outer loop
    vertex 50.36 6.500000000000001 0
    vertex 51.68599837178147 0.5111954892481463 0
    vertex 51.59196400083135 0.26324723071631445 0
  endloop
endfacet
facet normal 0 0 -1
  outer loop
    vertex 50.36 6.500000000000001 0
    vertex 51.83663817701179 0.7294349240648756 0
    vertex 51.68599837178147 0.5111954892481463 0
  endloop
endfacet
facet normal 0 0 -1
  outer loop
    vertex 50.36 6.500000000000001 0
    vertex 52.035128778595734 0.9052822524830232 0
    vertex 51.83663817701179 0.7294349240648756 0
  endloop
endfacet
facet normal 0 0 -1
  outer loop
    vertex 50.36 6.500000000000001 0
    vertex 52.26993462425321 1.0285178669539579 0
    vertex 52.035128778595734 0.9052822524830232 0
  endloop
endfacet
facet normal 0 0 -1
  outer loop
    vertex 50.36 6.500000000000001 0
    vertex 52.52740965171915 1.0919797615078615 0
    vertex 52.26993462425321 1.0285178669539579 0
  endloop
endfacet
facet normal 0 0 -1
  outer loop
    vertex 50.36 6.500000000000001 0
    vertex 52.792590348280854 1.0919797615078621 0
    vertex 52.52740965171915 1.0919797615078615 0
  endloop
endfacet
facet normal 0 0 -1
  outer loop
    vertex 50.36 6.500000000000001 0
    vertex 53.05006537574679 1.0285178669539596 0
    vertex 52.792590348280854 1.0919797615078621 0
  endloop
endfacet
facet normal 0 0 -1
  outer loop
    vertex 55.349453354528755 12.564957613426019 0
    vertex 56.52424667709718 10.21577100427341 0
    vertex 50.36 6.500000000000001 0
  endloop
endfacet
facet normal 0 0 -1
  outer loop
    vertex -5.5 -45.00000000000001 0
    vertex 18 -60 0
    vertex -18 -60 0
  endloop
endfacet
facet normal 0 0 -1
  outer loop
    vertex -5.5 -45.00000000000001 0
    vertex 5.5 -45.00000000000001 0
    vertex 18 -60 0
  endloop
endfacet
facet normal 0 0 -1
  outer loop
    vertex 53.93924137806502 14.780836503801472 0
    vertex 55.349453354528755 12.564957613426019 0
    vertex 50.36 6.500000000000001 0
  endloop
endfacet
facet normal 0 0 -1
  outer loop
    vertex 52.30857236933325 16.83989834341072 0
    vertex 53.93924137806502 14.780836503801472 0
    vertex 50.36 6.500000000000001 0
  endloop
endfacet
facet normal 0 0 -1
  outer loop
    vertex 27.36 -6.499999999999999 0
    vertex 33.79940298507463 -25.491982343918995 0
    vertex 32.43555628181682 -25.64392585616939 0
  endloop
endfacet
facet normal 0 0 -1
  outer loop
    vertex 27.36 -6.499999999999999 0
    vertex 32.43555628181682 -25.64392585616939 0
    vertex 31.11774247112235 -26.0267200845024 0
  endloop
endfacet
facet normal 0 0 -0.9999999999999999
  outer loop
    vertex 27.36 -6.499999999999999 0
    vertex 31.11774247112235 -26.0267200845024 0
    vertex 29.88473749670915 -26.629101520118127 0
  endloop
endfacet
facet normal 0 0 -1
  outer loop
    vertex 27.36 -6.499999999999999 0
    vertex 29.88473749670915 -26.629101520118127 0
    vertex 28.772821849116777 -27.433345421892582 0
  endloop
endfacet
facet normal 0 0 -1
  outer loop
    vertex 27.36 -6.499999999999999 0
    vertex 28.772821849116777 -27.433345421892582 0
    vertex 27.814713032305395 -28.415787357098143 0
  endloop
endfacet
facet normal 0 0 -1
  outer loop
    vertex 27.36 -6.499999999999999 0
    vertex 27.814713032305395 -28.415787357098143 0
    vertex 27.03860286916747 -29.5475195142697 0
  endloop
endfacet
facet normal 0 0 -0.9999999999999999
  outer loop
    vertex 27.36 -6.499999999999999 0
    vertex 50.36 -6.499999999999999 0
    vertex 43.958408750581 -23.100743893982628 0
  endloop
endfacet
facet normal 0 0 -1
  outer loop
    vertex 27.36 -6.499999999999999 0
    vertex 27.03860286916747 -29.5475195142697 0
    vertex 5.5 -45.00000000000001 0
  endloop
endfacet
facet normal 0 0 -0.9999999999999999
  outer loop
    vertex 27.36 -6.499999999999999 0
    vertex 36.41826068890896 -25.290981342824768 0
    vertex 33.79940298507463 -25.491982343918995 0
  endloop
endfacet
facet normal 0 0 -1
  outer loop
    vertex 27.36 -6.499999999999999 0
    vertex 39.00254992757348 -24.821656075770026 0
    vertex 36.41826068890896 -25.290981342824768 0
  endloop
endfacet
facet normal 0 0 -1
  outer loop
    vertex 27.36 -6.499999999999999 0
    vertex 41.524852725324415 -24.08898584174171 0
    vertex 39.00254992757348 -24.821656075770026 0
  endloop
endfacet
facet normal 0 0 -1
  outer loop
    vertex 27.36 -6.499999999999999 0
    vertex 43.958408750581 -23.100743893982628 0
    vertex 41.524852725324415 -24.08898584174171 0
  endloop
endfacet
facet normal 0 0 -1
  outer loop
    vertex -19.307064031864577 -51.72826611837668 0
    vertex -18.928127428840693 -51.39255758230568 0
    vertex -18 -60 0
  endloop
endfacet
facet normal 0 0 -0.9999999999999999
  outer loop
    vertex -18.640542346128264 -50.97591866129192 0
    vertex -5.5 -45.00000000000001 0
    vertex -18 -60 0
  endloop
endfacet
facet normal 0 0 -0.9999999999999999
  outer loop
    vertex -18.640542346128264 -50.97591866129192 0
    vertex -18 -60 0
    vertex -18.928127428840693 -51.39255758230568 0
  endloop
endfacet
facet normal 0 0 -1
  outer loop
    vertex -19.75532973721068 -51.963534109639376 0
    vertex -18 -60 0
    vertex -19.389185421335444 -59.878462024097665 0
  endloop
endfacet
facet normal 0 0 -1
  outer loop
    vertex -19.75532973721068 -51.963534109639376 0
    vertex -19.389185421335444 -59.878462024097665 0
    vertex -20.73616114660535 -59.517540966287264 0
  endloop
endfacet
facet normal 0 0 -1
  outer loop
    vertex -19.75532973721068 -51.963534109639376 0
    vertex -19.307064031864577 -51.72826611837668 0
    vertex -18 -60 0
  endloop
endfacet
facet normal 0 0 -1
  outer loop
    vertex -18.46102218340529 -50.50256289500388 0
    vertex -5.5 -45.00000000000001 0
    vertex -18.640542346128264 -50.97591866129192 0
  endloop
endfacet
facet normal 0 0 -1
  outer loop
    vertex -20.246872971463826 -52.084688635605914 0
    vertex -20.73616114660535 -59.517540966287264 0
    vertex -22 -58.92820323027551 0
  endloop
endfacet
facet normal 0 0 -1
  outer loop
    vertex -20.246872971463826 -52.084688635605914 0
    vertex -19.75532973721068 -51.963534109639376 0
    vertex -20.73616114660535 -59.517540966287264 0
  endloop
endfacet
facet normal 0 0 -1
  outer loop
    vertex 50.4747468853526 18.72029754828091 0
    vertex 52.30857236933325 16.83989834341072 0
    vertex 50.36 6.500000000000001 0
  endloop
endfacet
facet normal 0 0 -0.9999999999999999
  outer loop
    vertex -18.4 -50 0
    vertex -5.5 -45.00000000000001 0
    vertex -18.46102218340529 -50.50256289500388 0
  endloop
endfacet
facet normal 0 0 -1
  outer loop
    vertex -20.753127028536184 -52.084688635605914 0
    vertex -22 -58.92820323027551 0
    vertex -23.142300877492318 -58.12835554495182 0
  endloop
endfacet
facet normal 0 0 -1
  outer loop
    vertex -20.753127028536184 -52.084688635605914 0
    vertex -23.142300877492318 -58.12835554495182 0
    vertex -24.128355544951823 -57.14230087749231 0
  endloop
endfacet
facet normal 0 0 -1
  outer loop
    vertex -20.753127028536184 -52.084688635605914 0
    vertex -20.246872971463826 -52.084688635605914 0
    vertex -22 -58.92820323027551 0
  endloop
endfacet
facet normal 0 0 -1
  outer loop
    vertex -18.46102218340529 -49.49743710499613 0
    vertex -5.5 -45.00000000000001 0
    vertex -18.4 -50 0
  endloop
endfacet
facet normal 0 0 -1
  outer loop
    vertex -21.244670262789327 -51.96353410963937 0
    vertex -24.128355544951823 -57.14230087749231 0
    vertex -24.92820323027551 -56 0
  endloop
endfacet
facet normal 0 0 -0.9999999999999999
  outer loop
    vertex -21.244670262789327 -51.96353410963937 0
    vertex -20.753127028536184 -52.084688635605914 0
    vertex -24.128355544951823 -57.14230087749231 0
  endloop
endfacet
facet normal 0 0 -1
  outer loop
    vertex -18.64054234612826 -49.024081338708086 0
    vertex -5.5 -45.00000000000001 0
    vertex -18.46102218340529 -49.49743710499613 0
  endloop
endfacet
facet normal 0 0 -1
  outer loop
    vertex -21.69293596813543 -51.72826611837667 0
    vertex -21.244670262789327 -51.96353410963937 0
    vertex -24.92820323027551 -56 0
  endloop
endfacet
facet normal 0 0 -1
  outer loop
    vertex -18.92812742884069 -48.60744241769433 0
    vertex -5.5 -45.00000000000001 0
    vertex -18.64054234612826 -49.024081338708086 0
  endloop
endfacet
facet normal 0 0 -1
  outer loop
    vertex -25.517540966287267 -54.73616114660535 0
    vertex -21.69293596813543 -51.72826611837667 0
    vertex -24.92820323027551 -56 0
  endloop
endfacet
facet normal 0 0 -1
  outer loop
    vertex -19.307064031864574 -48.27173388162332 0
    vertex -5.5 -45.00000000000001 0
    vertex -18.92812742884069 -48.60744241769433 0
  endloop
endfacet
facet normal 0 0 -1
  outer loop
    vertex -19.755329737210676 -48.03646589036063 0
    vertex -5.5 -45.00000000000001 0
    vertex -19.307064031864574 -48.27173388162332 0
  endloop
endfacet
facet normal 0 0 -1
  outer loop
    vertex 48.457220868548525 20.402084052832528 0
    vertex 50.4747468853526 18.72029754828091 0
    vertex 50.36 6.500000000000001 0
  endloop
endfacet
facet normal 0 0 -1
  outer loop
    vertex -20.246872971463823 -47.915311364394086 0
    vertex -5.5 -45.00000000000001 0
    vertex -19.755329737210676 -48.03646589036063 0
  endloop
endfacet
facet normal 0 0 -1
  outer loop
    vertex -25.878462024097665 -53.38918542133544 0
    vertex -22.071872571159314 -51.39255758230567 0
    vertex -21.69293596813543 -51.72826611837667 0
  endloop
endfacet
facet normal 0 0 -0.9999999999999999
  outer loop
    vertex -25.878462024097665 -53.38918542133544 0
    vertex -21.69293596813543 -51.72826611837667 0
    vertex -25.517540966287267 -54.73616114660535 0
  endloop
endfacet
facet normal 0 0 -1
  outer loop
    vertex -20.753127028536177 -47.915311364394086 0
    vertex -5.5 -45.00000000000001 0
    vertex -20.246872971463823 -47.915311364394086 0
  endloop
endfacet
facet normal 0 0 -1
  outer loop
    vertex 25.684871221404272 -0.9052822524830199 0
    vertex 25.88336182298821 -0.7294349240648725 0
    vertex 27.36 -6.499999999999999 0
  endloop
endfacet
facet normal 0 0 -1
  outer loop
    vertex 26.03400162821853 -0.5111954892481432 0
    vertex 27.36 -6.499999999999999 0
    vertex 25.88336182298821 -0.7294349240648725 0
  endloop
endfacet
facet normal 0 0 -0.9999999999999999
  outer loop
    vertex 25.45006537574679 -1.028517866953954 0
    vertex 25.684871221404272 -0.9052822524830199 0
    vertex 27.36 -6.499999999999999 0
  endloop
endfacet
facet normal 0 0 -1
  outer loop
    vertex 26.128035999168656 -0.2632472307163113 0
    vertex 27.36 -6.499999999999999 0
    vertex 26.03400162821853 -0.5111954892481432 0
  endloop
endfacet
facet normal 0 0 -1
  outer loop
    vertex 25.192590348280856 -1.0919797615078572 0
    vertex 25.45006537574679 -1.028517866953954 0
    vertex 27.36 -6.499999999999999 0
  endloop
endfacet
facet normal 0 0 -1
  outer loop
    vertex 26.16 2e-15 0
    vertex 27.36 -6.499999999999999 0
    vertex 26.128035999168656 -0.2632472307163113 0
  endloop
endfacet
facet normal 0 0 -1
  outer loop
    vertex 24.927409651719145 -1.0919797615078572 0
    vertex 25.192590348280856 -1.0919797615078572 0
    vertex 27.36 -6.499999999999999 0
  endloop
endfacet
facet normal 0 0 -1
  outer loop
    vertex -26 -52 0
    vertex -22.071872571159314 -51.39255758230567 0
    vertex -25.878462024097665 -53.38918542133544 0
  endloop
endfacet
facet normal 0 0 -1
  outer loop
    vertex -26 -52 0
    vertex -22.07187257115931 -48.60744241769433 0
    vertex -22.35945765387174 -49.024081338708086 0
  endloop
endfacet
facet normal 0 0 -1
  outer loop
    vertex -26 -52 0
    vertex -22.35945765387174 -49.024081338708086 0
    vertex -22.53897781659471 -49.49743710499612 0
  endloop
endfacet
facet normal 0 0 -1
  outer loop
    vertex -26 -52 0
    vertex -22.53897781659471 -49.49743710499612 0
    vertex -22.6 -50 0
  endloop
endfacet
facet normal 0 0 -1
  outer loop
    vertex -26 -52 0
    vertex -22.6 -50 0
    vertex -22.53897781659471 -50.50256289500387 0
  endloop
endfacet
facet normal 0 0 -0.9999999999999999
  outer loop
    vertex -26 -52 0
    vertex -22.53897781659471 -50.50256289500387 0
    vertex -22.359457653871743 -50.975918661291914 0
  endloop
endfacet
facet normal 0 0 -1
  outer loop
    vertex -26 -52 0
    vertex -22.359457653871743 -50.975918661291914 0
    vertex -22.071872571159314 -51.39255758230567 0
  endloop
endfacet
facet normal 0 0 -1
  outer loop
    vertex 24.66993462425321 -1.028517866953954 0
    vertex 24.927409651719145 -1.0919797615078572 0
    vertex 27.36 -6.499999999999999 0
  endloop
endfacet
facet normal 0 0 -1
  outer loop
    vertex 24.43512877859573 -0.90528225248302 0
    vertex 24.66993462425321 -1.028517866953954 0
    vertex 27.36 -6.499999999999999 0
  endloop
endfacet
facet normal 0 0 -1
  outer loop
    vertex 24.236638177011788 -0.7294349240648729 0
    vertex 27.36 -6.499999999999999 0
    vertex 5.5 -45.00000000000001 0
  endloop
endfacet
facet normal 0 0 -1
  outer loop
    vertex 24.236638177011788 -0.7294349240648729 0
    vertex 24.43512877859573 -0.90528225248302 0
    vertex 27.36 -6.499999999999999 0
  endloop
endfacet
facet normal 0 0 -1
  outer loop
    vertex 24.085998371781468 -0.5111954892481438 0
    vertex 24.236638177011788 -0.7294349240648729 0
    vertex 5.5 -45.00000000000001 0
  endloop
endfacet
facet normal 0 0 -1
  outer loop
    vertex 46.27739922923972 21.86741496978418 0
    vertex 48.457220868548525 20.402084052832528 0
    vertex 50.36 6.500000000000001 0
  endloop
endfacet
facet normal 0 0 -1
  outer loop
    vertex 27.36 6.500000000000001 0
    vertex 26.128035999168656 0.2632472307163196 0
    vertex 26.03400162821853 0.511195489248151 0
  endloop
endfacet
facet normal 0 0 -1
  outer loop
    vertex 27.36 6.500000000000001 0
    vertex 26.16 2e-15 0
    vertex 26.128035999168656 0.2632472307163196 0
  endloop
endfacet
facet normal 0 0 -1
  outer loop
    vertex 27.36 6.500000000000001 0
    vertex 24.435128778595725 0.9052822524830232 0
    vertex 24.236638177011788 0.7294349240648756 0
  endloop
endfacet
facet normal 0 0 -1
  outer loop
    vertex 27.36 6.500000000000001 0
    vertex 24.66993462425321 1.0285178669539579 0
    vertex 24.435128778595725 0.9052822524830232 0
  endloop
endfacet
facet normal 0 0 -1
  outer loop
    vertex 27.36 6.500000000000001 0
    vertex 24.92740965171914 1.0919797615078615 0
    vertex 24.66993462425321 1.0285178669539579 0
  endloop
endfacet
facet normal 0 0 -1
  outer loop
    vertex 27.36 6.500000000000001 0
    vertex 25.192590348280852 1.0919797615078621 0
    vertex 24.92740965171914 1.0919797615078615 0
  endloop
endfacet
facet normal 0 0 -1
  outer loop
    vertex 27.36 6.500000000000001 0
    vertex 25.450065375746785 1.0285178669539596 0
    vertex 25.192590348280852 1.0919797615078621 0
  endloop
endfacet
facet normal 0 0 -0.9999999999999999
  outer loop
    vertex 27.36 6.500000000000001 0
    vertex 25.68487122140427 0.9052822524830261 0
    vertex 25.450065375746785 1.0285178669539596 0
  endloop
endfacet
facet normal 0 0 -1
  outer loop
    vertex 27.36 6.500000000000001 0
    vertex 25.883361822988206 0.7294349240648795 0
    vertex 25.68487122140427 0.9052822524830261 0
  endloop
endfacet
facet normal 0 0 -0.9999999999999999
  outer loop
    vertex 27.36 6.500000000000001 0
    vertex 26.03400162821853 0.511195489248151 0
    vertex 25.883361822988206 0.7294349240648795 0
  endloop
endfacet
facet normal 0 0 -1
  outer loop
    vertex 43.95840875058117 23.100743893982546 0
    vertex 46.27739922923972 21.86741496978418 0
    vertex 50.36 6.500000000000001 0
  endloop
endfacet
facet normal 0 0 -1
  outer loop
    vertex 43.95840875058117 23.100743893982546 0
    vertex 50.36 6.500000000000001 0
    vertex 27.36 6.500000000000001 0
  endloop
endfacet
facet normal 0 0 -1
  outer loop
    vertex 41.5248527253246 24.088985841741646 0
    vertex 43.95840875058117 23.100743893982546 0
    vertex 27.36 6.500000000000001 0
  endloop
endfacet
facet normal 0 0 -1
  outer loop
    vertex 39.00254992757367 24.821656075769983 0
    vertex 41.5248527253246 24.088985841741646 0
    vertex 27.36 6.500000000000001 0
  endloop
endfacet
facet normal 0 0 -1
  outer loop
    vertex 36.41826068890915 25.290981342824743 0
    vertex 39.00254992757367 24.821656075769983 0
    vertex 27.36 6.500000000000001 0
  endloop
endfacet
facet normal 0 0 -1
  outer loop
    vertex 33.799402985074614 25.491982343918995 0
    vertex 36.41826068890915 25.290981342824743 0
    vertex 27.36 6.500000000000001 0
  endloop
endfacet
facet normal 0 0 -1
  outer loop
    vertex 32.43555628181684 25.643925856169385 0
    vertex 33.799402985074614 25.491982343918995 0
    vertex 27.36 6.500000000000001 0
  endloop
endfacet
facet normal 0 0 -1
  outer loop
    vertex 31.11774247112236 26.026720084502397 0
    vertex 32.43555628181684 25.643925856169385 0
    vertex 27.36 6.500000000000001 0
  endloop
endfacet
facet normal 0 0 -1
  outer loop
    vertex 29.884737496709157 26.629101520118123 0
    vertex 31.11774247112236 26.026720084502397 0
    vertex 27.36 6.500000000000001 0
  endloop
endfacet
facet normal 0 0 -1
  outer loop
    vertex 28.772821849116784 27.43334542189258 0
    vertex 29.884737496709157 26.629101520118123 0
    vertex 27.36 6.500000000000001 0
  endloop
endfacet
facet normal 0 0 -1
  outer loop
    vertex 27.8147130323054 28.41578735709814 0
    vertex 28.772821849116784 27.43334542189258 0
    vertex 27.36 6.500000000000001 0
  endloop
endfacet
facet normal 0 0 -1
  outer loop
    vertex 27.03860286916747 29.547519514269695 0
    vertex 27.8147130323054 28.41578735709814 0
    vertex 27.36 6.500000000000001 0
  endloop
endfacet
facet normal 0 0 -1
  outer loop
    vertex 22.071872571159307 48.60744241769432 0
    vertex 26 52 0
    vertex 26 33.48946700083476 0
  endloop
endfacet
facet normal 0 0 -0.9999999999999999
  outer loop
    vertex 21.692935968135423 48.27173388162332 0
    vertex 22.071872571159307 48.60744241769432 0
    vertex 26 33.48946700083476 0
  endloop
endfacet
facet normal 0 0 -0.9999999999999999
  outer loop
    vertex 22.359457653871736 49.02408133870808 0
    vertex 26 52 0
    vertex 22.071872571159307 48.60744241769432 0
  endloop
endfacet
facet normal 0 0 -1
  outer loop
    vertex 21.24467026278932 48.036465890360624 0
    vertex 21.692935968135423 48.27173388162332 0
    vertex 26 33.48946700083476 0
  endloop
endfacet
facet normal 0 0 -1
  outer loop
    vertex 22.53897781659471 49.49743710499612 0
    vertex 26 52 0
    vertex 22.359457653871736 49.02408133870808 0
  endloop
endfacet
facet normal 0 0 -1
  outer loop
    vertex 20.753127028536174 47.915311364394086 0
    vertex 21.24467026278932 48.036465890360624 0
    vertex 26 33.48946700083476 0
  endloop
endfacet
facet normal 0 0 -0.9999999999999999
  outer loop
    vertex 22.6 50 0
    vertex 26 52 0
    vertex 22.53897781659471 49.49743710499612 0
  endloop
endfacet
facet normal 0 0 -1
  outer loop
    vertex 20.246872971463816 47.915311364394086 0
    vertex 20.753127028536174 47.915311364394086 0
    vertex 26 33.48946700083476 0
  endloop
endfacet
facet normal 0 0 -0.9999999999999999
  outer loop
    vertex 22.53897781659471 50.50256289500387 0
    vertex 26 52 0
    vertex 22.6 50 0
  endloop
endfacet
facet normal 0 0 -0.9999999999999999
  outer loop
    vertex 19.755329737210673 48.03646589036063 0
    vertex 20.246872971463816 47.915311364394086 0
    vertex 26 33.48946700083476 0
  endloop
endfacet
facet normal 0 0 -1
  outer loop
    vertex 22.35945765387174 50.975918661291914 0
    vertex 26 52 0
    vertex 22.53897781659471 50.50256289500387 0
  endloop
endfacet
facet normal 0 0 -0.9999999999999999
  outer loop
    vertex 22.07187257115931 51.39255758230567 0
    vertex 26 52 0
    vertex 22.35945765387174 50.975918661291914 0
  endloop
endfacet
facet normal 0 0 -1
  outer loop
    vertex 22.07187257115931 51.39255758230567 0
    vertex 25.878462024097665 53.38918542133545 0
    vertex 26 52 0
  endloop
endfacet
facet normal 0 0 -1
  outer loop
    vertex 21.692935968135426 51.72826611837668 0
    vertex 25.878462024097665 53.38918542133545 0
    vertex 22.07187257115931 51.39255758230567 0
  endloop
endfacet
facet normal 0 0 -1
  outer loop
    vertex 21.692935968135426 51.72826611837668 0
    vertex 25.517540966287264 54.736161146605355 0
    vertex 25.878462024097665 53.38918542133545 0
  endloop
endfacet
facet normal 0 0 -1
  outer loop
    vertex 24.928203230275507 56 0
    vertex 21.692935968135426 51.72826611837668 0
    vertex 21.244670262789324 51.96353410963937 0
  endloop
endfacet
facet normal 0 0 -1
  outer loop
    vertex 24.928203230275507 56 0
    vertex 25.517540966287264 54.736161146605355 0
    vertex 21.692935968135426 51.72826611837668 0
  endloop
endfacet
facet normal 0 0 -1
  outer loop
    vertex 24.128355544951823 57.14230087749232 0
    vertex 24.928203230275507 56 0
    vertex 21.244670262789324 51.96353410963937 0
  endloop
endfacet
facet normal 0 0 -1
  outer loop
    vertex 24.128355544951823 57.14230087749232 0
    vertex 21.244670262789324 51.96353410963937 0
    vertex 20.753127028536177 52.084688635605914 0
  endloop
endfacet
facet normal 0 0 -1
  outer loop
    vertex 23.142300877492318 58.12835554495182 0
    vertex 24.128355544951823 57.14230087749232 0
    vertex 20.753127028536177 52.084688635605914 0
  endloop
endfacet
facet normal 0 0 -1
  outer loop
    vertex 22.000000000000004 58.92820323027551 0
    vertex 20.753127028536177 52.084688635605914 0
    vertex 20.246872971463823 52.084688635605914 0
  endloop
endfacet
facet normal 0 0 -1
  outer loop
    vertex 22.000000000000004 58.92820323027551 0
    vertex 23.142300877492318 58.12835554495182 0
    vertex 20.753127028536177 52.084688635605914 0
  endloop
endfacet
facet normal 0 0 -1
  outer loop
    vertex 20.736161146605355 59.517540966287264 0
    vertex 20.246872971463823 52.084688635605914 0
    vertex 19.755329737210676 51.96353410963937 0
  endloop
endfacet
facet normal 0 0 -1
  outer loop
    vertex 20.736161146605355 59.517540966287264 0
    vertex 22.000000000000004 58.92820323027551 0
    vertex 20.246872971463823 52.084688635605914 0
  endloop
endfacet
facet normal 0 0 -1
  outer loop
    vertex 5.5 44.99999999999999 0
    vertex 27.03860286916747 29.547519514269695 0
    vertex 27.36 6.500000000000001 0
  endloop
endfacet
facet normal 0 0 -1
  outer loop
    vertex 5.5 44.99999999999999 0
    vertex 18.46102218340529 50.50256289500388 0
    vertex 18.4 50 0
  endloop
endfacet
facet normal 0 0 -1
  outer loop
    vertex 5.5 44.99999999999999 0
    vertex 18.4 50 0
    vertex 18.46102218340529 49.49743710499613 0
  endloop
endfacet
facet normal 0 0 -1
  outer loop
    vertex 5.5 44.99999999999999 0
    vertex 19.755329737210673 48.03646589036063 0
    vertex 26 33.48946700083476 0
  endloop
endfacet
facet normal 0 0 -1
  outer loop
    vertex 5.5 44.99999999999999 0
    vertex 18.46102218340529 49.49743710499613 0
    vertex 18.640542346128257 49.024081338708086 0
  endloop
endfacet
facet normal 0 0 -1
  outer loop
    vertex 5.5 44.99999999999999 0
    vertex 18.640542346128257 49.024081338708086 0
    vertex 18.928127428840686 48.60744241769433 0
  endloop
endfacet
facet normal 0 0 -1
  outer loop
    vertex 5.5 44.99999999999999 0
    vertex 18.928127428840686 48.60744241769433 0
    vertex 19.30706403186457 48.27173388162333 0
  endloop
endfacet
facet normal 0 0 -1
  outer loop
    vertex 5.5 44.99999999999999 0
    vertex 19.30706403186457 48.27173388162333 0
    vertex 19.755329737210673 48.03646589036063 0
  endloop
endfacet
facet normal 0 0 -1
  outer loop
    vertex 5.5 44.99999999999999 0
    vertex 27.36 6.500000000000001 0
    vertex 24.236638177011788 0.7294349240648756 0
  endloop
endfacet
facet normal 0 0 -1
  outer loop
    vertex 5.5 44.99999999999999 0
    vertex 26 33.48946700083476 0
    vertex 26.117697791306384 32.12223918849924 0
  endloop
endfacet
facet normal 0 0 -1
  outer loop
    vertex 5.5 44.99999999999999 0
    vertex 26.117697791306384 32.12223918849924 0
    vertex 26.467327972705938 30.795241299594863 0
  endloop
endfacet
facet normal 0 0 -1
  outer loop
    vertex 5.5 44.99999999999999 0
    vertex 26.467327972705938 30.795241299594863 0
    vertex 27.03860286916747 29.547519514269695 0
  endloop
endfacet
facet normal 0 0 -1
  outer loop
    vertex 5.5 44.99999999999999 0
    vertex 24.236638177011788 0.7294349240648756 0
    vertex 24.085998371781468 0.5111954892481463 0
  endloop
endfacet
facet normal 0 0 -1
  outer loop
    vertex 19.389185421335448 59.878462024097665 0
    vertex 20.736161146605355 59.517540966287264 0
    vertex 19.755329737210676 51.96353410963937 0
  endloop
endfacet
facet normal 0 0 -1
  outer loop
    vertex 18 60 0
    vertex 19.755329737210676 51.96353410963937 0
    vertex 19.307064031864574 51.72826611837668 0
  endloop
endfacet
facet normal 0 0 -0.9999999999999999
  outer loop
    vertex 18 60 0
    vertex 19.307064031864574 51.72826611837668 0
    vertex 18.92812742884069 51.39255758230567 0
  endloop
endfacet
facet normal 0 0 -1
  outer loop
    vertex 18 60 0
    vertex 18.92812742884069 51.39255758230567 0
    vertex 18.64054234612826 50.975918661291914 0
  endloop
endfacet
facet normal 0 0 -1
  outer loop
    vertex 18 60 0
    vertex 19.389185421335448 59.878462024097665 0
    vertex 19.755329737210676 51.96353410963937 0
  endloop
endfacet
facet normal 0 0 -0.9999999999999999
  outer loop
    vertex 5.5 60 0
    vertex 18.64054234612826 50.975918661291914 0
    vertex 18.46102218340529 50.50256289500388 0
  endloop
endfacet
facet normal 0 0 -1
  outer loop
    vertex 5.5 60 0
    vertex 18 60 0
    vertex 18.64054234612826 50.975918661291914 0
  endloop
endfacet
facet normal 0 0 -1
  outer loop
    vertex 5.5 60 0
    vertex 18.46102218340529 50.50256289500388 0
    vertex 5.5 44.99999999999999 0
  endloop
endfacet
facet normal 0 0 -0.9999999999999999
  outer loop
    vertex -19.307064031864577 48.27173388162332 0
    vertex -18.928127428840693 48.60744241769432 0
    vertex -5.5 44.99999999999999 0
  endloop
endfacet
facet normal 0 0 -1
  outer loop
    vertex -18.640542346128264 49.02408133870808 0
    vertex -5.5 44.99999999999999 0
    vertex -18.928127428840693 48.60744241769432 0
  endloop
endfacet
facet normal 0 0 -1
  outer loop
    vertex -19.75532973721068 48.036465890360624 0
    vertex -19.307064031864577 48.27173388162332 0
    vertex -5.5 44.99999999999999 0
  endloop
endfacet
facet normal 0 0 -1
  outer loop
    vertex -18.46102218340529 49.49743710499612 0
    vertex -5.5 44.99999999999999 0
    vertex -18.640542346128264 49.02408133870808 0
  endloop
endfacet
facet normal 0 0 -1
  outer loop
    vertex -20.246872971463826 47.915311364394086 0
    vertex -19.75532973721068 48.036465890360624 0
    vertex -5.5 44.99999999999999 0
  endloop
endfacet
facet normal 0 0 -1
  outer loop
    vertex -18.4 50 0
    vertex -5.5 44.99999999999999 0
    vertex -18.46102218340529 49.49743710499612 0
  endloop
endfacet
facet normal 0 0 -1
  outer loop
    vertex -20.753127028536184 47.915311364394086 0
    vertex -20.246872971463826 47.915311364394086 0
    vertex -5.5 44.99999999999999 0
  endloop
endfacet
facet normal 0 0 -0.9999999999999999
  outer loop
    vertex -18.46102218340529 50.50256289500387 0
    vertex -5.5 44.99999999999999 0
    vertex -18.4 50 0
  endloop
endfacet
facet normal 0 0 -1
  outer loop
    vertex -18.46102218340529 50.50256289500387 0
    vertex -5.5 60 0
    vertex -5.5 44.99999999999999 0
  endloop
endfacet
facet normal 0 0 -1
  outer loop
    vertex -21.244670262789327 48.03646589036063 0
    vertex -20.753127028536184 47.915311364394086 0
    vertex -20.753127028536177 -47.915311364394086 0
  endloop
endfacet
facet normal 0 0 -1
  outer loop
    vertex -21.244670262789327 48.03646589036063 0
    vertex -20.753127028536177 -47.915311364394086 0
    vertex -21.244670262789324 -48.03646589036063 0
  endloop
endfacet
facet normal 0 0 -1
  outer loop
    vertex -18.64054234612826 50.975918661291914 0
    vertex -5.5 60 0
    vertex -18.46102218340529 50.50256289500387 0
  endloop
endfacet
facet normal 0 0 -1
  outer loop
    vertex -21.69293596813543 48.27173388162333 0
    vertex -21.244670262789327 48.03646589036063 0
    vertex -21.244670262789324 -48.03646589036063 0
  endloop
endfacet
facet normal 0 0 -1
  outer loop
    vertex -21.69293596813543 48.27173388162333 0
    vertex -21.244670262789324 -48.03646589036063 0
    vertex -21.692935968135426 -48.27173388162332 0
  endloop
endfacet
facet normal 0 0 -1
  outer loop
    vertex -21.69293596813543 48.27173388162333 0
    vertex -21.692935968135426 -48.27173388162332 0
    vertex -22.07187257115931 -48.60744241769433 0
  endloop
endfacet
facet normal 0 0 -1
  outer loop
    vertex -22.071872571159314 48.60744241769433 0
    vertex -21.69293596813543 48.27173388162333 0
    vertex -22.07187257115931 -48.60744241769433 0
  endloop
endfacet
facet normal 0 0 -1
  outer loop
    vertex -26 52 0
    vertex -22.07187257115931 51.39255758230567 0
    vertex -22.35945765387174 50.975918661291914 0
  endloop
endfacet
facet normal 0 0 -1
  outer loop
    vertex -26 52 0
    vertex -22.35945765387174 50.975918661291914 0
    vertex -22.53897781659471 50.50256289500388 0
  endloop
endfacet
facet normal 0 0 -0.9999999999999999
  outer loop
    vertex -26 52 0
    vertex -22.53897781659471 50.50256289500388 0
    vertex -22.6 50 0
  endloop
endfacet
facet normal 0 0 -0.9999999999999999
  outer loop
    vertex -26 52 0
    vertex -22.6 50 0
    vertex -22.53897781659471 49.49743710499613 0
  endloop
endfacet
facet normal 0 0 -1
  outer loop
    vertex -26 52 0
    vertex -22.071872571159314 48.60744241769433 0
    vertex -22.07187257115931 -48.60744241769433 0
  endloop
endfacet
facet normal 0 0 -1
  outer loop
    vertex -26 52 0
    vertex -22.53897781659471 49.49743710499613 0
    vertex -22.359457653871743 49.024081338708086 0
  endloop
endfacet
facet normal 0 0 -1
  outer loop
    vertex -26 52 0
    vertex -22.359457653871743 49.024081338708086 0
    vertex -22.071872571159314 48.60744241769433 0
  endloop
endfacet
facet normal 0 0 -1
  outer loop
    vertex -26 52 0
    vertex -22.07187257115931 -48.60744241769433 0
    vertex -26 -52 0
  endloop
endfacet
facet normal 0 0 -1
  outer loop
    vertex -18 60 0
    vertex -18.64054234612826 50.975918661291914 0
    vertex -18.92812742884069 51.39255758230567 0
  endloop
endfacet
facet normal 0 0 -0.9999999999999999
  outer loop
    vertex -18 60 0
    vertex -18.92812742884069 51.39255758230567 0
    vertex -19.307064031864574 51.72826611837668 0
  endloop
endfacet
facet normal 0 0 -1
  outer loop
    vertex -18 60 0
    vertex -19.307064031864574 51.72826611837668 0
    vertex -19.755329737210676 51.96353410963937 0
  endloop
endfacet
facet normal 0 0 -1
  outer loop
    vertex -18 60 0
    vertex -5.5 60 0
    vertex -18.64054234612826 50.975918661291914 0
  endloop
endfacet
facet normal 0 0 -1
  outer loop
    vertex -25.878462024097665 53.38918542133545 0
    vertex -21.692935968135426 51.72826611837668 0
    vertex -22.07187257115931 51.39255758230567 0
  endloop
endfacet
facet normal 0 0 -1
  outer loop
    vertex -25.878462024097665 53.38918542133545 0
    vertex -22.07187257115931 51.39255758230567 0
    vertex -26 52 0
  endloop
endfacet
facet normal 0 0 -1
  outer loop
    vertex -19.389185421335448 59.878462024097665 0
    vertex -18 60 0
    vertex -19.755329737210676 51.96353410963937 0
  endloop
endfacet
facet normal 0 0 -1
  outer loop
    vertex -25.517540966287264 54.736161146605355 0
    vertex -21.692935968135426 51.72826611837668 0
    vertex -25.878462024097665 53.38918542133545 0
  endloop
endfacet
facet normal 0 0 -1
  outer loop
    vertex -20.736161146605355 59.517540966287264 0
    vertex -19.755329737210676 51.96353410963937 0
    vertex -20.246872971463823 52.084688635605914 0
  endloop
endfacet
facet normal 0 0 -1
  outer loop
    vertex -20.736161146605355 59.517540966287264 0
    vertex -19.389185421335448 59.878462024097665 0
    vertex -19.755329737210676 51.96353410963937 0
  endloop
endfacet
facet normal 0 0 -1
  outer loop
    vertex -22.000000000000004 58.92820323027551 0
    vertex -20.246872971463823 52.084688635605914 0
    vertex -20.753127028536177 52.084688635605914 0
  endloop
endfacet
facet normal 0 0 -1
  outer loop
    vertex -22.000000000000004 58.92820323027551 0
    vertex -20.736161146605355 59.517540966287264 0
    vertex -20.246872971463823 52.084688635605914 0
  endloop
endfacet
facet normal 0 0 -1
  outer loop
    vertex -24.928203230275507 56 0
    vertex -21.244670262789324 51.96353410963937 0
    vertex -21.692935968135426 51.72826611837668 0
  endloop
endfacet
facet normal 0 0 -1
  outer loop
    vertex -24.928203230275507 56 0
    vertex -21.692935968135426 51.72826611837668 0
    vertex -25.517540966287264 54.736161146605355 0
  endloop
endfacet
facet normal 0 0 -1
  outer loop
    vertex -23.142300877492318 58.12835554495182 0
    vertex -22.000000000000004 58.92820323027551 0
    vertex -20.753127028536177 52.084688635605914 0
  endloop
endfacet
facet normal 0 0 -1
  outer loop
    vertex -24.128355544951823 57.14230087749232 0
    vertex -20.753127028536177 52.084688635605914 0
    vertex -21.244670262789324 51.96353410963937 0
  endloop
endfacet
facet normal 0 0 -1
  outer loop
    vertex -24.128355544951823 57.14230087749232 0
    vertex -21.244670262789324 51.96353410963937 0
    vertex -24.928203230275507 56 0
  endloop
endfacet
facet normal 0 0 -1
  outer loop
    vertex -24.128355544951823 57.14230087749232 0
    vertex -23.142300877492318 58.12835554495182 0
    vertex -20.753127028536177 52.084688635605914 0
  endloop
endfacet
facet normal 0 0 -1
  outer loop
    vertex -5.5 44.99999999999999 0
    vertex -5.5 -45.00000000000001 0
    vertex -20.753127028536177 -47.915311364394086 0
  endloop
endfacet
facet normal 0 0 -1
  outer loop
    vertex -5.5 44.99999999999999 0
    vertex -20.753127028536177 -47.915311364394086 0
    vertex -20.753127028536184 47.915311364394086 0
  endloop
endfacet
facet normal 0 0 -1
  outer loop
    vertex 5.5 -45.00000000000001 0
    vertex 5.5 44.99999999999999 0
    vertex 23.959999999999997 1.1182925904236532e-15 0
  endloop
endfacet
facet normal 0 0 -1
  outer loop
    vertex 23.959999999999997 1.1182925904236532e-15 0
    vertex 5.5 44.99999999999999 0
    vertex 23.99196400083134 0.26324723071631445 0
  endloop
endfacet
facet normal 0 0 -1
  outer loop
    vertex 23.99196400083134 0.26324723071631445 0
    vertex 5.5 44.99999999999999 0
    vertex 24.085998371781468 0.5111954892481463 0
  endloop
endfacet
facet normal 0 0 -0.9999999999999999
  outer loop
    vertex 5.5 -45.00000000000001 0
    vertex 23.959999999999997 1.1182925904236532e-15 0
    vertex 23.99196400083134 -0.2632472307163122 0
  endloop
endfacet
facet normal 0 0 -1
  outer loop
    vertex 5.5 -45.00000000000001 0
    vertex 23.99196400083134 -0.2632472307163122 0
    vertex 24.085998371781468 -0.5111954892481438 0
  endloop
endfacet
facet normal 0 0 -1
  outer loop
    vertex 27.36 6.500000000000001 0
    vertex 27.36 -6.499999999999999 0
    vertex 26.16 2e-15 0
  endloop
endfacet
facet normal 0 0 -0.9999999999999999
  outer loop
    vertex 50.36 -6.499999999999999 0
    vertex 50.36 6.500000000000001 0
    vertex 51.56 1.1182925904236532e-15 0
  endloop
endfacet
facet normal -4.492191873882591e-16 5.635902576480781e-16 1
  outer loop
    vertex 50.36 -6.499999999999999 4.999999999999996
    vertex 45.88603134609787 -17.945699378350636 5
    vertex 47.81580316181214 -16.40754197563478 5
  endloop
endfacet
facet normal -6.02755240988349e-16 6.030173873113024e-16 1
  outer loop
    vertex 50.36 -6.499999999999999 4.999999999999996
    vertex 47.81580316181214 -16.40754197563478 5
    vertex 49.5611678056573 -14.66293608424556 5
  endloop
endfacet
facet normal -7.772791720602075e-16 6.200964546204925e-16 1
  outer loop
    vertex 50.36 -6.499999999999999 4.999999999999996
    vertex 49.5611678056573 -14.66293608424556 5
    vertex 51.10016416405273 -12.733833270733454 5
  endloop
endfacet
facet normal -9.532897035993297e-16 5.991981273340136e-16 1
  outer loop
    vertex 50.36 -6.499999999999999 4.999999999999996
    vertex 51.10016416405273 -12.733833270733454 5
    vertex 52.41342775981248 -10.644506540825738 5
  endloop
endfacet
facet normal -1.096529765520304e-15 5.282287328914159e-16 1
  outer loop
    vertex 50.36 -6.499999999999999 4.999999999999996
    vertex 52.41342775981248 -10.644506540825738 5
    vertex 53.484434406377915 -8.421244923456475 5
  endloop
endfacet
facet normal -1.1696075007040617e-15 4.093856914027091e-16 1
  outer loop
    vertex 50.36 -6.499999999999999 4.999999999999996
    vertex 53.484434406377915 -8.421244923456475 5
    vertex 54.299708123990996 -6.092022688111797 5
  endloop
endfacet
facet normal -1.1545090383020413e-15 2.6358460577442026e-16 1
  outer loop
    vertex 50.36 -6.499999999999999 4.999999999999996
    vertex 54.299708123990996 -6.092022688111797 5
    vertex 54.84899070169568 -3.68614735757515 5
  endloop
endfacet
facet normal -1.892222149176544e-15 2.1326174834897035e-16 1
  outer loop
    vertex 53.28487122140427 -0.9052822524830199 4.9999999999999964
    vertex 54.84899070169568 -3.68614735757515 5
    vertex 55.12537077164721 -1.2338909449648572 5
  endloop
endfacet
facet normal -1.6065289844204715e-15 1.813396356078785e-15 0.9999999999999999
  outer loop
    vertex 53.28487122140427 -0.9052822524830199 4.9999999999999964
    vertex 55.12537077164721 -1.2338909449648572 5
    vertex 53.483361822988215 -0.7294349240648725 4.9999999999999964
  endloop
endfacet
facet normal -1.7850950593036353e-15 1.232162153814799e-15 1
  outer loop
    vertex 53.634001628218535 -0.5111954892481432 4.9999999999999964
    vertex 53.483361822988215 -0.7294349240648725 4.9999999999999964
    vertex 55.12537077164721 -1.2338909449648572 5
  endloop
endfacet
facet normal -5.17690930702068e-16 9.863776579081244e-16 1
  outer loop
    vertex 53.05006537574679 -1.028517866953954 4.9999999999999964
    vertex 54.84899070169568 -3.68614735757515 5
    vertex 53.28487122140427 -0.9052822524830199 4.9999999999999964
  endloop
endfacet
facet normal -2.01235430474687e-15 7.631853205831536e-16 0.9999999999999999
  outer loop
    vertex 53.72803599916866 -0.2632472307163113 4.9999999999999964
    vertex 53.634001628218535 -0.5111954892481432 4.9999999999999964
    vertex 55.12537077164721 -1.2338909449648572 5
  endloop
endfacet
facet normal -2.823793239604071e-16 1.1456579527540232e-15 1
  outer loop
    vertex 52.79259034828086 -1.0919797615078572 4.9999999999999964
    vertex 54.84899070169568 -3.68614735757515 5
    vertex 53.05006537574679 -1.028517866953954 4.9999999999999964
  endloop
endfacet
facet normal -3.252517331349397e-15 1.498383676228001e-28 1
  outer loop
    vertex 53.760000000000005 2e-15 4.999999999999996
    vertex 55.12537077164721 -1.2338909449648572 5
    vertex 55.125370771647326 1.233890944962759 5
  endloop
endfacet
facet normal -1.833610120366361e-16 3.3961966810004406e-15 1
  outer loop
    vertex 53.760000000000005 2e-15 4.999999999999996
    vertex 53.72803599916866 -0.2632472307163113 4.9999999999999964
    vertex 55.12537077164721 -1.2338909449648572 5
  endloop
endfacet
facet normal -1.1837105380552279e-15 3.1017029362858545e-16 1
  outer loop
    vertex 52.52740965171915 -1.0919797615078572 4.9999999999999964
    vertex 50.36 -6.499999999999999 4.999999999999996
    vertex 54.84899070169568 -3.68614735757515 5
  endloop
endfacet
facet normal 0 1.3695004456097382e-15 1
  outer loop
    vertex 52.52740965171915 -1.0919797615078572 4.9999999999999964
    vertex 54.84899070169568 -3.68614735757515 5
    vertex 52.79259034828086 -1.0919797615078572 4.9999999999999964
  endloop
endfacet
facet normal -1.833610120413793e-16 -3.396196681000961e-15 1
  outer loop
    vertex 53.72803599916866 0.2632472307163196 4.9999999999999964
    vertex 53.760000000000005 2e-15 4.999999999999996
    vertex 55.125370771647326 1.233890944962759 5
  endloop
endfacet
facet normal -3.6840714171849463e-17 -1.4946865295999888e-16 1
  outer loop
    vertex 52.26993462425322 -1.028517866953954 4.9999999999999964
    vertex 50.36 -6.499999999999999 4.999999999999996
    vertex 52.52740965171915 -1.0919797615078572 4.9999999999999964
  endloop
endfacet
facet normal -2.01235430474765e-15 -7.631853205834512e-16 0.9999999999999999
  outer loop
    vertex 53.634001628218535 0.511195489248151 4.9999999999999964
    vertex 53.72803599916866 0.2632472307163196 4.9999999999999964
    vertex 55.125370771647326 1.233890944962759 5
  endloop
endfacet
facet normal -7.200489469197277e-17 -1.371938644701963e-16 1
  outer loop
    vertex 52.035128778595734 -0.90528225248302 4.9999999999999964
    vertex 50.36 -6.499999999999999 4.999999999999996
    vertex 52.26993462425322 -1.028517866953954 4.9999999999999964
  endloop
endfacet
facet normal -1.785095059304836e-15 -1.232162153815632e-15 1
  outer loop
    vertex 53.483361822988215 0.7294349240648795 4.9999999999999964
    vertex 53.634001628218535 0.511195489248151 4.9999999999999964
    vertex 55.125370771647326 1.233890944962759 5
  endloop
endfacet
facet normal -1.111576418296872e-16 -1.2547104011134903e-16 1
  outer loop
    vertex 51.83663817701179 -0.7294349240648729 4.9999999999999964
    vertex 50.36 -6.499999999999999 4.999999999999996
    vertex 52.035128778595734 -0.90528225248302 4.9999999999999964
  endloop
endfacet
facet normal -1.6065289844221135e-15 -1.813396356080647e-15 1
  outer loop
    vertex 53.28487122140427 0.9052822524830261 4.9999999999999964
    vertex 53.483361822988215 0.7294349240648795 4.9999999999999964
    vertex 55.125370771647326 1.233890944962759 5
  endloop
endfacet
facet normal -1.6267684360628183e-16 -1.1228771764787862e-16 1
  outer loop
    vertex 51.68599837178147 -0.5111954892481438 4.9999999999999964
    vertex 50.36 -6.499999999999999 4.999999999999996
    vertex 51.83663817701179 -0.7294349240648729 4.9999999999999964
  endloop
endfacet
facet normal -2.4690467527406667e-16 -9.363859202528498e-17 1
  outer loop
    vertex 51.59196400083135 -0.2632472307163122 4.9999999999999964
    vertex 50.36 -6.499999999999999 4.999999999999996
    vertex 51.68599837178147 -0.5111954892481438 4.9999999999999964
  endloop
endfacet
facet normal -4.464906843418759e-16 -5.421378438305737e-17 1
  outer loop
    vertex 51.56 1.1182925904236532e-15 4.9999999999999964
    vertex 50.36 -6.499999999999999 4.999999999999996
    vertex 51.59196400083135 -0.2632472307163122 4.9999999999999964
  endloop
endfacet
facet normal -1.8922221491767004e-15 -2.1326174834880474e-16 1
  outer loop
    vertex 54.84899070169603 3.6861473575730783 5
    vertex 53.28487122140427 0.9052822524830261 4.9999999999999964
    vertex 55.125370771647326 1.233890944962759 5
  endloop
endfacet
facet normal 2.29345641921226e-30 -1.3695004456108373e-15 1
  outer loop
    vertex 54.84899070169603 3.6861473575730783 5
    vertex 52.52740965171915 1.0919797615078615 4.9999999999999964
    vertex 52.792590348280854 1.0919797615078621 4.9999999999999964
  endloop
endfacet
facet normal -2.823793239605786e-16 -1.1456579527547667e-15 0.9999999999999999
  outer loop
    vertex 54.84899070169603 3.6861473575730783 5
    vertex 52.792590348280854 1.0919797615078621 4.9999999999999964
    vertex 53.05006537574679 1.0285178669539596 4.9999999999999964
  endloop
endfacet
facet normal -5.17690930702338e-16 -9.86377657908645e-16 1
  outer loop
    vertex 54.84899070169603 3.6861473575730783 5
    vertex 53.05006537574679 1.0285178669539596 4.9999999999999964
    vertex 53.28487122140427 0.9052822524830261 4.9999999999999964
  endloop
endfacet
facet normal -1.1545090383019928e-15 -2.635846057742909e-16 1
  outer loop
    vertex 50.36 6.500000000000001 4.999999999999996
    vertex 54.84899070169603 3.6861473575730783 5
    vertex 54.29970812399158 6.092022688109777 5
  endloop
endfacet
facet normal -1.1696075007040863e-15 -4.0938569140258983e-16 1
  outer loop
    vertex 50.36 6.500000000000001 4.999999999999996
    vertex 54.29970812399158 6.092022688109777 5
    vertex 53.484434406378725 8.421244923454534 5
  endloop
endfacet
facet normal -4.46490684341876e-16 5.421378438305736e-17 1
  outer loop
    vertex 50.36 6.500000000000001 4.999999999999996
    vertex 51.56 1.1182925904236532e-15 4.9999999999999964
    vertex 51.59196400083135 0.26324723071631445 4.9999999999999964
  endloop
endfacet
facet normal -2.469046752740665e-16 9.363859202528498e-17 1
  outer loop
    vertex 50.36 6.500000000000001 4.999999999999996
    vertex 51.59196400083135 0.26324723071631445 4.9999999999999964
    vertex 51.68599837178147 0.5111954892481463 4.9999999999999964
  endloop
endfacet
facet normal -1.1837105380552967e-15 -3.101702936286132e-16 1
  outer loop
    vertex 50.36 6.500000000000001 4.999999999999996
    vertex 52.52740965171915 1.0919797615078615 4.9999999999999964
    vertex 54.84899070169603 3.6861473575730783 5
  endloop
endfacet
facet normal -1.6267684360628235e-16 1.1228771764787857e-16 1
  outer loop
    vertex 50.36 6.500000000000001 4.999999999999996
    vertex 51.68599837178147 0.5111954892481463 4.9999999999999964
    vertex 51.83663817701179 0.7294349240648756 4.9999999999999964
  endloop
endfacet
facet normal -1.1115764182968765e-16 1.2547104011134898e-16 1
  outer loop
    vertex 50.36 6.500000000000001 4.999999999999996
    vertex 51.83663817701179 0.7294349240648756 4.9999999999999964
    vertex 52.035128778595734 0.9052822524830232 4.9999999999999964
  endloop
endfacet
facet normal -7.200489469197451e-17 1.371938644701957e-16 1
  outer loop
    vertex 50.36 6.500000000000001 4.999999999999996
    vertex 52.035128778595734 0.9052822524830232 4.9999999999999964
    vertex 52.26993462425321 1.0285178669539579 4.9999999999999964
  endloop
endfacet
facet normal -3.6840714171849013e-17 1.494686529599991e-16 1
  outer loop
    vertex 50.36 6.500000000000001 4.999999999999996
    vertex 52.26993462425321 1.0285178669539579 4.9999999999999964
    vertex 52.52740965171915 1.0919797615078615 4.9999999999999964
  endloop
endfacet
facet normal -1.0965297655203998e-15 -5.282287328913323e-16 1
  outer loop
    vertex 52.4134277598135 10.6445065408239 5
    vertex 50.36 6.500000000000001 4.999999999999996
    vertex 53.484434406378725 8.421244923454534 5
  endloop
endfacet
facet normal 0 2.9605947323337526e-16 1
  outer loop
    vertex -5.5 -45.00000000000001 4.999999999999996
    vertex -15 -60 5
    vertex 15 -60 5
  endloop
endfacet
facet normal 0 2.9605947323337526e-16 1
  outer loop
    vertex -5.5 -45.00000000000001 4.999999999999996
    vertex 15 -60 5
    vertex 5.5 -45.00000000000001 4.999999999999996
  endloop
endfacet
facet normal -9.532897035994637e-16 -5.991981273339778e-16 1
  outer loop
    vertex 51.100164164053936 12.73383327073174 5
    vertex 50.36 6.500000000000001 4.999999999999996
    vertex 52.4134277598135 10.6445065408239 5
  endloop
endfacet
facet normal -7.772791720603651e-16 -6.200964546204941e-16 1
  outer loop
    vertex 49.5611678056587 14.662936084243992 5
    vertex 50.36 6.500000000000001 4.999999999999996
    vertex 51.100164164053936 12.73383327073174 5
  endloop
endfacet
facet normal 2.088657754038618e-16 2.615759098163055e-16 1
  outer loop
    vertex 27.36 -6.499999999999999 4.999999999999996
    vertex 18.489933765605898 -16.39479053475494 5
    vertex 20.418367212185526 -17.93462555785571 5
  endloop
endfacet
facet normal 1.7681583202125685e-16 2.810325100089929e-16 1
  outer loop
    vertex 27.36 -6.499999999999999 4.999999999999996
    vertex 20.418367212185526 -17.93462555785571 5
    vertex 22.507122712865733 -19.24879750803304 5
  endloop
endfacet
facet normal 1.4193498925972638e-16 2.943100328096239e-16 1
  outer loop
    vertex 27.36 -6.499999999999999 4.999999999999996
    vertex 22.507122712865733 -19.24879750803304 5
    vertex 24.72991842622482 -20.320770769326057 5
  endloop
endfacet
facet normal 1.055827326373288e-16 3.0122783803940964e-16 1
  outer loop
    vertex 27.36 -6.499999999999999 4.999999999999996
    vertex 24.72991842622482 -20.320770769326057 5
    vertex 27.058785945030667 -21.13705719951206 5
  endloop
endfacet
facet normal 6.90826287257194e-17 3.0197896882725573e-16 1
  outer loop
    vertex 27.36 -6.499999999999999 4.999999999999996
    vertex 27.058785945030667 -21.13705719951206 5
    vertex 29.46442220973347 -21.687385845142533 5
  endloop
endfacet
facet normal 3.361122436022177e-17 2.9706391551141036e-16 1
  outer loop
    vertex 27.36 -6.499999999999999 4.999999999999996
    vertex 29.46442220973347 -21.687385845142533 5
    vertex 31.91655821526938 -21.96483217618532 5
  endloop
endfacet
facet normal 1.2487888676220743e-19 2.871974985449589e-16 1
  outer loop
    vertex 27.36 -6.499999999999999 4.999999999999996
    vertex 31.91655821526938 -21.96483217618532 5
    vertex 34.38433987190844 -21.965905214173514 5
  endloop
endfacet
facet normal -3.0671694274863135e-17 2.732102411693542e-16 1
  outer loop
    vertex 27.36 -6.499999999999999 4.999999999999996
    vertex 34.38433987190844 -21.965905214173514 5
    vertex 36.83671622795137 -21.690591457567933 5
  endloop
endfacet
facet normal -5.832108132889113e-17 2.5596105138502403e-16 1
  outer loop
    vertex 27.36 -6.499999999999999 4.999999999999996
    vertex 36.83671622795137 -21.690591457567933 5
    vertex 39.242830169449306 -21.142355051640706 5
  endloop
endfacet
facet normal -8.258409656539856e-17 2.362706881587974e-16 1
  outer loop
    vertex 27.36 -6.499999999999999 4.999999999999996
    vertex 39.242830169449306 -21.142355051640706 5
    vertex 41.57240668095288 -20.328094200742463 5
  endloop
endfacet
facet normal -1.0339782782055342e-16 2.1487849854452395e-16 1
  outer loop
    vertex 27.36 -6.499999999999999 4.999999999999996
    vertex 41.57240668095288 -20.328094200742463 5
    vertex 43.796133781986114 -19.258054371397275 5
  endloop
endfacet
facet normal -1.2083052232083203e-16 1.9242005067731254e-16 1
  outer loop
    vertex 27.36 -6.499999999999999 4.999999999999996
    vertex 43.796133781986114 -19.258054371397275 5
    vertex 45.88603134609787 -17.945699378350636 5
  endloop
endfacet
facet normal 0 3.8799656986452963e-16 1
  outer loop
    vertex 27.36 -6.499999999999999 4.999999999999996
    vertex 45.88603134609787 -17.945699378350636 5
    vertex 50.36 -6.499999999999999 4.999999999999996
  endloop
endfacet
facet normal -6.027552409884919e-16 -6.03017387311329e-16 0.9999999999999999
  outer loop
    vertex 47.815803161813704 16.407541975633382 5
    vertex 50.36 6.500000000000001 4.999999999999996
    vertex 49.5611678056587 14.662936084243992 5
  endloop
endfacet
facet normal 2.368228497749789e-16 2.3651412598968765e-16 1
  outer loop
    vertex 16.746086956520557 -14.64866746844557 5
    vertex 18.489933765605898 -16.39479053475494 5
    vertex 27.36 -6.499999999999999 4.999999999999996
  endloop
endfacet
facet normal -8.937199458592287e-15 1.21859862841075e-14 1
  outer loop
    vertex 16.56535995355144 -14.489671687509993 4.9999999999999964
    vertex 16.746086956520557 -14.64866746844557 5
    vertex 27.36 -6.499999999999999 4.999999999999996
  endloop
endfacet
facet normal 3.3986760419290846e-17 6.524718349114809e-17 0.9999999999999999
  outer loop
    vertex 16.35187491619071 -14.378468959213425 4.9999999999999964
    vertex 16.56535995355144 -14.489671687509993 4.9999999999999964
    vertex 27.36 -6.499999999999999 4.999999999999996
  endloop
endfacet
facet normal -4.492191873883764e-16 -5.635902576481168e-16 0.9999999999999999
  outer loop
    vertex 45.886031346099585 17.945699378349417 5
    vertex 50.36 6.500000000000001 4.999999999999996
    vertex 47.815803161813704 16.407541975633382 5
  endloop
endfacet
facet normal 1.1115764182968898e-16 -1.2547104011134863e-16 1
  outer loop
    vertex 25.684871221404272 -0.9052822524830199 4.9999999999999964
    vertex 27.36 -6.499999999999999 4.999999999999996
    vertex 25.88336182298821 -0.7294349240648725 4.9999999999999964
  endloop
endfacet
facet normal 1.6267684360628208e-16 -1.1228771764787862e-16 1
  outer loop
    vertex 26.03400162821853 -0.5111954892481432 4.9999999999999964
    vertex 25.88336182298821 -0.7294349240648725 4.9999999999999964
    vertex 27.36 -6.499999999999999 4.999999999999996
  endloop
endfacet
facet normal 7.200489469197287e-17 -1.3719386447019637e-16 0.9999999999999999
  outer loop
    vertex 25.45006537574679 -1.028517866953954 4.9999999999999964
    vertex 27.36 -6.499999999999999 4.999999999999996
    vertex 25.684871221404272 -0.9052822524830199 4.9999999999999964
  endloop
endfacet
facet normal 2.46904675274067e-16 -9.363859202528504e-17 1
  outer loop
    vertex 26.128035999168656 -0.2632472307163113 4.9999999999999964
    vertex 26.03400162821853 -0.5111954892481432 4.9999999999999964
    vertex 27.36 -6.499999999999999 4.999999999999996
  endloop
endfacet
facet normal 3.6840714171849e-17 -1.4946865295999908e-16 1
  outer loop
    vertex 25.192590348280856 -1.0919797615078572 4.9999999999999964
    vertex 27.36 -6.499999999999999 4.999999999999996
    vertex 25.45006537574679 -1.028517866953954 4.9999999999999964
  endloop
endfacet
facet normal 1.102457731587583e-14 2.0353065813924596e-15 1
  outer loop
    vertex 26.16 2e-15 4.999999999999996
    vertex 26.128035999168656 -0.2632472307163113 4.9999999999999964
    vertex 27.36 -6.499999999999999 4.999999999999996
  endloop
endfacet
facet normal 0 -1.6423356062509228e-16 1
  outer loop
    vertex 24.927409651719145 -1.0919797615078572 4.9999999999999964
    vertex 27.36 -6.499999999999999 4.999999999999996
    vertex 25.192590348280856 -1.0919797615078572 4.9999999999999964
  endloop
endfacet
facet normal -4.5527508511611044e-17 -1.8471236301535454e-16 1
  outer loop
    vertex 24.66993462425321 -1.028517866953954 4.9999999999999964
    vertex 27.36 -6.499999999999999 4.999999999999996
    vertex 24.927409651719145 -1.0919797615078572 4.9999999999999964
  endloop
endfacet
facet normal 1.4139751966994653e-16 -8.483160457025611e-17 1
  outer loop
    vertex 24.43512877859573 -0.90528225248302 4.9999999999999964
    vertex 16.35187491619071 -14.378468959213425 4.9999999999999964
    vertex 27.36 -6.499999999999999 4.999999999999996
  endloop
endfacet
facet normal -1.148263140859913e-16 -2.187832624395417e-16 1
  outer loop
    vertex 24.43512877859573 -0.90528225248302 4.9999999999999964
    vertex 27.36 -6.499999999999999 4.999999999999996
    vertex 24.66993462425321 -1.028517866953954 4.9999999999999964
  endloop
endfacet
facet normal 0 0 1
  outer loop
    vertex 24.236638177011788 -0.7294349240648729 4.9999999999999964
    vertex 16.118001574823428 -14.321502581803447 4.9999999999999964
    vertex 16.35187491619071 -14.378468959213425 4.9999999999999964
  endloop
endfacet
facet normal 0 0 1
  outer loop
    vertex 24.236638177011788 -0.7294349240648729 4.9999999999999964
    vertex 16.35187491619071 -14.378468959213425 4.9999999999999964
    vertex 24.43512877859573 -0.90528225248302 4.9999999999999964
  endloop
endfacet
facet normal 0 0 0.9999999999999999
  outer loop
    vertex 24.085998371781468 -0.5111954892481438 4.9999999999999964
    vertex 15.877290997068814 -14.322073295876622 4.9999999999999964
    vertex 16.118001574823428 -14.321502581803447 4.9999999999999964
  endloop
endfacet
facet normal 0 0 1
  outer loop
    vertex 24.085998371781468 -0.5111954892481438 4.9999999999999964
    vertex 16.118001574823428 -14.321502581803447 4.9999999999999964
    vertex 24.236638177011788 -0.7294349240648729 4.9999999999999964
  endloop
endfacet
facet normal 0 0 1
  outer loop
    vertex 23.99196400083134 -0.2632472307163122 4.9999999999999964
    vertex 15.877290997068814 -14.322073295876622 4.9999999999999964
    vertex 24.085998371781468 -0.5111954892481438 4.9999999999999964
  endloop
endfacet
facet normal 0 0 1
  outer loop
    vertex 23.99196400083134 -0.2632472307163122 4.9999999999999964
    vertex 15.643690413067526 -14.380148033170652 4.9999999999999964
    vertex 15.877290997068814 -14.322073295876622 4.9999999999999964
  endloop
endfacet
facet normal 0 0 1
  outer loop
    vertex 23.959999999999997 1.1182925904236532e-15 4.9999999999999964
    vertex 15.430735086356588 -14.492361832602588 4.9999999999999964
    vertex 15.643690413067526 -14.380148033170652 4.9999999999999964
  endloop
endfacet
facet normal 0 0 0.9999999999999999
  outer loop
    vertex 23.959999999999997 1.1182925904236532e-15 4.9999999999999964
    vertex 15.643690413067526 -14.380148033170652 4.9999999999999964
    vertex 23.99196400083134 -0.2632472307163122 4.9999999999999964
  endloop
endfacet
facet normal -1.1482631408598888e-16 2.1878326243954082e-16 1
  outer loop
    vertex 27.36 6.500000000000001 4.999999999999996
    vertex 24.435128778595725 0.9052822524830232 4.9999999999999964
    vertex 24.66993462425321 1.0285178669539579 4.9999999999999964
  endloop
endfacet
facet normal -4.552750851161248e-17 1.8471236301535523e-16 1
  outer loop
    vertex 27.36 6.500000000000001 4.999999999999996
    vertex 24.66993462425321 1.0285178669539579 4.9999999999999964
    vertex 24.92740965171914 1.0919797615078615 4.9999999999999964
  endloop
endfacet
facet normal -5.500728606155319e-31 1.642335606250926e-16 1
  outer loop
    vertex 27.36 6.500000000000001 4.999999999999996
    vertex 24.92740965171914 1.0919797615078615 4.9999999999999964
    vertex 25.192590348280852 1.0919797615078621 4.9999999999999964
  endloop
endfacet
facet normal 3.6840714171849013e-17 1.4946865295999913e-16 1
  outer loop
    vertex 27.36 6.500000000000001 4.999999999999996
    vertex 25.192590348280852 1.0919797615078621 4.9999999999999964
    vertex 25.450065375746785 1.0285178669539596 4.9999999999999964
  endloop
endfacet
facet normal 7.20048946919723e-17 1.3719386447019664e-16 0.9999999999999999
  outer loop
    vertex 27.36 6.500000000000001 4.999999999999996
    vertex 25.450065375746785 1.0285178669539596 4.9999999999999964
    vertex 25.68487122140427 0.9052822524830261 4.9999999999999964
  endloop
endfacet
facet normal 1.1115764182968879e-16 1.2547104011134863e-16 1
  outer loop
    vertex 27.36 6.500000000000001 4.999999999999996
    vertex 25.68487122140427 0.9052822524830261 4.9999999999999964
    vertex 25.883361822988206 0.7294349240648795 4.9999999999999964
  endloop
endfacet
facet normal 1.626768436062786e-16 1.1228771764787953e-16 0.9999999999999999
  outer loop
    vertex 27.36 6.500000000000001 4.999999999999996
    vertex 25.883361822988206 0.7294349240648795 4.9999999999999964
    vertex 26.03400162821853 0.511195489248151 4.9999999999999964
  endloop
endfacet
facet normal 2.46904675274067e-16 9.363859202528516e-17 1
  outer loop
    vertex 27.36 6.500000000000001 4.999999999999996
    vertex 26.03400162821853 0.511195489248151 4.9999999999999964
    vertex 26.128035999168656 0.2632472307163196 4.9999999999999964
  endloop
endfacet
facet normal 1.1024577315875732e-14 -2.035306581392442e-15 1
  outer loop
    vertex 27.36 6.500000000000001 4.999999999999996
    vertex 26.128035999168656 0.2632472307163196 4.9999999999999964
    vertex 26.16 2e-15 4.999999999999996
  endloop
endfacet
facet normal -1.2083052232084549e-16 -1.9242005067729312e-16 1
  outer loop
    vertex 27.36 6.500000000000001 4.999999999999996
    vertex 45.886031346099585 17.945699378349417 5
    vertex 43.79613378198795 19.25805437139626 5
  endloop
endfacet
facet normal -1.033978278205699e-16 -2.1487849854450497e-16 1
  outer loop
    vertex 27.36 6.500000000000001 4.999999999999996
    vertex 43.79613378198795 19.25805437139626 5
    vertex 41.57240668095483 20.328094200741656 5
  endloop
endfacet
facet normal 0 -3.87996569864571e-16 1
  outer loop
    vertex 27.36 6.500000000000001 4.999999999999996
    vertex 50.36 6.500000000000001 4.999999999999996
    vertex 45.886031346099585 17.945699378349417 5
  endloop
endfacet
facet normal -8.258409656541806e-17 -2.362706881587796e-16 1
  outer loop
    vertex 39.242830169451324 21.142355051640127 5
    vertex 27.36 6.500000000000001 4.999999999999996
    vertex 41.57240668095483 20.328094200741656 5
  endloop
endfacet
facet normal -5.832108132891309e-17 -2.559610513850082e-16 1
  outer loop
    vertex 36.836716227953445 21.69059145756758 5
    vertex 27.36 6.500000000000001 4.999999999999996
    vertex 39.242830169451324 21.142355051640127 5
  endloop
endfacet
facet normal -3.0671694274887947e-17 -2.7321024116934086e-16 1
  outer loop
    vertex 34.384339871910534 21.965905214173397 5
    vertex 27.36 6.500000000000001 4.999999999999996
    vertex 36.836716227953445 21.69059145756758 5
  endloop
endfacet
facet normal 1.2487888673458392e-19 -2.871974985449485e-16 1
  outer loop
    vertex 31.91655821527148 21.96483217618544 5
    vertex 27.36 6.500000000000001 4.999999999999996
    vertex 34.384339871910534 21.965905214173397 5
  endloop
endfacet
facet normal 3.3611224360191984e-17 -2.970639155114039e-16 1
  outer loop
    vertex 29.46442220973554 21.687385845142888 5
    vertex 27.36 6.500000000000001 4.999999999999996
    vertex 31.91655821527148 21.96483217618544 5
  endloop
endfacet
facet normal 6.908262872568884e-17 -3.0197896882725386e-16 1
  outer loop
    vertex 27.058785945032668 21.13705719951264 5
    vertex 27.36 6.500000000000001 4.999999999999996
    vertex 29.46442220973554 21.687385845142888 5
  endloop
endfacet
facet normal 1.0558273263729861e-16 -3.0122783803941274e-16 1
  outer loop
    vertex 24.729918426226725 20.320770769326845 5
    vertex 27.36 6.500000000000001 4.999999999999996
    vertex 27.058785945032668 21.13705719951264 5
  endloop
endfacet
facet normal 1.4193498925969598e-16 -2.943100328096324e-16 1
  outer loop
    vertex 22.50712271286752 19.24879750803403 5
    vertex 27.36 6.500000000000001 4.999999999999996
    vertex 24.729918426226725 20.320770769326845 5
  endloop
endfacet
facet normal 1.7681583202122931e-16 -2.8103251000900647e-16 1
  outer loop
    vertex 20.418367212187174 17.934625557856883 5
    vertex 27.36 6.500000000000001 4.999999999999996
    vertex 22.50712271286752 19.24879750803403 5
  endloop
endfacet
facet normal 2.3682284977495933e-16 -2.3651412598970905e-16 1
  outer loop
    vertex 18.48993376560739 16.394790534756275 5
    vertex 16.746086956521754 14.648667468446913 5
    vertex 27.36 6.500000000000001 4.999999999999996
  endloop
endfacet
facet normal 2.0886577540383718e-16 -2.615759098163235e-16 1
  outer loop
    vertex 18.48993376560739 16.394790534756275 5
    vertex 27.36 6.500000000000001 4.999999999999996
    vertex 20.418367212187174 17.934625557856883 5
  endloop
endfacet
facet normal -8.937199458594094e-15 -1.2185986284106535e-14 1
  outer loop
    vertex 16.565359953552637 14.48967168751135 4.9999999999999964
    vertex 27.36 6.500000000000001 4.999999999999996
    vertex 16.746086956521754 14.648667468446913 5
  endloop
endfacet
facet normal 0 0 1
  outer loop
    vertex 16.35187491619191 14.378468959214793 4.9999999999999964
    vertex 24.236638177011788 0.7294349240648756 4.9999999999999964
    vertex 24.435128778595725 0.9052822524830232 4.9999999999999964
  endloop
endfacet
facet normal 1.4139751966996534e-16 8.483160457024618e-17 1
  outer loop
    vertex 16.35187491619191 14.378468959214793 4.9999999999999964
    vertex 24.435128778595725 0.9052822524830232 4.9999999999999964
    vertex 27.36 6.500000000000001 4.999999999999996
  endloop
endfacet
facet normal 3.398676041928744e-17 -6.524718349114672e-17 1
  outer loop
    vertex 16.35187491619191 14.378468959214793 4.9999999999999964
    vertex 27.36 6.500000000000001 4.999999999999996
    vertex 16.565359953552637 14.48967168751135 4.9999999999999964
  endloop
endfacet
facet normal 0 0 1
  outer loop
    vertex 16.118001574824632 14.321502581804822 4.9999999999999964
    vertex 24.085998371781468 0.5111954892481463 4.9999999999999964
    vertex 24.236638177011788 0.7294349240648756 4.9999999999999964
  endloop
endfacet
facet normal 0 0 1
  outer loop
    vertex 16.118001574824632 14.321502581804822 4.9999999999999964
    vertex 24.236638177011788 0.7294349240648756 4.9999999999999964
    vertex 16.35187491619191 14.378468959214793 4.9999999999999964
  endloop
endfacet
facet normal 0 0 1
  outer loop
    vertex 15.877290997070027 14.322073295878 4.9999999999999964
    vertex 23.99196400083134 0.26324723071631445 4.9999999999999964
    vertex 24.085998371781468 0.5111954892481463 4.9999999999999964
  endloop
endfacet
facet normal 0 0 1
  outer loop
    vertex 15.877290997070027 14.322073295878 4.9999999999999964
    vertex 24.085998371781468 0.5111954892481463 4.9999999999999964
    vertex 16.118001574824632 14.321502581804822 4.9999999999999964
  endloop
endfacet
facet normal 0 0 1
  outer loop
    vertex 15.643690413068747 14.38014803317203 4.9999999999999964
    vertex 23.959999999999997 1.1182925904236532e-15 4.9999999999999964
    vertex 23.99196400083134 0.26324723071631445 4.9999999999999964
  endloop
endfacet
facet normal 0 0 1
  outer loop
    vertex 15.643690413068747 14.38014803317203 4.9999999999999964
    vertex 23.99196400083134 0.26324723071631445 4.9999999999999964
    vertex 15.877290997070027 14.322073295878 4.9999999999999964
  endloop
endfacet
facet normal 0 0 1
  outer loop
    vertex 15.430735086357815 14.492361832603965 4.9999999999999964
    vertex 15.250764054875347 -14.652212812534184 4.9999999999999964
    vertex 15.430735086356588 -14.492361832602588 4.9999999999999964
  endloop
endfacet
facet normal 0 0 1
  outer loop
    vertex 15.430735086357815 14.492361832603965 4.9999999999999964
    vertex 23.959999999999997 1.1182925904236532e-15 4.9999999999999964
    vertex 15.643690413068747 14.38014803317203 4.9999999999999964
  endloop
endfacet
facet normal 0 0 1
  outer loop
    vertex 15.430735086357815 14.492361832603965 4.9999999999999964
    vertex 15.430735086356588 -14.492361832602588 4.9999999999999964
    vertex 23.959999999999997 1.1182925904236532e-15 4.9999999999999964
  endloop
endfacet
facet normal 0 0 1
  outer loop
    vertex 15.25076405487658 14.652212812535556 4.9999999999999964
    vertex 15.250764054875347 -14.652212812534184 4.9999999999999964
    vertex 15.430735086357815 14.492361832603965 4.9999999999999964
  endloop
endfacet
facet normal 0 0 1
  outer loop
    vertex 15.114205183566142 14.850438902200688 4.9999999999999964
    vertex 15.11420518356491 -14.850438902199324 4.9999999999999964
    vertex 15.250764054875347 -14.652212812534184 4.9999999999999964
  endloop
endfacet
facet normal 0 0 1
  outer loop
    vertex 15.114205183566142 14.850438902200688 4.9999999999999964
    vertex 15.250764054875347 -14.652212812534184 4.9999999999999964
    vertex 15.25076405487658 14.652212812535556 4.9999999999999964
  endloop
endfacet
facet normal 0 0 1
  outer loop
    vertex 15.028970953978757 15.075554503757209 4.9999999999999964
    vertex 15.028970953977524 -15.075554503755853 4.9999999999999964
    vertex 15.11420518356491 -14.850438902199324 4.9999999999999964
  endloop
endfacet
facet normal 0 0 1
  outer loop
    vertex 15.028970953978757 15.075554503757209 4.9999999999999964
    vertex 15.11420518356491 -14.850438902199324 4.9999999999999964
    vertex 15.114205183566142 14.850438902200688 4.9999999999999964
  endloop
endfacet
facet normal 0 -2.9605947323337496e-16 1
  outer loop
    vertex 5.5 60 5
    vertex 5.5 44.99999999999999 4.999999999999996
    vertex 15 60 5
  endloop
endfacet
facet normal 0 -2.9605947323337496e-16 1
  outer loop
    vertex -15 60 5
    vertex -5.5 44.99999999999999 4.999999999999996
    vertex -5.5 60 5
  endloop
endfacet
facet normal 4.674623261579606e-16 0 1
  outer loop
    vertex -15 60 5
    vertex -5.5 -45.00000000000001 4.999999999999996
    vertex -5.5 44.99999999999999 4.999999999999996
  endloop
endfacet
facet normal 4.674623261579606e-16 0 1
  outer loop
    vertex -15 60 5
    vertex -15 -60 5
    vertex -5.5 -45.00000000000001 4.999999999999996
  endloop
endfacet
facet normal -4.674623261579809e-16 -1.284069141847089e-29 1
  outer loop
    vertex 14.999999999998773 -15.314515989738581 5
    vertex 5.5 -45.00000000000001 4.999999999999996
    vertex 15 -60 5
  endloop
endfacet
facet normal -4.674623261580211e-16 0 1
  outer loop
    vertex 5.5 -45.00000000000001 4.999999999999996
    vertex 14.999999999998773 -15.314515989738581 5
    vertex 5.5 44.99999999999999 4.999999999999996
  endloop
endfacet
facet normal 5.3072516450136846e-14 8.432958302463534e-15 1
  outer loop
    vertex 14.999999999998773 -15.314515989738581 5
    vertex 15.028970953977524 -15.075554503755853 4.9999999999999964
    vertex 5.5 44.99999999999999 4.999999999999996
  endloop
endfacet
facet normal -9.320821985811157e-17 3.811014540183681e-30 1
  outer loop
    vertex 15.028970953977524 -15.075554503755853 4.9999999999999964
    vertex 15.028970953978757 15.075554503757209 4.9999999999999964
    vertex 5.5 44.99999999999999 4.999999999999996
  endloop
endfacet
facet normal -7.554352062463851e-14 -2.4025970187619553e-14 1
  outer loop
    vertex 15.028970953978757 15.075554503757209 4.9999999999999964
    vertex 15 15.314515989739931 5
    vertex 5.5 44.99999999999999 4.999999999999996
  endloop
endfacet
facet normal -4.674623261579607e-16 0 1
  outer loop
    vertex 15 60 5
    vertex 5.5 44.99999999999999 4.999999999999996
    vertex 15 15.314515989739931 5
  endloop
endfacet
facet normal 0 0 1
  outer loop
    vertex 27.36 6.500000000000001 4.999999999999996
    vertex 26.16 2e-15 4.999999999999996
    vertex 27.36 -6.499999999999999 4.999999999999996
  endloop
endfacet
facet normal -7.401486830834359e-16 0 0.9999999999999999
  outer loop
    vertex 50.36 -6.499999999999999 4.999999999999996
    vertex 51.56 1.1182925904236532e-15 4.9999999999999964
    vertex 50.36 6.500000000000001 4.999999999999996
  endloop
endfacet
facet normal -1 0 0
  outer loop
    vertex 5.5 60 0
    vertex 5.5 44.99999999999999 0
    vertex 5.5 44.99999999999999 4.999999999999996
  endloop
endfacet
facet normal -1 0 0
  outer loop
    vertex 5.5 60 0
    vertex 5.5 44.99999999999999 4.999999999999996
    vertex 5.5 60 5
  endloop
endfacet
facet normal -0.08715574274765767 -0.9961946980917455 0
  outer loop
    vertex -19.389185421335444 -59.878462024097665 10
    vertex -19.389185421335444 -59.878462024097665 0
    vertex -18 -60 0
  endloop
endfacet
facet normal -0.08715574274765767 -0.9961946980917455 0
  outer loop
    vertex -19.389185421335444 -59.878462024097665 10
    vertex -18 -60 0
    vertex -18 -60 10
  endloop
endfacet
facet normal -0.2588190451025233 -0.9659258262890675 0
  outer loop
    vertex -20.73616114660535 -59.517540966287264 10
    vertex -20.73616114660535 -59.517540966287264 0
    vertex -19.389185421335444 -59.878462024097665 0
  endloop
endfacet
facet normal -0.2588190451025233 -0.9659258262890675 0
  outer loop
    vertex -20.73616114660535 -59.517540966287264 10
    vertex -19.389185421335444 -59.878462024097665 0
    vertex -19.389185421335444 -59.878462024097665 10
  endloop
endfacet
facet normal -0.42261826174069916 -0.9063077870366502 0
  outer loop
    vertex -22 -58.92820323027551 10
    vertex -22 -58.92820323027551 0
    vertex -20.73616114660535 -59.517540966287264 0
  endloop
endfacet
facet normal -0.42261826174069916 -0.9063077870366502 0
  outer loop
    vertex -22 -58.92820323027551 10
    vertex -20.73616114660535 -59.517540966287264 0
    vertex -20.73616114660535 -59.517540966287264 10
  endloop
endfacet
facet normal -0.5735764363510446 -0.8191520442889929 0
  outer loop
    vertex -23.142300877492318 -58.12835554495182 10
    vertex -23.142300877492318 -58.12835554495182 0
    vertex -22 -58.92820323027551 0
  endloop
endfacet
facet normal -0.5735764363510446 -0.8191520442889929 0
  outer loop
    vertex -23.142300877492318 -58.12835554495182 10
    vertex -22 -58.92820323027551 0
    vertex -22 -58.92820323027551 10
  endloop
endfacet
facet normal -0.7071067811865499 -0.7071067811865449 0
  outer loop
    vertex -24.128355544951823 -57.14230087749231 10
    vertex -24.128355544951823 -57.14230087749231 0
    vertex -23.142300877492318 -58.12835554495182 0
  endloop
endfacet
facet normal -0.7071067811865499 -0.7071067811865449 0
  outer loop
    vertex -24.128355544951823 -57.14230087749231 10
    vertex -23.142300877492318 -58.12835554495182 0
    vertex -23.142300877492318 -58.12835554495182 10
  endloop
endfacet
facet normal -0.81915204428899 -0.5735764363510487 0
  outer loop
    vertex -24.92820323027551 -56 10
    vertex -24.92820323027551 -56 0
    vertex -24.128355544951823 -57.14230087749231 0
  endloop
endfacet
facet normal -0.81915204428899 -0.5735764363510487 0
  outer loop
    vertex -24.92820323027551 -56 10
    vertex -24.128355544951823 -57.14230087749231 0
    vertex -24.128355544951823 -57.14230087749231 10
  endloop
endfacet
facet normal -0.9063077870366506 -0.42261826174069816 0
  outer loop
    vertex -25.517540966287267 -54.73616114660535 10
    vertex -25.517540966287267 -54.73616114660535 0
    vertex -24.92820323027551 -56 0
  endloop
endfacet
facet normal -0.9063077870366506 -0.42261826174069816 0
  outer loop
    vertex -25.517540966287267 -54.73616114660535 10
    vertex -24.92820323027551 -56 0
    vertex -24.92820323027551 -56 10
  endloop
endfacet
facet normal -0.9659258262890682 -0.25881904510252096 0
  outer loop
    vertex -25.878462024097665 -53.38918542133544 10
    vertex -25.878462024097665 -53.38918542133544 0
    vertex -25.517540966287267 -54.73616114660535 0
  endloop
endfacet
facet normal -0.9659258262890682 -0.25881904510252096 0
  outer loop
    vertex -25.878462024097665 -53.38918542133544 10
    vertex -25.517540966287267 -54.73616114660535 0
    vertex -25.517540966287267 -54.73616114660535 10
  endloop
endfacet
facet normal -0.9961946980917454 -0.08715574274765789 0
  outer loop
    vertex -26 -52 10
    vertex -26 -52 0
    vertex -25.878462024097665 -53.38918542133544 0
  endloop
endfacet
facet normal -0.9961946980917454 -0.08715574274765789 0
  outer loop
    vertex -26 -52 10
    vertex -25.878462024097665 -53.38918542133544 0
    vertex -25.878462024097665 -53.38918542133544 10
  endloop
endfacet
facet normal 0 0 1
  outer loop
    vertex -19.307064031864577 -51.72826611837668 10
    vertex -18 -60 10
    vertex -15 -60 10
  endloop
endfacet
facet normal 0 0 1
  outer loop
    vertex -19.307064031864577 -51.72826611837668 10
    vertex -15 -60 10
    vertex -18.928127428840693 -51.39255758230568 10
  endloop
endfacet
facet normal 0 0 1
  outer loop
    vertex -18.640542346128264 -50.97591866129192 10
    vertex -18.928127428840693 -51.39255758230568 10
    vertex -15 -60 10
  endloop
endfacet
facet normal 0 0 1
  outer loop
    vertex -19.75532973721068 -51.963534109639376 10
    vertex -19.389185421335444 -59.878462024097665 10
    vertex -18 -60 10
  endloop
endfacet
facet normal 0 0 1
  outer loop
    vertex -19.75532973721068 -51.963534109639376 10
    vertex -20.73616114660535 -59.517540966287264 10
    vertex -19.389185421335444 -59.878462024097665 10
  endloop
endfacet
facet normal 0 0 1
  outer loop
    vertex -19.75532973721068 -51.963534109639376 10
    vertex -18 -60 10
    vertex -19.307064031864577 -51.72826611837668 10
  endloop
endfacet
facet normal 0 0 1
  outer loop
    vertex -18.46102218340529 -50.50256289500388 10
    vertex -18.640542346128264 -50.97591866129192 10
    vertex -15 -60 10
  endloop
endfacet
facet normal 0 0 1
  outer loop
    vertex -20.246872971463826 -52.084688635605914 10
    vertex -22 -58.92820323027551 10
    vertex -20.73616114660535 -59.517540966287264 10
  endloop
endfacet
facet normal 0 0 1
  outer loop
    vertex -20.246872971463826 -52.084688635605914 10
    vertex -20.73616114660535 -59.517540966287264 10
    vertex -19.75532973721068 -51.963534109639376 10
  endloop
endfacet
facet normal 0 0 1
  outer loop
    vertex -18.4 -50 10
    vertex -18.46102218340529 -50.50256289500388 10
    vertex -15 -60 10
  endloop
endfacet
facet normal 0 0 1
  outer loop
    vertex -20.753127028536184 -52.084688635605914 10
    vertex -23.142300877492318 -58.12835554495182 10
    vertex -22 -58.92820323027551 10
  endloop
endfacet
facet normal 0 0 1
  outer loop
    vertex -20.753127028536184 -52.084688635605914 10
    vertex -24.128355544951823 -57.14230087749231 10
    vertex -23.142300877492318 -58.12835554495182 10
  endloop
endfacet
facet normal 0 0 1
  outer loop
    vertex -20.753127028536184 -52.084688635605914 10
    vertex -22 -58.92820323027551 10
    vertex -20.246872971463826 -52.084688635605914 10
  endloop
endfacet
facet normal 0 0 1
  outer loop
    vertex -18.46102218340529 -49.49743710499613 10
    vertex -18.4 -50 10
    vertex -15 -60 10
  endloop
endfacet
facet normal 0 0 1
  outer loop
    vertex -21.244670262789327 -51.96353410963937 10
    vertex -24.92820323027551 -56 10
    vertex -24.128355544951823 -57.14230087749231 10
  endloop
endfacet
facet normal 0 0 0.9999999999999999
  outer loop
    vertex -21.244670262789327 -51.96353410963937 10
    vertex -24.128355544951823 -57.14230087749231 10
    vertex -20.753127028536184 -52.084688635605914 10
  endloop
endfacet
facet normal 0 0 1
  outer loop
    vertex -21.69293596813543 -51.72826611837667 10
    vertex -24.92820323027551 -56 10
    vertex -21.244670262789327 -51.96353410963937 10
  endloop
endfacet
facet normal 0 0 1
  outer loop
    vertex -25.517540966287267 -54.73616114660535 10
    vertex -24.92820323027551 -56 10
    vertex -21.69293596813543 -51.72826611837667 10
  endloop
endfacet
facet normal 0 0 0.9999999999999999
  outer loop
    vertex -25.878462024097665 -53.38918542133544 10
    vertex -25.517540966287267 -54.73616114660535 10
    vertex -21.69293596813543 -51.72826611837667 10
  endloop
endfacet
facet normal 0 0 1
  outer loop
    vertex -25.878462024097665 -53.38918542133544 10
    vertex -21.69293596813543 -51.72826611837667 10
    vertex -22.071872571159314 -51.39255758230567 10
  endloop
endfacet
facet normal 0 0 1
  outer loop
    vertex -26 -52 10
    vertex -22.35945765387174 -49.024081338708086 10
    vertex -22.07187257115931 -48.60744241769433 10
  endloop
endfacet
facet normal 0 0 1
  outer loop
    vertex -26 -52 10
    vertex -22.53897781659471 -49.49743710499612 10
    vertex -22.35945765387174 -49.024081338708086 10
  endloop
endfacet
facet normal 0 0 1
  outer loop
    vertex -26 -52 10
    vertex -22.6 -50 10
    vertex -22.53897781659471 -49.49743710499612 10
  endloop
endfacet
facet normal 0 0 1
  outer loop
    vertex -26 -52 10
    vertex -25.878462024097665 -53.38918542133544 10
    vertex -22.071872571159314 -51.39255758230567 10
  endloop
endfacet
facet normal 0 0 1
  outer loop
    vertex -26 -52 10
    vertex -22.53897781659471 -50.50256289500387 10
    vertex -22.6 -50 10
  endloop
endfacet
facet normal 0 0 0.9999999999999999
  outer loop
    vertex -26 -52 10
    vertex -22.359457653871743 -50.975918661291914 10
    vertex -22.53897781659471 -50.50256289500387 10
  endloop
endfacet
facet normal 0 0 1
  outer loop
    vertex -26 -52 10
    vertex -22.071872571159314 -51.39255758230567 10
    vertex -22.359457653871743 -50.975918661291914 10
  endloop
endfacet
facet normal 0 0 1
  outer loop
    vertex -19.307064031864577 48.27173388162332 10
    vertex -19.307064031864574 -48.27173388162332 10
    vertex -18.92812742884069 -48.60744241769433 10
  endloop
endfacet
facet normal 0 0 1
  outer loop
    vertex -19.307064031864577 48.27173388162332 10
    vertex -18.92812742884069 -48.60744241769433 10
    vertex -18.928127428840693 48.60744241769432 10
  endloop
endfacet
facet normal 0 0 0.9999999999999999
  outer loop
    vertex -18.640542346128264 49.02408133870808 10
    vertex -18.92812742884069 -48.60744241769433 10
    vertex -18.64054234612826 -49.024081338708086 10
  endloop
endfacet
facet normal 0 0 0.9999999999999999
  outer loop
    vertex -18.640542346128264 49.02408133870808 10
    vertex -18.928127428840693 48.60744241769432 10
    vertex -18.92812742884069 -48.60744241769433 10
  endloop
endfacet
facet normal 0 0 1
  outer loop
    vertex -19.75532973721068 48.036465890360624 10
    vertex -19.755329737210676 -48.03646589036063 10
    vertex -19.307064031864574 -48.27173388162332 10
  endloop
endfacet
facet normal 0 0 1
  outer loop
    vertex -19.75532973721068 48.036465890360624 10
    vertex -19.307064031864574 -48.27173388162332 10
    vertex -19.307064031864577 48.27173388162332 10
  endloop
endfacet
facet normal 0 0 1
  outer loop
    vertex -20.246872971463826 47.915311364394086 10
    vertex -20.246872971463823 -47.915311364394086 10
    vertex -19.755329737210676 -48.03646589036063 10
  endloop
endfacet
facet normal 0 0 1
  outer loop
    vertex -20.246872971463826 47.915311364394086 10
    vertex -19.755329737210676 -48.03646589036063 10
    vertex -19.75532973721068 48.036465890360624 10
  endloop
endfacet
facet normal 0 0 0.9999999999999999
  outer loop
    vertex -20.753127028536184 47.915311364394086 10
    vertex -20.246872971463823 -47.915311364394086 10
    vertex -20.246872971463826 47.915311364394086 10
  endloop
endfacet
facet normal 0 0 1
  outer loop
    vertex -20.753127028536184 47.915311364394086 10
    vertex -20.753127028536177 -47.915311364394086 10
    vertex -20.246872971463823 -47.915311364394086 10
  endloop
endfacet
facet normal 0 0 1
  outer loop
    vertex -21.244670262789327 48.03646589036063 10
    vertex -21.244670262789324 -48.03646589036063 10
    vertex -20.753127028536177 -47.915311364394086 10
  endloop
endfacet
facet normal 0 0 1
  outer loop
    vertex -21.244670262789327 48.03646589036063 10
    vertex -20.753127028536177 -47.915311364394086 10
    vertex -20.753127028536184 47.915311364394086 10
  endloop
endfacet
facet normal 0 0 1
  outer loop
    vertex -21.69293596813543 48.27173388162333 10
    vertex -21.692935968135426 -48.27173388162332 10
    vertex -21.244670262789324 -48.03646589036063 10
  endloop
endfacet
facet normal 0 0 1
  outer loop
    vertex -21.69293596813543 48.27173388162333 10
    vertex -21.244670262789324 -48.03646589036063 10
    vertex -21.244670262789327 48.03646589036063 10
  endloop
endfacet
facet normal 0 0 1
  outer loop
    vertex -22.071872571159314 48.60744241769433 10
    vertex -22.07187257115931 -48.60744241769433 10
    vertex -21.692935968135426 -48.27173388162332 10
  endloop
endfacet
facet normal 0 0 1
  outer loop
    vertex -22.071872571159314 48.60744241769433 10
    vertex -21.692935968135426 -48.27173388162332 10
    vertex -21.69293596813543 48.27173388162333 10
  endloop
endfacet
facet normal 0 0 1
  outer loop
    vertex -15 60 10
    vertex -18.46102218340529 50.50256289500387 10
    vertex -18.4 50 10
  endloop
endfacet
facet normal 0 0 1
  outer loop
    vertex -15 60 10
    vertex -18.64054234612826 50.975918661291914 10
    vertex -18.46102218340529 50.50256289500387 10
  endloop
endfacet
facet normal 0 0 1
  outer loop
    vertex -15 60 10
    vertex -18.92812742884069 51.39255758230567 10
    vertex -18.64054234612826 50.975918661291914 10
  endloop
endfacet
facet normal 0 0 1
  outer loop
    vertex -15 60 10
    vertex -19.307064031864574 51.72826611837668 10
    vertex -18.92812742884069 51.39255758230567 10
  endloop
endfacet
facet normal 0 0 1
  outer loop
    vertex -15 60 10
    vertex -18.4 50 10
    vertex -18.46102218340529 49.49743710499612 10
  endloop
endfacet
facet normal 0 0 1
  outer loop
    vertex -26 52 10
    vertex -22.35945765387174 50.975918661291914 10
    vertex -22.07187257115931 51.39255758230567 10
  endloop
endfacet
facet normal 0 0 1
  outer loop
    vertex -26 52 10
    vertex -22.53897781659471 50.50256289500388 10
    vertex -22.35945765387174 50.975918661291914 10
  endloop
endfacet
facet normal 0 0 0.9999999999999999
  outer loop
    vertex -26 52 10
    vertex -22.6 50 10
    vertex -22.53897781659471 50.50256289500388 10
  endloop
endfacet
facet normal 0 0 0.9999999999999999
  outer loop
    vertex -26 52 10
    vertex -22.53897781659471 49.49743710499613 10
    vertex -22.6 50 10
  endloop
endfacet
facet normal 0 0 1
  outer loop
    vertex -26 52 10
    vertex -22.359457653871743 49.024081338708086 10
    vertex -22.53897781659471 49.49743710499613 10
  endloop
endfacet
facet normal 0 0 1
  outer loop
    vertex -26 52 10
    vertex -22.071872571159314 48.60744241769433 10
    vertex -22.359457653871743 49.024081338708086 10
  endloop
endfacet
facet normal 0 0 1
  outer loop
    vertex -26 52 10
    vertex -22.07187257115931 -48.60744241769433 10
    vertex -22.071872571159314 48.60744241769433 10
  endloop
endfacet
facet normal 0 0 1
  outer loop
    vertex -26 52 10
    vertex -26 -52 10
    vertex -22.07187257115931 -48.60744241769433 10
  endloop
endfacet
facet normal 0 0 1
  outer loop
    vertex -18 60 10
    vertex -19.755329737210676 51.96353410963937 10
    vertex -19.307064031864574 51.72826611837668 10
  endloop
endfacet
facet normal 0 0 1
  outer loop
    vertex -18 60 10
    vertex -19.307064031864574 51.72826611837668 10
    vertex -15 60 10
  endloop
endfacet
facet normal 0 0 1
  outer loop
    vertex -25.878462024097665 53.38918542133545 10
    vertex -22.07187257115931 51.39255758230567 10
    vertex -21.692935968135426 51.72826611837668 10
  endloop
endfacet
facet normal 0 0 1
  outer loop
    vertex -25.878462024097665 53.38918542133545 10
    vertex -26 52 10
    vertex -22.07187257115931 51.39255758230567 10
  endloop
endfacet
facet normal 0 0 1
  outer loop
    vertex -19.389185421335448 59.878462024097665 10
    vertex -19.755329737210676 51.96353410963937 10
    vertex -18 60 10
  endloop
endfacet
facet normal 0 0 1
  outer loop
    vertex -20.736161146605355 59.517540966287264 10
    vertex -20.246872971463823 52.084688635605914 10
    vertex -19.755329737210676 51.96353410963937 10
  endloop
endfacet
facet normal 0 0 1
  outer loop
    vertex -20.736161146605355 59.517540966287264 10
    vertex -19.755329737210676 51.96353410963937 10
    vertex -19.389185421335448 59.878462024097665 10
  endloop
endfacet
facet normal 0 0 1
  outer loop
    vertex -25.517540966287264 54.736161146605355 10
    vertex -25.878462024097665 53.38918542133545 10
    vertex -21.692935968135426 51.72826611837668 10
  endloop
endfacet
facet normal 0 0 1
  outer loop
    vertex -22.000000000000004 58.92820323027551 10
    vertex -20.753127028536177 52.084688635605914 10
    vertex -20.246872971463823 52.084688635605914 10
  endloop
endfacet
facet normal 0 0 1
  outer loop
    vertex -22.000000000000004 58.92820323027551 10
    vertex -20.246872971463823 52.084688635605914 10
    vertex -20.736161146605355 59.517540966287264 10
  endloop
endfacet
facet normal 0 0 1
  outer loop
    vertex -24.928203230275507 56 10
    vertex -25.517540966287264 54.736161146605355 10
    vertex -21.692935968135426 51.72826611837668 10
  endloop
endfacet
facet normal 0 0 1
  outer loop
    vertex -24.928203230275507 56 10
    vertex -21.692935968135426 51.72826611837668 10
    vertex -21.244670262789324 51.96353410963937 10
  endloop
endfacet
facet normal 0 0 1
  outer loop
    vertex -23.142300877492318 58.12835554495182 10
    vertex -20.753127028536177 52.084688635605914 10
    vertex -22.000000000000004 58.92820323027551 10
  endloop
endfacet
facet normal 0 0 1
  outer loop
    vertex -24.128355544951823 57.14230087749232 10
    vertex -20.753127028536177 52.084688635605914 10
    vertex -23.142300877492318 58.12835554495182 10
  endloop
endfacet
facet normal 0 0 1
  outer loop
    vertex -24.128355544951823 57.14230087749232 10
    vertex -24.928203230275507 56 10
    vertex -21.244670262789324 51.96353410963937 10
  endloop
endfacet
facet normal 0 0 1
  outer loop
    vertex -24.128355544951823 57.14230087749232 10
    vertex -21.244670262789324 51.96353410963937 10
    vertex -20.753127028536177 52.084688635605914 10
  endloop
endfacet
facet normal 0 0 1
  outer loop
    vertex -15 60 10
    vertex -18.46102218340529 -49.49743710499613 10
    vertex -15 -60 10
  endloop
endfacet
facet normal 0 0 1
  outer loop
    vertex -15 60 10
    vertex -18.64054234612826 -49.024081338708086 10
    vertex -18.46102218340529 -49.49743710499613 10
  endloop
endfacet
facet normal 0 0 1
  outer loop
    vertex -15 60 10
    vertex -18.46102218340529 49.49743710499612 10
    vertex -18.64054234612826 -49.024081338708086 10
  endloop
endfacet
facet normal 0 0 1
  outer loop
    vertex -18.46102218340529 49.49743710499612 10
    vertex -18.640542346128264 49.02408133870808 10
    vertex -18.64054234612826 -49.024081338708086 10
  endloop
endfacet
facet normal 1 0 0
  outer loop
    vertex -15 60 10
    vertex -15 -60 10
    vertex -15 -60 5
  endloop
endfacet
facet normal 1 0 0
  outer loop
    vertex -15 60 10
    vertex -15 -60 5
    vertex -15 60 5
  endloop
endfacet
facet normal -1 0 0
  outer loop
    vertex 5.5 44.99999999999999 0
    vertex 5.5 -45.00000000000001 0
    vertex 5.5 -45.00000000000001 4.999999999999996
  endloop
endfacet
facet normal -1 0 0
  outer loop
    vertex 5.5 44.99999999999999 0
    vertex 5.5 -45.00000000000001 4.999999999999996
    vertex 5.5 44.99999999999999 4.999999999999996
  endloop
endfacet
facet normal 0 1 0
  outer loop
    vertex 5.5 -45.00000000000001 0
    vertex -5.5 -45.00000000000001 0
    vertex -5.5 -45.00000000000001 4.999999999999996
  endloop
endfacet
facet normal 0 1 0
  outer loop
    vertex 5.5 -45.00000000000001 0
    vertex -5.5 -45.00000000000001 4.999999999999996
    vertex 5.5 -45.00000000000001 4.999999999999996
  endloop
endfacet
facet normal 1 0 0
  outer loop
    vertex -5.5 -45.00000000000001 0
    vertex -5.5 44.99999999999999 0
    vertex -5.5 44.99999999999999 4.999999999999996
  endloop
endfacet
facet normal 1 0 0
  outer loop
    vertex -5.5 -45.00000000000001 0
    vertex -5.5 44.99999999999999 4.999999999999996
    vertex -5.5 -45.00000000000001 4.999999999999996
  endloop
endfacet
facet normal 1 0 0
  outer loop
    vertex -5.5 44.99999999999999 0
    vertex -5.5 60 0
    vertex -5.5 60 5
  endloop
endfacet
facet normal 1 0 0
  outer loop
    vertex -5.5 44.99999999999999 0
    vertex -5.5 60 5
    vertex -5.5 44.99999999999999 4.999999999999996
  endloop
endfacet
facet normal 0 1 0
  outer loop
    vertex -15 60 5
    vertex -18 60 10
    vertex -15 60 10
  endloop
endfacet
facet normal 0 1 0
  outer loop
    vertex -18 60 0
    vertex -18 60 10
    vertex -15 60 5
  endloop
endfacet
facet normal 0 1 0
  outer loop
    vertex -5.5 60 0
    vertex -15 60 5
    vertex -5.5 60 5
  endloop
endfacet
facet normal 0 1 0
  outer loop
    vertex -5.5 60 0
    vertex -18 60 0
    vertex -15 60 5
  endloop
endfacet
facet normal -0.9961946980917458 0.08715574274765747 0
  outer loop
    vertex -25.878462024097665 53.38918542133545 10
    vertex -25.878462024097665 53.38918542133545 0
    vertex -26 52 0
  endloop
endfacet
facet normal -0.9961946980917458 0.08715574274765747 0
  outer loop
    vertex -25.878462024097665 53.38918542133545 10
    vertex -26 52 0
    vertex -26 52 10
  endloop
endfacet
facet normal -0.9659258262890675 0.2588190451025233 0
  outer loop
    vertex -25.517540966287264 54.736161146605355 10
    vertex -25.517540966287264 54.736161146605355 0
    vertex -25.878462024097665 53.38918542133545 0
  endloop
endfacet
facet normal -0.9659258262890675 0.2588190451025233 0
  outer loop
    vertex -25.517540966287264 54.736161146605355 10
    vertex -25.878462024097665 53.38918542133545 0
    vertex -25.878462024097665 53.38918542133545 10
  endloop
endfacet
facet normal -0.9063077870366497 0.42261826174070016 0
  outer loop
    vertex -24.928203230275507 56 10
    vertex -24.928203230275507 56 0
    vertex -25.517540966287264 54.736161146605355 0
  endloop
endfacet
facet normal -0.9063077870366497 0.42261826174070016 0
  outer loop
    vertex -24.928203230275507 56 10
    vertex -25.517540966287264 54.736161146605355 0
    vertex -25.517540966287264 54.736161146605355 10
  endloop
endfacet
facet normal -0.8191520442889929 0.5735764363510446 0
  outer loop
    vertex -24.128355544951823 57.14230087749232 10
    vertex -24.128355544951823 57.14230087749232 0
    vertex -24.928203230275507 56 0
  endloop
endfacet
facet normal -0.7071067811865476 0.7071067811865476 0
  outer loop
    vertex -24.128355544951823 57.14230087749232 10
    vertex -23.142300877492318 58.12835554495182 0
    vertex -24.128355544951823 57.14230087749232 0
  endloop
endfacet
facet normal -0.8191520442889929 0.5735764363510446 0
  outer loop
    vertex -24.128355544951823 57.14230087749232 10
    vertex -24.928203230275507 56 0
    vertex -24.928203230275507 56 10
  endloop
endfacet
facet normal -0.7071067811865476 0.7071067811865476 0
  outer loop
    vertex -23.142300877492318 58.12835554495182 10
    vertex -23.142300877492318 58.12835554495182 0
    vertex -24.128355544951823 57.14230087749232 10
  endloop
endfacet
facet normal -0.5735764363510457 0.8191520442889919 0
  outer loop
    vertex -22.000000000000004 58.92820323027551 10
    vertex -22.000000000000004 58.92820323027551 0
    vertex -23.142300877492318 58.12835554495182 0
  endloop
endfacet
facet normal -0.5735764363510457 0.8191520442889919 0
  outer loop
    vertex -22.000000000000004 58.92820323027551 10
    vertex -23.142300877492318 58.12835554495182 0
    vertex -23.142300877492318 58.12835554495182 10
  endloop
endfacet
facet normal -0.42261826174069916 0.9063077870366502 0
  outer loop
    vertex -20.736161146605355 59.517540966287264 10
    vertex -20.736161146605355 59.517540966287264 0
    vertex -22.000000000000004 58.92820323027551 0
  endloop
endfacet
facet normal -0.42261826174069916 0.9063077870366502 0
  outer loop
    vertex -20.736161146605355 59.517540966287264 10
    vertex -22.000000000000004 58.92820323027551 0
    vertex -22.000000000000004 58.92820323027551 10
  endloop
endfacet
facet normal -0.2588190451025233 0.9659258262890675 0
  outer loop
    vertex -19.389185421335448 59.878462024097665 10
    vertex -19.389185421335448 59.878462024097665 0
    vertex -20.736161146605355 59.517540966287264 0
  endloop
endfacet
facet normal -0.2588190451025233 0.9659258262890675 0
  outer loop
    vertex -19.389185421335448 59.878462024097665 10
    vertex -20.736161146605355 59.517540966287264 0
    vertex -20.736161146605355 59.517540966287264 10
  endloop
endfacet
facet normal -0.08715574274765747 0.9961946980917458 0
  outer loop
    vertex -18 60 10
    vertex -18 60 0
    vertex -19.389185421335448 59.878462024097665 0
  endloop
endfacet
facet normal -0.08715574274765747 0.9961946980917458 0
  outer loop
    vertex -18 60 10
    vertex -19.389185421335448 59.878462024097665 0
    vertex -19.389185421335448 59.878462024097665 10
  endloop
endfacet
facet normal -1 0 0
  outer loop
    vertex -26 52 0
    vertex -26 -52 0
    vertex -26 -52 10
  endloop
endfacet
facet normal -1 0 0
  outer loop
    vertex -26 52 0
    vertex -26 -52 10
    vertex -26 52 10
  endloop
endfacet
facet normal 1 0 0
  outer loop
    vertex 27.36 -6.499999999999999 0
    vertex 27.36 6.500000000000001 0
    vertex 27.36 6.500000000000001 4.999999999999996
  endloop
endfacet
facet normal 1 0 0
  outer loop
    vertex 27.36 -6.499999999999999 0
    vertex 27.36 6.500000000000001 4.999999999999996
    vertex 27.36 -6.499999999999999 4.999999999999996
  endloop
endfacet
facet normal 0 -1 0
  outer loop
    vertex 27.36 6.500000000000001 4.999999999999996
    vertex 50.36 6.500000000000001 0
    vertex 50.36 6.500000000000001 4.999999999999996
  endloop
endfacet
facet normal 0 -1 0
  outer loop
    vertex 27.36 6.500000000000001 0
    vertex 50.36 6.500000000000001 0
    vertex 27.36 6.500000000000001 4.999999999999996
  endloop
endfacet
facet normal 0 1 0
  outer loop
    vertex 50.36 -6.499999999999999 4.999999999999996
    vertex 27.36 -6.499999999999999 0
    vertex 27.36 -6.499999999999999 4.999999999999996
  endloop
endfacet
facet normal 0 1 0
  outer loop
    vertex 50.36 -6.499999999999999 0
    vertex 27.36 -6.499999999999999 0
    vertex 50.36 -6.499999999999999 4.999999999999996
  endloop
endfacet
facet normal -1 0 0
  outer loop
    vertex 50.36 6.500000000000001 0
    vertex 50.36 -6.499999999999999 0
    vertex 50.36 -6.499999999999999 4.999999999999996
  endloop
endfacet
facet normal -1 0 0
  outer loop
    vertex 50.36 6.500000000000001 0
    vertex 50.36 -6.499999999999999 4.999999999999996
    vertex 50.36 6.500000000000001 4.999999999999996
  endloop
endfacet
facet normal -0.9927088740980533 0.12053668025532853 0
  outer loop
    vertex 26.128035999168656 -0.2632472307163113 0
    vertex 26.16 2e-15 4.999999999999996
    vertex 26.16 2e-15 0
  endloop
endfacet
facet normal -0.9927088740980534 0.12053668025532853 0
  outer loop
    vertex 26.128035999168656 -0.2632472307163113 0
    vertex 26.128035999168656 -0.2632472307163113 4.9999999999999964
    vertex 26.16 2e-15 4.999999999999996
  endloop
endfacet
facet normal -0.9350162426854149 0.3546048870425356 0
  outer loop
    vertex 26.03400162821853 -0.5111954892481432 0
    vertex 26.03400162821853 -0.5111954892481432 4.9999999999999964
    vertex 26.128035999168656 -0.2632472307163113 4.9999999999999964
  endloop
endfacet
facet normal -0.8229838658936565 0.5680647467311558 0
  outer loop
    vertex 26.03400162821853 -0.5111954892481432 0
    vertex 25.88336182298821 -0.7294349240648725 4.9999999999999964
    vertex 26.03400162821853 -0.5111954892481432 4.9999999999999964
  endloop
endfacet
facet normal -0.9350162426854149 0.3546048870425356 0
  outer loop
    vertex 26.03400162821853 -0.5111954892481432 0
    vertex 26.128035999168656 -0.2632472307163113 4.9999999999999964
    vertex 26.128035999168656 -0.2632472307163113 0
  endloop
endfacet
facet normal -0.8229838658936565 0.5680647467311558 0
  outer loop
    vertex 25.88336182298821 -0.7294349240648725 0
    vertex 25.88336182298821 -0.7294349240648725 4.9999999999999964
    vertex 26.03400162821853 -0.5111954892481432 0
  endloop
endfacet
facet normal -0.6631226582407989 0.7485107481710978 0
  outer loop
    vertex 25.684871221404272 -0.9052822524830199 0
    vertex 25.684871221404272 -0.9052822524830199 4.9999999999999964
    vertex 25.88336182298821 -0.7294349240648725 4.9999999999999964
  endloop
endfacet
facet normal -0.6631226582407989 0.7485107481710978 0
  outer loop
    vertex 25.684871221404272 -0.9052822524830199 0
    vertex 25.88336182298821 -0.7294349240648725 4.9999999999999964
    vertex 25.88336182298821 -0.7294349240648725 0
  endloop
endfacet
facet normal -0.46472317204376673 0.8854560256532109 0
  outer loop
    vertex 25.45006537574679 -1.028517866953954 0
    vertex 25.45006537574679 -1.028517866953954 4.9999999999999964
    vertex 25.684871221404272 -0.9052822524830199 4.9999999999999964
  endloop
endfacet
facet normal -0.23931566428755877 0.9709418174260517 0
  outer loop
    vertex 25.45006537574679 -1.028517866953954 0
    vertex 25.192590348280856 -1.0919797615078572 4.9999999999999964
    vertex 25.45006537574679 -1.028517866953954 4.9999999999999964
  endloop
endfacet
facet normal -0.46472317204376673 0.8854560256532109 0
  outer loop
    vertex 25.45006537574679 -1.028517866953954 0
    vertex 25.684871221404272 -0.9052822524830199 4.9999999999999964
    vertex 25.684871221404272 -0.9052822524830199 0
  endloop
endfacet
facet normal 0 0.9999999999999999 0
  outer loop
    vertex 25.192590348280856 -1.0919797615078572 0
    vertex 24.927409651719145 -1.0919797615078572 4.9999999999999964
    vertex 25.192590348280856 -1.0919797615078572 4.9999999999999964
  endloop
endfacet
facet normal -0.23931566428755877 0.9709418174260517 0
  outer loop
    vertex 25.192590348280856 -1.0919797615078572 0
    vertex 25.192590348280856 -1.0919797615078572 4.9999999999999964
    vertex 25.45006537574679 -1.028517866953954 0
  endloop
endfacet
facet normal 0 0.9999999999999999 0
  outer loop
    vertex 24.927409651719145 -1.0919797615078572 0
    vertex 24.927409651719145 -1.0919797615078572 4.9999999999999964
    vertex 25.192590348280856 -1.0919797615078572 0
  endloop
endfacet
facet normal 0.23931566428755568 0.9709418174260527 0
  outer loop
    vertex 24.66993462425321 -1.028517866953954 0
    vertex 24.66993462425321 -1.028517866953954 4.9999999999999964
    vertex 24.927409651719145 -1.0919797615078572 4.9999999999999964
  endloop
endfacet
facet normal 0.4647231720437719 0.8854560256532081 0
  outer loop
    vertex 24.66993462425321 -1.028517866953954 0
    vertex 24.43512877859573 -0.90528225248302 4.9999999999999964
    vertex 24.66993462425321 -1.028517866953954 4.9999999999999964
  endloop
endfacet
facet normal 0.23931566428755568 0.9709418174260527 0
  outer loop
    vertex 24.66993462425321 -1.028517866953954 0
    vertex 24.927409651719145 -1.0919797615078572 4.9999999999999964
    vertex 24.927409651719145 -1.0919797615078572 0
  endloop
endfacet
facet normal 0.4647231720437719 0.8854560256532081 0
  outer loop
    vertex 24.43512877859573 -0.90528225248302 0
    vertex 24.43512877859573 -0.90528225248302 4.9999999999999964
    vertex 24.66993462425321 -1.028517866953954 0
  endloop
endfacet
facet normal 0.6631226582407918 0.7485107481711041 0
  outer loop
    vertex 24.236638177011788 -0.7294349240648729 0
    vertex 24.236638177011788 -0.7294349240648729 4.9999999999999964
    vertex 24.43512877859573 -0.90528225248302 4.9999999999999964
  endloop
endfacet
facet normal 0.8229838658936559 0.5680647467311564 0
  outer loop
    vertex 24.236638177011788 -0.7294349240648729 0
    vertex 24.085998371781468 -0.5111954892481438 4.9999999999999964
    vertex 24.236638177011788 -0.7294349240648729 4.9999999999999964
  endloop
endfacet
facet normal 0.6631226582407918 0.7485107481711041 0
  outer loop
    vertex 24.236638177011788 -0.7294349240648729 0
    vertex 24.43512877859573 -0.90528225248302 4.9999999999999964
    vertex 24.43512877859573 -0.90528225248302 0
  endloop
endfacet
facet normal 0.8229838658936559 0.5680647467311564 0
  outer loop
    vertex 24.085998371781468 -0.5111954892481438 0
    vertex 24.085998371781468 -0.5111954892481438 4.9999999999999964
    vertex 24.236638177011788 -0.7294349240648729 0
  endloop
endfacet
facet normal 0.9350162426854147 0.35460488704253584 0
  outer loop
    vertex 23.99196400083134 -0.2632472307163122 0
    vertex 24.085998371781468 -0.5111954892481438 4.9999999999999964
    vertex 24.085998371781468 -0.5111954892481438 0
  endloop
endfacet
facet normal 0.9350162426854147 0.35460488704253584 0
  outer loop
    vertex 23.99196400083134 -0.2632472307163122 0
    vertex 23.99196400083134 -0.2632472307163122 4.9999999999999964
    vertex 24.085998371781468 -0.5111954892481438 4.9999999999999964
  endloop
endfacet
facet normal 0.9927088740980534 0.12053668025532853 0
  outer loop
    vertex 23.959999999999997 1.1182925904236532e-15 0
    vertex 23.99196400083134 -0.2632472307163122 4.9999999999999964
    vertex 23.99196400083134 -0.2632472307163122 0
  endloop
endfacet
facet normal 0.9927088740980534 0.12053668025532853 0
  outer loop
    vertex 23.959999999999997 1.1182925904236532e-15 0
    vertex 23.959999999999997 1.1182925904236532e-15 4.9999999999999964
    vertex 23.99196400083134 -0.2632472307163122 4.9999999999999964
  endloop
endfacet
facet normal 0.9927088740980534 -0.12053668025532849 0
  outer loop
    vertex 23.99196400083134 0.26324723071631445 0
    vertex 23.959999999999997 1.1182925904236532e-15 4.9999999999999964
    vertex 23.959999999999997 1.1182925904236532e-15 0
  endloop
endfacet
facet normal 0.9927088740980534 -0.12053668025532849 0
  outer loop
    vertex 23.99196400083134 0.26324723071631445 0
    vertex 23.99196400083134 0.26324723071631445 4.9999999999999964
    vertex 23.959999999999997 1.1182925904236532e-15 4.9999999999999964
  endloop
endfacet
facet normal 0.9350162426854148 -0.3546048870425357 0
  outer loop
    vertex 23.99196400083134 0.26324723071631445 0
    vertex 24.085998371781468 0.5111954892481463 4.9999999999999964
    vertex 23.99196400083134 0.26324723071631445 4.9999999999999964
  endloop
endfacet
facet normal 0.9350162426854148 -0.3546048870425357 0
  outer loop
    vertex 24.085998371781468 0.5111954892481463 0
    vertex 24.085998371781468 0.5111954892481463 4.9999999999999964
    vertex 23.99196400083134 0.26324723071631445 0
  endloop
endfacet
facet normal 0.8229838658936565 -0.5680647467311558 0
  outer loop
    vertex 24.236638177011788 0.7294349240648756 0
    vertex 24.085998371781468 0.5111954892481463 4.9999999999999964
    vertex 24.085998371781468 0.5111954892481463 0
  endloop
endfacet
facet normal 0.8229838658936565 -0.5680647467311558 0
  outer loop
    vertex 24.236638177011788 0.7294349240648756 0
    vertex 24.236638177011788 0.7294349240648756 4.9999999999999964
    vertex 24.085998371781468 0.5111954892481463 4.9999999999999964
  endloop
endfacet
facet normal 0.6631226582407994 -0.7485107481710974 0
  outer loop
    vertex 24.435128778595725 0.9052822524830232 0
    vertex 24.236638177011788 0.7294349240648756 4.9999999999999964
    vertex 24.236638177011788 0.7294349240648756 0
  endloop
endfacet
facet normal 0.6631226582407994 -0.7485107481710974 0
  outer loop
    vertex 24.435128778595725 0.9052822524830232 0
    vertex 24.435128778595725 0.9052822524830232 4.9999999999999964
    vertex 24.236638177011788 0.7294349240648756 4.9999999999999964
  endloop
endfacet
facet normal 0.464723172043768 -0.8854560256532101 0
  outer loop
    vertex 24.66993462425321 1.0285178669539579 0
    vertex 24.435128778595725 0.9052822524830232 4.9999999999999964
    vertex 24.435128778595725 0.9052822524830232 0
  endloop
endfacet
facet normal 0.464723172043768 -0.8854560256532101 0
  outer loop
    vertex 24.66993462425321 1.0285178669539579 0
    vertex 24.66993462425321 1.0285178669539579 4.9999999999999964
    vertex 24.435128778595725 0.9052822524830232 4.9999999999999964
  endloop
endfacet
facet normal 0.23931566428756038 -0.9709418174260513 0
  outer loop
    vertex 24.92740965171914 1.0919797615078615 0
    vertex 24.66993462425321 1.0285178669539579 4.9999999999999964
    vertex 24.66993462425321 1.0285178669539579 0
  endloop
endfacet
facet normal 0.23931566428756038 -0.9709418174260513 0
  outer loop
    vertex 24.92740965171914 1.0919797615078615 0
    vertex 24.92740965171914 1.0919797615078615 4.9999999999999964
    vertex 24.66993462425321 1.0285178669539579 4.9999999999999964
  endloop
endfacet
facet normal 2.5119996417992555e-15 -0.9999999999999999 0
  outer loop
    vertex 24.92740965171914 1.0919797615078615 0
    vertex 25.192590348280852 1.0919797615078621 4.9999999999999964
    vertex 24.92740965171914 1.0919797615078615 4.9999999999999964
  endloop
endfacet
facet normal 2.5119996417992555e-15 -0.9999999999999999 0
  outer loop
    vertex 25.192590348280852 1.0919797615078621 0
    vertex 25.192590348280852 1.0919797615078621 4.9999999999999964
    vertex 24.92740965171914 1.0919797615078615 0
  endloop
endfacet
facet normal -0.23931566428755643 -0.9709418174260523 0
  outer loop
    vertex 25.450065375746785 1.0285178669539596 0
    vertex 25.192590348280852 1.0919797615078621 4.9999999999999964
    vertex 25.192590348280852 1.0919797615078621 0
  endloop
endfacet
facet normal -0.23931566428755643 -0.9709418174260523 0
  outer loop
    vertex 25.450065375746785 1.0285178669539596 0
    vertex 25.450065375746785 1.0285178669539596 4.9999999999999964
    vertex 25.192590348280852 1.0919797615078621 4.9999999999999964
  endloop
endfacet
facet normal -0.46472317204376473 -0.8854560256532119 0
  outer loop
    vertex 25.450065375746785 1.0285178669539596 0
    vertex 25.68487122140427 0.9052822524830261 4.9999999999999964
    vertex 25.450065375746785 1.0285178669539596 4.9999999999999964
  endloop
endfacet
facet normal -0.46472317204376473 -0.8854560256532119 0
  outer loop
    vertex 25.68487122140427 0.9052822524830261 0
    vertex 25.68487122140427 0.9052822524830261 4.9999999999999964
    vertex 25.450065375746785 1.0285178669539596 0
  endloop
endfacet
facet normal -0.6631226582407973 -0.7485107481710993 0
  outer loop
    vertex 25.68487122140427 0.9052822524830261 0
    vertex 25.883361822988206 0.7294349240648795 4.9999999999999964
    vertex 25.68487122140427 0.9052822524830261 4.9999999999999964
  endloop
endfacet
facet normal -0.6631226582407973 -0.7485107481710993 0
  outer loop
    vertex 25.883361822988206 0.7294349240648795 0
    vertex 25.883361822988206 0.7294349240648795 4.9999999999999964
    vertex 25.68487122140427 0.9052822524830261 0
  endloop
endfacet
facet normal -0.8229838658936491 -0.5680647467311662 0
  outer loop
    vertex 26.03400162821853 0.511195489248151 0
    vertex 26.03400162821853 0.511195489248151 4.9999999999999964
    vertex 25.883361822988206 0.7294349240648795 4.9999999999999964
  endloop
endfacet
facet normal -0.8229838658936491 -0.5680647467311662 0
  outer loop
    vertex 26.03400162821853 0.511195489248151 0
    vertex 25.883361822988206 0.7294349240648795 4.9999999999999964
    vertex 25.883361822988206 0.7294349240648795 0
  endloop
endfacet
facet normal -0.9350162426854146 -0.3546048870425363 0
  outer loop
    vertex 26.128035999168656 0.2632472307163196 0
    vertex 26.128035999168656 0.2632472307163196 4.9999999999999964
    vertex 26.03400162821853 0.511195489248151 4.9999999999999964
  endloop
endfacet
facet normal -0.9927088740980535 -0.12053668025532656 0
  outer loop
    vertex 26.128035999168656 0.2632472307163196 0
    vertex 26.16 2e-15 4.999999999999996
    vertex 26.128035999168656 0.2632472307163196 4.9999999999999964
  endloop
endfacet
facet normal -0.9350162426854146 -0.3546048870425363 0
  outer loop
    vertex 26.128035999168656 0.2632472307163196 0
    vertex 26.03400162821853 0.511195489248151 4.9999999999999964
    vertex 26.03400162821853 0.511195489248151 0
  endloop
endfacet
facet normal -0.9927088740980535 -0.12053668025532656 0
  outer loop
    vertex 26.16 2e-15 0
    vertex 26.16 2e-15 4.999999999999996
    vertex 26.128035999168656 0.2632472307163196 0
  endloop
endfacet
facet normal -0.9927088740980533 0.12053668025532853 0
  outer loop
    vertex 53.72803599916866 -0.2632472307163113 0
    vertex 53.760000000000005 2e-15 4.999999999999996
    vertex 53.760000000000005 2e-15 0
  endloop
endfacet
facet normal -0.9927088740980534 0.12053668025532853 0
  outer loop
    vertex 53.72803599916866 -0.2632472307163113 0
    vertex 53.72803599916866 -0.2632472307163113 4.9999999999999964
    vertex 53.760000000000005 2e-15 4.999999999999996
  endloop
endfacet
facet normal -0.9350162426854149 0.3546048870425356 0
  outer loop
    vertex 53.634001628218535 -0.5111954892481432 0
    vertex 53.634001628218535 -0.5111954892481432 4.9999999999999964
    vertex 53.72803599916866 -0.2632472307163113 4.9999999999999964
  endloop
endfacet
facet normal -0.8229838658936565 0.5680647467311558 0
  outer loop
    vertex 53.634001628218535 -0.5111954892481432 0
    vertex 53.483361822988215 -0.7294349240648725 4.9999999999999964
    vertex 53.634001628218535 -0.5111954892481432 4.9999999999999964
  endloop
endfacet
facet normal -0.9350162426854149 0.3546048870425356 0
  outer loop
    vertex 53.634001628218535 -0.5111954892481432 0
    vertex 53.72803599916866 -0.2632472307163113 4.9999999999999964
    vertex 53.72803599916866 -0.2632472307163113 0
  endloop
endfacet
facet normal -0.8229838658936565 0.5680647467311558 0
  outer loop
    vertex 53.483361822988215 -0.7294349240648725 0
    vertex 53.483361822988215 -0.7294349240648725 4.9999999999999964
    vertex 53.634001628218535 -0.5111954892481432 0
  endloop
endfacet
facet normal -0.6631226582407923 0.7485107481711036 0
  outer loop
    vertex 53.28487122140427 -0.9052822524830199 0
    vertex 53.28487122140427 -0.9052822524830199 4.9999999999999964
    vertex 53.483361822988215 -0.7294349240648725 4.9999999999999964
  endloop
endfacet
facet normal -0.6631226582407923 0.7485107481711036 0
  outer loop
    vertex 53.28487122140427 -0.9052822524830199 0
    vertex 53.483361822988215 -0.7294349240648725 4.9999999999999964
    vertex 53.483361822988215 -0.7294349240648725 0
  endloop
endfacet
facet normal -0.46472317204376673 0.8854560256532109 0
  outer loop
    vertex 53.05006537574679 -1.028517866953954 0
    vertex 53.05006537574679 -1.028517866953954 4.9999999999999964
    vertex 53.28487122140427 -0.9052822524830199 4.9999999999999964
  endloop
endfacet
facet normal -0.2393156642875619 0.970941817426051 0
  outer loop
    vertex 53.05006537574679 -1.028517866953954 0
    vertex 52.79259034828086 -1.0919797615078572 4.9999999999999964
    vertex 53.05006537574679 -1.028517866953954 4.9999999999999964
  endloop
endfacet
facet normal -0.46472317204376673 0.8854560256532109 0
  outer loop
    vertex 53.05006537574679 -1.028517866953954 0
    vertex 53.28487122140427 -0.9052822524830199 4.9999999999999964
    vertex 53.28487122140427 -0.9052822524830199 0
  endloop
endfacet
facet normal 0 1 0
  outer loop
    vertex 52.79259034828086 -1.0919797615078572 0
    vertex 52.52740965171915 -1.0919797615078572 4.9999999999999964
    vertex 52.79259034828086 -1.0919797615078572 4.9999999999999964
  endloop
endfacet
facet normal -0.2393156642875619 0.970941817426051 0
  outer loop
    vertex 52.79259034828086 -1.0919797615078572 0
    vertex 52.79259034828086 -1.0919797615078572 4.9999999999999964
    vertex 53.05006537574679 -1.028517866953954 0
  endloop
endfacet
facet normal 0 1 0
  outer loop
    vertex 52.52740965171915 -1.0919797615078572 0
    vertex 52.52740965171915 -1.0919797615078572 4.9999999999999964
    vertex 52.79259034828086 -1.0919797615078572 0
  endloop
endfacet
facet normal 0.2393156642875619 0.970941817426051 0
  outer loop
    vertex 52.26993462425322 -1.028517866953954 0
    vertex 52.26993462425322 -1.028517866953954 4.9999999999999964
    vertex 52.52740965171915 -1.0919797615078572 4.9999999999999964
  endloop
endfacet
facet normal 0.4647231720437664 0.885456025653211 0
  outer loop
    vertex 52.26993462425322 -1.028517866953954 0
    vertex 52.035128778595734 -0.90528225248302 4.9999999999999964
    vertex 52.26993462425322 -1.028517866953954 4.9999999999999964
  endloop
endfacet
facet normal 0.2393156642875619 0.970941817426051 0
  outer loop
    vertex 52.26993462425322 -1.028517866953954 0
    vertex 52.52740965171915 -1.0919797615078572 4.9999999999999964
    vertex 52.52740965171915 -1.0919797615078572 0
  endloop
endfacet
facet normal 0.4647231720437664 0.885456025653211 0
  outer loop
    vertex 52.035128778595734 -0.90528225248302 0
    vertex 52.035128778595734 -0.90528225248302 4.9999999999999964
    vertex 52.26993462425322 -1.028517866953954 0
  endloop
endfacet
facet normal 0.6631226582407918 0.7485107481711041 0
  outer loop
    vertex 51.83663817701179 -0.7294349240648729 0
    vertex 51.83663817701179 -0.7294349240648729 4.9999999999999964
    vertex 52.035128778595734 -0.90528225248302 4.9999999999999964
  endloop
endfacet
facet normal 0.8229838658936559 0.5680647467311564 0
  outer loop
    vertex 51.83663817701179 -0.7294349240648729 0
    vertex 51.68599837178147 -0.5111954892481438 4.9999999999999964
    vertex 51.83663817701179 -0.7294349240648729 4.9999999999999964
  endloop
endfacet
facet normal 0.6631226582407918 0.7485107481711041 0
  outer loop
    vertex 51.83663817701179 -0.7294349240648729 0
    vertex 52.035128778595734 -0.90528225248302 4.9999999999999964
    vertex 52.035128778595734 -0.90528225248302 0
  endloop
endfacet
facet normal 0.8229838658936559 0.5680647467311564 0
  outer loop
    vertex 51.68599837178147 -0.5111954892481438 0
    vertex 51.68599837178147 -0.5111954892481438 4.9999999999999964
    vertex 51.83663817701179 -0.7294349240648729 0
  endloop
endfacet
facet normal 0.9350162426854147 0.35460488704253584 0
  outer loop
    vertex 51.59196400083135 -0.2632472307163122 0
    vertex 51.68599837178147 -0.5111954892481438 4.9999999999999964
    vertex 51.68599837178147 -0.5111954892481438 0
  endloop
endfacet
facet normal 0.9350162426854147 0.35460488704253584 0
  outer loop
    vertex 51.59196400083135 -0.2632472307163122 0
    vertex 51.59196400083135 -0.2632472307163122 4.9999999999999964
    vertex 51.68599837178147 -0.5111954892481438 4.9999999999999964
  endloop
endfacet
facet normal 0.9927088740980534 0.12053668025532853 0
  outer loop
    vertex 51.56 1.1182925904236532e-15 0
    vertex 51.59196400083135 -0.2632472307163122 4.9999999999999964
    vertex 51.59196400083135 -0.2632472307163122 0
  endloop
endfacet
facet normal 0.9927088740980534 0.12053668025532853 0
  outer loop
    vertex 51.56 1.1182925904236532e-15 0
    vertex 51.56 1.1182925904236532e-15 4.9999999999999964
    vertex 51.59196400083135 -0.2632472307163122 4.9999999999999964
  endloop
endfacet
facet normal 0.9927088740980534 -0.12053668025532849 0
  outer loop
    vertex 51.59196400083135 0.26324723071631445 0
    vertex 51.56 1.1182925904236532e-15 4.9999999999999964
    vertex 51.56 1.1182925904236532e-15 0
  endloop
endfacet
facet normal 0.9927088740980534 -0.12053668025532849 0
  outer loop
    vertex 51.59196400083135 0.26324723071631445 0
    vertex 51.59196400083135 0.26324723071631445 4.9999999999999964
    vertex 51.56 1.1182925904236532e-15 4.9999999999999964
  endloop
endfacet
facet normal 0.9350162426854148 -0.3546048870425357 0
  outer loop
    vertex 51.59196400083135 0.26324723071631445 0
    vertex 51.68599837178147 0.5111954892481463 4.9999999999999964
    vertex 51.59196400083135 0.26324723071631445 4.9999999999999964
  endloop
endfacet
facet normal 0.9350162426854148 -0.3546048870425357 0
  outer loop
    vertex 51.68599837178147 0.5111954892481463 0
    vertex 51.68599837178147 0.5111954892481463 4.9999999999999964
    vertex 51.59196400083135 0.26324723071631445 0
  endloop
endfacet
facet normal 0.8229838658936565 -0.5680647467311558 0
  outer loop
    vertex 51.83663817701179 0.7294349240648756 0
    vertex 51.68599837178147 0.5111954892481463 4.9999999999999964
    vertex 51.68599837178147 0.5111954892481463 0
  endloop
endfacet
facet normal 0.8229838658936565 -0.5680647467311558 0
  outer loop
    vertex 51.83663817701179 0.7294349240648756 0
    vertex 51.83663817701179 0.7294349240648756 4.9999999999999964
    vertex 51.68599837178147 0.5111954892481463 4.9999999999999964
  endloop
endfacet
facet normal 0.6631226582407928 -0.7485107481711033 0
  outer loop
    vertex 52.035128778595734 0.9052822524830232 0
    vertex 51.83663817701179 0.7294349240648756 4.9999999999999964
    vertex 51.83663817701179 0.7294349240648756 0
  endloop
endfacet
facet normal 0.6631226582407928 -0.7485107481711033 0
  outer loop
    vertex 52.035128778595734 0.9052822524830232 0
    vertex 52.035128778595734 0.9052822524830232 4.9999999999999964
    vertex 51.83663817701179 0.7294349240648756 4.9999999999999964
  endloop
endfacet
facet normal 0.46472317204377905 -0.8854560256532045 0
  outer loop
    vertex 52.26993462425321 1.0285178669539579 0
    vertex 52.035128778595734 0.9052822524830232 4.9999999999999964
    vertex 52.035128778595734 0.9052822524830232 0
  endloop
endfacet
facet normal 0.46472317204377905 -0.8854560256532045 0
  outer loop
    vertex 52.26993462425321 1.0285178669539579 0
    vertex 52.26993462425321 1.0285178669539579 4.9999999999999964
    vertex 52.035128778595734 0.9052822524830232 4.9999999999999964
  endloop
endfacet
facet normal 0.23931566428755724 -0.970941817426052 0
  outer loop
    vertex 52.52740965171915 1.0919797615078615 0
    vertex 52.26993462425321 1.0285178669539579 4.9999999999999964
    vertex 52.26993462425321 1.0285178669539579 0
  endloop
endfacet
facet normal 0.23931566428755724 -0.970941817426052 0
  outer loop
    vertex 52.52740965171915 1.0919797615078615 0
    vertex 52.52740965171915 1.0919797615078615 4.9999999999999964
    vertex 52.26993462425321 1.0285178669539579 4.9999999999999964
  endloop
endfacet
facet normal 2.511999641799289e-15 -0.9999999999999999 0
  outer loop
    vertex 52.52740965171915 1.0919797615078615 0
    vertex 52.792590348280854 1.0919797615078621 4.9999999999999964
    vertex 52.52740965171915 1.0919797615078615 4.9999999999999964
  endloop
endfacet
facet normal 2.511999641799289e-15 -0.9999999999999999 0
  outer loop
    vertex 52.792590348280854 1.0919797615078621 0
    vertex 52.792590348280854 1.0919797615078621 4.9999999999999964
    vertex 52.52740965171915 1.0919797615078615 0
  endloop
endfacet
facet normal -0.2393156642875533 -0.9709418174260531 0
  outer loop
    vertex 53.05006537574679 1.0285178669539596 0
    vertex 52.792590348280854 1.0919797615078621 4.9999999999999964
    vertex 52.792590348280854 1.0919797615078621 0
  endloop
endfacet
facet normal -0.2393156642875533 -0.9709418174260531 0
  outer loop
    vertex 53.05006537574679 1.0285178669539596 0
    vertex 53.05006537574679 1.0285178669539596 4.9999999999999964
    vertex 52.792590348280854 1.0919797615078621 4.9999999999999964
  endloop
endfacet
facet normal -0.46472317204376473 -0.8854560256532119 0
  outer loop
    vertex 53.05006537574679 1.0285178669539596 0
    vertex 53.28487122140427 0.9052822524830261 4.9999999999999964
    vertex 53.05006537574679 1.0285178669539596 4.9999999999999964
  endloop
endfacet
facet normal -0.46472317204376473 -0.8854560256532119 0
  outer loop
    vertex 53.28487122140427 0.9052822524830261 0
    vertex 53.28487122140427 0.9052822524830261 4.9999999999999964
    vertex 53.05006537574679 1.0285178669539596 0
  endloop
endfacet
facet normal -0.6631226582407906 -0.7485107481711052 0
  outer loop
    vertex 53.28487122140427 0.9052822524830261 0
    vertex 53.483361822988215 0.7294349240648795 4.9999999999999964
    vertex 53.28487122140427 0.9052822524830261 4.9999999999999964
  endloop
endfacet
facet normal -0.6631226582407906 -0.7485107481711052 0
  outer loop
    vertex 53.483361822988215 0.7294349240648795 0
    vertex 53.483361822988215 0.7294349240648795 4.9999999999999964
    vertex 53.28487122140427 0.9052822524830261 0
  endloop
endfacet
facet normal -0.8229838658936552 -0.5680647467311571 0
  outer loop
    vertex 53.634001628218535 0.511195489248151 0
    vertex 53.634001628218535 0.511195489248151 4.9999999999999964
    vertex 53.483361822988215 0.7294349240648795 4.9999999999999964
  endloop
endfacet
facet normal -0.8229838658936552 -0.5680647467311571 0
  outer loop
    vertex 53.634001628218535 0.511195489248151 0
    vertex 53.483361822988215 0.7294349240648795 4.9999999999999964
    vertex 53.483361822988215 0.7294349240648795 0
  endloop
endfacet
facet normal -0.9350162426854146 -0.3546048870425363 0
  outer loop
    vertex 53.72803599916866 0.2632472307163196 0
    vertex 53.72803599916866 0.2632472307163196 4.9999999999999964
    vertex 53.634001628218535 0.511195489248151 4.9999999999999964
  endloop
endfacet
facet normal -0.9927088740980535 -0.12053668025532656 0
  outer loop
    vertex 53.72803599916866 0.2632472307163196 0
    vertex 53.760000000000005 2e-15 4.999999999999996
    vertex 53.72803599916866 0.2632472307163196 4.9999999999999964
  endloop
endfacet
facet normal -0.9350162426854146 -0.3546048870425363 0
  outer loop
    vertex 53.72803599916866 0.2632472307163196 0
    vertex 53.634001628218535 0.511195489248151 4.9999999999999964
    vertex 53.634001628218535 0.511195489248151 0
  endloop
endfacet
facet normal -0.9927088740980535 -0.12053668025532656 0
  outer loop
    vertex 53.760000000000005 2e-15 0
    vertex 53.760000000000005 2e-15 4.999999999999996
    vertex 53.72803599916866 0.2632472307163196 0
  endloop
endfacet
facet normal -0.9927088740980536 -0.12053668025532634 0
  outer loop
    vertex -18.46102218340529 -49.49743710499613 10
    vertex -18.4 -50 0
    vertex -18.4 -50 10
  endloop
endfacet
facet normal -0.9927088740980536 -0.12053668025532634 0
  outer loop
    vertex -18.46102218340529 -49.49743710499613 10
    vertex -18.46102218340529 -49.49743710499613 0
    vertex -18.4 -50 0
  endloop
endfacet
facet normal -0.9350162426854145 -0.3546048870425362 0
  outer loop
    vertex -18.64054234612826 -49.024081338708086 10
    vertex -18.64054234612826 -49.024081338708086 0
    vertex -18.46102218340529 -49.49743710499613 0
  endloop
endfacet
facet normal -0.8229838658936565 -0.5680647467311557 0
  outer loop
    vertex -18.64054234612826 -49.024081338708086 10
    vertex -18.92812742884069 -48.60744241769433 0
    vertex -18.64054234612826 -49.024081338708086 0
  endloop
endfacet
facet normal -0.9350162426854145 -0.3546048870425362 0
  outer loop
    vertex -18.64054234612826 -49.024081338708086 10
    vertex -18.46102218340529 -49.49743710499613 0
    vertex -18.46102218340529 -49.49743710499613 10
  endloop
endfacet
facet normal -0.8229838658936565 -0.5680647467311557 0
  outer loop
    vertex -18.92812742884069 -48.60744241769433 10
    vertex -18.92812742884069 -48.60744241769433 0
    vertex -18.64054234612826 -49.024081338708086 10
  endloop
endfacet
facet normal -0.6631226582407976 -0.748510748171099 0
  outer loop
    vertex -19.307064031864574 -48.27173388162332 10
    vertex -19.307064031864574 -48.27173388162332 0
    vertex -18.92812742884069 -48.60744241769433 0
  endloop
endfacet
facet normal -0.6631226582407976 -0.748510748171099 0
  outer loop
    vertex -19.307064031864574 -48.27173388162332 10
    vertex -18.92812742884069 -48.60744241769433 0
    vertex -18.92812742884069 -48.60744241769433 10
  endloop
endfacet
facet normal -0.4647231720437615 -0.8854560256532135 0
  outer loop
    vertex -19.755329737210676 -48.03646589036063 10
    vertex -19.755329737210676 -48.03646589036063 0
    vertex -19.307064031864574 -48.27173388162332 0
  endloop
endfacet
facet normal -0.2393156642875639 -0.9709418174260505 0
  outer loop
    vertex -19.755329737210676 -48.03646589036063 10
    vertex -20.246872971463823 -47.915311364394086 0
    vertex -19.755329737210676 -48.03646589036063 0
  endloop
endfacet
facet normal -0.4647231720437615 -0.8854560256532135 0
  outer loop
    vertex -19.755329737210676 -48.03646589036063 10
    vertex -19.307064031864574 -48.27173388162332 0
    vertex -19.307064031864574 -48.27173388162332 10
  endloop
endfacet
facet normal -0.2393156642875639 -0.9709418174260505 0
  outer loop
    vertex -20.246872971463823 -47.915311364394086 10
    vertex -20.246872971463823 -47.915311364394086 0
    vertex -19.755329737210676 -48.03646589036063 10
  endloop
endfacet
facet normal 0 -0.9999999999999999 0
  outer loop
    vertex -20.753127028536177 -47.915311364394086 10
    vertex -20.753127028536177 -47.915311364394086 0
    vertex -20.246872971463823 -47.915311364394086 0
  endloop
endfacet
facet normal 0 -0.9999999999999999 0
  outer loop
    vertex -20.753127028536177 -47.915311364394086 10
    vertex -20.246872971463823 -47.915311364394086 0
    vertex -20.246872971463823 -47.915311364394086 10
  endloop
endfacet
facet normal 0.2393156642875639 -0.9709418174260505 0
  outer loop
    vertex -21.244670262789324 -48.03646589036063 10
    vertex -21.244670262789324 -48.03646589036063 0
    vertex -20.753127028536177 -47.915311364394086 0
  endloop
endfacet
facet normal 0.2393156642875639 -0.9709418174260505 0
  outer loop
    vertex -21.244670262789324 -48.03646589036063 10
    vertex -20.753127028536177 -47.915311364394086 0
    vertex -20.753127028536177 -47.915311364394086 10
  endloop
endfacet
facet normal 0.4647231720437615 -0.8854560256532135 0
  outer loop
    vertex -21.692935968135426 -48.27173388162332 10
    vertex -21.692935968135426 -48.27173388162332 0
    vertex -21.244670262789324 -48.03646589036063 0
  endloop
endfacet
facet normal 0.4647231720437615 -0.8854560256532135 0
  outer loop
    vertex -21.692935968135426 -48.27173388162332 10
    vertex -21.244670262789324 -48.03646589036063 0
    vertex -21.244670262789324 -48.03646589036063 10
  endloop
endfacet
facet normal 0.6631226582407976 -0.748510748171099 0
  outer loop
    vertex -22.07187257115931 -48.60744241769433 10
    vertex -22.07187257115931 -48.60744241769433 0
    vertex -21.692935968135426 -48.27173388162332 0
  endloop
endfacet
facet normal 0.8229838658936565 -0.5680647467311557 0
  outer loop
    vertex -22.07187257115931 -48.60744241769433 10
    vertex -22.35945765387174 -49.024081338708086 0
    vertex -22.07187257115931 -48.60744241769433 0
  endloop
endfacet
facet normal 0.6631226582407976 -0.748510748171099 0
  outer loop
    vertex -22.07187257115931 -48.60744241769433 10
    vertex -21.692935968135426 -48.27173388162332 0
    vertex -21.692935968135426 -48.27173388162332 10
  endloop
endfacet
facet normal 0.8229838658936565 -0.5680647467311557 0
  outer loop
    vertex -22.35945765387174 -49.024081338708086 10
    vertex -22.35945765387174 -49.024081338708086 0
    vertex -22.07187257115931 -48.60744241769433 10
  endloop
endfacet
facet normal 0.9350162426854128 -0.35460488704254084 0
  outer loop
    vertex -22.35945765387174 -49.024081338708086 10
    vertex -22.53897781659471 -49.49743710499612 0
    vertex -22.35945765387174 -49.024081338708086 0
  endloop
endfacet
facet normal 0.9350162426854128 -0.35460488704254084 0
  outer loop
    vertex -22.53897781659471 -49.49743710499612 10
    vertex -22.53897781659471 -49.49743710499612 0
    vertex -22.35945765387174 -49.024081338708086 10
  endloop
endfacet
facet normal 0.9927088740980539 -0.12053668025532466 0
  outer loop
    vertex -22.6 -50 10
    vertex -22.53897781659471 -49.49743710499612 0
    vertex -22.53897781659471 -49.49743710499612 10
  endloop
endfacet
facet normal 0.9927088740980539 -0.12053668025532466 0
  outer loop
    vertex -22.6 -50 10
    vertex -22.6 -50 0
    vertex -22.53897781659471 -49.49743710499612 0
  endloop
endfacet
facet normal 0.9927088740980536 0.12053668025532634 0
  outer loop
    vertex -22.6 -50 10
    vertex -22.53897781659471 -50.50256289500387 0
    vertex -22.6 -50 0
  endloop
endfacet
facet normal 0.9927088740980536 0.12053668025532634 0
  outer loop
    vertex -22.53897781659471 -50.50256289500387 10
    vertex -22.53897781659471 -50.50256289500387 0
    vertex -22.6 -50 10
  endloop
endfacet
facet normal 0.9350162426854169 0.35460488704253007 0
  outer loop
    vertex -22.53897781659471 -50.50256289500387 10
    vertex -22.359457653871743 -50.975918661291914 0
    vertex -22.53897781659471 -50.50256289500387 0
  endloop
endfacet
facet normal 0.9350162426854169 0.35460488704253007 0
  outer loop
    vertex -22.359457653871743 -50.975918661291914 10
    vertex -22.359457653871743 -50.975918661291914 0
    vertex -22.53897781659471 -50.50256289500387 10
  endloop
endfacet
facet normal 0.8229838658936565 0.5680647467311557 0
  outer loop
    vertex -22.071872571159314 -51.39255758230567 10
    vertex -22.359457653871743 -50.975918661291914 0
    vertex -22.359457653871743 -50.975918661291914 10
  endloop
endfacet
facet normal 0.8229838658936565 0.5680647467311557 0
  outer loop
    vertex -22.071872571159314 -51.39255758230567 10
    vertex -22.071872571159314 -51.39255758230567 0
    vertex -22.359457653871743 -50.975918661291914 0
  endloop
endfacet
facet normal 0.6631226582407898 0.748510748171106 0
  outer loop
    vertex -21.69293596813543 -51.72826611837667 10
    vertex -22.071872571159314 -51.39255758230567 0
    vertex -22.071872571159314 -51.39255758230567 10
  endloop
endfacet
facet normal 0.6631226582407898 0.748510748171106 0
  outer loop
    vertex -21.69293596813543 -51.72826611837667 10
    vertex -21.69293596813543 -51.72826611837667 0
    vertex -22.071872571159314 -51.39255758230567 0
  endloop
endfacet
facet normal 0.4647231720437725 0.8854560256532078 0
  outer loop
    vertex -21.244670262789327 -51.96353410963937 10
    vertex -21.69293596813543 -51.72826611837667 0
    vertex -21.69293596813543 -51.72826611837667 10
  endloop
endfacet
facet normal 0.4647231720437725 0.8854560256532078 0
  outer loop
    vertex -21.244670262789327 -51.96353410963937 10
    vertex -21.244670262789327 -51.96353410963937 0
    vertex -21.69293596813543 -51.72826611837667 0
  endloop
endfacet
facet normal 0.2393156642875655 0.97094181742605 0
  outer loop
    vertex -20.753127028536184 -52.084688635605914 10
    vertex -21.244670262789327 -51.96353410963937 0
    vertex -21.244670262789327 -51.96353410963937 10
  endloop
endfacet
facet normal 0.2393156642875655 0.97094181742605 0
  outer loop
    vertex -20.753127028536184 -52.084688635605914 10
    vertex -20.753127028536184 -52.084688635605914 0
    vertex -21.244670262789327 -51.96353410963937 0
  endloop
endfacet
facet normal 0 0.9999999999999999 0
  outer loop
    vertex -20.753127028536184 -52.084688635605914 10
    vertex -20.246872971463826 -52.084688635605914 0
    vertex -20.753127028536184 -52.084688635605914 0
  endloop
endfacet
facet normal 0 0.9999999999999999 0
  outer loop
    vertex -20.246872971463826 -52.084688635605914 10
    vertex -20.246872971463826 -52.084688635605914 0
    vertex -20.753127028536184 -52.084688635605914 10
  endloop
endfacet
facet normal -0.23931566428755072 0.9709418174260539 0
  outer loop
    vertex -19.75532973721068 -51.963534109639376 10
    vertex -20.246872971463826 -52.084688635605914 0
    vertex -20.246872971463826 -52.084688635605914 10
  endloop
endfacet
facet normal -0.23931566428755072 0.9709418174260539 0
  outer loop
    vertex -19.75532973721068 -51.963534109639376 10
    vertex -19.75532973721068 -51.963534109639376 0
    vertex -20.246872971463826 -52.084688635605914 0
  endloop
endfacet
facet normal -0.4647231720437725 0.8854560256532078 0
  outer loop
    vertex -19.307064031864577 -51.72826611837668 10
    vertex -19.75532973721068 -51.963534109639376 0
    vertex -19.75532973721068 -51.963534109639376 10
  endloop
endfacet
facet normal -0.4647231720437725 0.8854560256532078 0
  outer loop
    vertex -19.307064031864577 -51.72826611837668 10
    vertex -19.307064031864577 -51.72826611837668 0
    vertex -19.75532973721068 -51.963534109639376 0
  endloop
endfacet
facet normal -0.6631226582407898 0.748510748171106 0
  outer loop
    vertex -19.307064031864577 -51.72826611837668 10
    vertex -18.928127428840693 -51.39255758230568 0
    vertex -19.307064031864577 -51.72826611837668 0
  endloop
endfacet
facet normal -0.6631226582407898 0.748510748171106 0
  outer loop
    vertex -18.928127428840693 -51.39255758230568 10
    vertex -18.928127428840693 -51.39255758230568 0
    vertex -19.307064031864577 -51.72826611837668 10
  endloop
endfacet
facet normal -0.8229838658936565 0.5680647467311557 0
  outer loop
    vertex -18.928127428840693 -51.39255758230568 10
    vertex -18.640542346128264 -50.97591866129192 0
    vertex -18.928127428840693 -51.39255758230568 0
  endloop
endfacet
facet normal -0.8229838658936565 0.5680647467311557 0
  outer loop
    vertex -18.640542346128264 -50.97591866129192 10
    vertex -18.640542346128264 -50.97591866129192 0
    vertex -18.928127428840693 -51.39255758230568 10
  endloop
endfacet
facet normal -0.9350162426854123 0.35460488704254234 0
  outer loop
    vertex -18.46102218340529 -50.50256289500388 10
    vertex -18.46102218340529 -50.50256289500388 0
    vertex -18.640542346128264 -50.97591866129192 0
  endloop
endfacet
facet normal -0.9927088740980539 0.12053668025532466 0
  outer loop
    vertex -18.46102218340529 -50.50256289500388 10
    vertex -18.4 -50 0
    vertex -18.46102218340529 -50.50256289500388 0
  endloop
endfacet
facet normal -0.9350162426854123 0.35460488704254234 0
  outer loop
    vertex -18.46102218340529 -50.50256289500388 10
    vertex -18.640542346128264 -50.97591866129192 0
    vertex -18.640542346128264 -50.97591866129192 10
  endloop
endfacet
facet normal -0.9927088740980539 0.12053668025532466 0
  outer loop
    vertex -18.4 -50 10
    vertex -18.4 -50 0
    vertex -18.46102218340529 -50.50256289500388 10
  endloop
endfacet
facet normal -0.9927088740980536 -0.12053668025532634 0
  outer loop
    vertex -18.46102218340529 50.50256289500387 10
    vertex -18.4 50 0
    vertex -18.4 50 10
  endloop
endfacet
facet normal -0.9927088740980536 -0.12053668025532634 0
  outer loop
    vertex -18.46102218340529 50.50256289500387 10
    vertex -18.46102218340529 50.50256289500387 0
    vertex -18.4 50 0
  endloop
endfacet
facet normal -0.9350162426854145 -0.3546048870425362 0
  outer loop
    vertex -18.64054234612826 50.975918661291914 10
    vertex -18.64054234612826 50.975918661291914 0
    vertex -18.46102218340529 50.50256289500387 0
  endloop
endfacet
facet normal -0.8229838658936565 -0.5680647467311557 0
  outer loop
    vertex -18.64054234612826 50.975918661291914 10
    vertex -18.92812742884069 51.39255758230567 0
    vertex -18.64054234612826 50.975918661291914 0
  endloop
endfacet
facet normal -0.9350162426854145 -0.3546048870425362 0
  outer loop
    vertex -18.64054234612826 50.975918661291914 10
    vertex -18.46102218340529 50.50256289500387 0
    vertex -18.46102218340529 50.50256289500387 10
  endloop
endfacet
facet normal -0.8229838658936565 -0.5680647467311557 0
  outer loop
    vertex -18.92812742884069 51.39255758230567 10
    vertex -18.92812742884069 51.39255758230567 0
    vertex -18.64054234612826 50.975918661291914 10
  endloop
endfacet
facet normal -0.6631226582407976 -0.748510748171099 0
  outer loop
    vertex -19.307064031864574 51.72826611837668 10
    vertex -19.307064031864574 51.72826611837668 0
    vertex -18.92812742884069 51.39255758230567 0
  endloop
endfacet
facet normal -0.6631226582407976 -0.748510748171099 0
  outer loop
    vertex -19.307064031864574 51.72826611837668 10
    vertex -18.92812742884069 51.39255758230567 0
    vertex -18.92812742884069 51.39255758230567 10
  endloop
endfacet
facet normal -0.4647231720437615 -0.8854560256532135 0
  outer loop
    vertex -19.755329737210676 51.96353410963937 10
    vertex -19.755329737210676 51.96353410963937 0
    vertex -19.307064031864574 51.72826611837668 0
  endloop
endfacet
facet normal -0.2393156642875639 -0.9709418174260505 0
  outer loop
    vertex -19.755329737210676 51.96353410963937 10
    vertex -20.246872971463823 52.084688635605914 0
    vertex -19.755329737210676 51.96353410963937 0
  endloop
endfacet
facet normal -0.4647231720437615 -0.8854560256532135 0
  outer loop
    vertex -19.755329737210676 51.96353410963937 10
    vertex -19.307064031864574 51.72826611837668 0
    vertex -19.307064031864574 51.72826611837668 10
  endloop
endfacet
facet normal -0.2393156642875639 -0.9709418174260505 0
  outer loop
    vertex -20.246872971463823 52.084688635605914 10
    vertex -20.246872971463823 52.084688635605914 0
    vertex -19.755329737210676 51.96353410963937 10
  endloop
endfacet
facet normal 0 -0.9999999999999999 0
  outer loop
    vertex -20.753127028536177 52.084688635605914 10
    vertex -20.753127028536177 52.084688635605914 0
    vertex -20.246872971463823 52.084688635605914 0
  endloop
endfacet
facet normal 0 -0.9999999999999999 0
  outer loop
    vertex -20.753127028536177 52.084688635605914 10
    vertex -20.246872971463823 52.084688635605914 0
    vertex -20.246872971463823 52.084688635605914 10
  endloop
endfacet
facet normal 0.2393156642875639 -0.9709418174260505 0
  outer loop
    vertex -21.244670262789324 51.96353410963937 10
    vertex -21.244670262789324 51.96353410963937 0
    vertex -20.753127028536177 52.084688635605914 0
  endloop
endfacet
facet normal 0.2393156642875639 -0.9709418174260505 0
  outer loop
    vertex -21.244670262789324 51.96353410963937 10
    vertex -20.753127028536177 52.084688635605914 0
    vertex -20.753127028536177 52.084688635605914 10
  endloop
endfacet
facet normal 0.4647231720437615 -0.8854560256532135 0
  outer loop
    vertex -21.692935968135426 51.72826611837668 10
    vertex -21.692935968135426 51.72826611837668 0
    vertex -21.244670262789324 51.96353410963937 0
  endloop
endfacet
facet normal 0.4647231720437615 -0.8854560256532135 0
  outer loop
    vertex -21.692935968135426 51.72826611837668 10
    vertex -21.244670262789324 51.96353410963937 0
    vertex -21.244670262789324 51.96353410963937 10
  endloop
endfacet
facet normal 0.6631226582407976 -0.748510748171099 0
  outer loop
    vertex -22.07187257115931 51.39255758230567 10
    vertex -22.07187257115931 51.39255758230567 0
    vertex -21.692935968135426 51.72826611837668 0
  endloop
endfacet
facet normal 0.8229838658936565 -0.5680647467311557 0
  outer loop
    vertex -22.07187257115931 51.39255758230567 10
    vertex -22.35945765387174 50.975918661291914 0
    vertex -22.07187257115931 51.39255758230567 0
  endloop
endfacet
facet normal 0.6631226582407976 -0.748510748171099 0
  outer loop
    vertex -22.07187257115931 51.39255758230567 10
    vertex -21.692935968135426 51.72826611837668 0
    vertex -21.692935968135426 51.72826611837668 10
  endloop
endfacet
facet normal 0.8229838658936565 -0.5680647467311557 0
  outer loop
    vertex -22.35945765387174 50.975918661291914 10
    vertex -22.35945765387174 50.975918661291914 0
    vertex -22.07187257115931 51.39255758230567 10
  endloop
endfacet
facet normal 0.9350162426854128 -0.35460488704254084 0
  outer loop
    vertex -22.35945765387174 50.975918661291914 10
    vertex -22.53897781659471 50.50256289500388 0
    vertex -22.35945765387174 50.975918661291914 0
  endloop
endfacet
facet normal 0.9350162426854128 -0.35460488704254084 0
  outer loop
    vertex -22.53897781659471 50.50256289500388 10
    vertex -22.53897781659471 50.50256289500388 0
    vertex -22.35945765387174 50.975918661291914 10
  endloop
endfacet
facet normal 0.9927088740980539 -0.12053668025532466 0
  outer loop
    vertex -22.6 50 10
    vertex -22.53897781659471 50.50256289500388 0
    vertex -22.53897781659471 50.50256289500388 10
  endloop
endfacet
facet normal 0.9927088740980539 -0.12053668025532466 0
  outer loop
    vertex -22.6 50 10
    vertex -22.6 50 0
    vertex -22.53897781659471 50.50256289500388 0
  endloop
endfacet
facet normal 0.9927088740980536 0.12053668025532634 0
  outer loop
    vertex -22.6 50 10
    vertex -22.53897781659471 49.49743710499613 0
    vertex -22.6 50 0
  endloop
endfacet
facet normal 0.9927088740980536 0.12053668025532634 0
  outer loop
    vertex -22.53897781659471 49.49743710499613 10
    vertex -22.53897781659471 49.49743710499613 0
    vertex -22.6 50 10
  endloop
endfacet
facet normal 0.9350162426854169 0.35460488704253007 0
  outer loop
    vertex -22.53897781659471 49.49743710499613 10
    vertex -22.359457653871743 49.024081338708086 0
    vertex -22.53897781659471 49.49743710499613 0
  endloop
endfacet
facet normal 0.9350162426854169 0.35460488704253007 0
  outer loop
    vertex -22.359457653871743 49.024081338708086 10
    vertex -22.359457653871743 49.024081338708086 0
    vertex -22.53897781659471 49.49743710499613 10
  endloop
endfacet
facet normal 0.8229838658936565 0.5680647467311557 0
  outer loop
    vertex -22.071872571159314 48.60744241769433 10
    vertex -22.359457653871743 49.024081338708086 0
    vertex -22.359457653871743 49.024081338708086 10
  endloop
endfacet
facet normal 0.8229838658936565 0.5680647467311557 0
  outer loop
    vertex -22.071872571159314 48.60744241769433 10
    vertex -22.071872571159314 48.60744241769433 0
    vertex -22.359457653871743 49.024081338708086 0
  endloop
endfacet
facet normal 0.6631226582407898 0.748510748171106 0
  outer loop
    vertex -21.69293596813543 48.27173388162333 10
    vertex -22.071872571159314 48.60744241769433 0
    vertex -22.071872571159314 48.60744241769433 10
  endloop
endfacet
facet normal 0.6631226582407898 0.748510748171106 0
  outer loop
    vertex -21.69293596813543 48.27173388162333 10
    vertex -21.69293596813543 48.27173388162333 0
    vertex -22.071872571159314 48.60744241769433 0
  endloop
endfacet
facet normal 0.4647231720437725 0.8854560256532078 0
  outer loop
    vertex -21.244670262789327 48.03646589036063 10
    vertex -21.69293596813543 48.27173388162333 0
    vertex -21.69293596813543 48.27173388162333 10
  endloop
endfacet
facet normal 0.4647231720437725 0.8854560256532078 0
  outer loop
    vertex -21.244670262789327 48.03646589036063 10
    vertex -21.244670262789327 48.03646589036063 0
    vertex -21.69293596813543 48.27173388162333 0
  endloop
endfacet
facet normal 0.2393156642875655 0.97094181742605 0
  outer loop
    vertex -20.753127028536184 47.915311364394086 10
    vertex -21.244670262789327 48.03646589036063 0
    vertex -21.244670262789327 48.03646589036063 10
  endloop
endfacet
facet normal 0.2393156642875655 0.97094181742605 0
  outer loop
    vertex -20.753127028536184 47.915311364394086 10
    vertex -20.753127028536184 47.915311364394086 0
    vertex -21.244670262789327 48.03646589036063 0
  endloop
endfacet
facet normal 0 0.9999999999999999 0
  outer loop
    vertex -20.753127028536184 47.915311364394086 10
    vertex -20.246872971463826 47.915311364394086 0
    vertex -20.753127028536184 47.915311364394086 0
  endloop
endfacet
facet normal 0 0.9999999999999999 0
  outer loop
    vertex -20.246872971463826 47.915311364394086 10
    vertex -20.246872971463826 47.915311364394086 0
    vertex -20.753127028536184 47.915311364394086 10
  endloop
endfacet
facet normal -0.23931566428755072 0.9709418174260539 0
  outer loop
    vertex -19.75532973721068 48.036465890360624 10
    vertex -20.246872971463826 47.915311364394086 0
    vertex -20.246872971463826 47.915311364394086 10
  endloop
endfacet
facet normal -0.23931566428755072 0.9709418174260539 0
  outer loop
    vertex -19.75532973721068 48.036465890360624 10
    vertex -19.75532973721068 48.036465890360624 0
    vertex -20.246872971463826 47.915311364394086 0
  endloop
endfacet
facet normal -0.4647231720437725 0.8854560256532078 0
  outer loop
    vertex -19.307064031864577 48.27173388162332 10
    vertex -19.75532973721068 48.036465890360624 0
    vertex -19.75532973721068 48.036465890360624 10
  endloop
endfacet
facet normal -0.4647231720437725 0.8854560256532078 0
  outer loop
    vertex -19.307064031864577 48.27173388162332 10
    vertex -19.307064031864577 48.27173388162332 0
    vertex -19.75532973721068 48.036465890360624 0
  endloop
endfacet
facet normal -0.6631226582407898 0.748510748171106 0
  outer loop
    vertex -19.307064031864577 48.27173388162332 10
    vertex -18.928127428840693 48.60744241769432 0
    vertex -19.307064031864577 48.27173388162332 0
  endloop
endfacet
facet normal -0.6631226582407898 0.748510748171106 0
  outer loop
    vertex -18.928127428840693 48.60744241769432 10
    vertex -18.928127428840693 48.60744241769432 0
    vertex -19.307064031864577 48.27173388162332 10
  endloop
endfacet
facet normal -0.8229838658936565 0.5680647467311557 0
  outer loop
    vertex -18.928127428840693 48.60744241769432 10
    vertex -18.640542346128264 49.02408133870808 0
    vertex -18.928127428840693 48.60744241769432 0
  endloop
endfacet
facet normal -0.8229838658936565 0.5680647467311557 0
  outer loop
    vertex -18.640542346128264 49.02408133870808 10
    vertex -18.640542346128264 49.02408133870808 0
    vertex -18.928127428840693 48.60744241769432 10
  endloop
endfacet
facet normal -0.9350162426854123 0.35460488704254234 0
  outer loop
    vertex -18.46102218340529 49.49743710499612 10
    vertex -18.46102218340529 49.49743710499612 0
    vertex -18.640542346128264 49.02408133870808 0
  endloop
endfacet
facet normal -0.9927088740980539 0.12053668025532466 0
  outer loop
    vertex -18.46102218340529 49.49743710499612 10
    vertex -18.4 50 0
    vertex -18.46102218340529 49.49743710499612 0
  endloop
endfacet
facet normal -0.9350162426854123 0.35460488704254234 0
  outer loop
    vertex -18.46102218340529 49.49743710499612 10
    vertex -18.640542346128264 49.02408133870808 0
    vertex -18.640542346128264 49.02408133870808 10
  endloop
endfacet
facet normal -0.9927088740980539 0.12053668025532466 0
  outer loop
    vertex -18.4 50 10
    vertex -18.4 50 0
    vertex -18.46102218340529 49.49743710499612 10
  endloop
endfacet
endsolid Model
