solid Model
facet normal 0 0 1
  outer loop
    vertex 22.595830094879076 -51.85674344307423 10
    vertex 25.517540966287267 -54.73616114660535 10
    vertex 25.878462024097665 -53.38918542133544 10
  endloop
endfacet
facet normal 0 0 1
  outer loop
    vertex 22.09058129084723 -52.30435482450224 10
    vertex 25.517540966287267 -54.73616114660535 10
    vertex 22.595830094879076 -51.85674344307423 10
  endloop
endfacet
facet normal 0 0 0.9999999999999999
  outer loop
    vertex 22.09058129084723 -52.30435482450224 10
    vertex 24.928203230275514 -55.99999999999999 10
    vertex 25.517540966287267 -54.73616114660535 10
  endloop
endfacet
facet normal 0 0 0.9999999999999999
  outer loop
    vertex 22.979276871828983 -51.30122488172256 10
    vertex 22.595830094879076 -51.85674344307423 10
    vertex 25.878462024097665 -53.38918542133544 10
  endloop
endfacet
facet normal 0 0 1
  outer loop
    vertex 22.979276871828983 -51.30122488172256 10
    vertex 25.878462024097665 -53.38918542133544 10
    vertex 26 -52 10
  endloop
endfacet
facet normal 0 0 1
  outer loop
    vertex 21.492893683719092 -52.61804547951917 10
    vertex 24.12835554495183 -57.14230087749231 10
    vertex 24.928203230275514 -55.99999999999999 10
  endloop
endfacet
facet normal 0 0 0.9999999999999999
  outer loop
    vertex 21.492893683719092 -52.61804547951917 10
    vertex 24.928203230275514 -55.99999999999999 10
    vertex 22.09058129084723 -52.30435482450224 10
  endloop
endfacet
facet normal 0 0 1
  outer loop
    vertex 23.218637088792942 -50.67008386000517 10
    vertex 22.979276871828983 -51.30122488172256 10
    vertex 26 -52 10
  endloop
endfacet
facet normal 0 0 1
  outer loop
    vertex 20.837502704714897 -52.77958484747455 10
    vertex 24.12835554495183 -57.14230087749231 10
    vertex 21.492893683719092 -52.61804547951917 10
  endloop
endfacet
facet normal 0 0 1
  outer loop
    vertex 20.837502704714897 -52.77958484747455 10
    vertex 23.14230087749232 -58.128355544951816 10
    vertex 24.12835554495183 -57.14230087749231 10
  endloop
endfacet
facet normal 0 0 1
  outer loop
    vertex 20.837502704714897 -52.77958484747455 10
    vertex 22.00000000000001 -58.9282032302755 10
    vertex 23.14230087749232 -58.128355544951816 10
  endloop
endfacet
facet normal 0 0 1
  outer loop
    vertex 23.3 -50 10
    vertex 23.218637088792942 -50.67008386000517 10
    vertex 26 -52 10
  endloop
endfacet
facet normal 0 0 1
  outer loop
    vertex 20.16249729528509 -52.77958484747455 10
    vertex 20.73616114660536 -59.517540966287264 10
    vertex 22.00000000000001 -58.9282032302755 10
  endloop
endfacet
facet normal 0 0 1
  outer loop
    vertex 20.16249729528509 -52.77958484747455 10
    vertex 19.38918542133546 -59.878462024097665 10
    vertex 20.73616114660536 -59.517540966287264 10
  endloop
endfacet
facet normal 0 0 1
  outer loop
    vertex 20.16249729528509 -52.77958484747455 10
    vertex 22.00000000000001 -58.9282032302755 10
    vertex 20.837502704714897 -52.77958484747455 10
  endloop
endfacet
facet normal 0 0 1
  outer loop
    vertex 23.218637088792946 -49.329916139994836 10
    vertex 23.3 -50 10
    vertex 26 -52 10
  endloop
endfacet
facet normal 0 0 0.9999999999999999
  outer loop
    vertex 19.507106316280893 -52.61804547951916 10
    vertex 19.38918542133546 -59.878462024097665 10
    vertex 20.16249729528509 -52.77958484747455 10
  endloop
endfacet
facet normal 0 0 1
  outer loop
    vertex 19.507106316280893 -52.61804547951916 10
    vertex 18 -60 10
    vertex 19.38918542133546 -59.878462024097665 10
  endloop
endfacet
facet normal 0 0 1
  outer loop
    vertex 22.979276871828986 -48.698775118277446 10
    vertex 23.218637088792946 -49.329916139994836 10
    vertex 26 -52 10
  endloop
endfacet
facet normal 0 0 1
  outer loop
    vertex 18.90941870915276 -52.304354824502234 10
    vertex 18 -60 10
    vertex 19.507106316280893 -52.61804547951916 10
  endloop
endfacet
facet normal 0 0 1
  outer loop
    vertex 18.90941870915276 -52.304354824502234 10
    vertex 15 -60 10
    vertex 18 -60 10
  endloop
endfacet
facet normal 0 0 1
  outer loop
    vertex 18.404169905120913 -51.85674344307422 10
    vertex 15 -60 10
    vertex 18.90941870915276 -52.304354824502234 10
  endloop
endfacet
facet normal 0 0 1
  outer loop
    vertex 18.02072312817101 -51.30122488172255 10
    vertex 15 -60 10
    vertex 18.404169905120913 -51.85674344307422 10
  endloop
endfacet
facet normal 0 0 0.9999999999999999
  outer loop
    vertex 17.781362911207054 -50.67008386000516 10
    vertex 15 -60 10
    vertex 18.02072312817101 -51.30122488172255 10
  endloop
endfacet
facet normal 0 0 1
  outer loop
    vertex 17.7 -50 10
    vertex 15 -60 10
    vertex 17.781362911207054 -50.67008386000516 10
  endloop
endfacet
facet normal 0 0 1
  outer loop
    vertex 17.781362911207054 -49.329916139994836 10
    vertex 15 -60 10
    vertex 17.7 -50 10
  endloop
endfacet
facet normal 0 0 1
  outer loop
    vertex 49.56116780565807 -14.662936084244686 10
    vertex 50.47474688535246 -18.72029754828104 10
    vertex 52.30857236933312 -16.839898343410866 10
  endloop
endfacet
facet normal 0 0 1
  outer loop
    vertex 47.81580316181304 -16.407541975633976 10
    vertex 48.45722086854837 -20.402084052832645 10
    vertex 50.47474688535246 -18.72029754828104 10
  endloop
endfacet
facet normal 0 0 1
  outer loop
    vertex 47.81580316181304 -16.407541975633976 10
    vertex 50.47474688535246 -18.72029754828104 10
    vertex 49.56116780565807 -14.662936084244686 10
  endloop
endfacet
facet normal 0 0 1
  outer loop
    vertex 51.10016416405338 -12.733833270732529 10
    vertex 52.30857236933312 -16.839898343410866 10
    vertex 53.939241378064914 -14.78083650380163 10
  endloop
endfacet
facet normal 0 0 1
  outer loop
    vertex 51.10016416405338 -12.733833270732529 10
    vertex 53.939241378064914 -14.78083650380163 10
    vertex 55.34945335452866 -12.564957613426188 10
  endloop
endfacet
facet normal 0 0 1
  outer loop
    vertex 51.10016416405338 -12.733833270732529 10
    vertex 49.56116780565807 -14.662936084244686 10
    vertex 52.30857236933312 -16.839898343410866 10
  endloop
endfacet
facet normal 0 0 1
  outer loop
    vertex 45.88603134609889 -17.94569937834991 10
    vertex 46.277399229239556 -21.867414969784278 10
    vertex 48.45722086854837 -20.402084052832645 10
  endloop
endfacet
facet normal 0 0 1
  outer loop
    vertex 45.88603134609889 -17.94569937834991 10
    vertex 48.45722086854837 -20.402084052832645 10
    vertex 47.81580316181304 -16.407541975633976 10
  endloop
endfacet
facet normal 0 0 1
  outer loop
    vertex 52.41342775981302 -10.64450654082478 10
    vertex 55.34945335452866 -12.564957613426188 10
    vertex 56.524246677097096 -10.215771004273588 10
  endloop
endfacet
facet normal 0 0 1
  outer loop
    vertex 52.41342775981302 -10.64450654082478 10
    vertex 51.10016416405338 -12.733833270732529 10
    vertex 55.34945335452866 -12.564957613426188 10
  endloop
endfacet
facet normal 0 0 0.9999999999999999
  outer loop
    vertex 43.79613378198724 -19.258054371396653 10
    vertex 43.958408750581 -23.100743893982628 10
    vertex 46.277399229239556 -21.867414969784278 10
  endloop
endfacet
facet normal 0 0 1
  outer loop
    vertex 43.79613378198724 -19.258054371396653 10
    vertex 46.277399229239556 -21.867414969784278 10
    vertex 45.88603134609889 -17.94569937834991 10
  endloop
endfacet
facet normal 0 0 1
  outer loop
    vertex 53.48443440637832 -8.4212449234555 10
    vertex 56.524246677097096 -10.215771004273588 10
    vertex 57.45115739462257 -7.758200334463724 10
  endloop
endfacet
facet normal 0 0 1
  outer loop
    vertex 53.48443440637832 -8.4212449234555 10
    vertex 52.41342775981302 -10.64450654082478 10
    vertex 56.524246677097096 -10.215771004273588 10
  endloop
endfacet
facet normal 0 0 1
  outer loop
    vertex 41.57240668095411 -20.32809420074195 10
    vertex 41.524852725324415 -24.08898584174171 10
    vertex 43.958408750581 -23.100743893982628 10
  endloop
endfacet
facet normal 0 0 1
  outer loop
    vertex 41.57240668095411 -20.32809420074195 10
    vertex 43.958408750581 -23.100743893982628 10
    vertex 43.79613378198724 -19.258054371396653 10
  endloop
endfacet
facet normal 0 0 1
  outer loop
    vertex 54.29970812399128 -6.09202268811082 10
    vertex 57.45115739462257 -7.758200334463724 10
    vertex 58.12035146252928 -5.218319161091283 10
  endloop
endfacet
facet normal 0 0 1
  outer loop
    vertex 54.29970812399128 -6.09202268811082 10
    vertex 53.48443440637832 -8.4212449234555 10
    vertex 57.45115739462257 -7.758200334463724 10
  endloop
endfacet
facet normal 0 0 1
  outer loop
    vertex 39.24283016945062 -21.14235505164033 10
    vertex 41.524852725324415 -24.08898584174171 10
    vertex 41.57240668095411 -20.32809420074195 10
  endloop
endfacet
facet normal 0 0 1
  outer loop
    vertex 39.24283016945062 -21.14235505164033 10
    vertex 39.00254992757348 -24.821656075770026 10
    vertex 41.524852725324415 -24.08898584174171 10
  endloop
endfacet
facet normal 0 0 0.9999999999999999
  outer loop
    vertex 26 -33.48946700083476 10
    vertex 22.979276871828986 -48.698775118277446 10
    vertex 26 -52 10
  endloop
endfacet
facet normal 0 0 1
  outer loop
    vertex 26 -33.48946700083476 10
    vertex 22.595830094879084 -48.14325655692577 10
    vertex 22.979276871828986 -48.698775118277446 10
  endloop
endfacet
facet normal 0 0 1
  outer loop
    vertex 26 -33.48946700083476 10
    vertex 22.090581290847236 -47.69564517549776 10
    vertex 22.595830094879084 -48.14325655692577 10
  endloop
endfacet
facet normal 0 0 1
  outer loop
    vertex 26 -33.48946700083476 10
    vertex 21.4928936837191 -47.38195452048084 10
    vertex 22.090581290847236 -47.69564517549776 10
  endloop
endfacet
facet normal 0 0 1
  outer loop
    vertex 26 -33.48946700083476 10
    vertex 20.837502704714904 -47.22041515252545 10
    vertex 21.4928936837191 -47.38195452048084 10
  endloop
endfacet
facet normal 0 0 1
  outer loop
    vertex 26 -33.48946700083476 10
    vertex 20.162497295285096 -47.22041515252545 10
    vertex 20.837502704714904 -47.22041515252545 10
  endloop
endfacet
facet normal 0 0 1
  outer loop
    vertex 26 -33.48946700083476 10
    vertex 19.5071063162809 -47.38195452048084 10
    vertex 20.162497295285096 -47.22041515252545 10
  endloop
endfacet
facet normal 0 0 1
  outer loop
    vertex 26 -33.48946700083476 10
    vertex 18.909418709152764 -47.69564517549776 10
    vertex 19.5071063162809 -47.38195452048084 10
  endloop
endfacet
facet normal 0 0 1
  outer loop
    vertex 54.84899070169584 -3.686147357574187 10
    vertex 54.29970812399128 -6.09202268811082 10
    vertex 58.12035146252928 -5.218319161091283 10
  endloop
endfacet
facet normal 0 0 1
  outer loop
    vertex 54.84899070169584 -3.686147357574187 10
    vertex 58.12035146252928 -5.218319161091283 10
    vertex 58.52472907695345 -2.6230743132347456 10
  endloop
endfacet
facet normal 0 0 1
  outer loop
    vertex 36.836716227952756 -21.6905914575677 10
    vertex 39.00254992757348 -24.821656075770026 10
    vertex 39.24283016945062 -21.14235505164033 10
  endloop
endfacet
facet normal 0 0 1
  outer loop
    vertex 36.836716227952756 -21.6905914575677 10
    vertex 36.41826068890896 -25.290981342824768 10
    vertex 39.00254992757348 -24.821656075770026 10
  endloop
endfacet
facet normal 0 0 1
  outer loop
    vertex 55.12537077164727 -1.2338909449639208 10
    vertex 54.84899070169584 -3.686147357574187 10
    vertex 58.52472907695345 -2.6230743132347456 10
  endloop
endfacet
facet normal 0 0 1
  outer loop
    vertex 55.12537077164727 -1.2338909449639208 10
    vertex 58.52472907695345 -2.6230743132347456 10
    vertex 58.66 -9.683989748506427e-14 10
  endloop
endfacet
facet normal 0 0 1
  outer loop
    vertex 34.38433987190988 -21.965905214173436 10
    vertex 33.79940298507463 -25.491982343918995 10
    vertex 36.41826068890896 -25.290981342824768 10
  endloop
endfacet
facet normal 0 0 1
  outer loop
    vertex 34.38433987190988 -21.965905214173436 10
    vertex 36.41826068890896 -25.290981342824768 10
    vertex 36.836716227952756 -21.6905914575677 10
  endloop
endfacet
facet normal 0 0 1
  outer loop
    vertex 55.12537077164728 1.2338909449636564 10
    vertex 58.66 -9.683989748506427e-14 10
    vertex 58.52472907695347 2.623074313234553 10
  endloop
endfacet
facet normal 0 0 1
  outer loop
    vertex 55.12537077164728 1.2338909449636564 10
    vertex 55.12537077164727 -1.2338909449639208 10
    vertex 58.66 -9.683989748506427e-14 10
  endloop
endfacet
facet normal 0 0 1
  outer loop
    vertex 31.916558215270864 -21.964832176185404 10
    vertex 33.79940298507463 -25.491982343918995 10
    vertex 34.38433987190988 -21.965905214173436 10
  endloop
endfacet
facet normal 0 0 1
  outer loop
    vertex 31.916558215270864 -21.964832176185404 10
    vertex 32.43555628181683 -25.643925856169385 10
    vertex 33.79940298507463 -25.491982343918995 10
  endloop
endfacet
facet normal 0 0 1
  outer loop
    vertex 31.916558215270864 -21.964832176185404 10
    vertex 31.117742471122355 -26.026720084502397 10
    vertex 32.43555628181683 -25.643925856169385 10
  endloop
endfacet
facet normal 0 0 1
  outer loop
    vertex 54.84899070169588 3.686147357573926 10
    vertex 58.52472907695347 2.623074313234553 10
    vertex 58.120351462529314 5.2183191610910935 10
  endloop
endfacet
facet normal 0 0 1
  outer loop
    vertex 54.84899070169588 3.686147357573926 10
    vertex 55.12537077164728 1.2338909449636564 10
    vertex 58.52472907695347 2.623074313234553 10
  endloop
endfacet
facet normal 0 0 1
  outer loop
    vertex 29.46442220973497 -21.68738584514279 10
    vertex 31.117742471122355 -26.026720084502397 10
    vertex 31.916558215270864 -21.964832176185404 10
  endloop
endfacet
facet normal 0 0 0.9999999999999999
  outer loop
    vertex 29.46442220973497 -21.68738584514279 10
    vertex 29.884737496709157 -26.62910152011812 10
    vertex 31.117742471122355 -26.026720084502397 10
  endloop
endfacet
facet normal 0 0 1
  outer loop
    vertex 54.29970812399135 6.092022688110566 10
    vertex 58.120351462529314 5.2183191610910935 10
    vertex 57.451157394622626 7.758200334463538 10
  endloop
endfacet
facet normal 0 0 1
  outer loop
    vertex 54.29970812399135 6.092022688110566 10
    vertex 54.84899070169588 3.686147357573926 10
    vertex 58.120351462529314 5.2183191610910935 10
  endloop
endfacet
facet normal 0 0 0.9999999999999999
  outer loop
    vertex 27.05878594503217 -21.137057199512498 10
    vertex 29.884737496709157 -26.62910152011812 10
    vertex 29.46442220973497 -21.68738584514279 10
  endloop
endfacet
facet normal 0 0 1
  outer loop
    vertex 27.05878594503217 -21.137057199512498 10
    vertex 28.772821849116788 -27.433345421892575 10
    vertex 29.884737496709157 -26.62910152011812 10
  endloop
endfacet
facet normal 0 0 1
  outer loop
    vertex 27.05878594503217 -21.137057199512498 10
    vertex 27.814713032305406 -28.415787357098132 10
    vertex 28.772821849116788 -27.433345421892575 10
  endloop
endfacet
facet normal 0 0 1
  outer loop
    vertex 53.48443440637842 8.421244923455257 10
    vertex 57.451157394622626 7.758200334463538 10
    vertex 56.52424667709718 10.21577100427341 10
  endloop
endfacet
facet normal 0 0 1
  outer loop
    vertex 53.48443440637842 8.421244923455257 10
    vertex 54.29970812399135 6.092022688110566 10
    vertex 57.451157394622626 7.758200334463538 10
  endloop
endfacet
facet normal 0 0 1
  outer loop
    vertex 24.7299184262263 -20.32077076932667 10
    vertex 27.814713032305406 -28.415787357098132 10
    vertex 27.05878594503217 -21.137057199512498 10
  endloop
endfacet
facet normal 0 0 1
  outer loop
    vertex 24.7299184262263 -20.32077076932667 10
    vertex 27.038602869167477 -29.547519514269688 10
    vertex 27.814713032305406 -28.415787357098132 10
  endloop
endfacet
facet normal 0 0 1
  outer loop
    vertex 52.41342775981314 10.644506540824548 10
    vertex 56.52424667709718 10.21577100427341 10
    vertex 55.349453354528755 12.564957613426019 10
  endloop
endfacet
facet normal 0 0 1
  outer loop
    vertex 52.41342775981314 10.644506540824548 10
    vertex 53.48443440637842 8.421244923455257 10
    vertex 56.52424667709718 10.21577100427341 10
  endloop
endfacet
facet normal 0 0 0.9999999999999999
  outer loop
    vertex 22.507122712867172 -19.24879750803383 10
    vertex 27.038602869167477 -29.547519514269688 10
    vertex 24.7299184262263 -20.32077076932667 10
  endloop
endfacet
facet normal 0 0 1
  outer loop
    vertex 22.507122712867172 -19.24879750803383 10
    vertex 26.467327972705945 -30.795241299594856 10
    vertex 27.038602869167477 -29.547519514269688 10
  endloop
endfacet
facet normal 0 0 1
  outer loop
    vertex 51.10016416405354 12.733833270732314 10
    vertex 55.349453354528755 12.564957613426019 10
    vertex 53.93924137806502 14.780836503801472 10
  endloop
endfacet
facet normal 0 0 1
  outer loop
    vertex 51.10016416405354 12.733833270732314 10
    vertex 52.41342775981314 10.644506540824548 10
    vertex 55.349453354528755 12.564957613426019 10
  endloop
endfacet
facet normal 0 0 1
  outer loop
    vertex 20.418367212186894 -17.934625557856684 10
    vertex 26.467327972705945 -30.795241299594856 10
    vertex 22.507122712867172 -19.24879750803383 10
  endloop
endfacet
facet normal 0 0 1
  outer loop
    vertex 20.418367212186894 -17.934625557856684 10
    vertex 26.117697791306387 -32.122239188499236 10
    vertex 26.467327972705945 -30.795241299594856 10
  endloop
endfacet
facet normal 0 0 1
  outer loop
    vertex 52.30857236933325 16.83989834341072 10
    vertex 51.10016416405354 12.733833270732314 10
    vertex 53.93924137806502 14.780836503801472 10
  endloop
endfacet
facet normal 0 0 1
  outer loop
    vertex 49.56116780565826 14.662936084244487 10
    vertex 51.10016416405354 12.733833270732314 10
    vertex 52.30857236933325 16.83989834341072 10
  endloop
endfacet
facet normal 0 0 1
  outer loop
    vertex 50.4747468853526 18.72029754828091 10
    vertex 49.56116780565826 14.662936084244487 10
    vertex 52.30857236933325 16.83989834341072 10
  endloop
endfacet
facet normal 0 0 1
  outer loop
    vertex 47.815803161813236 16.407541975633794 10
    vertex 49.56116780565826 14.662936084244487 10
    vertex 50.4747468853526 18.72029754828091 10
  endloop
endfacet
facet normal 0 0 1
  outer loop
    vertex 15 -15.314515989739936 10
    vertex 26.117697791306387 -32.122239188499236 10
    vertex 20.418367212186894 -17.934625557856684 10
  endloop
endfacet
facet normal 0 0 1
  outer loop
    vertex 15 -15.314515989739936 10
    vertex 18.404169905120916 -48.14325655692577 10
    vertex 18.909418709152764 -47.69564517549776 10
  endloop
endfacet
facet normal 0 0 1
  outer loop
    vertex 15 -15.314515989739936 10
    vertex 15 -60 10
    vertex 17.781362911207054 -49.329916139994836 10
  endloop
endfacet
facet normal 0 0 1
  outer loop
    vertex 15 -15.314515989739936 10
    vertex 18.020723128171014 -48.698775118277446 10
    vertex 18.404169905120916 -48.14325655692577 10
  endloop
endfacet
facet normal 0 0 0.9999999999999999
  outer loop
    vertex 15 -15.314515989739936 10
    vertex 17.781362911207054 -49.329916139994836 10
    vertex 18.020723128171014 -48.698775118277446 10
  endloop
endfacet
facet normal 0 0 1
  outer loop
    vertex 15 -15.314515989739936 10
    vertex 26 -33.48946700083476 10
    vertex 26.117697791306387 -32.122239188499236 10
  endloop
endfacet
facet normal 0 0 1
  outer loop
    vertex 15 -15.314515989739936 10
    vertex 18.489933765607184 -16.394790534756087 10
    vertex 16.746086956521737 -14.64866746844689 10
  endloop
endfacet
facet normal 0 0 1
  outer loop
    vertex 15 -15.314515989739936 10
    vertex 20.418367212186894 -17.934625557856684 10
    vertex 18.489933765607184 -16.394790534756087 10
  endloop
endfacet
facet normal 0 0 1
  outer loop
    vertex 15 -15.314515989739936 10
    vertex 18.909418709152764 -47.69564517549776 10
    vertex 26 -33.48946700083476 10
  endloop
endfacet
facet normal 0 0 1
  outer loop
    vertex 15.028970953978753 -15.075554503757218 10
    vertex 15 -15.314515989739936 10
    vertex 16.746086956521737 -14.64866746844689 10
  endloop
endfacet
facet normal 0 0 1
  outer loop
    vertex 15.028970953978753 -15.075554503757218 10
    vertex 16.746086956521737 -14.64866746844689 10
    vertex 16.565359953552612 -14.489671687511333 10
  endloop
endfacet
facet normal 0 0 1
  outer loop
    vertex 15.430735086357801 -14.492361832603976 10
    vertex 16.118001574824607 -14.321502581804818 10
    vertex 15.877290997070004 -14.322073295878004 10
  endloop
endfacet
facet normal 0 0 0.9999999999999999
  outer loop
    vertex 15.430735086357801 -14.492361832603976 10
    vertex 15.877290997070004 -14.322073295878004 10
    vertex 15.643690413068729 -14.380148033172038 10
  endloop
endfacet
facet normal 0 0 1
  outer loop
    vertex 15.25076405487657 -14.652212812535566 10
    vertex 16.565359953552612 -14.489671687511333 10
    vertex 16.351874916191882 -14.378468959214782 10
  endloop
endfacet
facet normal 0 0 1
  outer loop
    vertex 15.25076405487657 -14.652212812535566 10
    vertex 16.351874916191882 -14.378468959214782 10
    vertex 16.118001574824607 -14.321502581804818 10
  endloop
endfacet
facet normal 0 0 1
  outer loop
    vertex 15.25076405487657 -14.652212812535566 10
    vertex 15.028970953978753 -15.075554503757218 10
    vertex 16.565359953552612 -14.489671687511333 10
  endloop
endfacet
facet normal 0 0 1
  outer loop
    vertex 15.25076405487657 -14.652212812535566 10
    vertex 15.114205183566137 -14.850438902200699 10
    vertex 15.028970953978753 -15.075554503757218 10
  endloop
endfacet
facet normal 0 0 0.9999999999999999
  outer loop
    vertex 15.25076405487657 -14.652212812535566 10
    vertex 16.118001574824607 -14.321502581804818 10
    vertex 15.430735086357801 -14.492361832603976 10
  endloop
endfacet
facet normal 0 0 1
  outer loop
    vertex 48.457220868548525 20.402084052832528 10
    vertex 47.815803161813236 16.407541975633794 10
    vertex 50.4747468853526 18.72029754828091 10
  endloop
endfacet
facet normal 0 0 1
  outer loop
    vertex 45.8860313460991 17.945699378349758 10
    vertex 47.815803161813236 16.407541975633794 10
    vertex 48.457220868548525 20.402084052832528 10
  endloop
endfacet
facet normal 0 0 1
  outer loop
    vertex 46.27739922923972 21.86741496978418 10
    vertex 43.79613378198747 19.258054371396526 10
    vertex 45.8860313460991 17.945699378349758 10
  endloop
endfacet
facet normal 0 0 1
  outer loop
    vertex 46.27739922923972 21.86741496978418 10
    vertex 45.8860313460991 17.945699378349758 10
    vertex 48.457220868548525 20.402084052832528 10
  endloop
endfacet
facet normal 0 0 1
  outer loop
    vertex 43.95840875058117 23.100743893982546 10
    vertex 41.57240668095436 20.32809420074185 10
    vertex 43.79613378198747 19.258054371396526 10
  endloop
endfacet
facet normal 0 0 1
  outer loop
    vertex 43.95840875058117 23.100743893982546 10
    vertex 43.79613378198747 19.258054371396526 10
    vertex 46.27739922923972 21.86741496978418 10
  endloop
endfacet
facet normal 0 0 1
  outer loop
    vertex 41.5248527253246 24.088985841741646 10
    vertex 39.242830169450876 21.142355051640255 10
    vertex 41.57240668095436 20.32809420074185 10
  endloop
endfacet
facet normal 0 0 1
  outer loop
    vertex 41.5248527253246 24.088985841741646 10
    vertex 41.57240668095436 20.32809420074185 10
    vertex 43.95840875058117 23.100743893982546 10
  endloop
endfacet
facet normal 0 0 1
  outer loop
    vertex 39.00254992757367 24.821656075769983 10
    vertex 36.83671622795302 21.690591457567653 10
    vertex 39.242830169450876 21.142355051640255 10
  endloop
endfacet
facet normal 0 0 1
  outer loop
    vertex 39.00254992757367 24.821656075769983 10
    vertex 39.242830169450876 21.142355051640255 10
    vertex 41.5248527253246 24.088985841741646 10
  endloop
endfacet
facet normal 0 0 1
  outer loop
    vertex 36.41826068890915 25.290981342824743 10
    vertex 34.38433987191014 21.965905214173418 10
    vertex 36.83671622795302 21.690591457567653 10
  endloop
endfacet
facet normal 0 0 1
  outer loop
    vertex 36.41826068890915 25.290981342824743 10
    vertex 36.83671622795302 21.690591457567653 10
    vertex 39.00254992757367 24.821656075769983 10
  endloop
endfacet
facet normal 0 0 1
  outer loop
    vertex 33.799402985074614 25.491982343918995 10
    vertex 31.916558215271127 21.964832176185418 10
    vertex 34.38433987191014 21.965905214173418 10
  endloop
endfacet
facet normal 0 0 1
  outer loop
    vertex 33.799402985074614 25.491982343918995 10
    vertex 34.38433987191014 21.965905214173418 10
    vertex 36.41826068890915 25.290981342824743 10
  endloop
endfacet
facet normal 0 0 1
  outer loop
    vertex 32.43555628181684 25.643925856169385 10
    vertex 31.916558215271127 21.964832176185418 10
    vertex 33.799402985074614 25.491982343918995 10
  endloop
endfacet
facet normal 0 0 1
  outer loop
    vertex 31.11774247112236 26.026720084502397 10
    vertex 29.464422209735233 21.687385845142835 10
    vertex 31.916558215271127 21.964832176185418 10
  endloop
endfacet
facet normal 0 0 1
  outer loop
    vertex 31.11774247112236 26.026720084502397 10
    vertex 31.916558215271127 21.964832176185418 10
    vertex 32.43555628181684 25.643925856169385 10
  endloop
endfacet
facet normal 0 0 1
  outer loop
    vertex 29.884737496709157 26.629101520118123 10
    vertex 27.058785945032405 21.137057199512565 10
    vertex 29.464422209735233 21.687385845142835 10
  endloop
endfacet
facet normal 0 0 1
  outer loop
    vertex 29.884737496709157 26.629101520118123 10
    vertex 29.464422209735233 21.687385845142835 10
    vertex 31.11774247112236 26.026720084502397 10
  endloop
endfacet
facet normal 0 0 1
  outer loop
    vertex 28.772821849116784 27.43334542189258 10
    vertex 27.058785945032405 21.137057199512565 10
    vertex 29.884737496709157 26.629101520118123 10
  endloop
endfacet
facet normal 0 0 1
  outer loop
    vertex 15.643690413068747 14.38014803317203 10
    vertex 15.877290997070027 14.322073295878 10
    vertex 16.118001574824632 14.321502581804822 10
  endloop
endfacet
facet normal 0 0 1
  outer loop
    vertex 15.643690413068747 14.38014803317203 10
    vertex 16.118001574824632 14.321502581804822 10
    vertex 16.351874916191907 14.378468959214793 10
  endloop
endfacet
facet normal 0 0 1
  outer loop
    vertex 15.430735086357815 14.492361832603965 10
    vertex 15.643690413068747 14.38014803317203 10
    vertex 16.351874916191907 14.378468959214793 10
  endloop
endfacet
facet normal 0 0 1
  outer loop
    vertex 15.114205183566144 14.850438902200686 10
    vertex 15.25076405487658 14.652212812535554 10
    vertex 15.430735086357815 14.492361832603965 10
  endloop
endfacet
facet normal 0 0 0.9999999999999999
  outer loop
    vertex 15.114205183566144 14.850438902200686 10
    vertex 16.351874916191907 14.378468959214793 10
    vertex 16.565359953552637 14.48967168751135 10
  endloop
endfacet
facet normal 0 0 1
  outer loop
    vertex 15.114205183566144 14.850438902200686 10
    vertex 15.430735086357815 14.492361832603965 10
    vertex 16.351874916191907 14.378468959214793 10
  endloop
endfacet
facet normal 0 0 1
  outer loop
    vertex 15 15.314515989739931 10
    vertex 18.489933765607304 16.394790534756197 10
    vertex 20.41836721218705 17.93462555785679 10
  endloop
endfacet
facet normal 0 0 1
  outer loop
    vertex 15 15.314515989739931 10
    vertex 16.746086956521754 14.648667468446913 10
    vertex 18.489933765607304 16.394790534756197 10
  endloop
endfacet
facet normal 0 0 0.9999999999999999
  outer loop
    vertex 15 15.314515989739931 10
    vertex 15.028970953978757 15.075554503757207 10
    vertex 15.114205183566144 14.850438902200686 10
  endloop
endfacet
facet normal 0 0 1
  outer loop
    vertex 15 15.314515989739931 10
    vertex 16.565359953552637 14.48967168751135 10
    vertex 16.746086956521754 14.648667468446913 10
  endloop
endfacet
facet normal 0 0 1
  outer loop
    vertex 15 15.314515989739931 10
    vertex 15.114205183566144 14.850438902200686 10
    vertex 16.565359953552637 14.48967168751135 10
  endloop
endfacet
facet normal 0 0 1
  outer loop
    vertex 27.8147130323054 28.41578735709814 10
    vertex 27.058785945032405 21.137057199512565 10
    vertex 28.772821849116784 27.43334542189258 10
  endloop
endfacet
facet normal 0 0 1
  outer loop
    vertex 27.8147130323054 28.41578735709814 10
    vertex 24.72991842622651 20.320770769326757 10
    vertex 27.058785945032405 21.137057199512565 10
  endloop
endfacet
facet normal 0 0 1
  outer loop
    vertex 27.03860286916747 29.547519514269695 10
    vertex 22.50712271286735 19.248797508033935 10
    vertex 24.72991842622651 20.320770769326757 10
  endloop
endfacet
facet normal 0 0 1
  outer loop
    vertex 27.03860286916747 29.547519514269695 10
    vertex 24.72991842622651 20.320770769326757 10
    vertex 27.8147130323054 28.41578735709814 10
  endloop
endfacet
facet normal 0 0 1
  outer loop
    vertex 26.467327972705938 30.795241299594863 10
    vertex 20.41836721218705 17.93462555785679 10
    vertex 22.50712271286735 19.248797508033935 10
  endloop
endfacet
facet normal 0 0 0.9999999999999999
  outer loop
    vertex 26.467327972705938 30.795241299594863 10
    vertex 22.50712271286735 19.248797508033935 10
    vertex 27.03860286916747 29.547519514269695 10
  endloop
endfacet
facet normal 0 0 1
  outer loop
    vertex 26.117697791306384 32.12223918849924 10
    vertex 20.41836721218705 17.93462555785679 10
    vertex 26.467327972705938 30.795241299594863 10
  endloop
endfacet
facet normal 0 0 0.9999999999999999
  outer loop
    vertex 26.117697791306384 32.12223918849924 10
    vertex 15 15.314515989739931 10
    vertex 20.41836721218705 17.93462555785679 10
  endloop
endfacet
facet normal 0 0 1
  outer loop
    vertex 26 33.48946700083476 10
    vertex 15 15.314515989739931 10
    vertex 26.117697791306384 32.12223918849924 10
  endloop
endfacet
facet normal 0 0 1
  outer loop
    vertex 22.09058129084723 47.69564517549776 10
    vertex 26 33.48946700083476 10
    vertex 22.595830094879076 48.14325655692577 10
  endloop
endfacet
facet normal 0 0 1
  outer loop
    vertex 22.979276871828983 48.69877511827744 10
    vertex 22.595830094879076 48.14325655692577 10
    vertex 26 33.48946700083476 10
  endloop
endfacet
facet normal 0 0 1
  outer loop
    vertex 21.492893683719092 47.38195452048083 10
    vertex 26 33.48946700083476 10
    vertex 22.09058129084723 47.69564517549776 10
  endloop
endfacet
facet normal 0 0 1
  outer loop
    vertex 26 52 10
    vertex 22.979276871828983 48.69877511827744 10
    vertex 26 33.48946700083476 10
  endloop
endfacet
facet normal 0 0 1
  outer loop
    vertex 23.218637088792942 49.32991613999483 10
    vertex 22.979276871828983 48.69877511827744 10
    vertex 26 52 10
  endloop
endfacet
facet normal 0 0 1
  outer loop
    vertex 20.837502704714897 47.22041515252545 10
    vertex 26 33.48946700083476 10
    vertex 21.492893683719092 47.38195452048083 10
  endloop
endfacet
facet normal 0 0 1
  outer loop
    vertex 23.3 50 10
    vertex 23.218637088792942 49.32991613999483 10
    vertex 26 52 10
  endloop
endfacet
facet normal 0 0 1
  outer loop
    vertex 20.16249729528509 47.22041515252545 10
    vertex 26 33.48946700083476 10
    vertex 20.837502704714897 47.22041515252545 10
  endloop
endfacet
facet normal 0 0 1
  outer loop
    vertex 23.218637088792946 50.670083860005164 10
    vertex 23.3 50 10
    vertex 26 52 10
  endloop
endfacet
facet normal 0 0 1
  outer loop
    vertex 19.507106316280893 47.38195452048084 10
    vertex 26 33.48946700083476 10
    vertex 20.16249729528509 47.22041515252545 10
  endloop
endfacet
facet normal 0 0 1
  outer loop
    vertex 22.979276871828986 51.301224881722554 10
    vertex 23.218637088792946 50.670083860005164 10
    vertex 26 52 10
  endloop
endfacet
facet normal 0 0 1
  outer loop
    vertex 22.979276871828986 51.301224881722554 10
    vertex 26 52 10
    vertex 25.878462024097665 53.38918542133545 10
  endloop
endfacet
facet normal 0 0 1
  outer loop
    vertex 18.90941870915276 47.695645175497766 10
    vertex 26 33.48946700083476 10
    vertex 19.507106316280893 47.38195452048084 10
  endloop
endfacet
facet normal 0 0 1
  outer loop
    vertex 18.90941870915276 47.695645175497766 10
    vertex 15 15.314515989739931 10
    vertex 26 33.48946700083476 10
  endloop
endfacet
facet normal 0 0 1
  outer loop
    vertex 22.595830094879084 51.85674344307423 10
    vertex 22.979276871828986 51.301224881722554 10
    vertex 25.878462024097665 53.38918542133545 10
  endloop
endfacet
facet normal 0 0 1
  outer loop
    vertex 22.595830094879084 51.85674344307423 10
    vertex 25.878462024097665 53.38918542133545 10
    vertex 25.517540966287264 54.736161146605355 10
  endloop
endfacet
facet normal 0 0 1
  outer loop
    vertex 18.404169905120913 48.14325655692578 10
    vertex 15 15.314515989739931 10
    vertex 18.90941870915276 47.695645175497766 10
  endloop
endfacet
facet normal 0 0 0.9999999999999999
  outer loop
    vertex 22.090581290847236 52.30435482450224 10
    vertex 22.595830094879084 51.85674344307423 10
    vertex 25.517540966287264 54.736161146605355 10
  endloop
endfacet
facet normal 0 0 0.9999999999999999
  outer loop
    vertex 18.02072312817101 48.69877511827745 10
    vertex 15 15.314515989739931 10
    vertex 18.404169905120913 48.14325655692578 10
  endloop
endfacet
facet normal 0 0 1
  outer loop
    vertex 24.928203230275507 56 10
    vertex 22.090581290847236 52.30435482450224 10
    vertex 25.517540966287264 54.736161146605355 10
  endloop
endfacet
facet normal 0 0 1
  outer loop
    vertex 21.4928936837191 52.61804547951916 10
    vertex 22.090581290847236 52.30435482450224 10
    vertex 24.928203230275507 56 10
  endloop
endfacet
facet normal 0 0 1
  outer loop
    vertex 17.781362911207054 49.32991613999484 10
    vertex 15 15.314515989739931 10
    vertex 18.02072312817101 48.69877511827745 10
  endloop
endfacet
facet normal 0 0 1
  outer loop
    vertex 24.128355544951823 57.14230087749232 10
    vertex 21.4928936837191 52.61804547951916 10
    vertex 24.928203230275507 56 10
  endloop
endfacet
facet normal 0 0 0.9999999999999999
  outer loop
    vertex 24.128355544951823 57.14230087749232 10
    vertex 20.837502704714904 52.77958484747455 10
    vertex 21.4928936837191 52.61804547951916 10
  endloop
endfacet
facet normal 0 0 1
  outer loop
    vertex 23.142300877492318 58.12835554495182 10
    vertex 20.837502704714904 52.77958484747455 10
    vertex 24.128355544951823 57.14230087749232 10
  endloop
endfacet
facet normal 0 0 1
  outer loop
    vertex 22.000000000000004 58.92820323027551 10
    vertex 20.837502704714904 52.77958484747455 10
    vertex 23.142300877492318 58.12835554495182 10
  endloop
endfacet
facet normal 0 0 1
  outer loop
    vertex 22.000000000000004 58.92820323027551 10
    vertex 20.162497295285096 52.77958484747455 10
    vertex 20.837502704714904 52.77958484747455 10
  endloop
endfacet
facet normal 0 0 1
  outer loop
    vertex 20.736161146605355 59.517540966287264 10
    vertex 20.162497295285096 52.77958484747455 10
    vertex 22.000000000000004 58.92820323027551 10
  endloop
endfacet
facet normal 0 0 0.9999999999999999
  outer loop
    vertex 19.389185421335448 59.878462024097665 10
    vertex 20.162497295285096 52.77958484747455 10
    vertex 20.736161146605355 59.517540966287264 10
  endloop
endfacet
facet normal 0 0 1
  outer loop
    vertex 19.389185421335448 59.878462024097665 10
    vertex 19.5071063162809 52.61804547951916 10
    vertex 20.162497295285096 52.77958484747455 10
  endloop
endfacet
facet normal 0 0 1
  outer loop
    vertex 18 60 10
    vertex 19.5071063162809 52.61804547951916 10
    vertex 19.389185421335448 59.878462024097665 10
  endloop
endfacet
facet normal 0 0 1
  outer loop
    vertex 18 60 10
    vertex 18.909418709152764 52.30435482450224 10
    vertex 19.5071063162809 52.61804547951916 10
  endloop
endfacet
facet normal 0 0 1
  outer loop
    vertex 15 60 10
    vertex 15 15.314515989739931 10
    vertex 17.781362911207054 49.32991613999484 10
  endloop
endfacet
facet normal 0 0 0.9999999999999999
  outer loop
    vertex 15 60 10
    vertex 18.909418709152764 52.30435482450224 10
    vertex 18 60 10
  endloop
endfacet
facet normal 0 0 1
  outer loop
    vertex 15 60 10
    vertex 18.404169905120916 51.85674344307423 10
    vertex 18.909418709152764 52.30435482450224 10
  endloop
endfacet
facet normal 0 0 1
  outer loop
    vertex 15 60 10
    vertex 18.020723128171014 51.301224881722554 10
    vertex 18.404169905120916 51.85674344307423 10
  endloop
endfacet
facet normal 0 0 1
  outer loop
    vertex 15 60 10
    vertex 17.781362911207054 50.670083860005164 10
    vertex 18.020723128171014 51.301224881722554 10
  endloop
endfacet
facet normal 0 0 1
  outer loop
    vertex 15 60 10
    vertex 17.7 50 10
    vertex 17.781362911207054 50.670083860005164 10
  endloop
endfacet
facet normal 0 0 1
  outer loop
    vertex 15 60 10
    vertex 17.781362911207054 49.32991613999484 10
    vertex 17.7 50 10
  endloop
endfacet
facet normal 1 0 0
  outer loop
    vertex 26 33.48946700083476 10
    vertex 26 52 0
    vertex 26 52 10
  endloop
endfacet
facet normal 1 0 0
  outer loop
    vertex 26 33.48946700083476 0
    vertex 26 52 0
    vertex 26 33.48946700083476 10
  endloop
endfacet
facet normal 0.9963151549802658 0.08576777924517406 0
  outer loop
    vertex 26.117697791306384 32.12223918849924 10
    vertex 26.117697791306384 32.12223918849924 0
    vertex 26 33.48946700083476 0
  endloop
endfacet
facet normal 0.9963151549802658 0.08576777924517406 0
  outer loop
    vertex 26.117697791306384 32.12223918849924 10
    vertex 26 33.48946700083476 0
    vertex 26 33.48946700083476 10
  endloop
endfacet
facet normal 0.9669991316837019 0.25477966818992154 0
  outer loop
    vertex 26.467327972705938 30.795241299594863 10
    vertex 26.467327972705938 30.795241299594863 0
    vertex 26.117697791306384 32.12223918849924 0
  endloop
endfacet
facet normal 0.9669991316837019 0.25477966818992154 0
  outer loop
    vertex 26.467327972705938 30.795241299594863 10
    vertex 26.117697791306384 32.12223918849924 0
    vertex 26.117697791306384 32.12223918849924 10
  endloop
endfacet
facet normal 0.9092296928885463 0.4162948060807388 0
  outer loop
    vertex 27.03860286916747 29.547519514269695 10
    vertex 27.03860286916747 29.547519514269695 0
    vertex 26.467327972705938 30.795241299594863 0
  endloop
endfacet
facet normal 0.9092296928885463 0.4162948060807388 0
  outer loop
    vertex 27.03860286916747 29.547519514269695 10
    vertex 26.467327972705938 30.795241299594863 0
    vertex 26.467327972705938 30.795241299594863 10
  endloop
endfacet
facet normal 0.8247066724326008 0.565560699169547 0
  outer loop
    vertex 27.8147130323054 28.41578735709814 10
    vertex 27.8147130323054 28.41578735709814 0
    vertex 27.03860286916747 29.547519514269695 0
  endloop
endfacet
facet normal 0.7159171135214145 0.6981852809728706 0
  outer loop
    vertex 27.8147130323054 28.41578735709814 10
    vertex 28.772821849116784 27.43334542189258 0
    vertex 27.8147130323054 28.41578735709814 0
  endloop
endfacet
facet normal 0.8247066724326008 0.565560699169547 0
  outer loop
    vertex 27.8147130323054 28.41578735709814 10
    vertex 27.03860286916747 29.547519514269695 0
    vertex 27.03860286916747 29.547519514269695 10
  endloop
endfacet
facet normal 0.7159171135214145 0.6981852809728706 0
  outer loop
    vertex 28.772821849116784 27.43334542189258 10
    vertex 28.772821849116784 27.43334542189258 0
    vertex 27.8147130323054 28.41578735709814 10
  endloop
endfacet
facet normal 0.5860620888552526 0.8102661464029076 0
  outer loop
    vertex 29.884737496709157 26.629101520118123 10
    vertex 29.884737496709157 26.629101520118123 0
    vertex 28.772821849116784 27.43334542189258 0
  endloop
endfacet
facet normal 0.4389625108324214 0.8985053778824565 0
  outer loop
    vertex 29.884737496709157 26.629101520118123 10
    vertex 31.11774247112236 26.026720084502397 0
    vertex 29.884737496709157 26.629101520118123 0
  endloop
endfacet
facet normal 0.5860620888552526 0.8102661464029076 0
  outer loop
    vertex 29.884737496709157 26.629101520118123 10
    vertex 28.772821849116784 27.43334542189258 0
    vertex 28.772821849116784 27.43334542189258 10
  endloop
endfacet
facet normal 0.4389625108324214 0.8985053778824565 0
  outer loop
    vertex 31.11774247112236 26.026720084502397 10
    vertex 31.11774247112236 26.026720084502397 0
    vertex 29.884737496709157 26.629101520118123 10
  endloop
endfacet
facet normal 0.2789467033117698 0.9603065847485872 0
  outer loop
    vertex 32.43555628181684 25.643925856169385 10
    vertex 32.43555628181684 25.643925856169385 0
    vertex 31.11774247112236 26.026720084502397 0
  endloop
endfacet
facet normal 0.2789467033117698 0.9603065847485872 0
  outer loop
    vertex 32.43555628181684 25.643925856169385 10
    vertex 31.11774247112236 26.026720084502397 0
    vertex 31.11774247112236 26.026720084502397 10
  endloop
endfacet
facet normal 0.11072304307312271 0.9938513006142455 0
  outer loop
    vertex 33.799402985074614 25.491982343918995 10
    vertex 33.799402985074614 25.491982343918995 0
    vertex 32.43555628181684 25.643925856169385 0
  endloop
endfacet
facet normal 0.11072304307312271 0.9938513006142455 0
  outer loop
    vertex 33.799402985074614 25.491982343918995 10
    vertex 32.43555628181684 25.643925856169385 0
    vertex 32.43555628181684 25.643925856169385 10
  endloop
endfacet
facet normal 0.9961946980917458 0.08715574274765747 0
  outer loop
    vertex 25.878462024097665 53.38918542133545 10
    vertex 26 52 0
    vertex 25.878462024097665 53.38918542133545 0
  endloop
endfacet
facet normal 0.9961946980917458 0.08715574274765747 0
  outer loop
    vertex 25.878462024097665 53.38918542133545 10
    vertex 26 52 10
    vertex 26 52 0
  endloop
endfacet
facet normal 0.9659258262890675 0.2588190451025233 0
  outer loop
    vertex 25.517540966287264 54.736161146605355 10
    vertex 25.878462024097665 53.38918542133545 0
    vertex 25.517540966287264 54.736161146605355 0
  endloop
endfacet
facet normal 0.9659258262890675 0.2588190451025233 0
  outer loop
    vertex 25.517540966287264 54.736161146605355 10
    vertex 25.878462024097665 53.38918542133545 10
    vertex 25.878462024097665 53.38918542133545 0
  endloop
endfacet
facet normal 0.9063077870366497 0.42261826174070016 0
  outer loop
    vertex 24.928203230275507 56 10
    vertex 25.517540966287264 54.736161146605355 0
    vertex 24.928203230275507 56 0
  endloop
endfacet
facet normal 0.8191520442889929 0.5735764363510446 0
  outer loop
    vertex 24.928203230275507 56 10
    vertex 24.928203230275507 56 0
    vertex 24.128355544951823 57.14230087749232 0
  endloop
endfacet
facet normal 0.9063077870366497 0.42261826174070016 0
  outer loop
    vertex 24.928203230275507 56 10
    vertex 25.517540966287264 54.736161146605355 10
    vertex 25.517540966287264 54.736161146605355 0
  endloop
endfacet
facet normal 0.7071067811865476 0.7071067811865476 0
  outer loop
    vertex 24.128355544951823 57.14230087749232 10
    vertex 24.128355544951823 57.14230087749232 0
    vertex 23.142300877492318 58.12835554495182 0
  endloop
endfacet
facet normal 0.8191520442889929 0.5735764363510446 0
  outer loop
    vertex 24.128355544951823 57.14230087749232 10
    vertex 24.928203230275507 56 10
    vertex 24.128355544951823 57.14230087749232 0
  endloop
endfacet
facet normal 0.7071067811865476 0.7071067811865476 0
  outer loop
    vertex 23.142300877492318 58.12835554495182 10
    vertex 24.128355544951823 57.14230087749232 10
    vertex 23.142300877492318 58.12835554495182 0
  endloop
endfacet
facet normal 0.5735764363510457 0.8191520442889919 0
  outer loop
    vertex 22.000000000000004 58.92820323027551 10
    vertex 23.142300877492318 58.12835554495182 0
    vertex 22.000000000000004 58.92820323027551 0
  endloop
endfacet
facet normal 0.5735764363510457 0.8191520442889919 0
  outer loop
    vertex 22.000000000000004 58.92820323027551 10
    vertex 23.142300877492318 58.12835554495182 10
    vertex 23.142300877492318 58.12835554495182 0
  endloop
endfacet
facet normal 0.42261826174069916 0.9063077870366502 0
  outer loop
    vertex 20.736161146605355 59.517540966287264 10
    vertex 22.000000000000004 58.92820323027551 0
    vertex 20.736161146605355 59.517540966287264 0
  endloop
endfacet
facet normal 0.2588190451025233 0.9659258262890675 0
  outer loop
    vertex 20.736161146605355 59.517540966287264 10
    vertex 20.736161146605355 59.517540966287264 0
    vertex 19.389185421335448 59.878462024097665 0
  endloop
endfacet
facet normal 0.42261826174069916 0.9063077870366502 0
  outer loop
    vertex 20.736161146605355 59.517540966287264 10
    vertex 22.000000000000004 58.92820323027551 10
    vertex 22.000000000000004 58.92820323027551 0
  endloop
endfacet
facet normal 0.2588190451025233 0.9659258262890675 0
  outer loop
    vertex 19.389185421335448 59.878462024097665 10
    vertex 20.736161146605355 59.517540966287264 10
    vertex 19.389185421335448 59.878462024097665 0
  endloop
endfacet
facet normal 0.08715574274765747 0.9961946980917458 0
  outer loop
    vertex 18 60 10
    vertex 19.389185421335448 59.878462024097665 0
    vertex 18 60 0
  endloop
endfacet
facet normal 0.08715574274765747 0.9961946980917458 0
  outer loop
    vertex 18 60 10
    vertex 19.389185421335448 59.878462024097665 10
    vertex 19.389185421335448 59.878462024097665 0
  endloop
endfacet
facet normal 0.07652633342196526 -0.9970675605459193 0
  outer loop
    vertex 36.41826068890896 -25.290981342824768 0
    vertex 33.79940298507463 -25.491982343918995 10
    vertex 33.79940298507463 -25.491982343918995 0
  endloop
endfacet
facet normal 0.07652633342196526 -0.9970675605459193 0
  outer loop
    vertex 36.41826068890896 -25.290981342824768 0
    vertex 36.41826068890896 -25.290981342824768 10
    vertex 33.79940298507463 -25.491982343918995 10
  endloop
endfacet
facet normal 0.17868439298542257 -0.9839064425561157 0
  outer loop
    vertex 39.00254992757348 -24.821656075770026 0
    vertex 39.00254992757348 -24.821656075770026 10
    vertex 36.41826068890896 -25.290981342824768 10
  endloop
endfacet
facet normal 0.17868439298542257 -0.9839064425561157 0
  outer loop
    vertex 39.00254992757348 -24.821656075770026 0
    vertex 36.41826068890896 -25.290981342824768 10
    vertex 36.41826068890896 -25.290981342824768 0
  endloop
endfacet
facet normal 0.2789467033117711 -0.9603065847485867 0
  outer loop
    vertex 41.524852725324415 -24.08898584174171 0
    vertex 41.524852725324415 -24.08898584174171 10
    vertex 39.00254992757348 -24.821656075770026 10
  endloop
endfacet
facet normal 0.2789467033117711 -0.9603065847485867 0
  outer loop
    vertex 41.524852725324415 -24.08898584174171 0
    vertex 39.00254992757348 -24.821656075770026 10
    vertex 39.00254992757348 -24.821656075770026 0
  endloop
endfacet
facet normal 0.37624953300770464 -0.9265183694409326 0
  outer loop
    vertex 43.958408750581 -23.100743893982628 0
    vertex 43.958408750581 -23.100743893982628 10
    vertex 41.524852725324415 -24.08898584174171 10
  endloop
endfacet
facet normal 0.46956054924279467 -0.8829002721682698 0
  outer loop
    vertex 43.958408750581 -23.100743893982628 0
    vertex 46.277399229239556 -21.867414969784278 10
    vertex 43.958408750581 -23.100743893982628 10
  endloop
endfacet
facet normal 0.37624953300770464 -0.9265183694409326 0
  outer loop
    vertex 43.958408750581 -23.100743893982628 0
    vertex 41.524852725324415 -24.08898584174171 10
    vertex 41.524852725324415 -24.08898584174171 0
  endloop
endfacet
facet normal 0.46956054924279467 -0.8829002721682698 0
  outer loop
    vertex 46.277399229239556 -21.867414969784278 0
    vertex 46.277399229239556 -21.867414969784278 10
    vertex 43.958408750581 -23.100743893982628 0
  endloop
endfacet
facet normal 0.5578897702682925 -0.8299150584427251 0
  outer loop
    vertex 48.45722086854837 -20.402084052832645 0
    vertex 48.45722086854837 -20.402084052832645 10
    vertex 46.277399229239556 -21.867414969784278 10
  endloop
endfacet
facet normal 0.5578897702682925 -0.8299150584427251 0
  outer loop
    vertex 48.45722086854837 -20.402084052832645 0
    vertex 46.277399229239556 -21.867414969784278 10
    vertex 46.277399229239556 -21.867414969784278 0
  endloop
endfacet
facet normal 0.6403000686128147 -0.7681248740500628 0
  outer loop
    vertex 50.47474688535246 -18.72029754828104 0
    vertex 50.47474688535246 -18.72029754828104 10
    vertex 48.45722086854837 -20.402084052832645 10
  endloop
endfacet
facet normal 0.6403000686128147 -0.7681248740500628 0
  outer loop
    vertex 50.47474688535246 -18.72029754828104 0
    vertex 48.45722086854837 -20.402084052832645 10
    vertex 48.45722086854837 -20.402084052832645 0
  endloop
endfacet
facet normal 0.7159171135214142 -0.698185280972871 0
  outer loop
    vertex 52.30857236933312 -16.839898343410866 0
    vertex 52.30857236933312 -16.839898343410866 10
    vertex 50.47474688535246 -18.72029754828104 10
  endloop
endfacet
facet normal 0.7839386471538694 -0.6208383022160932 0
  outer loop
    vertex 52.30857236933312 -16.839898343410866 0
    vertex 53.939241378064914 -14.78083650380163 10
    vertex 52.30857236933312 -16.839898343410866 10
  endloop
endfacet
facet normal 0.7159171135214142 -0.698185280972871 0
  outer loop
    vertex 52.30857236933312 -16.839898343410866 0
    vertex 50.47474688535246 -18.72029754828104 10
    vertex 50.47474688535246 -18.72029754828104 0
  endloop
endfacet
facet normal 0.7839386471538694 -0.6208383022160932 0
  outer loop
    vertex 53.939241378064914 -14.78083650380163 0
    vertex 53.939241378064914 -14.78083650380163 10
    vertex 52.30857236933312 -16.839898343410866 0
  endloop
endfacet
facet normal 0.843642996126531 -0.5369045493257159 0
  outer loop
    vertex 55.34945335452866 -12.564957613426188 0
    vertex 53.939241378064914 -14.78083650380163 10
    vertex 53.939241378064914 -14.78083650380163 0
  endloop
endfacet
facet normal 0.843642996126531 -0.5369045493257159 0
  outer loop
    vertex 55.34945335452866 -12.564957613426188 0
    vertex 55.34945335452866 -12.564957613426188 10
    vertex 53.939241378064914 -14.78083650380163 10
  endloop
endfacet
facet normal 0.8943967280946634 -0.44727451612355557 0
  outer loop
    vertex 55.34945335452866 -12.564957613426188 0
    vertex 56.524246677097096 -10.215771004273588 10
    vertex 55.34945335452866 -12.564957613426188 10
  endloop
endfacet
facet normal 0.8943967280946634 -0.44727451612355557 0
  outer loop
    vertex 56.524246677097096 -10.215771004273588 0
    vertex 56.524246677097096 -10.215771004273588 10
    vertex 55.34945335452866 -12.564957613426188 0
  endloop
endfacet
facet normal 0.9356613721428579 -0.3528991310271879 0
  outer loop
    vertex 57.45115739462257 -7.758200334463724 0
    vertex 56.524246677097096 -10.215771004273588 10
    vertex 56.524246677097096 -10.215771004273588 0
  endloop
endfacet
facet normal 0.9356613721428579 -0.3528991310271879 0
  outer loop
    vertex 57.45115739462257 -7.758200334463724 0
    vertex 57.45115739462257 -7.758200334463724 10
    vertex 56.524246677097096 -10.215771004273588 10
  endloop
endfacet
facet normal 0.9669991316837007 -0.25477966818992615 0
  outer loop
    vertex 57.45115739462257 -7.758200334463724 0
    vertex 58.12035146252928 -5.218319161091283 10
    vertex 57.45115739462257 -7.758200334463724 10
  endloop
endfacet
facet normal 0.9669991316837007 -0.25477966818992615 0
  outer loop
    vertex 58.12035146252928 -5.218319161091283 0
    vertex 58.12035146252928 -5.218319161091283 10
    vertex 57.45115739462257 -7.758200334463724 0
  endloop
endfacet
facet normal 0.9880775292537164 -0.15395712449857965 0
  outer loop
    vertex 58.52472907695345 -2.6230743132347456 0
    vertex 58.12035146252928 -5.218319161091283 10
    vertex 58.12035146252928 -5.218319161091283 0
  endloop
endfacet
facet normal 0.9880775292537164 -0.15395712449857965 0
  outer loop
    vertex 58.52472907695345 -2.6230743132347456 0
    vertex 58.52472907695345 -2.6230743132347456 10
    vertex 58.12035146252928 -5.218319161091283 10
  endloop
endfacet
facet normal 0.9986729339277555 -0.05150117513347282 0
  outer loop
    vertex 58.66 -9.683989748506427e-14 0
    vertex 58.52472907695345 -2.6230743132347456 10
    vertex 58.52472907695345 -2.6230743132347456 0
  endloop
endfacet
facet normal 0.9986729339277555 -0.05150117513347282 0
  outer loop
    vertex 58.66 -9.683989748506427e-14 0
    vertex 58.66 -9.683989748506427e-14 10
    vertex 58.52472907695345 -2.6230743132347456 10
  endloop
endfacet
facet normal 0.998672933927756 0.051501175133464715 0
  outer loop
    vertex 58.66 -9.683989748506427e-14 0
    vertex 58.52472907695347 2.623074313234553 10
    vertex 58.66 -9.683989748506427e-14 10
  endloop
endfacet
facet normal 0.998672933927756 0.051501175133464715 0
  outer loop
    vertex 58.52472907695347 2.623074313234553 0
    vertex 58.52472907695347 2.623074313234553 10
    vertex 58.66 -9.683989748506427e-14 0
  endloop
endfacet
facet normal 0.9880775292537173 0.15395712449857415 0
  outer loop
    vertex 58.52472907695347 2.623074313234553 0
    vertex 58.120351462529314 5.2183191610910935 10
    vertex 58.52472907695347 2.623074313234553 10
  endloop
endfacet
facet normal 0.9880775292537173 0.15395712449857415 0
  outer loop
    vertex 58.120351462529314 5.2183191610910935 0
    vertex 58.120351462529314 5.2183191610910935 10
    vertex 58.52472907695347 2.623074313234553 0
  endloop
endfacet
facet normal 0.9669991316837028 0.2547796681899182 0
  outer loop
    vertex 57.451157394622626 7.758200334463538 0
    vertex 58.120351462529314 5.2183191610910935 10
    vertex 58.120351462529314 5.2183191610910935 0
  endloop
endfacet
facet normal 0.9669991316837028 0.2547796681899182 0
  outer loop
    vertex 57.451157394622626 7.758200334463538 0
    vertex 57.451157394622626 7.758200334463538 10
    vertex 58.120351462529314 5.2183191610910935 10
  endloop
endfacet
facet normal 0.9356613721428619 0.35289913102717746 0
  outer loop
    vertex 57.451157394622626 7.758200334463538 0
    vertex 56.52424667709718 10.21577100427341 10
    vertex 57.451157394622626 7.758200334463538 10
  endloop
endfacet
facet normal 0.9356613721428619 0.35289913102717746 0
  outer loop
    vertex 56.52424667709718 10.21577100427341 0
    vertex 56.52424667709718 10.21577100427341 10
    vertex 57.451157394622626 7.758200334463538 0
  endloop
endfacet
facet normal 0.8943967280946652 0.44727451612355207 0
  outer loop
    vertex 55.349453354528755 12.564957613426019 0
    vertex 56.52424667709718 10.21577100427341 10
    vertex 56.52424667709718 10.21577100427341 0
  endloop
endfacet
facet normal 0.8943967280946652 0.44727451612355207 0
  outer loop
    vertex 55.349453354528755 12.564957613426019 0
    vertex 55.349453354528755 12.564957613426019 10
    vertex 56.52424667709718 10.21577100427341 10
  endloop
endfacet
facet normal 0.8436429961265346 0.5369045493257102 0
  outer loop
    vertex 53.93924137806502 14.780836503801472 0
    vertex 55.349453354528755 12.564957613426019 10
    vertex 55.349453354528755 12.564957613426019 0
  endloop
endfacet
facet normal 0.8436429961265346 0.5369045493257102 0
  outer loop
    vertex 53.93924137806502 14.780836503801472 0
    vertex 53.93924137806502 14.780836503801472 10
    vertex 55.349453354528755 12.564957613426019 10
  endloop
endfacet
facet normal 0.7839386471538752 0.6208383022160858 0
  outer loop
    vertex 53.93924137806502 14.780836503801472 0
    vertex 52.30857236933325 16.83989834341072 10
    vertex 53.93924137806502 14.780836503801472 10
  endloop
endfacet
facet normal 0.7839386471538752 0.6208383022160858 0
  outer loop
    vertex 52.30857236933325 16.83989834341072 0
    vertex 52.30857236933325 16.83989834341072 10
    vertex 53.93924137806502 14.780836503801472 0
  endloop
endfacet
facet normal 0.71591711352142 0.6981852809728648 0
  outer loop
    vertex 50.4747468853526 18.72029754828091 0
    vertex 50.4747468853526 18.72029754828091 10
    vertex 52.30857236933325 16.83989834341072 10
  endloop
endfacet
facet normal 0.71591711352142 0.6981852809728648 0
  outer loop
    vertex 50.4747468853526 18.72029754828091 0
    vertex 52.30857236933325 16.83989834341072 10
    vertex 52.30857236933325 16.83989834341072 0
  endloop
endfacet
facet normal 0.6403000686128197 0.7681248740500586 0
  outer loop
    vertex 48.457220868548525 20.402084052832528 0
    vertex 48.457220868548525 20.402084052832528 10
    vertex 50.4747468853526 18.72029754828091 10
  endloop
endfacet
facet normal 0.5578897702682984 0.8299150584427212 0
  outer loop
    vertex 48.457220868548525 20.402084052832528 0
    vertex 46.27739922923972 21.86741496978418 10
    vertex 48.457220868548525 20.402084052832528 10
  endloop
endfacet
facet normal 0.6403000686128197 0.7681248740500586 0
  outer loop
    vertex 48.457220868548525 20.402084052832528 0
    vertex 50.4747468853526 18.72029754828091 10
    vertex 50.4747468853526 18.72029754828091 0
  endloop
endfacet
facet normal 0.469560549242801 0.8829002721682664 0
  outer loop
    vertex 46.27739922923972 21.86741496978418 0
    vertex 43.95840875058117 23.100743893982546 10
    vertex 46.27739922923972 21.86741496978418 10
  endloop
endfacet
facet normal 0.5578897702682984 0.8299150584427212 0
  outer loop
    vertex 46.27739922923972 21.86741496978418 0
    vertex 46.27739922923972 21.86741496978418 10
    vertex 48.457220868548525 20.402084052832528 0
  endloop
endfacet
facet normal 0.469560549242801 0.8829002721682664 0
  outer loop
    vertex 43.95840875058117 23.100743893982546 0
    vertex 43.95840875058117 23.100743893982546 10
    vertex 46.27739922923972 21.86741496978418 0
  endloop
endfacet
facet normal 0.3762495330077123 0.9265183694409294 0
  outer loop
    vertex 41.5248527253246 24.088985841741646 0
    vertex 41.5248527253246 24.088985841741646 10
    vertex 43.95840875058117 23.100743893982546 10
  endloop
endfacet
facet normal 0.2789467033117786 0.9603065847485845 0
  outer loop
    vertex 41.5248527253246 24.088985841741646 0
    vertex 39.00254992757367 24.821656075769983 10
    vertex 41.5248527253246 24.088985841741646 10
  endloop
endfacet
facet normal 0.3762495330077123 0.9265183694409294 0
  outer loop
    vertex 41.5248527253246 24.088985841741646 0
    vertex 43.95840875058117 23.100743893982546 10
    vertex 43.95840875058117 23.100743893982546 0
  endloop
endfacet
facet normal 0.17868439298542962 0.9839064425561144 0
  outer loop
    vertex 39.00254992757367 24.821656075769983 0
    vertex 36.41826068890915 25.290981342824743 10
    vertex 39.00254992757367 24.821656075769983 10
  endloop
endfacet
facet normal 0.2789467033117786 0.9603065847485845 0
  outer loop
    vertex 39.00254992757367 24.821656075769983 0
    vertex 39.00254992757367 24.821656075769983 10
    vertex 41.5248527253246 24.088985841741646 0
  endloop
endfacet
facet normal 0.17868439298542962 0.9839064425561144 0
  outer loop
    vertex 36.41826068890915 25.290981342824743 0
    vertex 36.41826068890915 25.290981342824743 10
    vertex 39.00254992757367 24.821656075769983 0
  endloop
endfacet
facet normal 0.07652633342196868 0.9970675605459189 0
  outer loop
    vertex 33.799402985074614 25.491982343918995 0
    vertex 33.799402985074614 25.491982343918995 10
    vertex 36.41826068890915 25.290981342824743 10
  endloop
endfacet
facet normal 0.07652633342196868 0.9970675605459189 0
  outer loop
    vertex 33.799402985074614 25.491982343918995 0
    vertex 36.41826068890915 25.290981342824743 10
    vertex 36.41826068890915 25.290981342824743 0
  endloop
endfacet
facet normal 0 1 0
  outer loop
    vertex -15 60 5
    vertex -18 60 10
    vertex -15 60 10
  endloop
endfacet
facet normal 0 1 0
  outer loop
    vertex -18 60 0
    vertex -18 60 10
    vertex -15 60 5
  endloop
endfacet
facet normal 0 1 0
  outer loop
    vertex 15 60 5
    vertex 15 60 10
    vertex 18 60 10
  endloop
endfacet
facet normal 0 1 0
  outer loop
    vertex 18 60 0
    vertex -15 60 5
    vertex 15 60 5
  endloop
endfacet
facet normal 0 1 0
  outer loop
    vertex 18 60 0
    vertex -18 60 0
    vertex -15 60 5
  endloop
endfacet
facet normal 0 1 0
  outer loop
    vertex 18 60 0
    vertex 15 60 5
    vertex 18 60 10
  endloop
endfacet
facet normal 0.110723043073121 -0.9938513006142458 0
  outer loop
    vertex 32.43555628181683 -25.643925856169385 10
    vertex 32.43555628181683 -25.643925856169385 0
    vertex 33.79940298507463 -25.491982343918995 0
  endloop
endfacet
facet normal 0.110723043073121 -0.9938513006142458 0
  outer loop
    vertex 32.43555628181683 -25.643925856169385 10
    vertex 33.79940298507463 -25.491982343918995 0
    vertex 33.79940298507463 -25.491982343918995 10
  endloop
endfacet
facet normal 0.2789467033117705 -0.960306584748587 0
  outer loop
    vertex 31.117742471122355 -26.026720084502397 10
    vertex 31.117742471122355 -26.026720084502397 0
    vertex 32.43555628181683 -25.643925856169385 0
  endloop
endfacet
facet normal 0.2789467033117705 -0.960306584748587 0
  outer loop
    vertex 31.117742471122355 -26.026720084502397 10
    vertex 32.43555628181683 -25.643925856169385 0
    vertex 32.43555628181683 -25.643925856169385 10
  endloop
endfacet
facet normal 0.4389625108324204 -0.8985053778824572 0
  outer loop
    vertex 29.884737496709157 -26.62910152011812 10
    vertex 29.884737496709157 -26.62910152011812 0
    vertex 31.117742471122355 -26.026720084502397 0
  endloop
endfacet
facet normal 0.4389625108324204 -0.8985053778824572 0
  outer loop
    vertex 29.884737496709157 -26.62910152011812 10
    vertex 31.117742471122355 -26.026720084502397 0
    vertex 31.117742471122355 -26.026720084502397 10
  endloop
endfacet
facet normal 0.5860620888552538 -0.8102661464029067 0
  outer loop
    vertex 28.772821849116788 -27.433345421892575 10
    vertex 28.772821849116788 -27.433345421892575 0
    vertex 29.884737496709157 -26.62910152011812 0
  endloop
endfacet
facet normal 0.7159171135214145 -0.6981852809728705 0
  outer loop
    vertex 28.772821849116788 -27.433345421892575 10
    vertex 27.814713032305406 -28.415787357098132 0
    vertex 28.772821849116788 -27.433345421892575 0
  endloop
endfacet
facet normal 0.5860620888552538 -0.8102661464029067 0
  outer loop
    vertex 28.772821849116788 -27.433345421892575 10
    vertex 29.884737496709157 -26.62910152011812 0
    vertex 29.884737496709157 -26.62910152011812 10
  endloop
endfacet
facet normal 0.7159171135214145 -0.6981852809728705 0
  outer loop
    vertex 27.814713032305406 -28.415787357098132 10
    vertex 27.814713032305406 -28.415787357098132 0
    vertex 28.772821849116788 -27.433345421892575 10
  endloop
endfacet
facet normal 0.8247066724326008 -0.565560699169547 0
  outer loop
    vertex 27.038602869167477 -29.547519514269688 10
    vertex 27.038602869167477 -29.547519514269688 0
    vertex 27.814713032305406 -28.415787357098132 0
  endloop
endfacet
facet normal 0.8247066724326008 -0.565560699169547 0
  outer loop
    vertex 27.038602869167477 -29.547519514269688 10
    vertex 27.814713032305406 -28.415787357098132 0
    vertex 27.814713032305406 -28.415787357098132 10
  endloop
endfacet
facet normal 0.9092296928885463 -0.4162948060807388 0
  outer loop
    vertex 26.467327972705945 -30.795241299594856 10
    vertex 26.467327972705945 -30.795241299594856 0
    vertex 27.038602869167477 -29.547519514269688 0
  endloop
endfacet
facet normal 0.9092296928885463 -0.4162948060807388 0
  outer loop
    vertex 26.467327972705945 -30.795241299594856 10
    vertex 27.038602869167477 -29.547519514269688 0
    vertex 27.038602869167477 -29.547519514269688 10
  endloop
endfacet
facet normal 0.9669991316837013 -0.254779668189924 0
  outer loop
    vertex 26.117697791306387 -32.122239188499236 10
    vertex 26.117697791306387 -32.122239188499236 0
    vertex 26.467327972705945 -30.795241299594856 0
  endloop
endfacet
facet normal 0.9669991316837013 -0.254779668189924 0
  outer loop
    vertex 26.117697791306387 -32.122239188499236 10
    vertex 26.467327972705945 -30.795241299594856 0
    vertex 26.467327972705945 -30.795241299594856 10
  endloop
endfacet
facet normal 0.9963151549802657 -0.08576777924517619 0
  outer loop
    vertex 26 -33.48946700083476 10
    vertex 26 -33.48946700083476 0
    vertex 26.117697791306387 -32.122239188499236 0
  endloop
endfacet
facet normal 0.9963151549802657 -0.08576777924517619 0
  outer loop
    vertex 26 -33.48946700083476 10
    vertex 26.117697791306387 -32.122239188499236 0
    vertex 26.117697791306387 -32.122239188499236 10
  endloop
endfacet
facet normal -1 0 0
  outer loop
    vertex 15 15.314515989739931 5
    vertex 15 60 10
    vertex 15 60 5
  endloop
endfacet
facet normal -1 0 0
  outer loop
    vertex 15 15.314515989739931 10
    vertex 15 60 10
    vertex 15 15.314515989739931 5
  endloop
endfacet
facet normal 1 0 0
  outer loop
    vertex 26 -52 10
    vertex 26 -33.48946700083476 0
    vertex 26 -33.48946700083476 10
  endloop
endfacet
facet normal 1 0 0
  outer loop
    vertex 26 -52 0
    vertex 26 -33.48946700083476 0
    vertex 26 -52 10
  endloop
endfacet
facet normal -0.9927308411702646 -0.12035562716125442 -4.275890829364015e-17
  outer loop
    vertex 15.028970953978757 15.075554503757209 4.999999999999998
    vertex 15.028970953978757 15.075554503757207 10
    vertex 15 15.314515989739931 10
  endloop
endfacet
facet normal -0.9927308411702644 -0.12035562716125531 0
  outer loop
    vertex 15.028970953978757 15.075554503757209 4.999999999999998
    vertex 15 15.314515989739931 10
    vertex 15 15.314515989739931 5
  endloop
endfacet
facet normal -0.9352101221445952 -0.3540932468126034 2.064541871973772e-16
  outer loop
    vertex 15.114205183566142 14.850438902200688 4.999999999999998
    vertex 15.114205183566144 14.850438902200686 10
    vertex 15.028970953978757 15.075554503757207 10
  endloop
endfacet
facet normal -0.9352101221445976 -0.3540932468125969 -1.2395450254613456e-16
  outer loop
    vertex 15.114205183566142 14.850438902200688 4.999999999999998
    vertex 15.028970953978757 15.075554503757207 10
    vertex 15.028970953978757 15.075554503757209 4.999999999999998
  endloop
endfacet
facet normal -0.8235015443006928 -0.5673140281487618 -2.0155043079795175e-16
  outer loop
    vertex 15.25076405487658 14.652212812535556 4.999999999999998
    vertex 15.25076405487658 14.652212812535554 10
    vertex 15.114205183566144 14.850438902200686 10
  endloop
endfacet
facet normal -0.8235015443006894 -0.5673140281487667 8.936254834721293e-17
  outer loop
    vertex 15.25076405487658 14.652212812535556 4.999999999999998
    vertex 15.114205183566144 14.850438902200686 10
    vertex 15.114205183566142 14.850438902200688 4.999999999999998
  endloop
endfacet
facet normal -0.6640777157740485 -0.747663552282925 0
  outer loop
    vertex 15.430735086357815 14.492361832603965 4.999999999999998
    vertex 15.430735086357815 14.492361832603965 10
    vertex 15.25076405487658 14.652212812535554 10
  endloop
endfacet
facet normal -0.6640777157740526 -0.7476635522829213 -2.6520498219172907e-16
  outer loop
    vertex 15.430735086357815 14.492361832603965 4.999999999999998
    vertex 15.25076405487658 14.652212812535554 10
    vertex 15.25076405487658 14.652212812535556 4.999999999999998
  endloop
endfacet
facet normal -0.4661759573633984 -0.8846920236875199 0
  outer loop
    vertex 15.643690413068747 14.38014803317203 4.999999999999998
    vertex 15.643690413068747 14.38014803317203 10
    vertex 15.430735086357815 14.492361832603965 10
  endloop
endfacet
facet normal -0.4661759573633984 -0.8846920236875199 0
  outer loop
    vertex 15.643690413068747 14.38014803317203 4.999999999999998
    vertex 15.430735086357815 14.492361832603965 10
    vertex 15.430735086357815 14.492361832603965 4.999999999999998
  endloop
endfacet
facet normal -0.24126307453918713 -0.9704597512848736 0
  outer loop
    vertex 15.877290997070027 14.322073295878 4.999999999999998
    vertex 15.877290997070027 14.322073295878 10
    vertex 15.643690413068747 14.38014803317203 10
  endloop
endfacet
facet normal -0.002370948856485 -0.9999971892968099 0
  outer loop
    vertex 15.877290997070027 14.322073295878 4.999999999999998
    vertex 16.118001574824632 14.321502581804822 10
    vertex 15.877290997070027 14.322073295878 10
  endloop
endfacet
facet normal -0.24126307453918713 -0.9704597512848736 0
  outer loop
    vertex 15.877290997070027 14.322073295878 4.999999999999998
    vertex 15.643690413068747 14.38014803317203 10
    vertex 15.643690413068747 14.38014803317203 4.999999999999998
  endloop
endfacet
facet normal 0.2366585541266366 -0.9715928822087417 0
  outer loop
    vertex 16.118001574824632 14.321502581804822 4.999999999999998
    vertex 16.351874916191907 14.378468959214793 10
    vertex 16.118001574824632 14.321502581804822 10
  endloop
endfacet
facet normal -0.002370948856485 -0.9999971892968099 0
  outer loop
    vertex 16.118001574824632 14.321502581804822 4.999999999999998
    vertex 16.118001574824632 14.321502581804822 10
    vertex 15.877290997070027 14.322073295878 4.999999999999998
  endloop
endfacet
facet normal 0.4619756089491833 -0.8868926297675674 3.282534130371908e-16
  outer loop
    vertex 16.35187491619191 14.378468959214793 4.999999999999998
    vertex 16.565359953552637 14.48967168751135 10
    vertex 16.351874916191907 14.378468959214793 10
  endloop
endfacet
facet normal 0.23665855412663317 -0.9715928822087424 1.6815601649016763e-16
  outer loop
    vertex 16.35187491619191 14.378468959214793 4.999999999999998
    vertex 16.351874916191907 14.378468959214793 10
    vertex 16.118001574824632 14.321502581804822 4.999999999999998
  endloop
endfacet
facet normal 0.6605249155593972 -0.7508041262041993 0
  outer loop
    vertex 16.565359953552637 14.48967168751135 4.999999999999998
    vertex 16.746086956521754 14.648667468446913 10
    vertex 16.565359953552637 14.48967168751135 10
  endloop
endfacet
facet normal 0.4619756089491894 -0.8868926297675643 0
  outer loop
    vertex 16.565359953552637 14.48967168751135 4.999999999999998
    vertex 16.565359953552637 14.48967168751135 10
    vertex 16.35187491619191 14.378468959214793 4.999999999999998
  endloop
endfacet
facet normal 0.6605249155593971 -0.7508041262041992 0
  outer loop
    vertex 16.746086956521754 14.648667468446913 5
    vertex 16.746086956521754 14.648667468446913 10
    vertex 16.565359953552637 14.48967168751135 4.999999999999998
  endloop
endfacet
facet normal 0.9961946980917454 -0.08715574274765789 0
  outer loop
    vertex 25.878462024097665 -53.38918542133544 10
    vertex 25.878462024097665 -53.38918542133544 0
    vertex 26 -52 0
  endloop
endfacet
facet normal 0.9961946980917454 -0.08715574274765789 0
  outer loop
    vertex 25.878462024097665 -53.38918542133544 10
    vertex 26 -52 0
    vertex 26 -52 10
  endloop
endfacet
facet normal 0.9659258262890682 -0.25881904510252096 0
  outer loop
    vertex 25.517540966287267 -54.73616114660535 10
    vertex 25.517540966287267 -54.73616114660535 0
    vertex 25.878462024097665 -53.38918542133544 0
  endloop
endfacet
facet normal 0.9659258262890682 -0.25881904510252096 0
  outer loop
    vertex 25.517540966287267 -54.73616114660535 10
    vertex 25.878462024097665 -53.38918542133544 0
    vertex 25.878462024097665 -53.38918542133544 10
  endloop
endfacet
facet normal 0.9063077870366505 -0.422618261740698 0
  outer loop
    vertex 24.928203230275514 -55.99999999999999 10
    vertex 24.928203230275514 -55.99999999999999 0
    vertex 25.517540966287267 -54.73616114660535 0
  endloop
endfacet
facet normal 0.9063077870366505 -0.422618261740698 0
  outer loop
    vertex 24.928203230275514 -55.99999999999999 10
    vertex 25.517540966287267 -54.73616114660535 0
    vertex 25.517540966287267 -54.73616114660535 10
  endloop
endfacet
facet normal 0.8191520442889929 -0.5735764363510446 0
  outer loop
    vertex 24.12835554495183 -57.14230087749231 10
    vertex 24.12835554495183 -57.14230087749231 0
    vertex 24.928203230275514 -55.99999999999999 0
  endloop
endfacet
facet normal 0.8191520442889929 -0.5735764363510446 0
  outer loop
    vertex 24.12835554495183 -57.14230087749231 10
    vertex 24.928203230275514 -55.99999999999999 0
    vertex 24.928203230275514 -55.99999999999999 10
  endloop
endfacet
facet normal 0.7071067811865462 -0.7071067811865488 0
  outer loop
    vertex 23.14230087749232 -58.128355544951816 10
    vertex 23.14230087749232 -58.128355544951816 0
    vertex 24.12835554495183 -57.14230087749231 0
  endloop
endfacet
facet normal 0.7071067811865462 -0.7071067811865488 0
  outer loop
    vertex 23.14230087749232 -58.128355544951816 10
    vertex 24.12835554495183 -57.14230087749231 0
    vertex 24.12835554495183 -57.14230087749231 10
  endloop
endfacet
facet normal 0.5735764363510469 -0.8191520442889911 0
  outer loop
    vertex 22.00000000000001 -58.9282032302755 10
    vertex 22.00000000000001 -58.9282032302755 0
    vertex 23.14230087749232 -58.128355544951816 0
  endloop
endfacet
facet normal 0.5735764363510469 -0.8191520442889911 0
  outer loop
    vertex 22.00000000000001 -58.9282032302755 10
    vertex 23.14230087749232 -58.128355544951816 0
    vertex 23.14230087749232 -58.128355544951816 10
  endloop
endfacet
facet normal 0.4226182617407034 -0.9063077870366482 0
  outer loop
    vertex 20.73616114660536 -59.517540966287264 10
    vertex 20.73616114660536 -59.517540966287264 0
    vertex 22.00000000000001 -58.9282032302755 0
  endloop
endfacet
facet normal 0.4226182617407034 -0.9063077870366482 0
  outer loop
    vertex 20.73616114660536 -59.517540966287264 10
    vertex 22.00000000000001 -58.9282032302755 0
    vertex 22.00000000000001 -58.9282032302755 10
  endloop
endfacet
facet normal 0.25881904510252396 -0.9659258262890673 0
  outer loop
    vertex 19.38918542133546 -59.878462024097665 10
    vertex 19.38918542133546 -59.878462024097665 0
    vertex 20.73616114660536 -59.517540966287264 0
  endloop
endfacet
facet normal 0.08715574274765679 -0.9961946980917457 0
  outer loop
    vertex 19.38918542133546 -59.878462024097665 10
    vertex 18 -60 0
    vertex 19.38918542133546 -59.878462024097665 0
  endloop
endfacet
facet normal 0.25881904510252396 -0.9659258262890673 0
  outer loop
    vertex 19.38918542133546 -59.878462024097665 10
    vertex 20.73616114660536 -59.517540966287264 0
    vertex 20.73616114660536 -59.517540966287264 10
  endloop
endfacet
facet normal 0.08715574274765679 -0.9961946980917457 0
  outer loop
    vertex 18 -60 10
    vertex 18 -60 0
    vertex 19.38918542133546 -59.878462024097665 10
  endloop
endfacet
facet normal 0.7075678257613117 0.7066454358073856 0
  outer loop
    vertex 16.746086956521737 -14.64866746844689 10
    vertex 18.489933765607184 -16.394790534756087 5
    vertex 16.746086956521737 -14.64866746844689 5
  endloop
endfacet
facet normal 0.7075678257613117 0.7066454358073856 0
  outer loop
    vertex 18.489933765607184 -16.394790534756087 10
    vertex 18.489933765607184 -16.394790534756087 5
    vertex 16.746086956521737 -14.64866746844689 10
  endloop
endfacet
facet normal 0.6239753316067119 0.7814440386529888 0
  outer loop
    vertex 20.418367212186894 -17.934625557856684 10
    vertex 20.418367212186894 -17.934625557856684 5
    vertex 18.489933765607184 -16.394790534756087 5
  endloop
endfacet
facet normal 0.6239753316067119 0.7814440386529888 0
  outer loop
    vertex 20.418367212186894 -17.934625557856684 10
    vertex 18.489933765607184 -16.394790534756087 5
    vertex 18.489933765607184 -16.394790534756087 10
  endloop
endfacet
facet normal 0.5325316453374713 0.8464100936981822 0
  outer loop
    vertex 22.507122712867172 -19.24879750803383 10
    vertex 20.418367212186894 -17.934625557856684 5
    vertex 20.418367212186894 -17.934625557856684 10
  endloop
endfacet
facet normal 0.5325316453374713 0.8464100936981822 0
  outer loop
    vertex 22.507122712867172 -19.24879750803383 10
    vertex 22.507122712867172 -19.24879750803383 5
    vertex 20.418367212186894 -17.934625557856684 5
  endloop
endfacet
facet normal 0.4343873604341509 0.9007261632122444 0
  outer loop
    vertex 24.7299184262263 -20.32077076932667 10
    vertex 22.507122712867172 -19.24879750803383 5
    vertex 22.507122712867172 -19.24879750803383 10
  endloop
endfacet
facet normal 0.4343873604341509 0.9007261632122444 0
  outer loop
    vertex 24.7299184262263 -20.32077076932667 10
    vertex 24.7299184262263 -20.32077076932667 5
    vertex 22.507122712867172 -19.24879750803383 5
  endloop
endfacet
facet normal 0.3307773809012681 0.9437088132915246 0
  outer loop
    vertex 27.05878594503217 -21.137057199512498 10
    vertex 24.7299184262263 -20.32077076932667 5
    vertex 24.7299184262263 -20.32077076932667 10
  endloop
endfacet
facet normal 0.3307773809012681 0.9437088132915246 0
  outer loop
    vertex 27.05878594503217 -21.137057199512498 10
    vertex 27.05878594503217 -21.137057199512498 5
    vertex 24.7299184262263 -20.32077076932667 5
  endloop
endfacet
facet normal 0.22300538304316772 0.9748172131911552 0
  outer loop
    vertex 27.05878594503217 -21.137057199512498 10
    vertex 29.46442220973497 -21.68738584514279 5
    vertex 27.05878594503217 -21.137057199512498 5
  endloop
endfacet
facet normal 0.22300538304316772 0.9748172131911552 0
  outer loop
    vertex 29.46442220973497 -21.68738584514279 10
    vertex 29.46442220973497 -21.68738584514279 5
    vertex 27.05878594503217 -21.137057199512498 10
  endloop
endfacet
facet normal 0.1124274119098738 0.9936599403474247 0
  outer loop
    vertex 29.46442220973497 -21.68738584514279 10
    vertex 31.916558215270864 -21.964832176185404 5
    vertex 29.46442220973497 -21.68738584514279 5
  endloop
endfacet
facet normal 0.1124274119098738 0.9936599403474247 0
  outer loop
    vertex 31.916558215270864 -21.964832176185404 10
    vertex 31.916558215270864 -21.964832176185404 5
    vertex 29.46442220973497 -21.68738584514279 10
  endloop
endfacet
facet normal 0.0004348188113430258 0.9999999054662962 0
  outer loop
    vertex 34.38433987190988 -21.965905214173436 10
    vertex 31.916558215270864 -21.964832176185404 5
    vertex 31.916558215270864 -21.964832176185404 10
  endloop
endfacet
facet normal 0.0004348188113430258 0.9999999054662962 0
  outer loop
    vertex 34.38433987190988 -21.965905214173436 10
    vertex 34.38433987190988 -21.965905214173436 5
    vertex 31.916558215270864 -21.964832176185404 5
  endloop
endfacet
facet normal -0.1115632454105647 0.9937573357079997 0
  outer loop
    vertex 34.38433987190988 -21.965905214173436 10
    vertex 36.836716227952756 -21.6905914575677 5
    vertex 34.38433987190988 -21.965905214173436 5
  endloop
endfacet
facet normal -0.1115632454105647 0.9937573357079997 0
  outer loop
    vertex 36.836716227952756 -21.6905914575677 10
    vertex 36.836716227952756 -21.6905914575677 5
    vertex 34.38433987190988 -21.965905214173436 10
  endloop
endfacet
facet normal -0.22215756107338058 0.9750107784316681 0
  outer loop
    vertex 36.836716227952756 -21.6905914575677 10
    vertex 39.24283016945062 -21.14235505164033 5
    vertex 36.836716227952756 -21.6905914575677 5
  endloop
endfacet
facet normal -0.22215756107338058 0.9750107784316681 0
  outer loop
    vertex 39.24283016945062 -21.14235505164033 10
    vertex 39.24283016945062 -21.14235505164033 5
    vertex 36.836716227952756 -21.6905914575677 10
  endloop
endfacet
facet normal -0.3299565712115162 0.9439961128703547 0
  outer loop
    vertex 41.57240668095411 -20.32809420074195 10
    vertex 39.24283016945062 -21.14235505164033 5
    vertex 39.24283016945062 -21.14235505164033 10
  endloop
endfacet
facet normal -0.3299565712115162 0.9439961128703547 0
  outer loop
    vertex 41.57240668095411 -20.32809420074195 10
    vertex 41.57240668095411 -20.32809420074195 5
    vertex 39.24283016945062 -21.14235505164033 5
  endloop
endfacet
facet normal -0.4336038908919547 0.9011035821720818 0
  outer loop
    vertex 41.57240668095411 -20.32809420074195 10
    vertex 43.79613378198724 -19.258054371396653 5
    vertex 41.57240668095411 -20.32809420074195 5
  endloop
endfacet
facet normal -0.4336038908919547 0.9011035821720818 0
  outer loop
    vertex 43.79613378198724 -19.258054371396653 10
    vertex 43.79613378198724 -19.258054371396653 5
    vertex 41.57240668095411 -20.32809420074195 10
  endloop
endfacet
facet normal -0.5317953739766101 0.8468728831513483 0
  outer loop
    vertex 45.88603134609889 -17.94569937834991 10
    vertex 43.79613378198724 -19.258054371396653 5
    vertex 43.79613378198724 -19.258054371396653 10
  endloop
endfacet
facet normal -0.5317953739766101 0.8468728831513483 0
  outer loop
    vertex 45.88603134609889 -17.94569937834991 10
    vertex 45.88603134609889 -17.94569937834991 5
    vertex 43.79613378198724 -19.258054371396653 5
  endloop
endfacet
facet normal -0.6232955225881319 0.7819863755345021 0
  outer loop
    vertex 45.88603134609889 -17.94569937834991 10
    vertex 47.81580316181304 -16.407541975633976 5
    vertex 45.88603134609889 -17.94569937834991 5
  endloop
endfacet
facet normal -0.6232955225881319 0.7819863755345021 0
  outer loop
    vertex 47.81580316181304 -16.407541975633976 10
    vertex 47.81580316181304 -16.407541975633976 5
    vertex 45.88603134609889 -17.94569937834991 10
  endloop
endfacet
facet normal -0.706953032806513 0.7072604961438702 0
  outer loop
    vertex 49.56116780565807 -14.662936084244686 10
    vertex 47.81580316181304 -16.407541975633976 5
    vertex 47.81580316181304 -16.407541975633976 10
  endloop
endfacet
facet normal -0.706953032806513 0.7072604961438702 0
  outer loop
    vertex 49.56116780565807 -14.662936084244686 10
    vertex 49.56116780565807 -14.662936084244686 5
    vertex 47.81580316181304 -16.407541975633976 5
  endloop
endfacet
facet normal -0.7817152809921821 0.6236354860519995 0
  outer loop
    vertex 51.10016416405338 -12.733833270732529 10
    vertex 49.56116780565807 -14.662936084244686 5
    vertex 49.56116780565807 -14.662936084244686 10
  endloop
endfacet
facet normal -0.7817152809921821 0.6236354860519995 0
  outer loop
    vertex 51.10016416405338 -12.733833270732529 10
    vertex 51.10016416405338 -12.733833270732529 5
    vertex 49.56116780565807 -14.662936084244686 5
  endloop
endfacet
facet normal -0.8466415684609236 0.5321635599644408 0
  outer loop
    vertex 51.10016416405338 -12.733833270732529 10
    vertex 52.41342775981302 -10.64450654082478 5
    vertex 51.10016416405338 -12.733833270732529 5
  endloop
endfacet
facet normal -0.8466415684609236 0.5321635599644408 0
  outer loop
    vertex 52.41342775981302 -10.64450654082478 10
    vertex 52.41342775981302 -10.64450654082478 5
    vertex 51.10016416405338 -12.733833270732529 10
  endloop
endfacet
facet normal -0.9009149578589896 0.4339956666902734 0
  outer loop
    vertex 52.41342775981302 -10.64450654082478 10
    vertex 53.48443440637832 -8.4212449234555 5
    vertex 52.41342775981302 -10.64450654082478 5
  endloop
endfacet
facet normal -0.9009149578589896 0.4339956666902734 0
  outer loop
    vertex 53.48443440637832 -8.4212449234555 10
    vertex 53.48443440637832 -8.4212449234555 5
    vertex 52.41342775981302 -10.64450654082478 10
  endloop
endfacet
facet normal -0.9438525523068152 0.3303670072872147 0
  outer loop
    vertex 54.29970812399128 -6.09202268811082 10
    vertex 54.29970812399128 -6.09202268811082 5
    vertex 53.48443440637832 -8.4212449234555 5
  endloop
endfacet
facet normal -0.9749140879736501 0.22258149309973255 0
  outer loop
    vertex 54.29970812399128 -6.09202268811082 10
    vertex 54.84899070169584 -3.686147357574187 5
    vertex 54.29970812399128 -6.09202268811082 5
  endloop
endfacet
facet normal -0.9438525523068152 0.3303670072872147 0
  outer loop
    vertex 54.29970812399128 -6.09202268811082 10
    vertex 53.48443440637832 -8.4212449234555 5
    vertex 53.48443440637832 -8.4212449234555 10
  endloop
endfacet
facet normal -0.9749140879736501 0.22258149309973255 0
  outer loop
    vertex 54.84899070169584 -3.686147357574187 10
    vertex 54.84899070169584 -3.686147357574187 5
    vertex 54.29970812399128 -6.09202268811082 10
  endloop
endfacet
facet normal -0.9937087319666782 0.11199533924756215 0
  outer loop
    vertex 55.12537077164727 -1.2338909449639208 10
    vertex 55.12537077164727 -1.2338909449639208 5
    vertex 54.84899070169584 -3.686147357574187 5
  endloop
endfacet
facet normal -0.9937087319666782 0.11199533924756215 0
  outer loop
    vertex 55.12537077164727 -1.2338909449639208 10
    vertex 54.84899070169584 -3.686147357574187 5
    vertex 54.84899070169584 -3.686147357574187 10
  endloop
endfacet
facet normal -0.9999999999999999 5.7585537738179335e-15 0
  outer loop
    vertex 55.12537077164728 1.2338909449636564 10
    vertex 55.12537077164728 1.2338909449636564 5
    vertex 55.12537077164727 -1.2338909449639208 5
  endloop
endfacet
facet normal -0.9937087319666796 -0.11199533924755063 0
  outer loop
    vertex 55.12537077164728 1.2338909449636564 10
    vertex 54.84899070169588 3.686147357573926 5
    vertex 55.12537077164728 1.2338909449636564 5
  endloop
endfacet
facet normal -0.9999999999999999 5.7585537738179335e-15 0
  outer loop
    vertex 55.12537077164728 1.2338909449636564 10
    vertex 55.12537077164727 -1.2338909449639208 5
    vertex 55.12537077164727 -1.2338909449639208 10
  endloop
endfacet
facet normal -0.9937087319666796 -0.11199533924755063 0
  outer loop
    vertex 54.84899070169588 3.686147357573926 10
    vertex 54.84899070169588 3.686147357573926 5
    vertex 55.12537077164728 1.2338909449636564 10
  endloop
endfacet
facet normal -0.9749140879736526 -0.22258149309972095 0
  outer loop
    vertex 54.29970812399135 6.092022688110566 10
    vertex 54.29970812399135 6.092022688110566 5
    vertex 54.84899070169588 3.686147357573926 5
  endloop
endfacet
facet normal -0.9438525523068194 -0.33036700728720314 0
  outer loop
    vertex 54.29970812399135 6.092022688110566 10
    vertex 53.48443440637842 8.421244923455257 5
    vertex 54.29970812399135 6.092022688110566 5
  endloop
endfacet
facet normal -0.9749140879736526 -0.22258149309972095 0
  outer loop
    vertex 54.29970812399135 6.092022688110566 10
    vertex 54.84899070169588 3.686147357573926 5
    vertex 54.84899070169588 3.686147357573926 10
  endloop
endfacet
facet normal -0.9438525523068194 -0.33036700728720314 0
  outer loop
    vertex 53.48443440637842 8.421244923455257 10
    vertex 53.48443440637842 8.421244923455257 5
    vertex 54.29970812399135 6.092022688110566 10
  endloop
endfacet
facet normal -0.9009149578589938 -0.4339956666902647 0
  outer loop
    vertex 52.41342775981314 10.644506540824548 10
    vertex 52.41342775981314 10.644506540824548 5
    vertex 53.48443440637842 8.421244923455257 5
  endloop
endfacet
facet normal -0.9009149578589938 -0.4339956666902647 0
  outer loop
    vertex 52.41342775981314 10.644506540824548 10
    vertex 53.48443440637842 8.421244923455257 5
    vertex 53.48443440637842 8.421244923455257 10
  endloop
endfacet
facet normal -0.8466415684609322 -0.5321635599644272 0
  outer loop
    vertex 51.10016416405354 12.733833270732314 10
    vertex 51.10016416405354 12.733833270732314 5
    vertex 52.41342775981314 10.644506540824548 5
  endloop
endfacet
facet normal -0.7817152809921903 -0.6236354860519893 0
  outer loop
    vertex 51.10016416405354 12.733833270732314 10
    vertex 49.56116780565826 14.662936084244487 5
    vertex 51.10016416405354 12.733833270732314 5
  endloop
endfacet
facet normal -0.8466415684609322 -0.5321635599644272 0
  outer loop
    vertex 51.10016416405354 12.733833270732314 10
    vertex 52.41342775981314 10.644506540824548 5
    vertex 52.41342775981314 10.644506540824548 10
  endloop
endfacet
facet normal -0.7817152809921903 -0.6236354860519893 0
  outer loop
    vertex 49.56116780565826 14.662936084244487 10
    vertex 49.56116780565826 14.662936084244487 5
    vertex 51.10016416405354 12.733833270732314 10
  endloop
endfacet
facet normal -0.7069530328065194 -0.7072604961438638 0
  outer loop
    vertex 47.815803161813236 16.407541975633794 10
    vertex 49.56116780565826 14.662936084244487 5
    vertex 49.56116780565826 14.662936084244487 10
  endloop
endfacet
facet normal -0.7069530328065194 -0.7072604961438638 0
  outer loop
    vertex 47.815803161813236 16.407541975633794 10
    vertex 47.815803161813236 16.407541975633794 5
    vertex 49.56116780565826 14.662936084244487 5
  endloop
endfacet
facet normal -0.6232955225881418 -0.7819863755344943 0
  outer loop
    vertex 45.8860313460991 17.945699378349758 10
    vertex 47.815803161813236 16.407541975633794 5
    vertex 47.815803161813236 16.407541975633794 10
  endloop
endfacet
facet normal -0.6232955225881418 -0.7819863755344943 0
  outer loop
    vertex 45.8860313460991 17.945699378349758 10
    vertex 45.8860313460991 17.945699378349758 5
    vertex 47.815803161813236 16.407541975633794 5
  endloop
endfacet
facet normal -0.5317953739766212 -0.8468728831513413 0
  outer loop
    vertex 43.79613378198747 19.258054371396526 10
    vertex 45.8860313460991 17.945699378349758 5
    vertex 45.8860313460991 17.945699378349758 10
  endloop
endfacet
facet normal -0.5317953739766212 -0.8468728831513413 0
  outer loop
    vertex 43.79613378198747 19.258054371396526 10
    vertex 43.79613378198747 19.258054371396526 5
    vertex 45.8860313460991 17.945699378349758 5
  endloop
endfacet
facet normal -0.4336038908919664 -0.9011035821720763 0
  outer loop
    vertex 41.57240668095436 20.32809420074185 10
    vertex 43.79613378198747 19.258054371396526 5
    vertex 43.79613378198747 19.258054371396526 10
  endloop
endfacet
facet normal -0.4336038908919664 -0.9011035821720763 0
  outer loop
    vertex 41.57240668095436 20.32809420074185 10
    vertex 41.57240668095436 20.32809420074185 5
    vertex 43.79613378198747 19.258054371396526 5
  endloop
endfacet
facet normal -0.3299565712115261 -0.9439961128703513 0
  outer loop
    vertex 39.242830169450876 21.142355051640255 10
    vertex 41.57240668095436 20.32809420074185 5
    vertex 41.57240668095436 20.32809420074185 10
  endloop
endfacet
facet normal -0.3299565712115261 -0.9439961128703513 0
  outer loop
    vertex 39.242830169450876 21.142355051640255 10
    vertex 39.242830169450876 21.142355051640255 5
    vertex 41.57240668095436 20.32809420074185 5
  endloop
endfacet
facet normal -0.22215756107339213 -0.9750107784316653 0
  outer loop
    vertex 39.242830169450876 21.142355051640255 10
    vertex 36.83671622795302 21.690591457567653 5
    vertex 39.242830169450876 21.142355051640255 5
  endloop
endfacet
facet normal -0.22215756107339213 -0.9750107784316653 0
  outer loop
    vertex 36.83671622795302 21.690591457567653 10
    vertex 36.83671622795302 21.690591457567653 5
    vertex 39.242830169450876 21.142355051640255 10
  endloop
endfacet
facet normal -0.11156324541057605 -0.9937573357079983 0
  outer loop
    vertex 34.38433987191014 21.965905214173418 10
    vertex 36.83671622795302 21.690591457567653 5
    vertex 36.83671622795302 21.690591457567653 10
  endloop
endfacet
facet normal -0.11156324541057605 -0.9937573357079983 0
  outer loop
    vertex 34.38433987191014 21.965905214173418 10
    vertex 34.38433987191014 21.965905214173418 5
    vertex 36.83671622795302 21.690591457567653 5
  endloop
endfacet
facet normal 0.00043481881133006906 -0.9999999054662962 0
  outer loop
    vertex 31.916558215271127 21.964832176185418 10
    vertex 34.38433987191014 21.965905214173418 5
    vertex 34.38433987191014 21.965905214173418 10
  endloop
endfacet
facet normal 0.00043481881133006906 -0.9999999054662962 0
  outer loop
    vertex 31.916558215271127 21.964832176185418 10
    vertex 31.916558215271127 21.964832176185418 5
    vertex 34.38433987191014 21.965905214173418 5
  endloop
endfacet
facet normal 0.112427411909861 -0.9936599403474261 0
  outer loop
    vertex 29.464422209735233 21.687385845142835 10
    vertex 31.916558215271127 21.964832176185418 5
    vertex 31.916558215271127 21.964832176185418 10
  endloop
endfacet
facet normal 0.112427411909861 -0.9936599403474261 0
  outer loop
    vertex 29.464422209735233 21.687385845142835 10
    vertex 29.464422209735233 21.687385845142835 5
    vertex 31.916558215271127 21.964832176185418 5
  endloop
endfacet
facet normal 0.223005383043157 -0.9748172131911577 0
  outer loop
    vertex 27.058785945032405 21.137057199512565 10
    vertex 29.464422209735233 21.687385845142835 5
    vertex 29.464422209735233 21.687385845142835 10
  endloop
endfacet
facet normal 0.223005383043157 -0.9748172131911577 0
  outer loop
    vertex 27.058785945032405 21.137057199512565 10
    vertex 27.058785945032405 21.137057199512565 5
    vertex 29.464422209735233 21.687385845142835 5
  endloop
endfacet
facet normal 0.330777380901259 -0.9437088132915277 0
  outer loop
    vertex 24.72991842622651 20.320770769326757 10
    vertex 27.058785945032405 21.137057199512565 5
    vertex 27.058785945032405 21.137057199512565 10
  endloop
endfacet
facet normal 0.330777380901259 -0.9437088132915277 0
  outer loop
    vertex 24.72991842622651 20.320770769326757 10
    vertex 24.72991842622651 20.320770769326757 5
    vertex 27.058785945032405 21.137057199512565 5
  endloop
endfacet
facet normal 0.43438736043413945 -0.9007261632122501 0
  outer loop
    vertex 22.50712271286735 19.248797508033935 10
    vertex 24.72991842622651 20.320770769326757 5
    vertex 24.72991842622651 20.320770769326757 10
  endloop
endfacet
facet normal 0.43438736043413945 -0.9007261632122501 0
  outer loop
    vertex 22.50712271286735 19.248797508033935 10
    vertex 22.50712271286735 19.248797508033935 5
    vertex 24.72991842622651 20.320770769326757 5
  endloop
endfacet
facet normal 0.5325316453374664 -0.8464100936981855 0
  outer loop
    vertex 20.41836721218705 17.93462555785679 10
    vertex 22.50712271286735 19.248797508033935 5
    vertex 22.50712271286735 19.248797508033935 10
  endloop
endfacet
facet normal 0.5325316453374664 -0.8464100936981855 0
  outer loop
    vertex 20.41836721218705 17.93462555785679 10
    vertex 20.41836721218705 17.93462555785679 5
    vertex 22.50712271286735 19.248797508033935 5
  endloop
endfacet
facet normal 0.6239753316067039 -0.781444038652995 0
  outer loop
    vertex 18.489933765607304 16.394790534756197 10
    vertex 20.41836721218705 17.93462555785679 5
    vertex 20.41836721218705 17.93462555785679 10
  endloop
endfacet
facet normal 0.6239753316067039 -0.781444038652995 0
  outer loop
    vertex 18.489933765607304 16.394790534756197 10
    vertex 18.489933765607304 16.394790534756197 5
    vertex 20.41836721218705 17.93462555785679 5
  endloop
endfacet
facet normal 0.7075678257613085 -0.7066454358073889 0
  outer loop
    vertex 16.746086956521754 14.648667468446913 10
    vertex 18.489933765607304 16.394790534756197 5
    vertex 18.489933765607304 16.394790534756197 10
  endloop
endfacet
facet normal 0.7075678257613085 -0.7066454358073889 0
  outer loop
    vertex 16.746086956521754 14.648667468446913 10
    vertex 16.746086956521754 14.648667468446913 5
    vertex 18.489933765607304 16.394790534756197 5
  endloop
endfacet
facet normal 0 -1 0
  outer loop
    vertex 15 -60 5
    vertex 18 -60 10
    vertex 15 -60 10
  endloop
endfacet
facet normal 0 -1 0
  outer loop
    vertex 18 -60 0
    vertex 18 -60 10
    vertex 15 -60 5
  endloop
endfacet
facet normal 0 -1 0
  outer loop
    vertex -15 -60 5
    vertex -15 -60 10
    vertex -18 -60 10
  endloop
endfacet
facet normal 0 -1 0
  outer loop
    vertex -18 -60 0
    vertex 15 -60 5
    vertex -15 -60 5
  endloop
endfacet
facet normal 0 -1 0
  outer loop
    vertex -18 -60 0
    vertex 18 -60 0
    vertex 15 -60 5
  endloop
endfacet
facet normal 0 -1 0
  outer loop
    vertex -18 -60 0
    vertex -15 -60 5
    vertex -18 -60 10
  endloop
endfacet
facet normal 0.6605249155593701 0.7508041262042231 0
  outer loop
    vertex 16.565359953552612 -14.489671687511333 4.999999999999998
    vertex 16.565359953552612 -14.489671687511333 10
    vertex 16.746086956521737 -14.64866746844689 10
  endloop
endfacet
facet normal 0.6605249155593701 0.7508041262042232 0
  outer loop
    vertex 16.565359953552612 -14.489671687511333 4.999999999999998
    vertex 16.746086956521737 -14.64866746844689 10
    vertex 16.746086956521737 -14.64866746844689 5
  endloop
endfacet
facet normal 0.46197560894916007 0.8868926297675795 0
  outer loop
    vertex 16.351874916191882 -14.378468959214782 4.999999999999998
    vertex 16.351874916191882 -14.378468959214782 10
    vertex 16.565359953552612 -14.489671687511333 10
  endloop
endfacet
facet normal 0.46197560894916007 0.8868926297675795 0
  outer loop
    vertex 16.351874916191882 -14.378468959214782 4.999999999999998
    vertex 16.565359953552612 -14.489671687511333 10
    vertex 16.565359953552612 -14.489671687511333 4.999999999999998
  endloop
endfacet
facet normal 0.23665855412660877 0.9715928822087486 0
  outer loop
    vertex 16.118001574824607 -14.321502581804818 4.999999999999998
    vertex 16.118001574824607 -14.321502581804818 10
    vertex 16.351874916191882 -14.378468959214782 10
  endloop
endfacet
facet normal 0.23665855412660877 0.9715928822087486 0
  outer loop
    vertex 16.118001574824607 -14.321502581804818 4.999999999999998
    vertex 16.351874916191882 -14.378468959214782 10
    vertex 16.351874916191882 -14.378468959214782 4.999999999999998
  endloop
endfacet
facet normal -0.002370948856514536 0.9999971892968099 0
  outer loop
    vertex 15.877290997070004 -14.322073295878004 4.999999999999998
    vertex 15.877290997070004 -14.322073295878004 10
    vertex 16.118001574824607 -14.321502581804818 10
  endloop
endfacet
facet normal -0.002370948856514536 0.9999971892968099 0
  outer loop
    vertex 15.877290997070004 -14.322073295878004 4.999999999999998
    vertex 16.118001574824607 -14.321502581804818 10
    vertex 16.118001574824607 -14.321502581804818 4.999999999999998
  endloop
endfacet
facet normal -0.2412630745392062 0.9704597512848688 0
  outer loop
    vertex 15.643690413068729 -14.380148033172038 4.999999999999998
    vertex 15.643690413068729 -14.380148033172038 10
    vertex 15.877290997070004 -14.322073295878004 10
  endloop
endfacet
facet normal -0.2412630745392062 0.9704597512848688 0
  outer loop
    vertex 15.643690413068729 -14.380148033172038 4.999999999999998
    vertex 15.877290997070004 -14.322073295878004 10
    vertex 15.877290997070004 -14.322073295878004 4.999999999999998
  endloop
endfacet
facet normal -0.46617595736341594 0.8846920236875104 0
  outer loop
    vertex 15.430735086357801 -14.492361832603976 4.999999999999998
    vertex 15.430735086357801 -14.492361832603976 10
    vertex 15.643690413068729 -14.380148033172038 10
  endloop
endfacet
facet normal -0.46617595736341594 0.8846920236875104 0
  outer loop
    vertex 15.430735086357801 -14.492361832603976 4.999999999999998
    vertex 15.643690413068729 -14.380148033172038 10
    vertex 15.643690413068729 -14.380148033172038 4.999999999999998
  endloop
endfacet
facet normal -0.6640777157740599 0.7476635522829148 0
  outer loop
    vertex 15.25076405487657 -14.652212812535566 4.999999999999998
    vertex 15.25076405487657 -14.652212812535566 10
    vertex 15.430735086357801 -14.492361832603976 10
  endloop
endfacet
facet normal -0.6640777157740599 0.7476635522829148 0
  outer loop
    vertex 15.25076405487657 -14.652212812535566 4.999999999999998
    vertex 15.430735086357801 -14.492361832603976 10
    vertex 15.430735086357801 -14.492361832603976 4.999999999999998
  endloop
endfacet
facet normal -0.8235015443006998 0.5673140281487518 0
  outer loop
    vertex 15.114205183566137 -14.850438902200699 4.999999999999998
    vertex 15.114205183566137 -14.850438902200699 10
    vertex 15.25076405487657 -14.652212812535566 10
  endloop
endfacet
facet normal -0.8235015443006998 0.5673140281487518 0
  outer loop
    vertex 15.114205183566137 -14.850438902200699 4.999999999999998
    vertex 15.25076405487657 -14.652212812535566 10
    vertex 15.25076405487657 -14.652212812535566 4.999999999999998
  endloop
endfacet
facet normal -0.9352101221445992 0.35409324681259297 0
  outer loop
    vertex 15.028970953978753 -15.075554503757218 4.999999999999998
    vertex 15.028970953978753 -15.075554503757218 10
    vertex 15.114205183566137 -14.850438902200699 10
  endloop
endfacet
facet normal -0.9352101221445992 0.35409324681259297 0
  outer loop
    vertex 15.028970953978753 -15.075554503757218 4.999999999999998
    vertex 15.114205183566137 -14.850438902200699 10
    vertex 15.114205183566137 -14.850438902200699 4.999999999999998
  endloop
endfacet
facet normal -0.992730841170266 0.12035562716124253 0
  outer loop
    vertex 15 -15.314515989739936 5
    vertex 15 -15.314515989739936 10
    vertex 15.028970953978753 -15.075554503757218 10
  endloop
endfacet
facet normal -0.992730841170266 0.12035562716124253 0
  outer loop
    vertex 15 -15.314515989739936 5
    vertex 15.028970953978753 -15.075554503757218 10
    vertex 15.028970953978753 -15.075554503757218 4.999999999999998
  endloop
endfacet
facet normal -1 0 0
  outer loop
    vertex 15 -60 10
    vertex 15 -15.314515989739936 10
    vertex 15 -15.314515989739936 5
  endloop
endfacet
facet normal -1 0 0
  outer loop
    vertex 15 -60 10
    vertex 15 -15.314515989739936 5
    vertex 15 -60 5
  endloop
endfacet
facet normal -0.992708874098054 -0.12053668025532377 0
  outer loop
    vertex 23.218637088792946 -49.329916139994836 10
    vertex 23.3 -50 0
    vertex 23.3 -50 10
  endloop
endfacet
facet normal -0.992708874098054 -0.12053668025532377 0
  outer loop
    vertex 23.218637088792946 -49.329916139994836 10
    vertex 23.218637088792946 -49.329916139994836 0
    vertex 23.3 -50 0
  endloop
endfacet
facet normal -0.9350162426854142 -0.35460488704253734 0
  outer loop
    vertex 22.979276871828986 -48.698775118277446 10
    vertex 22.979276871828986 -48.698775118277446 0
    vertex 23.218637088792946 -49.329916139994836 0
  endloop
endfacet
facet normal -0.9350162426854142 -0.35460488704253734 0
  outer loop
    vertex 22.979276871828986 -48.698775118277446 10
    vertex 23.218637088792946 -49.329916139994836 0
    vertex 23.218637088792946 -49.329916139994836 10
  endloop
endfacet
facet normal -0.822983865893658 -0.5680647467311534 0
  outer loop
    vertex 22.595830094879084 -48.14325655692577 10
    vertex 22.595830094879084 -48.14325655692577 0
    vertex 22.979276871828986 -48.698775118277446 0
  endloop
endfacet
facet normal -0.822983865893658 -0.5680647467311534 0
  outer loop
    vertex 22.595830094879084 -48.14325655692577 10
    vertex 22.979276871828986 -48.698775118277446 0
    vertex 22.979276871828986 -48.698775118277446 10
  endloop
endfacet
facet normal -0.6631226582407949 -0.7485107481711015 0
  outer loop
    vertex 22.090581290847236 -47.69564517549776 10
    vertex 22.090581290847236 -47.69564517549776 0
    vertex 22.595830094879084 -48.14325655692577 0
  endloop
endfacet
facet normal -0.4647231720437643 -0.8854560256532121 0
  outer loop
    vertex 22.090581290847236 -47.69564517549776 10
    vertex 21.4928936837191 -47.38195452048084 0
    vertex 22.090581290847236 -47.69564517549776 0
  endloop
endfacet
facet normal -0.6631226582407949 -0.7485107481711015 0
  outer loop
    vertex 22.090581290847236 -47.69564517549776 10
    vertex 22.595830094879084 -48.14325655692577 0
    vertex 22.595830094879084 -48.14325655692577 10
  endloop
endfacet
facet normal -0.4647231720437643 -0.8854560256532121 0
  outer loop
    vertex 21.4928936837191 -47.38195452048084 10
    vertex 21.4928936837191 -47.38195452048084 0
    vertex 22.090581290847236 -47.69564517549776 10
  endloop
endfacet
facet normal -0.23931566428756057 -0.9709418174260512 0
  outer loop
    vertex 20.837502704714904 -47.22041515252545 10
    vertex 20.837502704714904 -47.22041515252545 0
    vertex 21.4928936837191 -47.38195452048084 0
  endloop
endfacet
facet normal 0 -0.9999999999999999 0
  outer loop
    vertex 20.837502704714904 -47.22041515252545 10
    vertex 20.162497295285096 -47.22041515252545 0
    vertex 20.837502704714904 -47.22041515252545 0
  endloop
endfacet
facet normal -0.23931566428756057 -0.9709418174260512 0
  outer loop
    vertex 20.837502704714904 -47.22041515252545 10
    vertex 21.4928936837191 -47.38195452048084 0
    vertex 21.4928936837191 -47.38195452048084 10
  endloop
endfacet
facet normal 0 -0.9999999999999999 0
  outer loop
    vertex 20.162497295285096 -47.22041515252545 10
    vertex 20.162497295285096 -47.22041515252545 0
    vertex 20.837502704714904 -47.22041515252545 10
  endloop
endfacet
facet normal 0.23931566428756057 -0.9709418174260512 0
  outer loop
    vertex 19.5071063162809 -47.38195452048084 10
    vertex 19.5071063162809 -47.38195452048084 0
    vertex 20.162497295285096 -47.22041515252545 0
  endloop
endfacet
facet normal 0.23931566428756057 -0.9709418174260512 0
  outer loop
    vertex 19.5071063162809 -47.38195452048084 10
    vertex 20.162497295285096 -47.22041515252545 0
    vertex 20.162497295285096 -47.22041515252545 10
  endloop
endfacet
facet normal 0.4647231720437643 -0.8854560256532121 0
  outer loop
    vertex 18.909418709152764 -47.69564517549776 10
    vertex 18.909418709152764 -47.69564517549776 0
    vertex 19.5071063162809 -47.38195452048084 0
  endloop
endfacet
facet normal 0.6631226582407949 -0.7485107481711015 0
  outer loop
    vertex 18.909418709152764 -47.69564517549776 10
    vertex 18.404169905120916 -48.14325655692577 0
    vertex 18.909418709152764 -47.69564517549776 0
  endloop
endfacet
facet normal 0.4647231720437643 -0.8854560256532121 0
  outer loop
    vertex 18.909418709152764 -47.69564517549776 10
    vertex 19.5071063162809 -47.38195452048084 0
    vertex 19.5071063162809 -47.38195452048084 10
  endloop
endfacet
facet normal 0.6631226582407949 -0.7485107481711015 0
  outer loop
    vertex 18.404169905120916 -48.14325655692577 10
    vertex 18.404169905120916 -48.14325655692577 0
    vertex 18.909418709152764 -47.69564517549776 10
  endloop
endfacet
facet normal 0.822983865893658 -0.5680647467311534 0
  outer loop
    vertex 18.020723128171014 -48.698775118277446 10
    vertex 18.404169905120916 -48.14325655692577 0
    vertex 18.404169905120916 -48.14325655692577 10
  endloop
endfacet
facet normal 0.822983865893658 -0.5680647467311534 0
  outer loop
    vertex 18.020723128171014 -48.698775118277446 10
    vertex 18.020723128171014 -48.698775118277446 0
    vertex 18.404169905120916 -48.14325655692577 0
  endloop
endfacet
facet normal 0.9350162426854142 -0.35460488704253734 0
  outer loop
    vertex 17.781362911207054 -49.329916139994836 10
    vertex 18.020723128171014 -48.698775118277446 0
    vertex 18.020723128171014 -48.698775118277446 10
  endloop
endfacet
facet normal 0.9350162426854142 -0.35460488704253734 0
  outer loop
    vertex 17.781362911207054 -49.329916139994836 10
    vertex 17.781362911207054 -49.329916139994836 0
    vertex 18.020723128171014 -48.698775118277446 0
  endloop
endfacet
facet normal 0.992708874098054 -0.12053668025532377 0
  outer loop
    vertex 17.781362911207054 -49.329916139994836 10
    vertex 17.7 -50 0
    vertex 17.781362911207054 -49.329916139994836 0
  endloop
endfacet
facet normal 0.992708874098054 -0.12053668025532377 0
  outer loop
    vertex 17.7 -50 10
    vertex 17.7 -50 0
    vertex 17.781362911207054 -49.329916139994836 10
  endloop
endfacet
facet normal 0.9927088740980536 0.120536680255325 0
  outer loop
    vertex 17.781362911207054 -50.67008386000516 10
    vertex 17.7 -50 0
    vertex 17.7 -50 10
  endloop
endfacet
facet normal 0.9927088740980536 0.120536680255325 0
  outer loop
    vertex 17.781362911207054 -50.67008386000516 10
    vertex 17.781362911207054 -50.67008386000516 0
    vertex 17.7 -50 0
  endloop
endfacet
facet normal 0.9350162426854158 0.35460488704253273 0
  outer loop
    vertex 17.781362911207054 -50.67008386000516 10
    vertex 18.02072312817101 -51.30122488172255 0
    vertex 17.781362911207054 -50.67008386000516 0
  endloop
endfacet
facet normal 0.9350162426854158 0.35460488704253273 0
  outer loop
    vertex 18.02072312817101 -51.30122488172255 10
    vertex 18.02072312817101 -51.30122488172255 0
    vertex 17.781362911207054 -50.67008386000516 10
  endloop
endfacet
facet normal 0.822983865893658 0.5680647467311534 0
  outer loop
    vertex 18.404169905120913 -51.85674344307422 10
    vertex 18.02072312817101 -51.30122488172255 0
    vertex 18.02072312817101 -51.30122488172255 10
  endloop
endfacet
facet normal 0.822983865893658 0.5680647467311534 0
  outer loop
    vertex 18.404169905120913 -51.85674344307422 10
    vertex 18.404169905120913 -51.85674344307422 0
    vertex 18.02072312817101 -51.30122488172255 0
  endloop
endfacet
facet normal 0.6631226582407949 0.7485107481711015 0
  outer loop
    vertex 18.90941870915276 -52.304354824502234 10
    vertex 18.404169905120913 -51.85674344307422 0
    vertex 18.404169905120913 -51.85674344307422 10
  endloop
endfacet
facet normal 0.6631226582407949 0.7485107481711015 0
  outer loop
    vertex 18.90941870915276 -52.304354824502234 10
    vertex 18.90941870915276 -52.304354824502234 0
    vertex 18.404169905120913 -51.85674344307422 0
  endloop
endfacet
facet normal 0.4647231720437747 0.8854560256532067 0
  outer loop
    vertex 19.507106316280893 -52.61804547951916 10
    vertex 18.90941870915276 -52.304354824502234 0
    vertex 18.90941870915276 -52.304354824502234 10
  endloop
endfacet
facet normal 0.4647231720437747 0.8854560256532067 0
  outer loop
    vertex 19.507106316280893 -52.61804547951916 10
    vertex 19.507106316280893 -52.61804547951916 0
    vertex 18.90941870915276 -52.304354824502234 0
  endloop
endfacet
facet normal 0.23931566428756057 0.9709418174260512 0
  outer loop
    vertex 20.16249729528509 -52.77958484747455 10
    vertex 19.507106316280893 -52.61804547951916 0
    vertex 19.507106316280893 -52.61804547951916 10
  endloop
endfacet
facet normal 0.23931566428756057 0.9709418174260512 0
  outer loop
    vertex 20.16249729528509 -52.77958484747455 10
    vertex 20.16249729528509 -52.77958484747455 0
    vertex 19.507106316280893 -52.61804547951916 0
  endloop
endfacet
facet normal 0 0.9999999999999999 0
  outer loop
    vertex 20.837502704714897 -52.77958484747455 10
    vertex 20.16249729528509 -52.77958484747455 0
    vertex 20.16249729528509 -52.77958484747455 10
  endloop
endfacet
facet normal 0 0.9999999999999999 0
  outer loop
    vertex 20.837502704714897 -52.77958484747455 10
    vertex 20.837502704714897 -52.77958484747455 0
    vertex 20.16249729528509 -52.77958484747455 0
  endloop
endfacet
facet normal -0.23931566428755072 0.9709418174260539 0
  outer loop
    vertex 21.492893683719092 -52.61804547951917 10
    vertex 20.837502704714897 -52.77958484747455 0
    vertex 20.837502704714897 -52.77958484747455 10
  endloop
endfacet
facet normal -0.23931566428755072 0.9709418174260539 0
  outer loop
    vertex 21.492893683719092 -52.61804547951917 10
    vertex 21.492893683719092 -52.61804547951917 0
    vertex 20.837502704714897 -52.77958484747455 0
  endloop
endfacet
facet normal -0.4647231720437725 0.8854560256532078 0
  outer loop
    vertex 22.09058129084723 -52.30435482450224 10
    vertex 21.492893683719092 -52.61804547951917 0
    vertex 21.492893683719092 -52.61804547951917 10
  endloop
endfacet
facet normal -0.4647231720437725 0.8854560256532078 0
  outer loop
    vertex 22.09058129084723 -52.30435482450224 10
    vertex 22.09058129084723 -52.30435482450224 0
    vertex 21.492893683719092 -52.61804547951917 0
  endloop
endfacet
facet normal -0.6631226582407949 0.7485107481711015 0
  outer loop
    vertex 22.595830094879076 -51.85674344307423 10
    vertex 22.09058129084723 -52.30435482450224 0
    vertex 22.09058129084723 -52.30435482450224 10
  endloop
endfacet
facet normal -0.6631226582407949 0.7485107481711015 0
  outer loop
    vertex 22.595830094879076 -51.85674344307423 10
    vertex 22.595830094879076 -51.85674344307423 0
    vertex 22.09058129084723 -52.30435482450224 0
  endloop
endfacet
facet normal -0.8229838658936524 0.5680647467311619 0
  outer loop
    vertex 22.979276871828983 -51.30122488172256 10
    vertex 22.595830094879076 -51.85674344307423 0
    vertex 22.595830094879076 -51.85674344307423 10
  endloop
endfacet
facet normal -0.8229838658936524 0.5680647467311619 0
  outer loop
    vertex 22.979276871828983 -51.30122488172256 10
    vertex 22.979276871828983 -51.30122488172256 0
    vertex 22.595830094879076 -51.85674344307423 0
  endloop
endfacet
facet normal -0.9350162426854142 0.35460488704253734 0
  outer loop
    vertex 23.218637088792942 -50.67008386000517 10
    vertex 23.218637088792942 -50.67008386000517 0
    vertex 22.979276871828983 -51.30122488172256 0
  endloop
endfacet
facet normal -0.9927088740980535 0.1205366802553277 0
  outer loop
    vertex 23.218637088792942 -50.67008386000517 10
    vertex 23.3 -50 0
    vertex 23.218637088792942 -50.67008386000517 0
  endloop
endfacet
facet normal -0.9350162426854142 0.35460488704253734 0
  outer loop
    vertex 23.218637088792942 -50.67008386000517 10
    vertex 22.979276871828983 -51.30122488172256 0
    vertex 22.979276871828983 -51.30122488172256 10
  endloop
endfacet
facet normal -0.9927088740980535 0.1205366802553277 0
  outer loop
    vertex 23.3 -50 10
    vertex 23.3 -50 0
    vertex 23.218637088792942 -50.67008386000517 10
  endloop
endfacet
facet normal -0.992708874098054 -0.12053668025532377 0
  outer loop
    vertex 23.218637088792946 50.670083860005164 10
    vertex 23.3 50 0
    vertex 23.3 50 10
  endloop
endfacet
facet normal -0.992708874098054 -0.12053668025532377 0
  outer loop
    vertex 23.218637088792946 50.670083860005164 10
    vertex 23.218637088792946 50.670083860005164 0
    vertex 23.3 50 0
  endloop
endfacet
facet normal -0.9350162426854142 -0.35460488704253734 0
  outer loop
    vertex 22.979276871828986 51.301224881722554 10
    vertex 22.979276871828986 51.301224881722554 0
    vertex 23.218637088792946 50.670083860005164 0
  endloop
endfacet
facet normal -0.9350162426854142 -0.35460488704253734 0
  outer loop
    vertex 22.979276871828986 51.301224881722554 10
    vertex 23.218637088792946 50.670083860005164 0
    vertex 23.218637088792946 50.670083860005164 10
  endloop
endfacet
facet normal -0.822983865893658 -0.5680647467311534 0
  outer loop
    vertex 22.595830094879084 51.85674344307423 10
    vertex 22.595830094879084 51.85674344307423 0
    vertex 22.979276871828986 51.301224881722554 0
  endloop
endfacet
facet normal -0.822983865893658 -0.5680647467311534 0
  outer loop
    vertex 22.595830094879084 51.85674344307423 10
    vertex 22.979276871828986 51.301224881722554 0
    vertex 22.979276871828986 51.301224881722554 10
  endloop
endfacet
facet normal -0.6631226582407949 -0.7485107481711015 0
  outer loop
    vertex 22.090581290847236 52.30435482450224 10
    vertex 22.090581290847236 52.30435482450224 0
    vertex 22.595830094879084 51.85674344307423 0
  endloop
endfacet
facet normal -0.4647231720437643 -0.8854560256532121 0
  outer loop
    vertex 22.090581290847236 52.30435482450224 10
    vertex 21.4928936837191 52.61804547951916 0
    vertex 22.090581290847236 52.30435482450224 0
  endloop
endfacet
facet normal -0.6631226582407949 -0.7485107481711015 0
  outer loop
    vertex 22.090581290847236 52.30435482450224 10
    vertex 22.595830094879084 51.85674344307423 0
    vertex 22.595830094879084 51.85674344307423 10
  endloop
endfacet
facet normal -0.4647231720437643 -0.8854560256532121 0
  outer loop
    vertex 21.4928936837191 52.61804547951916 10
    vertex 21.4928936837191 52.61804547951916 0
    vertex 22.090581290847236 52.30435482450224 10
  endloop
endfacet
facet normal -0.23931566428756057 -0.9709418174260512 0
  outer loop
    vertex 20.837502704714904 52.77958484747455 10
    vertex 20.837502704714904 52.77958484747455 0
    vertex 21.4928936837191 52.61804547951916 0
  endloop
endfacet
facet normal 0 -0.9999999999999999 0
  outer loop
    vertex 20.837502704714904 52.77958484747455 10
    vertex 20.162497295285096 52.77958484747455 0
    vertex 20.837502704714904 52.77958484747455 0
  endloop
endfacet
facet normal -0.23931566428756057 -0.9709418174260512 0
  outer loop
    vertex 20.837502704714904 52.77958484747455 10
    vertex 21.4928936837191 52.61804547951916 0
    vertex 21.4928936837191 52.61804547951916 10
  endloop
endfacet
facet normal 0 -0.9999999999999999 0
  outer loop
    vertex 20.162497295285096 52.77958484747455 10
    vertex 20.162497295285096 52.77958484747455 0
    vertex 20.837502704714904 52.77958484747455 10
  endloop
endfacet
facet normal 0.23931566428756057 -0.9709418174260512 0
  outer loop
    vertex 19.5071063162809 52.61804547951916 10
    vertex 19.5071063162809 52.61804547951916 0
    vertex 20.162497295285096 52.77958484747455 0
  endloop
endfacet
facet normal 0.23931566428756057 -0.9709418174260512 0
  outer loop
    vertex 19.5071063162809 52.61804547951916 10
    vertex 20.162497295285096 52.77958484747455 0
    vertex 20.162497295285096 52.77958484747455 10
  endloop
endfacet
facet normal 0.4647231720437643 -0.8854560256532121 0
  outer loop
    vertex 18.909418709152764 52.30435482450224 10
    vertex 18.909418709152764 52.30435482450224 0
    vertex 19.5071063162809 52.61804547951916 0
  endloop
endfacet
facet normal 0.6631226582407949 -0.7485107481711015 0
  outer loop
    vertex 18.909418709152764 52.30435482450224 10
    vertex 18.404169905120916 51.85674344307423 0
    vertex 18.909418709152764 52.30435482450224 0
  endloop
endfacet
facet normal 0.4647231720437643 -0.8854560256532121 0
  outer loop
    vertex 18.909418709152764 52.30435482450224 10
    vertex 19.5071063162809 52.61804547951916 0
    vertex 19.5071063162809 52.61804547951916 10
  endloop
endfacet
facet normal 0.6631226582407949 -0.7485107481711015 0
  outer loop
    vertex 18.404169905120916 51.85674344307423 10
    vertex 18.404169905120916 51.85674344307423 0
    vertex 18.909418709152764 52.30435482450224 10
  endloop
endfacet
facet normal 0.822983865893658 -0.5680647467311534 0
  outer loop
    vertex 18.020723128171014 51.301224881722554 10
    vertex 18.404169905120916 51.85674344307423 0
    vertex 18.404169905120916 51.85674344307423 10
  endloop
endfacet
facet normal 0.822983865893658 -0.5680647467311534 0
  outer loop
    vertex 18.020723128171014 51.301224881722554 10
    vertex 18.020723128171014 51.301224881722554 0
    vertex 18.404169905120916 51.85674344307423 0
  endloop
endfacet
facet normal 0.9350162426854142 -0.35460488704253734 0
  outer loop
    vertex 17.781362911207054 50.670083860005164 10
    vertex 18.020723128171014 51.301224881722554 0
    vertex 18.020723128171014 51.301224881722554 10
  endloop
endfacet
facet normal 0.9350162426854142 -0.35460488704253734 0
  outer loop
    vertex 17.781362911207054 50.670083860005164 10
    vertex 17.781362911207054 50.670083860005164 0
    vertex 18.020723128171014 51.301224881722554 0
  endloop
endfacet
facet normal 0.992708874098054 -0.12053668025532377 0
  outer loop
    vertex 17.781362911207054 50.670083860005164 10
    vertex 17.7 50 0
    vertex 17.781362911207054 50.670083860005164 0
  endloop
endfacet
facet normal 0.992708874098054 -0.12053668025532377 0
  outer loop
    vertex 17.7 50 10
    vertex 17.7 50 0
    vertex 17.781362911207054 50.670083860005164 10
  endloop
endfacet
facet normal 0.9927088740980536 0.120536680255325 0
  outer loop
    vertex 17.781362911207054 49.32991613999484 10
    vertex 17.7 50 0
    vertex 17.7 50 10
  endloop
endfacet
facet normal 0.9927088740980536 0.120536680255325 0
  outer loop
    vertex 17.781362911207054 49.32991613999484 10
    vertex 17.781362911207054 49.32991613999484 0
    vertex 17.7 50 0
  endloop
endfacet
facet normal 0.9350162426854158 0.35460488704253273 0
  outer loop
    vertex 17.781362911207054 49.32991613999484 10
    vertex 18.02072312817101 48.69877511827745 0
    vertex 17.781362911207054 49.32991613999484 0
  endloop
endfacet
facet normal 0.9350162426854158 0.35460488704253273 0
  outer loop
    vertex 18.02072312817101 48.69877511827745 10
    vertex 18.02072312817101 48.69877511827745 0
    vertex 17.781362911207054 49.32991613999484 10
  endloop
endfacet
facet normal 0.822983865893658 0.5680647467311534 0
  outer loop
    vertex 18.404169905120913 48.14325655692578 10
    vertex 18.02072312817101 48.69877511827745 0
    vertex 18.02072312817101 48.69877511827745 10
  endloop
endfacet
facet normal 0.822983865893658 0.5680647467311534 0
  outer loop
    vertex 18.404169905120913 48.14325655692578 10
    vertex 18.404169905120913 48.14325655692578 0
    vertex 18.02072312817101 48.69877511827745 0
  endloop
endfacet
facet normal 0.6631226582407949 0.7485107481711015 0
  outer loop
    vertex 18.90941870915276 47.695645175497766 10
    vertex 18.404169905120913 48.14325655692578 0
    vertex 18.404169905120913 48.14325655692578 10
  endloop
endfacet
facet normal 0.6631226582407949 0.7485107481711015 0
  outer loop
    vertex 18.90941870915276 47.695645175497766 10
    vertex 18.90941870915276 47.695645175497766 0
    vertex 18.404169905120913 48.14325655692578 0
  endloop
endfacet
facet normal 0.4647231720437747 0.8854560256532067 0
  outer loop
    vertex 19.507106316280893 47.38195452048084 10
    vertex 18.90941870915276 47.695645175497766 0
    vertex 18.90941870915276 47.695645175497766 10
  endloop
endfacet
facet normal 0.4647231720437747 0.8854560256532067 0
  outer loop
    vertex 19.507106316280893 47.38195452048084 10
    vertex 19.507106316280893 47.38195452048084 0
    vertex 18.90941870915276 47.695645175497766 0
  endloop
endfacet
facet normal 0.23931566428756057 0.9709418174260512 0
  outer loop
    vertex 20.16249729528509 47.22041515252545 10
    vertex 19.507106316280893 47.38195452048084 0
    vertex 19.507106316280893 47.38195452048084 10
  endloop
endfacet
facet normal 0.23931566428756057 0.9709418174260512 0
  outer loop
    vertex 20.16249729528509 47.22041515252545 10
    vertex 20.16249729528509 47.22041515252545 0
    vertex 19.507106316280893 47.38195452048084 0
  endloop
endfacet
facet normal 0 0.9999999999999999 0
  outer loop
    vertex 20.837502704714897 47.22041515252545 10
    vertex 20.16249729528509 47.22041515252545 0
    vertex 20.16249729528509 47.22041515252545 10
  endloop
endfacet
facet normal 0 0.9999999999999999 0
  outer loop
    vertex 20.837502704714897 47.22041515252545 10
    vertex 20.837502704714897 47.22041515252545 0
    vertex 20.16249729528509 47.22041515252545 0
  endloop
endfacet
facet normal -0.23931566428755072 0.9709418174260539 0
  outer loop
    vertex 21.492893683719092 47.38195452048083 10
    vertex 20.837502704714897 47.22041515252545 0
    vertex 20.837502704714897 47.22041515252545 10
  endloop
endfacet
facet normal -0.23931566428755072 0.9709418174260539 0
  outer loop
    vertex 21.492893683719092 47.38195452048083 10
    vertex 21.492893683719092 47.38195452048083 0
    vertex 20.837502704714897 47.22041515252545 0
  endloop
endfacet
facet normal -0.4647231720437725 0.8854560256532078 0
  outer loop
    vertex 22.09058129084723 47.69564517549776 10
    vertex 21.492893683719092 47.38195452048083 0
    vertex 21.492893683719092 47.38195452048083 10
  endloop
endfacet
facet normal -0.4647231720437725 0.8854560256532078 0
  outer loop
    vertex 22.09058129084723 47.69564517549776 10
    vertex 22.09058129084723 47.69564517549776 0
    vertex 21.492893683719092 47.38195452048083 0
  endloop
endfacet
facet normal -0.6631226582407949 0.7485107481711015 0
  outer loop
    vertex 22.595830094879076 48.14325655692577 10
    vertex 22.09058129084723 47.69564517549776 0
    vertex 22.09058129084723 47.69564517549776 10
  endloop
endfacet
facet normal -0.6631226582407949 0.7485107481711015 0
  outer loop
    vertex 22.595830094879076 48.14325655692577 10
    vertex 22.595830094879076 48.14325655692577 0
    vertex 22.09058129084723 47.69564517549776 0
  endloop
endfacet
facet normal -0.8229838658936524 0.5680647467311619 0
  outer loop
    vertex 22.979276871828983 48.69877511827744 10
    vertex 22.595830094879076 48.14325655692577 0
    vertex 22.595830094879076 48.14325655692577 10
  endloop
endfacet
facet normal -0.8229838658936524 0.5680647467311619 0
  outer loop
    vertex 22.979276871828983 48.69877511827744 10
    vertex 22.979276871828983 48.69877511827744 0
    vertex 22.595830094879076 48.14325655692577 0
  endloop
endfacet
facet normal -0.9350162426854142 0.35460488704253734 0
  outer loop
    vertex 23.218637088792942 49.32991613999483 10
    vertex 23.218637088792942 49.32991613999483 0
    vertex 22.979276871828983 48.69877511827744 0
  endloop
endfacet
facet normal -0.9927088740980535 0.1205366802553277 0
  outer loop
    vertex 23.218637088792942 49.32991613999483 10
    vertex 23.3 50 0
    vertex 23.218637088792942 49.32991613999483 0
  endloop
endfacet
facet normal -0.9350162426854142 0.35460488704253734 0
  outer loop
    vertex 23.218637088792942 49.32991613999483 10
    vertex 22.979276871828983 48.69877511827744 0
    vertex 22.979276871828983 48.69877511827744 10
  endloop
endfacet
facet normal -0.9927088740980535 0.1205366802553277 0
  outer loop
    vertex 23.3 50 10
    vertex 23.3 50 0
    vertex 23.218637088792942 49.32991613999483 10
  endloop
endfacet
facet normal 0 0 -1
  outer loop
    vertex 22.595830094879076 -51.85674344307423 0
    vertex 25.878462024097665 -53.38918542133544 0
    vertex 25.517540966287267 -54.73616114660535 0
  endloop
endfacet
facet normal 0 0 -0.9999999999999999
  outer loop
    vertex 22.09058129084723 -52.30435482450224 0
    vertex 25.517540966287267 -54.73616114660535 0
    vertex 24.928203230275514 -55.99999999999999 0
  endloop
endfacet
facet normal 0 0 -1
  outer loop
    vertex 22.09058129084723 -52.30435482450224 0
    vertex 22.595830094879076 -51.85674344307423 0
    vertex 25.517540966287267 -54.73616114660535 0
  endloop
endfacet
facet normal 0 0 -0.9999999999999999
  outer loop
    vertex 22.979276871828983 -51.30122488172256 0
    vertex 25.878462024097665 -53.38918542133544 0
    vertex 22.595830094879076 -51.85674344307423 0
  endloop
endfacet
facet normal 0 0 -1
  outer loop
    vertex 22.979276871828983 -51.30122488172256 0
    vertex 26 -52 0
    vertex 25.878462024097665 -53.38918542133544 0
  endloop
endfacet
facet normal 0 0 -1
  outer loop
    vertex 21.492893683719092 -52.61804547951917 0
    vertex 24.928203230275514 -55.99999999999999 0
    vertex 24.12835554495183 -57.14230087749231 0
  endloop
endfacet
facet normal 0 0 -0.9999999999999999
  outer loop
    vertex 21.492893683719092 -52.61804547951917 0
    vertex 22.09058129084723 -52.30435482450224 0
    vertex 24.928203230275514 -55.99999999999999 0
  endloop
endfacet
facet normal 0 0 -1
  outer loop
    vertex 23.218637088792942 -50.67008386000517 0
    vertex 26 -52 0
    vertex 22.979276871828983 -51.30122488172256 0
  endloop
endfacet
facet normal 0 0 -1
  outer loop
    vertex 20.837502704714897 -52.77958484747455 0
    vertex 24.12835554495183 -57.14230087749231 0
    vertex 23.14230087749232 -58.128355544951816 0
  endloop
endfacet
facet normal 0 0 -1
  outer loop
    vertex 20.837502704714897 -52.77958484747455 0
    vertex 23.14230087749232 -58.128355544951816 0
    vertex 22.00000000000001 -58.9282032302755 0
  endloop
endfacet
facet normal 0 0 -1
  outer loop
    vertex 20.837502704714897 -52.77958484747455 0
    vertex 21.492893683719092 -52.61804547951917 0
    vertex 24.12835554495183 -57.14230087749231 0
  endloop
endfacet
facet normal 0 0 -1
  outer loop
    vertex 23.3 -50 0
    vertex 26 -52 0
    vertex 23.218637088792942 -50.67008386000517 0
  endloop
endfacet
facet normal 0 0 -1
  outer loop
    vertex 20.16249729528509 -52.77958484747455 0
    vertex 22.00000000000001 -58.9282032302755 0
    vertex 20.73616114660536 -59.517540966287264 0
  endloop
endfacet
facet normal 0 0 -1
  outer loop
    vertex 20.16249729528509 -52.77958484747455 0
    vertex 20.73616114660536 -59.517540966287264 0
    vertex 19.38918542133546 -59.878462024097665 0
  endloop
endfacet
facet normal 0 0 -1
  outer loop
    vertex 20.16249729528509 -52.77958484747455 0
    vertex 20.837502704714897 -52.77958484747455 0
    vertex 22.00000000000001 -58.9282032302755 0
  endloop
endfacet
facet normal 0 0 -1
  outer loop
    vertex 23.218637088792946 -49.329916139994836 0
    vertex 26 -52 0
    vertex 23.3 -50 0
  endloop
endfacet
facet normal 0 0 -1
  outer loop
    vertex 19.507106316280893 -52.61804547951916 0
    vertex 19.38918542133546 -59.878462024097665 0
    vertex 18 -60 0
  endloop
endfacet
facet normal 0 0 -0.9999999999999999
  outer loop
    vertex 19.507106316280893 -52.61804547951916 0
    vertex 20.16249729528509 -52.77958484747455 0
    vertex 19.38918542133546 -59.878462024097665 0
  endloop
endfacet
facet normal 0 0 -1
  outer loop
    vertex 22.979276871828986 -48.698775118277446 0
    vertex 26 -52 0
    vertex 23.218637088792946 -49.329916139994836 0
  endloop
endfacet
facet normal 0 0 -1
  outer loop
    vertex 18.90941870915276 -52.304354824502234 0
    vertex 19.507106316280893 -52.61804547951916 0
    vertex 18 -60 0
  endloop
endfacet
facet normal 0 0 -1
  outer loop
    vertex 18.404169905120913 -51.85674344307422 0
    vertex 18.90941870915276 -52.304354824502234 0
    vertex 18 -60 0
  endloop
endfacet
facet normal 0 0 -1
  outer loop
    vertex 18.02072312817101 -51.30122488172255 0
    vertex 18.404169905120913 -51.85674344307422 0
    vertex 18 -60 0
  endloop
endfacet
facet normal 0 0 -1
  outer loop
    vertex 48.45722086854837 -20.402084052832645 0
    vertex 52.30857236933312 -16.839898343410866 0
    vertex 50.47474688535246 -18.72029754828104 0
  endloop
endfacet
facet normal 0 0 -1
  outer loop
    vertex 53.939241378064914 -14.78083650380163 0
    vertex 52.30857236933312 -16.839898343410866 0
    vertex 48.45722086854837 -20.402084052832645 0
  endloop
endfacet
facet normal 0 0 -1
  outer loop
    vertex 17.781362911207054 -50.67008386000516 0
    vertex 18.02072312817101 -51.30122488172255 0
    vertex 18 -60 0
  endloop
endfacet
facet normal 0 0 -1
  outer loop
    vertex 43.958408750581 -23.100743893982628 0
    vertex 48.45722086854837 -20.402084052832645 0
    vertex 46.277399229239556 -21.867414969784278 0
  endloop
endfacet
facet normal 0 0 -1
  outer loop
    vertex 41.524852725324415 -24.08898584174171 0
    vertex 53.939241378064914 -14.78083650380163 0
    vertex 48.45722086854837 -20.402084052832645 0
  endloop
endfacet
facet normal 0 0 -1
  outer loop
    vertex 41.524852725324415 -24.08898584174171 0
    vertex 48.45722086854837 -20.402084052832645 0
    vertex 43.958408750581 -23.100743893982628 0
  endloop
endfacet
facet normal 0 0 -1
  outer loop
    vertex 36.41826068890896 -25.290981342824768 0
    vertex 53.939241378064914 -14.78083650380163 0
    vertex 41.524852725324415 -24.08898584174171 0
  endloop
endfacet
facet normal 0 0 -1
  outer loop
    vertex 36.41826068890896 -25.290981342824768 0
    vertex 41.524852725324415 -24.08898584174171 0
    vertex 39.00254992757348 -24.821656075770026 0
  endloop
endfacet
facet normal 0 0 -1
  outer loop
    vertex 36.41826068890896 -25.290981342824768 0
    vertex 55.34945335452866 -12.564957613426188 0
    vertex 53.939241378064914 -14.78083650380163 0
  endloop
endfacet
facet normal 0 0 -0.9999999999999999
  outer loop
    vertex 36.41826068890896 -25.290981342824768 0
    vertex 56.524246677097096 -10.215771004273588 0
    vertex 55.34945335452866 -12.564957613426188 0
  endloop
endfacet
facet normal 0 0 -1
  outer loop
    vertex 36.41826068890896 -25.290981342824768 0
    vertex 57.45115739462257 -7.758200334463724 0
    vertex 56.524246677097096 -10.215771004273588 0
  endloop
endfacet
facet normal 0 0 -1
  outer loop
    vertex 58.52472907695345 -2.6230743132347456 0
    vertex 58.12035146252928 -5.218319161091283 0
    vertex 57.45115739462257 -7.758200334463724 0
  endloop
endfacet
facet normal 0 0 -0.9999999999999999
  outer loop
    vertex 26 -33.48946700083476 0
    vertex 26 -52 0
    vertex 22.979276871828986 -48.698775118277446 0
  endloop
endfacet
facet normal 0 0 -1
  outer loop
    vertex 26 -33.48946700083476 0
    vertex 22.979276871828986 -48.698775118277446 0
    vertex 22.595830094879084 -48.14325655692577 0
  endloop
endfacet
facet normal 0 0 -1
  outer loop
    vertex 26 -33.48946700083476 0
    vertex 22.595830094879084 -48.14325655692577 0
    vertex 22.090581290847236 -47.69564517549776 0
  endloop
endfacet
facet normal 0 0 -1
  outer loop
    vertex 26 -33.48946700083476 0
    vertex 22.090581290847236 -47.69564517549776 0
    vertex 21.4928936837191 -47.38195452048084 0
  endloop
endfacet
facet normal 0 0 -1
  outer loop
    vertex 26 -33.48946700083476 0
    vertex 21.4928936837191 -47.38195452048084 0
    vertex 20.837502704714904 -47.22041515252545 0
  endloop
endfacet
facet normal 0 0 -1
  outer loop
    vertex 26 -33.48946700083476 0
    vertex 20.837502704714904 -47.22041515252545 0
    vertex 20.162497295285096 -47.22041515252545 0
  endloop
endfacet
facet normal 0 0 -1
  outer loop
    vertex 26 -33.48946700083476 0
    vertex 20.162497295285096 -47.22041515252545 0
    vertex 19.5071063162809 -47.38195452048084 0
  endloop
endfacet
facet normal 0 0 -1
  outer loop
    vertex 26 -33.48946700083476 0
    vertex 19.5071063162809 -47.38195452048084 0
    vertex 18.909418709152764 -47.69564517549776 0
  endloop
endfacet
facet normal 0 0 -1
  outer loop
    vertex 26 -33.48946700083476 0
    vertex 18.909418709152764 -47.69564517549776 0
    vertex 18.404169905120916 -48.14325655692577 0
  endloop
endfacet
facet normal 0 0 -1
  outer loop
    vertex 26.117697791306387 -32.122239188499236 0
    vertex 26 -33.48946700083476 0
    vertex 18.404169905120916 -48.14325655692577 0
  endloop
endfacet
facet normal 0 0 -1
  outer loop
    vertex 58.52472907695347 2.623074313234553 0
    vertex 58.66 -9.683989748506427e-14 0
    vertex 58.52472907695345 -2.6230743132347456 0
  endloop
endfacet
facet normal 0 0 -1
  outer loop
    vertex 58.52472907695347 2.623074313234553 0
    vertex 58.52472907695345 -2.6230743132347456 0
    vertex 57.45115739462257 -7.758200334463724 0
  endloop
endfacet
facet normal 0 0 -1
  outer loop
    vertex 57.451157394622626 7.758200334463538 0
    vertex 58.120351462529314 5.2183191610910935 0
    vertex 58.52472907695347 2.623074313234553 0
  endloop
endfacet
facet normal 0 0 -1
  outer loop
    vertex 55.349453354528755 12.564957613426019 0
    vertex 56.52424667709718 10.21577100427341 0
    vertex 57.451157394622626 7.758200334463538 0
  endloop
endfacet
facet normal 0 0 -1
  outer loop
    vertex 52.30857236933325 16.83989834341072 0
    vertex 55.349453354528755 12.564957613426019 0
    vertex 57.451157394622626 7.758200334463538 0
  endloop
endfacet
facet normal 0 0 -1
  outer loop
    vertex 52.30857236933325 16.83989834341072 0
    vertex 53.93924137806502 14.780836503801472 0
    vertex 55.349453354528755 12.564957613426019 0
  endloop
endfacet
facet normal 0 0 -1
  outer loop
    vertex -18.90941870915277 -52.30435482450224 0
    vertex -18.404169905120924 -51.85674344307423 0
    vertex -18 -60 0
  endloop
endfacet
facet normal 0 0 -1
  outer loop
    vertex -18.020723128171017 -51.30122488172256 0
    vertex -18 -60 0
    vertex -18.404169905120924 -51.85674344307423 0
  endloop
endfacet
facet normal 0 0 -1
  outer loop
    vertex -19.507106316280908 -52.61804547951917 0
    vertex -18 -60 0
    vertex -19.389185421335444 -59.878462024097665 0
  endloop
endfacet
facet normal 0 0 -0.9999999999999999
  outer loop
    vertex -19.507106316280908 -52.61804547951917 0
    vertex -18.90941870915277 -52.30435482450224 0
    vertex -18 -60 0
  endloop
endfacet
facet normal 0 0 -1
  outer loop
    vertex -17.781362911207058 -50.67008386000517 0
    vertex 18 -60 0
    vertex -18 -60 0
  endloop
endfacet
facet normal 0 0 -1
  outer loop
    vertex -17.781362911207058 -50.67008386000517 0
    vertex 17.781362911207054 -50.67008386000516 0
    vertex 18 -60 0
  endloop
endfacet
facet normal 0 0 -1
  outer loop
    vertex -17.781362911207058 -50.67008386000517 0
    vertex -18 -60 0
    vertex -18.020723128171017 -51.30122488172256 0
  endloop
endfacet
facet normal 0 0 -1
  outer loop
    vertex -20.162497295285103 -52.77958484747455 0
    vertex -19.389185421335444 -59.878462024097665 0
    vertex -20.73616114660535 -59.517540966287264 0
  endloop
endfacet
facet normal 0 0 -1
  outer loop
    vertex -20.162497295285103 -52.77958484747455 0
    vertex -20.73616114660535 -59.517540966287264 0
    vertex -22 -58.92820323027551 0
  endloop
endfacet
facet normal 0 0 -0.9999999999999999
  outer loop
    vertex -20.162497295285103 -52.77958484747455 0
    vertex -19.507106316280908 -52.61804547951917 0
    vertex -19.389185421335444 -59.878462024097665 0
  endloop
endfacet
facet normal 0 0 -1
  outer loop
    vertex -17.7 -50 0
    vertex 17.781362911207054 -50.67008386000516 0
    vertex -17.781362911207058 -50.67008386000517 0
  endloop
endfacet
facet normal 0 0 -1
  outer loop
    vertex -17.7 -50 0
    vertex 17.7 -50 0
    vertex 17.781362911207054 -50.67008386000516 0
  endloop
endfacet
facet normal 0 0 -1
  outer loop
    vertex -20.83750270471491 -52.77958484747455 0
    vertex -22 -58.92820323027551 0
    vertex -23.142300877492318 -58.12835554495182 0
  endloop
endfacet
facet normal 0 0 -1
  outer loop
    vertex -20.83750270471491 -52.77958484747455 0
    vertex -23.142300877492318 -58.12835554495182 0
    vertex -24.128355544951823 -57.14230087749231 0
  endloop
endfacet
facet normal 0 0 -1
  outer loop
    vertex -20.83750270471491 -52.77958484747455 0
    vertex -20.162497295285103 -52.77958484747455 0
    vertex -22 -58.92820323027551 0
  endloop
endfacet
facet normal 0 0 -1
  outer loop
    vertex -17.781362911207054 -49.329916139994836 0
    vertex 17.7 -50 0
    vertex -17.7 -50 0
  endloop
endfacet
facet normal 0 0 -1
  outer loop
    vertex -17.781362911207054 -49.329916139994836 0
    vertex 17.781362911207054 -49.329916139994836 0
    vertex 17.7 -50 0
  endloop
endfacet
facet normal 0 0 -1
  outer loop
    vertex -21.492893683719107 -52.61804547951916 0
    vertex -20.83750270471491 -52.77958484747455 0
    vertex -24.128355544951823 -57.14230087749231 0
  endloop
endfacet
facet normal 0 0 -1
  outer loop
    vertex -24.92820323027551 -56 0
    vertex -21.492893683719107 -52.61804547951916 0
    vertex -24.128355544951823 -57.14230087749231 0
  endloop
endfacet
facet normal 0 0 -1
  outer loop
    vertex -18.020723128171014 -48.698775118277446 0
    vertex 17.781362911207054 -49.329916139994836 0
    vertex -17.781362911207054 -49.329916139994836 0
  endloop
endfacet
facet normal 0 0 -1
  outer loop
    vertex -18.020723128171014 -48.698775118277446 0
    vertex 18.020723128171014 -48.698775118277446 0
    vertex 17.781362911207054 -49.329916139994836 0
  endloop
endfacet
facet normal 0 0 -1
  outer loop
    vertex -22.09058129084724 -52.304354824502234 0
    vertex -21.492893683719107 -52.61804547951916 0
    vertex -24.92820323027551 -56 0
  endloop
endfacet
facet normal 0 0 -1
  outer loop
    vertex -18.404169905120916 -48.14325655692577 0
    vertex 18.020723128171014 -48.698775118277446 0
    vertex -18.020723128171014 -48.698775118277446 0
  endloop
endfacet
facet normal 0 0 -1
  outer loop
    vertex -18.404169905120916 -48.14325655692577 0
    vertex 26.117697791306387 -32.122239188499236 0
    vertex 18.404169905120916 -48.14325655692577 0
  endloop
endfacet
facet normal 0 0 -1
  outer loop
    vertex -18.404169905120916 -48.14325655692577 0
    vertex 18.404169905120916 -48.14325655692577 0
    vertex 18.020723128171014 -48.698775118277446 0
  endloop
endfacet
facet normal 0 0 -1
  outer loop
    vertex -25.517540966287267 -54.73616114660535 0
    vertex -22.595830094879087 -51.85674344307422 0
    vertex -22.09058129084724 -52.304354824502234 0
  endloop
endfacet
facet normal 0 0 -0.9999999999999999
  outer loop
    vertex -25.517540966287267 -54.73616114660535 0
    vertex -22.09058129084724 -52.304354824502234 0
    vertex -24.92820323027551 -56 0
  endloop
endfacet
facet normal 0 0 -1
  outer loop
    vertex -18.909418709152764 -47.69564517549776 0
    vertex 26.117697791306387 -32.122239188499236 0
    vertex -18.404169905120916 -48.14325655692577 0
  endloop
endfacet
facet normal 0 0 -0.9999999999999999
  outer loop
    vertex -18.909418709152764 -47.69564517549776 0
    vertex 26.467327972705945 -30.795241299594856 0
    vertex 26.117697791306387 -32.122239188499236 0
  endloop
endfacet
facet normal 0 0 -1
  outer loop
    vertex -19.5071063162809 -47.38195452048084 0
    vertex 26.467327972705945 -30.795241299594856 0
    vertex -18.909418709152764 -47.69564517549776 0
  endloop
endfacet
facet normal 0 0 -1
  outer loop
    vertex -19.5071063162809 -47.38195452048084 0
    vertex 27.038602869167477 -29.547519514269688 0
    vertex 26.467327972705945 -30.795241299594856 0
  endloop
endfacet
facet normal 0 0 -1
  outer loop
    vertex -25.878462024097665 -53.38918542133544 0
    vertex -22.97927687182899 -51.30122488172255 0
    vertex -22.595830094879087 -51.85674344307422 0
  endloop
endfacet
facet normal 0 0 -0.9999999999999999
  outer loop
    vertex -25.878462024097665 -53.38918542133544 0
    vertex -22.595830094879087 -51.85674344307422 0
    vertex -25.517540966287267 -54.73616114660535 0
  endloop
endfacet
facet normal 0 0 -0.9999999999999999
  outer loop
    vertex -20.162497295285096 -47.22041515252545 0
    vertex 27.038602869167477 -29.547519514269688 0
    vertex -19.5071063162809 -47.38195452048084 0
  endloop
endfacet
facet normal 0 0 -1
  outer loop
    vertex -20.162497295285096 -47.22041515252545 0
    vertex 27.814713032305406 -28.415787357098132 0
    vertex 27.038602869167477 -29.547519514269688 0
  endloop
endfacet
facet normal 0 0 -1
  outer loop
    vertex -26 -52 0
    vertex -23.218637088792946 -49.329916139994836 0
    vertex -23.3 -50 0
  endloop
endfacet
facet normal 0 0 -1
  outer loop
    vertex -26 -52 0
    vertex -23.3 -50 0
    vertex -23.218637088792946 -50.67008386000516 0
  endloop
endfacet
facet normal 0 0 -1
  outer loop
    vertex -26 -52 0
    vertex -23.218637088792946 -50.67008386000516 0
    vertex -22.97927687182899 -51.30122488172255 0
  endloop
endfacet
facet normal 0 0 -1
  outer loop
    vertex -26 -52 0
    vertex -22.97927687182899 -51.30122488172255 0
    vertex -25.878462024097665 -53.38918542133544 0
  endloop
endfacet
facet normal 0 0 -1
  outer loop
    vertex -22.979276871828986 -48.698775118277446 0
    vertex -23.218637088792946 -49.329916139994836 0
    vertex -26 -52 0
  endloop
endfacet
facet normal 0 0 -1
  outer loop
    vertex -22.595830094879084 -48.14325655692577 0
    vertex -22.979276871828986 -48.698775118277446 0
    vertex -26 -52 0
  endloop
endfacet
facet normal 0 0 -1
  outer loop
    vertex 46.27739922923972 21.86741496978418 0
    vertex 57.451157394622626 7.758200334463538 0
    vertex 58.52472907695347 2.623074313234553 0
  endloop
endfacet
facet normal 0 0 -1
  outer loop
    vertex 46.27739922923972 21.86741496978418 0
    vertex 52.30857236933325 16.83989834341072 0
    vertex 57.451157394622626 7.758200334463538 0
  endloop
endfacet
facet normal 0 0 -1
  outer loop
    vertex 46.27739922923972 21.86741496978418 0
    vertex 50.4747468853526 18.72029754828091 0
    vertex 52.30857236933325 16.83989834341072 0
  endloop
endfacet
facet normal 0 0 -1
  outer loop
    vertex 46.27739922923972 21.86741496978418 0
    vertex 48.457220868548525 20.402084052832528 0
    vertex 50.4747468853526 18.72029754828091 0
  endloop
endfacet
facet normal 0 0 -1
  outer loop
    vertex 41.5248527253246 24.088985841741646 0
    vertex 43.95840875058117 23.100743893982546 0
    vertex 46.27739922923972 21.86741496978418 0
  endloop
endfacet
facet normal 0 0 -1
  outer loop
    vertex 41.5248527253246 24.088985841741646 0
    vertex 46.27739922923972 21.86741496978418 0
    vertex 58.52472907695347 2.623074313234553 0
  endloop
endfacet
facet normal 0 0 -1
  outer loop
    vertex 36.41826068890915 25.290981342824743 0
    vertex 41.5248527253246 24.088985841741646 0
    vertex 58.52472907695347 2.623074313234553 0
  endloop
endfacet
facet normal 0 0 -1
  outer loop
    vertex 36.41826068890915 25.290981342824743 0
    vertex 58.52472907695347 2.623074313234553 0
    vertex 57.45115739462257 -7.758200334463724 0
  endloop
endfacet
facet normal 0 0 -1
  outer loop
    vertex 36.41826068890915 25.290981342824743 0
    vertex 39.00254992757367 24.821656075769983 0
    vertex 41.5248527253246 24.088985841741646 0
  endloop
endfacet
facet normal 0 0 -1
  outer loop
    vertex 33.799402985074614 25.491982343918995 0
    vertex 36.41826068890915 25.290981342824743 0
    vertex 57.45115739462257 -7.758200334463724 0
  endloop
endfacet
facet normal 0 0 -1
  outer loop
    vertex 33.799402985074614 25.491982343918995 0
    vertex 36.41826068890896 -25.290981342824768 0
    vertex 33.79940298507463 -25.491982343918995 0
  endloop
endfacet
facet normal 0 0 -1
  outer loop
    vertex 33.799402985074614 25.491982343918995 0
    vertex 57.45115739462257 -7.758200334463724 0
    vertex 36.41826068890896 -25.290981342824768 0
  endloop
endfacet
facet normal 0 0 -1
  outer loop
    vertex 32.43555628181684 25.643925856169385 0
    vertex 33.799402985074614 25.491982343918995 0
    vertex 33.79940298507463 -25.491982343918995 0
  endloop
endfacet
facet normal 0 0 -1
  outer loop
    vertex 32.43555628181684 25.643925856169385 0
    vertex 33.79940298507463 -25.491982343918995 0
    vertex 32.43555628181683 -25.643925856169385 0
  endloop
endfacet
facet normal 0 0 -1
  outer loop
    vertex 31.11774247112236 26.026720084502397 0
    vertex 32.43555628181683 -25.643925856169385 0
    vertex 31.117742471122355 -26.026720084502397 0
  endloop
endfacet
facet normal 0 0 -1
  outer loop
    vertex 31.11774247112236 26.026720084502397 0
    vertex 31.117742471122355 -26.026720084502397 0
    vertex 29.884737496709157 -26.62910152011812 0
  endloop
endfacet
facet normal 0 0 -1
  outer loop
    vertex 31.11774247112236 26.026720084502397 0
    vertex 32.43555628181684 25.643925856169385 0
    vertex 32.43555628181683 -25.643925856169385 0
  endloop
endfacet
facet normal 0 0 -1
  outer loop
    vertex 29.884737496709157 26.629101520118123 0
    vertex 31.11774247112236 26.026720084502397 0
    vertex 29.884737496709157 -26.62910152011812 0
  endloop
endfacet
facet normal 0 0 -1
  outer loop
    vertex 28.772821849116784 27.43334542189258 0
    vertex 29.884737496709157 26.629101520118123 0
    vertex 29.884737496709157 -26.62910152011812 0
  endloop
endfacet
facet normal 0 0 -1
  outer loop
    vertex 28.772821849116784 27.43334542189258 0
    vertex 29.884737496709157 -26.62910152011812 0
    vertex 28.772821849116788 -27.433345421892575 0
  endloop
endfacet
facet normal 0 0 -1
  outer loop
    vertex 27.8147130323054 28.41578735709814 0
    vertex 28.772821849116784 27.43334542189258 0
    vertex 28.772821849116788 -27.433345421892575 0
  endloop
endfacet
facet normal 0 0 -1
  outer loop
    vertex 27.8147130323054 28.41578735709814 0
    vertex 28.772821849116788 -27.433345421892575 0
    vertex 27.814713032305406 -28.415787357098132 0
  endloop
endfacet
facet normal 0 0 -1
  outer loop
    vertex 22.09058129084723 47.69564517549776 0
    vertex 22.595830094879076 48.14325655692577 0
    vertex 26 33.48946700083476 0
  endloop
endfacet
facet normal 0 0 -1
  outer loop
    vertex 22.979276871828983 48.69877511827744 0
    vertex 26 33.48946700083476 0
    vertex 22.595830094879076 48.14325655692577 0
  endloop
endfacet
facet normal 0 0 -1
  outer loop
    vertex 21.492893683719092 47.38195452048083 0
    vertex 22.09058129084723 47.69564517549776 0
    vertex 26 33.48946700083476 0
  endloop
endfacet
facet normal 0 0 -1
  outer loop
    vertex 26 52 0
    vertex 26 33.48946700083476 0
    vertex 22.979276871828983 48.69877511827744 0
  endloop
endfacet
facet normal 0 0 -1
  outer loop
    vertex 23.218637088792942 49.32991613999483 0
    vertex 26 52 0
    vertex 22.979276871828983 48.69877511827744 0
  endloop
endfacet
facet normal 0 0 -1
  outer loop
    vertex 20.837502704714897 47.22041515252545 0
    vertex 21.492893683719092 47.38195452048083 0
    vertex 26 33.48946700083476 0
  endloop
endfacet
facet normal 0 0 -1
  outer loop
    vertex 23.3 50 0
    vertex 26 52 0
    vertex 23.218637088792942 49.32991613999483 0
  endloop
endfacet
facet normal 0 0 -1
  outer loop
    vertex 20.16249729528509 47.22041515252545 0
    vertex 20.837502704714897 47.22041515252545 0
    vertex 26 33.48946700083476 0
  endloop
endfacet
facet normal 0 0 -1
  outer loop
    vertex 23.218637088792946 50.670083860005164 0
    vertex 26 52 0
    vertex 23.3 50 0
  endloop
endfacet
facet normal 0 0 -1
  outer loop
    vertex 19.507106316280893 47.38195452048084 0
    vertex 20.16249729528509 47.22041515252545 0
    vertex 26 33.48946700083476 0
  endloop
endfacet
facet normal 0 0 -1
  outer loop
    vertex 22.979276871828986 51.301224881722554 0
    vertex 25.878462024097665 53.38918542133545 0
    vertex 26 52 0
  endloop
endfacet
facet normal 0 0 -1
  outer loop
    vertex 22.979276871828986 51.301224881722554 0
    vertex 26 52 0
    vertex 23.218637088792946 50.670083860005164 0
  endloop
endfacet
facet normal 0 0 -1
  outer loop
    vertex 18.90941870915276 47.695645175497766 0
    vertex 19.507106316280893 47.38195452048084 0
    vertex 26 33.48946700083476 0
  endloop
endfacet
facet normal 0 0 -1
  outer loop
    vertex 22.595830094879084 51.85674344307423 0
    vertex 25.517540966287264 54.736161146605355 0
    vertex 25.878462024097665 53.38918542133545 0
  endloop
endfacet
facet normal 0 0 -1
  outer loop
    vertex 22.595830094879084 51.85674344307423 0
    vertex 25.878462024097665 53.38918542133545 0
    vertex 22.979276871828986 51.301224881722554 0
  endloop
endfacet
facet normal 0 0 -1
  outer loop
    vertex 18.404169905120913 48.14325655692578 0
    vertex 26 33.48946700083476 0
    vertex 26.117697791306384 32.12223918849924 0
  endloop
endfacet
facet normal 0 0 -1
  outer loop
    vertex 18.404169905120913 48.14325655692578 0
    vertex 18.90941870915276 47.695645175497766 0
    vertex 26 33.48946700083476 0
  endloop
endfacet
facet normal 0 0 -0.9999999999999999
  outer loop
    vertex 22.090581290847236 52.30435482450224 0
    vertex 25.517540966287264 54.736161146605355 0
    vertex 22.595830094879084 51.85674344307423 0
  endloop
endfacet
facet normal 0 0 -1
  outer loop
    vertex 24.928203230275507 56 0
    vertex 25.517540966287264 54.736161146605355 0
    vertex 22.090581290847236 52.30435482450224 0
  endloop
endfacet
facet normal 0 0 -1
  outer loop
    vertex 21.4928936837191 52.61804547951916 0
    vertex 24.928203230275507 56 0
    vertex 22.090581290847236 52.30435482450224 0
  endloop
endfacet
facet normal 0 0 -0.9999999999999999
  outer loop
    vertex 24.128355544951823 57.14230087749232 0
    vertex 21.4928936837191 52.61804547951916 0
    vertex 20.837502704714904 52.77958484747455 0
  endloop
endfacet
facet normal 0 0 -1
  outer loop
    vertex 24.128355544951823 57.14230087749232 0
    vertex 24.928203230275507 56 0
    vertex 21.4928936837191 52.61804547951916 0
  endloop
endfacet
facet normal 0 0 -1
  outer loop
    vertex 23.142300877492318 58.12835554495182 0
    vertex 24.128355544951823 57.14230087749232 0
    vertex 20.837502704714904 52.77958484747455 0
  endloop
endfacet
facet normal 0 0 -1
  outer loop
    vertex 22.000000000000004 58.92820323027551 0
    vertex 20.837502704714904 52.77958484747455 0
    vertex 20.162497295285096 52.77958484747455 0
  endloop
endfacet
facet normal 0 0 -1
  outer loop
    vertex 22.000000000000004 58.92820323027551 0
    vertex 23.142300877492318 58.12835554495182 0
    vertex 20.837502704714904 52.77958484747455 0
  endloop
endfacet
facet normal 0 0 -1
  outer loop
    vertex 20.736161146605355 59.517540966287264 0
    vertex 22.000000000000004 58.92820323027551 0
    vertex 20.162497295285096 52.77958484747455 0
  endloop
endfacet
facet normal 0 0 -1
  outer loop
    vertex 19.389185421335448 59.878462024097665 0
    vertex 20.162497295285096 52.77958484747455 0
    vertex 19.5071063162809 52.61804547951916 0
  endloop
endfacet
facet normal 0 0 -0.9999999999999999
  outer loop
    vertex 19.389185421335448 59.878462024097665 0
    vertex 20.736161146605355 59.517540966287264 0
    vertex 20.162497295285096 52.77958484747455 0
  endloop
endfacet
facet normal 0 0 -1
  outer loop
    vertex 18 60 0
    vertex 19.389185421335448 59.878462024097665 0
    vertex 19.5071063162809 52.61804547951916 0
  endloop
endfacet
facet normal 0 0 -1
  outer loop
    vertex 18 60 0
    vertex 19.5071063162809 52.61804547951916 0
    vertex 18.909418709152764 52.30435482450224 0
  endloop
endfacet
facet normal 0 0 -1
  outer loop
    vertex 18 60 0
    vertex 18.909418709152764 52.30435482450224 0
    vertex 18.404169905120916 51.85674344307423 0
  endloop
endfacet
facet normal 0 0 -1
  outer loop
    vertex 18 60 0
    vertex 18.404169905120916 51.85674344307423 0
    vertex 18.020723128171014 51.301224881722554 0
  endloop
endfacet
facet normal 0 0 -1
  outer loop
    vertex 18 60 0
    vertex 18.020723128171014 51.301224881722554 0
    vertex 17.781362911207054 50.670083860005164 0
  endloop
endfacet
facet normal 0 0 -1
  outer loop
    vertex -18.404169905120924 48.14325655692577 0
    vertex 18.404169905120913 48.14325655692578 0
    vertex 26.117697791306384 32.12223918849924 0
  endloop
endfacet
facet normal 0 0 -1
  outer loop
    vertex -18.404169905120924 48.14325655692577 0
    vertex 18.02072312817101 48.69877511827745 0
    vertex 18.404169905120913 48.14325655692578 0
  endloop
endfacet
facet normal 0 0 -0.9999999999999999
  outer loop
    vertex -18.90941870915277 47.69564517549776 0
    vertex 26.117697791306384 32.12223918849924 0
    vertex 26.467327972705938 30.795241299594863 0
  endloop
endfacet
facet normal 0 0 -1
  outer loop
    vertex -18.90941870915277 47.69564517549776 0
    vertex -18.404169905120924 48.14325655692577 0
    vertex 26.117697791306384 32.12223918849924 0
  endloop
endfacet
facet normal 0 0 -1
  outer loop
    vertex -18.020723128171017 48.69877511827744 0
    vertex 18.02072312817101 48.69877511827745 0
    vertex -18.404169905120924 48.14325655692577 0
  endloop
endfacet
facet normal 0 0 -0.9999999999999999
  outer loop
    vertex -19.507106316280908 47.38195452048083 0
    vertex -18.90941870915277 47.69564517549776 0
    vertex 26.467327972705938 30.795241299594863 0
  endloop
endfacet
facet normal 0 0 -1
  outer loop
    vertex -19.507106316280908 47.38195452048083 0
    vertex 26.467327972705938 30.795241299594863 0
    vertex 27.03860286916747 29.547519514269695 0
  endloop
endfacet
facet normal 0 0 -1
  outer loop
    vertex -17.781362911207058 49.32991613999483 0
    vertex 18.02072312817101 48.69877511827745 0
    vertex -18.020723128171017 48.69877511827744 0
  endloop
endfacet
facet normal 0 0 -1
  outer loop
    vertex -17.781362911207058 49.32991613999483 0
    vertex 17.781362911207054 49.32991613999484 0
    vertex 18.02072312817101 48.69877511827745 0
  endloop
endfacet
facet normal 0 0 -1
  outer loop
    vertex -20.162497295285103 47.22041515252545 0
    vertex 27.8147130323054 28.41578735709814 0
    vertex 27.814713032305406 -28.415787357098132 0
  endloop
endfacet
facet normal 0 0 -1
  outer loop
    vertex -20.162497295285103 47.22041515252545 0
    vertex 27.03860286916747 29.547519514269695 0
    vertex 27.8147130323054 28.41578735709814 0
  endloop
endfacet
facet normal 0 0 -1
  outer loop
    vertex -20.162497295285103 47.22041515252545 0
    vertex -19.507106316280908 47.38195452048083 0
    vertex 27.03860286916747 29.547519514269695 0
  endloop
endfacet
facet normal 0 0 -1
  outer loop
    vertex -20.162497295285103 47.22041515252545 0
    vertex 27.814713032305406 -28.415787357098132 0
    vertex -20.162497295285096 -47.22041515252545 0
  endloop
endfacet
facet normal 0 0 -1
  outer loop
    vertex -20.162497295285103 47.22041515252545 0
    vertex -20.162497295285096 -47.22041515252545 0
    vertex -20.837502704714904 -47.22041515252545 0
  endloop
endfacet
facet normal 0 0 -1
  outer loop
    vertex -17.7 50 0
    vertex 17.781362911207054 49.32991613999484 0
    vertex -17.781362911207058 49.32991613999483 0
  endloop
endfacet
facet normal 0 0 -1
  outer loop
    vertex -17.7 50 0
    vertex 17.7 50 0
    vertex 17.781362911207054 49.32991613999484 0
  endloop
endfacet
facet normal 0 0 -1
  outer loop
    vertex -20.83750270471491 47.22041515252545 0
    vertex -20.162497295285103 47.22041515252545 0
    vertex -20.837502704714904 -47.22041515252545 0
  endloop
endfacet
facet normal 0 0 -1
  outer loop
    vertex -20.83750270471491 47.22041515252545 0
    vertex -20.837502704714904 -47.22041515252545 0
    vertex -21.4928936837191 -47.38195452048084 0
  endloop
endfacet
facet normal 0 0 -1
  outer loop
    vertex -17.781362911207054 50.670083860005164 0
    vertex 17.7 50 0
    vertex -17.7 50 0
  endloop
endfacet
facet normal 0 0 -1
  outer loop
    vertex -17.781362911207054 50.670083860005164 0
    vertex 17.781362911207054 50.670083860005164 0
    vertex 17.7 50 0
  endloop
endfacet
facet normal 0 0 -1
  outer loop
    vertex -21.492893683719107 47.38195452048084 0
    vertex -20.83750270471491 47.22041515252545 0
    vertex -21.4928936837191 -47.38195452048084 0
  endloop
endfacet
facet normal 0 0 -1
  outer loop
    vertex -22.09058129084724 47.695645175497766 0
    vertex -21.492893683719107 47.38195452048084 0
    vertex -21.4928936837191 -47.38195452048084 0
  endloop
endfacet
facet normal 0 0 -1
  outer loop
    vertex -22.09058129084724 47.695645175497766 0
    vertex -21.4928936837191 -47.38195452048084 0
    vertex -22.090581290847236 -47.69564517549776 0
  endloop
endfacet
facet normal 0 0 -1
  outer loop
    vertex -22.595830094879087 48.14325655692578 0
    vertex -22.09058129084724 47.695645175497766 0
    vertex -22.090581290847236 -47.69564517549776 0
  endloop
endfacet
facet normal 0 0 -1
  outer loop
    vertex -22.595830094879087 48.14325655692578 0
    vertex -22.090581290847236 -47.69564517549776 0
    vertex -22.595830094879084 -48.14325655692577 0
  endloop
endfacet
facet normal 0 0 -1
  outer loop
    vertex -22.595830094879087 48.14325655692578 0
    vertex -22.595830094879084 -48.14325655692577 0
    vertex -26 -52 0
  endloop
endfacet
facet normal 0 0 -1
  outer loop
    vertex -18 60 0
    vertex -17.781362911207054 50.670083860005164 0
    vertex -18.020723128171014 51.301224881722554 0
  endloop
endfacet
facet normal 0 0 -1
  outer loop
    vertex -18 60 0
    vertex -18.020723128171014 51.301224881722554 0
    vertex -18.404169905120916 51.85674344307423 0
  endloop
endfacet
facet normal 0 0 -1
  outer loop
    vertex -18 60 0
    vertex -18.404169905120916 51.85674344307423 0
    vertex -18.909418709152764 52.30435482450224 0
  endloop
endfacet
facet normal 0 0 -1
  outer loop
    vertex -18 60 0
    vertex -18.909418709152764 52.30435482450224 0
    vertex -19.5071063162809 52.61804547951916 0
  endloop
endfacet
facet normal 0 0 -1
  outer loop
    vertex -18 60 0
    vertex 17.781362911207054 50.670083860005164 0
    vertex -17.781362911207054 50.670083860005164 0
  endloop
endfacet
facet normal 0 0 -1
  outer loop
    vertex -18 60 0
    vertex 18 60 0
    vertex 17.781362911207054 50.670083860005164 0
  endloop
endfacet
facet normal 0 0 -1
  outer loop
    vertex -26 52 0
    vertex -22.979276871828986 51.301224881722554 0
    vertex -23.218637088792946 50.670083860005164 0
  endloop
endfacet
facet normal 0 0 -1
  outer loop
    vertex -26 52 0
    vertex -23.218637088792946 50.670083860005164 0
    vertex -23.3 50 0
  endloop
endfacet
facet normal 0 0 -1
  outer loop
    vertex -26 52 0
    vertex -23.3 50 0
    vertex -23.218637088792946 49.32991613999484 0
  endloop
endfacet
facet normal 0 0 -1
  outer loop
    vertex -26 52 0
    vertex -23.218637088792946 49.32991613999484 0
    vertex -22.97927687182899 48.69877511827745 0
  endloop
endfacet
facet normal 0 0 -1
  outer loop
    vertex -26 52 0
    vertex -22.97927687182899 48.69877511827745 0
    vertex -22.595830094879087 48.14325655692578 0
  endloop
endfacet
facet normal 0 0 -1
  outer loop
    vertex -26 52 0
    vertex -22.595830094879087 48.14325655692578 0
    vertex -26 -52 0
  endloop
endfacet
facet normal 0 0 -1
  outer loop
    vertex -25.878462024097665 53.38918542133545 0
    vertex -22.595830094879084 51.85674344307423 0
    vertex -22.979276871828986 51.301224881722554 0
  endloop
endfacet
facet normal 0 0 -1
  outer loop
    vertex -25.878462024097665 53.38918542133545 0
    vertex -22.979276871828986 51.301224881722554 0
    vertex -26 52 0
  endloop
endfacet
facet normal 0 0 -1
  outer loop
    vertex -19.389185421335448 59.878462024097665 0
    vertex -19.5071063162809 52.61804547951916 0
    vertex -20.162497295285096 52.77958484747455 0
  endloop
endfacet
facet normal 0 0 -1
  outer loop
    vertex -19.389185421335448 59.878462024097665 0
    vertex -18 60 0
    vertex -19.5071063162809 52.61804547951916 0
  endloop
endfacet
facet normal 0 0 -0.9999999999999999
  outer loop
    vertex -20.736161146605355 59.517540966287264 0
    vertex -19.389185421335448 59.878462024097665 0
    vertex -20.162497295285096 52.77958484747455 0
  endloop
endfacet
facet normal 0 0 -1
  outer loop
    vertex -25.517540966287264 54.736161146605355 0
    vertex -22.090581290847236 52.30435482450224 0
    vertex -22.595830094879084 51.85674344307423 0
  endloop
endfacet
facet normal 0 0 -1
  outer loop
    vertex -25.517540966287264 54.736161146605355 0
    vertex -22.595830094879084 51.85674344307423 0
    vertex -25.878462024097665 53.38918542133545 0
  endloop
endfacet
facet normal 0 0 -1
  outer loop
    vertex -22.000000000000004 58.92820323027551 0
    vertex -20.162497295285096 52.77958484747455 0
    vertex -20.837502704714904 52.77958484747455 0
  endloop
endfacet
facet normal 0 0 -1
  outer loop
    vertex -22.000000000000004 58.92820323027551 0
    vertex -20.736161146605355 59.517540966287264 0
    vertex -20.162497295285096 52.77958484747455 0
  endloop
endfacet
facet normal 0 0 -0.9999999999999999
  outer loop
    vertex -24.928203230275507 56 0
    vertex -21.4928936837191 52.61804547951916 0
    vertex -22.090581290847236 52.30435482450224 0
  endloop
endfacet
facet normal 0 0 -1
  outer loop
    vertex -24.928203230275507 56 0
    vertex -22.090581290847236 52.30435482450224 0
    vertex -25.517540966287264 54.736161146605355 0
  endloop
endfacet
facet normal 0 0 -1
  outer loop
    vertex -23.142300877492318 58.12835554495182 0
    vertex -22.000000000000004 58.92820323027551 0
    vertex -20.837502704714904 52.77958484747455 0
  endloop
endfacet
facet normal 0 0 -0.9999999999999999
  outer loop
    vertex -24.128355544951823 57.14230087749232 0
    vertex -20.837502704714904 52.77958484747455 0
    vertex -21.4928936837191 52.61804547951916 0
  endloop
endfacet
facet normal 0 0 -1
  outer loop
    vertex -24.128355544951823 57.14230087749232 0
    vertex -21.4928936837191 52.61804547951916 0
    vertex -24.928203230275507 56 0
  endloop
endfacet
facet normal 0 0 -1
  outer loop
    vertex -24.128355544951823 57.14230087749232 0
    vertex -23.142300877492318 58.12835554495182 0
    vertex -20.837502704714904 52.77958484747455 0
  endloop
endfacet
facet normal -0.9961946980917458 0.08715574274765747 0
  outer loop
    vertex -25.878462024097665 53.38918542133545 10
    vertex -25.878462024097665 53.38918542133545 0
    vertex -26 52 0
  endloop
endfacet
facet normal -0.9961946980917458 0.08715574274765747 0
  outer loop
    vertex -25.878462024097665 53.38918542133545 10
    vertex -26 52 0
    vertex -26 52 10
  endloop
endfacet
facet normal -0.9659258262890675 0.2588190451025233 0
  outer loop
    vertex -25.517540966287264 54.736161146605355 10
    vertex -25.517540966287264 54.736161146605355 0
    vertex -25.878462024097665 53.38918542133545 0
  endloop
endfacet
facet normal -0.9659258262890675 0.2588190451025233 0
  outer loop
    vertex -25.517540966287264 54.736161146605355 10
    vertex -25.878462024097665 53.38918542133545 0
    vertex -25.878462024097665 53.38918542133545 10
  endloop
endfacet
facet normal -0.9063077870366497 0.42261826174070016 0
  outer loop
    vertex -24.928203230275507 56 10
    vertex -24.928203230275507 56 0
    vertex -25.517540966287264 54.736161146605355 0
  endloop
endfacet
facet normal -0.8191520442889929 0.5735764363510446 0
  outer loop
    vertex -24.928203230275507 56 10
    vertex -24.128355544951823 57.14230087749232 0
    vertex -24.928203230275507 56 0
  endloop
endfacet
facet normal -0.9063077870366497 0.42261826174070016 0
  outer loop
    vertex -24.928203230275507 56 10
    vertex -25.517540966287264 54.736161146605355 0
    vertex -25.517540966287264 54.736161146605355 10
  endloop
endfacet
facet normal -0.7071067811865476 0.7071067811865476 0
  outer loop
    vertex -24.128355544951823 57.14230087749232 10
    vertex -23.142300877492318 58.12835554495182 0
    vertex -24.128355544951823 57.14230087749232 0
  endloop
endfacet
facet normal -0.8191520442889929 0.5735764363510446 0
  outer loop
    vertex -24.128355544951823 57.14230087749232 10
    vertex -24.128355544951823 57.14230087749232 0
    vertex -24.928203230275507 56 10
  endloop
endfacet
facet normal -0.7071067811865476 0.7071067811865476 0
  outer loop
    vertex -23.142300877492318 58.12835554495182 10
    vertex -23.142300877492318 58.12835554495182 0
    vertex -24.128355544951823 57.14230087749232 10
  endloop
endfacet
facet normal -0.5735764363510457 0.8191520442889919 0
  outer loop
    vertex -22.000000000000004 58.92820323027551 10
    vertex -22.000000000000004 58.92820323027551 0
    vertex -23.142300877492318 58.12835554495182 0
  endloop
endfacet
facet normal -0.5735764363510457 0.8191520442889919 0
  outer loop
    vertex -22.000000000000004 58.92820323027551 10
    vertex -23.142300877492318 58.12835554495182 0
    vertex -23.142300877492318 58.12835554495182 10
  endloop
endfacet
facet normal -0.42261826174069916 0.9063077870366502 0
  outer loop
    vertex -20.736161146605355 59.517540966287264 10
    vertex -20.736161146605355 59.517540966287264 0
    vertex -22.000000000000004 58.92820323027551 0
  endloop
endfacet
facet normal -0.2588190451025233 0.9659258262890675 0
  outer loop
    vertex -20.736161146605355 59.517540966287264 10
    vertex -19.389185421335448 59.878462024097665 0
    vertex -20.736161146605355 59.517540966287264 0
  endloop
endfacet
facet normal -0.42261826174069916 0.9063077870366502 0
  outer loop
    vertex -20.736161146605355 59.517540966287264 10
    vertex -22.000000000000004 58.92820323027551 0
    vertex -22.000000000000004 58.92820323027551 10
  endloop
endfacet
facet normal -0.2588190451025233 0.9659258262890675 0
  outer loop
    vertex -19.389185421335448 59.878462024097665 10
    vertex -19.389185421335448 59.878462024097665 0
    vertex -20.736161146605355 59.517540966287264 10
  endloop
endfacet
facet normal -0.08715574274765747 0.9961946980917458 0
  outer loop
    vertex -18 60 10
    vertex -18 60 0
    vertex -19.389185421335448 59.878462024097665 0
  endloop
endfacet
facet normal -0.08715574274765747 0.9961946980917458 0
  outer loop
    vertex -18 60 10
    vertex -19.389185421335448 59.878462024097665 0
    vertex -19.389185421335448 59.878462024097665 10
  endloop
endfacet
facet normal 0 0 0.9999999999999999
  outer loop
    vertex -18.90941870915277 -52.30435482450224 10
    vertex -18 -60 10
    vertex -15 -60 10
  endloop
endfacet
facet normal 0 0 1
  outer loop
    vertex -18.90941870915277 -52.30435482450224 10
    vertex -15 -60 10
    vertex -18.404169905120924 -51.85674344307423 10
  endloop
endfacet
facet normal 0 0 1
  outer loop
    vertex -18.020723128171017 -51.30122488172256 10
    vertex -18.404169905120924 -51.85674344307423 10
    vertex -15 -60 10
  endloop
endfacet
facet normal 0 0 1
  outer loop
    vertex -19.507106316280908 -52.61804547951917 10
    vertex -19.389185421335444 -59.878462024097665 10
    vertex -18 -60 10
  endloop
endfacet
facet normal 0 0 0.9999999999999999
  outer loop
    vertex -19.507106316280908 -52.61804547951917 10
    vertex -18 -60 10
    vertex -18.90941870915277 -52.30435482450224 10
  endloop
endfacet
facet normal 0 0 1
  outer loop
    vertex -17.781362911207058 -50.67008386000517 10
    vertex -18.020723128171017 -51.30122488172256 10
    vertex -15 -60 10
  endloop
endfacet
facet normal 0 0 1
  outer loop
    vertex -20.162497295285103 -52.77958484747455 10
    vertex -20.73616114660535 -59.517540966287264 10
    vertex -19.389185421335444 -59.878462024097665 10
  endloop
endfacet
facet normal 0 0 1
  outer loop
    vertex -20.162497295285103 -52.77958484747455 10
    vertex -22 -58.92820323027551 10
    vertex -20.73616114660535 -59.517540966287264 10
  endloop
endfacet
facet normal 0 0 0.9999999999999999
  outer loop
    vertex -20.162497295285103 -52.77958484747455 10
    vertex -19.389185421335444 -59.878462024097665 10
    vertex -19.507106316280908 -52.61804547951917 10
  endloop
endfacet
facet normal 0 0 1
  outer loop
    vertex -17.7 -50 10
    vertex -17.781362911207058 -50.67008386000517 10
    vertex -15 -60 10
  endloop
endfacet
facet normal 0 0 1
  outer loop
    vertex -20.83750270471491 -52.77958484747455 10
    vertex -23.142300877492318 -58.12835554495182 10
    vertex -22 -58.92820323027551 10
  endloop
endfacet
facet normal 0 0 1
  outer loop
    vertex -20.83750270471491 -52.77958484747455 10
    vertex -24.128355544951823 -57.14230087749231 10
    vertex -23.142300877492318 -58.12835554495182 10
  endloop
endfacet
facet normal 0 0 1
  outer loop
    vertex -20.83750270471491 -52.77958484747455 10
    vertex -22 -58.92820323027551 10
    vertex -20.162497295285103 -52.77958484747455 10
  endloop
endfacet
facet normal 0 0 1
  outer loop
    vertex -17.781362911207054 -49.329916139994836 10
    vertex -17.7 -50 10
    vertex -15 -60 10
  endloop
endfacet
facet normal 0 0 1
  outer loop
    vertex -21.492893683719107 -52.61804547951916 10
    vertex -24.128355544951823 -57.14230087749231 10
    vertex -20.83750270471491 -52.77958484747455 10
  endloop
endfacet
facet normal 0 0 1
  outer loop
    vertex -24.92820323027551 -56 10
    vertex -24.128355544951823 -57.14230087749231 10
    vertex -21.492893683719107 -52.61804547951916 10
  endloop
endfacet
facet normal 0 0 1
  outer loop
    vertex -22.09058129084724 -52.304354824502234 10
    vertex -24.92820323027551 -56 10
    vertex -21.492893683719107 -52.61804547951916 10
  endloop
endfacet
facet normal 0 0 0.9999999999999999
  outer loop
    vertex -25.517540966287267 -54.73616114660535 10
    vertex -24.92820323027551 -56 10
    vertex -22.09058129084724 -52.304354824502234 10
  endloop
endfacet
facet normal 0 0 1
  outer loop
    vertex -25.517540966287267 -54.73616114660535 10
    vertex -22.09058129084724 -52.304354824502234 10
    vertex -22.595830094879087 -51.85674344307422 10
  endloop
endfacet
facet normal 0 0 0.9999999999999999
  outer loop
    vertex -25.878462024097665 -53.38918542133544 10
    vertex -25.517540966287267 -54.73616114660535 10
    vertex -22.595830094879087 -51.85674344307422 10
  endloop
endfacet
facet normal 0 0 1
  outer loop
    vertex -25.878462024097665 -53.38918542133544 10
    vertex -22.595830094879087 -51.85674344307422 10
    vertex -22.97927687182899 -51.30122488172255 10
  endloop
endfacet
facet normal 0 0 1
  outer loop
    vertex -26 -52 10
    vertex -25.878462024097665 -53.38918542133544 10
    vertex -22.97927687182899 -51.30122488172255 10
  endloop
endfacet
facet normal 0 0 1
  outer loop
    vertex -26 -52 10
    vertex -23.3 -50 10
    vertex -23.218637088792946 -49.329916139994836 10
  endloop
endfacet
facet normal 0 0 1
  outer loop
    vertex -26 -52 10
    vertex -23.218637088792946 -50.67008386000516 10
    vertex -23.3 -50 10
  endloop
endfacet
facet normal 0 0 1
  outer loop
    vertex -26 -52 10
    vertex -22.97927687182899 -51.30122488172255 10
    vertex -23.218637088792946 -50.67008386000516 10
  endloop
endfacet
facet normal 0 0 1
  outer loop
    vertex -22.979276871828986 -48.698775118277446 10
    vertex -26 -52 10
    vertex -23.218637088792946 -49.329916139994836 10
  endloop
endfacet
facet normal 0 0 1
  outer loop
    vertex -22.595830094879084 -48.14325655692577 10
    vertex -26 -52 10
    vertex -22.979276871828986 -48.698775118277446 10
  endloop
endfacet
facet normal 0 0 1
  outer loop
    vertex -18.404169905120924 48.14325655692577 10
    vertex -18.404169905120916 -48.14325655692577 10
    vertex -18.020723128171014 -48.698775118277446 10
  endloop
endfacet
facet normal 0 0 1
  outer loop
    vertex -18.90941870915277 47.69564517549776 10
    vertex -18.909418709152764 -47.69564517549776 10
    vertex -18.404169905120916 -48.14325655692577 10
  endloop
endfacet
facet normal 0 0 1
  outer loop
    vertex -18.90941870915277 47.69564517549776 10
    vertex -18.404169905120916 -48.14325655692577 10
    vertex -18.404169905120924 48.14325655692577 10
  endloop
endfacet
facet normal 0 0 1
  outer loop
    vertex -18.020723128171017 48.69877511827744 10
    vertex -18.404169905120924 48.14325655692577 10
    vertex -18.020723128171014 -48.698775118277446 10
  endloop
endfacet
facet normal 0 0 1
  outer loop
    vertex -19.507106316280908 47.38195452048083 10
    vertex -19.5071063162809 -47.38195452048084 10
    vertex -18.909418709152764 -47.69564517549776 10
  endloop
endfacet
facet normal 0 0 0.9999999999999999
  outer loop
    vertex -19.507106316280908 47.38195452048083 10
    vertex -18.909418709152764 -47.69564517549776 10
    vertex -18.90941870915277 47.69564517549776 10
  endloop
endfacet
facet normal 0 0 1
  outer loop
    vertex -20.162497295285103 47.22041515252545 10
    vertex -20.162497295285096 -47.22041515252545 10
    vertex -19.5071063162809 -47.38195452048084 10
  endloop
endfacet
facet normal 0 0 1
  outer loop
    vertex -20.162497295285103 47.22041515252545 10
    vertex -20.837502704714904 -47.22041515252545 10
    vertex -20.162497295285096 -47.22041515252545 10
  endloop
endfacet
facet normal 0 0 0.9999999999999999
  outer loop
    vertex -20.162497295285103 47.22041515252545 10
    vertex -19.5071063162809 -47.38195452048084 10
    vertex -19.507106316280908 47.38195452048083 10
  endloop
endfacet
facet normal 0 0 1
  outer loop
    vertex -20.83750270471491 47.22041515252545 10
    vertex -20.837502704714904 -47.22041515252545 10
    vertex -20.162497295285103 47.22041515252545 10
  endloop
endfacet
facet normal 0 0 1
  outer loop
    vertex -21.492893683719107 47.38195452048084 10
    vertex -21.4928936837191 -47.38195452048084 10
    vertex -20.837502704714904 -47.22041515252545 10
  endloop
endfacet
facet normal 0 0 1
  outer loop
    vertex -21.492893683719107 47.38195452048084 10
    vertex -20.837502704714904 -47.22041515252545 10
    vertex -20.83750270471491 47.22041515252545 10
  endloop
endfacet
facet normal 0 0 1
  outer loop
    vertex -22.09058129084724 47.695645175497766 10
    vertex -22.090581290847236 -47.69564517549776 10
    vertex -21.4928936837191 -47.38195452048084 10
  endloop
endfacet
facet normal 0 0 1
  outer loop
    vertex -22.09058129084724 47.695645175497766 10
    vertex -21.4928936837191 -47.38195452048084 10
    vertex -21.492893683719107 47.38195452048084 10
  endloop
endfacet
facet normal 0 0 1
  outer loop
    vertex -22.595830094879087 48.14325655692578 10
    vertex -22.595830094879084 -48.14325655692577 10
    vertex -22.090581290847236 -47.69564517549776 10
  endloop
endfacet
facet normal 0 0 1
  outer loop
    vertex -22.595830094879087 48.14325655692578 10
    vertex -22.090581290847236 -47.69564517549776 10
    vertex -22.09058129084724 47.695645175497766 10
  endloop
endfacet
facet normal 0 0 1
  outer loop
    vertex -15 60 10
    vertex -17.781362911207054 50.670083860005164 10
    vertex -17.7 50 10
  endloop
endfacet
facet normal 0 0 1
  outer loop
    vertex -15 60 10
    vertex -18.020723128171014 51.301224881722554 10
    vertex -17.781362911207054 50.670083860005164 10
  endloop
endfacet
facet normal 0 0 1
  outer loop
    vertex -15 60 10
    vertex -18.404169905120916 51.85674344307423 10
    vertex -18.020723128171014 51.301224881722554 10
  endloop
endfacet
facet normal 0 0 1
  outer loop
    vertex -15 60 10
    vertex -18.909418709152764 52.30435482450224 10
    vertex -18.404169905120916 51.85674344307423 10
  endloop
endfacet
facet normal 0 0 1
  outer loop
    vertex -15 60 10
    vertex -17.7 50 10
    vertex -17.781362911207058 49.32991613999483 10
  endloop
endfacet
facet normal 0 0 1
  outer loop
    vertex -18 60 10
    vertex -19.5071063162809 52.61804547951916 10
    vertex -18.909418709152764 52.30435482450224 10
  endloop
endfacet
facet normal 0 0 0.9999999999999999
  outer loop
    vertex -18 60 10
    vertex -18.909418709152764 52.30435482450224 10
    vertex -15 60 10
  endloop
endfacet
facet normal 0 0 1
  outer loop
    vertex -26 52 10
    vertex -26 -52 10
    vertex -22.595830094879084 -48.14325655692577 10
  endloop
endfacet
facet normal 0 0 1
  outer loop
    vertex -26 52 10
    vertex -23.218637088792946 50.670083860005164 10
    vertex -22.979276871828986 51.301224881722554 10
  endloop
endfacet
facet normal 0 0 1
  outer loop
    vertex -26 52 10
    vertex -23.3 50 10
    vertex -23.218637088792946 50.670083860005164 10
  endloop
endfacet
facet normal 0 0 1
  outer loop
    vertex -26 52 10
    vertex -23.218637088792946 49.32991613999484 10
    vertex -23.3 50 10
  endloop
endfacet
facet normal 0 0 1
  outer loop
    vertex -26 52 10
    vertex -22.97927687182899 48.69877511827745 10
    vertex -23.218637088792946 49.32991613999484 10
  endloop
endfacet
facet normal 0 0 1
  outer loop
    vertex -26 52 10
    vertex -22.595830094879087 48.14325655692578 10
    vertex -22.97927687182899 48.69877511827745 10
  endloop
endfacet
facet normal 0 0 1
  outer loop
    vertex -26 52 10
    vertex -22.595830094879084 -48.14325655692577 10
    vertex -22.595830094879087 48.14325655692578 10
  endloop
endfacet
facet normal 0 0 1
  outer loop
    vertex -25.878462024097665 53.38918542133545 10
    vertex -22.979276871828986 51.301224881722554 10
    vertex -22.595830094879084 51.85674344307423 10
  endloop
endfacet
facet normal 0 0 1
  outer loop
    vertex -25.878462024097665 53.38918542133545 10
    vertex -26 52 10
    vertex -22.979276871828986 51.301224881722554 10
  endloop
endfacet
facet normal 0 0 1
  outer loop
    vertex -19.389185421335448 59.878462024097665 10
    vertex -19.5071063162809 52.61804547951916 10
    vertex -18 60 10
  endloop
endfacet
facet normal 0 0 1
  outer loop
    vertex -19.389185421335448 59.878462024097665 10
    vertex -20.162497295285096 52.77958484747455 10
    vertex -19.5071063162809 52.61804547951916 10
  endloop
endfacet
facet normal 0 0 0.9999999999999999
  outer loop
    vertex -20.736161146605355 59.517540966287264 10
    vertex -20.162497295285096 52.77958484747455 10
    vertex -19.389185421335448 59.878462024097665 10
  endloop
endfacet
facet normal 0 0 1
  outer loop
    vertex -25.517540966287264 54.736161146605355 10
    vertex -25.878462024097665 53.38918542133545 10
    vertex -22.595830094879084 51.85674344307423 10
  endloop
endfacet
facet normal 0 0 1
  outer loop
    vertex -25.517540966287264 54.736161146605355 10
    vertex -22.595830094879084 51.85674344307423 10
    vertex -22.090581290847236 52.30435482450224 10
  endloop
endfacet
facet normal 0 0 1
  outer loop
    vertex -22.000000000000004 58.92820323027551 10
    vertex -20.162497295285096 52.77958484747455 10
    vertex -20.736161146605355 59.517540966287264 10
  endloop
endfacet
facet normal 0 0 1
  outer loop
    vertex -22.000000000000004 58.92820323027551 10
    vertex -20.837502704714904 52.77958484747455 10
    vertex -20.162497295285096 52.77958484747455 10
  endloop
endfacet
facet normal 0 0 1
  outer loop
    vertex -24.928203230275507 56 10
    vertex -25.517540966287264 54.736161146605355 10
    vertex -22.090581290847236 52.30435482450224 10
  endloop
endfacet
facet normal 0 0 0.9999999999999999
  outer loop
    vertex -24.928203230275507 56 10
    vertex -22.090581290847236 52.30435482450224 10
    vertex -21.4928936837191 52.61804547951916 10
  endloop
endfacet
facet normal 0 0 1
  outer loop
    vertex -23.142300877492318 58.12835554495182 10
    vertex -20.837502704714904 52.77958484747455 10
    vertex -22.000000000000004 58.92820323027551 10
  endloop
endfacet
facet normal 0 0 1
  outer loop
    vertex -24.128355544951823 57.14230087749232 10
    vertex -20.837502704714904 52.77958484747455 10
    vertex -23.142300877492318 58.12835554495182 10
  endloop
endfacet
facet normal 0 0 1
  outer loop
    vertex -24.128355544951823 57.14230087749232 10
    vertex -24.928203230275507 56 10
    vertex -21.4928936837191 52.61804547951916 10
  endloop
endfacet
facet normal 0 0 0.9999999999999999
  outer loop
    vertex -24.128355544951823 57.14230087749232 10
    vertex -21.4928936837191 52.61804547951916 10
    vertex -20.837502704714904 52.77958484747455 10
  endloop
endfacet
facet normal 0 0 1
  outer loop
    vertex -15 60 10
    vertex -17.781362911207054 -49.329916139994836 10
    vertex -15 -60 10
  endloop
endfacet
facet normal 0 0 1
  outer loop
    vertex -15 60 10
    vertex -18.020723128171014 -48.698775118277446 10
    vertex -17.781362911207054 -49.329916139994836 10
  endloop
endfacet
facet normal 0 0 1
  outer loop
    vertex -15 60 10
    vertex -17.781362911207058 49.32991613999483 10
    vertex -18.020723128171014 -48.698775118277446 10
  endloop
endfacet
facet normal 0 0 1
  outer loop
    vertex -17.781362911207058 49.32991613999483 10
    vertex -18.020723128171017 48.69877511827744 10
    vertex -18.020723128171014 -48.698775118277446 10
  endloop
endfacet
facet normal 1 0 0
  outer loop
    vertex -15 60 10
    vertex -15 -60 10
    vertex -15 -60 5
  endloop
endfacet
facet normal 1 0 0
  outer loop
    vertex -15 60 10
    vertex -15 -60 5
    vertex -15 60 5
  endloop
endfacet
facet normal 0 0 1
  outer loop
    vertex 53.48443440637832 -8.4212449234555 5
    vertex 51.10016416405338 -12.733833270732529 5
    vertex 52.41342775981302 -10.64450654082478 5
  endloop
endfacet
facet normal 0 0 0.9999999999999999
  outer loop
    vertex 41.57240668095411 -20.32809420074195 5
    vertex 43.79613378198724 -19.258054371396653 5
    vertex 45.88603134609889 -17.94569937834991 5
  endloop
endfacet
facet normal 0 0 1
  outer loop
    vertex 41.57240668095411 -20.32809420074195 5
    vertex 45.88603134609889 -17.94569937834991 5
    vertex 47.81580316181304 -16.407541975633976 5
  endloop
endfacet
facet normal 0 0 1
  outer loop
    vertex 41.57240668095411 -20.32809420074195 5
    vertex 47.81580316181304 -16.407541975633976 5
    vertex 49.56116780565807 -14.662936084244686 5
  endloop
endfacet
facet normal 0 0 1
  outer loop
    vertex 55.12537077164727 -1.2338909449639208 5
    vertex 53.48443440637832 -8.4212449234555 5
    vertex 54.29970812399128 -6.09202268811082 5
  endloop
endfacet
facet normal 0 0 1
  outer loop
    vertex 55.12537077164727 -1.2338909449639208 5
    vertex 54.29970812399128 -6.09202268811082 5
    vertex 54.84899070169584 -3.686147357574187 5
  endloop
endfacet
facet normal 0 0 1
  outer loop
    vertex 34.38433987190988 -21.965905214173436 5
    vertex 36.836716227952756 -21.6905914575677 5
    vertex 39.24283016945062 -21.14235505164033 5
  endloop
endfacet
facet normal 0 0 1
  outer loop
    vertex 34.38433987190988 -21.965905214173436 5
    vertex 39.24283016945062 -21.14235505164033 5
    vertex 41.57240668095411 -20.32809420074195 5
  endloop
endfacet
facet normal 0 0 0.9999999999999999
  outer loop
    vertex 34.38433987190988 -21.965905214173436 5
    vertex 41.57240668095411 -20.32809420074195 5
    vertex 49.56116780565807 -14.662936084244686 5
  endloop
endfacet
facet normal 0 0 1
  outer loop
    vertex 54.84899070169588 3.686147357573926 5
    vertex 55.12537077164727 -1.2338909449639208 5
    vertex 55.12537077164728 1.2338909449636564 5
  endloop
endfacet
facet normal 0 0 0.9999999999999999
  outer loop
    vertex 54.84899070169588 3.686147357573926 5
    vertex 53.48443440637832 -8.4212449234555 5
    vertex 55.12537077164727 -1.2338909449639208 5
  endloop
endfacet
facet normal 0 0 1
  outer loop
    vertex 29.46442220973497 -21.68738584514279 5
    vertex 31.916558215270864 -21.964832176185404 5
    vertex 34.38433987190988 -21.965905214173436 5
  endloop
endfacet
facet normal 0 0 1
  outer loop
    vertex 54.29970812399135 6.092022688110566 5
    vertex 53.48443440637832 -8.4212449234555 5
    vertex 54.84899070169588 3.686147357573926 5
  endloop
endfacet
facet normal 0 0 1
  outer loop
    vertex 53.48443440637842 8.421244923455257 5
    vertex 49.56116780565807 -14.662936084244686 5
    vertex 51.10016416405338 -12.733833270732529 5
  endloop
endfacet
facet normal 0 0 1
  outer loop
    vertex 53.48443440637842 8.421244923455257 5
    vertex 51.10016416405338 -12.733833270732529 5
    vertex 53.48443440637832 -8.4212449234555 5
  endloop
endfacet
facet normal 0 0 1
  outer loop
    vertex 53.48443440637842 8.421244923455257 5
    vertex 53.48443440637832 -8.4212449234555 5
    vertex 54.29970812399135 6.092022688110566 5
  endloop
endfacet
facet normal 0 0 1
  outer loop
    vertex 24.7299184262263 -20.32077076932667 5
    vertex 27.05878594503217 -21.137057199512498 5
    vertex 29.46442220973497 -21.68738584514279 5
  endloop
endfacet
facet normal 0 0 1
  outer loop
    vertex 22.507122712867172 -19.24879750803383 5
    vertex 24.7299184262263 -20.32077076932667 5
    vertex 29.46442220973497 -21.68738584514279 5
  endloop
endfacet
facet normal 0 0 1
  outer loop
    vertex 18.489933765607184 -16.394790534756087 5
    vertex 22.507122712867172 -19.24879750803383 5
    vertex 29.46442220973497 -21.68738584514279 5
  endloop
endfacet
facet normal 0 0 1
  outer loop
    vertex 18.489933765607184 -16.394790534756087 5
    vertex 29.46442220973497 -21.68738584514279 5
    vertex 34.38433987190988 -21.965905214173436 5
  endloop
endfacet
facet normal 0 0 1
  outer loop
    vertex 18.489933765607184 -16.394790534756087 5
    vertex 20.418367212186894 -17.934625557856684 5
    vertex 22.507122712867172 -19.24879750803383 5
  endloop
endfacet
facet normal 0 0 1
  outer loop
    vertex 18.489933765607184 -16.394790534756087 5
    vertex 34.38433987190988 -21.965905214173436 5
    vertex 49.56116780565807 -14.662936084244686 5
  endloop
endfacet
facet normal 0 0 1
  outer loop
    vertex 47.815803161813236 16.407541975633794 5
    vertex 52.41342775981314 10.644506540824548 5
    vertex 51.10016416405354 12.733833270732314 5
  endloop
endfacet
facet normal 0 0 1
  outer loop
    vertex 47.815803161813236 16.407541975633794 5
    vertex 51.10016416405354 12.733833270732314 5
    vertex 49.56116780565826 14.662936084244487 5
  endloop
endfacet
facet normal 0 0 1
  outer loop
    vertex 16.746086956521737 -14.64866746844689 5
    vertex 18.489933765607184 -16.394790534756087 5
    vertex 49.56116780565807 -14.662936084244686 5
  endloop
endfacet
facet normal 0 0 1
  outer loop
    vertex 15 -15.314515989739936 5
    vertex -15 -60 5
    vertex 15 -60 5
  endloop
endfacet
facet normal -1.3512734903929667e-14 9.071895630017385e-15 0.9999999999999999
  outer loop
    vertex 15.028970953978753 -15.075554503757218 4.999999999999998
    vertex -15 -60 5
    vertex 15 -15.314515989739936 5
  endloop
endfacet
facet normal 0 0 1
  outer loop
    vertex 45.8860313460991 17.945699378349758 5
    vertex 52.41342775981314 10.644506540824548 5
    vertex 47.815803161813236 16.407541975633794 5
  endloop
endfacet
facet normal 0 0 1
  outer loop
    vertex 45.8860313460991 17.945699378349758 5
    vertex 53.48443440637842 8.421244923455257 5
    vertex 52.41342775981314 10.644506540824548 5
  endloop
endfacet
facet normal 0 0 1
  outer loop
    vertex 43.79613378198747 19.258054371396526 5
    vertex 53.48443440637842 8.421244923455257 5
    vertex 45.8860313460991 17.945699378349758 5
  endloop
endfacet
facet normal 0 0 1
  outer loop
    vertex 41.57240668095436 20.32809420074185 5
    vertex 53.48443440637842 8.421244923455257 5
    vertex 43.79613378198747 19.258054371396526 5
  endloop
endfacet
facet normal 0 0 1
  outer loop
    vertex 31.916558215271127 21.964832176185418 5
    vertex 49.56116780565807 -14.662936084244686 5
    vertex 53.48443440637842 8.421244923455257 5
  endloop
endfacet
facet normal 0 0 1
  outer loop
    vertex 31.916558215271127 21.964832176185418 5
    vertex 53.48443440637842 8.421244923455257 5
    vertex 41.57240668095436 20.32809420074185 5
  endloop
endfacet
facet normal 0 0 1
  outer loop
    vertex 31.916558215271127 21.964832176185418 5
    vertex 41.57240668095436 20.32809420074185 5
    vertex 39.242830169450876 21.142355051640255 5
  endloop
endfacet
facet normal 0 0 1
  outer loop
    vertex 31.916558215271127 21.964832176185418 5
    vertex 39.242830169450876 21.142355051640255 5
    vertex 36.83671622795302 21.690591457567653 5
  endloop
endfacet
facet normal 0 0 1
  outer loop
    vertex 31.916558215271127 21.964832176185418 5
    vertex 36.83671622795302 21.690591457567653 5
    vertex 34.38433987191014 21.965905214173418 5
  endloop
endfacet
facet normal 0 0 1
  outer loop
    vertex 27.058785945032405 21.137057199512565 5
    vertex 31.916558215271127 21.964832176185418 5
    vertex 29.464422209735233 21.687385845142835 5
  endloop
endfacet
facet normal 0 0 1
  outer loop
    vertex 20.41836721218705 17.93462555785679 5
    vertex 27.058785945032405 21.137057199512565 5
    vertex 24.72991842622651 20.320770769326757 5
  endloop
endfacet
facet normal 0 0 0.9999999999999999
  outer loop
    vertex 20.41836721218705 17.93462555785679 5
    vertex 24.72991842622651 20.320770769326757 5
    vertex 22.50712271286735 19.248797508033935 5
  endloop
endfacet
facet normal 0 0 1
  outer loop
    vertex 20.41836721218705 17.93462555785679 5
    vertex 31.916558215271127 21.964832176185418 5
    vertex 27.058785945032405 21.137057199512565 5
  endloop
endfacet
facet normal 0 0 1
  outer loop
    vertex 18.489933765607304 16.394790534756197 5
    vertex 16.746086956521737 -14.64866746844689 5
    vertex 49.56116780565807 -14.662936084244686 5
  endloop
endfacet
facet normal 0 0 1
  outer loop
    vertex 18.489933765607304 16.394790534756197 5
    vertex 16.746086956521754 14.648667468446913 5
    vertex 16.746086956521737 -14.64866746844689 5
  endloop
endfacet
facet normal 0 0 1
  outer loop
    vertex 18.489933765607304 16.394790534756197 5
    vertex 49.56116780565807 -14.662936084244686 5
    vertex 31.916558215271127 21.964832176185418 5
  endloop
endfacet
facet normal 0 0 1
  outer loop
    vertex 18.489933765607304 16.394790534756197 5
    vertex 31.916558215271127 21.964832176185418 5
    vertex 20.41836721218705 17.93462555785679 5
  endloop
endfacet
facet normal -9.828950905049835e-15 5.959492288948004e-30 1
  outer loop
    vertex 16.565359953552637 14.48967168751135 4.999999999999998
    vertex 16.746086956521737 -14.64866746844689 5
    vertex 16.746086956521754 14.648667468446913 5
  endloop
endfacet
facet normal -9.828950905049436e-15 8.434840470232101e-30 1
  outer loop
    vertex 16.565359953552637 14.48967168751135 4.999999999999998
    vertex 16.565359953552612 -14.489671687511333 4.999999999999998
    vertex 16.746086956521737 -14.64866746844689 5
  endloop
endfacet
facet normal 0 0 1
  outer loop
    vertex 16.35187491619191 14.378468959214793 4.999999999999998
    vertex 16.565359953552612 -14.489671687511333 4.999999999999998
    vertex 16.565359953552637 14.48967168751135 4.999999999999998
  endloop
endfacet
facet normal 0 0 1
  outer loop
    vertex 16.35187491619191 14.378468959214793 4.999999999999998
    vertex 16.351874916191882 -14.378468959214782 4.999999999999998
    vertex 16.565359953552612 -14.489671687511333 4.999999999999998
  endloop
endfacet
facet normal 0 0 1
  outer loop
    vertex 16.118001574824632 14.321502581804822 4.999999999999998
    vertex 16.118001574824607 -14.321502581804818 4.999999999999998
    vertex 16.351874916191882 -14.378468959214782 4.999999999999998
  endloop
endfacet
facet normal 0 0 1
  outer loop
    vertex 16.118001574824632 14.321502581804822 4.999999999999998
    vertex 15.877290997070004 -14.322073295878004 4.999999999999998
    vertex 16.118001574824607 -14.321502581804818 4.999999999999998
  endloop
endfacet
facet normal 0 0 1
  outer loop
    vertex 16.118001574824632 14.321502581804822 4.999999999999998
    vertex 16.351874916191882 -14.378468959214782 4.999999999999998
    vertex 16.35187491619191 14.378468959214793 4.999999999999998
  endloop
endfacet
facet normal 0 0 1
  outer loop
    vertex 15.877290997070027 14.322073295878 4.999999999999998
    vertex 15.877290997070004 -14.322073295878004 4.999999999999998
    vertex 16.118001574824632 14.321502581804822 4.999999999999998
  endloop
endfacet
facet normal 0 0 1
  outer loop
    vertex 15.877290997070027 14.322073295878 4.999999999999998
    vertex 15.643690413068729 -14.380148033172038 4.999999999999998
    vertex 15.877290997070004 -14.322073295878004 4.999999999999998
  endloop
endfacet
facet normal 0 0 1
  outer loop
    vertex 15.643690413068747 14.38014803317203 4.999999999999998
    vertex 15.643690413068729 -14.380148033172038 4.999999999999998
    vertex 15.877290997070027 14.322073295878 4.999999999999998
  endloop
endfacet
facet normal 0 0 1
  outer loop
    vertex 15.430735086357815 14.492361832603965 4.999999999999998
    vertex 15.643690413068729 -14.380148033172038 4.999999999999998
    vertex 15.643690413068747 14.38014803317203 4.999999999999998
  endloop
endfacet
facet normal 0 0 1
  outer loop
    vertex 15.430735086357815 14.492361832603965 4.999999999999998
    vertex 15.430735086357801 -14.492361832603976 4.999999999999998
    vertex 15.643690413068729 -14.380148033172038 4.999999999999998
  endloop
endfacet
facet normal 0 0 1
  outer loop
    vertex 15.25076405487658 14.652212812535556 4.999999999999998
    vertex 15.25076405487657 -14.652212812535566 4.999999999999998
    vertex 15.430735086357801 -14.492361832603976 4.999999999999998
  endloop
endfacet
facet normal 0 0 1
  outer loop
    vertex 15.25076405487658 14.652212812535556 4.999999999999998
    vertex 15.430735086357801 -14.492361832603976 4.999999999999998
    vertex 15.430735086357815 14.492361832603965 4.999999999999998
  endloop
endfacet
facet normal 0 0 1
  outer loop
    vertex 15.114205183566142 14.850438902200688 4.999999999999998
    vertex 15.114205183566137 -14.850438902200699 4.999999999999998
    vertex 15.25076405487657 -14.652212812535566 4.999999999999998
  endloop
endfacet
facet normal 0 0 1
  outer loop
    vertex 15.114205183566142 14.850438902200688 4.999999999999998
    vertex 15.028970953978753 -15.075554503757218 4.999999999999998
    vertex 15.114205183566137 -14.850438902200699 4.999999999999998
  endloop
endfacet
facet normal 0 0 1
  outer loop
    vertex 15.114205183566142 14.850438902200688 4.999999999999998
    vertex 15.25076405487657 -14.652212812535566 4.999999999999998
    vertex 15.25076405487658 14.652212812535556 4.999999999999998
  endloop
endfacet
facet normal 0 0 1
  outer loop
    vertex 15.028970953978757 15.075554503757209 4.999999999999998
    vertex 15.028970953978753 -15.075554503757218 4.999999999999998
    vertex 15.114205183566142 14.850438902200688 4.999999999999998
  endloop
endfacet
facet normal 0 0 1
  outer loop
    vertex -15 60 5
    vertex 15 15.314515989739931 5
    vertex 15 60 5
  endloop
endfacet
facet normal -1.351273490393021e-14 -9.071895630017748e-15 1
  outer loop
    vertex -15 60 5
    vertex 15.028970953978757 15.075554503757209 4.999999999999998
    vertex 15 15.314515989739931 5
  endloop
endfacet
facet normal 5.915476897701979e-17 0 1
  outer loop
    vertex -15 60 5
    vertex -15 -60 5
    vertex 15.028970953978753 -15.075554503757218 4.999999999999998
  endloop
endfacet
facet normal 5.915476897701976e-17 -6.970223113802029e-33 1
  outer loop
    vertex -15 60 5
    vertex 15.028970953978753 -15.075554503757218 4.999999999999998
    vertex 15.028970953978757 15.075554503757209 4.999999999999998
  endloop
endfacet
facet normal -0.08715574274765767 -0.9961946980917455 0
  outer loop
    vertex -19.389185421335444 -59.878462024097665 10
    vertex -19.389185421335444 -59.878462024097665 0
    vertex -18 -60 0
  endloop
endfacet
facet normal -0.2588190451025233 -0.9659258262890675 0
  outer loop
    vertex -19.389185421335444 -59.878462024097665 10
    vertex -20.73616114660535 -59.517540966287264 0
    vertex -19.389185421335444 -59.878462024097665 0
  endloop
endfacet
facet normal -0.08715574274765767 -0.9961946980917455 0
  outer loop
    vertex -19.389185421335444 -59.878462024097665 10
    vertex -18 -60 0
    vertex -18 -60 10
  endloop
endfacet
facet normal -0.2588190451025233 -0.9659258262890675 0
  outer loop
    vertex -20.73616114660535 -59.517540966287264 10
    vertex -20.73616114660535 -59.517540966287264 0
    vertex -19.389185421335444 -59.878462024097665 10
  endloop
endfacet
facet normal -0.42261826174069916 -0.9063077870366502 0
  outer loop
    vertex -22 -58.92820323027551 10
    vertex -22 -58.92820323027551 0
    vertex -20.73616114660535 -59.517540966287264 0
  endloop
endfacet
facet normal -0.5735764363510446 -0.8191520442889929 0
  outer loop
    vertex -22 -58.92820323027551 10
    vertex -23.142300877492318 -58.12835554495182 0
    vertex -22 -58.92820323027551 0
  endloop
endfacet
facet normal -0.42261826174069916 -0.9063077870366502 0
  outer loop
    vertex -22 -58.92820323027551 10
    vertex -20.73616114660535 -59.517540966287264 0
    vertex -20.73616114660535 -59.517540966287264 10
  endloop
endfacet
facet normal -0.5735764363510446 -0.8191520442889929 0
  outer loop
    vertex -23.142300877492318 -58.12835554495182 10
    vertex -23.142300877492318 -58.12835554495182 0
    vertex -22 -58.92820323027551 10
  endloop
endfacet
facet normal -0.7071067811865499 -0.7071067811865449 0
  outer loop
    vertex -24.128355544951823 -57.14230087749231 10
    vertex -24.128355544951823 -57.14230087749231 0
    vertex -23.142300877492318 -58.12835554495182 0
  endloop
endfacet
facet normal -0.7071067811865499 -0.7071067811865449 0
  outer loop
    vertex -24.128355544951823 -57.14230087749231 10
    vertex -23.142300877492318 -58.12835554495182 0
    vertex -23.142300877492318 -58.12835554495182 10
  endloop
endfacet
facet normal -0.81915204428899 -0.5735764363510487 0
  outer loop
    vertex -24.92820323027551 -56 10
    vertex -24.92820323027551 -56 0
    vertex -24.128355544951823 -57.14230087749231 0
  endloop
endfacet
facet normal -0.9063077870366506 -0.42261826174069816 0
  outer loop
    vertex -24.92820323027551 -56 10
    vertex -25.517540966287267 -54.73616114660535 0
    vertex -24.92820323027551 -56 0
  endloop
endfacet
facet normal -0.81915204428899 -0.5735764363510487 0
  outer loop
    vertex -24.92820323027551 -56 10
    vertex -24.128355544951823 -57.14230087749231 0
    vertex -24.128355544951823 -57.14230087749231 10
  endloop
endfacet
facet normal -0.9659258262890682 -0.25881904510252096 0
  outer loop
    vertex -25.517540966287267 -54.73616114660535 10
    vertex -25.878462024097665 -53.38918542133544 0
    vertex -25.517540966287267 -54.73616114660535 0
  endloop
endfacet
facet normal -0.9063077870366506 -0.42261826174069816 0
  outer loop
    vertex -25.517540966287267 -54.73616114660535 10
    vertex -25.517540966287267 -54.73616114660535 0
    vertex -24.92820323027551 -56 10
  endloop
endfacet
facet normal -0.9659258262890682 -0.25881904510252096 0
  outer loop
    vertex -25.878462024097665 -53.38918542133544 10
    vertex -25.878462024097665 -53.38918542133544 0
    vertex -25.517540966287267 -54.73616114660535 10
  endloop
endfacet
facet normal -0.9961946980917454 -0.08715574274765789 0
  outer loop
    vertex -26 -52 10
    vertex -26 -52 0
    vertex -25.878462024097665 -53.38918542133544 0
  endloop
endfacet
facet normal -0.9961946980917454 -0.08715574274765789 0
  outer loop
    vertex -26 -52 10
    vertex -25.878462024097665 -53.38918542133544 0
    vertex -25.878462024097665 -53.38918542133544 10
  endloop
endfacet
facet normal -1 0 0
  outer loop
    vertex -26 52 0
    vertex -26 -52 0
    vertex -26 -52 10
  endloop
endfacet
facet normal -1 0 0
  outer loop
    vertex -26 52 0
    vertex -26 -52 10
    vertex -26 52 10
  endloop
endfacet
facet normal -0.992708874098054 -0.12053668025532377 0
  outer loop
    vertex -17.781362911207054 -49.329916139994836 10
    vertex -17.7 -50 0
    vertex -17.7 -50 10
  endloop
endfacet
facet normal -0.992708874098054 -0.12053668025532377 0
  outer loop
    vertex -17.781362911207054 -49.329916139994836 10
    vertex -17.781362911207054 -49.329916139994836 0
    vertex -17.7 -50 0
  endloop
endfacet
facet normal -0.9350162426854142 -0.35460488704253734 0
  outer loop
    vertex -18.020723128171014 -48.698775118277446 10
    vertex -18.020723128171014 -48.698775118277446 0
    vertex -17.781362911207054 -49.329916139994836 0
  endloop
endfacet
facet normal -0.9350162426854142 -0.35460488704253734 0
  outer loop
    vertex -18.020723128171014 -48.698775118277446 10
    vertex -17.781362911207054 -49.329916139994836 0
    vertex -17.781362911207054 -49.329916139994836 10
  endloop
endfacet
facet normal -0.822983865893658 -0.5680647467311534 0
  outer loop
    vertex -18.404169905120916 -48.14325655692577 10
    vertex -18.404169905120916 -48.14325655692577 0
    vertex -18.020723128171014 -48.698775118277446 0
  endloop
endfacet
facet normal -0.822983865893658 -0.5680647467311534 0
  outer loop
    vertex -18.404169905120916 -48.14325655692577 10
    vertex -18.020723128171014 -48.698775118277446 0
    vertex -18.020723128171014 -48.698775118277446 10
  endloop
endfacet
facet normal -0.6631226582407949 -0.7485107481711015 0
  outer loop
    vertex -18.909418709152764 -47.69564517549776 10
    vertex -18.909418709152764 -47.69564517549776 0
    vertex -18.404169905120916 -48.14325655692577 0
  endloop
endfacet
facet normal -0.4647231720437643 -0.8854560256532121 0
  outer loop
    vertex -18.909418709152764 -47.69564517549776 10
    vertex -19.5071063162809 -47.38195452048084 0
    vertex -18.909418709152764 -47.69564517549776 0
  endloop
endfacet
facet normal -0.6631226582407949 -0.7485107481711015 0
  outer loop
    vertex -18.909418709152764 -47.69564517549776 10
    vertex -18.404169905120916 -48.14325655692577 0
    vertex -18.404169905120916 -48.14325655692577 10
  endloop
endfacet
facet normal -0.4647231720437643 -0.8854560256532121 0
  outer loop
    vertex -19.5071063162809 -47.38195452048084 10
    vertex -19.5071063162809 -47.38195452048084 0
    vertex -18.909418709152764 -47.69564517549776 10
  endloop
endfacet
facet normal -0.23931566428756057 -0.9709418174260512 0
  outer loop
    vertex -20.162497295285096 -47.22041515252545 10
    vertex -20.162497295285096 -47.22041515252545 0
    vertex -19.5071063162809 -47.38195452048084 0
  endloop
endfacet
facet normal 0 -0.9999999999999999 0
  outer loop
    vertex -20.162497295285096 -47.22041515252545 10
    vertex -20.837502704714904 -47.22041515252545 0
    vertex -20.162497295285096 -47.22041515252545 0
  endloop
endfacet
facet normal -0.23931566428756057 -0.9709418174260512 0
  outer loop
    vertex -20.162497295285096 -47.22041515252545 10
    vertex -19.5071063162809 -47.38195452048084 0
    vertex -19.5071063162809 -47.38195452048084 10
  endloop
endfacet
facet normal 0 -0.9999999999999999 0
  outer loop
    vertex -20.837502704714904 -47.22041515252545 10
    vertex -20.837502704714904 -47.22041515252545 0
    vertex -20.162497295285096 -47.22041515252545 10
  endloop
endfacet
facet normal 0.23931566428756057 -0.9709418174260512 0
  outer loop
    vertex -21.4928936837191 -47.38195452048084 10
    vertex -21.4928936837191 -47.38195452048084 0
    vertex -20.837502704714904 -47.22041515252545 0
  endloop
endfacet
facet normal 0.23931566428756057 -0.9709418174260512 0
  outer loop
    vertex -21.4928936837191 -47.38195452048084 10
    vertex -20.837502704714904 -47.22041515252545 0
    vertex -20.837502704714904 -47.22041515252545 10
  endloop
endfacet
facet normal 0.4647231720437643 -0.8854560256532121 0
  outer loop
    vertex -22.090581290847236 -47.69564517549776 10
    vertex -22.090581290847236 -47.69564517549776 0
    vertex -21.4928936837191 -47.38195452048084 0
  endloop
endfacet
facet normal 0.6631226582407949 -0.7485107481711015 0
  outer loop
    vertex -22.090581290847236 -47.69564517549776 10
    vertex -22.595830094879084 -48.14325655692577 0
    vertex -22.090581290847236 -47.69564517549776 0
  endloop
endfacet
facet normal 0.4647231720437643 -0.8854560256532121 0
  outer loop
    vertex -22.090581290847236 -47.69564517549776 10
    vertex -21.4928936837191 -47.38195452048084 0
    vertex -21.4928936837191 -47.38195452048084 10
  endloop
endfacet
facet normal 0.6631226582407949 -0.7485107481711015 0
  outer loop
    vertex -22.595830094879084 -48.14325655692577 10
    vertex -22.595830094879084 -48.14325655692577 0
    vertex -22.090581290847236 -47.69564517549776 10
  endloop
endfacet
facet normal 0.822983865893658 -0.5680647467311534 0
  outer loop
    vertex -22.979276871828986 -48.698775118277446 10
    vertex -22.595830094879084 -48.14325655692577 0
    vertex -22.595830094879084 -48.14325655692577 10
  endloop
endfacet
facet normal 0.822983865893658 -0.5680647467311534 0
  outer loop
    vertex -22.979276871828986 -48.698775118277446 10
    vertex -22.979276871828986 -48.698775118277446 0
    vertex -22.595830094879084 -48.14325655692577 0
  endloop
endfacet
facet normal 0.9350162426854142 -0.35460488704253734 0
  outer loop
    vertex -23.218637088792946 -49.329916139994836 10
    vertex -22.979276871828986 -48.698775118277446 0
    vertex -22.979276871828986 -48.698775118277446 10
  endloop
endfacet
facet normal 0.9350162426854142 -0.35460488704253734 0
  outer loop
    vertex -23.218637088792946 -49.329916139994836 10
    vertex -23.218637088792946 -49.329916139994836 0
    vertex -22.979276871828986 -48.698775118277446 0
  endloop
endfacet
facet normal 0.992708874098054 -0.12053668025532377 0
  outer loop
    vertex -23.218637088792946 -49.329916139994836 10
    vertex -23.3 -50 0
    vertex -23.218637088792946 -49.329916139994836 0
  endloop
endfacet
facet normal 0.992708874098054 -0.12053668025532377 0
  outer loop
    vertex -23.3 -50 10
    vertex -23.3 -50 0
    vertex -23.218637088792946 -49.329916139994836 10
  endloop
endfacet
facet normal 0.9927088740980536 0.120536680255325 0
  outer loop
    vertex -23.218637088792946 -50.67008386000516 10
    vertex -23.3 -50 0
    vertex -23.3 -50 10
  endloop
endfacet
facet normal 0.9927088740980536 0.120536680255325 0
  outer loop
    vertex -23.218637088792946 -50.67008386000516 10
    vertex -23.218637088792946 -50.67008386000516 0
    vertex -23.3 -50 0
  endloop
endfacet
facet normal 0.9350162426854158 0.35460488704253273 0
  outer loop
    vertex -23.218637088792946 -50.67008386000516 10
    vertex -22.97927687182899 -51.30122488172255 0
    vertex -23.218637088792946 -50.67008386000516 0
  endloop
endfacet
facet normal 0.9350162426854158 0.35460488704253273 0
  outer loop
    vertex -22.97927687182899 -51.30122488172255 10
    vertex -22.97927687182899 -51.30122488172255 0
    vertex -23.218637088792946 -50.67008386000516 10
  endloop
endfacet
facet normal 0.822983865893658 0.5680647467311534 0
  outer loop
    vertex -22.595830094879087 -51.85674344307422 10
    vertex -22.97927687182899 -51.30122488172255 0
    vertex -22.97927687182899 -51.30122488172255 10
  endloop
endfacet
facet normal 0.822983865893658 0.5680647467311534 0
  outer loop
    vertex -22.595830094879087 -51.85674344307422 10
    vertex -22.595830094879087 -51.85674344307422 0
    vertex -22.97927687182899 -51.30122488172255 0
  endloop
endfacet
facet normal 0.6631226582407949 0.7485107481711015 0
  outer loop
    vertex -22.09058129084724 -52.304354824502234 10
    vertex -22.595830094879087 -51.85674344307422 0
    vertex -22.595830094879087 -51.85674344307422 10
  endloop
endfacet
facet normal 0.6631226582407949 0.7485107481711015 0
  outer loop
    vertex -22.09058129084724 -52.304354824502234 10
    vertex -22.09058129084724 -52.304354824502234 0
    vertex -22.595830094879087 -51.85674344307422 0
  endloop
endfacet
facet normal 0.4647231720437747 0.8854560256532067 0
  outer loop
    vertex -21.492893683719107 -52.61804547951916 10
    vertex -22.09058129084724 -52.304354824502234 0
    vertex -22.09058129084724 -52.304354824502234 10
  endloop
endfacet
facet normal 0.4647231720437747 0.8854560256532067 0
  outer loop
    vertex -21.492893683719107 -52.61804547951916 10
    vertex -21.492893683719107 -52.61804547951916 0
    vertex -22.09058129084724 -52.304354824502234 0
  endloop
endfacet
facet normal 0.23931566428756057 0.9709418174260512 0
  outer loop
    vertex -20.83750270471491 -52.77958484747455 10
    vertex -21.492893683719107 -52.61804547951916 0
    vertex -21.492893683719107 -52.61804547951916 10
  endloop
endfacet
facet normal 0.23931566428756057 0.9709418174260512 0
  outer loop
    vertex -20.83750270471491 -52.77958484747455 10
    vertex -20.83750270471491 -52.77958484747455 0
    vertex -21.492893683719107 -52.61804547951916 0
  endloop
endfacet
facet normal 0 0.9999999999999999 0
  outer loop
    vertex -20.162497295285103 -52.77958484747455 10
    vertex -20.83750270471491 -52.77958484747455 0
    vertex -20.83750270471491 -52.77958484747455 10
  endloop
endfacet
facet normal 0 0.9999999999999999 0
  outer loop
    vertex -20.162497295285103 -52.77958484747455 10
    vertex -20.162497295285103 -52.77958484747455 0
    vertex -20.83750270471491 -52.77958484747455 0
  endloop
endfacet
facet normal -0.23931566428755072 0.9709418174260539 0
  outer loop
    vertex -19.507106316280908 -52.61804547951917 10
    vertex -20.162497295285103 -52.77958484747455 0
    vertex -20.162497295285103 -52.77958484747455 10
  endloop
endfacet
facet normal -0.23931566428755072 0.9709418174260539 0
  outer loop
    vertex -19.507106316280908 -52.61804547951917 10
    vertex -19.507106316280908 -52.61804547951917 0
    vertex -20.162497295285103 -52.77958484747455 0
  endloop
endfacet
facet normal -0.4647231720437725 0.8854560256532078 0
  outer loop
    vertex -18.90941870915277 -52.30435482450224 10
    vertex -19.507106316280908 -52.61804547951917 0
    vertex -19.507106316280908 -52.61804547951917 10
  endloop
endfacet
facet normal -0.4647231720437725 0.8854560256532078 0
  outer loop
    vertex -18.90941870915277 -52.30435482450224 10
    vertex -18.90941870915277 -52.30435482450224 0
    vertex -19.507106316280908 -52.61804547951917 0
  endloop
endfacet
facet normal -0.6631226582407949 0.7485107481711015 0
  outer loop
    vertex -18.404169905120924 -51.85674344307423 10
    vertex -18.90941870915277 -52.30435482450224 0
    vertex -18.90941870915277 -52.30435482450224 10
  endloop
endfacet
facet normal -0.6631226582407949 0.7485107481711015 0
  outer loop
    vertex -18.404169905120924 -51.85674344307423 10
    vertex -18.404169905120924 -51.85674344307423 0
    vertex -18.90941870915277 -52.30435482450224 0
  endloop
endfacet
facet normal -0.8229838658936524 0.5680647467311619 0
  outer loop
    vertex -18.020723128171017 -51.30122488172256 10
    vertex -18.404169905120924 -51.85674344307423 0
    vertex -18.404169905120924 -51.85674344307423 10
  endloop
endfacet
facet normal -0.8229838658936524 0.5680647467311619 0
  outer loop
    vertex -18.020723128171017 -51.30122488172256 10
    vertex -18.020723128171017 -51.30122488172256 0
    vertex -18.404169905120924 -51.85674344307423 0
  endloop
endfacet
facet normal -0.9350162426854142 0.35460488704253734 0
  outer loop
    vertex -17.781362911207058 -50.67008386000517 10
    vertex -17.781362911207058 -50.67008386000517 0
    vertex -18.020723128171017 -51.30122488172256 0
  endloop
endfacet
facet normal -0.9927088740980535 0.1205366802553277 0
  outer loop
    vertex -17.781362911207058 -50.67008386000517 10
    vertex -17.7 -50 0
    vertex -17.781362911207058 -50.67008386000517 0
  endloop
endfacet
facet normal -0.9350162426854142 0.35460488704253734 0
  outer loop
    vertex -17.781362911207058 -50.67008386000517 10
    vertex -18.020723128171017 -51.30122488172256 0
    vertex -18.020723128171017 -51.30122488172256 10
  endloop
endfacet
facet normal -0.9927088740980535 0.1205366802553277 0
  outer loop
    vertex -17.7 -50 10
    vertex -17.7 -50 0
    vertex -17.781362911207058 -50.67008386000517 10
  endloop
endfacet
facet normal -0.992708874098054 -0.12053668025532377 0
  outer loop
    vertex -17.781362911207054 50.670083860005164 10
    vertex -17.7 50 0
    vertex -17.7 50 10
  endloop
endfacet
facet normal -0.992708874098054 -0.12053668025532377 0
  outer loop
    vertex -17.781362911207054 50.670083860005164 10
    vertex -17.781362911207054 50.670083860005164 0
    vertex -17.7 50 0
  endloop
endfacet
facet normal -0.9350162426854142 -0.35460488704253734 0
  outer loop
    vertex -18.020723128171014 51.301224881722554 10
    vertex -18.020723128171014 51.301224881722554 0
    vertex -17.781362911207054 50.670083860005164 0
  endloop
endfacet
facet normal -0.9350162426854142 -0.35460488704253734 0
  outer loop
    vertex -18.020723128171014 51.301224881722554 10
    vertex -17.781362911207054 50.670083860005164 0
    vertex -17.781362911207054 50.670083860005164 10
  endloop
endfacet
facet normal -0.822983865893658 -0.5680647467311534 0
  outer loop
    vertex -18.404169905120916 51.85674344307423 10
    vertex -18.404169905120916 51.85674344307423 0
    vertex -18.020723128171014 51.301224881722554 0
  endloop
endfacet
facet normal -0.822983865893658 -0.5680647467311534 0
  outer loop
    vertex -18.404169905120916 51.85674344307423 10
    vertex -18.020723128171014 51.301224881722554 0
    vertex -18.020723128171014 51.301224881722554 10
  endloop
endfacet
facet normal -0.6631226582407949 -0.7485107481711015 0
  outer loop
    vertex -18.909418709152764 52.30435482450224 10
    vertex -18.909418709152764 52.30435482450224 0
    vertex -18.404169905120916 51.85674344307423 0
  endloop
endfacet
facet normal -0.4647231720437643 -0.8854560256532121 0
  outer loop
    vertex -18.909418709152764 52.30435482450224 10
    vertex -19.5071063162809 52.61804547951916 0
    vertex -18.909418709152764 52.30435482450224 0
  endloop
endfacet
facet normal -0.6631226582407949 -0.7485107481711015 0
  outer loop
    vertex -18.909418709152764 52.30435482450224 10
    vertex -18.404169905120916 51.85674344307423 0
    vertex -18.404169905120916 51.85674344307423 10
  endloop
endfacet
facet normal -0.4647231720437643 -0.8854560256532121 0
  outer loop
    vertex -19.5071063162809 52.61804547951916 10
    vertex -19.5071063162809 52.61804547951916 0
    vertex -18.909418709152764 52.30435482450224 10
  endloop
endfacet
facet normal -0.23931566428756057 -0.9709418174260512 0
  outer loop
    vertex -20.162497295285096 52.77958484747455 10
    vertex -20.162497295285096 52.77958484747455 0
    vertex -19.5071063162809 52.61804547951916 0
  endloop
endfacet
facet normal 0 -0.9999999999999999 0
  outer loop
    vertex -20.162497295285096 52.77958484747455 10
    vertex -20.837502704714904 52.77958484747455 0
    vertex -20.162497295285096 52.77958484747455 0
  endloop
endfacet
facet normal -0.23931566428756057 -0.9709418174260512 0
  outer loop
    vertex -20.162497295285096 52.77958484747455 10
    vertex -19.5071063162809 52.61804547951916 0
    vertex -19.5071063162809 52.61804547951916 10
  endloop
endfacet
facet normal 0 -0.9999999999999999 0
  outer loop
    vertex -20.837502704714904 52.77958484747455 10
    vertex -20.837502704714904 52.77958484747455 0
    vertex -20.162497295285096 52.77958484747455 10
  endloop
endfacet
facet normal 0.23931566428756057 -0.9709418174260512 0
  outer loop
    vertex -21.4928936837191 52.61804547951916 10
    vertex -21.4928936837191 52.61804547951916 0
    vertex -20.837502704714904 52.77958484747455 0
  endloop
endfacet
facet normal 0.23931566428756057 -0.9709418174260512 0
  outer loop
    vertex -21.4928936837191 52.61804547951916 10
    vertex -20.837502704714904 52.77958484747455 0
    vertex -20.837502704714904 52.77958484747455 10
  endloop
endfacet
facet normal 0.4647231720437643 -0.8854560256532121 0
  outer loop
    vertex -22.090581290847236 52.30435482450224 10
    vertex -22.090581290847236 52.30435482450224 0
    vertex -21.4928936837191 52.61804547951916 0
  endloop
endfacet
facet normal 0.6631226582407949 -0.7485107481711015 0
  outer loop
    vertex -22.090581290847236 52.30435482450224 10
    vertex -22.595830094879084 51.85674344307423 0
    vertex -22.090581290847236 52.30435482450224 0
  endloop
endfacet
facet normal 0.4647231720437643 -0.8854560256532121 0
  outer loop
    vertex -22.090581290847236 52.30435482450224 10
    vertex -21.4928936837191 52.61804547951916 0
    vertex -21.4928936837191 52.61804547951916 10
  endloop
endfacet
facet normal 0.6631226582407949 -0.7485107481711015 0
  outer loop
    vertex -22.595830094879084 51.85674344307423 10
    vertex -22.595830094879084 51.85674344307423 0
    vertex -22.090581290847236 52.30435482450224 10
  endloop
endfacet
facet normal 0.822983865893658 -0.5680647467311534 0
  outer loop
    vertex -22.979276871828986 51.301224881722554 10
    vertex -22.595830094879084 51.85674344307423 0
    vertex -22.595830094879084 51.85674344307423 10
  endloop
endfacet
facet normal 0.822983865893658 -0.5680647467311534 0
  outer loop
    vertex -22.979276871828986 51.301224881722554 10
    vertex -22.979276871828986 51.301224881722554 0
    vertex -22.595830094879084 51.85674344307423 0
  endloop
endfacet
facet normal 0.9350162426854142 -0.35460488704253734 0
  outer loop
    vertex -23.218637088792946 50.670083860005164 10
    vertex -22.979276871828986 51.301224881722554 0
    vertex -22.979276871828986 51.301224881722554 10
  endloop
endfacet
facet normal 0.9350162426854142 -0.35460488704253734 0
  outer loop
    vertex -23.218637088792946 50.670083860005164 10
    vertex -23.218637088792946 50.670083860005164 0
    vertex -22.979276871828986 51.301224881722554 0
  endloop
endfacet
facet normal 0.992708874098054 -0.12053668025532377 0
  outer loop
    vertex -23.218637088792946 50.670083860005164 10
    vertex -23.3 50 0
    vertex -23.218637088792946 50.670083860005164 0
  endloop
endfacet
facet normal 0.992708874098054 -0.12053668025532377 0
  outer loop
    vertex -23.3 50 10
    vertex -23.3 50 0
    vertex -23.218637088792946 50.670083860005164 10
  endloop
endfacet
facet normal 0.9927088740980536 0.120536680255325 0
  outer loop
    vertex -23.218637088792946 49.32991613999484 10
    vertex -23.3 50 0
    vertex -23.3 50 10
  endloop
endfacet
facet normal 0.9927088740980536 0.120536680255325 0
  outer loop
    vertex -23.218637088792946 49.32991613999484 10
    vertex -23.218637088792946 49.32991613999484 0
    vertex -23.3 50 0
  endloop
endfacet
facet normal 0.9350162426854158 0.35460488704253273 0
  outer loop
    vertex -23.218637088792946 49.32991613999484 10
    vertex -22.97927687182899 48.69877511827745 0
    vertex -23.218637088792946 49.32991613999484 0
  endloop
endfacet
facet normal 0.9350162426854158 0.35460488704253273 0
  outer loop
    vertex -22.97927687182899 48.69877511827745 10
    vertex -22.97927687182899 48.69877511827745 0
    vertex -23.218637088792946 49.32991613999484 10
  endloop
endfacet
facet normal 0.822983865893658 0.5680647467311534 0
  outer loop
    vertex -22.595830094879087 48.14325655692578 10
    vertex -22.97927687182899 48.69877511827745 0
    vertex -22.97927687182899 48.69877511827745 10
  endloop
endfacet
facet normal 0.822983865893658 0.5680647467311534 0
  outer loop
    vertex -22.595830094879087 48.14325655692578 10
    vertex -22.595830094879087 48.14325655692578 0
    vertex -22.97927687182899 48.69877511827745 0
  endloop
endfacet
facet normal 0.6631226582407949 0.7485107481711015 0
  outer loop
    vertex -22.09058129084724 47.695645175497766 10
    vertex -22.595830094879087 48.14325655692578 0
    vertex -22.595830094879087 48.14325655692578 10
  endloop
endfacet
facet normal 0.6631226582407949 0.7485107481711015 0
  outer loop
    vertex -22.09058129084724 47.695645175497766 10
    vertex -22.09058129084724 47.695645175497766 0
    vertex -22.595830094879087 48.14325655692578 0
  endloop
endfacet
facet normal 0.4647231720437747 0.8854560256532067 0
  outer loop
    vertex -21.492893683719107 47.38195452048084 10
    vertex -22.09058129084724 47.695645175497766 0
    vertex -22.09058129084724 47.695645175497766 10
  endloop
endfacet
facet normal 0.4647231720437747 0.8854560256532067 0
  outer loop
    vertex -21.492893683719107 47.38195452048084 10
    vertex -21.492893683719107 47.38195452048084 0
    vertex -22.09058129084724 47.695645175497766 0
  endloop
endfacet
facet normal 0.23931566428756057 0.9709418174260512 0
  outer loop
    vertex -20.83750270471491 47.22041515252545 10
    vertex -21.492893683719107 47.38195452048084 0
    vertex -21.492893683719107 47.38195452048084 10
  endloop
endfacet
facet normal 0.23931566428756057 0.9709418174260512 0
  outer loop
    vertex -20.83750270471491 47.22041515252545 10
    vertex -20.83750270471491 47.22041515252545 0
    vertex -21.492893683719107 47.38195452048084 0
  endloop
endfacet
facet normal 0 0.9999999999999999 0
  outer loop
    vertex -20.162497295285103 47.22041515252545 10
    vertex -20.83750270471491 47.22041515252545 0
    vertex -20.83750270471491 47.22041515252545 10
  endloop
endfacet
facet normal 0 0.9999999999999999 0
  outer loop
    vertex -20.162497295285103 47.22041515252545 10
    vertex -20.162497295285103 47.22041515252545 0
    vertex -20.83750270471491 47.22041515252545 0
  endloop
endfacet
facet normal -0.23931566428755072 0.9709418174260539 0
  outer loop
    vertex -19.507106316280908 47.38195452048083 10
    vertex -20.162497295285103 47.22041515252545 0
    vertex -20.162497295285103 47.22041515252545 10
  endloop
endfacet
facet normal -0.23931566428755072 0.9709418174260539 0
  outer loop
    vertex -19.507106316280908 47.38195452048083 10
    vertex -19.507106316280908 47.38195452048083 0
    vertex -20.162497295285103 47.22041515252545 0
  endloop
endfacet
facet normal -0.4647231720437725 0.8854560256532078 0
  outer loop
    vertex -18.90941870915277 47.69564517549776 10
    vertex -19.507106316280908 47.38195452048083 0
    vertex -19.507106316280908 47.38195452048083 10
  endloop
endfacet
facet normal -0.4647231720437725 0.8854560256532078 0
  outer loop
    vertex -18.90941870915277 47.69564517549776 10
    vertex -18.90941870915277 47.69564517549776 0
    vertex -19.507106316280908 47.38195452048083 0
  endloop
endfacet
facet normal -0.6631226582407949 0.7485107481711015 0
  outer loop
    vertex -18.404169905120924 48.14325655692577 10
    vertex -18.90941870915277 47.69564517549776 0
    vertex -18.90941870915277 47.69564517549776 10
  endloop
endfacet
facet normal -0.6631226582407949 0.7485107481711015 0
  outer loop
    vertex -18.404169905120924 48.14325655692577 10
    vertex -18.404169905120924 48.14325655692577 0
    vertex -18.90941870915277 47.69564517549776 0
  endloop
endfacet
facet normal -0.8229838658936524 0.5680647467311619 0
  outer loop
    vertex -18.020723128171017 48.69877511827744 10
    vertex -18.404169905120924 48.14325655692577 0
    vertex -18.404169905120924 48.14325655692577 10
  endloop
endfacet
facet normal -0.8229838658936524 0.5680647467311619 0
  outer loop
    vertex -18.020723128171017 48.69877511827744 10
    vertex -18.020723128171017 48.69877511827744 0
    vertex -18.404169905120924 48.14325655692577 0
  endloop
endfacet
facet normal -0.9350162426854142 0.35460488704253734 0
  outer loop
    vertex -17.781362911207058 49.32991613999483 10
    vertex -17.781362911207058 49.32991613999483 0
    vertex -18.020723128171017 48.69877511827744 0
  endloop
endfacet
facet normal -0.9927088740980535 0.1205366802553277 0
  outer loop
    vertex -17.781362911207058 49.32991613999483 10
    vertex -17.7 50 0
    vertex -17.781362911207058 49.32991613999483 0
  endloop
endfacet
facet normal -0.9350162426854142 0.35460488704253734 0
  outer loop
    vertex -17.781362911207058 49.32991613999483 10
    vertex -18.020723128171017 48.69877511827744 0
    vertex -18.020723128171017 48.69877511827744 10
  endloop
endfacet
facet normal -0.9927088740980535 0.1205366802553277 0
  outer loop
    vertex -17.7 50 10
    vertex -17.7 50 0
    vertex -17.781362911207058 49.32991613999483 10
  endloop
endfacet
endsolid Model
