solid Model
facet normal -3.593365279462119e-19 -1 -3.4439616593233197e-19
  outer loop
    vertex 3.890178771592198 1e-17 10.641099986478212
    vertex 28.5 0 14
    vertex 3.3033736169504073 1e-17 11.253361526263621
  endloop
endfacet
facet normal -3.4589716273308273e-19 -0.9999999999999999 -4.676838382410644e-19
  outer loop
    vertex 2.6215364177861593 1e-17 11.757645688666557
    vertex 3.3033736169504073 1e-17 11.253361526263621
    vertex 28.5 0 14
  endloop
endfacet
facet normal -3.720232365640224e-19 -0.9999999999999999 -2.5144382147303396e-19
  outer loop
    vertex 4.365070565805941 1e-17 9.938474719068173
    vertex 28.5 0 14
    vertex 3.890178771592198 1e-17 10.641099986478212
  endloop
endfacet
facet normal -3.2975104944277293e-19 -1 -6.54022189261564e-19
  outer loop
    vertex 1.864282388901544 1e-17 12.139445136482546
    vertex 2.6215364177861593 1e-17 11.757645688666557
    vertex 28.5 0 14
  endloop
endfacet
facet normal -3.8504701317649955e-19 -1 -1.7405222403929157e-19
  outer loop
    vertex 4.714387227305421 1e-17 9.165698973710288
    vertex 28.5 0 14
    vertex 4.365070565805941 1e-17 9.938474719068173
  endloop
endfacet
facet normal -3.0570693321674275e-19 -1 -9.982379404672062e-19
  outer loop
    vertex 1.053396349978633 1e-17 12.38777619473843
    vertex 1.864282388901544 1e-17 12.139445136482546
    vertex 28.5 0 14
  endloop
endfacet
facet normal -3.992913878225627e-19 -1 -1.0396739115901907e-19
  outer loop
    vertex 4.928079551738542 1e-17 8.345004101609245
    vertex 28.5 0 14
    vertex 4.714387227305421 1e-17 9.165698973710288
  endloop
endfacet
facet normal -2.49770889020701e-19 -1 -1.950496820275618e-18
  outer loop
    vertex 0.21220601598074343 1e-17 12.495494831023407
    vertex 1.053396349978633 1e-17 12.38777619473843
    vertex 28.5 0 14
  endloop
endfacet
facet normal 0 -1 0
  outer loop
    vertex 5 0 7.5
    vertex 28.5 0 1
    vertex 28.5 0 14
  endloop
endfacet
facet normal -3.1980195026914108e-18 -1 1.1562070509730485e-17
  outer loop
    vertex 5 0 7.5
    vertex 28.5 0 14
    vertex 4.928079551738542 1e-17 8.345004101609245
  endloop
endfacet
facet normal -3.1980195026914786e-18 -1 -1.1562070509730731e-17
  outer loop
    vertex 4.928079551738546 1e-17 6.654995898390773
    vertex 28.5 0 1
    vertex 5 0 7.5
  endloop
endfacet
facet normal -3.9929138782256283e-19 -1 1.0396739115901814e-19
  outer loop
    vertex 4.714387227305426 1e-17 5.834301026289729
    vertex 28.5 0 1
    vertex 4.928079551738546 1e-17 6.654995898390773
  endloop
endfacet
facet normal -3.8504701317650003e-19 -1 1.7405222403928986e-19
  outer loop
    vertex 4.365070565805949 1e-17 5.061525280931841
    vertex 28.5 0 1
    vertex 4.714387227305426 1e-17 5.834301026289729
  endloop
endfacet
facet normal -3.7202323656402264e-19 -1 2.514438214730328e-19
  outer loop
    vertex 3.890178771592206 1e-17 4.358900013521799
    vertex 28.5 0 1
    vertex 4.365070565805949 1e-17 5.061525280931841
  endloop
endfacet
facet normal -3.5933652794621217e-19 -1 3.4439616593233e-19
  outer loop
    vertex 3.3033736169504158 1e-17 3.746638473736386
    vertex 28.5 0 1
    vertex 3.890178771592206 1e-17 4.358900013521799
  endloop
endfacet
facet normal -3.4589716273308282e-19 -1 4.676838382410638e-19
  outer loop
    vertex 2.6215364177861664 1e-17 3.2423543113334485
    vertex 28.5 0 1
    vertex 3.3033736169504158 1e-17 3.746638473736386
  endloop
endfacet
facet normal -3.2975104944277317e-19 -1 6.540221892615607e-19
  outer loop
    vertex 1.8642823889015503 1e-17 2.8605548635174562
    vertex 28.5 0 1
    vertex 2.6215364177861664 1e-17 3.2423543113334485
  endloop
endfacet
facet normal 1.559346488782628e-19 -1 -3.670823038869604e-18
  outer loop
    vertex -28.5 0 14
    vertex -0.6350890987343916 1e-17 12.459502176294386
    vertex 0.21220601598074343 1e-17 12.495494831023407
  endloop
endfacet
facet normal 2.8560946006071667e-19 -1 -1.3252325393999942e-18
  outer loop
    vertex -28.5 0 14
    vertex -1.4641138563827494 1e-17 12.280833673696256
    vertex -0.6350890987343916 1e-17 12.459502176294386
  endloop
endfacet
facet normal 3.1934397988099596e-19 -1 -7.947180551315691e-19
  outer loop
    vertex -28.5 0 14
    vertex -2.251018724088365 1e-17 11.964629290747844
    vertex -1.4641138563827494 1e-17 12.280833673696256
  endloop
endfacet
facet normal 3.3835642208510676e-19 -0.9999999999999999 -5.495257483166525e-19
  outer loop
    vertex -28.5 0 14
    vertex -2.9731658815214312 1e-17 11.519985651834704
    vertex -2.251018724088365 1e-17 11.964629290747844
  endloop
endfacet
facet normal 3.5279991800661566e-19 -0.9999999999999999 -4.008585743738709e-19
  outer loop
    vertex -28.5 0 14
    vertex -3.6097804697726206 1e-17 10.959694344887733
    vertex -2.9731658815214312 1e-17 11.519985651834704
  endloop
endfacet
facet normal 3.656962989670852e-19 -1 -2.9527913938785356e-19
  outer loop
    vertex -28.5 0 14
    vertex -4.142548246219209 1e-17 10.29987393068798
    vertex -3.6097804697726206 1e-17 10.959694344887733
  endloop
endfacet
facet normal 3.7843716228206387e-19 -1 -2.1140768266373544e-19
  outer loop
    vertex -28.5 0 14
    vertex -4.556142451940677 1e-17 9.559506241219967
    vertex -4.142548246219209 1e-17 10.29987393068798
  endloop
endfacet
facet normal 3.9196036297823464e-19 -1 -1.384884064182251e-19
  outer loop
    vertex -28.5 0 14
    vertex -4.838664734667494 1e-17 8.75989030692563
    vertex -4.556142451940677 1e-17 9.559506241219967
  endloop
endfacet
facet normal 4.071687380821111e-19 -0.9999999999999999 -6.981609166700004e-20
  outer loop
    vertex -28.5 0 14
    vertex -4.981987442712632 1e-17 7.9240296223775495
    vertex -4.838664734667494 1e-17 8.75989030692563
  endloop
endfacet
facet normal 0 -1 -6.6467036512757775e-18
  outer loop
    vertex -28.5 0 14
    vertex 0.21220601598074343 1e-17 12.495494831023407
    vertex 28.5 0 14
  endloop
endfacet
facet normal 4.252059979830806e-19 -1 0
  outer loop
    vertex -28.5 0 1
    vertex -4.981987442712633 1e-17 7.0759703776224585
    vertex -4.981987442712632 1e-17 7.9240296223775495
  endloop
endfacet
facet normal 4.071687380821114e-19 -1 6.98160916670002e-20
  outer loop
    vertex -28.5 0 1
    vertex -4.838664734667495 1e-17 6.240109693074379
    vertex -4.981987442712633 1e-17 7.0759703776224585
  endloop
endfacet
facet normal 3.9196036297823493e-19 -1 1.3848840641822276e-19
  outer loop
    vertex -28.5 0 1
    vertex -4.556142451940681 1e-17 5.4404937587800415
    vertex -4.838664734667495 1e-17 6.240109693074379
  endloop
endfacet
facet normal 3.784371622820637e-19 -1 2.1140768266373498e-19
  outer loop
    vertex -28.5 0 1
    vertex -4.142548246219214 1e-17 4.700126069312027
    vertex -4.556142451940681 1e-17 5.4404937587800415
  endloop
endfacet
facet normal 3.656962989670859e-19 -1 2.9527913938785356e-19
  outer loop
    vertex -28.5 0 1
    vertex -3.609780469772626 1e-17 4.040305655112273
    vertex -4.142548246219214 1e-17 4.700126069312027
  endloop
endfacet
facet normal 3.5279991800661585e-19 -1 4.0085857437386913e-19
  outer loop
    vertex -28.5 0 1
    vertex -2.9731658815214357 1e-17 3.4800143481653
    vertex -3.609780469772626 1e-17 4.040305655112273
  endloop
endfacet
facet normal 3.3835642208510666e-19 -1 5.4952574831665055e-19
  outer loop
    vertex -28.5 0 1
    vertex -2.251018724088368 1e-17 3.035370709252158
    vertex -2.9731658815214357 1e-17 3.4800143481653
  endloop
endfacet
facet normal 3.1934397988099596e-19 -1 7.947180551315668e-19
  outer loop
    vertex -28.5 0 1
    vertex -1.4641138563827516 1e-17 2.7191663263037453
    vertex -2.251018724088368 1e-17 3.035370709252158
  endloop
endfacet
facet normal 4.2520599798308076e-19 -1 0
  outer loop
    vertex -28.5 0 1
    vertex -4.981987442712632 1e-17 7.9240296223775495
    vertex -28.5 0 14
  endloop
endfacet
facet normal 0 -1 6.6467036512757775e-18
  outer loop
    vertex -28.5 0 1
    vertex 28.5 0 1
    vertex 0.2122060159807455 1e-17 2.5045051689765927
  endloop
endfacet
facet normal -2.497708890207014e-19 -1 1.9504968202756104e-18
  outer loop
    vertex 0.2122060159807455 1e-17 2.5045051689765927
    vertex 28.5 0 1
    vertex 1.0533963499786374 1e-17 2.6122238052615705
  endloop
endfacet
facet normal -3.0570693321674304e-19 -1 9.982379404672023e-19
  outer loop
    vertex 1.0533963499786374 1e-17 2.6122238052615705
    vertex 28.5 0 1
    vertex 1.8642823889015503 1e-17 2.8605548635174562
  endloop
endfacet
facet normal 1.559346488782649e-19 -1 3.670823038869559e-18
  outer loop
    vertex -28.5 0 1
    vertex 0.2122060159807455 1e-17 2.5045051689765927
    vertex -0.6350890987343917 1e-17 2.540497823705615
  endloop
endfacet
facet normal 2.8560946006071634e-19 -0.9999999999999999 1.3252325394000005e-18
  outer loop
    vertex -28.5 0 1
    vertex -0.6350890987343917 1e-17 2.540497823705615
    vertex -1.4641138563827516 1e-17 2.7191663263037453
  endloop
endfacet
facet normal -0.11195939253902157 -0.9936670920123098 0.009529148655198199
  outer loop
    vertex 4.777479066043686 0.02507208781817649 7.5
    vertex 4.928079551738546 1e-17 6.654995898390773
    vertex 5 0 7.5
  endloop
endfacet
facet normal -0.9892686335365705 -0.11146380529153158 0.09446370102117736
  outer loop
    vertex 4 1 7.5
    vertex 3.927714789050829 1 6.742995022558372
    vertex 4.0250720878181765 0.7774790660436859 7.5
  endloop
endfacet
facet normal -0.11195939253902158 -0.99366709201231 -0.009529148655198515
  outer loop
    vertex 4.708759378845767 0.02507208781817649 8.307397881231845
    vertex 4.777479066043686 0.02507208781817649 7.5
    vertex 5 0 7.5
  endloop
endfacet
facet normal -0.11195939253902142 -0.99366709201231 -0.009529148655198454
  outer loop
    vertex 4.708759378845767 0.02507208781817649 8.307397881231845
    vertex 5 0 7.5
    vertex 4.928079551738542 1e-17 8.345004101609245
  endloop
endfacet
facet normal -0.3301486423232402 -0.9435106124140138 -0.0280997906443055
  outer loop
    vertex 4.500436835223122 0.09903113209758108 8.271677393774066
    vertex 4.566116260882442 0.09903113209758108 7.5
    vertex 4.777479066043686 0.02507208781817649 7.5
  endloop
endfacet
facet normal -0.3301486423232401 -0.9435106124140138 -0.02809979064430543
  outer loop
    vertex 4.500436835223122 0.09903113209758108 8.271677393774066
    vertex 4.777479066043686 0.02507208781817649 7.5
    vertex 4.708759378845767 0.02507208781817649 8.307397881231845
  endloop
endfacet
facet normal -0.5314874443032351 -0.8458574220281455 -0.04523624816356381
  outer loop
    vertex 4.313558083087035 0.21816851753197042 8.239633813632812
    vertex 4.376510198141267 0.21816851753197042 7.5
    vertex 4.566116260882442 0.09903113209758108 7.5
  endloop
endfacet
facet normal -0.5314874443032361 -0.8458574220281447 -0.04523624816356428
  outer loop
    vertex 4.313558083087035 0.21816851753197042 8.239633813632812
    vertex 4.566116260882442 0.09903113209758108 7.5
    vertex 4.500436835223122 0.09903113209758108 8.271677393774066
  endloop
endfacet
facet normal -0.7058296535072686 -0.7058296535072714 -0.06007495700884389
  outer loop
    vertex 4.157494003407316 0.37651019814126674 8.212873939718701
    vertex 4.21816851753197 0.37651019814126674 7.5
    vertex 4.376510198141267 0.21816851753197042 7.5
  endloop
endfacet
facet normal -0.705829653507268 -0.705829653507272 -0.06007495700884366
  outer loop
    vertex 4.157494003407316 0.37651019814126674 8.212873939718701
    vertex 4.376510198141267 0.21816851753197042 7.5
    vertex 4.313558083087035 0.21816851753197042 8.239633813632812
  endloop
endfacet
facet normal -0.10873852465962686 -0.99366709201231 -0.0283133097084626
  outer loop
    vertex 4.504577257535077 0.02507208781817649 9.09156839544627
    vertex 4.928079551738542 1e-17 8.345004101609245
    vertex 4.714387227305421 1e-17 9.165698973710288
  endloop
endfacet
facet normal -0.10873852465962677 -0.99366709201231 -0.028313309708462537
  outer loop
    vertex 4.504577257535077 0.02507208781817649 9.09156839544627
    vertex 4.708759378845767 0.02507208781817649 8.307397881231845
    vertex 4.928079551738542 1e-17 8.345004101609245
  endloop
endfacet
facet normal -0.8445339406133503 -0.5306558458134465 -0.07188043166329515
  outer loop
    vertex 4.040070300805955 0.5661162608824422 8.192739623849288
    vertex 4.099031132097581 0.5661162608824422 7.5
    vertex 4.21816851753197 0.37651019814126674 7.5
  endloop
endfacet
facet normal -0.8445339406133505 -0.5306558458134464 -0.07188043166329519
  outer loop
    vertex 4.040070300805955 0.5661162608824422 8.192739623849288
    vertex 4.21816851753197 0.37651019814126674 7.5
    vertex 4.157494003407316 0.37651019814126674 8.212873939718701
  endloop
endfacet
facet normal -0.32065086698372114 -0.9435106124140136 -0.0834909921172392
  outer loop
    vertex 4.305288035739155 0.09903113209758108 9.021155033918749
    vertex 4.708759378845767 0.02507208781817649 8.307397881231845
    vertex 4.504577257535077 0.02507208781817649 9.09156839544627
  endloop
endfacet
facet normal -0.32065086698372036 -0.943510612414014 -0.08349099211723873
  outer loop
    vertex 4.305288035739155 0.09903113209758108 9.021155033918749
    vertex 4.500436835223122 0.09903113209758108 8.271677393774066
    vertex 4.708759378845767 0.02507208781817649 8.307397881231845
  endloop
endfacet
facet normal -0.9408521197453845 -0.3292183955049994 -0.08007831686374675
  outer loop
    vertex 3.9671750900500635 0.7774790660436859 8.18024048469585
    vertex 4.0250720878181765 0.7774790660436859 7.5
    vertex 4.099031132097581 0.5661162608824422 7.5
  endloop
endfacet
facet normal -0.9901769883523694 -0.11156615229910005 -0.084276481883178
  outer loop
    vertex 3.9671750900500635 0.7774790660436859 8.18024048469585
    vertex 4 1 7.5
    vertex 4.0250720878181765 0.7774790660436859 7.5
  endloop
endfacet
facet normal -0.9408521197453843 -0.3292183955049995 -0.08007831686374668
  outer loop
    vertex 3.9671750900500635 0.7774790660436859 8.18024048469585
    vertex 4.099031132097581 0.5661162608824422 7.5
    vertex 4.040070300805955 0.5661162608824422 8.192739623849288
  endloop
endfacet
facet normal -0.9853450591200335 -0.14227566925409707 -0.09408904509047049
  outer loop
    vertex 3.9671750900500635 0.7774790660436859 8.18024048469585
    vertex 3.927714789050827 1 8.25700497744164
    vertex 4 1 7.5
  endloop
endfacet
facet normal -0.5161975182073835 -0.8458574220281466 -0.1344073799924544
  outer loop
    vertex 4.126512755657821 0.21816851753197042 8.957989709095303
    vertex 4.500436835223122 0.09903113209758108 8.271677393774066
    vertex 4.305288035739155 0.09903113209758108 9.021155033918749
  endloop
endfacet
facet normal -0.5161975182073861 -0.8458574220281446 -0.1344073799924562
  outer loop
    vertex 4.126512755657821 0.21816851753197042 8.957989709095303
    vertex 4.313558083087035 0.21816851753197042 8.239633813632812
    vertex 4.500436835223122 0.09903113209758108 8.271677393774066
  endloop
endfacet
facet normal -0.6855242194766811 -0.7058296535072699 -0.17849662389158658
  outer loop
    vertex 3.9772159563349123 0.37651019814126674 8.90523979411801
    vertex 4.313558083087035 0.21816851753197042 8.239633813632812
    vertex 4.126512755657821 0.21816851753197042 8.957989709095303
  endloop
endfacet
facet normal -0.6855242194766794 -0.7058296535072718 -0.17849662389158533
  outer loop
    vertex 3.9772159563349123 0.37651019814126674 8.90523979411801
    vertex 4.157494003407316 0.37651019814126674 8.212873939718701
    vertex 4.313558083087035 0.21816851753197042 8.239633813632812
  endloop
endfacet
facet normal -0.10238944740550791 -0.9936670920123098 -0.046282948391327496
  outer loop
    vertex 4.17080664998827 0.02507208781817649 9.82995238468499
    vertex 4.714387227305421 1e-17 9.165698973710288
    vertex 4.365070565805941 1e-17 9.938474719068173
  endloop
endfacet
facet normal -0.10238944740550804 -0.9936670920123097 -0.04628294839132757
  outer loop
    vertex 4.17080664998827 0.02507208781817649 9.82995238468499
    vertex 4.504577257535077 0.02507208781817649 9.09156839544627
    vertex 4.714387227305421 1e-17 9.165698973710288
  endloop
endfacet
facet normal -0.8202382367809782 -0.5306558458134487 -0.2135734258433039
  outer loop
    vertex 3.864884002697623 0.5661162608824422 8.865550389988291
    vertex 4.157494003407316 0.37651019814126674 8.212873939718701
    vertex 3.9772159563349123 0.37651019814126674 8.90523979411801
  endloop
endfacet
facet normal -0.8202382367809791 -0.5306558458134469 -0.2135734258433048
  outer loop
    vertex 3.864884002697623 0.5661162608824422 8.865550389988291
    vertex 4.040070300805955 0.5661162608824422 8.192739623849288
    vertex 4.157494003407316 0.37651019814126674 8.212873939718701
  endloop
endfacet
facet normal -0.3019285500086437 -0.9435106124140135 -0.1364803097586279
  outer loop
    vertex 3.9862839380851653 0.09903113209758108 9.726871813297585
    vertex 4.305288035739155 0.09903113209758108 9.021155033918749
    vertex 4.504577257535077 0.02507208781817649 9.09156839544627
  endloop
endfacet
facet normal -0.3019285500086425 -0.9435106124140141 -0.13648030975862682
  outer loop
    vertex 3.9862839380851653 0.09903113209758108 9.726871813297585
    vertex 4.504577257535077 0.02507208781817649 9.09156839544627
    vertex 4.17080664998827 0.02507208781817649 9.82995238468499
  endloop
endfacet
facet normal -0.10019957399221693 -0.9926598753910475 -0.06772309178122334
  outer loop
    vertex 4.019071142336263 0.02507208781817649 10.082900187642863
    vertex 4.365070565805941 1e-17 9.938474719068173
    vertex 3.890178771592198 1e-17 10.641099986478212
  endloop
endfacet
facet normal -0.09605951035296896 -0.9937062684189755 -0.057623108000026554
  outer loop
    vertex 4.019071142336263 0.02507208781817649 10.082900187642863
    vertex 4.17080664998827 0.02507208781817649 9.82995238468499
    vertex 4.365070565805941 1e-17 9.938474719068173
  endloop
endfacet
facet normal -0.9137855172654527 -0.3292183955049978 -0.2379312432132946
  outer loop
    vertex 3.795149687958715 0.7774790660436859 8.840911689157732
    vertex 4.040070300805955 0.5661162608824422 8.192739623849288
    vertex 3.864884002697623 0.5661162608824422 8.865550389988291
  endloop
endfacet
facet normal -0.9462835124875797 -0.16536238748159765 -0.27785390909712754
  outer loop
    vertex 3.795149687958715 0.7774790660436859 8.840911689157732
    vertex 3.7134717320642903 1 8.98664982264131
    vertex 3.927714789050827 1 8.25700497744164
  endloop
endfacet
facet normal -0.9137855172654523 -0.3292183955049993 -0.23793124321329404
  outer loop
    vertex 3.795149687958715 0.7774790660436859 8.840911689157732
    vertex 3.9671750900500635 0.7774790660436859 8.18024048469585
    vertex 4.040070300805955 0.5661162608824422 8.192739623849288
  endloop
endfacet
facet normal -0.9642814719159309 -0.08438242881166583 -0.2510793671879272
  outer loop
    vertex 3.795149687958715 0.7774790660436859 8.840911689157732
    vertex 3.927714789050827 1 8.25700497744164
    vertex 3.9671750900500635 0.7774790660436859 8.18024048469585
  endloop
endfacet
facet normal -0.9470693136978956 -0.31777703081399605 -0.04557931261918983
  outer loop
    vertex 3.795149687958715 0.7774790660436859 8.840911689157732
    vertex 3.864884002697623 0.5661162608824422 8.865550389988291
    vertex 3.7134717320642903 1 8.98664982264131
  endloop
endfacet
facet normal -0.4860575293511622 -0.8458574220281467 -0.21971185621386427
  outer loop
    vertex 3.8207551693711936 0.21816851753197042 9.634401895182304
    vertex 4.126512755657821 0.21816851753197042 8.957989709095303
    vertex 4.305288035739155 0.09903113209758108 9.021155033918749
  endloop
endfacet
facet normal -0.4860575293511645 -0.845857422028145 -0.21971185621386646
  outer loop
    vertex 3.8207551693711936 0.21816851753197042 9.634401895182304
    vertex 4.305288035739155 0.09903113209758108 9.021155033918749
    vertex 3.9862839380851653 0.09903113209758108 9.726871813297585
  endloop
endfacet
facet normal -0.28334865860334424 -0.9438342255595166 -0.16997203396486507
  outer loop
    vertex 3.841261435785258 0.09903113209758108 9.96862882788078
    vertex 3.9862839380851653 0.09903113209758108 9.726871813297585
    vertex 4.17080664998827 0.02507208781817649 9.82995238468499
  endloop
endfacet
facet normal -0.2833486586033443 -0.9438342255595163 -0.16997203396486518
  outer loop
    vertex 3.841261435785258 0.09903113209758108 9.96862882788078
    vertex 4.17080664998827 0.02507208781817649 9.82995238468499
    vertex 4.019071142336263 0.02507208781817649 10.082900187642863
  endloop
endfacet
facet normal -0.4563960798939777 -0.8466099096439706 -0.27377779155738297
  outer loop
    vertex 3.841261435785258 0.09903113209758108 9.96862882788078
    vertex 3.8207551693711936 0.21816851753197042 9.634401895182304
    vertex 3.9862839380851653 0.09903113209758108 9.726871813297585
  endloop
endfacet
facet normal -0.6454975017825527 -0.7058296535072696 -0.29178326789295395
  outer loop
    vertex 3.682520647497616 0.37651019814126674 9.557179458154195
    vertex 3.9772159563349123 0.37651019814126674 8.90523979411801
    vertex 4.126512755657821 0.21816851753197042 8.957989709095303
  endloop
endfacet
facet normal -0.6454975017825505 -0.7058296535072723 -0.2917832678929516
  outer loop
    vertex 3.682520647497616 0.37651019814126674 9.557179458154195
    vertex 4.126512755657821 0.21816851753197042 8.957989709095303
    vertex 3.8207551693711936 0.21816851753197042 9.634401895182304
  endloop
endfacet
facet normal -0.45639607989397685 -0.8466099096439711 -0.27377779155738313
  outer loop
    vertex 3.6817546656580333 0.21816851753197042 9.866120051125854
    vertex 3.8207551693711936 0.21816851753197042 9.634401895182304
    vertex 3.841261435785258 0.09903113209758108 9.96862882788078
  endloop
endfacet
facet normal -0.09091494336540049 -0.9936939905778793 -0.06562565170933911
  outer loop
    vertex 3.717049528889853 0.02507208781817649 10.501307885949952
    vertex 4.019071142336263 0.02507208781817649 10.082900187642863
    vertex 3.890178771592198 1e-17 10.641099986478212
  endloop
endfacet
facet normal -0.7723457722804186 -0.5306558458134448 -0.34912230141396183
  outer loop
    vertex 3.578512028608271 0.5661162608824422 9.499076757658669
    vertex 3.9772159563349123 0.37651019814126674 8.90523979411801
    vertex 3.682520647497616 0.37651019814126674 9.557179458154195
  endloop
endfacet
facet normal -0.7723457722804167 -0.5306558458134496 -0.3491223014139591
  outer loop
    vertex 3.578512028608271 0.5661162608824422 9.499076757658669
    vertex 3.864884002697623 0.5661162608824422 8.865550389988291
    vertex 3.9772159563349123 0.37651019814126674 8.90523979411801
  endloop
endfacet
facet normal -0.8930094125065695 -0.19896780429692393 -0.40366570578627636
  outer loop
    vertex 3.578512028608271 0.5661162608824422 9.499076757658669
    vertex 3.7134717320642903 1 8.98664982264131
    vertex 3.864884002697623 0.5661162608824422 8.865550389988291
  endloop
endfacet
facet normal -0.6065186650668899 -0.7069382125899296 -0.36383165407318974
  outer loop
    vertex 3.5485491674510357 0.37651019814126674 9.78051407548395
    vertex 3.8207551693711936 0.21816851753197042 9.634401895182304
    vertex 3.6817546656580333 0.21816851753197042 9.866120051125854
  endloop
endfacet
facet normal -0.60651866506689 -0.7069382125899298 -0.36383165407318957
  outer loop
    vertex 3.5485491674510357 0.37651019814126674 9.78051407548395
    vertex 3.682520647497616 0.37651019814126674 9.557179458154195
    vertex 3.8207551693711936 0.21816851753197042 9.634401895182304
  endloop
endfacet
facet normal -0.2681481139294606 -0.9437327738645104 -0.19355888129990306
  outer loop
    vertex 3.552601709341363 0.09903113209758108 10.368525545063155
    vertex 4.019071142336263 0.02507208781817649 10.082900187642863
    vertex 3.717049528889853 0.02507208781817649 10.501307885949952
  endloop
endfacet
facet normal -0.2681481139294608 -0.9437327738645103 -0.19355888129990337
  outer loop
    vertex 3.552601709341363 0.09903113209758108 10.368525545063155
    vertex 3.841261435785258 0.09903113209758108 9.96862882788078
    vertex 4.019071142336263 0.02507208781817649 10.082900187642863
  endloop
endfacet
facet normal -0.0878451247390846 -0.9925698050326731 -0.08419273244749764
  outer loop
    vertex 3.457624216430236 0.02507208781817649 10.79683803127191
    vertex 3.890178771592198 1e-17 10.641099986478212
    vertex 3.3033736169504073 1e-17 11.253361526263621
  endloop
endfacet
facet normal -0.08421418221506964 -0.9937016421204443 -0.0739257597930477
  outer loop
    vertex 3.457624216430236 0.02507208781817649 10.79683803127191
    vertex 3.717049528889853 0.02507208781817649 10.501307885949952
    vertex 3.890178771592198 1e-17 10.641099986478212
  endloop
endfacet
facet normal -0.24839935187290194 -0.9437959950948596 -0.21805247449186663
  outer loop
    vertex 3.457624216430236 0.02507208781817649 10.79683803127191
    vertex 3.552601709341363 0.09903113209758108 10.368525545063155
    vertex 3.717049528889853 0.02507208781817649 10.501307885949952
  endloop
endfacet
facet normal -0.8057890222480997 -0.3300616646964683 -0.4916943655587764
  outer loop
    vertex 3.5139447391564373 0.7774790660436859 9.463007305714314
    vertex 3.7134717320642903 1 8.98664982264131
    vertex 3.578512028608271 0.5661162608824422 9.499076757658669
  endloop
endfacet
facet normal -0.8741684347919241 -0.1809156424881093 -0.4506651505458926
  outer loop
    vertex 3.5139447391564373 0.7774790660436859 9.463007305714314
    vertex 3.365014131324725 1 9.66256326982239
    vertex 3.7134717320642903 1 8.98664982264131
  endloop
endfacet
facet normal -0.7261999744160694 -0.5318502421119526 -0.43562474347029195
  outer loop
    vertex 3.448324421062086 0.5661162608824422 9.71610354203318
    vertex 3.578512028608271 0.5661162608824422 9.499076757658669
    vertex 3.682520647497616 0.37651019814126674 9.557179458154195
  endloop
endfacet
facet normal -0.8094621838295472 -0.3301388070842983 -0.48557114927357115
  outer loop
    vertex 3.448324421062086 0.5661162608824422 9.71610354203318
    vertex 3.5139447391564373 0.7774790660436859 9.463007305714314
    vertex 3.578512028608271 0.5661162608824422 9.499076757658669
  endloop
endfacet
facet normal -0.7261999744160693 -0.5318502421119544 -0.4356247434702896
  outer loop
    vertex 3.448324421062086 0.5661162608824422 9.71610354203318
    vertex 3.682520647497616 0.37651019814126674 9.557179458154195
    vertex 3.5485491674510357 0.37651019814126674 9.78051407548395
  endloop
endfacet
facet normal -0.4318382199914779 -0.8463738744312896 -0.31171624345670484
  outer loop
    vertex 3.4050814132931837 0.21816851753197042 10.249411224840657
    vertex 3.841261435785258 0.09903113209758108 9.96862882788078
    vertex 3.552601709341363 0.09903113209758108 10.368525545063155
  endloop
endfacet
facet normal -0.43183821999147814 -0.8463738744312892 -0.31171624345670534
  outer loop
    vertex 3.4050814132931837 0.21816851753197042 10.249411224840657
    vertex 3.6817546656580333 0.21816851753197042 9.866120051125854
    vertex 3.841261435785258 0.09903113209758108 9.96862882788078
  endloop
endfacet
facet normal -0.24839935187290255 -0.9437959950948595 -0.21805247449186674
  outer loop
    vertex 3.304653759945674 0.09903113209758108 10.650980995622152
    vertex 3.552601709341363 0.09903113209758108 10.368525545063155
    vertex 3.457624216430236 0.02507208781817649 10.79683803127191
  endloop
endfacet
facet normal -0.8521555822230972 -0.11191178081212654 -0.5111815890674009
  outer loop
    vertex 3.3861061137772195 0.7774790660436859 9.676118263875727
    vertex 3.365014131324725 1 9.66256326982239
    vertex 3.5139447391564373 0.7774790660436859 9.463007305714314
  endloop
endfacet
facet normal -0.8094621838295489 -0.33013880708429616 -0.4855711492735698
  outer loop
    vertex 3.3861061137772195 0.7774790660436859 9.676118263875727
    vertex 3.5139447391564373 0.7774790660436859 9.463007305714314
    vertex 3.448324421062086 0.5661162608824422 9.71610354203318
  endloop
endfacet
facet normal -0.5737604645577702 -0.706590243758516 -0.41416078609126283
  outer loop
    vertex 3.28188592438028 0.37651019814126674 10.149937814676498
    vertex 3.6817546656580333 0.21816851753197042 9.866120051125854
    vertex 3.4050814132931837 0.21816851753197042 10.249411224840657
  endloop
endfacet
facet normal -0.5737604645577687 -0.7065902437585193 -0.41416078609125906
  outer loop
    vertex 3.28188592438028 0.37651019814126674 10.149937814676498
    vertex 3.5485491674510357 0.37651019814126674 9.78051407548395
    vertex 3.6817546656580333 0.21816851753197042 9.866120051125854
  endloop
endfacet
facet normal -0.07764983722108498 -0.9937002781539274 -0.08081002398431872
  outer loop
    vertex 3.156359660460317 0.02507208781817649 11.086321223803646
    vertex 3.457624216430236 0.02507208781817649 10.79683803127191
    vertex 3.3033736169504073 1e-17 11.253361526263621
  endloop
endfacet
facet normal -0.4000766058903223 -0.8465209492654165 -0.3511993620069061
  outer loop
    vertex 3.1674293985088 0.21816851753197042 10.520137831274706
    vertex 3.4050814132931837 0.21816851753197042 10.249411224840657
    vertex 3.552601709341363 0.09903113209758108 10.368525545063155
  endloop
endfacet
facet normal -0.40007660589032207 -0.846520949265417 -0.35119936200690505
  outer loop
    vertex 3.1674293985088 0.21816851753197042 10.520137831274706
    vertex 3.552601709341363 0.09903113209758108 10.368525545063155
    vertex 3.304653759945674 0.09903113209758108 10.650980995622152
  endloop
endfacet
facet normal -0.5316312088297316 -0.7068070388716394 -0.46668197693905306
  outer loop
    vertex 3.1674293985088 0.21816851753197042 10.520137831274706
    vertex 3.28188592438028 0.37651019814126674 10.149937814676498
    vertex 3.4050814132931837 0.21816851753197042 10.249411224840657
  endloop
endfacet
facet normal -0.6868312293545228 -0.5314750675489479 -0.49577930065422887
  outer loop
    vertex 3.1891927788363086 0.5661162608824422 10.075093326721095
    vertex 3.448324421062086 0.5661162608824422 9.71610354203318
    vertex 3.5485491674510357 0.37651019814126674 9.78051407548395
  endloop
endfacet
facet normal -0.6868312293545223 -0.5314750675489505 -0.4957793006542266
  outer loop
    vertex 3.1891927788363086 0.5661162608824422 10.075093326721095
    vertex 3.5485491674510357 0.37651019814126674 9.78051407548395
    vertex 3.28188592438028 0.37651019814126674 10.149937814676498
  endloop
endfacet
facet normal -0.2290346455914584 -0.9437847244337377 -0.2383558789800007
  outer loop
    vertex 3.0167175976254605 0.09903113209758108 10.927657019608572
    vertex 3.457624216430236 0.02507208781817649 10.79683803127191
    vertex 3.156359660460317 0.02507208781817649 11.086321223803646
  endloop
endfacet
facet normal -0.22903464559145814 -0.9437847244337381 -0.2383558789799997
  outer loop
    vertex 3.0167175976254605 0.09903113209758108 10.927657019608572
    vertex 3.304653759945674 0.09903113209758108 10.650980995622152
    vertex 3.457624216430236 0.02507208781817649 10.79683803127191
  endloop
endfacet
facet normal -0.6364841489763716 -0.5317087844591704 -0.5587250635426835
  outer loop
    vertex 3.05283213460109 0.37651019814126674 10.410869560843427
    vertex 3.1891927788363086 0.5661162608824422 10.075093326721095
    vertex 3.28188592438028 0.37651019814126674 10.149937814676498
  endloop
endfacet
facet normal -0.5316312088297289 -0.7068070388716415 -0.46668197693905317
  outer loop
    vertex 3.05283213460109 0.37651019814126674 10.410869560843427
    vertex 3.28188592438028 0.37651019814126674 10.149937814676498
    vertex 3.1674293985088 0.21816851753197042 10.520137831274706
  endloop
endfacet
facet normal -0.7654487705709191 -0.3298495327527194 -0.5525282484853433
  outer loop
    vertex 3.1316499980317114 0.7774790660436859 10.0286307761239
    vertex 3.448324421062086 0.5661162608824422 9.71610354203318
    vertex 3.1891927788363086 0.5661162608824422 10.075093326721095
  endloop
endfacet
facet normal -0.8057443721826535 -0.1118031202345835 -0.5816150522483001
  outer loop
    vertex 3.1316499980317114 0.7774790660436859 10.0286307761239
    vertex 3.365014131324725 1 9.66256326982239
    vertex 3.3861061137772195 0.7774790660436859 9.676118263875727
  endloop
endfacet
facet normal -0.7654487705709192 -0.3298495327527229 -0.552528248485341
  outer loop
    vertex 3.1316499980317114 0.7774790660436859 10.0286307761239
    vertex 3.3861061137772195 0.7774790660436859 9.676118263875727
    vertex 3.448324421062086 0.5661162608824422 9.71610354203318
  endloop
endfacet
facet normal -0.7718713361609203 -0.18909774768457116 -0.6070063280014288
  outer loop
    vertex 3.1316499980317114 0.7774790660436859 10.0286307761239
    vertex 2.894936152420281 1 10.260316045928448
    vertex 3.365014131324725 1 9.66256326982239
  endloop
endfacet
facet normal -0.3688804285412898 -0.8464947262899382 -0.3838930942365557
  outer loop
    vertex 2.891449664570852 0.21816851753197042 10.785324999400762
    vertex 3.1674293985088 0.21816851753197042 10.520137831274706
    vertex 3.304653759945674 0.09903113209758108 10.650980995622152
  endloop
endfacet
facet normal -0.36888042854129005 -0.8464947262899374 -0.38389309423655743
  outer loop
    vertex 2.891449664570852 0.21816851753197042 10.785324999400762
    vertex 3.304653759945674 0.09903113209758108 10.650980995622152
    vertex 3.0167175976254605 0.09903113209758108 10.927657019608572
  endloop
endfacet
facet normal -0.07208932306745579 -0.9926240450412798 -0.09747119936454805
  outer loop
    vertex 2.7712097425903948 0.02507208781817649 11.391619558623084
    vertex 3.3033736169504073 1e-17 11.253361526263621
    vertex 2.6215364177861593 1e-17 11.757645688666557
  endloop
endfacet
facet normal -0.06964203254282694 -0.9936956873887266 -0.0878570894598159
  outer loop
    vertex 2.7712097425903948 0.02507208781817649 11.391619558623084
    vertex 3.156359660460317 0.02507208781817649 11.086321223803646
    vertex 3.3033736169504073 1e-17 11.253361526263621
  endloop
endfacet
facet normal -0.6364841489763766 -0.5317087844591653 -0.5587250635426826
  outer loop
    vertex 2.9666083535513796 0.5661162608824422 10.328655351672301
    vertex 3.1891927788363086 0.5661162608824422 10.075093326721095
    vertex 3.05283213460109 0.37651019814126674 10.410869560843427
  endloop
endfacet
facet normal -0.4901653670528036 -0.7067683786541428 -0.510114077316618
  outer loop
    vertex 2.786837318533184 0.37651019814126674 10.66646228500019
    vertex 3.05283213460109 0.37651019814126674 10.410869560843427
    vertex 3.1674293985088 0.21816851753197042 10.520137831274706
  endloop
endfacet
facet normal -0.4901653670528035 -0.7067683786541445 -0.5101140773166157
  outer loop
    vertex 2.786837318533184 0.37651019814126674 10.66646228500019
    vertex 3.1674293985088 0.21816851753197042 10.520137831274706
    vertex 2.891449664570852 0.21816851753197042 10.785324999400762
  endloop
endfacet
facet normal -0.20540765359372892 -0.9437467928736424 -0.2591325660464795
  outer loop
    vertex 2.6486072870302646 0.09903113209758108 11.219448500380834
    vertex 3.0167175976254605 0.09903113209758108 10.927657019608572
    vertex 3.156359660460317 0.02507208781817649 11.086321223803646
  endloop
endfacet
facet normal -0.20540765359372867 -0.9437467928736428 -0.25913256604647833
  outer loop
    vertex 2.6486072870302646 0.09903113209758108 11.219448500380834
    vertex 3.156359660460317 0.02507208781817649 11.086321223803646
    vertex 2.7712097425903948 0.02507208781817649 11.391619558623084
  endloop
endfacet
facet normal -0.7094142811169014 -0.33002972025189203 -0.6227453424136127
  outer loop
    vertex 2.9130816757806546 0.7774790660436859 10.277617767505808
    vertex 3.1316499980317114 0.7774790660436859 10.0286307761239
    vertex 3.1891927788363086 0.5661162608824422 10.075093326721095
  endloop
endfacet
facet normal -0.7468041493726989 -0.11187080072134174 -0.6555673012175679
  outer loop
    vertex 2.9130816757806546 0.7774790660436859 10.277617767505808
    vertex 2.894936152420281 1 10.260316045928448
    vertex 3.1316499980317114 0.7774790660436859 10.0286307761239
  endloop
endfacet
facet normal -0.7094142811169025 -0.3300297202518975 -0.6227453424136086
  outer loop
    vertex 2.9130816757806546 0.7774790660436859 10.277617767505808
    vertex 3.1891927788363086 0.5661162608824422 10.075093326721095
    vertex 2.9666083535513796 0.5661162608824422 10.328655351672301
  endloop
endfacet
facet normal -0.061893566403545146 -0.9937052361541078 -0.09337606801402024
  outer loop
    vertex 2.504867071368906 0.02507208781817649 11.568162629647125
    vertex 2.7712097425903948 0.02507208781817649 11.391619558623084
    vertex 2.6215364177861593 1e-17 11.757645688666557
  endloop
endfacet
facet normal -0.1825672300450174 -0.9438256948488425 -0.2754310517294473
  outer loop
    vertex 2.504867071368906 0.02507208781817649 11.568162629647125
    vertex 2.6486072870302646 0.09903113209758108 11.219448500380834
    vertex 2.7712097425903948 0.02507208781817649 11.391619558623084
  endloop
endfacet
facet normal -0.5868261433396442 -0.5316670998176316 -0.6107087460194327
  outer loop
    vertex 2.7081262593659017 0.5661162608824422 10.577029149234376
    vertex 2.9666083535513796 0.5661162608824422 10.328655351672301
    vertex 3.05283213460109 0.37651019814126674 10.410869560843427
  endloop
endfacet
facet normal -0.5868261433396442 -0.5316670998176328 -0.6107087460194315
  outer loop
    vertex 2.7081262593659017 0.5661162608824422 10.577029149234376
    vertex 3.05283213460109 0.37651019814126674 10.410869560843427
    vertex 2.786837318533184 0.37651019814126674 10.66646228500019
  endloop
endfacet
facet normal -0.43953714345216083 -0.7066383035955414 -0.5544992402316975
  outer loop
    vertex 2.5386249802406557 0.21816851753197042 11.064999961308924
    vertex 2.786837318533184 0.37651019814126674 10.66646228500019
    vertex 2.891449664570852 0.21816851753197042 10.785324999400762
  endloop
endfacet
facet normal -0.3308058894955609 -0.8464064835162715 -0.41732904061024845
  outer loop
    vertex 2.5386249802406557 0.21816851753197042 11.064999961308924
    vertex 2.891449664570852 0.21816851753197042 10.785324999400762
    vertex 3.0167175976254605 0.09903113209758108 10.927657019608572
  endloop
endfacet
facet normal -0.33080588949556067 -0.8464064835162726 -0.41732904061024656
  outer loop
    vertex 2.5386249802406557 0.21816851753197042 11.064999961308924
    vertex 3.0167175976254605 0.09903113209758108 10.927657019608572
    vertex 2.6486072870302646 0.09903113209758108 11.219448500380834
  endloop
endfacet
facet normal -0.18256723004501793 -0.9438256948488422 -0.2754310517294475
  outer loop
    vertex 2.394048013149778 0.09903113209758108 11.388181042419276
    vertex 2.6486072870302646 0.09903113209758108 11.219448500380834
    vertex 2.504867071368906 0.02507208781817649 11.568162629647125
  endloop
endfacet
facet normal -0.6429312724049717 -0.19000455724216653 -0.7419822418299056
  outer loop
    vertex 2.6592633882444114 0.7774790660436859 10.521510142970866
    vertex 2.320227638284793 1 10.758303808201342
    vertex 2.894936152420281 1 10.260316045928448
  endloop
endfacet
facet normal -0.6540538990985315 -0.32999757864522333 -0.6806725315173939
  outer loop
    vertex 2.6592633882444114 0.7774790660436859 10.521510142970866
    vertex 2.9666083535513796 0.5661162608824422 10.328655351672301
    vertex 2.7081262593659017 0.5661162608824422 10.577029149234376
  endloop
endfacet
facet normal -0.6885187295392312 -0.11185872708739497 -0.7165400088257953
  outer loop
    vertex 2.6592633882444114 0.7774790660436859 10.521510142970866
    vertex 2.894936152420281 1 10.260316045928448
    vertex 2.9130816757806546 0.7774790660436859 10.277617767505808
  endloop
endfacet
facet normal -0.6540538990985318 -0.3299975786452246 -0.6806725315173929
  outer loop
    vertex 2.6592633882444114 0.7774790660436859 10.521510142970866
    vertex 2.9130816757806546 0.7774790660436859 10.277617767505808
    vertex 2.9666083535513796 0.5661162608824422 10.328655351672301
  endloop
endfacet
facet normal -0.4395371434521642 -0.7066383035955386 -0.5544992402316985
  outer loop
    vertex 2.446777794330117 0.37651019814126674 10.936018636077357
    vertex 2.786837318533184 0.37651019814126674 10.66646228500019
    vertex 2.5386249802406557 0.21816851753197042 11.064999961308924
  endloop
endfacet
facet normal -0.5261720637431383 -0.5315268706271683 -0.6637937519573204
  outer loop
    vertex 2.446777794330117 0.37651019814126674 10.936018636077357
    vertex 2.7081262593659017 0.5661162608824422 10.577029149234376
    vertex 2.786837318533184 0.37651019814126674 10.66646228500019
  endloop
endfacet
facet normal -0.29406092050779914 -0.8465900576131955 -0.44363661862000536
  outer loop
    vertex 2.2946361734479703 0.21816851753197042 11.226725955304275
    vertex 2.5386249802406557 0.21816851753197042 11.064999961308924
    vertex 2.6486072870302646 0.09903113209758108 11.219448500380834
  endloop
endfacet
facet normal -0.29406092050779903 -0.8465900576131952 -0.44363661862000614
  outer loop
    vertex 2.2946361734479703 0.21816851753197042 11.226725955304275
    vertex 2.6486072870302646 0.09903113209758108 11.219448500380834
    vertex 2.394048013149778 0.09903113209758108 11.388181042419276
  endloop
endfacet
facet normal -0.05386020389724815 -0.9928179212974535 -0.10682534150074253
  outer loop
    vertex 1.984636528336778 0.02507208781817649 11.845747815609759
    vertex 2.6215364177861593 1e-17 11.757645688666557
    vertex 1.864282388901544 1e-17 12.139445136482546
  endloop
endfacet
facet normal -0.05280760751527048 -0.9936883992324794 -0.09896828693731047
  outer loop
    vertex 1.984636528336778 0.02507208781817649 11.845747815609759
    vertex 2.504867071368906 0.02507208781817649 11.568162629647125
    vertex 2.6215364177861593 1e-17 11.757645688666557
  endloop
endfacet
facet normal -0.15574608994405162 -0.9436865822201489 -0.2918883176915331
  outer loop
    vertex 1.984636528336778 0.02507208781817649 11.845747815609759
    vertex 2.394048013149778 0.09903113209758108 11.388181042419276
    vertex 2.504867071368906 0.02507208781817649 11.568162629647125
  endloop
endfacet
facet normal -0.526172063743138 -0.5315268706271685 -0.6637937519573203
  outer loop
    vertex 2.377671330720653 0.5661162608824422 10.838972186912352
    vertex 2.7081262593659017 0.5661162608824422 10.577029149234376
    vertex 2.446777794330117 0.37651019814126674 10.936018636077357
  endloop
endfacet
facet normal -0.39077950304118136 -0.7069089376590759 -0.5895516379933179
  outer loop
    vertex 2.211616477013823 0.37651019814126674 11.091893400547798
    vertex 2.5386249802406557 0.21816851753197042 11.064999961308924
    vertex 2.2946361734479703 0.21816851753197042 11.226725955304275
  endloop
endfacet
facet normal -0.4678816766754398 -0.5318186690862653 -0.7058722546202626
  outer loop
    vertex 2.211616477013823 0.37651019814126674 11.091893400547798
    vertex 2.377671330720653 0.5661162608824422 10.838972186912352
    vertex 2.446777794330117 0.37651019814126674 10.936018636077357
  endloop
endfacet
facet normal -0.39077950304118175 -0.706908937659077 -0.5895516379933163
  outer loop
    vertex 2.211616477013823 0.37651019814126674 11.091893400547798
    vertex 2.446777794330117 0.37651019814126674 10.936018636077357
    vertex 2.5386249802406557 0.21816851753197042 11.064999961308924
  endloop
endfacet
facet normal -0.04415272578192874 -0.9937088687303005 -0.10292337447233274
  outer loop
    vertex 1.7813140172342081 0.02507208781817649 11.932970403520711
    vertex 1.984636528336778 0.02507208781817649 11.845747815609759
    vertex 1.864282388901544 1e-17 12.139445136482546
  endloop
endfacet
facet normal -0.15574608994405173 -0.9436865822201488 -0.2918883176915333
  outer loop
    vertex 1.8968332458826047 0.09903113209758108 11.653485445407208
    vertex 2.394048013149778 0.09903113209758108 11.388181042419276
    vertex 1.984636528336778 0.02507208781817649 11.845747815609759
  endloop
endfacet
facet normal -0.5864137276504203 -0.32988946613590103 -0.7397917816221731
  outer loop
    vertex 2.334770876061102 0.7774790660436859 10.778726928005723
    vertex 2.6592633882444114 0.7774790660436859 10.521510142970866
    vertex 2.7081262593659017 0.5661162608824422 10.577029149234376
  endloop
endfacet
facet normal -0.5864137276504208 -0.329889466135903 -0.7397917816221719
  outer loop
    vertex 2.334770876061102 0.7774790660436859 10.778726928005723
    vertex 2.7081262593659017 0.5661162608824422 10.577029149234376
    vertex 2.377671330720653 0.5661162608824422 10.838972186912352
  endloop
endfacet
facet normal -0.6172924443032143 -0.11181811863627955 -0.7787469078916498
  outer loop
    vertex 2.334770876061102 0.7774790660436859 10.778726928005723
    vertex 2.320227638284793 1 10.758303808201342
    vertex 2.6592633882444114 0.7774790660436859 10.521510142970866
  endloop
endfacet
facet normal -0.46788167667543484 -0.5318186690862695 -0.7058722546202625
  outer loop
    vertex 2.1491518780866077 0.5661162608824422 10.990444445457051
    vertex 2.377671330720653 0.5661162608824422 10.838972186912352
    vertex 2.211616477013823 0.37651019814126674 11.091893400547798
  endloop
endfacet
facet normal -0.521518984049254 -0.33011445732270367 -0.786792472220452
  outer loop
    vertex 2.1491518780866077 0.5661162608824422 10.990444445457051
    vertex 2.334770876061102 0.7774790660436859 10.778726928005723
    vertex 2.377671330720653 0.5661162608824422 10.838972186912352
  endloop
endfacet
facet normal -0.13024080273537667 -0.9438557156256713 -0.303601253922965
  outer loop
    vertex 1.7025060261680212 0.09903113209758108 11.736849175832983
    vertex 1.984636528336778 0.02507208781817649 11.845747815609759
    vertex 1.7813140172342081 0.02507208781817649 11.932970403520711
  endloop
endfacet
facet normal -0.130240802735377 -0.9438557156256715 -0.3036012539229643
  outer loop
    vertex 1.7025060261680212 0.09903113209758108 11.736849175832983
    vertex 1.8968332458826047 0.09903113209758108 11.653485445407208
    vertex 1.984636528336778 0.02507208781817649 11.845747815609759
  endloop
endfacet
facet normal -0.25080120149901747 -0.8462664461841386 -0.4700338917456031
  outer loop
    vertex 1.8180680408637429 0.21816851753197042 11.481013704224639
    vertex 2.2946361734479703 0.21816851753197042 11.226725955304275
    vertex 2.394048013149778 0.09903113209758108 11.388181042419276
  endloop
endfacet
facet normal -0.25080120149901763 -0.8462664461841386 -0.47003389174560384
  outer loop
    vertex 1.8180680408637429 0.21816851753197042 11.481013704224639
    vertex 2.394048013149778 0.09903113209758108 11.388181042419276
    vertex 1.8968332458826047 0.09903113209758108 11.653485445407208
  endloop
endfacet
facet normal -0.5215189840492582 -0.3301144573226991 -0.7867924722204512
  outer loop
    vertex 2.110374612485984 0.7774790660436859 10.92746616425423
    vertex 2.334770876061102 0.7774790660436859 10.778726928005723
    vertex 2.1491518780866077 0.5661162608824422 10.990444445457051
  endloop
endfacet
facet normal -0.5490210336055672 -0.11190263308085045 -0.8282835899426277
  outer loop
    vertex 2.110374612485984 0.7774790660436859 10.92746616425423
    vertex 2.320227638284793 1 10.758303808201342
    vertex 2.334770876061102 0.7774790660436859 10.778726928005723
  endloop
endfacet
facet normal -0.49149611667257304 -0.18364713224857382 -0.8512962457996954
  outer loop
    vertex 2.110374612485984 0.7774790660436859 10.92746616425423
    vertex 1.6616600520075457 1 11.138527981418074
    vertex 2.320227638284793 1 10.758303808201342
  endloop
endfacet
facet normal -0.20978941692374523 -0.8466599235205148 -0.48903514643738116
  outer loop
    vertex 1.6318101774485543 0.21816851753197042 11.560915790706552
    vertex 1.8180680408637429 0.21816851753197042 11.481013704224639
    vertex 1.8968332458826047 0.09903113209758108 11.653485445407208
  endloop
endfacet
facet normal -0.20978941692374625 -0.8466599235205158 -0.4890351464373792
  outer loop
    vertex 1.6318101774485543 0.21816851753197042 11.560915790706552
    vertex 1.8968332458826047 0.09903113209758108 11.653485445407208
    vertex 1.7025060261680212 0.09903113209758108 11.736849175832983
  endloop
endfacet
facet normal -0.33319384899874976 -0.7064319442048187 -0.6244483703208763
  outer loop
    vertex 1.7522905295546911 0.37651019814126674 11.336981045344217
    vertex 2.2946361734479703 0.21816851753197042 11.226725955304275
    vertex 1.8180680408637429 0.21816851753197042 11.481013704224639
  endloop
endfacet
facet normal -0.3331938489987497 -0.706431944204818 -0.6244483703208769
  outer loop
    vertex 1.7522905295546911 0.37651019814126674 11.336981045344217
    vertex 2.211616477013823 0.37651019814126674 11.091893400547798
    vertex 2.2946361734479703 0.21816851753197042 11.226725955304275
  endloop
endfacet
facet normal -0.03424798747573937 -0.9936797715331811 -0.10689989242102498
  outer loop
    vertex 1.1263333790290322 0.02507208781817649 12.142809423804803
    vertex 1.7813140172342081 0.02507208781817649 11.932970403520711
    vertex 1.864282388901544 1e-17 12.139445136482546
  endloop
endfacet
facet normal -0.0342520292446501 -0.993135227420259 -0.1118446178836269
  outer loop
    vertex 1.1263333790290322 0.02507208781817649 12.142809423804803
    vertex 1.864282388901544 1e-17 12.139445136482546
    vertex 1.053396349978633 1e-17 12.38777619473843
  endloop
endfacet
facet normal -0.278808170318575 -0.7070119728841431 -0.649923129579245
  outer loop
    vertex 1.572771456130757 0.37651019814126674 11.413992282705497
    vertex 1.7522905295546911 0.37651019814126674 11.336981045344217
    vertex 1.8180680408637429 0.21816851753197042 11.481013704224639
  endloop
endfacet
facet normal -0.2788081703185787 -0.7070119728841465 -0.6499231295792397
  outer loop
    vertex 1.572771456130757 0.37651019814126674 11.413992282705497
    vertex 1.8180680408637429 0.21816851753197042 11.481013704224639
    vertex 1.6318101774485543 0.21816851753197042 11.560915790706552
  endloop
endfacet
facet normal -0.3988175594595294 -0.5313044708599288 -0.7474356918899415
  outer loop
    vertex 1.702799071035454 0.5661162608824422 11.228609867710212
    vertex 2.1491518780866077 0.5661162608824422 10.990444445457051
    vertex 2.211616477013823 0.37651019814126674 11.091893400547798
  endloop
endfacet
facet normal -0.3988175594595297 -0.5313044708599308 -0.74743569188994
  outer loop
    vertex 1.702799071035454 0.5661162608824422 11.228609867710212
    vertex 2.211616477013823 0.37651019814126674 11.091893400547798
    vertex 1.7522905295546911 0.37651019814126674 11.336981045344217
  endloop
endfacet
facet normal -0.33383910269260614 -0.5319298001629007 -0.7782044340737543
  outer loop
    vertex 1.702799071035454 0.5661162608824422 11.228609867710212
    vertex 1.7522905295546911 0.37651019814126674 11.336981045344217
    vertex 1.572771456130757 0.37651019814126674 11.413992282705497
  endloop
endfacet
facet normal -0.10100123624436937 -0.9436153181962832 -0.3152600221125993
  outer loop
    vertex 1.0765027090779309 0.09903113209758108 11.937404604635791
    vertex 1.7025060261680212 0.09903113209758108 11.736849175832983
    vertex 1.7813140172342081 0.02507208781817649 11.932970403520711
  endloop
endfacet
facet normal -0.10100123624436935 -0.9436153181962832 -0.3152600221125991
  outer loop
    vertex 1.0765027090779309 0.09903113209758108 11.937404604635791
    vertex 1.7813140172342081 0.02507208781817649 11.932970403520711
    vertex 1.1263333790290322 0.02507208781817649 12.142809423804803
  endloop
endfacet
facet normal -0.33383910269261813 -0.5319298001628928 -0.7782044340737545
  outer loop
    vertex 1.5283503102257359 0.5661162608824422 11.303446010020133
    vertex 1.702799071035454 0.5661162608824422 11.228609867710212
    vertex 1.572771456130757 0.37651019814126674 11.413992282705497
  endloop
endfacet
facet normal -0.4444333451117946 -0.32971804504112134 -0.83292557442247
  outer loop
    vertex 1.672075373694518 0.7774790660436859 11.161334354687824
    vertex 2.110374612485984 0.7774790660436859 10.92746616425423
    vertex 2.1491518780866077 0.5661162608824422 10.990444445457051
  endloop
endfacet
facet normal -0.4678095509007546 -0.11175373950934882 -0.8767356076900898
  outer loop
    vertex 1.672075373694518 0.7774790660436859 11.161334354687824
    vertex 1.6616600520075457 1 11.138527981418074
    vertex 2.110374612485984 0.7774790660436859 10.92746616425423
  endloop
endfacet
facet normal -0.44443334511179505 -0.329718045041123 -0.832925574422469
  outer loop
    vertex 1.672075373694518 0.7774790660436859 11.161334354687824
    vertex 2.1491518780866077 0.5661162608824422 10.990444445457051
    vertex 1.702799071035454 0.5661162608824422 11.228609867710212
  endloop
endfacet
facet normal -0.1626248500048333 -0.8461007562062126 -0.5076087750504131
  outer loop
    vertex 1.0318013855599377 0.21816851753197042 11.753143239439638
    vertex 1.6318101774485543 0.21816851753197042 11.560915790706552
    vertex 1.7025060261680212 0.09903113209758108 11.736849175832983
  endloop
endfacet
facet normal -0.16262485000483318 -0.8461007562062116 -0.5076087750504144
  outer loop
    vertex 1.0318013855599377 0.21816851753197042 11.753143239439638
    vertex 1.7025060261680212 0.09903113209758108 11.736849175832983
    vertex 1.0765027090779309 0.09903113209758108 11.937404604635791
  endloop
endfacet
facet normal -0.3721288083982719 -0.3302001685394504 -0.8674606611579576
  outer loop
    vertex 1.5007742014757193 0.7774790660436859 11.234820224363936
    vertex 1.702799071035454 0.5661162608824422 11.228609867710212
    vertex 1.5283503102257359 0.5661162608824422 11.303446010020133
  endloop
endfacet
facet normal -0.32231001650001245 -0.1699497632761788 -0.9312536342082819
  outer loop
    vertex 1.5007742014757193 0.7774790660436859 11.234820224363936
    vertex 0.9430357420377091 1 11.387246273294167
    vertex 1.6616600520075457 1 11.138527981418074
  endloop
endfacet
facet normal -0.39176385236439126 -0.11193483408797592 -0.9132314476069627
  outer loop
    vertex 1.5007742014757193 0.7774790660436859 11.234820224363936
    vertex 1.6616600520075457 1 11.138527981418074
    vertex 1.672075373694518 0.7774790660436859 11.161334354687824
  endloop
endfacet
facet normal -0.3721288083982681 -0.3302001685394467 -0.8674606611579606
  outer loop
    vertex 1.5007742014757193 0.7774790660436859 11.234820224363936
    vertex 1.672075373694518 0.7774790660436859 11.161334354687824
    vertex 1.702799071035454 0.5661162608824422 11.228609867710212
  endloop
endfacet
facet normal -0.2160176529517299 -0.7061878841941841 -0.6742663018648992
  outer loop
    vertex 0.9944709194927162 0.37651019814126674 11.599264962475733
    vertex 1.6318101774485543 0.21816851753197042 11.560915790706552
    vertex 1.0318013855599377 0.21816851753197042 11.753143239439638
  endloop
endfacet
facet normal -0.25852445880067537 -0.531041548815913 -0.8069448417537683
  outer loop
    vertex 0.9944709194927162 0.37651019814126674 11.599264962475733
    vertex 1.5283503102257359 0.5661162608824422 11.303446010020133
    vertex 1.572771456130757 0.37651019814126674 11.413992282705497
  endloop
endfacet
facet normal -0.21601765295173067 -0.7061878841941882 -0.6742663018648948
  outer loop
    vertex 0.9944709194927162 0.37651019814126674 11.599264962475733
    vertex 1.572771456130757 0.37651019814126674 11.413992282705497
    vertex 1.6318101774485543 0.21816851753197042 11.560915790706552
  endloop
endfacet
facet normal -0.014401920885375482 -0.9935511220596496 -0.11246667296947369
  outer loop
    vertex 0.22732160677018212 0.02507208781817649 12.272067802701578
    vertex 1.053396349978633 1e-17 12.38777619473843
    vertex 0.21220601598074343 1e-17 12.495494831023407
  endloop
endfacet
facet normal -0.015284761120650695 -0.9942157800939142 -0.10630784867418874
  outer loop
    vertex 0.22732160677018212 0.02507208781817649 12.272067802701578
    vertex 1.1263333790290322 0.02507208781817649 12.142809423804803
    vertex 1.053396349978633 1e-17 12.38777619473843
  endloop
endfacet
facet normal -0.25852445880067354 -0.531041548815916 -0.806944841753767
  outer loop
    vertex 0.9663832163233282 0.5661162608824422 11.483485873090773
    vertex 1.5283503102257359 0.5661162608824422 11.303446010020133
    vertex 0.9944709194927162 0.37651019814126674 11.599264962475733
  endloop
endfacet
facet normal -0.04719395086731704 -0.9434142707231278 -0.32824113818575856
  outer loop
    vertex 0.21726455956672977 0.09903113209758108 12.06094439990791
    vertex 1.0765027090779309 0.09903113209758108 11.937404604635791
    vertex 1.1263333790290322 0.02507208781817649 12.142809423804803
  endloop
endfacet
facet normal -0.04719395086731693 -0.9434142707231274 -0.32824113818575945
  outer loop
    vertex 0.21726455956672977 0.09903113209758108 12.06094439990791
    vertex 1.1263333790290322 0.02507208781817649 12.142809423804803
    vertex 0.22732160677018212 0.02507208781817649 12.272067802701578
  endloop
endfacet
facet normal -0.2880593964962496 -0.32951545735979293 -0.8991336649526493
  outer loop
    vertex 0.9489467107727213 0.7774790660436859 11.411611618277895
    vertex 1.5007742014757193 0.7774790660436859 11.234820224363936
    vertex 1.5283503102257359 0.5661162608824422 11.303446010020133
  endloop
endfacet
facet normal -0.30319057502664754 -0.11167766939362893 -0.9463633410978143
  outer loop
    vertex 0.9489467107727213 0.7774790660436859 11.411611618277895
    vertex 0.9430357420377091 1 11.387246273294167
    vertex 1.5007742014757193 0.7774790660436859 11.234820224363936
  endloop
endfacet
facet normal -0.288059396496248 -0.3295154573597871 -0.8991336649526519
  outer loop
    vertex 0.9489467107727213 0.7774790660436859 11.411611618277895
    vertex 1.5283503102257359 0.5661162608824422 11.303446010020133
    vertex 0.9663832163233282 0.5661162608824422 11.483485873090773
  endloop
endfacet
facet normal -0.07596250263498384 -0.8456336397063328 -0.5283308107525531
  outer loop
    vertex 0.20824273984970793 0.21816851753197042 11.871553096524666
    vertex 1.0318013855599377 0.21816851753197042 11.753143239439638
    vertex 1.0765027090779309 0.09903113209758108 11.937404604635791
  endloop
endfacet
facet normal -0.07596250263498383 -0.8456336397063329 -0.5283308107525532
  outer loop
    vertex 0.20824273984970793 0.21816851753197042 11.871553096524666
    vertex 1.0765027090779309 0.09903113209758108 11.937404604635791
    vertex 0.21726455956672977 0.09903113209758108 12.06094439990791
  endloop
endfacet
facet normal -0.1008598787931073 -0.7055004149311549 -0.7014958655486203
  outer loop
    vertex 0.20070853933156646 0.37651019814126674 11.713390763332692
    vertex 0.9944709194927162 0.37651019814126674 11.599264962475733
    vertex 1.0318013855599377 0.21816851753197042 11.753143239439638
  endloop
endfacet
facet normal -0.1206558117906645 -0.530301581778172 -0.8391796038064226
  outer loop
    vertex 0.20070853933156646 0.37651019814126674 11.713390763332692
    vertex 0.9663832163233282 0.5661162608824422 11.483485873090773
    vertex 0.9944709194927162 0.37651019814126674 11.599264962475733
  endloop
endfacet
facet normal -0.10085987879310813 -0.7055004149311583 -0.7014958655486168
  outer loop
    vertex 0.20070853933156646 0.37651019814126674 11.713390763332692
    vertex 1.0318013855599377 0.21816851753197042 11.753143239439638
    vertex 0.20824273984970793 0.21816851753197042 11.871553096524666
  endloop
endfacet
facet normal 0.004768871241753371 -0.9936670920123101 -0.11226294187700184
  outer loop
    vertex -0.6068249748552215 0.02507208781817649 12.238783565048905
    vertex 0.21220601598074343 1e-17 12.495494831023407
    vertex -0.6350890987343916 1e-17 12.459502176294386
  endloop
endfacet
facet normal 0.004437855247637474 -0.9937860729168513 -0.1112184639226039
  outer loop
    vertex -0.6068249748552215 0.02507208781817649 12.238783565048905
    vertex 0.22732160677018212 0.02507208781817649 12.272067802701578
    vertex 0.21220601598074343 1e-17 12.495494831023407
  endloop
endfacet
facet normal -0.12065581179066588 -0.5303015817781687 -0.8391796038064246
  outer loop
    vertex 0.19503975428636663 0.5661162608824422 11.594388320146624
    vertex 0.9663832163233282 0.5661162608824422 11.483485873090773
    vertex 0.20070853933156646 0.37651019814126674 11.713390763332692
  endloop
endfacet
facet normal 0.013213370751618955 -0.9434875782694778 -0.3311443740796093
  outer loop
    vertex -0.579978132168056 0.09903113209758108 12.029132706611929
    vertex 0.21726455956672977 0.09903113209758108 12.06094439990791
    vertex 0.22732160677018212 0.02507208781817649 12.272067802701578
  endloop
endfacet
facet normal 0.013213370751617909 -0.9434875782694789 -0.3311443740796062
  outer loop
    vertex -0.579978132168056 0.09903113209758108 12.029132706611929
    vertex 0.22732160677018212 0.02507208781817649 12.272067802701578
    vertex -0.6068249748552215 0.02507208781817649 12.238783565048905
  endloop
endfacet
facet normal -0.1414280025364098 -0.11146380529153015 -0.9836533638474955
  outer loop
    vertex 0.19152064126705956 0.7774790660436859 11.520513046378737
    vertex 0.1903276632949696 1 11.495469356732032
    vertex 0.9430357420377091 1 11.387246273294167
  endloop
endfacet
facet normal -0.1414280025364086 -0.11146380529153399 -0.9836533638474949
  outer loop
    vertex 0.19152064126705956 0.7774790660436859 11.520513046378737
    vertex 0.9430357420377091 1 11.387246273294167
    vertex 0.9489467107727213 0.7774790660436859 11.411611618277895
  endloop
endfacet
facet normal -0.13439485279436528 -0.3289456849745968 -0.9347367329248242
  outer loop
    vertex 0.19152064126705956 0.7774790660436859 11.520513046378737
    vertex 0.9489467107727213 0.7774790660436859 11.411611618277895
    vertex 0.9663832163233282 0.5661162608824422 11.483485873090773
  endloop
endfacet
facet normal -0.13439485279436653 -0.32894568497460175 -0.9347367329248223
  outer loop
    vertex 0.19152064126705956 0.7774790660436859 11.520513046378737
    vertex 0.9663832163233282 0.5661162608824422 11.483485873090773
    vertex 0.19503975428636663 0.5661162608824422 11.594388320146624
  endloop
endfacet
facet normal 0.021270624485706557 -0.8458039084317582 -0.5330697037119538
  outer loop
    vertex -0.5558947834678821 0.21816851753197042 11.841062370451237
    vertex 0.21726455956672977 0.09903113209758108 12.06094439990791
    vertex -0.579978132168056 0.09903113209758108 12.029132706611929
  endloop
endfacet
facet normal 0.021270624485705096 -0.8458039084317606 -0.53306970371195
  outer loop
    vertex -0.5558947834678821 0.21816851753197042 11.841062370451237
    vertex 0.20824273984970793 0.21816851753197042 11.871553096524666
    vertex 0.21726455956672977 0.09903113209758108 12.06094439990791
  endloop
endfacet
facet normal 0.028246598112502415 -0.7057509037570661 -0.7078967379082599
  outer loop
    vertex -0.5357825684218326 0.37651019814126674 11.684003188535252
    vertex 0.20824273984970793 0.21816851753197042 11.871553096524666
    vertex -0.5558947834678821 0.21816851753197042 11.841062370451237
  endloop
endfacet
facet normal 0.02824659811250327 -0.7057509037570642 -0.7078967379082615
  outer loop
    vertex -0.5357825684218326 0.37651019814126674 11.684003188535252
    vertex 0.20070853933156646 0.37651019814126674 11.713390763332692
    vertex 0.20824273984970793 0.21816851753197042 11.871553096524666
  endloop
endfacet
facet normal 0.023672804639229418 -0.9936670920123098 -0.1098421985045475
  outer loop
    vertex -1.3989546598346152 0.02507208781817649 12.068066558864118
    vertex -0.6350890987343916 1e-17 12.459502176294386
    vertex -1.4641138563827494 1e-17 12.280833673696256
  endloop
endfacet
facet normal 0.023672804639229356 -0.9936670920123098 -0.10984219850454739
  outer loop
    vertex -1.3989546598346152 0.02507208781817649 12.068066558864118
    vertex -0.6068249748552215 0.02507208781817649 12.238783565048905
    vertex -0.6350890987343916 1e-17 12.459502176294386
  endloop
endfacet
facet normal 0.06980695531105952 -0.9435106124140146 -0.3239054078775637
  outer loop
    vertex -1.3989546598346152 0.02507208781817649 12.068066558864118
    vertex -0.579978132168056 0.09903113209758108 12.029132706611929
    vertex -0.6068249748552215 0.02507208781817649 12.238783565048905
  endloop
endfacet
facet normal 0.03379577779183514 -0.5305710908221852 -0.846966447379825
  outer loop
    vertex -0.5206499974736131 0.5661162608824422 11.565830764067279
    vertex 0.20070853933156646 0.37651019814126674 11.713390763332692
    vertex -0.5357825684218326 0.37651019814126674 11.684003188535252
  endloop
endfacet
facet normal 0.033795777791834195 -0.5305710908221875 -0.8469664473798233
  outer loop
    vertex -0.5206499974736131 0.5661162608824422 11.565830764067279
    vertex 0.19503975428636663 0.5661162608824422 11.594388320146624
    vertex 0.20070853933156646 0.37651019814126674 11.713390763332692
  endloop
endfacet
facet normal 0.06980695531105942 -0.9435106124140142 -0.3239054078775646
  outer loop
    vertex -1.3370628174825145 0.09903113209758108 11.865968475607762
    vertex -0.579978132168056 0.09903113209758108 12.029132706611929
    vertex -1.3989546598346152 0.02507208781817649 12.068066558864118
  endloop
endfacet
facet normal 0.03764869990387623 -0.3291531395935247 -0.94352572094844
  outer loop
    vertex -0.5112558809186803 0.7774790660436859 11.492470755855205
    vertex 0.19152064126705956 0.7774790660436859 11.520513046378737
    vertex 0.19503975428636663 0.5661162608824422 11.594388320146624
  endloop
endfacet
facet normal 0.03764869990387438 -0.32915313959353004 -0.9435257209484381
  outer loop
    vertex -0.5112558809186803 0.7774790660436859 11.492470755855205
    vertex 0.19503975428636663 0.5661162608824422 11.594388320146624
    vertex -0.5206499974736131 0.5661162608824422 11.565830764067279
  endloop
endfacet
facet normal 0.04714435670679685 -0.13530432166905407 -0.9896818429012323
  outer loop
    vertex -0.5112558809186803 0.7774790660436859 11.492470755855205
    vertex -0.56925935309314 1 11.459285767523731
    vertex 0.1903276632949696 1 11.495469356732032
  endloop
endfacet
facet normal 0.03962161590382206 -0.11154165956590142 -0.992969579460748
  outer loop
    vertex -0.5112558809186803 0.7774790660436859 11.492470755855205
    vertex 0.1903276632949696 1 11.495469356732032
    vertex 0.19152064126705956 0.7774790660436859 11.520513046378737
  endloop
endfacet
facet normal 0.1123782306411561 -0.8458574220281431 -0.5214368177237457
  outer loop
    vertex -1.2815418447398081 0.21816851753197042 11.684673465709768
    vertex -0.5558947834678821 0.21816851753197042 11.841062370451237
    vertex -0.579978132168056 0.09903113209758108 12.029132706611929
  endloop
endfacet
facet normal 0.11237823064115537 -0.8458574220281438 -0.5214368177237446
  outer loop
    vertex -1.2815418447398081 0.21816851753197042 11.684673465709768
    vertex -0.579978132168056 0.09903113209758108 12.029132706611929
    vertex -1.3370628174825145 0.09903113209758108 11.865968475607762
  endloop
endfacet
facet normal 0.14924131970641893 -0.7058296535072708 -0.6924821504718316
  outer loop
    vertex -1.2351757950152074 0.37651019814126674 11.533272417988451
    vertex -0.5558947834678821 0.21816851753197042 11.841062370451237
    vertex -1.2815418447398081 0.21816851753197042 11.684673465709768
  endloop
endfacet
facet normal 0.14924131970641713 -0.7058296535072738 -0.692482150471829
  outer loop
    vertex -1.2351757950152074 0.37651019814126674 11.533272417988451
    vertex -0.5357825684218326 0.37651019814126674 11.684003188535252
    vertex -0.5558947834678821 0.21816851753197042 11.841062370451237
  endloop
endfacet
facet normal 0.04189571454820126 -0.99366709201231 -0.10426149507030467
  outer loop
    vertex -2.150838966320906 0.02507208781817649 11.765934594838658
    vertex -1.4641138563827494 1e-17 12.280833673696256
    vertex -2.251018724088365 1e-17 11.964629290747844
  endloop
endfacet
facet normal 0.041895714548201304 -0.99366709201231 -0.10426149507030476
  outer loop
    vertex -2.150838966320906 0.02507208781817649 11.765934594838658
    vertex -1.3989546598346152 0.02507208781817649 12.068066558864118
    vertex -1.4641138563827494 1e-17 12.280833673696256
  endloop
endfacet
facet normal 0.17856909129236798 -0.5306558458134414 -0.8285634875729433
  outer loop
    vertex -1.2002896556496672 0.5661162608824422 11.41935721317228
    vertex -0.5206499974736131 0.5661162608824422 11.565830764067279
    vertex -0.5357825684218326 0.37651019814126674 11.684003188535252
  endloop
endfacet
facet normal 0.17856909129236467 -0.530655845813448 -0.8285634875729397
  outer loop
    vertex -1.2002896556496672 0.5661162608824422 11.41935721317228
    vertex -0.5357825684218326 0.37651019814126674 11.684003188535252
    vertex -1.2351757950152074 0.37651019814126674 11.533272417988451
  endloop
endfacet
facet normal 0.1235431254455031 -0.9435106124140141 -0.30744889074005227
  outer loop
    vertex -2.055682639922146 0.09903113209758108 11.577203280659154
    vertex -1.3989546598346152 0.02507208781817649 12.068066558864118
    vertex -2.150838966320906 0.02507208781817649 11.765934594838658
  endloop
endfacet
facet normal 0.12354312544550301 -0.9435106124140142 -0.3074488907400522
  outer loop
    vertex -2.055682639922146 0.09903113209758108 11.577203280659154
    vertex -1.3370628174825145 0.09903113209758108 11.865968475607762
    vertex -1.3989546598346152 0.02507208781817649 12.068066558864118
  endloop
endfacet
facet normal 0.05323689847202411 -0.9937072179042588 -0.09854845369693621
  outer loop
    vertex -2.388739533021842 0.02507208781817649 11.637418237242187
    vertex -2.150838966320906 0.02507208781817649 11.765934594838658
    vertex -2.251018724088365 1e-17 11.964629290747844
  endloop
endfacet
facet normal 0.0632180206610188 -0.9927042969483209 -0.10267258974060726
  outer loop
    vertex -2.388739533021842 0.02507208781817649 11.637418237242187
    vertex -2.251018724088365 1e-17 11.964629290747844
    vertex -2.9731658815214312 1e-17 11.519985651834704
  endloop
endfacet
facet normal 0.20981483109210441 -0.09049514930481417 -0.9735442283769604
  outer loop
    vertex -1.1786327633428069 0.7774790660436859 11.348640035299205
    vertex -0.56925935309314 1 11.459285767523731
    vertex -0.5112558809186803 0.7774790660436859 11.492470755855205
  endloop
endfacet
facet normal 0.1989347023062377 -0.32921839550500237 -0.9230602538726497
  outer loop
    vertex -1.1786327633428069 0.7774790660436859 11.348640035299205
    vertex -0.5206499974736131 0.5661162608824422 11.565830764067279
    vertex -1.2002896556496672 0.5661162608824422 11.41935721317228
  endloop
endfacet
facet normal 0.23271001566123828 -0.1603043280444398 -0.9592437495345835
  outer loop
    vertex -1.1786327633428069 0.7774790660436859 11.348640035299205
    vertex -1.3082718532696858 1 11.280003274858675
    vertex -0.56925935309314 1 11.459285767523731
  endloop
endfacet
facet normal 0.19893470230623592 -0.32921839550500676 -0.9230602538726486
  outer loop
    vertex -1.1786327633428069 0.7774790660436859 11.348640035299205
    vertex -0.5112558809186803 0.7774790660436859 11.492470755855205
    vertex -0.5206499974736131 0.5661162608824422 11.565830764067279
  endloop
endfacet
facet normal 0.19888502203797492 -0.8458574220281441 -0.49494441062492717
  outer loop
    vertex -1.9703212804359342 0.21816851753197042 11.407899124375628
    vertex -1.2815418447398081 0.21816851753197042 11.684673465709768
    vertex -1.3370628174825145 0.09903113209758108 11.865968475607762
  endloop
endfacet
facet normal 0.19888502203797315 -0.8458574220281456 -0.4949444106249251
  outer loop
    vertex -1.9703212804359342 0.21816851753197042 11.407899124375628
    vertex -1.3370628174825145 0.09903113209758108 11.865968475607762
    vertex -2.055682639922146 0.09903113209758108 11.577203280659154
  endloop
endfacet
facet normal 0.2529433321831221 -0.8466281708753248 -0.4682311512323807
  outer loop
    vertex -2.28305813044122 0.09903113209758108 11.454372678557409
    vertex -1.9703212804359342 0.21816851753197042 11.407899124375628
    vertex -2.055682639922146 0.09903113209758108 11.577203280659154
  endloop
endfacet
facet normal 0.15703509950143943 -0.9438420723545474 -0.2906924835251961
  outer loop
    vertex -2.28305813044122 0.09903113209758108 11.454372678557409
    vertex -2.055682639922146 0.09903113209758108 11.577203280659154
    vertex -2.150838966320906 0.02507208781817649 11.765934594838658
  endloop
endfacet
facet normal 0.15703509950143982 -0.9438420723545473 -0.2906924835251963
  outer loop
    vertex -2.28305813044122 0.09903113209758108 11.454372678557409
    vertex -2.150838966320906 0.02507208781817649 11.765934594838658
    vertex -2.388739533021842 0.02507208781817649 11.637418237242187
  endloop
endfacet
facet normal 0.26412467067191225 -0.7058296535072709 -0.6572995196805335
  outer loop
    vertex -1.899035262864905 0.37651019814126674 11.266511743336729
    vertex -1.2351757950152074 0.37651019814126674 11.533272417988451
    vertex -1.2815418447398081 0.21816851753197042 11.684673465709768
  endloop
endfacet
facet normal 0.2641246706719143 -0.7058296535072682 -0.6572995196805353
  outer loop
    vertex -1.899035262864905 0.37651019814126674 11.266511743336729
    vertex -1.2815418447398081 0.21816851753197042 11.684673465709768
    vertex -1.9703212804359342 0.21816851753197042 11.407899124375628
  endloop
endfacet
facet normal 0.25294333218312226 -0.846628170875325 -0.46823115123238024
  outer loop
    vertex -2.1882550990706324 0.21816851753197042 11.290169011512004
    vertex -1.9703212804359342 0.21816851753197042 11.407899124375628
    vertex -2.28305813044122 0.09903113209758108 11.454372678557409
  endloop
endfacet
facet normal 0.061475548741220014 -0.9936922103445408 -0.09378991421014603
  outer loop
    vertex -2.8408475517687917 0.02507208781817649 11.341079459487256
    vertex -2.388739533021842 0.02507208781817649 11.637418237242187
    vertex -2.9731658815214312 1e-17 11.519985651834704
  endloop
endfacet
facet normal 0.31602844656264634 -0.5306558458134482 -0.7864670331725385
  outer loop
    vertex -1.8453991657945565 0.5661162608824422 11.16013089121003
    vertex -1.2002896556496672 0.5661162608824422 11.41935721317228
    vertex -1.2351757950152074 0.37651019814126674 11.533272417988451
  endloop
endfacet
facet normal 0.35207114782428245 -0.32921839550500215 -0.8761627445462424
  outer loop
    vertex -1.8453991657945565 0.5661162608824422 11.16013089121003
    vertex -1.1786327633428069 0.7774790660436859 11.348640035299205
    vertex -1.2002896556496672 0.5661162608824422 11.41935721317228
  endloop
endfacet
facet normal 0.31602844656264645 -0.5306558458134477 -0.7864670331725385
  outer loop
    vertex -1.8453991657945565 0.5661162608824422 11.16013089121003
    vertex -1.2351757950152074 0.37651019814126674 11.533272417988451
    vertex -1.899035262864905 0.37651019814126674 11.266511743336729
  endloop
endfacet
facet normal 0.3361496603574374 -0.7069651430307753 -0.6222569343776371
  outer loop
    vertex -2.109084258765984 0.37651019814126674 11.153041093626431
    vertex -1.899035262864905 0.37651019814126674 11.266511743336729
    vertex -1.9703212804359342 0.21816851753197042 11.407899124375628
  endloop
endfacet
facet normal 0.3361496603574313 -0.706965143030779 -0.6222569343776362
  outer loop
    vertex -2.109084258765984 0.37651019814126674 11.153041093626431
    vertex -1.9703212804359342 0.21816851753197042 11.407899124375628
    vertex -2.1882550990706324 0.21816851753197042 11.290169011512004
  endloop
endfacet
facet normal 0.1813159032542034 -0.9437180662151794 -0.27662385060980255
  outer loop
    vertex -2.715164215583177 0.09903113209758108 11.171144370671309
    vertex -2.28305813044122 0.09903113209758108 11.454372678557409
    vertex -2.388739533021842 0.02507208781817649 11.637418237242187
  endloop
endfacet
facet normal 0.18131590325420358 -0.9437180662151796 -0.27662385060980266
  outer loop
    vertex -2.715164215583177 0.09903113209758108 11.171144370671309
    vertex -2.388739533021842 0.02507208781817649 11.637418237242187
    vertex -2.8408475517687917 0.02507208781817649 11.341079459487256
  endloop
endfacet
facet normal 0.0803396599720023 -0.9925788865431574 -0.0912835857333006
  outer loop
    vertex -3.128583447597603 0.02507208781817649 11.110577770648895
    vertex -2.9731658815214312 1e-17 11.519985651834704
    vertex -3.6097804697726206 1e-17 10.959694344887733
  endloop
endfacet
facet normal 0.0700531066173355 -0.9937029230653464 -0.08744748678290679
  outer loop
    vertex -3.128583447597603 0.02507208781817649 11.110577770648895
    vertex -2.8408475517687917 0.02507208781817649 11.341079459487256
    vertex -2.9731658815214312 1e-17 11.519985651834704
  endloop
endfacet
facet normal 0.20663169255576563 -0.9438065800612617 -0.2579389134361169
  outer loop
    vertex -3.128583447597603 0.02507208781817649 11.110577770648895
    vertex -2.715164215583177 0.09903113209758108 11.171144370671309
    vertex -2.8408475517687917 0.02507208781817649 11.341079459487256
  endloop
endfacet
facet normal 0.3520711478242825 -0.32921839550500226 -0.8761627445462424
  outer loop
    vertex -1.8121025270968327 0.7774790660436859 11.09409094812892
    vertex -1.1786327633428069 0.7774790660436859 11.348640035299205
    vertex -1.8453991657945565 0.5661162608824422 11.16013089121003
  endloop
endfacet
facet normal 0.37197244254576634 -0.06882106045451648 -0.9256890210132409
  outer loop
    vertex -1.8121025270968327 0.7774790660436859 11.09409094812892
    vertex -1.3082718532696858 1 11.280003274858675
    vertex -1.1786327633428069 0.7774790660436859 11.348640035299205
  endloop
endfacet
facet normal 0.40880177638348053 -0.1777237922452468 -0.8951510270874291
  outer loop
    vertex -1.8121025270968327 0.7774790660436859 11.09409094812892
    vertex -1.9999999999999991 1 10.964101615137755
    vertex -1.3082718532696858 1 11.280003274858675
  endloop
endfacet
facet normal 0.40248704788816847 -0.5318792881060463 -0.7450561047102914
  outer loop
    vertex -2.0495155660487896 0.5661162608824422 11.049865091299793
    vertex -1.8453991657945565 0.5661162608824422 11.16013089121003
    vertex -1.899035262864905 0.37651019814126674 11.266511743336729
  endloop
endfacet
facet normal 0.402487047888173 -0.5318792881060428 -0.7450561047102913
  outer loop
    vertex -2.0495155660487896 0.5661162608824422 11.049865091299793
    vertex -1.899035262864905 0.37651019814126674 11.266511743336729
    vertex -2.109084258765984 0.37651019814126674 11.153041093626431
  endloop
endfacet
facet normal 0.29199232965650607 -0.8463396660155588 -0.4454768783567096
  outer loop
    vertex -2.6024181602488428 0.21816851753197042 11.01870164032723
    vertex -2.1882550990706324 0.21816851753197042 11.290169011512004
    vertex -2.28305813044122 0.09903113209758108 11.454372678557409
  endloop
endfacet
facet normal 0.29199232965650695 -0.846339666015558 -0.4454768783567102
  outer loop
    vertex -2.6024181602488428 0.21816851753197042 11.01870164032723
    vertex -2.28305813044122 0.09903113209758108 11.454372678557409
    vertex -2.715164215583177 0.09903113209758108 11.171144370671309
  endloop
endfacet
facet normal 0.2066316925557656 -0.9438065800612617 -0.2579389134361169
  outer loop
    vertex -2.9901702458809765 0.09903113209758108 10.950840420613963
    vertex -2.715164215583177 0.09903113209758108 11.171144370671309
    vertex -3.128583447597603 0.02507208781817649 11.110577770648895
  endloop
endfacet
facet normal 0.4486400032939726 -0.3301612088761363 -0.830491254377692
  outer loop
    vertex -2.0125360439090874 0.7774790660436859 10.98581468011421
    vertex -1.8121025270968327 0.7774790660436859 11.09409094812892
    vertex -1.8453991657945565 0.5661162608824422 11.16013089121003
  endloop
endfacet
facet normal 0.4486400032939724 -0.33016120887613676 -0.8304912543776922
  outer loop
    vertex -2.0125360439090874 0.7774790660436859 10.98581468011421
    vertex -1.8453991657945565 0.5661162608824422 11.16013089121003
    vertex -2.0495155660487896 0.5661162608824422 11.049865091299793
  endloop
endfacet
facet normal 0.4723060566091422 -0.11192019692264807 -0.8743002106891645
  outer loop
    vertex -2.0125360439090874 0.7774790660436859 10.98581468011421
    vertex -1.9999999999999991 1 10.964101615137755
    vertex -1.8121025270968327 0.7774790660436859 11.09409094812892
  endloop
endfacet
facet normal 0.3879426720485248 -0.706539831368867 -0.5918631175306531
  outer loop
    vertex -2.5082629437667774 0.37651019814126674 10.891395383499876
    vertex -2.109084258765984 0.37651019814126674 11.153041093626431
    vertex -2.1882550990706324 0.21816851753197042 11.290169011512004
  endloop
endfacet
facet normal 0.38794267204852567 -0.7065398313688661 -0.5918631175306536
  outer loop
    vertex -2.5082629437667774 0.37651019814126674 10.891395383499876
    vertex -2.1882550990706324 0.21816851753197042 11.290169011512004
    vertex -2.6024181602488428 0.21816851753197042 11.01870164032723
  endloop
endfacet
facet normal 0.0772418096549152 -0.993698831094388 -0.08121783007985807
  outer loop
    vertex -3.449130125470407 0.02507208781817649 10.805723461522174
    vertex -3.128583447597603 0.02507208781817649 11.110577770648895
    vertex -3.6097804697726206 1e-17 10.959694344887733
  endloop
endfacet
facet normal 0.3328107888330539 -0.8465455782274078 -0.415448628376535
  outer loop
    vertex -2.8660046804738144 0.21816851753197042 10.807545719402333
    vertex -2.6024181602488428 0.21816851753197042 11.01870164032723
    vertex -2.715164215583177 0.09903113209758108 11.171144370671309
  endloop
endfacet
facet normal 0.33281078883305293 -0.8465455782274082 -0.4154486283765346
  outer loop
    vertex -2.8660046804738144 0.21816851753197042 10.807545719402333
    vertex -2.715164215583177 0.09903113209758108 11.171144370671309
    vertex -2.9901702458809765 0.09903113209758108 10.950840420613963
  endloop
endfacet
facet normal 0.46438004800015226 -0.5314207336026248 -0.7084794809425495
  outer loop
    vertex -2.437419901849339 0.5661162608824422 10.795609267491209
    vertex -2.0495155660487896 0.5661162608824422 11.049865091299793
    vertex -2.109084258765984 0.37651019814126674 11.153041093626431
  endloop
endfacet
facet normal 0.46438004800015237 -0.5314207336026248 -0.7084794809425495
  outer loop
    vertex -2.437419901849339 0.5661162608824422 10.795609267491209
    vertex -2.109084258765984 0.37651019814126674 11.153041093626431
    vertex -2.5082629437667774 0.37651019814126674 10.891395383499876
  endloop
endfacet
facet normal 0.2278285797500034 -0.9437727675531118 -0.23955605079863174
  outer loop
    vertex -3.2965354602489243 0.09903113209758108 10.65947332117498
    vertex -2.9901702458809765 0.09903113209758108 10.950840420613963
    vertex -3.128583447597603 0.02507208781817649 11.110577770648895
  endloop
endfacet
facet normal 0.2278285797500024 -0.9437727675531119 -0.2395560507986314
  outer loop
    vertex -3.2965354602489243 0.09903113209758108 10.65947332117498
    vertex -3.128583447597603 0.02507208781817649 11.110577770648895
    vertex -3.449130125470407 0.02507208781817649 10.805723461522174
  endloop
endfacet
facet normal 0.4422566617365632 -0.7068433515597687 -0.5520702142892554
  outer loop
    vertex -2.7623129312958805 0.37651019814126674 10.687879061679318
    vertex -2.5082629437667774 0.37651019814126674 10.891395383499876
    vertex -2.6024181602488428 0.21816851753197042 11.01870164032723
  endloop
endfacet
facet normal 0.44225666173656275 -0.7068433515597691 -0.5520702142892554
  outer loop
    vertex -2.7623129312958805 0.37651019814126674 10.687879061679318
    vertex -2.6024181602488428 0.21816851753197042 11.01870164032723
    vertex -2.8660046804738144 0.21816851753197042 10.807545719402333
  endloop
endfacet
facet normal 0.5697431491225623 -0.18773665643127102 -0.8000923020876483
  outer loop
    vertex -2.3934414004330473 0.7774790660436859 10.736146408125885
    vertex -2.61944293578114 1 10.522998297417033
    vertex -1.9999999999999991 1 10.964101615137755
  endloop
endfacet
facet normal 0.5175221031921327 -0.3298076514385252 -0.7895554355206453
  outer loop
    vertex -2.3934414004330473 0.7774790660436859 10.736146408125885
    vertex -2.0125360439090874 0.7774790660436859 10.98581468011421
    vertex -2.0495155660487896 0.5661162608824422 11.049865091299793
  endloop
endfacet
facet normal 0.5447586010460902 -0.1117873908505279 -0.8311086847297036
  outer loop
    vertex -2.3934414004330473 0.7774790660436859 10.736146408125885
    vertex -1.9999999999999991 1 10.964101615137755
    vertex -2.0125360439090874 0.7774790660436859 10.98581468011421
  endloop
endfacet
facet normal 0.5175221031921322 -0.3298076514385256 -0.7895554355206453
  outer loop
    vertex -2.3934414004330473 0.7774790660436859 10.736146408125885
    vertex -2.0495155660487896 0.5661162608824422 11.049865091299793
    vertex -2.437419901849339 0.5661162608824422 10.795609267491209
  endloop
endfacet
facet normal 0.09449594593053923 -0.9925969996318023 -0.07630014760560172
  outer loop
    vertex -3.7553522049325214 0.02507208781817649 10.453241616155728
    vertex -3.6097804697726206 1e-17 10.959694344887733
    vertex -4.142548246219209 1e-17 10.29987393068798
  endloop
endfacet
facet normal 0.0846225392120476 -0.9936973008660431 -0.07351666551773074
  outer loop
    vertex -3.7553522049325214 0.02507208781817649 10.453241616155728
    vertex -3.449130125470407 0.02507208781817649 10.805723461522174
    vertex -3.6097804697726206 1e-17 10.959694344887733
  endloop
endfacet
facet normal 0.366930543663082 -0.8464669083532464 -0.38581828519396494
  outer loop
    vertex -3.159648207802209 0.21816851753197042 10.528277516570565
    vertex -2.8660046804738144 0.21816851753197042 10.807545719402333
    vertex -2.9901702458809765 0.09903113209758108 10.950840420613963
  endloop
endfacet
facet normal 0.3669305436630818 -0.8464669083532466 -0.3858182851939649
  outer loop
    vertex -3.159648207802209 0.21816851753197042 10.528277516570565
    vertex -2.9901702458809765 0.09903113209758108 10.950840420613963
    vertex -3.2965354602489243 0.09903113209758108 10.65947332117498
  endloop
endfacet
facet normal 0.5294941638958632 -0.531747940621725 -0.6609690295655125
  outer loop
    vertex -2.684294535629994 0.5661162608824422 10.5978410333476
    vertex -2.5082629437667774 0.37651019814126674 10.891395383499876
    vertex -2.7623129312958805 0.37651019814126674 10.687879061679318
  endloop
endfacet
facet normal 0.5294941638958676 -0.5317479406217207 -0.6609690295655123
  outer loop
    vertex -2.684294535629994 0.5661162608824422 10.5978410333476
    vertex -2.437419901849339 0.5661162608824422 10.795609267491209
    vertex -2.5082629437667774 0.37651019814126674 10.891395383499876
  endloop
endfacet
facet normal 0.5901756156596526 -0.33005991390296907 -0.7367178536693099
  outer loop
    vertex -2.684294535629994 0.5661162608824422 10.5978410333476
    vertex -2.3934414004330473 0.7774790660436859 10.736146408125885
    vertex -2.437419901849339 0.5661162608824422 10.795609267491209
  endloop
endfacet
facet normal 0.24959545113080822 -0.9437601238960934 -0.2168385097680732
  outer loop
    vertex -3.5892098178220087 0.09903113209758108 10.32258579879251
    vertex -3.449130125470407 0.02507208781817649 10.805723461522174
    vertex -3.7553522049325214 0.02507208781817649 10.453241616155728
  endloop
endfacet
facet normal 0.24959545113080747 -0.9437601238960937 -0.21683850976807298
  outer loop
    vertex -3.5892098178220087 0.09903113209758108 10.32258579879251
    vertex -3.2965354602489243 0.09903113209758108 10.65947332117498
    vertex -3.449130125470407 0.02507208781817649 10.805723461522174
  endloop
endfacet
facet normal 0.40197871197137924 -0.8464374944498195 -0.34922297048066936
  outer loop
    vertex -3.5892098178220087 0.09903113209758108 10.32258579879251
    vertex -3.159648207802209 0.21816851753197042 10.528277516570565
    vertex -3.2965354602489243 0.09903113209758108 10.65947332117498
  endloop
endfacet
facet normal 0.48756210770854314 -0.706727370011493 -0.5126593563014736
  outer loop
    vertex -3.0453324665593264 0.37651019814126674 10.418714753177765
    vertex -2.8660046804738144 0.21816851753197042 10.807545719402333
    vertex -3.159648207802209 0.21816851753197042 10.528277516570565
  endloop
endfacet
facet normal 0.487562107708541 -0.7067273700114948 -0.5126593563014734
  outer loop
    vertex -3.0453324665593264 0.37651019814126674 10.418714753177765
    vertex -2.7623129312958805 0.37651019814126674 10.687879061679318
    vertex -2.8660046804738144 0.21816851753197042 10.807545719402333
  endloop
endfacet
facet normal 0.6212871281090171 -0.11188214297527672 -0.7755544407256718
  outer loop
    vertex -2.6358616616112918 0.7774790660436859 10.541946517113793
    vertex -2.61944293578114 1 10.522998297417033
    vertex -2.3934414004330473 0.7774790660436859 10.736146408125885
  endloop
endfacet
facet normal 0.5901756156596496 -0.33005991390296074 -0.7367178536693161
  outer loop
    vertex -2.6358616616112918 0.7774790660436859 10.541946517113793
    vertex -2.3934414004330473 0.7774790660436859 10.736146408125885
    vertex -2.684294535629994 0.5661162608824422 10.5978410333476
  endloop
endfacet
facet normal 0.09050348224755839 -0.993704121055674 -0.0660396812381499
  outer loop
    vertex -3.958187505277651 0.02507208781817649 10.175267818284654
    vertex -3.7553522049325214 0.02507208781817649 10.453241616155728
    vertex -4.142548246219209 1e-17 10.29987393068798
  endloop
endfacet
facet normal 0.40197871197137997 -0.8464374944498183 -0.3492229704806715
  outer loop
    vertex -3.4401693854223128 0.21816851753197042 10.205379107267145
    vertex -3.159648207802209 0.21816851753197042 10.528277516570565
    vertex -3.5892098178220087 0.09903113209758108 10.32258579879251
  endloop
endfacet
facet normal 0.5836948465444712 -0.5316228862708069 -0.613740525719561
  outer loop
    vertex -2.9593205051271605 0.5661162608824422 10.336278965447352
    vertex -2.684294535629994 0.5661162608824422 10.5978410333476
    vertex -2.7623129312958805 0.37651019814126674 10.687879061679318
  endloop
endfacet
facet normal 0.5836948465444736 -0.5316228862708045 -0.613740525719561
  outer loop
    vertex -2.9593205051271605 0.5661162608824422 10.336278965447352
    vertex -2.7623129312958805 0.37651019814126674 10.687879061679318
    vertex -3.0453324665593264 0.37651019814126674 10.418714753177765
  endloop
endfacet
facet normal 0.26695548896379623 -0.9438164798256798 -0.1947953267446697
  outer loop
    vertex -3.7830713817103145 0.09903113209758108 10.056909976667043
    vertex -3.7553522049325214 0.02507208781817649 10.453241616155728
    vertex -3.958187505277651 0.02507208781817649 10.175267818284654
  endloop
endfacet
facet normal 0.26695548896379634 -0.9438164798256797 -0.1947953267446697
  outer loop
    vertex -3.7830713817103145 0.09903113209758108 10.056909976667043
    vertex -3.5892098178220087 0.09903113209758108 10.32258579879251
    vertex -3.7553522049325214 0.02507208781817649 10.453241616155728
  endloop
endfacet
facet normal 0.534118452855591 -0.7066840119935013 -0.46402067358245863
  outer loop
    vertex -3.3157044173526007 0.37651019814126674 10.107498774505235
    vertex -3.0453324665593264 0.37651019814126674 10.418714753177765
    vertex -3.159648207802209 0.21816851753197042 10.528277516570565
  endloop
endfacet
facet normal 0.5341184528555876 -0.7066840119935041 -0.46402067358245835
  outer loop
    vertex -3.3157044173526007 0.37651019814126674 10.107498774505235
    vertex -3.159648207802209 0.21816851753197042 10.528277516570565
    vertex -3.4401693854223128 0.21816851753197042 10.205379107267145
  endloop
endfacet
facet normal 0.6505507709546592 -0.32996348908722367 -0.6840378573439369
  outer loop
    vertex -2.905925322406592 0.7774790660436859 10.285103827998
    vertex -2.684294535629994 0.5661162608824422 10.5978410333476
    vertex -2.9593205051271605 0.5661162608824422 10.336278965447352
  endloop
endfacet
facet normal 0.6848233553678786 -0.11184592214436914 -0.7200746222735223
  outer loop
    vertex -2.905925322406592 0.7774790660436859 10.285103827998
    vertex -2.61944293578114 1 10.522998297417033
    vertex -2.6358616616112918 0.7774790660436859 10.541946517113793
  endloop
endfacet
facet normal 0.650550770954664 -0.32996348908721673 -0.6840378573439357
  outer loop
    vertex -2.905925322406592 0.7774790660436859 10.285103827998
    vertex -2.6358616616112918 0.7774790660436859 10.541946517113793
    vertex -2.684294535629994 0.5661162608824422 10.5978410333476
  endloop
endfacet
facet normal 0.7104863662311321 -0.19045778588705473 -0.6774473818642172
  outer loop
    vertex -2.905925322406592 0.7774790660436859 10.285103827998
    vertex -3.14421237897115 1 9.97263594488242
    vertex -2.61944293578114 1 10.522998297417033
  endloop
endfacet
facet normal 0.4299783419595219 -0.8465686140658976 -0.313751824097145
  outer loop
    vertex -3.6259809291741174 0.21816851753197042 9.950735362233164
    vertex -3.5892098178220087 0.09903113209758108 10.32258579879251
    vertex -3.7830713817103145 0.09903113209758108 10.056909976667043
  endloop
endfacet
facet normal 0.4299783419595204 -0.8465686140658982 -0.3137518240971451
  outer loop
    vertex -3.6259809291741174 0.21816851753197042 9.950735362233164
    vertex -3.4401693854223128 0.21816851753197042 10.205379107267145
    vertex -3.5892098178220087 0.09903113209758108 10.32258579879251
  endloop
endfacet
facet normal 0.09647617836630974 -0.9936903465953391 -0.05720001827855385
  outer loop
    vertex -4.246392749106445 0.02507208781817649 9.689167615058714
    vertex -3.958187505277651 0.02507208781817649 10.175267818284654
    vertex -4.142548246219209 1e-17 10.29987393068798
  endloop
endfacet
facet normal 0.10488310361530746 -0.9927570719313212 -0.05859121697294128
  outer loop
    vertex -4.246392749106445 0.02507208781817649 9.689167615058714
    vertex -4.142548246219209 1e-17 10.29987393068798
    vertex -4.556142451940677 1e-17 9.559506241219967
  endloop
endfacet
facet normal 0.28454260584529745 -0.9437026692398053 -0.16870322323072048
  outer loop
    vertex -4.246392749106445 0.02507208781817649 9.689167615058714
    vertex -3.7830713817103145 0.09903113209758108 10.056909976667043
    vertex -3.958187505277651 0.02507208781817649 10.175267818284654
  endloop
endfacet
facet normal 0.7126364675151701 -0.3299274515824806 -0.6191099594254563
  outer loop
    vertex -3.2220561068323352 0.5661162608824422 10.033852929104139
    vertex -2.905925322406592 0.7774790660436859 10.285103827998
    vertex -2.9593205051271605 0.5661162608824422 10.336278965447352
  endloop
endfacet
facet normal 0.6394137239351553 -0.5315761433665954 -0.5554969787918507
  outer loop
    vertex -3.2220561068323352 0.5661162608824422 10.033852929104139
    vertex -2.9593205051271605 0.5661162608824422 10.336278965447352
    vertex -3.0453324665593264 0.37651019814126674 10.418714753177765
  endloop
endfacet
facet normal 0.639413723935154 -0.5315761433665969 -0.5554969787918509
  outer loop
    vertex -3.2220561068323352 0.5661162608824422 10.033852929104139
    vertex -3.0453324665593264 0.37651019814126674 10.418714753177765
    vertex -3.3157044173526007 0.37651019814126674 10.107498774505235
  endloop
endfacet
facet normal 0.5713899778608709 -0.7068773175599117 -0.41693878581808286
  outer loop
    vertex -3.4947933189118285 0.37651019814126674 9.862068013497304
    vertex -3.3157044173526007 0.37651019814126674 10.107498774505235
    vertex -3.4401693854223128 0.21816851753197042 10.205379107267145
  endloop
endfacet
facet normal 0.5713899778608691 -0.7068773175599129 -0.4169387858180833
  outer loop
    vertex -3.4947933189118285 0.37651019814126674 9.862068013497304
    vertex -3.4401693854223128 0.21816851753197042 10.205379107267145
    vertex -3.6259809291741174 0.21816851753197042 9.950735362233164
  endloop
endfacet
facet normal 0.2845426058452973 -0.9437026692398053 -0.16870322323072026
  outer loop
    vertex -4.058525995351987 0.09903113209758108 9.592315572027129
    vertex -3.7830713817103145 0.09903113209758108 10.056909976667043
    vertex -4.246392749106445 0.02507208781817649 9.689167615058714
  endloop
endfacet
facet normal 0.1008379311902658 -0.9937080846595985 -0.0487437597587567
  outer loop
    vertex -4.353375037211907 0.02507208781817649 9.467849590762942
    vertex -4.246392749106445 0.02507208781817649 9.689167615058714
    vertex -4.556142451940677 1e-17 9.559506241219967
  endloop
endfacet
facet normal 0.7501710167168477 -0.1118323859674865 -0.6517184692233527
  outer loop
    vertex -3.1639203711922907 0.7774790660436859 9.988134481270539
    vertex -3.14421237897115 1 9.97263594488242
    vertex -2.905925322406592 0.7774790660436859 10.285103827998
  endloop
endfacet
facet normal 0.7126364675151692 -0.329927451582475 -0.6191099594254599
  outer loop
    vertex -3.1639203711922907 0.7774790660436859 9.988134481270539
    vertex -2.905925322406592 0.7774790660436859 10.285103827998
    vertex -3.2220561068323352 0.5661162608824422 10.033852929104139
  endloop
endfacet
facet normal 0.6841139689397712 -0.53178456870584 -0.49919259808997324
  outer loop
    vertex -3.396086845493755 0.5661162608824422 9.795354081567691
    vertex -3.2220561068323352 0.5661162608824422 10.033852929104139
    vertex -3.3157044173526007 0.37651019814126674 10.107498774505235
  endloop
endfacet
facet normal 0.6841139689397754 -0.5317845687058359 -0.49919259808997185
  outer loop
    vertex -3.396086845493755 0.5661162608824422 9.795354081567691
    vertex -3.3157044173526007 0.37651019814126674 10.107498774505235
    vertex -3.4947933189118285 0.37651019814126674 9.862068013497304
  endloop
endfacet
facet normal 0.4582173822039879 -0.8463038570316875 -0.27167372382954813
  outer loop
    vertex -3.8899974055077413 0.21816851753197042 9.50543304539881
    vertex -3.6259809291741174 0.21816851753197042 9.950735362233164
    vertex -3.7830713817103145 0.09903113209758108 10.056909976667043
  endloop
endfacet
facet normal 0.6087705148998673 -0.7064870652585077 -0.3609355715511724
  outer loop
    vertex -3.8899974055077413 0.21816851753197042 9.50543304539881
    vertex -3.4947933189118285 0.37651019814126674 9.862068013497304
    vertex -3.6259809291741174 0.21816851753197042 9.950735362233164
  endloop
endfacet
facet normal 0.4582173822039854 -0.846303857031689 -0.271673723829548
  outer loop
    vertex -3.8899974055077413 0.21816851753197042 9.50543304539881
    vertex -3.7830713817103145 0.09903113209758108 10.056909976667043
    vertex -4.058525995351987 0.09903113209758108 9.592315572027129
  endloop
endfacet
facet normal 0.29744784876670405 -0.9438492355988954 -0.14378246667602024
  outer loop
    vertex -4.1607752273406255 0.09903113209758108 9.380788987484673
    vertex -4.246392749106445 0.02507208781817649 9.689167615058714
    vertex -4.353375037211907 0.02507208781817649 9.467849590762942
  endloop
endfacet
facet normal 0.2974478487667035 -0.9438492355988956 -0.14378246667602043
  outer loop
    vertex -4.1607752273406255 0.09903113209758108 9.380788987484673
    vertex -4.058525995351987 0.09903113209758108 9.592315572027129
    vertex -4.246392749106445 0.02507208781817649 9.689167615058714
  endloop
endfacet
facet normal 0.4791181127748237 -0.8466448419668163 -0.23159953709382936
  outer loop
    vertex -4.1607752273406255 0.09903113209758108 9.380788987484673
    vertex -3.8899974055077413 0.21816851753197042 9.50543304539881
    vertex -4.058525995351987 0.09903113209758108 9.592315572027129
  endloop
endfacet
facet normal 0.802732614832378 -0.11189275378255689 -0.5857476937516092
  outer loop
    vertex -3.3348110636594157 0.7774790660436859 9.753938881564391
    vertex -3.14421237897115 1 9.97263594488242
    vertex -3.1639203711922907 0.7774790660436859 9.988134481270539
  endloop
endfacet
facet normal 0.7625279945443256 -0.33008815959445703 -0.5564106976251925
  outer loop
    vertex -3.3348110636594157 0.7774790660436859 9.753938881564391
    vertex -3.1639203711922907 0.7774790660436859 9.988134481270539
    vertex -3.2220561068323352 0.5661162608824422 10.033852929104139
  endloop
endfacet
facet normal 0.7625279945443239 -0.33008815959445936 -0.5564106976251935
  outer loop
    vertex -3.3348110636594157 0.7774790660436859 9.753938881564391
    vertex -3.2220561068323352 0.5661162608824422 10.033852929104139
    vertex -3.396086845493755 0.5661162608824422 9.795354081567691
  endloop
endfacet
facet normal 0.8265861424199791 -0.18592024172662758 -0.5312146580014248
  outer loop
    vertex -3.3348110636594157 0.7774790660436859 9.753938881564391
    vertex -3.5553417946196944 1 9.33290608690964
    vertex -3.14421237897115 1 9.97263594488242
  endloop
endfacet
facet normal 0.6087705148998689 -0.7064870652585049 -0.3609355715511753
  outer loop
    vertex -3.7492577067826023 0.37651019814126674 9.43287668784874
    vertex -3.4947933189118285 0.37651019814126674 9.862068013497304
    vertex -3.8899974055077413 0.21816851753197042 9.50543304539881
  endloop
endfacet
facet normal 0.4791181127748235 -0.8466448419668163 -0.23159953709382908
  outer loop
    vertex -3.988000781020546 0.21816851753197042 9.302690013566954
    vertex -3.8899974055077413 0.21816851753197042 9.50543304539881
    vertex -4.1607752273406255 0.09903113209758108 9.380788987484673
  endloop
endfacet
facet normal 0.11100548343184394 -0.9930455763955618 -0.039220732390775774
  outer loop
    vertex -4.583957595459268 0.02507208781817649 8.84597139253289
    vertex -4.556142451940677 1e-17 9.559506241219967
    vertex -4.838664734667494 1e-17 8.75989030692563
  endloop
endfacet
facet normal 0.10523103484881853 -0.9936820544174473 -0.03901799627566562
  outer loop
    vertex -4.583957595459268 0.02507208781817649 8.84597139253289
    vertex -4.353375037211907 0.02507208781817649 9.467849590762942
    vertex -4.556142451940677 1e-17 9.559506241219967
  endloop
endfacet
facet normal 0.7286946310042692 -0.5313638682331873 -0.4320377000700472
  outer loop
    vertex -3.6433641753484527 0.5661162608824422 9.378284778113443
    vertex -3.396086845493755 0.5661162608824422 9.795354081567691
    vertex -3.4947933189118285 0.37651019814126674 9.862068013497304
  endloop
endfacet
facet normal 0.7286946310042671 -0.5313638682331896 -0.4320377000700475
  outer loop
    vertex -3.6433641753484527 0.5661162608824422 9.378284778113443
    vertex -3.4947933189118285 0.37651019814126674 9.862068013497304
    vertex -3.7492577067826023 0.37651019814126674 9.43287668784874
  endloop
endfacet
facet normal 0.8120629131218685 -0.32976382219922495 -0.4814661428393304
  outer loop
    vertex -3.6433641753484527 0.5661162608824422 9.378284778113443
    vertex -3.3348110636594157 0.7774790660436859 9.753938881564391
    vertex -3.396086845493755 0.5661162608824422 9.795354081567691
  endloop
endfacet
facet normal 0.6367347943123577 -0.7069897296056216 -0.30778941493197864
  outer loop
    vertex -3.843715330433416 0.37651019814126674 9.237468877674933
    vertex -3.7492577067826023 0.37651019814126674 9.43287668784874
    vertex -3.8899974055077413 0.21816851753197042 9.50543304539881
  endloop
endfacet
facet normal 0.6367347943123581 -0.7069897296056213 -0.3077894149319785
  outer loop
    vertex -3.843715330433416 0.37651019814126674 9.237468877674933
    vertex -3.8899974055077413 0.21816851753197042 9.50543304539881
    vertex -3.988000781020546 0.21816851753197042 9.302690013566954
  endloop
endfacet
facet normal 0.3103438581584996 -0.9436341732257565 -0.11507057323156221
  outer loop
    vertex -4.381156469023605 0.09903113209758108 8.786423609013637
    vertex -4.1607752273406255 0.09903113209758108 9.380788987484673
    vertex -4.353375037211907 0.02507208781817649 9.467849590762942
  endloop
endfacet
facet normal 0.3103438581584997 -0.9436341732257562 -0.11507057323156218
  outer loop
    vertex -4.381156469023605 0.09903113209758108 8.786423609013637
    vertex -4.353375037211907 0.02507208781817649 9.467849590762942
    vertex -4.583957595459268 0.02507208781817649 8.84597139253289
  endloop
endfacet
facet normal 0.854788430339301 -0.11177093057654541 -0.5067977885075338
  outer loop
    vertex -3.577626755044279 0.7774790660436859 9.344394782503008
    vertex -3.5553417946196944 1 9.33290608690964
    vertex -3.3348110636594157 0.7774790660436859 9.753938881564391
  endloop
endfacet
facet normal 0.8120629131218684 -0.3297638221992258 -0.48146614283932987
  outer loop
    vertex -3.577626755044279 0.7774790660436859 9.344394782503008
    vertex -3.3348110636594157 0.7774790660436859 9.753938881564391
    vertex -3.6433641753484527 0.5661162608824422 9.378284778113443
  endloop
endfacet
facet normal 0.7624025929355445 -0.5319058073658597 -0.36853561344276003
  outer loop
    vertex -3.7351539505552487 0.5661162608824422 9.188396039901983
    vertex -3.6433641753484527 0.5661162608824422 9.378284778113443
    vertex -3.7492577067826023 0.37651019814126674 9.43287668784874
  endloop
endfacet
facet normal 0.7624025929355441 -0.53190580736586 -0.36853561344276037
  outer loop
    vertex -3.7351539505552487 0.5661162608824422 9.188396039901983
    vertex -3.7492577067826023 0.37651019814126674 9.43287668784874
    vertex -3.843715330433416 0.37651019814126674 9.237468877674933
  endloop
endfacet
facet normal 0.49970902682374646 -0.8461445886299274 -0.18528416997454203
  outer loop
    vertex -4.199230784068737 0.21816851753197042 8.73300540816493
    vertex -3.988000781020546 0.21816851753197042 9.302690013566954
    vertex -4.1607752273406255 0.09903113209758108 9.380788987484673
  endloop
endfacet
facet normal 0.4997090268237465 -0.8461445886299275 -0.185284169974542
  outer loop
    vertex -4.199230784068737 0.21816851753197042 8.73300540816493
    vertex -4.1607752273406255 0.09903113209758108 9.380788987484673
    vertex -4.381156469023605 0.09903113209758108 8.786423609013637
  endloop
endfacet
facet normal 0.8946725952412414 -0.11192788136298272 -0.4324732323484263
  outer loop
    vertex -3.6677603622859776 0.7774790660436859 9.157932217244364
    vertex -3.5553417946196944 1 9.33290608690964
    vertex -3.577626755044279 0.7774790660436859 9.344394782503008
  endloop
endfacet
facet normal 0.9141949107211239 -0.17406933041638076 -0.3659884334510984
  outer loop
    vertex -3.6677603622859776 0.7774790660436859 9.157932217244364
    vertex -3.83797189445799 1 8.626930227365717
    vertex -3.5553417946196944 1 9.33290608690964
  endloop
endfacet
facet normal 0.8498371294422263 -0.33018166269537513 -0.4108003444997512
  outer loop
    vertex -3.6677603622859776 0.7774790660436859 9.157932217244364
    vertex -3.6433641753484527 0.5661162608824422 9.378284778113443
    vertex -3.7351539505552487 0.5661162608824422 9.188396039901983
  endloop
endfacet
facet normal 0.849837129442227 -0.3301816626953744 -0.4108003444997505
  outer loop
    vertex -3.6677603622859776 0.7774790660436859 9.157932217244364
    vertex -3.577626755044279 0.7774790660436859 9.344394782503008
    vertex -3.6433641753484527 0.5661162608824422 9.378284778113443
  endloop
endfacet
facet normal 0.6637992060710564 -0.706252438339038 -0.24612620209883881
  outer loop
    vertex -4.047303054093806 0.37651019814126674 8.688395401632302
    vertex -3.843715330433416 0.37651019814126674 9.237468877674933
    vertex -3.988000781020546 0.21816851753197042 9.302690013566954
  endloop
endfacet
facet normal 0.6637992060710557 -0.7062524383390387 -0.24612620209883898
  outer loop
    vertex -4.047303054093806 0.37651019814126674 8.688395401632302
    vertex -3.988000781020546 0.21816851753197042 9.302690013566954
    vertex -4.199230784068737 0.21816851753197042 8.73300540816493
  endloop
endfacet
facet normal 0.794449480953449 -0.5311110805249492 -0.29456924883024815
  outer loop
    vertex -4.047303054093806 0.37651019814126674 8.688395401632302
    vertex -3.7351539505552487 0.5661162608824422 9.188396039901983
    vertex -3.843715330433416 0.37651019814126674 9.237468877674933
  endloop
endfacet
facet normal 0.11271415722823531 -0.9934394768735805 -0.01932678321592593
  outer loop
    vertex -4.755846270927173 0.02507208781817649 7.954128256986672
    vertex -4.838664734667494 1e-17 8.75989030692563
    vertex -4.981987442712632 1e-17 7.9240296223775495
  endloop
endfacet
facet normal 0.104693234575055 -0.9942998422403041 -0.020177967071008825
  outer loop
    vertex -4.755846270927173 0.02507208781817649 7.954128256986672
    vertex -4.583957595459268 0.02507208781817649 8.84597139253289
    vertex -4.838664734667494 1e-17 8.75989030692563
  endloop
endfacet
facet normal 0.32562377371245205 -0.9434142707231278 -0.06275883833541432
  outer loop
    vertex -4.755846270927173 0.02507208781817649 7.954128256986672
    vertex -4.381156469023605 0.09903113209758108 8.786423609013637
    vertex -4.583957595459268 0.02507208781817649 8.84597139253289
  endloop
endfacet
facet normal 0.7944494809534488 -0.5311110805249494 -0.2945692488302479
  outer loop
    vertex -3.9329915698747078 0.5661162608824422 8.65483052141847
    vertex -3.7351539505552487 0.5661162608824422 9.188396039901983
    vertex -4.047303054093806 0.37651019814126674 8.688395401632302
  endloop
endfacet
facet normal 0.32562377371245205 -0.9434142707231276 -0.06275883833541436
  outer loop
    vertex -4.5454405329128695 0.09903113209758108 7.934036945026371
    vertex -4.381156469023605 0.09903113209758108 8.786423609013637
    vertex -4.755846270927173 0.02507208781817649 7.954128256986672
  endloop
endfacet
facet normal 0.5241179497386655 -0.845633639706333 -0.10101545504900551
  outer loop
    vertex -4.5454405329128695 0.09903113209758108 7.934036945026371
    vertex -4.199230784068737 0.21816851753197042 8.73300540816493
    vertex -4.381156469023605 0.09903113209758108 8.786423609013637
  endloop
endfacet
facet normal 0.8852387796167268 -0.32956902612255695 -0.3282324787148857
  outer loop
    vertex -3.862028386553376 0.7774790660436859 8.633993850772084
    vertex -3.6677603622859776 0.7774790660436859 9.157932217244364
    vertex -3.7351539505552487 0.5661162608824422 9.188396039901983
  endloop
endfacet
facet normal 0.8852387796167271 -0.3295690261225561 -0.3282324787148854
  outer loop
    vertex -3.862028386553376 0.7774790660436859 8.633993850772084
    vertex -3.7351539505552487 0.5661162608824422 9.188396039901983
    vertex -3.9329915698747078 0.5661162608824422 8.65483052141847
  endloop
endfacet
facet normal 0.9317549181289148 -0.11169778258034752 -0.3454799240320813
  outer loop
    vertex -3.862028386553376 0.7774790660436859 8.633993850772084
    vertex -3.83797189445799 1 8.626930227365717
    vertex -3.6677603622859776 0.7774790660436859 9.157932217244364
  endloop
endfacet
facet normal 0.5241179497386648 -0.8456336397063332 -0.10101545504900514
  outer loop
    vertex -4.356693021104398 0.21816851753197042 7.916013742915711
    vertex -4.199230784068737 0.21816851753197042 8.73300540816493
    vertex -4.5454405329128695 0.09903113209758108 7.934036945026371
  endloop
endfacet
facet normal 0.6959022024057026 -0.7055004149311571 -0.13412415598562932
  outer loop
    vertex -4.199068323884808 0.37651019814126674 7.900962409266856
    vertex -4.047303054093806 0.37651019814126674 8.688395401632302
    vertex -4.199230784068737 0.21816851753197042 8.73300540816493
  endloop
endfacet
facet normal 0.6959022024057024 -0.7055004149311573 -0.13412415598562932
  outer loop
    vertex -4.199068323884808 0.37651019814126674 7.900962409266856
    vertex -4.199230784068737 0.21816851753197042 8.73300540816493
    vertex -4.356693021104398 0.21816851753197042 7.916013742915711
  endloop
endfacet
facet normal 0.1123641858057966 -0.99366709201231 -1.145912574117137e-16
  outer loop
    vertex -4.760268142970424 0.02507208781817649 7.094841471141777
    vertex -4.981987442712632 1e-17 7.9240296223775495
    vertex -4.981987442712633 1e-17 7.0759703776224585
  endloop
endfacet
facet normal 0.11026859347041212 -0.9939016627946715 -0.0005674399033565589
  outer loop
    vertex -4.760268142970424 0.02507208781817649 7.094841471141777
    vertex -4.755846270927173 0.02507208781817649 7.954128256986672
    vertex -4.981987442712632 1e-17 7.9240296223775495
  endloop
endfacet
facet normal 0.8324880632705035 -0.5303015817781718 -0.16044892294962587
  outer loop
    vertex -4.080470401756107 0.5661162608824422 7.889637680797858
    vertex -3.9329915698747078 0.5661162608824422 8.65483052141847
    vertex -4.047303054093806 0.37651019814126674 8.688395401632302
  endloop
endfacet
facet normal 0.8324880632705037 -0.5303015817781717 -0.16044892294962584
  outer loop
    vertex -4.080470401756107 0.5661162608824422 7.889637680797858
    vertex -4.047303054093806 0.37651019814126674 8.688395401632302
    vertex -4.199068323884808 0.37651019814126674 7.900962409266856
  endloop
endfacet
facet normal 0.33147106278841104 -0.9434638440204917 -0.0017057432394349118
  outer loop
    vertex -4.549666774736457 0.09903113209758108 7.112766289233213
    vertex -4.755846270927173 0.02507208781817649 7.954128256986672
    vertex -4.760268142970424 0.02507208781817649 7.094841471141777
  endloop
endfacet
facet normal 0.3314710627884108 -0.9434638440204917 -0.0017057432394349753
  outer loop
    vertex -4.549666774736457 0.09903113209758108 7.112766289233213
    vertex -4.5454405329128695 0.09903113209758108 7.934036945026371
    vertex -4.755846270927173 0.02507208781817649 7.954128256986672
  endloop
endfacet
facet normal 0.9272832286804307 -0.32894568497459864 -0.1787191935539891
  outer loop
    vertex -4.00684624975562 0.7774790660436859 7.882607426682099
    vertex -3.862028386553376 0.7774790660436859 8.633993850772084
    vertex -3.9329915698747078 0.5661162608824422 8.65483052141847
  endloop
endfacet
facet normal 0.9758098029129554 -0.11146380529153142 -0.18807192413784338
  outer loop
    vertex -4.00684624975562 0.7774790660436859 7.882607426682099
    vertex -3.83797189445799 1 8.626930227365717
    vertex -3.862028386553376 0.7774790660436859 8.633993850772084
  endloop
endfacet
facet normal 0.9272832286804306 -0.3289456849745989 -0.17871919355398921
  outer loop
    vertex -4.00684624975562 0.7774790660436859 7.882607426682099
    vertex -3.9329915698747078 0.5661162608824422 8.65483052141847
    vertex -4.080470401756107 0.5661162608824422 7.889637680797858
  endloop
endfacet
facet normal 0.9758098029129553 -0.11146380529153094 -0.1880719241378435
  outer loop
    vertex -4.00684624975562 0.7774790660436859 7.882607426682099
    vertex -3.981887690292339 1 7.880224173216728
    vertex -3.83797189445799 1 8.626930227365717
  endloop
endfacet
facet normal 0.5335742409634319 -0.8457487748564808 -0.00274576201796842
  outer loop
    vertex -4.360743770008713 0.21816851753197042 7.128846006670139
    vertex -4.356693021104398 0.21816851753197042 7.916013742915711
    vertex -4.5454405329128695 0.09903113209758108 7.934036945026371
  endloop
endfacet
facet normal 0.533574240963432 -0.8457487748564806 -0.0027457620179683604
  outer loop
    vertex -4.360743770008713 0.21816851753197042 7.128846006670139
    vertex -4.5454405329128695 0.09903113209758108 7.934036945026371
    vertex -4.549666774736457 0.09903113209758108 7.112766289233213
  endloop
endfacet
facet normal 0.7085314846937978 -0.705669782006525 -0.003646088378805996
  outer loop
    vertex -4.202972517118007 0.37651019814126674 7.142274319277217
    vertex -4.199068323884808 0.37651019814126674 7.900962409266856
    vertex -4.356693021104398 0.21816851753197042 7.916013742915711
  endloop
endfacet
facet normal 0.7085314846937977 -0.705669782006525 -0.0036460883788060074
  outer loop
    vertex -4.202972517118007 0.37651019814126674 7.142274319277217
    vertex -4.356693021104398 0.21816851753197042 7.916013742915711
    vertex -4.360743770008713 0.21816851753197042 7.128846006670139
  endloop
endfacet
facet normal 0.11074792928345945 -0.9936670920123101 0.018989639575976228
  outer loop
    vertex -4.623323895495557 0.02507208781817649 6.296180086630297
    vertex -4.981987442712633 1e-17 7.0759703776224585
    vertex -4.838664734667495 1e-17 6.240109693074379
  endloop
endfacet
facet normal 0.11074792928345932 -0.99366709201231 0.018989639575976183
  outer loop
    vertex -4.623323895495557 0.02507208781817649 6.296180086630297
    vertex -4.760268142970424 0.02507208781817649 7.094841471141777
    vertex -4.981987442712633 1e-17 7.0759703776224585
  endloop
endfacet
facet normal 0.8476838526107894 -0.5304837957485182 -0.004362163588597189
  outer loop
    vertex -4.084264325479659 0.5661162608824422 7.152377875388575
    vertex -4.080470401756107 0.5661162608824422 7.889637680797858
    vertex -4.199068323884808 0.37651019814126674 7.900962409266856
  endloop
endfacet
facet normal 0.8476838526107903 -0.5304837957485171 -0.00436216358859679
  outer loop
    vertex -4.084264325479659 0.5661162608824422 7.152377875388575
    vertex -4.199068323884808 0.37651019814126674 7.900962409266856
    vertex -4.202972517118007 0.37651019814126674 7.142274319277217
  endloop
endfacet
facet normal 0.3265762493334431 -0.9435106124140136 0.05599712165311302
  outer loop
    vertex -4.418781145184735 0.09903113209758108 6.34943887652375
    vertex -4.549666774736457 0.09903113209758108 7.112766289233213
    vertex -4.760268142970424 0.02507208781817649 7.094841471141777
  endloop
endfacet
facet normal 0.3265762493334427 -0.9435106124140138 0.05599712165311282
  outer loop
    vertex -4.418781145184735 0.09903113209758108 6.34943887652375
    vertex -4.760268142970424 0.02507208781817649 7.094841471141777
    vertex -4.623323895495557 0.02507208781817649 6.296180086630297
  endloop
endfacet
facet normal 0.9442874743317131 -0.32908593586006774 -0.004859283829709472
  outer loop
    vertex -4.010571719504655 0.7774790660436859 7.158650040512015
    vertex -4.00684624975562 0.7774790660436859 7.882607426682099
    vertex -4.080470401756107 0.5661162608824422 7.889637680797858
  endloop
endfacet
facet normal 0.9937494317474614 -0.11151643738730625 -0.005113814040465708
  outer loop
    vertex -4.010571719504655 0.7774790660436859 7.158650040512015
    vertex -3.981887690292339 1 7.880224173216728
    vertex -4.00684624975562 0.7774790660436859 7.882607426682099
  endloop
endfacet
facet normal 0.9442874743317121 -0.32908593586007057 -0.0048592838297103645
  outer loop
    vertex -4.010571719504655 0.7774790660436859 7.158650040512015
    vertex -4.080470401756107 0.5661162608824422 7.889637680797858
    vertex -4.084264325479659 0.5661162608824422 7.152377875388575
  endloop
endfacet
facet normal 0.9917938957670567 -0.12784705049083034 1.159086757864698e-15
  outer loop
    vertex -4.010571719504655 0.7774790660436859 7.158650040512015
    vertex -3.981887690292338 1 7.119775826783266
    vertex -3.981887690292339 1 7.880224173216728
  endloop
endfacet
facet normal 0.5257364528503138 -0.8458574220281461 0.09014656812252196
  outer loop
    vertex -4.23529311133176 0.21816851753197042 6.397215444640137
    vertex -4.360743770008713 0.21816851753197042 7.128846006670139
    vertex -4.549666774736457 0.09903113209758108 7.112766289233213
  endloop
endfacet
facet normal 0.5257364528503153 -0.845857422028145 0.09014656812252284
  outer loop
    vertex -4.23529311133176 0.21816851753197042 6.397215444640137
    vertex -4.549666774736457 0.09903113209758108 7.112766289233213
    vertex -4.418781145184735 0.09903113209758108 6.34943887652375
  endloop
endfacet
facet normal 0.6981921818265233 -0.7058296535072708 0.11971707257582337
  outer loop
    vertex -4.0820606501333225 0.37651019814126674 6.43711407435653
    vertex -4.202972517118007 0.37651019814126674 7.142274319277217
    vertex -4.360743770008713 0.21816851753197042 7.128846006670139
  endloop
endfacet
facet normal 0.6981921818265233 -0.705829653507271 0.11971707257582331
  outer loop
    vertex -4.0820606501333225 0.37651019814126674 6.43711407435653
    vertex -4.360743770008713 0.21816851753197042 7.128846006670139
    vertex -4.23529311133176 0.21816851753197042 6.397215444640137
  endloop
endfacet
facet normal 0.10594565647388444 -0.9936670920123098 0.03743298179570148
  outer loop
    vertex -4.353375037211911 0.02507208781817649 5.532150409237065
    vertex -4.838664734667495 1e-17 6.240109693074379
    vertex -4.556142451940681 1e-17 5.4404937587800415
  endloop
endfacet
facet normal 0.31241518778968286 -0.9435106124140139 0.11038330806996857
  outer loop
    vertex -4.353375037211911 0.02507208781817649 5.532150409237065
    vertex -4.418781145184735 0.09903113209758108 6.34943887652375
    vertex -4.623323895495557 0.02507208781817649 6.296180086630297
  endloop
endfacet
facet normal 0.10594565647388436 -0.9936670920123101 0.03743298179570141
  outer loop
    vertex -4.353375037211911 0.02507208781817649 5.532150409237065
    vertex -4.623323895495557 0.02507208781817649 6.296180086630297
    vertex -4.838664734667495 1e-17 6.240109693074379
  endloop
endfacet
facet normal 0.8353956109571615 -0.530655845813446 0.14324296316931923
  outer loop
    vertex -3.966767477036949 0.5661162608824422 6.46713408177678
    vertex -4.084264325479659 0.5661162608824422 7.152377875388575
    vertex -4.202972517118007 0.37651019814126674 7.142274319277217
  endloop
endfacet
facet normal 0.8353956109571605 -0.5306558458134482 0.14324296316931837
  outer loop
    vertex -3.966767477036949 0.5661162608824422 6.46713408177678
    vertex -4.202972517118007 0.37651019814126674 7.142274319277217
    vertex -4.0820606501333225 0.37651019814126674 6.43711407435653
  endloop
endfacet
facet normal 0.502939368617133 -0.845857422028145 0.17769978360960437
  outer loop
    vertex -4.160775227340628 0.09903113209758108 5.619211012515334
    vertex -4.23529311133176 0.21816851753197042 6.397215444640137
    vertex -4.418781145184735 0.09903113209758108 6.34943887652375
  endloop
endfacet
facet normal 0.31241518778968225 -0.9435106124140141 0.11038330806996854
  outer loop
    vertex -4.160775227340628 0.09903113209758108 5.619211012515334
    vertex -4.418781145184735 0.09903113209758108 6.34943887652375
    vertex -4.353375037211911 0.02507208781817649 5.532150409237065
  endloop
endfacet
facet normal 0.10488310361530766 -0.9927570719313212 0.05859121697294112
  outer loop
    vertex -4.246392749106441 0.02507208781817649 5.31083238494128
    vertex -4.556142451940681 1e-17 5.4404937587800415
    vertex -4.142548246219214 1e-17 4.700126069312027
  endloop
endfacet
facet normal 0.10083793119026596 -0.9937080846595985 0.04874375975875727
  outer loop
    vertex -4.246392749106441 0.02507208781817649 5.31083238494128
    vertex -4.353375037211911 0.02507208781817649 5.532150409237065
    vertex -4.556142451940681 1e-17 5.4404937587800415
  endloop
endfacet
facet normal 0.9306715735121402 -0.3292183955050012 0.15957966761949802
  outer loop
    vertex -3.8951948731640558 0.7774790660436859 6.485770138376201
    vertex -4.010571719504655 0.7774790660436859 7.158650040512015
    vertex -4.084264325479659 0.5661162608824422 7.152377875388575
  endloop
endfacet
facet normal 0.9809617933269096 -0.09706585835853085 0.16820279181385453
  outer loop
    vertex -3.8951948731640558 0.7774790660436859 6.485770138376201
    vertex -3.981887690292338 1 7.119775826783266
    vertex -4.010571719504655 0.7774790660436859 7.158650040512015
  endloop
endfacet
facet normal 0.9306715735121408 -0.32921839550499926 0.15957966761949877
  outer loop
    vertex -3.8951948731640558 0.7774790660436859 6.485770138376201
    vertex -4.084264325479659 0.5661162608824422 7.152377875388575
    vertex -3.966767477036949 0.5661162608824422 6.46713408177678
  endloop
endfacet
facet normal 0.9700965784654243 -0.15477258153246273 0.18697079038035283
  outer loop
    vertex -3.8951948731640558 0.7774790660436859 6.485770138376201
    vertex -3.8379718944579886 1 6.3730697726342775
    vertex -3.981887690292338 1 7.119775826783266
  endloop
endfacet
facet normal 0.6679170394167568 -0.7058296535072709 0.23599010294196746
  outer loop
    vertex -3.988000781020549 0.21816851753197042 5.697309986433052
    vertex -4.0820606501333225 0.37651019814126674 6.43711407435653
    vertex -4.23529311133176 0.21816851753197042 6.397215444640137
  endloop
endfacet
facet normal 0.5029393686171328 -0.8458574220281451 0.17769978360960437
  outer loop
    vertex -3.988000781020549 0.21816851753197042 5.697309986433052
    vertex -4.23529311133176 0.21816851753197042 6.397215444640137
    vertex -4.160775227340628 0.09903113209758108 5.619211012515334
  endloop
endfacet
facet normal 0.2974478487667037 -0.9438492355988956 0.14378246667601957
  outer loop
    vertex -4.058525995351984 0.09903113209758108 5.407684427972865
    vertex -4.160775227340628 0.09903113209758108 5.619211012515334
    vertex -4.353375037211911 0.02507208781817649 5.532150409237065
  endloop
endfacet
facet normal 0.2974478487667046 -0.943849235598895 0.14378246667602199
  outer loop
    vertex -4.058525995351984 0.09903113209758108 5.407684427972865
    vertex -4.353375037211911 0.02507208781817649 5.532150409237065
    vertex -4.246392749106441 0.02507208781817649 5.31083238494128
  endloop
endfacet
facet normal 0.6679170394167553 -0.7058296535072722 0.23599010294196754
  outer loop
    vertex -3.843715330433419 0.37651019814126674 5.762531122325074
    vertex -4.0820606501333225 0.37651019814126674 6.43711407435653
    vertex -3.988000781020549 0.21816851753197042 5.697309986433052
  endloop
endfacet
facet normal 0.47911811277482447 -0.8466448419668159 0.231599537093829
  outer loop
    vertex -3.889997405507738 0.21816851753197042 5.494566954601183
    vertex -3.988000781020549 0.21816851753197042 5.697309986433052
    vertex -4.160775227340628 0.09903113209758108 5.619211012515334
  endloop
endfacet
facet normal 0.4791181127748242 -0.8466448419668163 0.23159953709382808
  outer loop
    vertex -3.889997405507738 0.21816851753197042 5.494566954601183
    vertex -4.160775227340628 0.09903113209758108 5.619211012515334
    vertex -4.058525995351984 0.09903113209758108 5.407684427972865
  endloop
endfacet
facet normal 0.09647617836631009 -0.9936903465953392 0.057200018278553824
  outer loop
    vertex -3.9581875052776554 0.02507208781817649 4.824732181715352
    vertex -4.246392749106441 0.02507208781817649 5.31083238494128
    vertex -4.142548246219214 1e-17 4.700126069312027
  endloop
endfacet
facet normal 0.28454260584529906 -0.9437026692398048 0.16870322323072073
  outer loop
    vertex -3.9581875052776554 0.02507208781817649 4.824732181715352
    vertex -4.058525995351984 0.09903113209758108 5.407684427972865
    vertex -4.246392749106441 0.02507208781817649 5.31083238494128
  endloop
endfacet
facet normal 0.7991710273130744 -0.5306558458134479 0.28236508709006386
  outer loop
    vertex -3.7351539505552513 0.5661162608824422 5.811603960098023
    vertex -3.966767477036949 0.5661162608824422 6.46713408177678
    vertex -4.0820606501333225 0.37651019814126674 6.43711407435653
  endloop
endfacet
facet normal 0.8903156154275196 -0.3292183955049994 0.3145685187475547
  outer loop
    vertex -3.7351539505552513 0.5661162608824422 5.811603960098023
    vertex -3.8951948731640558 0.7774790660436859 6.485770138376201
    vertex -3.966767477036949 0.5661162608824422 6.46713408177678
  endloop
endfacet
facet normal 0.7991710273130754 -0.5306558458134456 0.28236508709006514
  outer loop
    vertex -3.7351539505552513 0.5661162608824422 5.811603960098023
    vertex -4.0820606501333225 0.37651019814126674 6.43711407435653
    vertex -3.843715330433419 0.37651019814126674 5.762531122325074
  endloop
endfacet
facet normal 0.636734794312357 -0.706989729605623 0.3077894149319762
  outer loop
    vertex -3.749257706782599 0.37651019814126674 5.567123312151254
    vertex -3.843715330433419 0.37651019814126674 5.762531122325074
    vertex -3.988000781020549 0.21816851753197042 5.697309986433052
  endloop
endfacet
facet normal 0.6367347943123574 -0.7069897296056225 0.3077894149319775
  outer loop
    vertex -3.749257706782599 0.37651019814126674 5.567123312151254
    vertex -3.988000781020549 0.21816851753197042 5.697309986433052
    vertex -3.889997405507738 0.21816851753197042 5.494566954601183
  endloop
endfacet
facet normal 0.7624025929355459 -0.5319058073658588 0.3685356134427587
  outer loop
    vertex -3.749257706782599 0.37651019814126674 5.567123312151254
    vertex -3.7351539505552513 0.5661162608824422 5.811603960098023
    vertex -3.843715330433419 0.37651019814126674 5.762531122325074
  endloop
endfacet
facet normal 0.4582173822039854 -0.8463038570316889 0.27167372382954813
  outer loop
    vertex -3.7830713817103185 0.09903113209758108 4.943090023332962
    vertex -3.889997405507738 0.21816851753197042 5.494566954601183
    vertex -4.058525995351984 0.09903113209758108 5.407684427972865
  endloop
endfacet
facet normal 0.28454260584529756 -0.9437026692398053 0.1687032232307205
  outer loop
    vertex -3.7830713817103185 0.09903113209758108 4.943090023332962
    vertex -4.058525995351984 0.09903113209758108 5.407684427972865
    vertex -3.9581875052776554 0.02507208781817649 4.824732181715352
  endloop
endfacet
facet normal 0.09449594593053978 -0.9925969996318023 0.07630014760560191
  outer loop
    vertex -3.755352204932517 0.02507208781817649 4.546758383844266
    vertex -4.142548246219214 1e-17 4.700126069312027
    vertex -3.609780469772626 1e-17 4.040305655112273
  endloop
endfacet
facet normal 0.09050348224755862 -0.993704121055674 0.06603968123815002
  outer loop
    vertex -3.755352204932517 0.02507208781817649 4.546758383844266
    vertex -3.9581875052776554 0.02507208781817649 4.824732181715352
    vertex -4.142548246219214 1e-17 4.700126069312027
  endloop
endfacet
facet normal 0.2669554889637965 -0.9438164798256797 0.1947953267446697
  outer loop
    vertex -3.755352204932517 0.02507208781817649 4.546758383844266
    vertex -3.7830713817103185 0.09903113209758108 4.943090023332962
    vertex -3.9581875052776554 0.02507208781817649 4.824732181715352
  endloop
endfacet
facet normal 0.9141949107211234 -0.1740693304163811 0.3659884334510995
  outer loop
    vertex -3.6677603622859802 0.7774790660436859 5.842067782755643
    vertex -3.5553417946196917 1 5.667093913090354
    vertex -3.8379718944579886 1 6.3730697726342775
  endloop
endfacet
facet normal 0.9403241818630765 -0.07354294042672008 0.3322376693226213
  outer loop
    vertex -3.6677603622859802 0.7774790660436859 5.842067782755643
    vertex -3.8379718944579886 1 6.3730697726342775
    vertex -3.8951948731640558 0.7774790660436859 6.485770138376201
  endloop
endfacet
facet normal 0.8903156154275196 -0.3292183955049997 0.31456851874755476
  outer loop
    vertex -3.6677603622859802 0.7774790660436859 5.842067782755643
    vertex -3.8951948731640558 0.7774790660436859 6.485770138376201
    vertex -3.7351539505552513 0.5661162608824422 5.811603960098023
  endloop
endfacet
facet normal 0.7624025929355449 -0.5319058073658596 0.3685356134427593
  outer loop
    vertex -3.64336417534845 0.5661162608824422 5.621715221886552
    vertex -3.7351539505552513 0.5661162608824422 5.811603960098023
    vertex -3.749257706782599 0.37651019814126674 5.567123312151254
  endloop
endfacet
facet normal 0.45821738220398567 -0.8463038570316886 0.2716737238295482
  outer loop
    vertex -3.6259809291741214 0.21816851753197042 5.049264637766843
    vertex -3.889997405507738 0.21816851753197042 5.494566954601183
    vertex -3.7830713817103185 0.09903113209758108 4.943090023332962
  endloop
endfacet
facet normal 0.266955488963797 -0.9438164798256796 0.19479532674466973
  outer loop
    vertex -3.5892098178220047 0.09903113209758108 4.677414201207484
    vertex -3.7830713817103185 0.09903113209758108 4.943090023332962
    vertex -3.755352204932517 0.02507208781817649 4.546758383844266
  endloop
endfacet
facet normal 0.849837129442227 -0.3301816626953751 0.4108003444997494
  outer loop
    vertex -3.5776267550442764 0.7774790660436859 5.655605217496987
    vertex -3.6677603622859802 0.7774790660436859 5.842067782755643
    vertex -3.7351539505552513 0.5661162608824422 5.811603960098023
  endloop
endfacet
facet normal 0.8946725952412421 -0.111927881362981 0.43247323234842533
  outer loop
    vertex -3.5776267550442764 0.7774790660436859 5.655605217496987
    vertex -3.5553417946196917 1 5.667093913090354
    vertex -3.6677603622859802 0.7774790660436859 5.842067782755643
  endloop
endfacet
facet normal 0.849837129442227 -0.3301816626953743 0.4108003444997503
  outer loop
    vertex -3.5776267550442764 0.7774790660436859 5.655605217496987
    vertex -3.7351539505552513 0.5661162608824422 5.811603960098023
    vertex -3.64336417534845 0.5661162608824422 5.621715221886552
  endloop
endfacet
facet normal 0.6087705148998684 -0.7064870652585057 0.3609355715511748
  outer loop
    vertex -3.494793318911832 0.37651019814126674 5.137931986502701
    vertex -3.889997405507738 0.21816851753197042 5.494566954601183
    vertex -3.6259809291741214 0.21816851753197042 5.049264637766843
  endloop
endfacet
facet normal 0.6087705148998682 -0.7064870652585058 0.3609355715511744
  outer loop
    vertex -3.494793318911832 0.37651019814126674 5.137931986502701
    vertex -3.749257706782599 0.37651019814126674 5.567123312151254
    vertex -3.889997405507738 0.21816851753197042 5.494566954601183
  endloop
endfacet
facet normal 0.08462253921204779 -0.9936973008660432 0.07351666551773098
  outer loop
    vertex -3.4491301254704125 0.02507208781817649 4.1942765384778316
    vertex -3.755352204932517 0.02507208781817649 4.546758383844266
    vertex -3.609780469772626 1e-17 4.040305655112273
  endloop
endfacet
facet normal 0.42997834195952045 -0.8465686140658989 0.3137518240971433
  outer loop
    vertex -3.4401693854223088 0.21816851753197042 4.7946208927328495
    vertex -3.6259809291741214 0.21816851753197042 5.049264637766843
    vertex -3.7830713817103185 0.09903113209758108 4.943090023332962
  endloop
endfacet
facet normal 0.4299783419595205 -0.8465686140658989 0.3137518240971433
  outer loop
    vertex -3.4401693854223088 0.21816851753197042 4.7946208927328495
    vertex -3.7830713817103185 0.09903113209758108 4.943090023332962
    vertex -3.5892098178220047 0.09903113209758108 4.677414201207484
  endloop
endfacet
facet normal 0.7286946310042677 -0.5313638682331898 0.43203770007004655
  outer loop
    vertex -3.3960868454937585 0.5661162608824422 5.204645918432314
    vertex -3.64336417534845 0.5661162608824422 5.621715221886552
    vertex -3.749257706782599 0.37651019814126674 5.567123312151254
  endloop
endfacet
facet normal 0.728694631004268 -0.5313638682331887 0.4320377000700474
  outer loop
    vertex -3.3960868454937585 0.5661162608824422 5.204645918432314
    vertex -3.749257706782599 0.37651019814126674 5.567123312151254
    vertex -3.494793318911832 0.37651019814126674 5.137931986502701
  endloop
endfacet
facet normal 0.8120629131218682 -0.3297638221992258 0.4814661428393304
  outer loop
    vertex -3.3960868454937585 0.5661162608824422 5.204645918432314
    vertex -3.5776267550442764 0.7774790660436859 5.655605217496987
    vertex -3.64336417534845 0.5661162608824422 5.621715221886552
  endloop
endfacet
facet normal 0.2495954511308084 -0.9437601238960933 0.21683850976807373
  outer loop
    vertex -3.2965354602489296 0.09903113209758108 4.340526678825024
    vertex -3.5892098178220047 0.09903113209758108 4.677414201207484
    vertex -3.755352204932517 0.02507208781817649 4.546758383844266
  endloop
endfacet
facet normal 0.24959545113080822 -0.9437601238960934 0.21683850976807328
  outer loop
    vertex -3.2965354602489296 0.09903113209758108 4.340526678825024
    vertex -3.755352204932517 0.02507208781817649 4.546758383844266
    vertex -3.4491301254704125 0.02507208781817649 4.1942765384778316
  endloop
endfacet
facet normal 0.571389977860872 -0.7068773175599108 0.41693878581808286
  outer loop
    vertex -3.315704417352597 0.37651019814126674 4.89250122549476
    vertex -3.6259809291741214 0.21816851753197042 5.049264637766843
    vertex -3.4401693854223088 0.21816851753197042 4.7946208927328495
  endloop
endfacet
facet normal 0.571389977860872 -0.7068773175599101 0.41693878581808363
  outer loop
    vertex -3.315704417352597 0.37651019814126674 4.89250122549476
    vertex -3.494793318911832 0.37651019814126674 5.137931986502701
    vertex -3.6259809291741214 0.21816851753197042 5.049264637766843
  endloop
endfacet
facet normal 0.8547884303393002 -0.11177093057654333 0.5067977885075358
  outer loop
    vertex -3.3348110636594193 0.7774790660436859 5.246061118435616
    vertex -3.5553417946196917 1 5.667093913090354
    vertex -3.5776267550442764 0.7774790660436859 5.655605217496987
  endloop
endfacet
facet normal 0.8120629131218667 -0.32976382219922873 0.48146614283933115
  outer loop
    vertex -3.3348110636594193 0.7774790660436859 5.246061118435616
    vertex -3.5776267550442764 0.7774790660436859 5.655605217496987
    vertex -3.3960868454937585 0.5661162608824422 5.204645918432314
  endloop
endfacet
facet normal 0.8265861424199787 -0.18592024172662236 0.5312146580014266
  outer loop
    vertex -3.3348110636594193 0.7774790660436859 5.246061118435616
    vertex -3.1442123789711465 1 5.027364055117575
    vertex -3.5553417946196917 1 5.667093913090354
  endloop
endfacet
facet normal 0.0772418096549154 -0.9936988310943881 0.08121783007985836
  outer loop
    vertex -3.1285834475975975 0.02507208781817649 3.8894222293511005
    vertex -3.4491301254704125 0.02507208781817649 4.1942765384778316
    vertex -3.609780469772626 1e-17 4.040305655112273
  endloop
endfacet
facet normal 0.08033965997200253 -0.9925788865431575 0.09128358573330053
  outer loop
    vertex -3.1285834475975975 0.02507208781817649 3.8894222293511005
    vertex -3.609780469772626 1e-17 4.040305655112273
    vertex -2.9731658815214357 1e-17 3.4800143481653
  endloop
endfacet
facet normal 0.40197871197137963 -0.8464374944498192 0.3492229704806695
  outer loop
    vertex -3.159648207802214 0.21816851753197042 4.4717224834294385
    vertex -3.5892098178220047 0.09903113209758108 4.677414201207484
    vertex -3.2965354602489296 0.09903113209758108 4.340526678825024
  endloop
endfacet
facet normal 0.4019787119713798 -0.8464374944498192 0.3492229704806699
  outer loop
    vertex -3.159648207802214 0.21816851753197042 4.4717224834294385
    vertex -3.4401693854223088 0.21816851753197042 4.7946208927328495
    vertex -3.5892098178220047 0.09903113209758108 4.677414201207484
  endloop
endfacet
facet normal 0.6841139689397733 -0.53178456870584 0.4991925980899702
  outer loop
    vertex -3.2220561068323317 0.5661162608824422 4.966147070895856
    vertex -3.494793318911832 0.37651019814126674 5.137931986502701
    vertex -3.315704417352597 0.37651019814126674 4.89250122549476
  endloop
endfacet
facet normal 0.7625279945443237 -0.33008815959446347 0.5564106976251912
  outer loop
    vertex -3.2220561068323317 0.5661162608824422 4.966147070895856
    vertex -3.3348110636594193 0.7774790660436859 5.246061118435616
    vertex -3.3960868454937585 0.5661162608824422 5.204645918432314
  endloop
endfacet
facet normal 0.6841139689397734 -0.5317845687058375 0.49919259808997307
  outer loop
    vertex -3.2220561068323317 0.5661162608824422 4.966147070895856
    vertex -3.3960868454937585 0.5661162608824422 5.204645918432314
    vertex -3.494793318911832 0.37651019814126674 5.137931986502701
  endloop
endfacet
facet normal 0.22782857975000342 -0.9437727675531113 0.23955605079863276
  outer loop
    vertex -2.990170245880971 0.09903113209758108 4.049159579386032
    vertex -3.4491301254704125 0.02507208781817649 4.1942765384778316
    vertex -3.1285834475975975 0.02507208781817649 3.8894222293511005
  endloop
endfacet
facet normal 0.2278285797500032 -0.9437727675531116 0.23955605079863185
  outer loop
    vertex -2.990170245880971 0.09903113209758108 4.049159579386032
    vertex -3.2965354602489296 0.09903113209758108 4.340526678825024
    vertex -3.4491301254704125 0.02507208781817649 4.1942765384778316
  endloop
endfacet
facet normal 0.5341184528555889 -0.7066840119935034 0.4640206735824577
  outer loop
    vertex -3.045332466559331 0.37651019814126674 4.581285246822239
    vertex -3.315704417352597 0.37651019814126674 4.89250122549476
    vertex -3.4401693854223088 0.21816851753197042 4.7946208927328495
  endloop
endfacet
facet normal 0.534118452855589 -0.7066840119935036 0.4640206735824577
  outer loop
    vertex -3.045332466559331 0.37651019814126674 4.581285246822239
    vertex -3.4401693854223088 0.21816851753197042 4.7946208927328495
    vertex -3.159648207802214 0.21816851753197042 4.4717224834294385
  endloop
endfacet
facet normal 0.8027326148323805 -0.11189275378255457 0.5857476937516066
  outer loop
    vertex -3.163920371192287 0.7774790660436859 5.011865518729457
    vertex -3.1442123789711465 1 5.027364055117575
    vertex -3.3348110636594193 0.7774790660436859 5.246061118435616
  endloop
endfacet
facet normal 0.762527994544327 -0.33008815959445903 0.5564106976251892
  outer loop
    vertex -3.163920371192287 0.7774790660436859 5.011865518729457
    vertex -3.3348110636594193 0.7774790660436859 5.246061118435616
    vertex -3.2220561068323317 0.5661162608824422 4.966147070895856
  endloop
endfacet
facet normal 0.07005310661733546 -0.9937029230653464 0.0874474867829068
  outer loop
    vertex -2.840847551768796 0.02507208781817649 3.6589205405127476
    vertex -3.1285834475975975 0.02507208781817649 3.8894222293511005
    vertex -2.9731658815214357 1e-17 3.4800143481653
  endloop
endfacet
facet normal 0.48756210770854064 -0.7067273700114951 0.5126593563014734
  outer loop
    vertex -2.8660046804738095 0.21816851753197042 4.192454280597663
    vertex -3.045332466559331 0.37651019814126674 4.581285246822239
    vertex -3.159648207802214 0.21816851753197042 4.4717224834294385
  endloop
endfacet
facet normal 0.3669305436630815 -0.8464669083532461 0.38581828519396627
  outer loop
    vertex -2.8660046804738095 0.21816851753197042 4.192454280597663
    vertex -3.159648207802214 0.21816851753197042 4.4717224834294385
    vertex -3.2965354602489296 0.09903113209758108 4.340526678825024
  endloop
endfacet
facet normal 0.3669305436630812 -0.8464669083532469 0.38581828519396477
  outer loop
    vertex -2.8660046804738095 0.21816851753197042 4.192454280597663
    vertex -3.2965354602489296 0.09903113209758108 4.340526678825024
    vertex -2.990170245880971 0.09903113209758108 4.049159579386032
  endloop
endfacet
facet normal 0.639413723935154 -0.5315761433665968 0.5554969787918508
  outer loop
    vertex -2.959320505127165 0.5661162608824422 4.663721034552652
    vertex -3.2220561068323317 0.5661162608824422 4.966147070895856
    vertex -3.315704417352597 0.37651019814126674 4.89250122549476
  endloop
endfacet
facet normal 0.639413723935154 -0.5315761433665954 0.5554969787918519
  outer loop
    vertex -2.959320505127165 0.5661162608824422 4.663721034552652
    vertex -3.315704417352597 0.37651019814126674 4.89250122549476
    vertex -3.045332466559331 0.37651019814126674 4.581285246822239
  endloop
endfacet
facet normal 0.20663169255576586 -0.9438065800612614 0.257938913436118
  outer loop
    vertex -2.7151642155831817 0.09903113209758108 3.8288556293286944
    vertex -2.990170245880971 0.09903113209758108 4.049159579386032
    vertex -3.1285834475975975 0.02507208781817649 3.8894222293511005
  endloop
endfacet
facet normal 0.20663169255576583 -0.9438065800612615 0.2579389134361174
  outer loop
    vertex -2.7151642155831817 0.09903113209758108 3.8288556293286944
    vertex -3.1285834475975975 0.02507208781817649 3.8894222293511005
    vertex -2.840847551768796 0.02507208781817649 3.6589205405127476
  endloop
endfacet
facet normal 0.5836948465444736 -0.5316228862708045 0.6137405257195608
  outer loop
    vertex -2.7623129312958756 0.37651019814126674 4.312120938320677
    vertex -2.959320505127165 0.5661162608824422 4.663721034552652
    vertex -3.045332466559331 0.37651019814126674 4.581285246822239
  endloop
endfacet
facet normal 0.4875621077085409 -0.7067273700114947 0.5126593563014733
  outer loop
    vertex -2.7623129312958756 0.37651019814126674 4.312120938320677
    vertex -3.045332466559331 0.37651019814126674 4.581285246822239
    vertex -2.8660046804738095 0.21816851753197042 4.192454280597663
  endloop
endfacet
facet normal 0.7126364675151698 -0.32992745158247727 0.619109959425458
  outer loop
    vertex -2.9059253224065964 0.7774790660436859 4.714896172002003
    vertex -3.163920371192287 0.7774790660436859 5.011865518729457
    vertex -3.2220561068323317 0.5661162608824422 4.966147070895856
  endloop
endfacet
facet normal 0.7126364675151701 -0.3299274515824783 0.6191099594254573
  outer loop
    vertex -2.9059253224065964 0.7774790660436859 4.714896172002003
    vertex -3.2220561068323317 0.5661162608824422 4.966147070895856
    vertex -2.959320505127165 0.5661162608824422 4.663721034552652
  endloop
endfacet
facet normal 0.7501710167168493 -0.1118323859674839 0.6517184692233514
  outer loop
    vertex -2.9059253224065964 0.7774790660436859 4.714896172002003
    vertex -3.1442123789711465 1 5.027364055117575
    vertex -3.163920371192287 0.7774790660436859 5.011865518729457
  endloop
endfacet
facet normal 0.7104863662311308 -0.19045778588705609 0.6774473818642182
  outer loop
    vertex -2.9059253224065964 0.7774790660436859 4.714896172002003
    vertex -2.6194429357811355 1 4.477001702582963
    vertex -3.1442123789711465 1 5.027364055117575
  endloop
endfacet
facet normal 0.3328107888330526 -0.8465455782274082 0.41544862837653546
  outer loop
    vertex -2.6024181602488463 0.21816851753197042 3.981298359672773
    vertex -2.990170245880971 0.09903113209758108 4.049159579386032
    vertex -2.7151642155831817 0.09903113209758108 3.8288556293286944
  endloop
endfacet
facet normal 0.4422566617365623 -0.7068433515597691 0.5520702142892557
  outer loop
    vertex -2.6024181602488463 0.21816851753197042 3.981298359672773
    vertex -2.7623129312958756 0.37651019814126674 4.312120938320677
    vertex -2.8660046804738095 0.21816851753197042 4.192454280597663
  endloop
endfacet
facet normal 0.33281078883305254 -0.8465455782274088 0.41544862837653396
  outer loop
    vertex -2.6024181602488463 0.21816851753197042 3.981298359672773
    vertex -2.8660046804738095 0.21816851753197042 4.192454280597663
    vertex -2.990170245880971 0.09903113209758108 4.049159579386032
  endloop
endfacet
facet normal 0.06321802066101863 -0.9927042969483209 0.10267258974060678
  outer loop
    vertex -2.388739533021837 0.02507208781817649 3.362581762757811
    vertex -2.9731658815214357 1e-17 3.4800143481653
    vertex -2.251018724088368 1e-17 3.035370709252158
  endloop
endfacet
facet normal 0.06147554874121992 -0.993692210344541 0.09378991421014612
  outer loop
    vertex -2.388739533021837 0.02507208781817649 3.362581762757811
    vertex -2.840847551768796 0.02507208781817649 3.6589205405127476
    vertex -2.9731658815214357 1e-17 3.4800143481653
  endloop
endfacet
facet normal 0.6505507709546616 -0.3299634890872211 0.684037857343936
  outer loop
    vertex -2.6842945356299897 0.5661162608824422 4.4021589666523955
    vertex -2.9059253224065964 0.7774790660436859 4.714896172002003
    vertex -2.959320505127165 0.5661162608824422 4.663721034552652
  endloop
endfacet
facet normal 0.5836948465444741 -0.5316228862708038 0.6137405257195607
  outer loop
    vertex -2.6842945356299897 0.5661162608824422 4.4021589666523955
    vertex -2.959320505127165 0.5661162608824422 4.663721034552652
    vertex -2.7623129312958756 0.37651019814126674 4.312120938320677
  endloop
endfacet
facet normal 0.4422566617365613 -0.7068433515597697 0.5520702142892555
  outer loop
    vertex -2.5082629437667814 0.37651019814126674 4.108604616500127
    vertex -2.7623129312958756 0.37651019814126674 4.312120938320677
    vertex -2.6024181602488463 0.21816851753197042 3.981298359672773
  endloop
endfacet
facet normal 0.5294941638958629 -0.5317479406217218 0.6609690295655152
  outer loop
    vertex -2.5082629437667814 0.37651019814126674 4.108604616500127
    vertex -2.6842945356299897 0.5661162608824422 4.4021589666523955
    vertex -2.7623129312958756 0.37651019814126674 4.312120938320677
  endloop
endfacet
facet normal 0.1813159032542036 -0.9437180662151793 0.27662385060980327
  outer loop
    vertex -2.2830581304412156 0.09903113209758108 3.545627321442589
    vertex -2.7151642155831817 0.09903113209758108 3.8288556293286944
    vertex -2.840847551768796 0.02507208781817649 3.6589205405127476
  endloop
endfacet
facet normal 0.1813159032542036 -0.9437180662151793 0.27662385060980355
  outer loop
    vertex -2.2830581304412156 0.09903113209758108 3.545627321442589
    vertex -2.840847551768796 0.02507208781817649 3.6589205405127476
    vertex -2.388739533021837 0.02507208781817649 3.362581762757811
  endloop
endfacet
facet normal 0.05323689847202436 -0.993707217904259 0.0985484536969361
  outer loop
    vertex -2.1508389663209093 0.02507208781817649 3.2340654051613438
    vertex -2.388739533021837 0.02507208781817649 3.362581762757811
    vertex -2.251018724088368 1e-17 3.035370709252158
  endloop
endfacet
facet normal 0.15703509950144087 -0.9438420723545469 0.2906924835251965
  outer loop
    vertex -2.1508389663209093 0.02507208781817649 3.2340654051613438
    vertex -2.2830581304412156 0.09903113209758108 3.545627321442589
    vertex -2.388739533021837 0.02507208781817649 3.362581762757811
  endloop
endfacet
facet normal 0.6505507709546609 -0.32996348908722195 0.6840378573439361
  outer loop
    vertex -2.6358616616112873 0.7774790660436859 4.4580534828862035
    vertex -2.9059253224065964 0.7774790660436859 4.714896172002003
    vertex -2.6842945356299897 0.5661162608824422 4.4021589666523955
  endloop
endfacet
facet normal 0.684823355367877 -0.11184592214436627 0.7200746222735243
  outer loop
    vertex -2.6358616616112873 0.7774790660436859 4.4580534828862035
    vertex -2.6194429357811355 1 4.477001702582963
    vertex -2.9059253224065964 0.7774790660436859 4.714896172002003
  endloop
endfacet
facet normal 0.5294941638958631 -0.5317479406217215 0.6609690295655151
  outer loop
    vertex -2.4374199018493425 0.5661162608824422 4.204390732508795
    vertex -2.6842945356299897 0.5661162608824422 4.4021589666523955
    vertex -2.5082629437667814 0.37651019814126674 4.108604616500127
  endloop
endfacet
facet normal 0.5901756156596487 -0.33005991390296624 0.7367178536693143
  outer loop
    vertex -2.4374199018493425 0.5661162608824422 4.204390732508795
    vertex -2.6358616616112873 0.7774790660436859 4.4580534828862035
    vertex -2.6842945356299897 0.5661162608824422 4.4021589666523955
  endloop
endfacet
facet normal 0.2919923296565064 -0.8463396660155584 0.4454768783567103
  outer loop
    vertex -2.1882550990706284 0.21816851753197042 3.7098309884879934
    vertex -2.6024181602488463 0.21816851753197042 3.981298359672773
    vertex -2.7151642155831817 0.09903113209758108 3.8288556293286944
  endloop
endfacet
facet normal 0.2919923296565064 -0.8463396660155584 0.4454768783567101
  outer loop
    vertex -2.1882550990706284 0.21816851753197042 3.7098309884879934
    vertex -2.7151642155831817 0.09903113209758108 3.8288556293286944
    vertex -2.2830581304412156 0.09903113209758108 3.545627321442589
  endloop
endfacet
facet normal 0.1570350995014409 -0.9438420723545469 0.2906924835251966
  outer loop
    vertex -2.055682639922149 0.09903113209758108 3.4227967193408473
    vertex -2.2830581304412156 0.09903113209758108 3.545627321442589
    vertex -2.1508389663209093 0.02507208781817649 3.2340654051613438
  endloop
endfacet
facet normal 0.5697431491225606 -0.1877366564312692 0.8000923020876499
  outer loop
    vertex -2.393441400433051 0.7774790660436859 4.263853591874118
    vertex -1.9999999999999953 1 4.035898384862243
    vertex -2.6194429357811355 1 4.477001702582963
  endloop
endfacet
facet normal 0.6212871281090177 -0.1118821429752737 0.7755544407256717
  outer loop
    vertex -2.393441400433051 0.7774790660436859 4.263853591874118
    vertex -2.6194429357811355 1 4.477001702582963
    vertex -2.6358616616112873 0.7774790660436859 4.4580534828862035
  endloop
endfacet
facet normal 0.5901756156596486 -0.3300599139029664 0.7367178536693143
  outer loop
    vertex -2.393441400433051 0.7774790660436859 4.263853591874118
    vertex -2.6358616616112873 0.7774790660436859 4.4580534828862035
    vertex -2.4374199018493425 0.5661162608824422 4.204390732508795
  endloop
endfacet
facet normal 0.3879426720485257 -0.7065398313688672 0.5918631175306523
  outer loop
    vertex -2.10908425876598 0.37651019814126674 3.8469589063735663
    vertex -2.5082629437667814 0.37651019814126674 4.108604616500127
    vertex -2.6024181602488463 0.21816851753197042 3.981298359672773
  endloop
endfacet
facet normal 0.38794267204852567 -0.7065398313688662 0.5918631175306536
  outer loop
    vertex -2.10908425876598 0.37651019814126674 3.8469589063735663
    vertex -2.6024181602488463 0.21816851753197042 3.981298359672773
    vertex -2.1882550990706284 0.21816851753197042 3.7098309884879934
  endloop
endfacet
facet normal 0.2529433321831239 -0.8466281708753247 0.46823115123237974
  outer loop
    vertex -1.970321280435937 0.21816851753197042 3.592100875624372
    vertex -2.1882550990706284 0.21816851753197042 3.7098309884879934
    vertex -2.2830581304412156 0.09903113209758108 3.545627321442589
  endloop
endfacet
facet normal 0.2529433321831238 -0.8466281708753245 0.4682311512323802
  outer loop
    vertex -1.970321280435937 0.21816851753197042 3.592100875624372
    vertex -2.2830581304412156 0.09903113209758108 3.545627321442589
    vertex -2.055682639922149 0.09903113209758108 3.4227967193408473
  endloop
endfacet
facet normal 0.04415696530909407 -0.9929625403704494 0.10988883399033424
  outer loop
    vertex -1.5625603479225192 0.02507208781817649 2.985278371196525
    vertex -2.251018724088368 1e-17 3.035370709252158
    vertex -1.4641138563827516 1e-17 2.7191663263037453
  endloop
endfacet
facet normal 0.04370749497874312 -0.9936842532524331 0.10335018007162536
  outer loop
    vertex -1.5625603479225192 0.02507208781817649 2.985278371196525
    vertex -2.1508389663209093 0.02507208781817649 3.2340654051613438
    vertex -2.251018724088368 1e-17 3.035370709252158
  endloop
endfacet
facet normal 0.4643800480001527 -0.5314207336026271 0.7084794809425474
  outer loop
    vertex -2.0495155660487856 0.5661162608824422 3.950134908700205
    vertex -2.5082629437667814 0.37651019814126674 4.108604616500127
    vertex -2.10908425876598 0.37651019814126674 3.8469589063735663
  endloop
endfacet
facet normal 0.4643800480001524 -0.5314207336026255 0.7084794809425486
  outer loop
    vertex -2.0495155660487856 0.5661162608824422 3.950134908700205
    vertex -2.4374199018493425 0.5661162608824422 4.204390732508795
    vertex -2.5082629437667814 0.37651019814126674 4.108604616500127
  endloop
endfacet
facet normal 0.3361496603574338 -0.7069651430307782 0.6222569343776359
  outer loop
    vertex -1.8990352628649074 0.37651019814126674 3.733488256663273
    vertex -2.10908425876598 0.37651019814126674 3.8469589063735663
    vertex -2.1882550990706284 0.21816851753197042 3.7098309884879934
  endloop
endfacet
facet normal 0.3361496603574338 -0.7069651430307782 0.6222569343776356
  outer loop
    vertex -1.8990352628649074 0.37651019814126674 3.733488256663273
    vertex -2.1882550990706284 0.21816851753197042 3.7098309884879934
    vertex -1.970321280435937 0.21816851753197042 3.592100875624372
  endloop
endfacet
facet normal 0.4024870478881697 -0.5318792881060453 0.7450561047102915
  outer loop
    vertex -1.8990352628649074 0.37651019814126674 3.733488256663273
    vertex -2.0495155660487856 0.5661162608824422 3.950134908700205
    vertex -2.10908425876598 0.37651019814126674 3.8469589063735663
  endloop
endfacet
facet normal 0.35125482606104974 -0.9110751325517096 0.21578264530472926
  outer loop
    vertex -1.4934303457173745 0.09903113209758108 3.185016395119729
    vertex -1.5625603479225192 0.02507208781817649 2.985278371196525
    vertex -1.4641138563827516 1e-17 2.7191663263037453
  endloop
endfacet
facet normal 0.12890288206251335 -0.9436523350126585 0.3048020958279898
  outer loop
    vertex -1.4934303457173745 0.09903113209758108 3.185016395119729
    vertex -2.1508389663209093 0.02507208781817649 3.2340654051613438
    vertex -1.5625603479225192 0.02507208781817649 2.985278371196525
  endloop
endfacet
facet normal 0.12890288206251335 -0.9436523350126588 0.3048020958279891
  outer loop
    vertex -1.4934303457173745 0.09903113209758108 3.185016395119729
    vertex -2.055682639922149 0.09903113209758108 3.4227967193408473
    vertex -2.1508389663209093 0.02507208781817649 3.2340654051613438
  endloop
endfacet
facet normal 0.5175221031921337 -0.32980765143852275 0.7895554355206457
  outer loop
    vertex -2.0125360439090834 0.7774790660436859 4.0141853198857875
    vertex -2.393441400433051 0.7774790660436859 4.263853591874118
    vertex -2.4374199018493425 0.5661162608824422 4.204390732508795
  endloop
endfacet
facet normal 0.5447586010460908 -0.11178739085053066 0.8311086847297031
  outer loop
    vertex -2.0125360439090834 0.7774790660436859 4.0141853198857875
    vertex -1.9999999999999953 1 4.035898384862243
    vertex -2.393441400433051 0.7774790660436859 4.263853591874118
  endloop
endfacet
facet normal 0.5175221031921335 -0.3298076514385222 0.789555435520646
  outer loop
    vertex -2.0125360439090834 0.7774790660436859 4.0141853198857875
    vertex -2.4374199018493425 0.5661162608824422 4.204390732508795
    vertex -2.0495155660487856 0.5661162608824422 3.950134908700205
  endloop
endfacet
facet normal 0.40248704788817025 -0.5318792881060448 0.7450561047102914
  outer loop
    vertex -1.8453991657945592 0.5661162608824422 3.8398691087899706
    vertex -2.0495155660487856 0.5661162608824422 3.950134908700205
    vertex -1.8990352628649074 0.37651019814126674 3.733488256663273
  endloop
endfacet
facet normal 0.44864000329397435 -0.33016120887613354 0.8304912543776923
  outer loop
    vertex -1.8453991657945592 0.5661162608824422 3.8398691087899706
    vertex -2.0125360439090834 0.7774790660436859 4.0141853198857875
    vertex -2.0495155660487856 0.5661162608824422 3.950134908700205
  endloop
endfacet
facet normal 0.20756301981907743 -0.8461868134245619 0.4908008451398295
  outer loop
    vertex -1.4314162769439833 0.21816851753197042 3.364194279643405
    vertex -1.970321280435937 0.21816851753197042 3.592100875624372
    vertex -2.055682639922149 0.09903113209758108 3.4227967193408473
  endloop
endfacet
facet normal 0.20756301981907746 -0.8461868134245623 0.49080084513982897
  outer loop
    vertex -1.4314162769439833 0.21816851753197042 3.364194279643405
    vertex -2.055682639922149 0.09903113209758108 3.4227967193408473
    vertex -1.4934303457173745 0.09903113209758108 3.185016395119729
  endloop
endfacet
facet normal 0.4723060566091433 -0.11192019692265108 0.8743002106891635
  outer loop
    vertex -1.8121025270968352 0.7774790660436859 3.9059090518710797
    vertex -1.9999999999999953 1 4.035898384862243
    vertex -2.0125360439090834 0.7774790660436859 4.0141853198857875
  endloop
endfacet
facet normal 0.44864000329397435 -0.3301612088761337 0.8304912543776923
  outer loop
    vertex -1.8121025270968352 0.7774790660436859 3.9059090518710797
    vertex -2.0125360439090834 0.7774790660436859 4.0141853198857875
    vertex -1.8453991657945592 0.5661162608824422 3.8398691087899706
  endloop
endfacet
facet normal 0.4088017763834787 -0.1777237922452508 0.895151027087429
  outer loop
    vertex -1.8121025270968352 0.7774790660436859 3.9059090518710797
    vertex -1.3082718532696809 1 3.719996725141324
    vertex -1.9999999999999953 1 4.035898384862243
  endloop
endfacet
facet normal 0.2757313109683886 -0.7063146321041709 0.651990709003743
  outer loop
    vertex -1.379627785958843 0.37651019814126674 3.513827297455847
    vertex -1.970321280435937 0.21816851753197042 3.592100875624372
    vertex -1.4314162769439833 0.21816851753197042 3.364194279643405
  endloop
endfacet
facet normal 0.27573131096838854 -0.7063146321041704 0.6519907090037436
  outer loop
    vertex -1.379627785958843 0.37651019814126674 3.513827297455847
    vertex -1.8990352628649074 0.37651019814126674 3.733488256663273
    vertex -1.970321280435937 0.21816851753197042 3.592100875624372
  endloop
endfacet
facet normal 0.02428783857238903 -0.9933326331872113 0.11269596595638573
  outer loop
    vertex -0.6799061606380046 0.02507208781817649 2.7711487822926655
    vertex -1.4641138563827516 1e-17 2.7191663263037453
    vertex -0.6350890987343917 1e-17 2.540497823705615
  endloop
endfacet
facet normal 0.3300138603992836 -0.5311780776506819 0.7803465267223841
  outer loop
    vertex -1.340661763949855 0.5661162608824422 3.6264122242308696
    vertex -1.8453991657945592 0.5661162608824422 3.8398691087899706
    vertex -1.8990352628649074 0.37651019814126674 3.733488256663273
  endloop
endfacet
facet normal 0.3300138603992837 -0.5311780776506826 0.7803465267223832
  outer loop
    vertex -1.340661763949855 0.5661162608824422 3.6264122242308696
    vertex -1.8990352628649074 0.37651019814126674 3.733488256663273
    vertex -1.379627785958843 0.37651019814126674 3.513827297455847
  endloop
endfacet
facet normal 0.008130189459786892 -0.9431564912271334 0.3322495042516546
  outer loop
    vertex -0.6498260972044946 0.09903113209758108 2.980360218857367
    vertex -1.4641138563827516 1e-17 2.7191663263037453
    vertex -0.6799061606380046 0.02507208781817649 2.7711487822926655
  endloop
endfacet
facet normal 0.05112506198750376 -0.9762042419691885 0.2107403758137856
  outer loop
    vertex -0.6498260972044946 0.09903113209758108 2.980360218857367
    vertex -1.4934303457173745 0.09903113209758108 3.185016395119729
    vertex -1.4641138563827516 1e-17 2.7191663263037453
  endloop
endfacet
facet normal 0.36773889239637697 -0.3296206469955398 0.8695506518273258
  outer loop
    vertex -1.3164721299684874 0.7774790660436859 3.6963035816262613
    vertex -1.8121025270968352 0.7774790660436859 3.9059090518710797
    vertex -1.8453991657945592 0.5661162608824422 3.8398691087899706
  endloop
endfacet
facet normal 0.3870687982036917 -0.11171716540377763 0.9152578983058791
  outer loop
    vertex -1.3164721299684874 0.7774790660436859 3.6963035816262613
    vertex -1.3082718532696809 1 3.719996725141324
    vertex -1.8121025270968352 0.7774790660436859 3.9059090518710797
  endloop
endfacet
facet normal 0.36773889239637697 -0.3296206469955395 0.869550651827326
  outer loop
    vertex -1.3164721299684874 0.7774790660436859 3.6963035816262613
    vertex -1.8453991657945592 0.5661162608824422 3.8398691087899706
    vertex -1.340661763949855 0.5661162608824422 3.6264122242308696
  endloop
endfacet
facet normal 0.23428980234078178 -0.11146380529153083 0.9657557189212234
  outer loop
    vertex -1.3164721299684874 0.7774790660436859 3.6963035816262613
    vertex -0.5692593530931339 1 3.540714232476268
    vertex -1.3082718532696809 1 3.719996725141324
  endloop
endfacet
facet normal 0.12583957496733772 -0.8456336397063319 0.5187177929944773
  outer loop
    vertex -0.6228423410498501 0.21816851753197042 3.168036365269203
    vertex -1.4934303457173745 0.09903113209758108 3.185016395119729
    vertex -0.6498260972044946 0.09903113209758108 2.980360218857367
  endloop
endfacet
facet normal 0.1258395749673378 -0.8456336397063329 0.5187177929944756
  outer loop
    vertex -0.6228423410498501 0.21816851753197042 3.168036365269203
    vertex -1.4314162769439833 0.21816851753197042 3.364194279643405
    vertex -1.4934303457173745 0.09903113209758108 3.185016395119729
  endloop
endfacet
facet normal 0.16708459882595625 -0.7055004149311579 0.6887320969485401
  outer loop
    vertex -0.6003079703820182 0.37651019814126674 3.3247663558797482
    vertex -1.379627785958843 0.37651019814126674 3.513827297455847
    vertex -1.4314162769439833 0.21816851753197042 3.364194279643405
  endloop
endfacet
facet normal 0.1670845988259564 -0.7055004149311589 0.688732096948539
  outer loop
    vertex -0.6003079703820182 0.37651019814126674 3.3247663558797482
    vertex -1.4314162769439833 0.21816851753197042 3.364194279643405
    vertex -0.6228423410498501 0.21816851753197042 3.168036365269203
  endloop
endfacet
facet normal 0.004768871241753479 -0.9936670920123101 0.11226294187700189
  outer loop
    vertex 0.20276195980730868 0.02507208781817649 2.726825604051247
    vertex -0.6350890987343917 1e-17 2.540497823705615
    vertex 0.2122060159807455 1e-17 2.5045051689765927
  endloop
endfacet
facet normal -0.014272253898685585 -0.9936670920123098 0.11145408480827868
  outer loop
    vertex 0.20276195980730868 0.02507208781817649 2.726825604051247
    vertex 0.2122060159807455 1e-17 2.5045051689765927
    vertex 1.0533963499786374 1e-17 2.6122238052615705
  endloop
endfacet
facet normal 0.005479229060370542 -0.9940139888489585 0.10911538856406335
  outer loop
    vertex 0.20276195980730868 0.02507208781817649 2.726825604051247
    vertex -0.6799061606380046 0.02507208781817649 2.7711487822926655
    vertex -0.6350890987343917 1e-17 2.540497823705615
  endloop
endfacet
facet normal 0.01662758088088135 -0.9434394085539245 0.33112777887315814
  outer loop
    vertex 0.20276195980730868 0.02507208781817649 2.726825604051247
    vertex -0.6498260972044946 0.09903113209758108 2.980360218857367
    vertex -0.6799061606380046 0.02507208781817649 2.7711487822926655
  endloop
endfacet
facet normal 0.19987856569227877 -0.5303015817781718 0.8239106695148247
  outer loop
    vertex -0.5833529526416213 0.5661162608824422 3.4426910945123392
    vertex -1.340661763949855 0.5661162608824422 3.6264122242308696
    vertex -1.379627785958843 0.37651019814126674 3.513827297455847
  endloop
endfacet
facet normal 0.2226386778580454 -0.3289456849745992 0.9177291296772776
  outer loop
    vertex -0.5833529526416213 0.5661162608824422 3.4426910945123392
    vertex -1.3164721299684874 0.7774790660436859 3.6963035816262613
    vertex -1.340661763949855 0.5661162608824422 3.6264122242308696
  endloop
endfacet
facet normal 0.1998785656922786 -0.530301581778171 0.823910669514825
  outer loop
    vertex -0.5833529526416213 0.5661162608824422 3.4426910945123392
    vertex -1.379627785958843 0.37651019814126674 3.513827297455847
    vertex -0.6003079703820182 0.37651019814126674 3.3247663558797482
  endloop
endfacet
facet normal 0.016627580880881933 -0.9434394085539239 0.3311277788731599
  outer loop
    vertex 0.19379146804535227 0.09903113209758108 2.9379979641819665
    vertex -0.6498260972044946 0.09903113209758108 2.980360218857367
    vertex 0.20276195980730868 0.02507208781817649 2.726825604051247
  endloop
endfacet
facet normal 0.23428980234078176 -0.11146380529153077 0.9657557189212234
  outer loop
    vertex -0.5728274832161513 0.7774790660436859 3.5158973423611153
    vertex -0.5692593530931339 1 3.540714232476268
    vertex -1.3164721299684874 0.7774790660436859 3.6963035816262613
  endloop
endfacet
facet normal 0.22263867785804503 -0.3289456849745999 0.9177291296772773
  outer loop
    vertex -0.5728274832161513 0.7774790660436859 3.5158973423611153
    vertex -1.3164721299684874 0.7774790660436859 3.6963035816262613
    vertex -0.5833529526416213 0.5661162608824422 3.4426910945123392
  endloop
endfacet
facet normal 0.026764578397186295 -0.8456920193014559 0.5329996865224655
  outer loop
    vertex 0.18574435860933225 0.21816851753197042 3.127433185452815
    vertex -0.6228423410498501 0.21816851753197042 3.168036365269203
    vertex -0.6498260972044946 0.09903113209758108 2.980360218857367
  endloop
endfacet
facet normal 0.026764578397186704 -0.845692019301457 0.5329996865224642
  outer loop
    vertex 0.18574435860933225 0.21816851753197042 3.127433185452815
    vertex -0.6498260972044946 0.09903113209758108 2.980360218857367
    vertex 0.19379146804535227 0.09903113209758108 2.9379979641819665
  endloop
endfacet
facet normal 0.03553877557133651 -0.7055862863760822 0.7077322854786967
  outer loop
    vertex 0.17902414716817333 0.37651019814126674 3.2856321948566753
    vertex -0.6003079703820182 0.37651019814126674 3.3247663558797482
    vertex -0.6228423410498501 0.21816851753197042 3.168036365269203
  endloop
endfacet
facet normal 0.035538775571336154 -0.7055862863760813 0.7077322854786977
  outer loop
    vertex 0.17902414716817333 0.37651019814126674 3.2856321948566753
    vertex -0.6228423410498501 0.21816851753197042 3.168036365269203
    vertex 0.18574435860933225 0.21816851753197042 3.127433185452815
  endloop
endfacet
facet normal -0.014272253898685573 -0.99366709201231 0.11145408480827881
  outer loop
    vertex 1.0065158020539535 0.02507208781817649 2.829750310026098
    vertex 0.20276195980730868 0.02507208781817649 2.726825604051247
    vertex 1.0533963499786374 1e-17 2.6122238052615705
  endloop
endfacet
facet normal 0.042516259986556705 -0.5303939597048473 0.8466844838222609
  outer loop
    vertex 0.1739678131846945 0.5661162608824422 3.4046622334805017
    vertex -0.5833529526416213 0.5661162608824422 3.4426910945123392
    vertex -0.6003079703820182 0.37651019814126674 3.3247663558797482
  endloop
endfacet
facet normal 0.04251625998655669 -0.5303939597048472 0.8466844838222608
  outer loop
    vertex 0.1739678131846945 0.5661162608824422 3.4046622334805017
    vertex -0.6003079703820182 0.37651019814126674 3.3247663558797482
    vertex 0.17902414716817333 0.37651019814126674 3.2856321948566753
  endloop
endfacet
facet normal -0.042086377397066964 -0.9435106124140137 0.3286585783145245
  outer loop
    vertex 0.9619860405583336 0.09903113209758108 3.0363691275301505
    vertex 0.20276195980730868 0.02507208781817649 2.726825604051247
    vertex 1.0065158020539535 0.02507208781817649 2.829750310026098
  endloop
endfacet
facet normal -0.0420863773970673 -0.9435106124140132 0.3286585783145252
  outer loop
    vertex 0.9619860405583336 0.09903113209758108 3.0363691275301505
    vertex 0.19379146804535227 0.09903113209758108 2.9379979641819665
    vertex 0.20276195980730868 0.02507208781817649 2.726825604051247
  endloop
endfacet
facet normal 0.049839136762351716 -0.11149048591163897 0.9925149530349506
  outer loop
    vertex 0.17082890235823933 0.7774790660436859 3.4785546381615413
    vertex -0.5692593530931339 1 3.540714232476268
    vertex -0.5728274832161513 0.7774790660436859 3.5158973423611153
  endloop
endfacet
facet normal 0.04735955975738146 -0.32901678431634124 0.9431357419468958
  outer loop
    vertex 0.17082890235823933 0.7774790660436859 3.4785546381615413
    vertex -0.5728274832161513 0.7774790660436859 3.5158973423611153
    vertex -0.5833529526416213 0.5661162608824422 3.4426910945123392
  endloop
endfacet
facet normal 0.04735955975738172 -0.32901678431634207 0.9431357419468953
  outer loop
    vertex 0.17082890235823933 0.7774790660436859 3.4785546381615413
    vertex -0.5833529526416213 0.5661162608824422 3.4426910945123392
    vertex 0.1739678131846945 0.5661162608824422 3.4046622334805017
  endloop
endfacet
facet normal 0.04723865255565978 -0.11990105908656448 0.9916613563786005
  outer loop
    vertex 0.17082890235823933 0.7774790660436859 3.4785546381615413
    vertex 0.19032766329497663 1 3.5045306432679686
    vertex -0.5692593530931339 1 3.540714232476268
  endloop
endfacet
facet normal -0.0677524553950714 -0.8458574220281447 0.5290886753539901
  outer loop
    vertex 0.9220399736732586 0.21816851753197042 3.2217195274990296
    vertex 0.19379146804535227 0.09903113209758108 2.9379979641819665
    vertex 0.9619860405583336 0.09903113209758108 3.0363691275301505
  endloop
endfacet
facet normal -0.06775245539507078 -0.8458574220281455 0.5290886753539887
  outer loop
    vertex 0.9220399736732586 0.21816851753197042 3.2217195274990296
    vertex 0.18574435860933225 0.21816851753197042 3.127433185452815
    vertex 0.19379146804535227 0.09903113209758108 2.9379979641819665
  endloop
endfacet
facet normal -0.08997708718869622 -0.7058296535072717 0.702644023678308
  outer loop
    vertex 0.8886806639925954 0.37651019814126674 3.376507266922429
    vertex 0.17902414716817333 0.37651019814126674 3.2856321948566753
    vertex 0.18574435860933225 0.21816851753197042 3.127433185452815
  endloop
endfacet
facet normal -0.08997708718869617 -0.7058296535072718 0.7026440236783078
  outer loop
    vertex 0.8886806639925954 0.37651019814126674 3.376507266922429
    vertex 0.18574435860933225 0.21816851753197042 3.127433185452815
    vertex 0.9220399736732586 0.21816851753197042 3.2217195274990296
  endloop
endfacet
facet normal -0.1076587015447604 -0.5306558458134463 0.8407222949855154
  outer loop
    vertex 0.8886806639925954 0.37651019814126674 3.376507266922429
    vertex 0.1739678131846945 0.5661162608824422 3.4046622334805017
    vertex 0.17902414716817333 0.37651019814126674 3.2856321948566753
  endloop
endfacet
facet normal -0.03290279227988663 -0.99366709201231 0.10743889664356285
  outer loop
    vertex 1.781314017234214 0.02507208781817649 3.0670295964792915
    vertex 1.0065158020539535 0.02507208781817649 2.829750310026098
    vertex 1.0533963499786374 1e-17 2.6122238052615705
  endloop
endfacet
facet normal -0.032902792279886704 -0.99366709201231 0.10743889664356297
  outer loop
    vertex 1.781314017234214 0.02507208781817649 3.0670295964792915
    vertex 1.0533963499786374 1e-17 2.6122238052615705
    vertex 1.8642823889015503 1e-17 2.8605548635174562
  endloop
endfacet
facet normal -0.10765870154476061 -0.530655845813447 0.840722294985515
  outer loop
    vertex 0.8635808866000787 0.5661162608824422 3.4929706422083457
    vertex 0.1739678131846945 0.5661162608824422 3.4046622334805017
    vertex 0.8886806639925954 0.37651019814126674 3.376507266922429
  endloop
endfacet
facet normal -0.04415272578192876 -0.9937088687303006 0.10292337447233262
  outer loop
    vertex 1.9846365283367875 0.02507208781817649 3.154252184390246
    vertex 1.781314017234214 0.02507208781817649 3.0670295964792915
    vertex 1.8642823889015503 1e-17 2.8605548635174562
  endloop
endfacet
facet normal -0.05386020389724853 -0.9928179212974535 0.10682534150074265
  outer loop
    vertex 1.9846365283367875 0.02507208781817649 3.154252184390246
    vertex 1.8642823889015503 1e-17 2.8605548635174562
    vertex 2.6215364177861664 1e-17 3.2423543113334485
  endloop
endfacet
facet normal -0.0970245725124147 -0.9435106124140138 0.3168184915545745
  outer loop
    vertex 1.7025060261680267 0.09903113209758108 3.2631508241670195
    vertex 0.9619860405583336 0.09903113209758108 3.0363691275301505
    vertex 1.0065158020539535 0.02507208781817649 2.829750310026098
  endloop
endfacet
facet normal -0.13024080273537683 -0.9438557156256714 0.30360125392296483
  outer loop
    vertex 1.7025060261680267 0.09903113209758108 3.2631508241670195
    vertex 1.781314017234214 0.02507208781817649 3.0670295964792915
    vertex 1.9846365283367875 0.02507208781817649 3.154252184390246
  endloop
endfacet
facet normal -0.09702457251241453 -0.9435106124140138 0.31681849155457426
  outer loop
    vertex 1.7025060261680267 0.09903113209758108 3.2631508241670195
    vertex 1.0065158020539535 0.02507208781817649 2.829750310026098
    vertex 1.781314017234214 0.02507208781817649 3.0670295964792915
  endloop
endfacet
facet normal -0.14073126098039357 -0.14876406476348467 0.9788074198829482
  outer loop
    vertex 0.8479992491417121 0.7774790660436859 3.5652696934112416
    vertex 0.9430357420377169 1 3.612753726705835
    vertex 0.19032766329497663 1 3.5045306432679686
  endloop
endfacet
facet normal -0.11993705958562179 -0.3292183955050007 0.9366057600714762
  outer loop
    vertex 0.8479992491417121 0.7774790660436859 3.5652696934112416
    vertex 0.17082890235823933 0.7774790660436859 3.4785546381615413
    vertex 0.1739678131846945 0.5661162608824422 3.4046622334805017
  endloop
endfacet
facet normal -0.12632783164122413 -0.10409092678787087 0.9865122188362742
  outer loop
    vertex 0.8479992491417121 0.7774790660436859 3.5652696934112416
    vertex 0.19032766329497663 1 3.5045306432679686
    vertex 0.17082890235823933 0.7774790660436859 3.4785546381615413
  endloop
endfacet
facet normal -0.11993705958562223 -0.32921839550499965 0.9366057600714766
  outer loop
    vertex 0.8479992491417121 0.7774790660436859 3.5652696934112416
    vertex 0.1739678131846945 0.5661162608824422 3.4046622334805017
    vertex 0.8635808866000787 0.5661162608824422 3.4929706422083457
  endloop
endfacet
facet normal -0.13024080273537653 -0.9438557156256712 0.30360125392296544
  outer loop
    vertex 1.8968332458826138 0.09903113209758108 3.3465145545927957
    vertex 1.7025060261680267 0.09903113209758108 3.2631508241670195
    vertex 1.9846365283367875 0.02507208781817649 3.154252184390246
  endloop
endfacet
facet normal -0.15619431816033053 -0.8458574220281447 0.5100279958730995
  outer loop
    vertex 1.6318101774485596 0.21816851753197042 3.4390842092934495
    vertex 0.9220399736732586 0.21816851753197042 3.2217195274990296
    vertex 0.9619860405583336 0.09903113209758108 3.0363691275301505
  endloop
endfacet
facet normal -0.15619431816032986 -0.8458574220281454 0.5100279958730985
  outer loop
    vertex 1.6318101774485596 0.21816851753197042 3.4390842092934495
    vertex 0.9619860405583336 0.09903113209758108 3.0363691275301505
    vertex 1.7025060261680267 0.09903113209758108 3.2631508241670195
  endloop
endfacet
facet normal -0.2097894169237454 -0.8466599235205152 0.4890351464373807
  outer loop
    vertex 1.8180680408637515 0.21816851753197042 3.518986295775365
    vertex 1.7025060261680267 0.09903113209758108 3.2631508241670195
    vertex 1.8968332458826138 0.09903113209758108 3.3465145545927957
  endloop
endfacet
facet normal -0.20978941692374603 -0.8466599235205148 0.4890351464373809
  outer loop
    vertex 1.8180680408637515 0.21816851753197042 3.518986295775365
    vertex 1.6318101774485596 0.21816851753197042 3.4390842092934495
    vertex 1.7025060261680267 0.09903113209758108 3.2631508241670195
  endloop
endfacet
facet normal -0.20743026509580145 -0.7058296535072708 0.6773309275030128
  outer loop
    vertex 1.5727714561307622 0.37651019814126674 3.586007717294504
    vertex 0.9220399736732586 0.21816851753197042 3.2217195274990296
    vertex 1.6318101774485596 0.21816851753197042 3.4390842092934495
  endloop
endfacet
facet normal -0.20743026509580076 -0.7058296535072717 0.677330927503012
  outer loop
    vertex 1.5727714561307622 0.37651019814126674 3.586007717294504
    vertex 0.8886806639925954 0.37651019814126674 3.376507266922429
    vertex 0.9220399736732586 0.21816851753197042 3.2217195274990296
  endloop
endfacet
facet normal -0.05280760751527084 -0.9936883992324793 0.09896828693731069
  outer loop
    vertex 2.504867071368913 0.02507208781817649 3.4318373703528797
    vertex 1.9846365283367875 0.02507208781817649 3.154252184390246
    vertex 2.6215364177861664 1e-17 3.2423543113334485
  endloop
endfacet
facet normal -0.2788081703185799 -0.7070119728841462 0.6499231295792398
  outer loop
    vertex 1.7522905295546995 0.37651019814126674 3.663018954655788
    vertex 1.6318101774485596 0.21816851753197042 3.4390842092934495
    vertex 1.8180680408637515 0.21816851753197042 3.518986295775365
  endloop
endfacet
facet normal -0.27880817031858224 -0.707011972884145 0.6499231295792401
  outer loop
    vertex 1.7522905295546995 0.37651019814126674 3.663018954655788
    vertex 1.5727714561307622 0.37651019814126674 3.586007717294504
    vertex 1.6318101774485596 0.21816851753197042 3.4390842092934495
  endloop
endfacet
facet normal -0.27649901593815857 -0.32921839550499965 0.9028640773927953
  outer loop
    vertex 1.528350310225741 0.5661162608824422 3.6965539899798685
    vertex 0.8479992491417121 0.7774790660436859 3.5652696934112416
    vertex 0.8635808866000787 0.5661162608824422 3.4929706422083457
  endloop
endfacet
facet normal -0.24819288664531092 -0.5306558458134468 0.8104348612459136
  outer loop
    vertex 1.528350310225741 0.5661162608824422 3.6965539899798685
    vertex 0.8886806639925954 0.37651019814126674 3.376507266922429
    vertex 1.5727714561307622 0.37651019814126674 3.586007717294504
  endloop
endfacet
facet normal -0.24819288664531083 -0.5306558458134469 0.8104348612459136
  outer loop
    vertex 1.528350310225741 0.5661162608824422 3.6965539899798685
    vertex 0.8635808866000787 0.5661162608824422 3.4929706422083457
    vertex 0.8886806639925954 0.37651019814126674 3.376507266922429
  endloop
endfacet
facet normal -0.15574608994405276 -0.9436865822201487 0.2918883176915338
  outer loop
    vertex 2.3940480131497845 0.09903113209758108 3.611818957580727
    vertex 1.8968332458826138 0.09903113209758108 3.3465145545927957
    vertex 1.9846365283367875 0.02507208781817649 3.154252184390246
  endloop
endfacet
facet normal -0.15574608994405253 -0.9436865822201487 0.29188831769153356
  outer loop
    vertex 2.3940480131497845 0.09903113209758108 3.611818957580727
    vertex 1.9846365283367875 0.02507208781817649 3.154252184390246
    vertex 2.504867071368913 0.02507208781817649 3.4318373703528797
  endloop
endfacet
facet normal -0.06189356640354564 -0.9937052361541077 0.09337606801402036
  outer loop
    vertex 2.771209742590404 0.02507208781817649 3.608380441376923
    vertex 2.504867071368913 0.02507208781817649 3.4318373703528797
    vertex 2.6215364177861664 1e-17 3.2423543113334485
  endloop
endfacet
facet normal -0.07208932306745591 -0.9926240450412798 0.09747119936454807
  outer loop
    vertex 2.771209742590404 0.02507208781817649 3.608380441376923
    vertex 2.6215364177861664 1e-17 3.2423543113334485
    vertex 3.3033736169504158 1e-17 3.746638473736386
  endloop
endfacet
facet normal -0.3338391026926158 -0.5319298001628955 0.7782044340737537
  outer loop
    vertex 1.7027990710354621 0.5661162608824422 3.771390132289791
    vertex 1.528350310225741 0.5661162608824422 3.6965539899798685
    vertex 1.5727714561307622 0.37651019814126674 3.586007717294504
  endloop
endfacet
facet normal -0.3338391026926171 -0.5319298001628945 0.7782044340737537
  outer loop
    vertex 1.7027990710354621 0.5661162608824422 3.771390132289791
    vertex 1.5727714561307622 0.37651019814126674 3.586007717294504
    vertex 1.7522905295546995 0.37651019814126674 3.663018954655788
  endloop
endfacet
facet normal -0.27649901593815857 -0.32921839550499943 0.9028640773927955
  outer loop
    vertex 1.5007742014757242 0.7774790660436859 3.7651797756360645
    vertex 0.8479992491417121 0.7774790660436859 3.5652696934112416
    vertex 1.528350310225741 0.5661162608824422 3.6965539899798685
  endloop
endfacet
facet normal -0.322310016500014 -0.1699497632761854 0.9312536342082801
  outer loop
    vertex 1.5007742014757242 0.7774790660436859 3.7651797756360645
    vertex 1.6616600520075537 1 3.8614720185819302
    vertex 0.9430357420377169 1 3.612753726705835
  endloop
endfacet
facet normal -0.291913823671075 -0.07873080929022476 0.9531987091987897
  outer loop
    vertex 1.5007742014757242 0.7774790660436859 3.7651797756360645
    vertex 0.9430357420377169 1 3.612753726705835
    vertex 0.8479992491417121 0.7774790660436859 3.5652696934112416
  endloop
endfacet
facet normal -0.25080120149901824 -0.8462664461841387 0.470033891745603
  outer loop
    vertex 2.2946361734479765 0.21816851753197042 3.7732740446957282
    vertex 1.8180680408637515 0.21816851753197042 3.518986295775365
    vertex 1.8968332458826138 0.09903113209758108 3.3465145545927957
  endloop
endfacet
facet normal -0.25080120149901836 -0.8462664461841384 0.470033891745603
  outer loop
    vertex 2.2946361734479765 0.21816851753197042 3.7732740446957282
    vertex 1.8968332458826138 0.09903113209758108 3.3465145545927957
    vertex 2.3940480131497845 0.09903113209758108 3.611818957580727
  endloop
endfacet
facet normal -0.1825672300450191 -0.9438256948488419 0.27543105172944754
  outer loop
    vertex 2.648607287030273 0.09903113209758108 3.7805514996191723
    vertex 2.3940480131497845 0.09903113209758108 3.611818957580727
    vertex 2.504867071368913 0.02507208781817649 3.4318373703528797
  endloop
endfacet
facet normal -0.18256723004501876 -0.9438256948488422 0.2754310517294475
  outer loop
    vertex 2.648607287030273 0.09903113209758108 3.7805514996191723
    vertex 2.504867071368913 0.02507208781817649 3.4318373703528797
    vertex 2.771209742590404 0.02507208781817649 3.608380441376923
  endloop
endfacet
facet normal -0.3721288083982704 -0.33020016853944706 0.8674606611579594
  outer loop
    vertex 1.672075373694526 0.7774790660436859 3.8386656453121786
    vertex 1.528350310225741 0.5661162608824422 3.6965539899798685
    vertex 1.7027990710354621 0.5661162608824422 3.771390132289791
  endloop
endfacet
facet normal -0.37212880839826984 -0.3302001685394475 0.8674606611579595
  outer loop
    vertex 1.672075373694526 0.7774790660436859 3.8386656453121786
    vertex 1.5007742014757242 0.7774790660436859 3.7651797756360645
    vertex 1.528350310225741 0.5661162608824422 3.6965539899798685
  endloop
endfacet
facet normal -0.391763852364393 -0.11193483408798129 0.9132314476069614
  outer loop
    vertex 1.672075373694526 0.7774790660436859 3.8386656453121786
    vertex 1.6616600520075537 1 3.8614720185819302
    vertex 1.5007742014757242 0.7774790660436859 3.7651797756360645
  endloop
endfacet
facet normal -0.3331938489987497 -0.7064319442048209 0.624448370320874
  outer loop
    vertex 2.211616477013829 0.37651019814126674 3.908106599452206
    vertex 1.8180680408637515 0.21816851753197042 3.518986295775365
    vertex 2.2946361734479765 0.21816851753197042 3.7732740446957282
  endloop
endfacet
facet normal -0.33319384899874893 -0.7064319442048216 0.6244483703208734
  outer loop
    vertex 2.211616477013829 0.37651019814126674 3.908106599452206
    vertex 1.7522905295546995 0.37651019814126674 3.663018954655788
    vertex 1.8180680408637515 0.21816851753197042 3.518986295775365
  endloop
endfacet
facet normal -0.29406092050780036 -0.8465900576131951 0.44363661862000564
  outer loop
    vertex 2.5386249802406637 0.21816851753197042 3.9350000386910806
    vertex 2.2946361734479765 0.21816851753197042 3.7732740446957282
    vertex 2.3940480131497845 0.09903113209758108 3.611818957580727
  endloop
endfacet
facet normal -0.2940609205078006 -0.846590057613195 0.44363661862000564
  outer loop
    vertex 2.5386249802406637 0.21816851753197042 3.9350000386910806
    vertex 2.3940480131497845 0.09903113209758108 3.611818957580727
    vertex 2.648607287030273 0.09903113209758108 3.7805514996191723
  endloop
endfacet
facet normal -0.069642032542827 -0.9936956873887265 0.08785708945981567
  outer loop
    vertex 3.156359660460325 0.02507208781817649 3.9136787761963614
    vertex 2.771209742590404 0.02507208781817649 3.608380441376923
    vertex 3.3033736169504158 1e-17 3.746638473736386
  endloop
endfacet
facet normal -0.39881755945953345 -0.5313044708599249 0.7474356918899423
  outer loop
    vertex 2.1491518780866135 0.5661162608824422 4.009555554542953
    vertex 1.7027990710354621 0.5661162608824422 3.771390132289791
    vertex 1.7522905295546995 0.37651019814126674 3.663018954655788
  endloop
endfacet
facet normal -0.3988175594595318 -0.5313044708599272 0.7474356918899416
  outer loop
    vertex 2.1491518780866135 0.5661162608824422 4.009555554542953
    vertex 1.7522905295546995 0.37651019814126674 3.663018954655788
    vertex 2.211616477013829 0.37651019814126674 3.908106599452206
  endloop
endfacet
facet normal -0.3907795030411813 -0.7069089376590778 0.5895516379933156
  outer loop
    vertex 2.446777794330125 0.37651019814126674 4.0639813639226485
    vertex 2.2946361734479765 0.21816851753197042 3.7732740446957282
    vertex 2.5386249802406637 0.21816851753197042 3.9350000386910806
  endloop
endfacet
facet normal -0.39077950304118053 -0.7069089376590783 0.5895516379933154
  outer loop
    vertex 2.446777794330125 0.37651019814126674 4.0639813639226485
    vertex 2.211616477013829 0.37651019814126674 3.908106599452206
    vertex 2.2946361734479765 0.21816851753197042 3.7732740446957282
  endloop
endfacet
facet normal -0.20540765359372945 -0.9437467928736425 0.25913256604647844
  outer loop
    vertex 3.016717597625468 0.09903113209758108 4.072342980391435
    vertex 2.771209742590404 0.02507208781817649 3.608380441376923
    vertex 3.156359660460325 0.02507208781817649 3.9136787761963614
  endloop
endfacet
facet normal -0.20540765359372962 -0.9437467928736424 0.2591325660464785
  outer loop
    vertex 3.016717597625468 0.09903113209758108 4.072342980391435
    vertex 2.648607287030273 0.09903113209758108 3.7805514996191723
    vertex 2.771209742590404 0.02507208781817649 3.608380441376923
  endloop
endfacet
facet normal -0.44443334511179733 -0.3297180450411233 0.8329255744224676
  outer loop
    vertex 2.1103746124859897 0.7774790660436859 4.072533835745773
    vertex 1.672075373694526 0.7774790660436859 3.8386656453121786
    vertex 1.7027990710354621 0.5661162608824422 3.771390132289791
  endloop
endfacet
facet normal -0.46780955090075754 -0.1117537395093541 0.8767356076900876
  outer loop
    vertex 2.1103746124859897 0.7774790660436859 4.072533835745773
    vertex 1.6616600520075537 1 3.8614720185819302
    vertex 1.672075373694526 0.7774790660436859 3.8386656453121786
  endloop
endfacet
facet normal -0.44443334511179844 -0.32971804504112145 0.8329255744224677
  outer loop
    vertex 2.1103746124859897 0.7774790660436859 4.072533835745773
    vertex 1.7027990710354621 0.5661162608824422 3.771390132289791
    vertex 2.1491518780866135 0.5661162608824422 4.009555554542953
  endloop
endfacet
facet normal -0.49149611667257453 -0.1836471322485745 0.8512962457996942
  outer loop
    vertex 2.1103746124859897 0.7774790660436859 4.072533835745773
    vertex 2.3202276382848006 1 4.241696191798663
    vertex 1.6616600520075537 1 3.8614720185819302
  endloop
endfacet
facet normal -0.08784512473908494 -0.992569805032673 0.08419273244749743
  outer loop
    vertex 3.4576242164302444 0.02507208781817649 4.203161968728098
    vertex 3.3033736169504158 1e-17 3.746638473736386
    vertex 3.890178771592206 1e-17 4.358900013521799
  endloop
endfacet
facet normal -0.0776498372210851 -0.9937002781539275 0.08081002398431845
  outer loop
    vertex 3.4576242164302444 0.02507208781817649 4.203161968728098
    vertex 3.156359660460325 0.02507208781817649 3.9136787761963614
    vertex 3.3033736169504158 1e-17 3.746638473736386
  endloop
endfacet
facet normal -0.22903464559145867 -0.9437847244337378 0.23835587897999994
  outer loop
    vertex 3.4576242164302444 0.02507208781817649 4.203161968728098
    vertex 3.016717597625468 0.09903113209758108 4.072342980391435
    vertex 3.156359660460325 0.02507208781817649 3.9136787761963614
  endloop
endfacet
facet normal -0.4678816766754367 -0.531818669086268 0.7058722546202625
  outer loop
    vertex 2.3776713307206605 0.5661162608824422 4.161027813087653
    vertex 2.1491518780866135 0.5661162608824422 4.009555554542953
    vertex 2.211616477013829 0.37651019814126674 3.908106599452206
  endloop
endfacet
facet normal -0.46788167667543884 -0.531818669086266 0.7058722546202625
  outer loop
    vertex 2.3776713307206605 0.5661162608824422 4.161027813087653
    vertex 2.211616477013829 0.37651019814126674 3.908106599452206
    vertex 2.446777794330125 0.37651019814126674 4.0639813639226485
  endloop
endfacet
facet normal -0.5215189840492563 -0.33011445732269906 0.7867924722204525
  outer loop
    vertex 2.3776713307206605 0.5661162608824422 4.161027813087653
    vertex 2.1103746124859897 0.7774790660436859 4.072533835745773
    vertex 2.1491518780866135 0.5661162608824422 4.009555554542953
  endloop
endfacet
facet normal -0.33080588949556233 -0.8464064835162719 0.4173290406102464
  outer loop
    vertex 2.8914496645708594 0.21816851753197042 4.214675000599245
    vertex 2.5386249802406637 0.21816851753197042 3.9350000386910806
    vertex 2.648607287030273 0.09903113209758108 3.7805514996191723
  endloop
endfacet
facet normal -0.330805889495563 -0.8464064835162715 0.4173290406102466
  outer loop
    vertex 2.8914496645708594 0.21816851753197042 4.214675000599245
    vertex 2.648607287030273 0.09903113209758108 3.7805514996191723
    vertex 3.016717597625468 0.09903113209758108 4.072342980391435
  endloop
endfacet
facet normal -0.22903464559145867 -0.943784724433738 0.23835587897999988
  outer loop
    vertex 3.304653759945682 0.09903113209758108 4.349019004377856
    vertex 3.016717597625468 0.09903113209758108 4.072342980391435
    vertex 3.4576242164302444 0.02507208781817649 4.203161968728098
  endloop
endfacet
facet normal -0.5490210336055688 -0.11190263308085044 0.8282835899426269
  outer loop
    vertex 2.3347708760611097 0.7774790660436859 4.221273071994283
    vertex 2.3202276382848006 1 4.241696191798663
    vertex 2.1103746124859897 0.7774790660436859 4.072533835745773
  endloop
endfacet
facet normal -0.5215189840492588 -0.3301144573227037 0.7867924722204488
  outer loop
    vertex 2.3347708760611097 0.7774790660436859 4.221273071994283
    vertex 2.1103746124859897 0.7774790660436859 4.072533835745773
    vertex 2.3776713307206605 0.5661162608824422 4.161027813087653
  endloop
endfacet
facet normal -0.4395371434521645 -0.7066383035955394 0.5544992402316974
  outer loop
    vertex 2.786837318533191 0.37651019814126674 4.3335377149998155
    vertex 2.446777794330125 0.37651019814126674 4.0639813639226485
    vertex 2.5386249802406637 0.21816851753197042 3.9350000386910806
  endloop
endfacet
facet normal -0.4395371434521648 -0.706638303595539 0.5544992402316975
  outer loop
    vertex 2.786837318533191 0.37651019814126674 4.3335377149998155
    vertex 2.5386249802406637 0.21816851753197042 3.9350000386910806
    vertex 2.8914496645708594 0.21816851753197042 4.214675000599245
  endloop
endfacet
facet normal -0.5261720637431386 -0.5315268706271694 0.6637937519573192
  outer loop
    vertex 2.786837318533191 0.37651019814126674 4.3335377149998155
    vertex 2.3776713307206605 0.5661162608824422 4.161027813087653
    vertex 2.446777794330125 0.37651019814126674 4.0639813639226485
  endloop
endfacet
facet normal -0.08421418221506992 -0.9937016421204443 0.07392575979304737
  outer loop
    vertex 3.717049528889861 0.02507208781817649 4.498692114050058
    vertex 3.4576242164302444 0.02507208781817649 4.203161968728098
    vertex 3.890178771592206 1e-17 4.358900013521799
  endloop
endfacet
facet normal -0.36888042854129083 -0.8464947262899373 0.38389309423655676
  outer loop
    vertex 3.1674293985088076 0.21816851753197042 4.479862168725301
    vertex 2.8914496645708594 0.21816851753197042 4.214675000599245
    vertex 3.016717597625468 0.09903113209758108 4.072342980391435
  endloop
endfacet
facet normal -0.36888042854128983 -0.8464947262899377 0.3838930942365565
  outer loop
    vertex 3.1674293985088076 0.21816851753197042 4.479862168725301
    vertex 3.016717597625468 0.09903113209758108 4.072342980391435
    vertex 3.304653759945682 0.09903113209758108 4.349019004377856
  endloop
endfacet
facet normal -0.526172063743139 -0.5315268706271727 0.6637937519573162
  outer loop
    vertex 2.708126259365909 0.5661162608824422 4.422970850765632
    vertex 2.3776713307206605 0.5661162608824422 4.161027813087653
    vertex 2.786837318533191 0.37651019814126674 4.3335377149998155
  endloop
endfacet
facet normal -0.40007660589032296 -0.8465209492654168 0.35119936200690477
  outer loop
    vertex 3.552601709341371 0.09903113209758108 4.631474454936853
    vertex 3.1674293985088076 0.21816851753197042 4.479862168725301
    vertex 3.304653759945682 0.09903113209758108 4.349019004377856
  endloop
endfacet
facet normal -0.2483993518729031 -0.9437959950948592 0.21805247449186657
  outer loop
    vertex 3.552601709341371 0.09903113209758108 4.631474454936853
    vertex 3.304653759945682 0.09903113209758108 4.349019004377856
    vertex 3.4576242164302444 0.02507208781817649 4.203161968728098
  endloop
endfacet
facet normal -0.24839935187290393 -0.9437959950948591 0.21805247449186674
  outer loop
    vertex 3.552601709341371 0.09903113209758108 4.631474454936853
    vertex 3.4576242164302444 0.02507208781817649 4.203161968728098
    vertex 3.717049528889861 0.02507208781817649 4.498692114050058
  endloop
endfacet
facet normal -0.4901653670528047 -0.7067683786541429 0.5101140773166168
  outer loop
    vertex 3.0528321346010974 0.37651019814126674 4.58913043915658
    vertex 2.8914496645708594 0.21816851753197042 4.214675000599245
    vertex 3.1674293985088076 0.21816851753197042 4.479862168725301
  endloop
endfacet
facet normal -0.49016536705280533 -0.7067683786541423 0.510114077316617
  outer loop
    vertex 3.0528321346010974 0.37651019814126674 4.58913043915658
    vertex 2.786837318533191 0.37651019814126674 4.3335377149998155
    vertex 2.8914496645708594 0.21816851753197042 4.214675000599245
  endloop
endfacet
facet normal -0.5864137276504221 -0.329889466135903 0.7397917816221706
  outer loop
    vertex 2.659263388244418 0.7774790660436859 4.47848985702914
    vertex 2.3347708760611097 0.7774790660436859 4.221273071994283
    vertex 2.3776713307206605 0.5661162608824422 4.161027813087653
  endloop
endfacet
facet normal -0.6172924443032167 -0.1118181186362796 0.778746907891648
  outer loop
    vertex 2.659263388244418 0.7774790660436859 4.47848985702914
    vertex 2.3202276382848006 1 4.241696191798663
    vertex 2.3347708760611097 0.7774790660436859 4.221273071994283
  endloop
endfacet
facet normal -0.6429312724049735 -0.19000455724216497 0.7419822418299044
  outer loop
    vertex 2.659263388244418 0.7774790660436859 4.47848985702914
    vertex 2.894936152420288 1 4.739683954071559
    vertex 2.3202276382848006 1 4.241696191798663
  endloop
endfacet
facet normal -0.5864137276504244 -0.3298894661358995 0.7397917816221704
  outer loop
    vertex 2.659263388244418 0.7774790660436859 4.47848985702914
    vertex 2.3776713307206605 0.5661162608824422 4.161027813087653
    vertex 2.708126259365909 0.5661162608824422 4.422970850765632
  endloop
endfacet
facet normal -0.400076605890323 -0.8465209492654165 0.35119936200690494
  outer loop
    vertex 3.405081413293191 0.21816851753197042 4.750588775159351
    vertex 3.1674293985088076 0.21816851753197042 4.479862168725301
    vertex 3.552601709341371 0.09903113209758108 4.631474454936853
  endloop
endfacet
facet normal -0.10019957399221675 -0.9926598753910476 0.06772309178122288
  outer loop
    vertex 4.019071142336269 0.02507208781817649 4.917099812357148
    vertex 3.890178771592206 1e-17 4.358900013521799
    vertex 4.365070565805949 1e-17 5.061525280931841
  endloop
endfacet
facet normal -0.09091494336540076 -0.9936939905778793 0.06562565170933878
  outer loop
    vertex 4.019071142336269 0.02507208781817649 4.917099812357148
    vertex 3.717049528889861 0.02507208781817649 4.498692114050058
    vertex 3.890178771592206 1e-17 4.358900013521799
  endloop
endfacet
facet normal -0.5868261433396424 -0.5316670998176369 0.6107087460194297
  outer loop
    vertex 2.966608353551387 0.5661162608824422 4.671344648327707
    vertex 2.708126259365909 0.5661162608824422 4.422970850765632
    vertex 2.786837318533191 0.37651019814126674 4.3335377149998155
  endloop
endfacet
facet normal -0.5868261433396454 -0.5316670998176336 0.6107087460194295
  outer loop
    vertex 2.966608353551387 0.5661162608824422 4.671344648327707
    vertex 2.786837318533191 0.37651019814126674 4.3335377149998155
    vertex 3.0528321346010974 0.37651019814126674 4.58913043915658
  endloop
endfacet
facet normal -0.5316312088297319 -0.7068070388716408 0.46668197693905084
  outer loop
    vertex 3.281885924380287 0.37651019814126674 4.850062185323511
    vertex 3.1674293985088076 0.21816851753197042 4.479862168725301
    vertex 3.405081413293191 0.21816851753197042 4.750588775159351
  endloop
endfacet
facet normal -0.5316312088297311 -0.7068070388716413 0.4666819769390509
  outer loop
    vertex 3.281885924380287 0.37651019814126674 4.850062185323511
    vertex 3.0528321346010974 0.37651019814126674 4.58913043915658
    vertex 3.1674293985088076 0.21816851753197042 4.479862168725301
  endloop
endfacet
facet normal -0.43183821999147914 -0.8463738744312898 0.3117162434567024
  outer loop
    vertex 3.841261435785264 0.09903113209758108 5.031371172119231
    vertex 3.405081413293191 0.21816851753197042 4.750588775159351
    vertex 3.552601709341371 0.09903113209758108 4.631474454936853
  endloop
endfacet
facet normal -0.26814811392946214 -0.94373277386451 0.19355888129990262
  outer loop
    vertex 3.841261435785264 0.09903113209758108 5.031371172119231
    vertex 3.717049528889861 0.02507208781817649 4.498692114050058
    vertex 4.019071142336269 0.02507208781817649 4.917099812357148
  endloop
endfacet
facet normal -0.2681481139294628 -0.9437327738645097 0.19355888129990279
  outer loop
    vertex 3.841261435785264 0.09903113209758108 5.031371172119231
    vertex 3.552601709341371 0.09903113209758108 4.631474454936853
    vertex 3.717049528889861 0.02507208781817649 4.498692114050058
  endloop
endfacet
facet normal -0.09605951035296896 -0.9937062684189756 0.057623108000026686
  outer loop
    vertex 4.170806649988277 0.02507208781817649 5.170047615315022
    vertex 4.019071142336269 0.02507208781817649 4.917099812357148
    vertex 4.365070565805949 1e-17 5.061525280931841
  endloop
endfacet
facet normal -0.6540538990985331 -0.32999757864522206 0.680672531517393
  outer loop
    vertex 2.9130816757806617 0.7774790660436859 4.7223822324941995
    vertex 2.659263388244418 0.7774790660436859 4.47848985702914
    vertex 2.708126259365909 0.5661162608824422 4.422970850765632
  endloop
endfacet
facet normal -0.6540538990985322 -0.32999757864522333 0.6806725315173934
  outer loop
    vertex 2.9130816757806617 0.7774790660436859 4.7223822324941995
    vertex 2.708126259365909 0.5661162608824422 4.422970850765632
    vertex 2.966608353551387 0.5661162608824422 4.671344648327707
  endloop
endfacet
facet normal -0.6885187295392319 -0.11185872708739496 0.7165400088257946
  outer loop
    vertex 2.9130816757806617 0.7774790660436859 4.7223822324941995
    vertex 2.894936152420288 1 4.739683954071559
    vertex 2.659263388244418 0.7774790660436859 4.47848985702914
  endloop
endfacet
facet normal -0.6364841489763744 -0.5317087844591697 0.558725063542681
  outer loop
    vertex 3.1891927788363152 0.5661162608824422 4.924906673278913
    vertex 3.0528321346010974 0.37651019814126674 4.58913043915658
    vertex 3.281885924380287 0.37651019814126674 4.850062185323511
  endloop
endfacet
facet normal -0.6364841489763767 -0.5317087844591671 0.5587250635426805
  outer loop
    vertex 3.1891927788363152 0.5661162608824422 4.924906673278913
    vertex 2.966608353551387 0.5661162608824422 4.671344648327707
    vertex 3.0528321346010974 0.37651019814126674 4.58913043915658
  endloop
endfacet
facet normal -0.43183821999147953 -0.8463738744312893 0.3117162434567032
  outer loop
    vertex 3.6817546656580395 0.21816851753197042 5.133879948874156
    vertex 3.405081413293191 0.21816851753197042 4.750588775159351
    vertex 3.841261435785264 0.09903113209758108 5.031371172119231
  endloop
endfacet
facet normal -0.28334865860334457 -0.9438342255595162 0.1699720339648658
  outer loop
    vertex 3.9862839380851725 0.09903113209758108 5.273128186702427
    vertex 4.019071142336269 0.02507208781817649 4.917099812357148
    vertex 4.170806649988277 0.02507208781817649 5.170047615315022
  endloop
endfacet
facet normal -0.4563960798939768 -0.846609909643971 0.2737777915573831
  outer loop
    vertex 3.9862839380851725 0.09903113209758108 5.273128186702427
    vertex 3.6817546656580395 0.21816851753197042 5.133879948874156
    vertex 3.841261435785264 0.09903113209758108 5.031371172119231
  endloop
endfacet
facet normal -0.28334865860334474 -0.9438342255595162 0.16997203396486577
  outer loop
    vertex 3.9862839380851725 0.09903113209758108 5.273128186702427
    vertex 3.841261435785264 0.09903113209758108 5.031371172119231
    vertex 4.019071142336269 0.02507208781817649 4.917099812357148
  endloop
endfacet
facet normal -0.7094142811169046 -0.33002972025189453 0.6227453424136078
  outer loop
    vertex 3.131649998031718 0.7774790660436859 4.971369223876108
    vertex 2.966608353551387 0.5661162608824422 4.671344648327707
    vertex 3.1891927788363152 0.5661162608824422 4.924906673278913
  endloop
endfacet
facet normal -0.7094142811169032 -0.3300297202518966 0.6227453424136085
  outer loop
    vertex 3.131649998031718 0.7774790660436859 4.971369223876108
    vertex 2.9130816757806617 0.7774790660436859 4.7223822324941995
    vertex 2.966608353551387 0.5661162608824422 4.671344648327707
  endloop
endfacet
facet normal -0.7468041493727019 -0.11187080072134171 0.6555673012175645
  outer loop
    vertex 3.131649998031718 0.7774790660436859 4.971369223876108
    vertex 2.894936152420288 1 4.739683954071559
    vertex 2.9130816757806617 0.7774790660436859 4.7223822324941995
  endloop
endfacet
facet normal -0.7718713361609225 -0.18909774768456986 0.607006328001426
  outer loop
    vertex 3.131649998031718 0.7774790660436859 4.971369223876108
    vertex 3.3650141313247306 1 5.337436730177619
    vertex 2.894936152420288 1 4.739683954071559
  endloop
endfacet
facet normal -0.686831229354524 -0.53147506754895 0.495779300654225
  outer loop
    vertex 3.548549167451042 0.37651019814126674 5.21948592451606
    vertex 3.1891927788363152 0.5661162608824422 4.924906673278913
    vertex 3.281885924380287 0.37651019814126674 4.850062185323511
  endloop
endfacet
facet normal -0.5737604645577704 -0.7065902437585182 0.4141607860912588
  outer loop
    vertex 3.548549167451042 0.37651019814126674 5.21948592451606
    vertex 3.405081413293191 0.21816851753197042 4.750588775159351
    vertex 3.6817546656580395 0.21816851753197042 5.133879948874156
  endloop
endfacet
facet normal -0.5737604645577717 -0.7065902437585171 0.41416078609125884
  outer loop
    vertex 3.548549167451042 0.37651019814126674 5.21948592451606
    vertex 3.281885924380287 0.37651019814126674 4.850062185323511
    vertex 3.405081413293191 0.21816851753197042 4.750588775159351
  endloop
endfacet
facet normal -0.45639607989397674 -0.8466099096439712 0.27377779155738274
  outer loop
    vertex 3.8207551693712007 0.21816851753197042 5.365598104817709
    vertex 3.6817546656580395 0.21816851753197042 5.133879948874156
    vertex 3.9862839380851725 0.09903113209758108 5.273128186702427
  endloop
endfacet
facet normal -0.10849491651273384 -0.9928865279600956 0.04904279443752585
  outer loop
    vertex 4.435258365570538 0.02507208781817649 5.724390398448409
    vertex 4.365070565805949 1e-17 5.061525280931841
    vertex 4.714387227305426 1e-17 5.834301026289729
  endloop
endfacet
facet normal -0.10126117666345691 -0.9936863681537347 0.04830709933511679
  outer loop
    vertex 4.435258365570538 0.02507208781817649 5.724390398448409
    vertex 4.170806649988277 0.02507208781817649 5.170047615315022
    vertex 4.365070565805949 1e-17 5.061525280931841
  endloop
endfacet
facet normal -0.6868312293545246 -0.5314750675489462 0.49577930065422815
  outer loop
    vertex 3.4483244210620922 0.5661162608824422 5.283896457966829
    vertex 3.1891927788363152 0.5661162608824422 4.924906673278913
    vertex 3.548549167451042 0.37651019814126674 5.21948592451606
  endloop
endfacet
facet normal -0.6065186650668911 -0.7069382125899286 0.36383165407318996
  outer loop
    vertex 3.682520647497623 0.37651019814126674 5.4428205418458155
    vertex 3.6817546656580395 0.21816851753197042 5.133879948874156
    vertex 3.8207551693712007 0.21816851753197042 5.365598104817709
  endloop
endfacet
facet normal -0.606518665066891 -0.7069382125899286 0.36383165407319
  outer loop
    vertex 3.682520647497623 0.37651019814126674 5.4428205418458155
    vertex 3.548549167451042 0.37651019814126674 5.21948592451606
    vertex 3.6817546656580395 0.21816851753197042 5.133879948874156
  endloop
endfacet
facet normal -0.298646064692496 -0.9436698044055105 0.14247044710027013
  outer loop
    vertex 4.239035915026515 0.09903113209758108 5.802946017649891
    vertex 3.9862839380851725 0.09903113209758108 5.273128186702427
    vertex 4.170806649988277 0.02507208781817649 5.170047615315022
  endloop
endfacet
facet normal -0.2986460646924966 -0.9436698044055103 0.14247044710027013
  outer loop
    vertex 4.239035915026515 0.09903113209758108 5.802946017649891
    vertex 4.170806649988277 0.02507208781817649 5.170047615315022
    vertex 4.435258365570538 0.02507208781817649 5.724390398448409
  endloop
endfacet
facet normal -0.21332229268196187 -0.9187812106884667 0.33216665445337307
  outer loop
    vertex 4.239035915026515 0.09903113209758108 5.802946017649891
    vertex 4.435258365570538 0.02507208781817649 5.724390398448409
    vertex 4.714387227305426 1e-17 5.834301026289729
  endloop
endfacet
facet normal -0.7654487705709206 -0.3298495327527214 0.5525282484853401
  outer loop
    vertex 3.3861061137772253 0.7774790660436859 5.323881736124282
    vertex 3.131649998031718 0.7774790660436859 4.971369223876108
    vertex 3.1891927788363152 0.5661162608824422 4.924906673278913
  endloop
endfacet
facet normal -0.8057443721826543 -0.11180312023458587 0.5816150522482986
  outer loop
    vertex 3.3861061137772253 0.7774790660436859 5.323881736124282
    vertex 3.3650141313247306 1 5.337436730177619
    vertex 3.131649998031718 0.7774790660436859 4.971369223876108
  endloop
endfacet
facet normal -0.7654487705709188 -0.3298495327527244 0.5525282484853408
  outer loop
    vertex 3.3861061137772253 0.7774790660436859 5.323881736124282
    vertex 3.1891927788363152 0.5661162608824422 4.924906673278913
    vertex 3.4483244210620922 0.5661162608824422 5.283896457966829
  endloop
endfacet
facet normal -0.7261999744160705 -0.5318502421119529 0.4356247434702891
  outer loop
    vertex 3.578512028608277 0.5661162608824422 5.500923242341342
    vertex 3.4483244210620922 0.5661162608824422 5.283896457966829
    vertex 3.548549167451042 0.37651019814126674 5.21948592451606
  endloop
endfacet
facet normal -0.7261999744160698 -0.5318502421119539 0.4356247434702897
  outer loop
    vertex 3.578512028608277 0.5661162608824422 5.500923242341342
    vertex 3.548549167451042 0.37651019814126674 5.21948592451606
    vertex 3.682520647497623 0.37651019814126674 5.4428205418458155
  endloop
endfacet
facet normal -0.8094621838295492 -0.3301388070842976 0.4855711492735683
  outer loop
    vertex 3.578512028608277 0.5661162608824422 5.500923242341342
    vertex 3.3861061137772253 0.7774790660436859 5.323881736124282
    vertex 3.4483244210620922 0.5661162608824422 5.283896457966829
  endloop
endfacet
facet normal -0.4809024128179244 -0.8462274321191291 0.22941665692569846
  outer loop
    vertex 4.063011726472174 0.21816851753197042 5.873415472536362
    vertex 3.8207551693712007 0.21816851753197042 5.365598104817709
    vertex 3.9862839380851725 0.09903113209758108 5.273128186702427
  endloop
endfacet
facet normal -0.4809024128179239 -0.8462274321191291 0.22941665692569843
  outer loop
    vertex 4.063011726472174 0.21816851753197042 5.873415472536362
    vertex 3.9862839380851725 0.09903113209758108 5.273128186702427
    vertex 4.239035915026515 0.09903113209758108 5.802946017649891
  endloop
endfacet
facet normal -0.809462183829549 -0.33013880708429644 0.4855711492735695
  outer loop
    vertex 3.5139447391564436 0.7774790660436859 5.536992694285696
    vertex 3.3861061137772253 0.7774790660436859 5.323881736124282
    vertex 3.578512028608277 0.5661162608824422 5.500923242341342
  endloop
endfacet
facet normal -0.8741684347919245 -0.18091564248811326 0.45066515054589057
  outer loop
    vertex 3.5139447391564436 0.7774790660436859 5.536992694285696
    vertex 3.7134717320642947 1 6.013350177358701
    vertex 3.3650141313247306 1 5.337436730177619
  endloop
endfacet
facet normal -0.8521555822230971 -0.11191178081212849 0.5111815890674003
  outer loop
    vertex 3.5139447391564436 0.7774790660436859 5.536992694285696
    vertex 3.3650141313247306 1 5.337436730177619
    vertex 3.3861061137772253 0.7774790660436859 5.323881736124282
  endloop
endfacet
facet normal -0.6388648644301383 -0.7063744669306331 0.30477335425710134
  outer loop
    vertex 3.9160123877346305 0.37651019814126674 5.932265130384996
    vertex 3.682520647497623 0.37651019814126674 5.4428205418458155
    vertex 3.8207551693712007 0.21816851753197042 5.365598104817709
  endloop
endfacet
facet normal -0.7646646468198268 -0.5312425408764405 0.3647867057158924
  outer loop
    vertex 3.9160123877346305 0.37651019814126674 5.932265130384996
    vertex 3.578512028608277 0.5661162608824422 5.500923242341342
    vertex 3.682520647497623 0.37651019814126674 5.4428205418458155
  endloop
endfacet
facet normal -0.638864864430139 -0.7063744669306327 0.3047733542571013
  outer loop
    vertex 3.9160123877346305 0.37651019814126674 5.932265130384996
    vertex 3.8207551693712007 0.21816851753197042 5.365598104817709
    vertex 4.063011726472174 0.21816851753197042 5.873415472536362
  endloop
endfacet
facet normal -0.10776468925954971 -0.9941231723901925 0.010290280154200245
  outer loop
    vertex 4.691143795520132 0.02507208781817649 6.595856141845437
    vertex 4.928079551738546 1e-17 6.654995898390773
    vertex 4.777479066043686 0.02507208781817649 7.5
  endloop
endfacet
facet normal -0.11240732147522077 -0.9932310625993724 0.029268590100784017
  outer loop
    vertex 4.691143795520132 0.02507208781817649 6.595856141845437
    vertex 4.714387227305426 1e-17 5.834301026289729
    vertex 4.928079551738546 1e-17 6.654995898390773
  endloop
endfacet
facet normal -0.33011493090756916 -0.9434142707231277 0.031522153921325555
  outer loop
    vertex 4.691143795520132 0.02507208781817649 6.595856141845437
    vertex 4.777479066043686 0.02507208781817649 7.5
    vertex 4.566116260882442 0.09903113209758108 7.5
  endloop
endfacet
facet normal -0.7646646468198262 -0.5312425408764425 0.364786705715891
  outer loop
    vertex 3.8054090594739676 0.5661162608824422 5.976544023616492
    vertex 3.578512028608277 0.5661162608824422 5.500923242341342
    vertex 3.9160123877346305 0.37651019814126674 5.932265130384996
  endloop
endfacet
facet normal -0.33202572789598667 -0.9430384698645151 0.020913162619132498
  outer loop
    vertex 4.4836005915983606 0.09903113209758108 6.635856815733709
    vertex 4.714387227305426 1e-17 5.834301026289729
    vertex 4.691143795520132 0.02507208781817649 6.595856141845437
  endloop
endfacet
facet normal -0.5313468325509431 -0.8456336397063327 0.05073747072036945
  outer loop
    vertex 4.4836005915983606 0.09903113209758108 6.635856815733709
    vertex 4.566116260882442 0.09903113209758108 7.5
    vertex 4.376510198141267 0.21816851753197042 7.5
  endloop
endfacet
facet normal -0.20742356730410547 -0.9763534391031462 0.0609050546202692
  outer loop
    vertex 4.4836005915983606 0.09903113209758108 6.635856815733709
    vertex 4.239035915026515 0.09903113209758108 5.802946017649891
    vertex 4.714387227305426 1e-17 5.834301026289729
  endloop
endfacet
facet normal -0.33011493090756955 -0.9434142707231276 0.0315221539213255
  outer loop
    vertex 4.4836005915983606 0.09903113209758108 6.635856815733709
    vertex 4.691143795520132 0.02507208781817649 6.595856141845437
    vertex 4.566116260882442 0.09903113209758108 7.5
  endloop
endfacet
facet normal -0.8521011172419873 -0.32967031997087753 0.40649866681854746
  outer loop
    vertex 3.7367478544084527 0.7774790660436859 6.004031823631666
    vertex 3.578512028608277 0.5661162608824422 5.500923242341342
    vertex 3.8054090594739676 0.5661162608824422 5.976544023616492
  endloop
endfacet
facet normal -0.8521011172419867 -0.3296703199708786 0.4064986668185476
  outer loop
    vertex 3.7367478544084527 0.7774790660436859 6.004031823631666
    vertex 3.5139447391564436 0.7774790660436859 5.536992694285696
    vertex 3.578512028608277 0.5661162608824422 5.500923242341342
  endloop
endfacet
facet normal -0.8969057266211409 -0.1117358177499892 0.4278729070482782
  outer loop
    vertex 3.7367478544084527 0.7774790660436859 6.004031823631666
    vertex 3.7134717320642947 1 6.013350177358701
    vertex 3.5139447391564436 0.7774790660436859 5.536992694285696
  endloop
endfacet
facet normal -0.9535138876062754 -0.11146380529153142 0.27997693878585544
  outer loop
    vertex 3.7367478544084527 0.7774790660436859 6.004031823631666
    vertex 3.927714789050829 1 6.742995022558372
    vertex 3.7134717320642947 1 6.013350177358701
  endloop
endfacet
facet normal -0.5121425736118833 -0.8456336397063328 0.15037862777408523
  outer loop
    vertex 4.297420957417807 0.21816851753197042 6.671739999045753
    vertex 4.063011726472174 0.21816851753197042 5.873415472536362
    vertex 4.239035915026515 0.09903113209758108 5.802946017649891
  endloop
endfacet
facet normal -0.5313468325509431 -0.8456336397063328 0.0507374707203695
  outer loop
    vertex 4.297420957417807 0.21816851753197042 6.671739999045753
    vertex 4.4836005915983606 0.09903113209758108 6.635856815733709
    vertex 4.376510198141267 0.21816851753197042 7.5
  endloop
endfacet
facet normal -0.5121425736118833 -0.8456336397063327 0.1503786277740852
  outer loop
    vertex 4.297420957417807 0.21816851753197042 6.671739999045753
    vertex 4.239035915026515 0.09903113209758108 5.802946017649891
    vertex 4.4836005915983606 0.09903113209758108 6.635856815733709
  endloop
endfacet
facet normal -0.7055004149311542 -0.7055004149311589 0.06736712153515301
  outer loop
    vertex 4.141940717254732 0.37651019814126674 6.701706359135181
    vertex 4.297420957417807 0.21816851753197042 6.671739999045753
    vertex 4.376510198141267 0.21816851753197042 7.5
  endloop
endfacet
facet normal -0.705500414931155 -0.7055004149311579 0.0673671215351534
  outer loop
    vertex 4.141940717254732 0.37651019814126674 6.701706359135181
    vertex 4.376510198141267 0.21816851753197042 7.5
    vertex 4.21816851753197 0.37651019814126674 7.5
  endloop
endfacet
facet normal -0.8439701326310414 -0.5303015817781712 0.08058937641098775
  outer loop
    vertex 4.141940717254732 0.37651019814126674 6.701706359135181
    vertex 4.21816851753197 0.37651019814126674 7.5
    vertex 4.099031132097581 0.5661162608824422 7.5
  endloop
endfacet
facet normal -0.6800017917721423 -0.705500414931157 0.19966654130985725
  outer loop
    vertex 4.141940717254732 0.37651019814126674 6.701706359135181
    vertex 3.9160123877346305 0.37651019814126674 5.932265130384996
    vertex 4.063011726472174 0.21816851753197042 5.873415472536362
  endloop
endfacet
facet normal -0.8134668530950232 -0.5303015817781723 0.23885541919589834
  outer loop
    vertex 4.141940717254732 0.37651019814126674 6.701706359135181
    vertex 3.8054090594739676 0.5661162608824422 5.976544023616492
    vertex 3.9160123877346305 0.37651019814126674 5.932265130384996
  endloop
endfacet
facet normal -0.6800017917721409 -0.7055004149311588 0.19966654130985745
  outer loop
    vertex 4.141940717254732 0.37651019814126674 6.701706359135181
    vertex 4.063011726472174 0.21816851753197042 5.873415472536362
    vertex 4.297420957417807 0.21816851753197042 6.671739999045753
  endloop
endfacet
facet normal -0.940072757826042 -0.3289456849745994 0.08976606446720987
  outer loop
    vertex 4.024956299579858 0.5661162608824422 6.724253257578485
    vertex 4.099031132097581 0.5661162608824422 7.5
    vertex 4.0250720878181765 0.7774790660436859 7.5
  endloop
endfacet
facet normal -0.8439701326310426 -0.5303015817781698 0.08058937641098732
  outer loop
    vertex 4.024956299579858 0.5661162608824422 6.724253257578485
    vertex 4.141940717254732 0.37651019814126674 6.701706359135181
    vertex 4.099031132097581 0.5661162608824422 7.5
  endloop
endfacet
facet normal -0.8134668530950244 -0.53030158177817 0.23885541919589956
  outer loop
    vertex 4.024956299579858 0.5661162608824422 6.724253257578485
    vertex 3.8054090594739676 0.5661162608824422 5.976544023616492
    vertex 4.141940717254732 0.37651019814126674 6.701706359135181
  endloop
endfacet
facet normal -0.9892686335365702 -0.11146380529153192 0.09446370102117724
  outer loop
    vertex 3.9523337915797874 0.7774790660436859 6.738250098740068
    vertex 4.0250720878181765 0.7774790660436859 7.5
    vertex 3.927714789050829 1 6.742995022558372
  endloop
endfacet
facet normal -0.9060960790225295 -0.3289456849745986 0.2660538139485876
  outer loop
    vertex 3.9523337915797874 0.7774790660436859 6.738250098740068
    vertex 3.7367478544084527 0.7774790660436859 6.004031823631666
    vertex 3.8054090594739676 0.5661162608824422 5.976544023616492
  endloop
endfacet
facet normal -0.9400727578260415 -0.32894568497460075 0.08976606446721022
  outer loop
    vertex 3.9523337915797874 0.7774790660436859 6.738250098740068
    vertex 4.024956299579858 0.5661162608824422 6.724253257578485
    vertex 4.0250720878181765 0.7774790660436859 7.5
  endloop
endfacet
facet normal -0.9535138876062753 -0.11146380529153185 0.2799769387858555
  outer loop
    vertex 3.9523337915797874 0.7774790660436859 6.738250098740068
    vertex 3.927714789050829 1 6.742995022558372
    vertex 3.7367478544084527 0.7774790660436859 6.004031823631666
  endloop
endfacet
facet normal -0.9060960790225289 -0.3289456849746005 0.266053813948588
  outer loop
    vertex 3.9523337915797874 0.7774790660436859 6.738250098740068
    vertex 3.8054090594739676 0.5661162608824422 5.976544023616492
    vertex 4.024956299579858 0.5661162608824422 6.724253257578485
  endloop
endfacet
facet normal -1 0 0
  outer loop
    vertex 28.5 0 1
    vertex 28.5 -13.085786437626904 1
    vertex 28.5 -13.085786437626904 14
  endloop
endfacet
facet normal -1 0 0
  outer loop
    vertex 28.5 0 1
    vertex 28.5 -13.085786437626904 14
    vertex 28.5 0 14
  endloop
endfacet
facet normal 6.528563258332721e-19 -0.17148507821605022 -0.9851867173024792
  outer loop
    vertex -29.16211035745194 0.6621103574519399 0.0588142641015299
    vertex 29.5 1 0
    vertex 29.16211035745194 0.6621103574519401 0.0588142641015299
  endloop
endfacet
facet normal 0 -0.1714850782160501 -0.9851867173024793
  outer loop
    vertex -29.16211035745194 0.6621103574519399 0.0588142641015299
    vertex -29.5 1 0
    vertex 29.5 1 0
  endloop
endfacet
facet normal 1.8415877663293338e-18 -0.47922978330406624 -0.8776894751529938
  outer loop
    vertex -28.890935813001658 0.3909358130016578 0.20687906589470917
    vertex 29.16211035745194 0.6621103574519401 0.0588142641015299
    vertex 28.890935813001658 0.39093581300165803 0.20687906589470917
  endloop
endfacet
facet normal 2.7039704705008305e-18 -0.7036445432201971 -0.710552149244825
  outer loop
    vertex -28.890935813001658 0.3909358130016578 0.20687906589470917
    vertex 28.890935813001658 0.39093581300165803 0.20687906589470917
    vertex 28.712866683279195 0.21286668327919667 0.38321710326233294
  endloop
endfacet
facet normal 1.9253215770305048e-18 -0.4792297833040662 -0.8776894751529938
  outer loop
    vertex -28.890935813001658 0.3909358130016578 0.20687906589470917
    vertex -29.16211035745194 0.6621103574519399 0.0588142641015299
    vertex 29.16211035745194 0.6621103574519401 0.0588142641015299
  endloop
endfacet
facet normal 3.2700892089788445e-18 -0.8457186836990765 -0.5336289985020505
  outer loop
    vertex -28.712866683279195 0.21286668327919644 0.38321710326233294
    vertex 28.712866683279195 0.21286668327919667 0.38321710326233294
    vertex 28.604446444943974 0.10444644494397426 0.5550462608017392
  endloop
endfacet
facet normal 2.7207397354365996e-18 -0.703644543220197 -0.7105521492448251
  outer loop
    vertex -28.712866683279195 0.21286668327919644 0.38321710326233294
    vertex -28.890935813001658 0.3909358130016578 0.20687906589470917
    vertex 28.712866683279195 0.21286668327919667 0.38321710326233294
  endloop
endfacet
facet normal 3.619288952612564e-18 -0.9324951358195569 -0.3611825323473796
  outer loop
    vertex -28.604446444943974 0.10444644494397404 0.5550462608017392
    vertex 28.604446444943974 0.10444644494397426 0.5550462608017392
    vertex 28.53837973318513 0.03837973318513288 0.7256162132142213
  endloop
endfacet
facet normal 3.282483920133186e-18 -0.8457186836990764 -0.5336289985020505
  outer loop
    vertex -28.604446444943974 0.10444644494397404 0.5550462608017392
    vertex -28.712866683279195 0.21286668327919644 0.38321710326233294
    vertex 28.604446444943974 0.10444644494397426 0.5550462608017392
  endloop
endfacet
facet normal 3.806057673164924e-18 -0.9783504462975487 -0.2069550778052745
  outer loop
    vertex -28.53837973318513 0.03837973318513266 0.7256162132142213
    vertex 28.53837973318513 0.03837973318513288 0.7256162132142213
    vertex 28.509641411706127 0.009641411706126757 0.8614725060048856
  endloop
endfacet
facet normal 3.627667652533155e-18 -0.932495135819557 -0.3611825323473796
  outer loop
    vertex -28.53837973318513 0.03837973318513266 0.7256162132142213
    vertex -28.604446444943974 0.10444644494397404 0.5550462608017392
    vertex 28.53837973318513 0.03837973318513288 0.7256162132142213
  endloop
endfacet
facet normal 3.884804254217106e-18 -0.9975867351498499 -0.06943130312087899
  outer loop
    vertex -28.509641411706127 0.009641411706126535 0.8614725060048856
    vertex 28.509641411706127 0.009641411706126757 0.8614725060048856
    vertex 28.5 0 1
  endloop
endfacet
facet normal 3.8098942597918656e-18 -0.9783504462975487 -0.20695507780527453
  outer loop
    vertex -28.509641411706127 0.009641411706126535 0.8614725060048856
    vertex -28.53837973318513 0.03837973318513266 0.7256162132142213
    vertex 28.509641411706127 0.009641411706126757 0.8614725060048856
  endloop
endfacet
facet normal 0 -0.9975867351498499 -0.06943130312087739
  outer loop
    vertex -28.5 0 1
    vertex -28.509641411706127 0.009641411706126535 0.8614725060048856
    vertex 28.5 0 1
  endloop
endfacet
facet normal 6.528563258332721e-19 -0.17148507821605022 0.9851867173024792
  outer loop
    vertex -29.16211035745194 0.6621103574519399 14.94118573589847
    vertex 29.16211035745194 0.6621103574519401 14.94118573589847
    vertex 29.5 1 15
  endloop
endfacet
facet normal 0 -0.1714850782160501 0.9851867173024793
  outer loop
    vertex -29.16211035745194 0.6621103574519399 14.94118573589847
    vertex 29.5 1 15
    vertex -29.5 1 15
  endloop
endfacet
facet normal 1.8415877663293326e-18 -0.47922978330406596 0.877689475152994
  outer loop
    vertex -28.890935813001658 0.3909358130016578 14.793120934105291
    vertex 28.890935813001658 0.39093581300165803 14.793120934105291
    vertex 29.16211035745194 0.6621103574519401 14.94118573589847
  endloop
endfacet
facet normal 2.7039704705008394e-18 -0.7036445432201994 0.7105521492448228
  outer loop
    vertex -28.890935813001658 0.3909358130016578 14.793120934105291
    vertex 28.712866683279195 0.21286668327919667 14.616782896737666
    vertex 28.890935813001658 0.39093581300165803 14.793120934105291
  endloop
endfacet
facet normal 1.925321577030505e-18 -0.479229783304066 0.8776894751529939
  outer loop
    vertex -28.890935813001658 0.3909358130016578 14.793120934105291
    vertex 29.16211035745194 0.6621103574519401 14.94118573589847
    vertex -29.16211035745194 0.6621103574519399 14.94118573589847
  endloop
endfacet
facet normal 3.270089208978844e-18 -0.8457186836990764 0.5336289985020507
  outer loop
    vertex -28.712866683279195 0.21286668327919644 14.616782896737666
    vertex 28.604446444943974 0.10444644494397426 14.44495373919826
    vertex 28.712866683279195 0.21286668327919667 14.616782896737666
  endloop
endfacet
facet normal 2.7207397354366084e-18 -0.7036445432201993 0.710552149244823
  outer loop
    vertex -28.712866683279195 0.21286668327919644 14.616782896737666
    vertex 28.712866683279195 0.21286668327919667 14.616782896737666
    vertex -28.890935813001658 0.3909358130016578 14.793120934105291
  endloop
endfacet
facet normal 3.2824839201331853e-18 -0.8457186836990762 0.5336289985020507
  outer loop
    vertex -28.604446444943974 0.10444644494397404 14.44495373919826
    vertex 28.604446444943974 0.10444644494397426 14.44495373919826
    vertex -28.712866683279195 0.21286668327919644 14.616782896737666
  endloop
endfacet
facet normal 3.627667652533154e-18 -0.9324951358195568 0.3611825323473803
  outer loop
    vertex -28.53837973318513 0.03837973318513266 14.274383786785778
    vertex 28.53837973318513 0.03837973318513288 14.274383786785778
    vertex 28.604446444943974 0.10444644494397426 14.44495373919826
  endloop
endfacet
facet normal 3.6469804905964416e-18 -0.9324951358195567 0.3611825323473803
  outer loop
    vertex -28.53837973318513 0.03837973318513266 14.274383786785778
    vertex 28.604446444943974 0.10444644494397426 14.44495373919826
    vertex -28.604446444943974 0.10444644494397404 14.44495373919826
  endloop
endfacet
facet normal 3.809894259791865e-18 -0.9783504462975484 0.20695507780527597
  outer loop
    vertex -28.509641411706127 0.009641411706126535 14.138527493995115
    vertex 28.509641411706127 0.009641411706126757 14.138527493995115
    vertex 28.53837973318513 0.03837973318513288 14.274383786785778
  endloop
endfacet
facet normal 3.775502264738432e-18 -0.9783504462975484 0.20695507780527597
  outer loop
    vertex -28.509641411706127 0.009641411706126535 14.138527493995115
    vertex 28.53837973318513 0.03837973318513288 14.274383786785778
    vertex -28.53837973318513 0.03837973318513266 14.274383786785778
  endloop
endfacet
facet normal 0 -0.99758673514985 0.06943130312087878
  outer loop
    vertex -28.5 0 14
    vertex 28.5 0 14
    vertex 28.509641411706127 0.009641411706126757 14.138527493995115
  endloop
endfacet
facet normal 3.888853211762137e-18 -0.99758673514985 0.06943130312087717
  outer loop
    vertex -28.5 0 14
    vertex 28.509641411706127 0.009641411706126757 14.138527493995115
    vertex -28.509641411706127 0.009641411706126535 14.138527493995115
  endloop
endfacet
facet normal 1 0 0
  outer loop
    vertex -28.5 -13.085786437626906 1
    vertex -28.5 0 1
    vertex -28.5 0 14
  endloop
endfacet
facet normal 1 0 0
  outer loop
    vertex -28.5 -13.085786437626906 1
    vertex -28.5 0 14
    vertex -28.5 -13.085786437626906 14
  endloop
endfacet
facet normal -0.9954719225730847 0 -0.09505604330418266
  outer loop
    vertex 3.927714789050827 1 8.25700497744164
    vertex 4 2.000000000000002 7.5
    vertex 4 1 7.5
  endloop
endfacet
facet normal -0.9954719225730845 0 -0.09505604330418263
  outer loop
    vertex 3.927714789050827 1 8.25700497744164
    vertex 3.927714789050827 2 8.25700497744164
    vertex 4 2.000000000000002 7.5
  endloop
endfacet
facet normal -0.9594929736144974 0 -0.2817325568414301
  outer loop
    vertex 3.7134717320642903 1 8.98664982264131
    vertex 3.7134717320642903 2 8.98664982264131
    vertex 3.927714789050827 2 8.25700497744164
  endloop
endfacet
facet normal -0.9594929736144974 0 -0.2817325568414301
  outer loop
    vertex 3.7134717320642903 1 8.98664982264131
    vertex 3.927714789050827 2 8.25700497744164
    vertex 3.927714789050827 1 8.25700497744164
  endloop
endfacet
facet normal -0.8888354486549239 0 -0.45822652172740963
  outer loop
    vertex 3.365014131324725 1 9.66256326982239
    vertex 3.365014131324725 2 9.66256326982239
    vertex 3.7134717320642903 2 8.98664982264131
  endloop
endfacet
facet normal -0.8888354486549239 0 -0.45822652172740963
  outer loop
    vertex 3.365014131324725 1 9.66256326982239
    vertex 3.7134717320642903 2 8.98664982264131
    vertex 3.7134717320642903 1 8.98664982264131
  endloop
endfacet
facet normal -0.7860530947427874 0 -0.6181589862206053
  outer loop
    vertex 2.894936152420281 1 10.260316045928448
    vertex 2.894936152420281 2 10.260316045928448
    vertex 3.365014131324725 2 9.66256326982239
  endloop
endfacet
facet normal -0.7860530947427874 0 -0.6181589862206053
  outer loop
    vertex 2.894936152420281 1 10.260316045928448
    vertex 3.365014131324725 2 9.66256326982239
    vertex 3.365014131324725 1 9.66256326982239
  endloop
endfacet
facet normal -0.6548607339452845 0 -0.7557495743542589
  outer loop
    vertex 2.320227638284793 1 10.758303808201342
    vertex 2.320227638284793 2 10.758303808201342
    vertex 2.894936152420281 2 10.260316045928448
  endloop
endfacet
facet normal -0.6548607339452845 0 -0.7557495743542589
  outer loop
    vertex 2.320227638284793 1 10.758303808201342
    vertex 2.894936152420281 2 10.260316045928448
    vertex 2.894936152420281 1 10.260316045928448
  endloop
endfacet
facet normal -0.5000000000000009 0 -0.8660254037844382
  outer loop
    vertex 1.6616600520075457 1 11.138527981418074
    vertex 1.6616600520075457 2 11.138527981418074
    vertex 2.320227638284793 2 10.758303808201342
  endloop
endfacet
facet normal -0.3270679633174217 0 -0.9450008187146683
  outer loop
    vertex 1.6616600520075457 1 11.138527981418074
    vertex 0.9430357420377091 2 11.387246273294167
    vertex 1.6616600520075457 2 11.138527981418074
  endloop
endfacet
facet normal -0.5000000000000009 0 -0.8660254037844382
  outer loop
    vertex 1.6616600520075457 1 11.138527981418074
    vertex 2.320227638284793 2 10.758303808201342
    vertex 2.320227638284793 1 10.758303808201342
  endloop
endfacet
facet normal -0.3270679633174217 0 -0.9450008187146683
  outer loop
    vertex 0.9430357420377091 1 11.387246273294167
    vertex 0.9430357420377091 2 11.387246273294167
    vertex 1.6616600520075457 1 11.138527981418074
  endloop
endfacet
facet normal -0.1423148382732853 0 -0.9898214418809327
  outer loop
    vertex 0.1903276632949696 1 11.495469356732032
    vertex 0.1903276632949696 2 11.495469356732032
    vertex 0.9430357420377091 2 11.387246273294167
  endloop
endfacet
facet normal -0.1423148382732853 0 -0.9898214418809327
  outer loop
    vertex 0.1903276632949696 1 11.495469356732032
    vertex 0.9430357420377091 2 11.387246273294167
    vertex 0.9430357420377091 1 11.387246273294167
  endloop
endfacet
facet normal 0.047581915823742486 0 -0.998867339183008
  outer loop
    vertex -0.56925935309314 1 11.459285767523731
    vertex 0.1903276632949696 2 11.495469356732032
    vertex 0.1903276632949696 1 11.495469356732032
  endloop
endfacet
facet normal 0.047581915823742486 0 -0.998867339183008
  outer loop
    vertex -0.56925935309314 1 11.459285767523731
    vertex -0.56925935309314 2 11.459285767523731
    vertex 0.1903276632949696 2 11.495469356732032
  endloop
endfacet
facet normal 0.23575893550942612 0 -0.971811568323542
  outer loop
    vertex -1.3082718532696858 1 11.280003274858675
    vertex -0.56925935309314 2 11.459285767523731
    vertex -0.56925935309314 1 11.459285767523731
  endloop
endfacet
facet normal 0.23575893550942612 0 -0.971811568323542
  outer loop
    vertex -1.3082718532696858 1 11.280003274858675
    vertex -1.3082718532696858 2 11.280003274858675
    vertex -0.56925935309314 2 11.459285767523731
  endloop
endfacet
facet normal 0.41541501300188705 0 -0.9096319953545181
  outer loop
    vertex -1.9999999999999991 1 10.964101615137755
    vertex -1.3082718532696858 2 11.280003274858675
    vertex -1.3082718532696858 1 11.280003274858675
  endloop
endfacet
facet normal 0.41541501300188705 0 -0.9096319953545181
  outer loop
    vertex -1.9999999999999991 1 10.964101615137755
    vertex -1.9999999999999991 2 10.964101615137755
    vertex -1.3082718532696858 2 11.280003274858675
  endloop
endfacet
facet normal 0.5800569095711988 0 -0.8145759520503352
  outer loop
    vertex -2.61944293578114 1 10.522998297417033
    vertex -1.9999999999999991 2 10.964101615137755
    vertex -1.9999999999999991 1 10.964101615137755
  endloop
endfacet
facet normal 0.5800569095711988 0 -0.8145759520503352
  outer loop
    vertex -2.61944293578114 1 10.522998297417033
    vertex -2.61944293578114 2 10.522998297417033
    vertex -1.9999999999999991 2 10.964101615137755
  endloop
endfacet
facet normal 0.7237340381050702 0 -0.6900790114821118
  outer loop
    vertex -2.61944293578114 1 10.522998297417033
    vertex -3.14421237897115 2 9.97263594488242
    vertex -2.61944293578114 2 10.522998297417033
  endloop
endfacet
facet normal 0.7237340381050702 0 -0.6900790114821118
  outer loop
    vertex -3.14421237897115 1 9.97263594488242
    vertex -3.14421237897115 2 9.97263594488242
    vertex -2.61944293578114 1 10.522998297417033
  endloop
endfacet
facet normal 0.8412535328311812 0 -0.5406408174555974
  outer loop
    vertex -3.14421237897115 1 9.97263594488242
    vertex -3.5553417946196944 2 9.33290608690964
    vertex -3.14421237897115 2 9.97263594488242
  endloop
endfacet
facet normal 0.8412535328311812 0 -0.5406408174555974
  outer loop
    vertex -3.5553417946196944 1 9.33290608690964
    vertex -3.5553417946196944 2 9.33290608690964
    vertex -3.14421237897115 1 9.97263594488242
  endloop
endfacet
facet normal 0.9283679330160727 0 -0.3716624556603274
  outer loop
    vertex -3.5553417946196944 1 9.33290608690964
    vertex -3.83797189445799 2 8.626930227365717
    vertex -3.5553417946196944 2 9.33290608690964
  endloop
endfacet
facet normal 0.9283679330160727 0 -0.3716624556603274
  outer loop
    vertex -3.83797189445799 1 8.626930227365717
    vertex -3.83797189445799 2 8.626930227365717
    vertex -3.5553417946196944 1 9.33290608690964
  endloop
endfacet
facet normal 0.9819286972627067 0 -0.18925124436041005
  outer loop
    vertex -3.981887690292339 1 7.880224173216728
    vertex -3.83797189445799 2 8.626930227365717
    vertex -3.83797189445799 1 8.626930227365717
  endloop
endfacet
facet normal 0.9819286972627067 0 -0.18925124436041005
  outer loop
    vertex -3.981887690292339 1 7.880224173216728
    vertex -3.981887690292339 2 7.880224173216728
    vertex -3.83797189445799 2 8.626930227365717
  endloop
endfacet
facet normal 1 0 1.1679667973054613e-15
  outer loop
    vertex -3.981887690292339 1 7.880224173216728
    vertex -3.981887690292338 2 7.119775826783266
    vertex -3.981887690292339 2 7.880224173216728
  endloop
endfacet
facet normal 1 0 1.1679667973054613e-15
  outer loop
    vertex -3.981887690292338 1 7.119775826783266
    vertex -3.981887690292338 2 7.119775826783266
    vertex -3.981887690292339 1 7.880224173216728
  endloop
endfacet
facet normal 0.9819286972627066 0 0.1892512443604108
  outer loop
    vertex -3.981887690292338 1 7.119775826783266
    vertex -3.8379718944579886 2 6.3730697726342775
    vertex -3.981887690292338 2 7.119775826783266
  endloop
endfacet
facet normal 0.9819286972627066 0 0.1892512443604108
  outer loop
    vertex -3.8379718944579886 1 6.3730697726342775
    vertex -3.8379718944579886 2 6.3730697726342775
    vertex -3.981887690292338 1 7.119775826783266
  endloop
endfacet
facet normal 0.9283679330160721 0 0.37166245566032846
  outer loop
    vertex -3.5553417946196917 1 5.667093913090354
    vertex -3.8379718944579886 2 6.3730697726342775
    vertex -3.8379718944579886 1 6.3730697726342775
  endloop
endfacet
facet normal 0.9283679330160721 0 0.37166245566032846
  outer loop
    vertex -3.5553417946196917 1 5.667093913090354
    vertex -3.5553417946196917 2 5.667093913090354
    vertex -3.8379718944579886 2 6.3730697726342775
  endloop
endfacet
facet normal 0.8412535328311804 0 0.5406408174555989
  outer loop
    vertex -3.5553417946196917 1 5.667093913090354
    vertex -3.1442123789711465 2 5.027364055117575
    vertex -3.5553417946196917 2 5.667093913090354
  endloop
endfacet
facet normal 0.8412535328311804 0 0.5406408174555989
  outer loop
    vertex -3.1442123789711465 1 5.027364055117575
    vertex -3.1442123789711465 2 5.027364055117575
    vertex -3.5553417946196917 1 5.667093913090354
  endloop
endfacet
facet normal 0.7237340381050691 0 0.6900790114821131
  outer loop
    vertex -2.6194429357811355 1 4.477001702582963
    vertex -3.1442123789711465 2 5.027364055117575
    vertex -3.1442123789711465 1 5.027364055117575
  endloop
endfacet
facet normal 0.7237340381050691 0 0.6900790114821131
  outer loop
    vertex -2.6194429357811355 1 4.477001702582963
    vertex -2.6194429357811355 2 4.477001702582963
    vertex -3.1442123789711465 2 5.027364055117575
  endloop
endfacet
facet normal 0.5800569095711969 0 0.8145759520503365
  outer loop
    vertex -1.9999999999999953 1 4.035898384862243
    vertex -2.6194429357811355 2 4.477001702582963
    vertex -2.6194429357811355 1 4.477001702582963
  endloop
endfacet
facet normal 0.5800569095711969 0 0.8145759520503365
  outer loop
    vertex -1.9999999999999953 1 4.035898384862243
    vertex -1.9999999999999953 2 4.035898384862243
    vertex -2.6194429357811355 2 4.477001702582963
  endloop
endfacet
facet normal 0.4154150130018855 0 0.9096319953545188
  outer loop
    vertex -1.9999999999999953 1 4.035898384862243
    vertex -1.3082718532696809 2 3.719996725141324
    vertex -1.9999999999999953 2 4.035898384862243
  endloop
endfacet
facet normal 0.4154150130018855 0 0.9096319953545188
  outer loop
    vertex -1.3082718532696809 1 3.719996725141324
    vertex -1.3082718532696809 2 3.719996725141324
    vertex -1.9999999999999953 1 4.035898384862243
  endloop
endfacet
facet normal 0.23575893550942578 0 0.9718115683235421
  outer loop
    vertex -0.5692593530931339 1 3.540714232476268
    vertex -0.5692593530931339 2 3.540714232476268
    vertex -1.3082718532696809 2 3.719996725141324
  endloop
endfacet
facet normal 0.0475819158237401 0 0.9988673391830082
  outer loop
    vertex -0.5692593530931339 1 3.540714232476268
    vertex 0.19032766329497663 2 3.5045306432679686
    vertex -0.5692593530931339 2 3.540714232476268
  endloop
endfacet
facet normal 0.23575893550942578 0 0.9718115683235421
  outer loop
    vertex -0.5692593530931339 1 3.540714232476268
    vertex -1.3082718532696809 2 3.719996725141324
    vertex -1.3082718532696809 1 3.719996725141324
  endloop
endfacet
facet normal 0.0475819158237401 0 0.9988673391830082
  outer loop
    vertex 0.19032766329497663 1 3.5045306432679686
    vertex 0.19032766329497663 2 3.5045306432679686
    vertex -0.5692593530931339 1 3.540714232476268
  endloop
endfacet
facet normal -0.14231483827328686 0 0.9898214418809325
  outer loop
    vertex 0.9430357420377169 1 3.612753726705835
    vertex 0.9430357420377169 2 3.612753726705835
    vertex 0.19032766329497663 2 3.5045306432679686
  endloop
endfacet
facet normal -0.14231483827328686 0 0.9898214418809325
  outer loop
    vertex 0.9430357420377169 1 3.612753726705835
    vertex 0.19032766329497663 2 3.5045306432679686
    vertex 0.19032766329497663 1 3.5045306432679686
  endloop
endfacet
facet normal -0.3270679633174237 0 0.9450008187146677
  outer loop
    vertex 1.6616600520075537 1 3.8614720185819302
    vertex 1.6616600520075537 2 3.8614720185819302
    vertex 0.9430357420377169 2 3.612753726705835
  endloop
endfacet
facet normal -0.3270679633174237 0 0.9450008187146677
  outer loop
    vertex 1.6616600520075537 1 3.8614720185819302
    vertex 0.9430357420377169 2 3.612753726705835
    vertex 0.9430357420377169 1 3.612753726705835
  endloop
endfacet
facet normal -0.5000000000000024 0 0.8660254037844373
  outer loop
    vertex 2.3202276382848006 1 4.241696191798663
    vertex 2.3202276382848006 2 4.241696191798663
    vertex 1.6616600520075537 2 3.8614720185819302
  endloop
endfacet
facet normal -0.5000000000000024 0 0.8660254037844373
  outer loop
    vertex 2.3202276382848006 1 4.241696191798663
    vertex 1.6616600520075537 2 3.8614720185819302
    vertex 1.6616600520075537 1 3.8614720185819302
  endloop
endfacet
facet normal -0.6548607339452861 0 0.7557495743542574
  outer loop
    vertex 2.894936152420288 1 4.739683954071559
    vertex 2.894936152420288 2 4.739683954071559
    vertex 2.3202276382848006 2 4.241696191798663
  endloop
endfacet
facet normal -0.7860530947427896 0 0.6181589862206025
  outer loop
    vertex 2.894936152420288 1 4.739683954071559
    vertex 3.3650141313247306 2 5.337436730177619
    vertex 2.894936152420288 2 4.739683954071559
  endloop
endfacet
facet normal -0.6548607339452861 0 0.7557495743542574
  outer loop
    vertex 2.894936152420288 1 4.739683954071559
    vertex 2.3202276382848006 2 4.241696191798663
    vertex 2.3202276382848006 1 4.241696191798663
  endloop
endfacet
facet normal -0.7860530947427896 0 0.6181589862206025
  outer loop
    vertex 3.3650141313247306 1 5.337436730177619
    vertex 3.3650141313247306 2 5.337436730177619
    vertex 2.894936152420288 1 4.739683954071559
  endloop
endfacet
facet normal -0.8888354486549247 0 0.45822652172740774
  outer loop
    vertex 3.7134717320642947 1 6.013350177358701
    vertex 3.7134717320642947 2 6.013350177358701
    vertex 3.3650141313247306 2 5.337436730177619
  endloop
endfacet
facet normal -0.8888354486549247 0 0.45822652172740774
  outer loop
    vertex 3.7134717320642947 1 6.013350177358701
    vertex 3.3650141313247306 2 5.337436730177619
    vertex 3.3650141313247306 1 5.337436730177619
  endloop
endfacet
facet normal -0.9594929736144983 0 0.28173255684142673
  outer loop
    vertex 3.927714789050829 1 6.742995022558372
    vertex 3.927714789050829 2 6.742995022558372
    vertex 3.7134717320642947 2 6.013350177358701
  endloop
endfacet
facet normal -0.9594929736144983 0 0.28173255684142673
  outer loop
    vertex 3.927714789050829 1 6.742995022558372
    vertex 3.7134717320642947 2 6.013350177358701
    vertex 3.7134717320642947 1 6.013350177358701
  endloop
endfacet
facet normal -0.9954719225730848 0 0.0950560433041813
  outer loop
    vertex 4 1 7.5
    vertex 3.927714789050829 2 6.742995022558372
    vertex 3.927714789050829 1 6.742995022558372
  endloop
endfacet
facet normal -0.9954719225730848 0 0.09505604330418131
  outer loop
    vertex 4 1 7.5
    vertex 4 2.000000000000002 7.5
    vertex 3.927714789050829 2 6.742995022558372
  endloop
endfacet
facet normal -0.11196447610330786 0 -0.9937122098932427
  outer loop
    vertex 29.5 1 0
    vertex 29.5 -13.085786437626906 0
    vertex 29.277479066043686 -13.085786437626904 0.02507208781817638
  endloop
endfacet
facet normal -0.3302790277682745 -0.00045499254004050405 -0.9438832326078433
  outer loop
    vertex 29.16211035745194 0.6621103574519401 0.0588142641015299
    vertex 29.277479066043686 -13.085786437626904 0.02507208781817638
    vertex 29.066116260882442 -13.085786437626904 0.09903113209758074
  endloop
endfacet
facet normal -0.1724270040377909 0.0009706284033808608 -0.985021820143622
  outer loop
    vertex 29.16211035745194 0.6621103574519401 0.0588142641015299
    vertex 29.5 1 0
    vertex 29.277479066043686 -13.085786437626904 0.02507208781817638
  endloop
endfacet
facet normal -0.5320320713156705 -0.0001398086281403045 -0.8467241909530545
  outer loop
    vertex 28.890935813001658 0.39093581300165803 0.20687906589470917
    vertex 29.066116260882442 -13.085786437626904 0.09903113209758074
    vertex 28.87651019814127 -13.085786437626904 0.21816851753197009
  endloop
endfacet
facet normal -0.4798333661145172 0.0007838673678489855 -0.8773592914622612
  outer loop
    vertex 28.890935813001658 0.39093581300165803 0.20687906589470917
    vertex 29.16211035745194 0.6621103574519401 0.0588142641015299
    vertex 29.066116260882442 -13.085786437626904 0.09903113209758074
  endloop
endfacet
facet normal -0.7071067792131864 0.00007470945570278218 -0.70710677921319
  outer loop
    vertex 28.712866683279195 0.21286668327919667 0.38321710326233294
    vertex 28.87651019814127 -13.085786437626904 0.21816851753197009
    vertex 28.71816851753197 -13.085786437626906 0.3765101981412663
  endloop
endfacet
facet normal -0.7037243572675119 0.00015811003429734994 -0.7104730846342064
  outer loop
    vertex 28.712866683279195 0.21286668327919667 0.38321710326233294
    vertex 28.890935813001658 0.39093581300165803 0.20687906589470917
    vertex 28.87651019814127 -13.085786437626904 0.21816851753197009
  endloop
endfacet
facet normal -0.8467241950885247 -0.00009888519041032982 -0.5320320739141663
  outer loop
    vertex 28.604446444943974 0.10444644494397426 0.5550462608017392
    vertex 28.71816851753197 -13.085786437626906 0.3765101981412663
    vertex 28.59903113209758 -13.085786437626906 0.5661162608824417
  endloop
endfacet
facet normal -0.8456993122821077 -0.00006801836556180549 -0.5336596936054587
  outer loop
    vertex 28.604446444943974 0.10444644494397426 0.5550462608017392
    vertex 28.712866683279195 0.21286668327919667 0.38321710326233294
    vertex 28.71816851753197 -13.085786437626906 0.3765101981412663
  endloop
endfacet
facet normal -0.9438832731258193 -0.0003480868360772294 -0.3302790419461163
  outer loop
    vertex 28.53837973318513 0.03837973318513288 0.7256162132142213
    vertex 28.59903113209758 -13.085786437626906 0.5661162608824417
    vertex 28.525072087818177 -13.085786437626906 0.7774790660436853
  endloop
endfacet
facet normal -0.9325055350400314 0.00007974202380124987 -0.36115567385950714
  outer loop
    vertex 28.53837973318513 0.03837973318513288 0.7256162132142213
    vertex 28.604446444943974 0.10444644494397426 0.5550462608017392
    vertex 28.59903113209758 -13.085786437626906 0.5661162608824417
  endloop
endfacet
facet normal -0.993712108032169 -0.0004527816287109558 -0.1119644646263255
  outer loop
    vertex 28.509641411706127 0.009641411706126757 0.8614725060048856
    vertex 28.525072087818177 -13.085786437626906 0.7774790660436853
    vertex 28.5 -13.085786437626904 1
  endloop
endfacet
facet normal -0.9783578982451975 0.00017434937783830507 -0.2069197732057867
  outer loop
    vertex 28.509641411706127 0.009641411706126757 0.8614725060048856
    vertex 28.53837973318513 0.03837973318513288 0.7256162132142213
    vertex 28.525072087818177 -13.085786437626906 0.7774790660436853
  endloop
endfacet
facet normal -0.9975867351498495 0 -0.06943130312088217
  outer loop
    vertex 28.5 0 1
    vertex 28.509641411706127 0.009641411706126757 0.8614725060048856
    vertex 28.5 -13.085786437626904 1
  endloop
endfacet
facet normal -0.11196447610330443 0 0.993712209893243
  outer loop
    vertex 29.5 1 15
    vertex 29.277479066043686 -13.085786437626904 14.974927912181824
    vertex 29.5 -13.085786437626906 15
  endloop
endfacet
facet normal -0.33027902776827844 -0.00045499254004048757 0.9438832326078419
  outer loop
    vertex 29.16211035745194 0.6621103574519401 14.94118573589847
    vertex 29.066116260882442 -13.085786437626904 14.900968867902419
    vertex 29.277479066043686 -13.085786437626904 14.974927912181824
  endloop
endfacet
facet normal -0.17242700403779093 0.0009706284033809159 0.985021820143622
  outer loop
    vertex 29.16211035745194 0.6621103574519401 14.94118573589847
    vertex 29.277479066043686 -13.085786437626904 14.974927912181824
    vertex 29.5 1 15
  endloop
endfacet
facet normal -0.5320320713156685 -0.00013980862814028696 0.846724190953056
  outer loop
    vertex 28.890935813001658 0.39093581300165803 14.793120934105291
    vertex 28.87651019814127 -13.085786437626904 14.78183148246803
    vertex 29.066116260882442 -13.085786437626904 14.900968867902419
  endloop
endfacet
facet normal -0.479833366114517 0.0007838673678489683 0.8773592914622614
  outer loop
    vertex 28.890935813001658 0.39093581300165803 14.793120934105291
    vertex 29.066116260882442 -13.085786437626904 14.900968867902419
    vertex 29.16211035745194 0.6621103574519401 14.94118573589847
  endloop
endfacet
facet normal -0.7071067792131882 0.00007470945570281597 0.7071067792131882
  outer loop
    vertex 28.712866683279195 0.21286668327919667 14.616782896737666
    vertex 28.71816851753197 -13.085786437626906 14.623489801858733
    vertex 28.87651019814127 -13.085786437626904 14.78183148246803
  endloop
endfacet
facet normal -0.7037243572675141 0.0001581100342973721 0.7104730846342043
  outer loop
    vertex 28.712866683279195 0.21286668327919667 14.616782896737666
    vertex 28.87651019814127 -13.085786437626904 14.78183148246803
    vertex 28.890935813001658 0.39093581300165803 14.793120934105291
  endloop
endfacet
facet normal -0.8467241950885247 -0.00009888519041030315 0.5320320739141666
  outer loop
    vertex 28.604446444943974 0.10444644494397426 14.44495373919826
    vertex 28.59903113209758 -13.085786437626906 14.433883739117558
    vertex 28.71816851753197 -13.085786437626906 14.623489801858733
  endloop
endfacet
facet normal -0.8456993122821075 -0.00006801836556177856 0.533659693605459
  outer loop
    vertex 28.604446444943974 0.10444644494397426 14.44495373919826
    vertex 28.71816851753197 -13.085786437626906 14.623489801858733
    vertex 28.712866683279195 0.21286668327919667 14.616782896737666
  endloop
endfacet
facet normal -0.9438832731258193 -0.000348086836077223 0.33027904194611607
  outer loop
    vertex 28.53837973318513 0.03837973318513288 14.274383786785778
    vertex 28.525072087818177 -13.085786437626906 14.222520933956314
    vertex 28.59903113209758 -13.085786437626906 14.433883739117558
  endloop
endfacet
facet normal -0.9325055350400311 0.00007974202380126797 0.3611556738595077
  outer loop
    vertex 28.53837973318513 0.03837973318513288 14.274383786785778
    vertex 28.59903113209758 -13.085786437626906 14.433883739117558
    vertex 28.604446444943974 0.10444644494397426 14.44495373919826
  endloop
endfacet
facet normal -0.9937121080321689 -0.0004527816287109613 0.11196446462632567
  outer loop
    vertex 28.509641411706127 0.009641411706126757 14.138527493995115
    vertex 28.5 -13.085786437626904 14
    vertex 28.525072087818177 -13.085786437626906 14.222520933956314
  endloop
endfacet
facet normal -0.9783578982451973 0.00017434937783830225 0.20691977320578817
  outer loop
    vertex 28.509641411706127 0.009641411706126757 14.138527493995115
    vertex 28.525072087818177 -13.085786437626906 14.222520933956314
    vertex 28.53837973318513 0.03837973318513288 14.274383786785778
  endloop
endfacet
facet normal -0.9975867351498496 0 0.06943130312088196
  outer loop
    vertex 28.5 0 14
    vertex 28.5 -13.085786437626904 14
    vertex 28.509641411706127 0.009641411706126757 14.138527493995115
  endloop
endfacet
facet normal -0.7730104533627334 -0.6343932841636499 0
  outer loop
    vertex 28.792893218813454 -13.792893218813452 14.000000000000002
    vertex 28.668530387697455 -13.641356670646507 1
    vertex 28.792893218813454 -13.792893218813452 1
  endloop
endfacet
facet normal -0.7730104533627333 -0.6343932841636499 0
  outer loop
    vertex 28.668530387697455 -13.641356670646507 14
    vertex 28.668530387697455 -13.641356670646507 1
    vertex 28.792893218813454 -13.792893218813452 14.000000000000002
  endloop
endfacet
facet normal -0.8819212643483548 -0.4713967368259979 0
  outer loop
    vertex 28.576120467488714 -13.468469869991996 14
    vertex 28.576120467488714 -13.468469869991996 1
    vertex 28.668530387697455 -13.641356670646507 1
  endloop
endfacet
facet normal -0.8819212643483548 -0.4713967368259979 0
  outer loop
    vertex 28.576120467488714 -13.468469869991996 14
    vertex 28.668530387697455 -13.641356670646507 1
    vertex 28.668530387697455 -13.641356670646507 14
  endloop
endfacet
facet normal -0.9569403357322105 -0.29028467725445695 0
  outer loop
    vertex 28.51921471959677 -13.280876759643034 14
    vertex 28.51921471959677 -13.280876759643034 1
    vertex 28.576120467488714 -13.468469869991996 1
  endloop
endfacet
facet normal -0.9569403357322105 -0.29028467725445695 0
  outer loop
    vertex 28.51921471959677 -13.280876759643034 14
    vertex 28.576120467488714 -13.468469869991996 1
    vertex 28.576120467488714 -13.468469869991996 14
  endloop
endfacet
facet normal -0.995184726672196 -0.09801714032956893 0
  outer loop
    vertex 28.5 -13.085786437626904 14
    vertex 28.5 -13.085786437626904 1
    vertex 28.51921471959677 -13.280876759643034 1
  endloop
endfacet
facet normal -0.995184726672196 -0.09801714032956893 0
  outer loop
    vertex 28.5 -13.085786437626904 14
    vertex 28.51921471959677 -13.280876759643034 1
    vertex 28.51921471959677 -13.280876759643034 14
  endloop
endfacet
facet normal 0 0 -0.9999999999999999
  outer loop
    vertex 29.5 -13.085786437626906 0
    vertex 34.5 -16 0
    vertex 32.41421356237309 -16 0
  endloop
endfacet
facet normal 0 0 -1
  outer loop
    vertex 29.5 1 0
    vertex 34.5 -16 0
    vertex 29.5 -13.085786437626906 0
  endloop
endfacet
facet normal 0 0 -1
  outer loop
    vertex 34.5 6 0
    vertex 34.5 -16 0
    vertex 29.5 1 0
  endloop
endfacet
facet normal 0 0 -1
  outer loop
    vertex -34.5 -16 0
    vertex -29.5 -13.085786437626902 0
    vertex -32.41421356237309 -15.999999999999995 0
  endloop
endfacet
facet normal 0 0 -1
  outer loop
    vertex -29.5 1 0
    vertex -29.5 -13.085786437626902 0
    vertex -34.5 -16 0
  endloop
endfacet
facet normal 0 0 -1
  outer loop
    vertex -34.5 5.999999999999998 0
    vertex -29.5 1 0
    vertex -34.5 -16 0
  endloop
endfacet
facet normal 0 0 -1
  outer loop
    vertex -34.5 5.999999999999998 0
    vertex 34.5 6 0
    vertex 29.5 1 0
  endloop
endfacet
facet normal 0 0 -1
  outer loop
    vertex -34.5 5.999999999999998 0
    vertex 29.5 1 0
    vertex -29.5 1 0
  endloop
endfacet
facet normal 0.1724270040377909 0.0009706284033808607 -0.9850218201436222
  outer loop
    vertex -29.277479066043686 -13.085786437626906 0.02507208781817638
    vertex -29.5 1 0
    vertex -29.16211035745194 0.6621103574519399 0.0588142641015299
  endloop
endfacet
facet normal 0.11196447610330783 0 -0.9937122098932426
  outer loop
    vertex -29.277479066043686 -13.085786437626906 0.02507208781817638
    vertex -29.5 -13.085786437626902 0
    vertex -29.5 1 0
  endloop
endfacet
facet normal 0.4798333661145173 0.000783867367848985 -0.8773592914622613
  outer loop
    vertex -29.066116260882442 -13.085786437626906 0.09903113209758074
    vertex -29.16211035745194 0.6621103574519399 0.0588142641015299
    vertex -28.890935813001658 0.3909358130016578 0.20687906589470917
  endloop
endfacet
facet normal 0.33027902776827445 -0.00045499254004050416 -0.9438832326078431
  outer loop
    vertex -29.066116260882442 -13.085786437626906 0.09903113209758074
    vertex -29.277479066043686 -13.085786437626906 0.02507208781817638
    vertex -29.16211035745194 0.6621103574519399 0.0588142641015299
  endloop
endfacet
facet normal 0.703724357267512 0.00015811003429735019 -0.7104730846342064
  outer loop
    vertex -28.87651019814127 -13.085786437626906 0.21816851753197009
    vertex -28.890935813001658 0.3909358130016578 0.20687906589470917
    vertex -28.712866683279195 0.21286668327919644 0.38321710326233294
  endloop
endfacet
facet normal 0.5320320713156705 -0.0001398086281403044 -0.8467241909530545
  outer loop
    vertex -28.87651019814127 -13.085786437626906 0.21816851753197009
    vertex -29.066116260882442 -13.085786437626906 0.09903113209758074
    vertex -28.890935813001658 0.3909358130016578 0.20687906589470917
  endloop
endfacet
facet normal 0.8456993122821077 -0.00006801836556180504 -0.5336596936054587
  outer loop
    vertex -28.71816851753197 -13.085786437626906 0.3765101981412663
    vertex -28.712866683279195 0.21286668327919644 0.38321710326233294
    vertex -28.604446444943974 0.10444644494397404 0.5550462608017392
  endloop
endfacet
facet normal 0.7071067792131864 0.00007470945570278214 -0.70710677921319
  outer loop
    vertex -28.71816851753197 -13.085786437626906 0.3765101981412663
    vertex -28.87651019814127 -13.085786437626906 0.21816851753197009
    vertex -28.712866683279195 0.21286668327919644 0.38321710326233294
  endloop
endfacet
facet normal 0.9325055350400314 0.00007974202380124991 -0.36115567385950714
  outer loop
    vertex -28.59903113209758 -13.085786437626906 0.5661162608824417
    vertex -28.604446444943974 0.10444644494397404 0.5550462608017392
    vertex -28.53837973318513 0.03837973318513266 0.7256162132142213
  endloop
endfacet
facet normal 0.8467241950885247 -0.00009888519041032978 -0.5320320739141663
  outer loop
    vertex -28.59903113209758 -13.085786437626906 0.5661162608824417
    vertex -28.71816851753197 -13.085786437626906 0.3765101981412663
    vertex -28.604446444943974 0.10444644494397404 0.5550462608017392
  endloop
endfacet
facet normal 0.9783578982451975 0.00017434937783830494 -0.2069197732057867
  outer loop
    vertex -28.525072087818177 -13.085786437626906 0.7774790660436853
    vertex -28.53837973318513 0.03837973318513266 0.7256162132142213
    vertex -28.509641411706127 0.009641411706126535 0.8614725060048856
  endloop
endfacet
facet normal 0.9438832731258193 -0.0003480868360772294 -0.3302790419461163
  outer loop
    vertex -28.525072087818177 -13.085786437626906 0.7774790660436853
    vertex -28.59903113209758 -13.085786437626906 0.5661162608824417
    vertex -28.53837973318513 0.03837973318513266 0.7256162132142213
  endloop
endfacet
facet normal 0.9975867351498496 0 -0.06943130312088217
  outer loop
    vertex -28.5 -13.085786437626906 1
    vertex -28.509641411706127 0.009641411706126535 0.8614725060048856
    vertex -28.5 0 1
  endloop
endfacet
facet normal 0.9937121080321688 -0.0004527816287109556 -0.11196446462632549
  outer loop
    vertex -28.5 -13.085786437626906 1
    vertex -28.525072087818177 -13.085786437626906 0.7774790660436853
    vertex -28.509641411706127 0.009641411706126535 0.8614725060048856
  endloop
endfacet
facet normal 0 0 0.9999999999999999
  outer loop
    vertex 29.5 -13.085786437626906 15
    vertex 32.41421356237309 -16 15
    vertex 34.5 -16 15
  endloop
endfacet
facet normal 0 0 1
  outer loop
    vertex 29.5 1 15
    vertex 29.5 -13.085786437626906 15
    vertex 34.5 -16 15
  endloop
endfacet
facet normal 0 0 1
  outer loop
    vertex 34.5 6 15
    vertex 29.5 1 15
    vertex 34.5 -16 15
  endloop
endfacet
facet normal 0 0 1
  outer loop
    vertex -34.5 -16 15
    vertex -32.41421356237309 -15.999999999999995 15
    vertex -29.5 -13.085786437626902 15
  endloop
endfacet
facet normal 0 0 1
  outer loop
    vertex -29.5 1 15
    vertex -34.5 -16 15
    vertex -29.5 -13.085786437626902 15
  endloop
endfacet
facet normal 0 0 1
  outer loop
    vertex -34.5 5.999999999999998 15
    vertex -34.5 -16 15
    vertex -29.5 1 15
  endloop
endfacet
facet normal 0 0 1
  outer loop
    vertex -34.5 5.999999999999998 15
    vertex 29.5 1 15
    vertex 34.5 6 15
  endloop
endfacet
facet normal 0 0 1
  outer loop
    vertex -34.5 5.999999999999998 15
    vertex -29.5 1 15
    vertex 29.5 1 15
  endloop
endfacet
facet normal 0.17242700403779093 0.0009706284033809158 0.9850218201436222
  outer loop
    vertex -29.277479066043686 -13.085786437626906 14.974927912181824
    vertex -29.16211035745194 0.6621103574519399 14.94118573589847
    vertex -29.5 1 15
  endloop
endfacet
facet normal 0.11196447610330443 0 0.9937122098932432
  outer loop
    vertex -29.277479066043686 -13.085786437626906 14.974927912181824
    vertex -29.5 1 15
    vertex -29.5 -13.085786437626902 15
  endloop
endfacet
facet normal 0.479833366114517 0.0007838673678489681 0.8773592914622615
  outer loop
    vertex -29.066116260882442 -13.085786437626906 14.900968867902419
    vertex -28.890935813001658 0.3909358130016578 14.793120934105291
    vertex -29.16211035745194 0.6621103574519399 14.94118573589847
  endloop
endfacet
facet normal 0.3302790277682784 -0.00045499254004048746 0.9438832326078419
  outer loop
    vertex -29.066116260882442 -13.085786437626906 14.900968867902419
    vertex -29.16211035745194 0.6621103574519399 14.94118573589847
    vertex -29.277479066043686 -13.085786437626906 14.974927912181824
  endloop
endfacet
facet normal 0.7037243572675143 0.00015811003429737198 0.7104730846342042
  outer loop
    vertex -28.87651019814127 -13.085786437626906 14.78183148246803
    vertex -28.712866683279195 0.21286668327919644 14.616782896737666
    vertex -28.890935813001658 0.3909358130016578 14.793120934105291
  endloop
endfacet
facet normal 0.5320320713156684 -0.00013980862814028696 0.846724190953056
  outer loop
    vertex -28.87651019814127 -13.085786437626906 14.78183148246803
    vertex -28.890935813001658 0.3909358130016578 14.793120934105291
    vertex -29.066116260882442 -13.085786437626906 14.900968867902419
  endloop
endfacet
facet normal 0.8456993122821075 -0.00006801836556177811 0.5336596936054591
  outer loop
    vertex -28.71816851753197 -13.085786437626906 14.623489801858733
    vertex -28.604446444943974 0.10444644494397404 14.44495373919826
    vertex -28.712866683279195 0.21286668327919644 14.616782896737666
  endloop
endfacet
facet normal 0.7071067792131882 0.00007470945570281604 0.7071067792131882
  outer loop
    vertex -28.71816851753197 -13.085786437626906 14.623489801858733
    vertex -28.712866683279195 0.21286668327919644 14.616782896737666
    vertex -28.87651019814127 -13.085786437626906 14.78183148246803
  endloop
endfacet
facet normal 0.9325055350400311 0.00007974202380126747 0.3611556738595077
  outer loop
    vertex -28.59903113209758 -13.085786437626906 14.433883739117558
    vertex -28.53837973318513 0.03837973318513266 14.274383786785778
    vertex -28.604446444943974 0.10444644494397404 14.44495373919826
  endloop
endfacet
facet normal 0.8467241950885247 -0.00009888519041030311 0.5320320739141666
  outer loop
    vertex -28.59903113209758 -13.085786437626906 14.433883739117558
    vertex -28.604446444943974 0.10444644494397404 14.44495373919826
    vertex -28.71816851753197 -13.085786437626906 14.623489801858733
  endloop
endfacet
facet normal 0.9783578982451973 0.00017434937783830241 0.2069197732057882
  outer loop
    vertex -28.525072087818177 -13.085786437626906 14.222520933956314
    vertex -28.509641411706127 0.009641411706126535 14.138527493995115
    vertex -28.53837973318513 0.03837973318513266 14.274383786785778
  endloop
endfacet
facet normal 0.9438832731258193 -0.0003480868360772231 0.3302790419461161
  outer loop
    vertex -28.525072087818177 -13.085786437626906 14.222520933956314
    vertex -28.53837973318513 0.03837973318513266 14.274383786785778
    vertex -28.59903113209758 -13.085786437626906 14.433883739117558
  endloop
endfacet
facet normal 0.9975867351498495 0 0.06943130312088194
  outer loop
    vertex -28.5 -13.085786437626906 14
    vertex -28.5 0 14
    vertex -28.509641411706127 0.009641411706126535 14.138527493995115
  endloop
endfacet
facet normal 0.9937121080321691 -0.00045278162871096114 0.11196446462632569
  outer loop
    vertex -28.5 -13.085786437626906 14
    vertex -28.509641411706127 0.009641411706126535 14.138527493995115
    vertex -28.525072087818177 -13.085786437626906 14.222520933956314
  endloop
endfacet
facet normal 0.9951847266721977 -0.09801714032955186 0
  outer loop
    vertex -28.519214719596768 -13.280876759643034 14
    vertex -28.5 -13.085786437626906 1
    vertex -28.5 -13.085786437626906 14
  endloop
endfacet
facet normal 0.9951847266721977 -0.09801714032955186 0
  outer loop
    vertex -28.519214719596768 -13.280876759643034 14
    vertex -28.519214719596768 -13.280876759643034 1
    vertex -28.5 -13.085786437626906 1
  endloop
endfacet
facet normal 0.9569403357322055 -0.29028467725447354 0
  outer loop
    vertex -28.576120467488714 -13.468469869991996 14
    vertex -28.576120467488714 -13.468469869991996 1
    vertex -28.519214719596768 -13.280876759643034 1
  endloop
endfacet
facet normal 0.9569403357322055 -0.29028467725447354 0
  outer loop
    vertex -28.576120467488714 -13.468469869991996 14
    vertex -28.519214719596768 -13.280876759643034 1
    vertex -28.519214719596768 -13.280876759643034 14
  endloop
endfacet
facet normal 0.7730104533627333 -0.6343932841636499 0
  outer loop
    vertex -28.668530387697455 -13.641356670646509 14
    vertex -28.792893218813454 -13.792893218813454 1
    vertex -28.668530387697455 -13.641356670646509 1
  endloop
endfacet
facet normal 0.8819212643483569 -0.47139673682599414 0
  outer loop
    vertex -28.668530387697455 -13.641356670646509 14
    vertex -28.668530387697455 -13.641356670646509 1
    vertex -28.576120467488714 -13.468469869991996 1
  endloop
endfacet
facet normal 0.8819212643483569 -0.47139673682599414 0
  outer loop
    vertex -28.668530387697455 -13.641356670646509 14
    vertex -28.576120467488714 -13.468469869991996 1
    vertex -28.576120467488714 -13.468469869991996 14
  endloop
endfacet
facet normal 0.7730104533627334 -0.6343932841636499 0
  outer loop
    vertex -28.792893218813454 -13.792893218813454 14.000000000000002
    vertex -28.792893218813454 -13.792893218813454 1
    vertex -28.668530387697455 -13.641356670646509 14
  endloop
endfacet
facet normal 5.880621280200054e-16 -1 -5.60716106508725e-16
  outer loop
    vertex -0.9356384352138762 2.000000000000002 8.328903322800993
    vertex -2.61944293578114 2 10.522998297417033
    vertex -3.14421237897115 2 9.97263594488242
  endloop
endfacet
facet normal 4.714402696144449e-16 -1 -6.620452237004451e-16
  outer loop
    vertex -0.7100809334139446 2.000000000000002 8.52872983236707
    vertex -1.9999999999999991 2 10.964101615137755
    vertex -2.61944293578114 2 10.522998297417033
  endloop
endfacet
facet normal 5.33706447116585e-16 -0.9999999999999999 -6.024300437791908e-16
  outer loop
    vertex -0.7100809334139446 2.000000000000002 8.52872983236707
    vertex -2.61944293578114 2 10.522998297417033
    vertex -0.9356384352138762 2.000000000000002 8.328903322800993
  endloop
endfacet
facet normal 6.825558345306538e-16 -1 -4.3865199959141474e-16
  outer loop
    vertex -1.1068200320665122 2.000000000000002 8.080903965054711
    vertex -3.14421237897115 2 9.97263594488242
    vertex -3.5553417946196944 2 9.33290608690964
  endloop
endfacet
facet normal 7.527579296870137e-16 -1 -3.013588155251551e-16
  outer loop
    vertex -1.1068200320665122 2.000000000000002 8.080903965054711
    vertex -3.5553417946196944 2 9.33290608690964
    vertex -3.83797189445799 2 8.626930227365717
  endloop
endfacet
facet normal 6.641756948376165e-16 -1 -4.584473809376893e-16
  outer loop
    vertex -1.1068200320665122 2.000000000000002 8.080903965054711
    vertex -0.9356384352138762 2.000000000000002 8.328903322800993
    vertex -3.14421237897115 2 9.97263594488242
  endloop
endfacet
facet normal 3.3730932853258666e-16 -1 -7.386044027335036e-16
  outer loop
    vertex -0.44325610880316946 2.000000000000002 8.66877030335677
    vertex -1.3082718532696858 2 11.280003274858675
    vertex -1.9999999999999991 2 10.964101615137755
  endloop
endfacet
facet normal 3.7443448667000314e-16 -1 -7.134253086116639e-16
  outer loop
    vertex -0.44325610880316946 2.000000000000002 8.66877030335677
    vertex -1.9999999999999991 2 10.964101615137755
    vertex -0.7100809334139446 2.000000000000002 8.52872983236707
  endloop
endfacet
facet normal 7.976206460558941e-16 -1 -1.5372877910018656e-16
  outer loop
    vertex -1.2136772717825648 2.000000000000002 7.799144580359447
    vertex -3.83797189445799 2 8.626930227365717
    vertex -3.981887690292339 2 7.880224173216728
  endloop
endfacet
facet normal 7.557081318898255e-16 -1 -2.8660229043323373e-16
  outer loop
    vertex -1.2136772717825648 2.000000000000002 7.799144580359447
    vertex -1.1068200320665122 2.000000000000002 8.080903965054711
    vertex -3.83797189445799 2 8.626930227365717
  endloop
endfacet
facet normal 3.862665009016493e-17 -1 -8.108731758519063e-16
  outer loop
    vertex -0.15067085031915378 2.000000000000002 8.740886092622567
    vertex 0.1903276632949696 2 11.495469356732032
    vertex -0.56925935309314 2 11.459285767523731
  endloop
endfacet
facet normal 1.9102279719588967e-16 -1 -7.874066945855599e-16
  outer loop
    vertex -0.15067085031915378 2.000000000000002 8.740886092622567
    vertex -0.56925935309314 2 11.459285767523731
    vertex -1.3082718532696858 2 11.280003274858675
  endloop
endfacet
facet normal 1.9376965264924773e-16 -1 -7.861543842747114e-16
  outer loop
    vertex -0.15067085031915378 2.000000000000002 8.740886092622567
    vertex -1.3082718532696858 2 11.280003274858675
    vertex -0.44325610880316946 2.000000000000002 8.66877030335677
  endloop
endfacet
facet normal 8.127881893317158e-16 -1 1.1391715420577628e-30
  outer loop
    vertex -1.25 2.000000000000002 7.5
    vertex -3.981887690292339 2 7.880224173216728
    vertex -3.981887690292338 2 7.119775826783266
  endloop
endfacet
facet normal 7.992807337007848e-16 -1 -9.705025183729356e-17
  outer loop
    vertex -1.25 2.000000000000002 7.5
    vertex -1.2136772717825648 2.000000000000002 7.799144580359447
    vertex -3.981887690292339 2 7.880224173216728
  endloop
endfacet
facet normal -1.1565904924177632e-16 -1 -8.044263569146243e-16
  outer loop
    vertex 0.15067085031915387 2.000000000000002 8.740886092622567
    vertex 0.9430357420377091 2 11.387246273294167
    vertex 0.1903276632949696 2 11.495469356732032
  endloop
endfacet
facet normal 0 -1 -8.060914615220992e-16
  outer loop
    vertex 0.15067085031915387 2.000000000000002 8.740886092622567
    vertex 0.1903276632949696 2 11.495469356732032
    vertex -0.15067085031915378 2.000000000000002 8.740886092622567
  endloop
endfacet
facet normal 5.960974731019976e-16 -0.9999999999999999 1.5569096916180594e-15
  outer loop
    vertex -1.2136772717825637 2.0000000000000018 7.200855419640549
    vertex -1.25 2.000000000000002 7.5
    vertex -3.981887690292338 2 7.119775826783266
  endloop
endfacet
facet normal 6.380965168447152e-16 -1 1.2298302328014937e-16
  outer loop
    vertex -1.2136772717825637 2.0000000000000018 7.200855419640549
    vertex -3.981887690292338 2 7.119775826783266
    vertex -3.8379718944579886 2 6.3730697726342775
  endloop
endfacet
facet normal -2.1262784609857912e-16 -1 -6.143478150737938e-16
  outer loop
    vertex 0.4432561088031696 2.0000000000000018 8.66877030335677
    vertex 1.6616600520075457 2 11.138527981418074
    vertex 0.9430357420377091 2 11.387246273294167
  endloop
endfacet
facet normal -1.6060912378517695e-15 -1 -3.581658106869003e-16
  outer loop
    vertex 0.4432561088031696 2.0000000000000018 8.66877030335677
    vertex 0.9430357420377091 2 11.387246273294167
    vertex 0.15067085031915387 2.000000000000002 8.740886092622567
  endloop
endfacet
facet normal 6.045665055118595e-16 -1 2.2928183234658925e-16
  outer loop
    vertex -1.1068200320665103 2.0000000000000018 6.9190960349452855
    vertex -1.2136772717825637 2.0000000000000018 7.200855419640549
    vertex -3.8379718944579886 2 6.3730697726342775
  endloop
endfacet
facet normal 6.022063437496105e-16 -1 2.4108705242012426e-16
  outer loop
    vertex -1.1068200320665103 2.0000000000000018 6.9190960349452855
    vertex -3.8379718944579886 2 6.3730697726342775
    vertex -3.5553417946196917 2 5.667093913090354
  endloop
endfacet
facet normal 5.460446676245221e-16 -1 3.5092159967313317e-16
  outer loop
    vertex -1.1068200320665103 2.0000000000000018 6.9190960349452855
    vertex -3.5553417946196917 2 5.667093913090354
    vertex -3.1442123789711465 2 5.027364055117575
  endloop
endfacet
facet normal -3.2463360935226183e-16 -1 -5.622819052425832e-16
  outer loop
    vertex 0.7100809334139448 2.0000000000000018 8.52872983236707
    vertex 2.320227638284793 2 10.758303808201342
    vertex 1.6616600520075457 2 11.138527981418074
  endloop
endfacet
facet normal -2.9985088572157725e-16 -0.9999999999999999 -5.713181298706875e-16
  outer loop
    vertex 0.7100809334139448 2.0000000000000018 8.52872983236707
    vertex 1.6616600520075457 2 11.138527981418074
    vertex 0.4432561088031696 2.0000000000000018 8.66877030335677
  endloop
endfacet
facet normal 5.3134055587009225e-16 -0.9999999999999999 3.6675790475015257e-16
  outer loop
    vertex -0.9356384352138735 2.0000000000000018 6.671096677199003
    vertex -1.1068200320665103 2.0000000000000018 6.9190960349452855
    vertex -3.1442123789711465 2 5.027364055117575
  endloop
endfacet
facet normal -4.2463942504507136e-16 -1 -4.900600205457788e-16
  outer loop
    vertex 2.894936152420281 2 10.260316045928448
    vertex 2.320227638284793 2 10.758303808201342
    vertex 0.7100809334139448 2.0000000000000018 8.52872983236707
  endloop
endfacet
facet normal -4.2913264899705334e-16 -0.9999999999999999 -4.8439062694309995e-16
  outer loop
    vertex 2.894936152420281 2 10.260316045928448
    vertex 0.7100809334139448 2.0000000000000018 8.52872983236707
    vertex 0.9356384352138762 2.0000000000000018 8.328903322800995
  endloop
endfacet
facet normal 4.704497024160034e-16 -1 4.485728852069809e-16
  outer loop
    vertex -2.6194429357811355 2 4.477001702582963
    vertex -0.9356384352138735 2.0000000000000018 6.671096677199003
    vertex -3.1442123789711465 2 5.027364055117575
  endloop
endfacet
facet normal 4.2696515769326653e-16 -1 4.819440350233536e-16
  outer loop
    vertex -2.6194429357811355 2 4.477001702582963
    vertex -0.7100809334139415 2.0000000000000018 6.471270167632928
    vertex -0.9356384352138735 2.0000000000000018 6.671096677199003
  endloop
endfacet
facet normal -5.107148368023694e-16 -1 -4.016305868866008e-16
  outer loop
    vertex 3.365014131324725 2 9.66256326982239
    vertex 2.894936152420281 2 10.260316045928448
    vertex 0.9356384352138762 2.0000000000000018 8.328903322800995
  endloop
endfacet
facet normal -5.30266110682403e-16 -1 -3.660162687853177e-16
  outer loop
    vertex 3.365014131324725 2 9.66256326982239
    vertex 0.9356384352138762 2.0000000000000018 8.328903322800995
    vertex 1.1068200320665122 2.0000000000000018 8.080903965054711
  endloop
endfacet
facet normal 3.771522156915548e-16 -1 5.296361789603571e-16
  outer loop
    vertex -1.9999999999999953 2 4.035898384862243
    vertex -0.7100809334139415 2.0000000000000018 6.471270167632928
    vertex -2.6194429357811355 2 4.477001702582963
  endloop
endfacet
facet normal 2.9954758933599797e-16 -0.9999999999999999 5.707402468893337e-16
  outer loop
    vertex -1.9999999999999953 2 4.035898384862243
    vertex -0.44325610880316607 2.0000000000000018 6.331229696643231
    vertex -0.7100809334139415 2.0000000000000018 6.471270167632928
  endloop
endfacet
facet normal -5.77940873327478e-16 -1 -2.979492284536087e-16
  outer loop
    vertex 3.7134717320642903 2 8.98664982264131
    vertex 3.365014131324725 2 9.66256326982239
    vertex 1.1068200320665122 2.0000000000000018 8.080903965054711
  endloop
endfacet
facet normal -6.021230617330986e-16 -1 -2.283551563535883e-16
  outer loop
    vertex 3.7134717320642903 2 8.98664982264131
    vertex 1.1068200320665122 2.0000000000000018 8.080903965054711
    vertex 1.213677271782565 2.0000000000000018 7.799144580359449
  endloop
endfacet
facet normal 2.698474628260682e-16 -1 5.908835221868032e-16
  outer loop
    vertex -1.3082718532696809 2 3.719996725141324
    vertex -0.44325610880316607 2.0000000000000018 6.331229696643231
    vertex -1.9999999999999953 2 4.035898384862243
  endloop
endfacet
facet normal -1.2482212417285605e-15 -0.9999999999999999 1.0937698387096646e-15
  outer loop
    vertex -1.3082718532696809 2 3.719996725141324
    vertex -0.15067085031915045 2.0000000000000013 6.259113907377432
    vertex -0.44325610880316607 2.0000000000000018 6.331229696643231
  endloop
endfacet
facet normal -6.413693029995259e-16 -1 -7.787633274808222e-17
  outer loop
    vertex 3.927714789050827 2 8.25700497744164
    vertex 1.213677271782565 2.0000000000000018 7.799144580359449
    vertex 1.2500000000000002 2.0000000000000018 7.500000000000001
  endloop
endfacet
facet normal -6.236162526807714e-16 -1 -1.831102532140215e-16
  outer loop
    vertex 3.927714789050827 2 8.25700497744164
    vertex 3.7134717320642903 2 8.98664982264131
    vertex 1.213677271782565 2.0000000000000018 7.799144580359449
  endloop
endfacet
facet normal 1.1461367831753364e-16 -1 4.724440167513361e-16
  outer loop
    vertex -0.5692593530931339 2 3.540714232476268
    vertex -0.15067085031915045 2.0000000000000013 6.259113907377432
    vertex -1.3082718532696809 2 3.719996725141324
  endloop
endfacet
facet normal 1.6148698540002181e-16 -1 -2.917778606832748e-15
  outer loop
    vertex 4 2.000000000000002 7.5
    vertex 3.927714789050827 2 8.25700497744164
    vertex 1.2500000000000002 2.0000000000000018 7.500000000000001
  endloop
endfacet
facet normal -1.9007075062280936e-30 -1 4.836548769132595e-16
  outer loop
    vertex 0.19032766329497663 2 3.5045306432679686
    vertex 0.15067085031915692 2.0000000000000013 6.259113907377433
    vertex -0.15067085031915045 2.0000000000000013 6.259113907377432
  endloop
endfacet
facet normal 2.31759900540978e-17 -1 4.865239055111439e-16
  outer loop
    vertex 0.19032766329497663 2 3.5045306432679686
    vertex -0.15067085031915045 2.0000000000000013 6.259113907377432
    vertex -0.5692593530931339 2 3.540714232476268
  endloop
endfacet
facet normal -2.3561253300763977e-16 -1 1.5131388952700637e-15
  outer loop
    vertex 3.927714789050829 2 6.742995022558372
    vertex 1.2500000000000002 2.0000000000000018 7.500000000000001
    vertex 1.2136772717825657 2.0000000000000013 7.200855419640554
  endloop
endfacet
facet normal 1.614869854000237e-16 -1 2.917778606832796e-15
  outer loop
    vertex 3.927714789050829 2 6.742995022558372
    vertex 4 2.000000000000002 7.5
    vertex 1.2500000000000002 2.0000000000000018 7.500000000000001
  endloop
endfacet
facet normal -6.939542954506658e-17 -1 4.826558141487746e-16
  outer loop
    vertex 0.9430357420377169 2 3.612753726705835
    vertex 0.15067085031915692 2.0000000000000013 6.259113907377433
    vertex 0.19032766329497663 2 3.5045306432679686
  endloop
endfacet
facet normal -1.1555724844297055e-16 -1 4.68834186654634e-16
  outer loop
    vertex 0.9430357420377169 2 3.612753726705835
    vertex 0.44325610880317223 2.0000000000000013 6.331229696643232
    vertex 0.15067085031915692 2.0000000000000013 6.259113907377433
  endloop
endfacet
facet normal -4.51592296299824e-16 -0.9999999999999999 1.7126636726518982e-16
  outer loop
    vertex 3.7134717320642947 2 6.013350177358701
    vertex 1.2136772717825657 2.0000000000000013 7.200855419640554
    vertex 1.1068200320665134 2.0000000000000013 6.919096034945291
  endloop
endfacet
facet normal -4.677121895105791e-16 -1 1.3733268991051454e-16
  outer loop
    vertex 3.7134717320642947 2 6.013350177358701
    vertex 3.927714789050829 2 6.742995022558372
    vertex 1.2136772717825657 2.0000000000000013 7.200855419640554
  endloop
endfacet
facet normal -1.5947088457393526e-16 -1 4.60760861305345e-16
  outer loop
    vertex 1.6616600520075537 2 3.8614720185819302
    vertex 0.44325610880317223 2.0000000000000013 6.331229696643232
    vertex 0.9430357420377169 2 3.612753726705835
  endloop
endfacet
facet normal -2.2488816429118084e-16 -1 4.284885974030164e-16
  outer loop
    vertex 1.6616600520075537 2 3.8614720185819302
    vertex 0.710080933413947 2.0000000000000013 6.47127016763293
    vertex 0.44325610880317223 2.0000000000000013 6.331229696643232
  endloop
endfacet
facet normal -3.976995830118018e-16 -0.9999999999999999 2.74512201588989e-16
  outer loop
    vertex 3.3650141313247306 2 5.337436730177619
    vertex 1.1068200320665134 2.0000000000000013 6.919096034945291
    vertex 0.935638435213878 2.0000000000000013 6.6710966771990075
  endloop
endfacet
facet normal -4.3345565499560904e-16 -1 2.234619213402057e-16
  outer loop
    vertex 3.3650141313247306 2 5.337436730177619
    vertex 3.7134717320642947 2 6.013350177358701
    vertex 1.1068200320665134 2.0000000000000013 6.919096034945291
  endloop
endfacet
facet normal -2.4347520701419726e-16 -1 4.217114289319372e-16
  outer loop
    vertex 2.3202276382848006 2 4.241696191798663
    vertex 0.710080933413947 2.0000000000000013 6.47127016763293
    vertex 1.6616600520075537 2 3.8614720185819302
  endloop
endfacet
facet normal -3.218494867477924e-16 -1 3.632929702073222e-16
  outer loop
    vertex 2.894936152420288 2 4.739683954071559
    vertex 0.935638435213878 2.0000000000000013 6.6710966771990075
    vertex 0.710080933413947 2.0000000000000013 6.47127016763293
  endloop
endfacet
facet normal -3.184795687838045e-16 -1 3.675450154093336e-16
  outer loop
    vertex 2.894936152420288 2 4.739683954071559
    vertex 0.710080933413947 2.0000000000000013 6.47127016763293
    vertex 2.3202276382848006 2 4.241696191798663
  endloop
endfacet
facet normal -3.83036127601778e-16 -1 3.012229401649492e-16
  outer loop
    vertex 2.894936152420288 2 4.739683954071559
    vertex 3.3650141313247306 2 5.337436730177619
    vertex 0.935638435213878 2.0000000000000013 6.6710966771990075
  endloop
endfacet
facet normal -0.7681961873900165 -0.630442318186433 -0.11143204709220303
  outer loop
    vertex 28.668530387697455 -13.641356670646507 1
    vertex 28.81062186212819 -13.775164575498716 0.7774790660436853
    vertex 28.792893218813454 -13.792893218813452 1
  endloop
endfacet
facet normal -0.9889867717217243 -0.09740669504855243 -0.11143204709221016
  outer loop
    vertex 28.5 -13.085786437626904 1
    vertex 28.525072087818177 -13.085786437626906 0.7774790660436853
    vertex 28.51921471959677 -13.280876759643034 1
  endloop
endfacet
facet normal -0.14187509088524938 -0.32143003889575616 -0.9362447269180076
  outer loop
    vertex 29.25484033530588 -13.273904064710578 0.04894348370484647
    vertex 29.342653938643526 -13.243132498983378 0.02507208781817638
    vertex 29.1931978658234 -13.392588571803504 0.09903113209758074
  endloop
endfacet
facet normal -0.17710058659683015 0.020309162882998284 -0.9839831909794244
  outer loop
    vertex 29.21450552369883 -13.204042121693453 0.04894348370484647
    vertex 29.5 -13.085786437626906 0
    vertex 29.342653938643526 -13.243132498983378 0.02507208781817638
  endloop
endfacet
facet normal 0 0 0
  outer loop
    vertex 29.21450552369883 -13.204042121693453 0.04894348370484647
    vertex 29.5 -13.085786437626906 0
    vertex 29.5 -13.085786437626906 0
  endloop
endfacet
facet normal -0.11086827893994528 -0.13958977252952348 -0.9839831909794244
  outer loop
    vertex 29.21450552369883 -13.204042121693453 0.04894348370484647
    vertex 29.277479066043686 -13.085786437626904 0.02507208781817638
    vertex 29.5 -13.085786437626906 0
  endloop
endfacet
facet normal -0.35165069255884107 -0.20302562200957588 -0.9138503089841971
  outer loop
    vertex 29.21450552369883 -13.204042121693453 0.04894348370484647
    vertex 29.25484033530588 -13.273904064710578 0.04894348370484647
    vertex 29.1931978658234 -13.392588571803504 0.09903113209758074
  endloop
endfacet
facet normal -0.21876588190776802 -0.12630454080896236 -0.9675684223268934
  outer loop
    vertex 29.21450552369883 -13.204042121693453 0.04894348370484647
    vertex 29.342653938643526 -13.243132498983378 0.02507208781817638
    vertex 29.25484033530588 -13.273904064710578 0.04894348370484647
  endloop
endfacet
facet normal -0.3276061990266616 0.12696452133381728 -0.9362447269180094
  outer loop
    vertex 29.19362668884978 -13.126121249233952 0.04894348370484647
    vertex 29.066116260882442 -13.085786437626904 0.09903113209758074
    vertex 29.277479066043686 -13.085786437626904 0.02507208781817638
  endloop
endfacet
facet normal -0.24400163588990637 -0.06538004128856793 -0.967568422326894
  outer loop
    vertex 29.19362668884978 -13.126121249233952 0.04894348370484647
    vertex 29.277479066043686 -13.085786437626904 0.02507208781817638
    vertex 29.21450552369883 -13.204042121693453 0.04894348370484647
  endloop
endfacet
facet normal -0.3922153833948899 -0.10509379523971538 -0.9138503089841971
  outer loop
    vertex 29.19362668884978 -13.126121249233952 0.04894348370484647
    vertex 29.21450552369883 -13.204042121693453 0.04894348370484647
    vertex 29.066116260882442 -13.085786437626904 0.09903113209758074
  endloop
endfacet
facet normal -0.4066477536821777 -0.34504505982524386 -0.845920511109308
  outer loop
    vertex 28.990963039544873 -13.37967906377314 0.19098300562505255
    vertex 29.1931978658234 -13.392588571803504 0.09903113209758074
    vertex 29.059126133105032 -13.526660304521872 0.21816851753197009
  endloop
endfacet
facet normal -0.5886659077409931 -0.4026454425774498 -0.7009629780773606
  outer loop
    vertex 28.990963039544873 -13.37967906377314 0.19098300562505255
    vertex 29.059126133105032 -13.526660304521872 0.21816851753197009
    vertex 28.947161657001725 -13.63862478062518 0.3765101981412663
  endloop
endfacet
facet normal -0.41641127440006137 -0.18917899100632668 -0.8892766498195852
  outer loop
    vertex 28.990963039544873 -13.37967906377314 0.19098300562505255
    vertex 29.21450552369883 -13.204042121693453 0.04894348370484647
    vertex 29.1931978658234 -13.392588571803504 0.09903113209758074
  endloop
endfacet
facet normal -0.5315270858002998 -0.043559682565590355 -0.8459205111093039
  outer loop
    vertex 28.932243044498865 -13.237916455350588 0.19098300562505255
    vertex 28.87651019814127 -13.085786437626904 0.21816851753197009
    vertex 29.066116260882442 -13.085786437626904 0.09903113209758074
  endloop
endfacet
facet normal -0.7009629780773614 -0.1315363323566017 -0.7009629780773663
  outer loop
    vertex 28.932243044498865 -13.237916455350588 0.19098300562505255
    vertex 28.71816851753197 -13.085786437626906 0.3765101981412663
    vertex 28.87651019814127 -13.085786437626904 0.21816851753197009
  endloop
endfacet
facet normal -0.42821698328941754 -0.1606774884922141 -0.8892766498195852
  outer loop
    vertex 28.932243044498865 -13.237916455350588 0.19098300562505255
    vertex 29.066116260882442 -13.085786437626904 0.09903113209758074
    vertex 29.21450552369883 -13.204042121693453 0.04894348370484647
  endloop
endfacet
facet normal -0.42551470602625074 -0.17625396222527465 -0.887621414655643
  outer loop
    vertex 28.932243044498865 -13.237916455350588 0.19098300562505255
    vertex 29.21450552369883 -13.204042121693453 0.04894348370484647
    vertex 28.990963039544873 -13.37967906377314 0.19098300562505255
  endloop
endfacet
facet normal -0.6109377364209846 -0.5863298173009959 -0.5319515274539439
  outer loop
    vertex 28.858163665160262 -13.578284779214938 0.41221474770752686
    vertex 28.947161657001725 -13.63862478062518 0.3765101981412663
    vertex 28.862918803868233 -13.722867633758673 0.5661162608824417
  endloop
endfacet
facet normal -0.5666619027471843 -0.41439106687512545 -0.7121617313988697
  outer loop
    vertex 28.858163665160262 -13.578284779214938 0.41221474770752686
    vertex 28.990963039544873 -13.37967906377314 0.19098300562505255
    vertex 28.947161657001725 -13.63862478062518 0.3765101981412663
  endloop
endfacet
facet normal -0.6220251833811379 -0.3591264070678384 -0.6957822180727294
  outer loop
    vertex 28.752565757443186 -13.395383837875999 0.41221474770752686
    vertex 28.990963039544873 -13.37967906377314 0.19098300562505255
    vertex 28.858163665160262 -13.578284779214938 0.41221474770752686
  endloop
endfacet
facet normal -0.6458996096394396 -0.26754037824414534 -0.7150075805728211
  outer loop
    vertex 28.752565757443186 -13.395383837875999 0.41221474770752686
    vertex 28.932243044498865 -13.237916455350588 0.19098300562505255
    vertex 28.990963039544873 -13.37967906377314 0.19098300562505255
  endloop
endfacet
facet normal -0.7918174662907554 -0.4571560273120304 -0.4050104526665586
  outer loop
    vertex 28.752565757443186 -13.395383837875999 0.41221474770752686
    vertex 28.858163665160262 -13.578284779214938 0.41221474770752686
    vertex 28.862918803868233 -13.722867633758673 0.5661162608824417
  endloop
endfacet
facet normal -0.8465960061314373 -0.01740042648060259 -0.5319515274539519
  outer loop
    vertex 28.697904258162872 -13.191384345343979 0.41221474770752686
    vertex 28.59903113209758 -13.085786437626906 0.5661162608824417
    vertex 28.71816851753197 -13.085786437626906 0.3765101981412663
  endloop
endfacet
facet normal -0.8831576268487877 -0.23664137290352225 -0.4050104526665376
  outer loop
    vertex 28.697904258162872 -13.191384345343979 0.41221474770752686
    vertex 28.752565757443186 -13.395383837875999 0.41221474770752686
    vertex 28.59903113209758 -13.085786437626906 0.5661162608824417
  endloop
endfacet
facet normal -0.6937092075231294 -0.1076717406220518 -0.7121617313988793
  outer loop
    vertex 28.697904258162872 -13.191384345343979 0.41221474770752686
    vertex 28.71816851753197 -13.085786437626906 0.3765101981412663
    vertex 28.932243044498865 -13.237916455350588 0.19098300562505255
  endloop
endfacet
facet normal -0.6937789429784315 -0.18589750749679082 -0.695782218072732
  outer loop
    vertex 28.697904258162872 -13.191384345343979 0.41221474770752686
    vertex 28.932243044498865 -13.237916455350588 0.19098300562505255
    vertex 28.752565757443186 -13.395383837875999 0.41221474770752686
  endloop
endfacet
facet normal -0.7343115950964764 -0.5939501455395652 -0.32864830125895655
  outer loop
    vertex 28.67636089645367 -13.561314695774483 0.6909830056250525
    vertex 28.862918803868233 -13.722867633758673 0.5661162608824417
    vertex 28.81062186212819 -13.775164575498716 0.7774790660436853
  endloop
endfacet
facet normal -0.8728618324156898 -0.4665543695726003 -0.14296587615454862
  outer loop
    vertex 28.67636089645367 -13.561314695774483 0.6909830056250525
    vertex 28.668530387697455 -13.641356670646507 1
    vertex 28.576120467488714 -13.468469869991996 1
  endloop
endfacet
facet normal -0.7351075329984732 -0.47502692453486506 -0.48370066766115377
  outer loop
    vertex 28.67636089645367 -13.561314695774483 0.6909830056250525
    vertex 28.752565757443186 -13.395383837875999 0.41221474770752686
    vertex 28.862918803868233 -13.722867633758673 0.5661162608824417
  endloop
endfacet
facet normal -0.8026772220735048 -0.5721080135916432 -0.16852803312382653
  outer loop
    vertex 28.67636089645367 -13.561314695774483 0.6909830056250525
    vertex 28.81062186212819 -13.775164575498716 0.7774790660436853
    vertex 28.668530387697455 -13.641356670646507 1
  endloop
endfacet
facet normal -0.9392228839943949 -0.09925053279886428 -0.32864830125894895
  outer loop
    vertex 28.58134994865 -13.331937977012947 0.6909830056250525
    vertex 28.525072087818177 -13.085786437626906 0.7774790660436853
    vertex 28.59903113209758 -13.085786437626906 0.5661162608824417
  endloop
endfacet
facet normal -0.9471102792570528 -0.28730276222304507 -0.14296587615454232
  outer loop
    vertex 28.58134994865 -13.331937977012947 0.6909830056250525
    vertex 28.576120467488714 -13.468469869991996 1
    vertex 28.51921471959677 -13.280876759643034 1
  endloop
endfacet
facet normal -0.8556942810693263 -0.18390476189974395 -0.48370066766115505
  outer loop
    vertex 28.58134994865 -13.331937977012947 0.6909830056250525
    vertex 28.59903113209758 -13.085786437626906 0.5661162608824417
    vertex 28.752565757443186 -13.395383837875999 0.41221474770752686
  endloop
endfacet
facet normal -0.9085105968882634 -0.3763174107908 -0.18164168485631135
  outer loop
    vertex 28.58134994865 -13.331937977012947 0.6909830056250525
    vertex 28.67636089645367 -13.561314695774483 0.6909830056250525
    vertex 28.576120467488714 -13.468469869991996 1
  endloop
endfacet
facet normal -0.9721199628139735 -0.16303705085033735 -0.16852803312381984
  outer loop
    vertex 28.58134994865 -13.331937977012947 0.6909830056250525
    vertex 28.51921471959677 -13.280876759643034 1
    vertex 28.525072087818177 -13.085786437626906 0.7774790660436853
  endloop
endfacet
facet normal -0.832788725246254 -0.3449523845884046 -0.43297897347272263
  outer loop
    vertex 28.58134994865 -13.331937977012947 0.6909830056250525
    vertex 28.752565757443186 -13.395383837875999 0.41221474770752686
    vertex 28.67636089645367 -13.561314695774483 0.6909830056250525
  endloop
endfacet
facet normal -0.768196187390017 -0.630442318186432 0.11143204709220406
  outer loop
    vertex 28.668530387697455 -13.641356670646507 14
    vertex 28.792893218813454 -13.792893218813452 14.000000000000002
    vertex 28.81062186212819 -13.775164575498716 14.222520933956314
  endloop
endfacet
facet normal -0.9889867717217242 -0.09740669504855243 0.11143204709221032
  outer loop
    vertex 28.5 -13.085786437626904 14
    vertex 28.51921471959677 -13.280876759643034 14
    vertex 28.525072087818177 -13.085786437626906 14.222520933956314
  endloop
endfacet
facet normal -0.14187509088525685 -0.3214300388957547 0.9362447269180071
  outer loop
    vertex 29.25484033530588 -13.273904064710578 14.951056516295154
    vertex 29.1931978658234 -13.392588571803504 14.900968867902419
    vertex 29.342653938643526 -13.243132498983378 14.974927912181824
  endloop
endfacet
facet normal -0.1771005865968328 0.020309162883005927 0.9839831909794239
  outer loop
    vertex 29.21450552369883 -13.204042121693453 14.951056516295154
    vertex 29.342653938643526 -13.243132498983378 14.974927912181824
    vertex 29.5 -13.085786437626906 15
  endloop
endfacet
facet normal 0 0 0
  outer loop
    vertex 29.21450552369883 -13.204042121693453 14.951056516295154
    vertex 29.5 -13.085786437626906 15
    vertex 29.5 -13.085786437626906 15
  endloop
endfacet
facet normal -0.11086827893994178 -0.13958977252953075 0.9839831909794237
  outer loop
    vertex 29.21450552369883 -13.204042121693453 14.951056516295154
    vertex 29.5 -13.085786437626906 15
    vertex 29.277479066043686 -13.085786437626904 14.974927912181824
  endloop
endfacet
facet normal -0.351650692558843 -0.20302562200957697 0.9138503089841958
  outer loop
    vertex 29.21450552369883 -13.204042121693453 14.951056516295154
    vertex 29.1931978658234 -13.392588571803504 14.900968867902419
    vertex 29.25484033530588 -13.273904064710578 14.951056516295154
  endloop
endfacet
facet normal -0.21876588190777377 -0.12630454080896567 0.9675684223268918
  outer loop
    vertex 29.21450552369883 -13.204042121693453 14.951056516295154
    vertex 29.25484033530588 -13.273904064710578 14.951056516295154
    vertex 29.342653938643526 -13.243132498983378 14.974927912181824
  endloop
endfacet
facet normal -0.3276061990266658 0.12696452133381092 0.936244726918009
  outer loop
    vertex 29.19362668884978 -13.126121249233952 14.951056516295154
    vertex 29.277479066043686 -13.085786437626904 14.974927912181824
    vertex 29.066116260882442 -13.085786437626904 14.900968867902419
  endloop
endfacet
facet normal -0.24400163588991272 -0.06538004128856963 0.9675684223268921
  outer loop
    vertex 29.19362668884978 -13.126121249233952 14.951056516295154
    vertex 29.21450552369883 -13.204042121693453 14.951056516295154
    vertex 29.277479066043686 -13.085786437626904 14.974927912181824
  endloop
endfacet
facet normal -0.3922153833948921 -0.10509379523971596 0.9138503089841961
  outer loop
    vertex 29.19362668884978 -13.126121249233952 14.951056516295154
    vertex 29.066116260882442 -13.085786437626904 14.900968867902419
    vertex 29.21450552369883 -13.204042121693453 14.951056516295154
  endloop
endfacet
facet normal -0.40664775368218065 -0.34504505982523775 0.8459205111093091
  outer loop
    vertex 28.990963039544873 -13.37967906377314 14.809016994374947
    vertex 29.059126133105032 -13.526660304521872 14.78183148246803
    vertex 29.1931978658234 -13.392588571803504 14.900968867902419
  endloop
endfacet
facet normal -0.5886659077409988 -0.4026454425774456 0.7009629780773582
  outer loop
    vertex 28.990963039544873 -13.37967906377314 14.809016994374947
    vertex 28.947161657001725 -13.63862478062518 14.623489801858733
    vertex 29.059126133105032 -13.526660304521872 14.78183148246803
  endloop
endfacet
facet normal -0.4164112744000637 -0.1891789910063276 0.8892766498195839
  outer loop
    vertex 28.990963039544873 -13.37967906377314 14.809016994374947
    vertex 29.1931978658234 -13.392588571803504 14.900968867902419
    vertex 29.21450552369883 -13.204042121693453 14.951056516295154
  endloop
endfacet
facet normal -0.5315270858002975 -0.04355968256559674 0.8459205111093049
  outer loop
    vertex 28.932243044498865 -13.237916455350588 14.809016994374947
    vertex 29.066116260882442 -13.085786437626904 14.900968867902419
    vertex 28.87651019814127 -13.085786437626904 14.78183148246803
  endloop
endfacet
facet normal -0.7009629780773624 -0.13153633235660864 0.700962978077364
  outer loop
    vertex 28.932243044498865 -13.237916455350588 14.809016994374947
    vertex 28.87651019814127 -13.085786437626904 14.78183148246803
    vertex 28.71816851753197 -13.085786437626906 14.623489801858733
  endloop
endfacet
facet normal -0.42821698328941993 -0.16067748849221516 0.889276649819584
  outer loop
    vertex 28.932243044498865 -13.237916455350588 14.809016994374947
    vertex 29.21450552369883 -13.204042121693453 14.951056516295154
    vertex 29.066116260882442 -13.085786437626904 14.900968867902419
  endloop
endfacet
facet normal -0.4255147060262531 -0.17625396222527562 0.8876214146556417
  outer loop
    vertex 28.932243044498865 -13.237916455350588 14.809016994374947
    vertex 28.990963039544873 -13.37967906377314 14.809016994374947
    vertex 29.21450552369883 -13.204042121693453 14.951056516295154
  endloop
endfacet
facet normal -0.6109377364209827 -0.5863298173009979 0.5319515274539443
  outer loop
    vertex 28.858163665160262 -13.578284779214938 14.587785252292473
    vertex 28.862918803868233 -13.722867633758673 14.433883739117558
    vertex 28.947161657001725 -13.63862478062518 14.623489801858733
  endloop
endfacet
facet normal -0.5666619027471812 -0.41439106687512606 0.7121617313988718
  outer loop
    vertex 28.858163665160262 -13.578284779214938 14.587785252292473
    vertex 28.947161657001725 -13.63862478062518 14.623489801858733
    vertex 28.990963039544873 -13.37967906377314 14.809016994374947
  endloop
endfacet
facet normal -0.6220251833811364 -0.3591264070678375 0.6957822180727312
  outer loop
    vertex 28.752565757443186 -13.395383837875999 14.587785252292473
    vertex 28.858163665160262 -13.578284779214938 14.587785252292473
    vertex 28.990963039544873 -13.37967906377314 14.809016994374947
  endloop
endfacet
facet normal -0.6458996096394379 -0.2675403782441446 0.7150075805728228
  outer loop
    vertex 28.752565757443186 -13.395383837875999 14.587785252292473
    vertex 28.990963039544873 -13.37967906377314 14.809016994374947
    vertex 28.932243044498865 -13.237916455350588 14.809016994374947
  endloop
endfacet
facet normal -0.7918174662907557 -0.4571560273120306 0.4050104526665576
  outer loop
    vertex 28.752565757443186 -13.395383837875999 14.587785252292473
    vertex 28.862918803868233 -13.722867633758673 14.433883739117558
    vertex 28.858163665160262 -13.578284779214938 14.587785252292473
  endloop
endfacet
facet normal -0.8465960061314373 -0.017400426480599886 0.5319515274539522
  outer loop
    vertex 28.697904258162872 -13.191384345343979 14.587785252292473
    vertex 28.71816851753197 -13.085786437626906 14.623489801858733
    vertex 28.59903113209758 -13.085786437626906 14.433883739117558
  endloop
endfacet
facet normal -0.883157626848788 -0.23664137290352233 0.4050104526665366
  outer loop
    vertex 28.697904258162872 -13.191384345343979 14.587785252292473
    vertex 28.59903113209758 -13.085786437626906 14.433883739117558
    vertex 28.752565757443186 -13.395383837875999 14.587785252292473
  endloop
endfacet
facet normal -0.6937092075231277 -0.10767174062204915 0.7121617313988814
  outer loop
    vertex 28.697904258162872 -13.191384345343979 14.587785252292473
    vertex 28.932243044498865 -13.237916455350588 14.809016994374947
    vertex 28.71816851753197 -13.085786437626906 14.623489801858733
  endloop
endfacet
facet normal -0.6937789429784299 -0.1858975074967904 0.6957822180727339
  outer loop
    vertex 28.697904258162872 -13.191384345343979 14.587785252292473
    vertex 28.752565757443186 -13.395383837875999 14.587785252292473
    vertex 28.932243044498865 -13.237916455350588 14.809016994374947
  endloop
endfacet
facet normal -0.734311595096477 -0.5939501455395647 0.32864830125895644
  outer loop
    vertex 28.67636089645367 -13.561314695774483 14.309016994374947
    vertex 28.81062186212819 -13.775164575498716 14.222520933956314
    vertex 28.862918803868233 -13.722867633758673 14.433883739117558
  endloop
endfacet
facet normal -0.8728618324156897 -0.4665543695726002 0.14296587615454898
  outer loop
    vertex 28.67636089645367 -13.561314695774483 14.309016994374947
    vertex 28.576120467488714 -13.468469869991996 14
    vertex 28.668530387697455 -13.641356670646507 14
  endloop
endfacet
facet normal -0.7351075329984741 -0.47502692453486534 0.4837006676611523
  outer loop
    vertex 28.67636089645367 -13.561314695774483 14.309016994374947
    vertex 28.862918803868233 -13.722867633758673 14.433883739117558
    vertex 28.752565757443186 -13.395383837875999 14.587785252292473
  endloop
endfacet
facet normal -0.8026772220735049 -0.5721080135916429 0.16852803312382697
  outer loop
    vertex 28.67636089645367 -13.561314695774483 14.309016994374947
    vertex 28.668530387697455 -13.641356670646507 14
    vertex 28.81062186212819 -13.775164575498716 14.222520933956314
  endloop
endfacet
facet normal -0.9392228839943949 -0.09925053279886507 0.3286483012589488
  outer loop
    vertex 28.58134994865 -13.331937977012947 14.309016994374947
    vertex 28.59903113209758 -13.085786437626906 14.433883739117558
    vertex 28.525072087818177 -13.085786437626906 14.222520933956314
  endloop
endfacet
facet normal -0.9471102792570526 -0.287302762223045 0.14296587615454273
  outer loop
    vertex 28.58134994865 -13.331937977012947 14.309016994374947
    vertex 28.51921471959677 -13.280876759643034 14
    vertex 28.576120467488714 -13.468469869991996 14
  endloop
endfacet
facet normal -0.8556942810693271 -0.18390476189974445 0.48370066766115355
  outer loop
    vertex 28.58134994865 -13.331937977012947 14.309016994374947
    vertex 28.752565757443186 -13.395383837875999 14.587785252292473
    vertex 28.59903113209758 -13.085786437626906 14.433883739117558
  endloop
endfacet
facet normal -0.9085105968882633 -0.37631741079079994 0.18164168485631185
  outer loop
    vertex 28.58134994865 -13.331937977012947 14.309016994374947
    vertex 28.576120467488714 -13.468469869991996 14
    vertex 28.67636089645367 -13.561314695774483 14.309016994374947
  endloop
endfacet
facet normal -0.9721199628139734 -0.1630370508503375 0.16852803312382025
  outer loop
    vertex 28.58134994865 -13.331937977012947 14.309016994374947
    vertex 28.525072087818177 -13.085786437626906 14.222520933956314
    vertex 28.51921471959677 -13.280876759643034 14
  endloop
endfacet
facet normal -0.8327887252462547 -0.3449523845884048 0.4329789734727212
  outer loop
    vertex 28.58134994865 -13.331937977012947 14.309016994374947
    vertex 28.67636089645367 -13.561314695774483 14.309016994374947
    vertex 28.752565757443186 -13.395383837875999 14.587785252292473
  endloop
endfacet
facet normal -0.7071067811865478 -0.7071067811865474 0
  outer loop
    vertex 28.792893218813454 -13.792893218813452 1
    vertex 31.707106781186546 -16.707106781186546 1
    vertex 31.707106781186546 -16.707106781186546 14.000000000000002
  endloop
endfacet
facet normal -0.7071067811865478 -0.7071067811865474 0
  outer loop
    vertex 28.792893218813454 -13.792893218813452 1
    vertex 31.707106781186546 -16.707106781186546 14.000000000000002
    vertex 28.792893218813454 -13.792893218813452 14.000000000000002
  endloop
endfacet
facet normal 0.11196447610330962 0 -0.9937122098932426
  outer loop
    vertex 34.72252093395631 -16 0.02507208781817638
    vertex 34.5 6 0
    vertex 34.72252093395631 6 0.02507208781817638
  endloop
endfacet
facet normal 0.11196447610330962 0 -0.9937122098932426
  outer loop
    vertex 34.72252093395631 -16 0.02507208781817638
    vertex 34.5 -16 0
    vertex 34.5 6 0
  endloop
endfacet
facet normal 0.3302790619551666 0 -0.9438833303083677
  outer loop
    vertex 34.933883739117555 -16 0.09903113209758074
    vertex 34.72252093395631 6 0.02507208781817638
    vertex 34.933883739117555 6 0.09903113209758074
  endloop
endfacet
facet normal 0.3302790619551666 0 -0.9438833303083677
  outer loop
    vertex 34.933883739117555 -16 0.09903113209758074
    vertex 34.72252093395631 -16 0.02507208781817638
    vertex 34.72252093395631 6 0.02507208781817638
  endloop
endfacet
facet normal 0.5320320765153334 0 -0.8467241992282862
  outer loop
    vertex 35.12348980185873 -16 0.21816851753197009
    vertex 34.933883739117555 6 0.09903113209758074
    vertex 35.12348980185873 6 0.21816851753197009
  endloop
endfacet
facet normal 0.5320320765153334 0 -0.8467241992282862
  outer loop
    vertex 35.12348980185873 -16 0.21816851753197009
    vertex 34.933883739117555 -16 0.09903113209758074
    vertex 34.933883739117555 6 0.09903113209758074
  endloop
endfacet
facet normal 0.7071067811865459 0 -0.7071067811865493
  outer loop
    vertex 35.28183148246803 -16 0.3765101981412663
    vertex 35.12348980185873 6 0.21816851753197009
    vertex 35.28183148246803 6 0.3765101981412663
  endloop
endfacet
facet normal 0.8467241992282784 0 -0.5320320765153458
  outer loop
    vertex 35.28183148246803 -16 0.3765101981412663
    vertex 35.28183148246803 6 0.3765101981412663
    vertex 35.40096886790242 6 0.5661162608824417
  endloop
endfacet
facet normal 0.7071067811865459 0 -0.7071067811865493
  outer loop
    vertex 35.28183148246803 -16 0.3765101981412663
    vertex 35.12348980185873 -16 0.21816851753197009
    vertex 35.12348980185873 6 0.21816851753197009
  endloop
endfacet
facet normal 0.8467241992282784 0 -0.5320320765153458
  outer loop
    vertex 35.40096886790242 -16 0.5661162608824417
    vertex 35.28183148246803 -16 0.3765101981412663
    vertex 35.40096886790242 6 0.5661162608824417
  endloop
endfacet
facet normal 0.9438833303083664 0 -0.33027906195517076
  outer loop
    vertex 35.474927912181826 -16 0.7774790660436853
    vertex 35.40096886790242 6 0.5661162608824417
    vertex 35.474927912181826 6 0.7774790660436853
  endloop
endfacet
facet normal 0.9438833303083664 0 -0.33027906195517076
  outer loop
    vertex 35.474927912181826 -16 0.7774790660436853
    vertex 35.40096886790242 -16 0.5661162608824417
    vertex 35.40096886790242 6 0.5661162608824417
  endloop
endfacet
facet normal 0.9937122098932438 0 -0.1119644761032964
  outer loop
    vertex 35.5 -16 1
    vertex 35.474927912181826 6 0.7774790660436853
    vertex 35.5 6 1
  endloop
endfacet
facet normal 0.9937122098932438 0 -0.1119644761032964
  outer loop
    vertex 35.5 -16 1
    vertex 35.474927912181826 -16 0.7774790660436853
    vertex 35.474927912181826 6 0.7774790660436853
  endloop
endfacet
facet normal 0 0.9937122098932425 -0.11196447610330816
  outer loop
    vertex 34.5 6.9749279121818235 0.7774790660436853
    vertex -34.5 6.9749279121818235 0.7774790660436853
    vertex -34.5 7 1
  endloop
endfacet
facet normal 0 0.9937122098932425 -0.11196447610330816
  outer loop
    vertex 34.5 6.9749279121818235 0.7774790660436853
    vertex -34.5 7 1
    vertex 34.5 7 1
  endloop
endfacet
facet normal 0 0.9438833303083676 -0.3302790619551672
  outer loop
    vertex 34.5 6.900968867902419 0.5661162608824417
    vertex -34.5 6.900968867902419 0.5661162608824417
    vertex -34.5 6.9749279121818235 0.7774790660436853
  endloop
endfacet
facet normal 0 0.9438833303083676 -0.3302790619551672
  outer loop
    vertex 34.5 6.900968867902419 0.5661162608824417
    vertex -34.5 6.9749279121818235 0.7774790660436853
    vertex 34.5 6.9749279121818235 0.7774790660436853
  endloop
endfacet
facet normal 0 0.8467241992282837 -0.5320320765153372
  outer loop
    vertex 34.5 6.7818314824680295 0.3765101981412663
    vertex -34.5 6.7818314824680295 0.3765101981412663
    vertex -34.5 6.900968867902419 0.5661162608824417
  endloop
endfacet
facet normal 0 0.8467241992282837 -0.5320320765153372
  outer loop
    vertex 34.5 6.7818314824680295 0.3765101981412663
    vertex -34.5 6.900968867902419 0.5661162608824417
    vertex 34.5 6.900968867902419 0.5661162608824417
  endloop
endfacet
facet normal 0 0.7071067811865477 -0.7071067811865472
  outer loop
    vertex 34.5 6.623489801858733 0.21816851753197009
    vertex -34.5 6.623489801858733 0.21816851753197009
    vertex -34.5 6.7818314824680295 0.3765101981412663
  endloop
endfacet
facet normal 0 0.7071067811865477 -0.7071067811865472
  outer loop
    vertex 34.5 6.623489801858733 0.21816851753197009
    vertex -34.5 6.7818314824680295 0.3765101981412663
    vertex 34.5 6.7818314824680295 0.3765101981412663
  endloop
endfacet
facet normal 0 0.5320320765153368 -0.8467241992282839
  outer loop
    vertex 34.5 6.433883739117558 0.09903113209758074
    vertex -34.5 6.433883739117558 0.09903113209758074
    vertex -34.5 6.623489801858733 0.21816851753197009
  endloop
endfacet
facet normal 0 0.5320320765153368 -0.8467241992282839
  outer loop
    vertex 34.5 6.433883739117558 0.09903113209758074
    vertex -34.5 6.623489801858733 0.21816851753197009
    vertex 34.5 6.623489801858733 0.21816851753197009
  endloop
endfacet
facet normal 0 0.33027906195516654 -0.9438833303083677
  outer loop
    vertex 34.5 6.222520933956314 0.02507208781817638
    vertex -34.5 6.222520933956314 0.02507208781817638
    vertex -34.5 6.433883739117558 0.09903113209758074
  endloop
endfacet
facet normal 0 0.33027906195516654 -0.9438833303083677
  outer loop
    vertex 34.5 6.222520933956314 0.02507208781817638
    vertex -34.5 6.433883739117558 0.09903113209758074
    vertex 34.5 6.433883739117558 0.09903113209758074
  endloop
endfacet
facet normal -2.8824472883474667e-18 0.11196447610330695 -0.9937122098932426
  outer loop
    vertex 34.5 6 0
    vertex -34.5 5.999999999999998 0
    vertex -34.5 6.222520933956314 0.02507208781817638
  endloop
endfacet
facet normal 0 0.11196447610330784 -0.9937122098932425
  outer loop
    vertex 34.5 6 0
    vertex -34.5 6.222520933956314 0.02507208781817638
    vertex 34.5 6.222520933956314 0.02507208781817638
  endloop
endfacet
facet normal 0 -0.11196447610330784 -0.9937122098932426
  outer loop
    vertex 32.41421356237309 -16.222520933956314 0.02507208781817638
    vertex 34.5 -16 0
    vertex 34.5 -16.222520933956314 0.02507208781817638
  endloop
endfacet
facet normal 0 -0.11196447610330784 -0.9937122098932426
  outer loop
    vertex 32.41421356237309 -16.222520933956314 0.02507208781817638
    vertex 32.41421356237309 -16 0
    vertex 34.5 -16 0
  endloop
endfacet
facet normal 0 -0.3302790619551666 -0.9438833303083677
  outer loop
    vertex 32.41421356237309 -16.433883739117558 0.09903113209758074
    vertex 34.5 -16.222520933956314 0.02507208781817638
    vertex 34.5 -16.433883739117558 0.09903113209758074
  endloop
endfacet
facet normal 0 -0.3302790619551666 -0.9438833303083677
  outer loop
    vertex 32.41421356237309 -16.433883739117558 0.09903113209758074
    vertex 32.41421356237309 -16.222520933956314 0.02507208781817638
    vertex 34.5 -16.222520933956314 0.02507208781817638
  endloop
endfacet
facet normal 0 -0.5320320765153406 -0.8467241992282818
  outer loop
    vertex 32.41421356237309 -16.62348980185873 0.21816851753197009
    vertex 34.5 -16.433883739117558 0.09903113209758074
    vertex 34.5 -16.62348980185873 0.21816851753197009
  endloop
endfacet
facet normal 0 -0.5320320765153406 -0.8467241992282818
  outer loop
    vertex 32.41421356237309 -16.62348980185873 0.21816851753197009
    vertex 32.41421356237309 -16.433883739117558 0.09903113209758074
    vertex 34.5 -16.433883739117558 0.09903113209758074
  endloop
endfacet
facet normal 0 -0.7071067811865458 -0.7071067811865492
  outer loop
    vertex 32.41421356237309 -16.78183148246803 0.3765101981412663
    vertex 34.5 -16.62348980185873 0.21816851753197009
    vertex 34.5 -16.78183148246803 0.3765101981412663
  endloop
endfacet
facet normal 0 -0.7071067811865458 -0.7071067811865492
  outer loop
    vertex 32.41421356237309 -16.78183148246803 0.3765101981412663
    vertex 32.41421356237309 -16.62348980185873 0.21816851753197009
    vertex 34.5 -16.62348980185873 0.21816851753197009
  endloop
endfacet
facet normal 0 -0.8467241992282784 -0.5320320765153459
  outer loop
    vertex 32.41421356237309 -16.90096886790242 0.5661162608824417
    vertex 34.5 -16.78183148246803 0.3765101981412663
    vertex 34.5 -16.90096886790242 0.5661162608824417
  endloop
endfacet
facet normal 0 -0.8467241992282784 -0.5320320765153459
  outer loop
    vertex 32.41421356237309 -16.90096886790242 0.5661162608824417
    vertex 32.41421356237309 -16.78183148246803 0.3765101981412663
    vertex 34.5 -16.78183148246803 0.3765101981412663
  endloop
endfacet
facet normal 0 -0.9438833303083713 -0.3302790619551566
  outer loop
    vertex 32.41421356237309 -16.974927912181823 0.7774790660436853
    vertex 34.5 -16.90096886790242 0.5661162608824417
    vertex 34.5 -16.974927912181823 0.7774790660436853
  endloop
endfacet
facet normal 0 -0.9438833303083713 -0.3302790619551566
  outer loop
    vertex 32.41421356237309 -16.974927912181823 0.7774790660436853
    vertex 32.41421356237309 -16.90096886790242 0.5661162608824417
    vertex 34.5 -16.90096886790242 0.5661162608824417
  endloop
endfacet
facet normal 0 -0.9937122098932419 -0.11196447610331207
  outer loop
    vertex 32.41421356237309 -17 1
    vertex 34.5 -16.974927912181823 0.7774790660436853
    vertex 34.5 -17 1
  endloop
endfacet
facet normal 0 -0.9937122098932419 -0.11196447610331207
  outer loop
    vertex 32.41421356237309 -17 1
    vertex 32.41421356237309 -16.974927912181823 0.7774790660436853
    vertex 34.5 -16.974927912181823 0.7774790660436853
  endloop
endfacet
facet normal -0.9937122098932438 0 -0.1119644761032964
  outer loop
    vertex -35.5 6 1
    vertex -35.474927912181826 -16 0.7774790660436853
    vertex -35.5 -16 1
  endloop
endfacet
facet normal -0.9438833303083664 0 -0.33027906195517076
  outer loop
    vertex -35.474927912181826 6 0.7774790660436853
    vertex -35.40096886790242 -16 0.5661162608824417
    vertex -35.474927912181826 -16 0.7774790660436853
  endloop
endfacet
facet normal -0.9937122098932438 0 -0.1119644761032964
  outer loop
    vertex -35.474927912181826 6 0.7774790660436853
    vertex -35.474927912181826 -16 0.7774790660436853
    vertex -35.5 6 1
  endloop
endfacet
facet normal -0.9438833303083664 0 -0.33027906195517076
  outer loop
    vertex -35.40096886790242 6 0.5661162608824417
    vertex -35.40096886790242 -16 0.5661162608824417
    vertex -35.474927912181826 6 0.7774790660436853
  endloop
endfacet
facet normal -0.8467241992282784 0 -0.5320320765153458
  outer loop
    vertex -35.28183148246803 6 0.3765101981412663
    vertex -35.28183148246803 -16 0.3765101981412663
    vertex -35.40096886790242 -16 0.5661162608824417
  endloop
endfacet
facet normal -0.8467241992282784 0 -0.5320320765153458
  outer loop
    vertex -35.28183148246803 6 0.3765101981412663
    vertex -35.40096886790242 -16 0.5661162608824417
    vertex -35.40096886790242 6 0.5661162608824417
  endloop
endfacet
facet normal -0.5320320765153334 0 -0.8467241992282862
  outer loop
    vertex -35.12348980185873 6 0.21816851753197009
    vertex -34.933883739117555 -16 0.09903113209758074
    vertex -35.12348980185873 -16 0.21816851753197009
  endloop
endfacet
facet normal -0.7071067811865459 0 -0.7071067811865493
  outer loop
    vertex -35.12348980185873 6 0.21816851753197009
    vertex -35.12348980185873 -16 0.21816851753197009
    vertex -35.28183148246803 -16 0.3765101981412663
  endloop
endfacet
facet normal -0.7071067811865459 0 -0.7071067811865493
  outer loop
    vertex -35.12348980185873 6 0.21816851753197009
    vertex -35.28183148246803 -16 0.3765101981412663
    vertex -35.28183148246803 6 0.3765101981412663
  endloop
endfacet
facet normal -0.5320320765153334 0 -0.8467241992282862
  outer loop
    vertex -34.933883739117555 6 0.09903113209758074
    vertex -34.933883739117555 -16 0.09903113209758074
    vertex -35.12348980185873 6 0.21816851753197009
  endloop
endfacet
facet normal -0.11196447610330962 0 -0.9937122098932426
  outer loop
    vertex -34.72252093395631 6 0.02507208781817638
    vertex -34.5 -16 0
    vertex -34.72252093395631 -16 0.02507208781817638
  endloop
endfacet
facet normal -0.3302790619551666 0 -0.9438833303083677
  outer loop
    vertex -34.72252093395631 6 0.02507208781817638
    vertex -34.72252093395631 -16 0.02507208781817638
    vertex -34.933883739117555 -16 0.09903113209758074
  endloop
endfacet
facet normal -0.3302790619551666 0 -0.9438833303083677
  outer loop
    vertex -34.72252093395631 6 0.02507208781817638
    vertex -34.933883739117555 -16 0.09903113209758074
    vertex -34.933883739117555 6 0.09903113209758074
  endloop
endfacet
facet normal -0.11196447610330962 0 -0.9937122098932426
  outer loop
    vertex -34.5 5.999999999999998 0
    vertex -34.5 -16 0
    vertex -34.72252093395631 6 0.02507208781817638
  endloop
endfacet
facet normal -0.07917084030464883 -0.07917084030464883 -0.9937122098932426
  outer loop
    vertex 29.342653938643526 -13.243132498983378 0.02507208781817638
    vertex 32.41421356237309 -16 0
    vertex 32.25686750101662 -16.157346061356474 0.02507208781817638
  endloop
endfacet
facet normal -0.07917084030464841 -0.07917084030464837 -0.9937122098932425
  outer loop
    vertex 29.342653938643526 -13.243132498983378 0.02507208781817638
    vertex 29.5 -13.085786437626906 0
    vertex 32.41421356237309 -16 0
  endloop
endfacet
facet normal -0.2335425643924286 -0.23354256439242832 -0.9438833303083686
  outer loop
    vertex 29.1931978658234 -13.392588571803504 0.09903113209758074
    vertex 32.25686750101662 -16.157346061356474 0.02507208781817638
    vertex 32.10741142819649 -16.3068021341766 0.09903113209758074
  endloop
endfacet
facet normal -0.3762034891127525 -0.376203489112752 -0.8467241992282862
  outer loop
    vertex 29.1931978658234 -13.392588571803504 0.09903113209758074
    vertex 32.10741142819649 -16.3068021341766 0.09903113209758074
    vertex 31.973339695478124 -16.440873866894968 0.21816851753197009
  endloop
endfacet
facet normal -0.23354256439243115 -0.23354256439243115 -0.9438833303083672
  outer loop
    vertex 29.1931978658234 -13.392588571803504 0.09903113209758074
    vertex 29.342653938643526 -13.243132498983378 0.02507208781817638
    vertex 32.25686750101662 -16.157346061356474 0.02507208781817638
  endloop
endfacet
facet normal -0.37620348911275264 -0.37620348911275214 -0.8467241992282861
  outer loop
    vertex 29.059126133105032 -13.526660304521872 0.21816851753197009
    vertex 29.1931978658234 -13.392588571803504 0.09903113209758074
    vertex 31.973339695478124 -16.440873866894968 0.21816851753197009
  endloop
endfacet
facet normal -0.500000000000003 -0.5000000000000027 -0.7071067811865437
  outer loop
    vertex 28.947161657001725 -13.63862478062518 0.3765101981412663
    vertex 31.973339695478124 -16.440873866894968 0.21816851753197009
    vertex 31.861375219374818 -16.552838342998275 0.3765101981412663
  endloop
endfacet
facet normal -0.5987244230690686 -0.5987244230690681 -0.532032076515338
  outer loop
    vertex 28.947161657001725 -13.63862478062518 0.3765101981412663
    vertex 31.861375219374818 -16.552838342998275 0.3765101981412663
    vertex 31.777132366241325 -16.637081196131767 0.5661162608824417
  endloop
endfacet
facet normal -0.5000000000000012 -0.5000000000000007 -0.7071067811865464
  outer loop
    vertex 28.947161657001725 -13.63862478062518 0.3765101981412663
    vertex 29.059126133105032 -13.526660304521872 0.21816851753197009
    vertex 31.973339695478124 -16.440873866894968 0.21816851753197009
  endloop
endfacet
facet normal -0.5987244230690685 -0.598724423069068 -0.532032076515338
  outer loop
    vertex 28.862918803868233 -13.722867633758673 0.5661162608824417
    vertex 28.947161657001725 -13.63862478062518 0.3765101981412663
    vertex 31.777132366241325 -16.637081196131767 0.5661162608824417
  endloop
endfacet
facet normal -0.6674263035099892 -0.6674263035099887 -0.3302790619551659
  outer loop
    vertex 28.81062186212819 -13.775164575498716 0.7774790660436853
    vertex 31.777132366241325 -16.637081196131767 0.5661162608824417
    vertex 31.724835424501283 -16.68937813787181 0.7774790660436853
  endloop
endfacet
facet normal -0.7026606421633822 -0.7026606421633819 -0.11196447610330228
  outer loop
    vertex 28.81062186212819 -13.775164575498716 0.7774790660436853
    vertex 31.724835424501283 -16.68937813787181 0.7774790660436853
    vertex 31.707106781186546 -16.707106781186546 1
  endloop
endfacet
facet normal -0.6674263035099895 -0.6674263035099891 -0.33027906195516427
  outer loop
    vertex 28.81062186212819 -13.775164575498716 0.7774790660436853
    vertex 28.862918803868233 -13.722867633758673 0.5661162608824417
    vertex 31.777132366241325 -16.637081196131767 0.5661162608824417
  endloop
endfacet
facet normal -0.7026606421633822 -0.7026606421633819 -0.11196447610330398
  outer loop
    vertex 28.792893218813454 -13.792893218813452 1
    vertex 28.81062186212819 -13.775164575498716 0.7774790660436853
    vertex 31.707106781186546 -16.707106781186546 1
  endloop
endfacet
facet normal 0 -0.11196447610330519 -0.9937122098932428
  outer loop
    vertex -34.5 -16.222520933956314 0.02507208781817638
    vertex -32.41421356237309 -15.999999999999995 0
    vertex -32.41421356237309 -16.222520933956314 0.02507208781817638
  endloop
endfacet
facet normal 2.859834452358916e-16 -0.11196447610330784 -0.9937122098932426
  outer loop
    vertex -34.5 -16.222520933956314 0.02507208781817638
    vertex -34.5 -16 0
    vertex -32.41421356237309 -15.999999999999995 0
  endloop
endfacet
facet normal 0 -0.3302790619551666 -0.9438833303083677
  outer loop
    vertex -34.5 -16.433883739117558 0.09903113209758074
    vertex -32.41421356237309 -16.222520933956314 0.02507208781817638
    vertex -32.41421356237309 -16.433883739117558 0.09903113209758074
  endloop
endfacet
facet normal 0 -0.3302790619551666 -0.9438833303083677
  outer loop
    vertex -34.5 -16.433883739117558 0.09903113209758074
    vertex -34.5 -16.222520933956314 0.02507208781817638
    vertex -32.41421356237309 -16.222520933956314 0.02507208781817638
  endloop
endfacet
facet normal 0 -0.5320320765153406 -0.8467241992282818
  outer loop
    vertex -34.5 -16.62348980185873 0.21816851753197009
    vertex -32.41421356237309 -16.433883739117558 0.09903113209758074
    vertex -32.41421356237309 -16.62348980185873 0.21816851753197009
  endloop
endfacet
facet normal 0 -0.7071067811865458 -0.7071067811865492
  outer loop
    vertex -34.5 -16.62348980185873 0.21816851753197009
    vertex -32.41421356237309 -16.62348980185873 0.21816851753197009
    vertex -32.41421356237309 -16.78183148246803 0.3765101981412663
  endloop
endfacet
facet normal 0 -0.5320320765153406 -0.8467241992282818
  outer loop
    vertex -34.5 -16.62348980185873 0.21816851753197009
    vertex -34.5 -16.433883739117558 0.09903113209758074
    vertex -32.41421356237309 -16.433883739117558 0.09903113209758074
  endloop
endfacet
facet normal 0 -0.7071067811865458 -0.7071067811865492
  outer loop
    vertex -34.5 -16.78183148246803 0.3765101981412663
    vertex -34.5 -16.62348980185873 0.21816851753197009
    vertex -32.41421356237309 -16.78183148246803 0.3765101981412663
  endloop
endfacet
facet normal 0 -0.8467241992282784 -0.5320320765153459
  outer loop
    vertex -34.5 -16.90096886790242 0.5661162608824417
    vertex -32.41421356237309 -16.78183148246803 0.3765101981412663
    vertex -32.41421356237309 -16.90096886790242 0.5661162608824417
  endloop
endfacet
facet normal 0 -0.8467241992282784 -0.5320320765153459
  outer loop
    vertex -34.5 -16.90096886790242 0.5661162608824417
    vertex -34.5 -16.78183148246803 0.3765101981412663
    vertex -32.41421356237309 -16.78183148246803 0.3765101981412663
  endloop
endfacet
facet normal 0 -0.9438833303083712 -0.33027906195515655
  outer loop
    vertex -34.5 -16.974927912181823 0.7774790660436853
    vertex -32.41421356237309 -16.90096886790242 0.5661162608824417
    vertex -32.414213562373085 -16.974927912181823 0.7774790660436853
  endloop
endfacet
facet normal 0 -0.9438833303083713 -0.3302790619551566
  outer loop
    vertex -34.5 -16.974927912181823 0.7774790660436853
    vertex -34.5 -16.90096886790242 0.5661162608824417
    vertex -32.41421356237309 -16.90096886790242 0.5661162608824417
  endloop
endfacet
facet normal 0 -0.9937122098932419 -0.11196447610331207
  outer loop
    vertex -34.5 -17 1
    vertex -32.414213562373085 -16.974927912181823 0.7774790660436853
    vertex -32.41421356237309 -17 1
  endloop
endfacet
facet normal 0 -0.9937122098932422 -0.11196447610331209
  outer loop
    vertex -34.5 -17 1
    vertex -34.5 -16.974927912181823 0.7774790660436853
    vertex -32.414213562373085 -16.974927912181823 0.7774790660436853
  endloop
endfacet
facet normal 0.07917084030464709 -0.07917084030464715 -0.9937122098932427
  outer loop
    vertex -32.25686750101662 -16.157346061356474 0.02507208781817638
    vertex -29.5 -13.085786437626902 0
    vertex -29.342653938643526 -13.24313249898338 0.02507208781817638
  endloop
endfacet
facet normal 0.07917084030464751 -0.07917084030464751 -0.9937122098932427
  outer loop
    vertex -32.25686750101662 -16.157346061356474 0.02507208781817638
    vertex -32.41421356237309 -15.999999999999995 0
    vertex -29.5 -13.085786437626902 0
  endloop
endfacet
facet normal 0.233542564392431 -0.23354256439243087 -0.9438833303083672
  outer loop
    vertex -32.10741142819649 -16.3068021341766 0.09903113209758074
    vertex -29.342653938643526 -13.24313249898338 0.02507208781817638
    vertex -29.1931978658234 -13.392588571803506 0.09903113209758074
  endloop
endfacet
facet normal 0.2335425643924286 -0.23354256439242874 -0.9438833303083686
  outer loop
    vertex -32.10741142819649 -16.3068021341766 0.09903113209758074
    vertex -32.25686750101662 -16.157346061356474 0.02507208781817638
    vertex -29.342653938643526 -13.24313249898338 0.02507208781817638
  endloop
endfacet
facet normal 0.37620348911275286 -0.3762034891127526 -0.8467241992282857
  outer loop
    vertex -31.973339695478124 -16.440873866894968 0.21816851753197009
    vertex -29.1931978658234 -13.392588571803506 0.09903113209758074
    vertex -29.059126133105032 -13.526660304521874 0.21816851753197009
  endloop
endfacet
facet normal 0.3762034891127525 -0.37620348911275225 -0.846724199228286
  outer loop
    vertex -31.973339695478124 -16.440873866894968 0.21816851753197009
    vertex -32.10741142819649 -16.3068021341766 0.09903113209758074
    vertex -29.1931978658234 -13.392588571803506 0.09903113209758074
  endloop
endfacet
facet normal 0.5000000000000007 -0.5000000000000007 -0.7071067811865466
  outer loop
    vertex -31.861375219374818 -16.552838342998275 0.3765101981412663
    vertex -29.059126133105032 -13.526660304521874 0.21816851753197009
    vertex -28.947161657001725 -13.638624780625182 0.3765101981412663
  endloop
endfacet
facet normal 0.5000000000000031 -0.5000000000000028 -0.7071067811865435
  outer loop
    vertex -31.861375219374818 -16.552838342998275 0.3765101981412663
    vertex -31.973339695478124 -16.440873866894968 0.21816851753197009
    vertex -29.059126133105032 -13.526660304521874 0.21816851753197009
  endloop
endfacet
facet normal 0.5987244230690683 -0.5987244230690683 -0.5320320765153381
  outer loop
    vertex -31.777132366241325 -16.637081196131767 0.5661162608824417
    vertex -28.947161657001725 -13.638624780625182 0.3765101981412663
    vertex -28.862918803868233 -13.722867633758675 0.5661162608824417
  endloop
endfacet
facet normal 0.5987244230690683 -0.5987244230690684 -0.5320320765153381
  outer loop
    vertex -31.777132366241325 -16.637081196131767 0.5661162608824417
    vertex -31.861375219374818 -16.552838342998275 0.3765101981412663
    vertex -28.947161657001725 -13.638624780625182 0.3765101981412663
  endloop
endfacet
facet normal 0.6674263035099894 -0.6674263035099894 -0.33027906195516427
  outer loop
    vertex -31.724835424501283 -16.68937813787181 0.7774790660436853
    vertex -28.862918803868233 -13.722867633758675 0.5661162608824417
    vertex -28.81062186212819 -13.775164575498717 0.7774790660436853
  endloop
endfacet
facet normal 0.6674263035099892 -0.6674263035099893 -0.3302790619551642
  outer loop
    vertex -31.724835424501283 -16.68937813787181 0.7774790660436853
    vertex -31.777132366241325 -16.637081196131767 0.5661162608824417
    vertex -28.862918803868233 -13.722867633758675 0.5661162608824417
  endloop
endfacet
facet normal 0.7026606421633822 -0.7026606421633822 -0.11196447610330232
  outer loop
    vertex -31.707106781186546 -16.707106781186546 1
    vertex -28.81062186212819 -13.775164575498717 0.7774790660436853
    vertex -28.792893218813454 -13.792893218813454 1
  endloop
endfacet
facet normal 0.702660642163382 -0.7026606421633819 -0.11196447610330398
  outer loop
    vertex -31.707106781186546 -16.707106781186546 1
    vertex -31.724835424501283 -16.68937813787181 0.7774790660436853
    vertex -28.81062186212819 -13.775164575498717 0.7774790660436853
  endloop
endfacet
facet normal 0.7681961873900165 -0.630442318186433 -0.11143204709220303
  outer loop
    vertex -28.668530387697455 -13.641356670646509 1
    vertex -28.792893218813454 -13.792893218813454 1
    vertex -28.81062186212819 -13.775164575498717 0.7774790660436853
  endloop
endfacet
facet normal 0.9889867717217259 -0.09740669504853547 -0.11143204709221112
  outer loop
    vertex -28.5 -13.085786437626906 1
    vertex -28.519214719596768 -13.280876759643034 1
    vertex -28.525072087818177 -13.085786437626906 0.7774790660436853
  endloop
endfacet
facet normal 0.14187509088525962 -0.32143003889574673 -0.9362447269180093
  outer loop
    vertex -29.25484033530588 -13.273904064710578 0.04894348370484647
    vertex -29.1931978658234 -13.392588571803506 0.09903113209758074
    vertex -29.342653938643526 -13.24313249898338 0.02507208781817638
  endloop
endfacet
facet normal 0.1771005865968303 0.020309162882997757 -0.9839831909794244
  outer loop
    vertex -29.21450552369883 -13.204042121693455 0.04894348370484647
    vertex -29.342653938643526 -13.24313249898338 0.02507208781817638
    vertex -29.5 -13.085786437626902 0
  endloop
endfacet
facet normal 0 0 0
  outer loop
    vertex -29.21450552369883 -13.204042121693455 0.04894348370484647
    vertex -29.5 -13.085786437626902 0
    vertex -29.5 -13.085786437626902 0
  endloop
endfacet
facet normal 0.11086827893994194 -0.13958977252952526 -0.9839831909794243
  outer loop
    vertex -29.21450552369883 -13.204042121693455 0.04894348370484647
    vertex -29.5 -13.085786437626902 0
    vertex -29.277479066043686 -13.085786437626906 0.02507208781817638
  endloop
endfacet
facet normal 0.35165069255883447 -0.20302562200957722 -0.9138503089841993
  outer loop
    vertex -29.21450552369883 -13.204042121693455 0.04894348370484647
    vertex -29.1931978658234 -13.392588571803506 0.09903113209758074
    vertex -29.25484033530588 -13.273904064710578 0.04894348370484647
  endloop
endfacet
facet normal 0.21876588190776908 -0.12630454080896616 -0.9675684223268928
  outer loop
    vertex -29.21450552369883 -13.204042121693455 0.04894348370484647
    vertex -29.25484033530588 -13.273904064710578 0.04894348370484647
    vertex -29.342653938643526 -13.24313249898338 0.02507208781817638
  endloop
endfacet
facet normal 0.3276061990266613 0.12696452133382277 -0.9362447269180088
  outer loop
    vertex -29.19362668884978 -13.126121249233952 0.04894348370484647
    vertex -29.277479066043686 -13.085786437626906 0.02507208781817638
    vertex -29.066116260882442 -13.085786437626906 0.09903113209758074
  endloop
endfacet
facet normal 0.24400163588990817 -0.06538004128856693 -0.9675684223268937
  outer loop
    vertex -29.19362668884978 -13.126121249233952 0.04894348370484647
    vertex -29.21450552369883 -13.204042121693455 0.04894348370484647
    vertex -29.277479066043686 -13.085786437626906 0.02507208781817638
  endloop
endfacet
facet normal 0.3922153833948879 -0.10509379523971243 -0.9138503089841982
  outer loop
    vertex -29.19362668884978 -13.126121249233952 0.04894348370484647
    vertex -29.066116260882442 -13.085786437626906 0.09903113209758074
    vertex -29.21450552369883 -13.204042121693455 0.04894348370484647
  endloop
endfacet
facet normal 0.4066477536821777 -0.34504505982524386 -0.845920511109308
  outer loop
    vertex -28.990963039544873 -13.379679063773143 0.19098300562505255
    vertex -29.059126133105032 -13.526660304521874 0.21816851753197009
    vertex -29.1931978658234 -13.392588571803506 0.09903113209758074
  endloop
endfacet
facet normal 0.5886659077409931 -0.4026454425774498 -0.7009629780773606
  outer loop
    vertex -28.990963039544873 -13.379679063773143 0.19098300562505255
    vertex -28.947161657001725 -13.638624780625182 0.3765101981412663
    vertex -29.059126133105032 -13.526660304521874 0.21816851753197009
  endloop
endfacet
facet normal 0.41641127440006137 -0.18917899100632668 -0.8892766498195852
  outer loop
    vertex -28.990963039544873 -13.379679063773143 0.19098300562505255
    vertex -29.1931978658234 -13.392588571803506 0.09903113209758074
    vertex -29.21450552369883 -13.204042121693455 0.04894348370484647
  endloop
endfacet
facet normal 0.5315270858002996 -0.04355968256559085 -0.8459205111093037
  outer loop
    vertex -28.932243044498865 -13.237916455350588 0.19098300562505255
    vertex -29.066116260882442 -13.085786437626906 0.09903113209758074
    vertex -28.87651019814127 -13.085786437626906 0.21816851753197009
  endloop
endfacet
facet normal 0.700962978077362 -0.1315363323566036 -0.7009629780773654
  outer loop
    vertex -28.932243044498865 -13.237916455350588 0.19098300562505255
    vertex -28.87651019814127 -13.085786437626906 0.21816851753197009
    vertex -28.71816851753197 -13.085786437626906 0.3765101981412663
  endloop
endfacet
facet normal 0.42821698328941804 -0.16067748849221508 -0.8892766498195848
  outer loop
    vertex -28.932243044498865 -13.237916455350588 0.19098300562505255
    vertex -29.21450552369883 -13.204042121693455 0.04894348370484647
    vertex -29.066116260882442 -13.085786437626906 0.09903113209758074
  endloop
endfacet
facet normal 0.4255147060262519 -0.17625396222527293 -0.8876214146556428
  outer loop
    vertex -28.932243044498865 -13.237916455350588 0.19098300562505255
    vertex -28.990963039544873 -13.379679063773143 0.19098300562505255
    vertex -29.21450552369883 -13.204042121693455 0.04894348370484647
  endloop
endfacet
facet normal 0.6109377364209846 -0.5863298173009959 -0.5319515274539439
  outer loop
    vertex -28.858163665160262 -13.57828477921494 0.41221474770752686
    vertex -28.862918803868233 -13.722867633758675 0.5661162608824417
    vertex -28.947161657001725 -13.638624780625182 0.3765101981412663
  endloop
endfacet
facet normal 0.5666619027471843 -0.41439106687512545 -0.7121617313988697
  outer loop
    vertex -28.858163665160262 -13.57828477921494 0.41221474770752686
    vertex -28.947161657001725 -13.638624780625182 0.3765101981412663
    vertex -28.990963039544873 -13.379679063773143 0.19098300562505255
  endloop
endfacet
facet normal 0.6220251833811379 -0.3591264070678384 -0.6957822180727294
  outer loop
    vertex -28.752565757443186 -13.395383837876 0.41221474770752686
    vertex -28.858163665160262 -13.57828477921494 0.41221474770752686
    vertex -28.990963039544873 -13.379679063773143 0.19098300562505255
  endloop
endfacet
facet normal 0.6458996096394403 -0.2675403782441423 -0.7150075805728218
  outer loop
    vertex -28.752565757443186 -13.395383837876 0.41221474770752686
    vertex -28.990963039544873 -13.379679063773143 0.19098300562505255
    vertex -28.932243044498865 -13.237916455350588 0.19098300562505255
  endloop
endfacet
facet normal 0.7918174662907554 -0.4571560273120304 -0.4050104526665586
  outer loop
    vertex -28.752565757443186 -13.395383837876 0.41221474770752686
    vertex -28.862918803868233 -13.722867633758675 0.5661162608824417
    vertex -28.858163665160262 -13.57828477921494 0.41221474770752686
  endloop
endfacet
facet normal 0.8465960061314373 -0.01740042648060259 -0.5319515274539519
  outer loop
    vertex -28.697904258162872 -13.191384345343979 0.41221474770752686
    vertex -28.71816851753197 -13.085786437626906 0.3765101981412663
    vertex -28.59903113209758 -13.085786437626906 0.5661162608824417
  endloop
endfacet
facet normal 0.8831576268487876 -0.23664137290352014 -0.4050104526665389
  outer loop
    vertex -28.697904258162872 -13.191384345343979 0.41221474770752686
    vertex -28.59903113209758 -13.085786437626906 0.5661162608824417
    vertex -28.752565757443186 -13.395383837876 0.41221474770752686
  endloop
endfacet
facet normal 0.6937092075231294 -0.1076717406220518 -0.7121617313988793
  outer loop
    vertex -28.697904258162872 -13.191384345343979 0.41221474770752686
    vertex -28.932243044498865 -13.237916455350588 0.19098300562505255
    vertex -28.71816851753197 -13.085786437626906 0.3765101981412663
  endloop
endfacet
facet normal 0.6937789429784317 -0.18589750749678924 -0.6957822180727324
  outer loop
    vertex -28.697904258162872 -13.191384345343979 0.41221474770752686
    vertex -28.752565757443186 -13.395383837876 0.41221474770752686
    vertex -28.932243044498865 -13.237916455350588 0.19098300562505255
  endloop
endfacet
facet normal 0.734311595096479 -0.5939501455395618 -0.32864830125895633
  outer loop
    vertex -28.67636089645367 -13.561314695774483 0.6909830056250525
    vertex -28.81062186212819 -13.775164575498717 0.7774790660436853
    vertex -28.862918803868233 -13.722867633758675 0.5661162608824417
  endloop
endfacet
facet normal 0.8728618324156917 -0.4665543695725965 -0.14296587615455036
  outer loop
    vertex -28.67636089645367 -13.561314695774483 0.6909830056250525
    vertex -28.576120467488714 -13.468469869991996 1
    vertex -28.668530387697455 -13.641356670646509 1
  endloop
endfacet
facet normal 0.7351075329984756 -0.4750269245348646 -0.48370066766115116
  outer loop
    vertex -28.67636089645367 -13.561314695774483 0.6909830056250525
    vertex -28.862918803868233 -13.722867633758675 0.5661162608824417
    vertex -28.752565757443186 -13.395383837876 0.41221474770752686
  endloop
endfacet
facet normal 0.8026772220735063 -0.5721080135916404 -0.16852803312382914
  outer loop
    vertex -28.67636089645367 -13.561314695774483 0.6909830056250525
    vertex -28.668530387697455 -13.641356670646509 1
    vertex -28.81062186212819 -13.775164575498717 0.7774790660436853
  endloop
endfacet
facet normal 0.9392228839943949 -0.09925053279886428 -0.32864830125894895
  outer loop
    vertex -28.58134994865 -13.331937977012947 0.6909830056250525
    vertex -28.59903113209758 -13.085786437626906 0.5661162608824417
    vertex -28.525072087818177 -13.085786437626906 0.7774790660436853
  endloop
endfacet
facet normal 0.9471102792570468 -0.28730276222306117 -0.14296587615454937
  outer loop
    vertex -28.58134994865 -13.331937977012947 0.6909830056250525
    vertex -28.519214719596768 -13.280876759643034 1
    vertex -28.576120467488714 -13.468469869991996 1
  endloop
endfacet
facet normal 0.8556942810693269 -0.18390476189974356 -0.48370066766115427
  outer loop
    vertex -28.58134994865 -13.331937977012947 0.6909830056250525
    vertex -28.752565757443186 -13.395383837876 0.41221474770752686
    vertex -28.59903113209758 -13.085786437626906 0.5661162608824417
  endloop
endfacet
facet normal 0.9085105968882634 -0.3763174107908 -0.18164168485631135
  outer loop
    vertex -28.58134994865 -13.331937977012947 0.6909830056250525
    vertex -28.576120467488714 -13.468469869991996 1
    vertex -28.67636089645367 -13.561314695774483 0.6909830056250525
  endloop
endfacet
facet normal 0.9721199628139722 -0.16303705085033293 -0.16852803312383147
  outer loop
    vertex -28.58134994865 -13.331937977012947 0.6909830056250525
    vertex -28.525072087818177 -13.085786437626906 0.7774790660436853
    vertex -28.519214719596768 -13.280876759643034 1
  endloop
endfacet
facet normal 0.8327887252462549 -0.344952384588405 -0.43297897347272085
  outer loop
    vertex -28.58134994865 -13.331937977012947 0.6909830056250525
    vertex -28.67636089645367 -13.561314695774483 0.6909830056250525
    vertex -28.752565757443186 -13.395383837876 0.41221474770752686
  endloop
endfacet
facet normal 0.11196447610330618 0 0.9937122098932428
  outer loop
    vertex 34.72252093395631 -16 14.974927912181824
    vertex 34.72252093395631 6 14.974927912181824
    vertex 34.5 6 15
  endloop
endfacet
facet normal 0.11196447610330618 0 0.9937122098932428
  outer loop
    vertex 34.72252093395631 -16 14.974927912181824
    vertex 34.5 6 15
    vertex 34.5 -16 15
  endloop
endfacet
facet normal 0.3302790619551706 0 0.9438833303083665
  outer loop
    vertex 34.933883739117555 -16 14.900968867902419
    vertex 34.933883739117555 6 14.900968867902419
    vertex 34.72252093395631 6 14.974927912181824
  endloop
endfacet
facet normal 0.3302790619551706 0 0.9438833303083665
  outer loop
    vertex 34.933883739117555 -16 14.900968867902419
    vertex 34.72252093395631 6 14.974927912181824
    vertex 34.72252093395631 -16 14.974927912181824
  endloop
endfacet
facet normal 0.5320320765153312 0 0.8467241992282877
  outer loop
    vertex 35.12348980185873 -16 14.78183148246803
    vertex 35.12348980185873 6 14.78183148246803
    vertex 34.933883739117555 6 14.900968867902419
  endloop
endfacet
facet normal 0.5320320765153312 0 0.8467241992282877
  outer loop
    vertex 35.12348980185873 -16 14.78183148246803
    vertex 34.933883739117555 6 14.900968867902419
    vertex 34.933883739117555 -16 14.900968867902419
  endloop
endfacet
facet normal 0.7071067811865475 0 0.7071067811865475
  outer loop
    vertex 35.28183148246803 -16 14.623489801858733
    vertex 35.28183148246803 6 14.623489801858733
    vertex 35.12348980185873 6 14.78183148246803
  endloop
endfacet
facet normal 0.8467241992282782 0 0.5320320765153461
  outer loop
    vertex 35.28183148246803 -16 14.623489801858733
    vertex 35.40096886790242 6 14.433883739117558
    vertex 35.28183148246803 6 14.623489801858733
  endloop
endfacet
facet normal 0.7071067811865475 0 0.7071067811865475
  outer loop
    vertex 35.28183148246803 -16 14.623489801858733
    vertex 35.12348980185873 6 14.78183148246803
    vertex 35.12348980185873 -16 14.78183148246803
  endloop
endfacet
facet normal 0.8467241992282782 0 0.5320320765153461
  outer loop
    vertex 35.40096886790242 -16 14.433883739117558
    vertex 35.40096886790242 6 14.433883739117558
    vertex 35.28183148246803 -16 14.623489801858733
  endloop
endfacet
facet normal 0.9438833303083665 0 0.3302790619551706
  outer loop
    vertex 35.474927912181826 -16 14.222520933956314
    vertex 35.474927912181826 6 14.222520933956314
    vertex 35.40096886790242 6 14.433883739117558
  endloop
endfacet
facet normal 0.9438833303083665 0 0.3302790619551706
  outer loop
    vertex 35.474927912181826 -16 14.222520933956314
    vertex 35.40096886790242 6 14.433883739117558
    vertex 35.40096886790242 -16 14.433883739117558
  endloop
endfacet
facet normal 0.9937122098932438 0 0.11196447610329657
  outer loop
    vertex 35.5 -16 14
    vertex 35.5 6 14
    vertex 35.474927912181826 6 14.222520933956314
  endloop
endfacet
facet normal 0.9937122098932438 0 0.11196447610329657
  outer loop
    vertex 35.5 -16 14
    vertex 35.474927912181826 6 14.222520933956314
    vertex 35.474927912181826 -16 14.222520933956314
  endloop
endfacet
facet normal 0 0.9937122098932425 0.11196447610330833
  outer loop
    vertex 34.5 6.9749279121818235 14.222520933956314
    vertex -34.5 7 14
    vertex -34.5 6.9749279121818235 14.222520933956314
  endloop
endfacet
facet normal 0 0.9937122098932425 0.11196447610330833
  outer loop
    vertex 34.5 6.9749279121818235 14.222520933956314
    vertex 34.5 7 14
    vertex -34.5 7 14
  endloop
endfacet
facet normal 0 0.9438833303083675 0.330279061955167
  outer loop
    vertex 34.5 6.900968867902419 14.433883739117558
    vertex -34.5 6.9749279121818235 14.222520933956314
    vertex -34.5 6.900968867902419 14.433883739117558
  endloop
endfacet
facet normal 0 0.9438833303083675 0.330279061955167
  outer loop
    vertex 34.5 6.900968867902419 14.433883739117558
    vertex 34.5 6.9749279121818235 14.222520933956314
    vertex -34.5 6.9749279121818235 14.222520933956314
  endloop
endfacet
facet normal 0 0.8467241992282836 0.5320320765153375
  outer loop
    vertex 34.5 6.7818314824680295 14.623489801858733
    vertex -34.5 6.900968867902419 14.433883739117558
    vertex -34.5 6.7818314824680295 14.623489801858733
  endloop
endfacet
facet normal 0 0.8467241992282836 0.5320320765153375
  outer loop
    vertex 34.5 6.7818314824680295 14.623489801858733
    vertex 34.5 6.900968867902419 14.433883739117558
    vertex -34.5 6.900968867902419 14.433883739117558
  endloop
endfacet
facet normal 0 0.7071067811865495 0.7071067811865456
  outer loop
    vertex 34.5 6.623489801858733 14.78183148246803
    vertex -34.5 6.7818314824680295 14.623489801858733
    vertex -34.5 6.623489801858733 14.78183148246803
  endloop
endfacet
facet normal 0 0.7071067811865495 0.7071067811865456
  outer loop
    vertex 34.5 6.623489801858733 14.78183148246803
    vertex 34.5 6.7818314824680295 14.623489801858733
    vertex -34.5 6.7818314824680295 14.623489801858733
  endloop
endfacet
facet normal 0 0.5320320765153348 0.8467241992282853
  outer loop
    vertex 34.5 6.433883739117558 14.900968867902419
    vertex -34.5 6.623489801858733 14.78183148246803
    vertex -34.5 6.433883739117558 14.900968867902419
  endloop
endfacet
facet normal 0 0.5320320765153348 0.8467241992282853
  outer loop
    vertex 34.5 6.433883739117558 14.900968867902419
    vertex 34.5 6.623489801858733 14.78183148246803
    vertex -34.5 6.623489801858733 14.78183148246803
  endloop
endfacet
facet normal 0 0.33027906195517054 0.9438833303083662
  outer loop
    vertex 34.5 6.222520933956314 14.974927912181824
    vertex -34.5 6.433883739117558 14.900968867902419
    vertex -34.5 6.222520933956314 14.974927912181824
  endloop
endfacet
facet normal 0 0.33027906195517054 0.9438833303083662
  outer loop
    vertex 34.5 6.222520933956314 14.974927912181824
    vertex 34.5 6.433883739117558 14.900968867902419
    vertex -34.5 6.433883739117558 14.900968867902419
  endloop
endfacet
facet normal -2.8824472883473785e-18 0.11196447610330353 0.993712209893243
  outer loop
    vertex 34.5 6 15
    vertex -34.5 6.222520933956314 14.974927912181824
    vertex -34.5 5.999999999999998 15
  endloop
endfacet
facet normal 0 0.11196447610330441 0.9937122098932429
  outer loop
    vertex 34.5 6 15
    vertex 34.5 6.222520933956314 14.974927912181824
    vertex -34.5 6.222520933956314 14.974927912181824
  endloop
endfacet
facet normal 0 -0.11196447610330441 0.993712209893243
  outer loop
    vertex 32.41421356237309 -16.222520933956314 14.974927912181824
    vertex 34.5 -16.222520933956314 14.974927912181824
    vertex 34.5 -16 15
  endloop
endfacet
facet normal 0 -0.11196447610330441 0.993712209893243
  outer loop
    vertex 32.41421356237309 -16.222520933956314 14.974927912181824
    vertex 34.5 -16 15
    vertex 32.41421356237309 -16 15
  endloop
endfacet
facet normal 0 -0.33027906195517054 0.9438833303083664
  outer loop
    vertex 32.41421356237309 -16.433883739117558 14.900968867902419
    vertex 34.5 -16.433883739117558 14.900968867902419
    vertex 34.5 -16.222520933956314 14.974927912181824
  endloop
endfacet
facet normal 0 -0.33027906195517054 0.9438833303083664
  outer loop
    vertex 32.41421356237309 -16.433883739117558 14.900968867902419
    vertex 34.5 -16.222520933956314 14.974927912181824
    vertex 32.41421356237309 -16.222520933956314 14.974927912181824
  endloop
endfacet
facet normal 0 -0.5320320765153382 0.846724199228283
  outer loop
    vertex 32.41421356237309 -16.62348980185873 14.78183148246803
    vertex 34.5 -16.62348980185873 14.78183148246803
    vertex 34.5 -16.433883739117558 14.900968867902419
  endloop
endfacet
facet normal 0 -0.5320320765153382 0.846724199228283
  outer loop
    vertex 32.41421356237309 -16.62348980185873 14.78183148246803
    vertex 34.5 -16.433883739117558 14.900968867902419
    vertex 32.41421356237309 -16.433883739117558 14.900968867902419
  endloop
endfacet
facet normal 0 -0.7071067811865475 0.7071067811865475
  outer loop
    vertex 32.41421356237309 -16.78183148246803 14.623489801858733
    vertex 34.5 -16.78183148246803 14.623489801858733
    vertex 34.5 -16.62348980185873 14.78183148246803
  endloop
endfacet
facet normal 0 -0.7071067811865475 0.7071067811865475
  outer loop
    vertex 32.41421356237309 -16.78183148246803 14.623489801858733
    vertex 34.5 -16.62348980185873 14.78183148246803
    vertex 32.41421356237309 -16.62348980185873 14.78183148246803
  endloop
endfacet
facet normal 0 -0.8467241992282782 0.5320320765153461
  outer loop
    vertex 32.41421356237309 -16.90096886790242 14.433883739117558
    vertex 34.5 -16.90096886790242 14.433883739117558
    vertex 34.5 -16.78183148246803 14.623489801858733
  endloop
endfacet
facet normal 0 -0.8467241992282782 0.5320320765153461
  outer loop
    vertex 32.41421356237309 -16.90096886790242 14.433883739117558
    vertex 34.5 -16.78183148246803 14.623489801858733
    vertex 32.41421356237309 -16.78183148246803 14.623489801858733
  endloop
endfacet
facet normal 0 -0.9438833303083715 0.3302790619551565
  outer loop
    vertex 32.41421356237309 -16.974927912181823 14.222520933956314
    vertex 34.5 -16.974927912181823 14.222520933956314
    vertex 34.5 -16.90096886790242 14.433883739117558
  endloop
endfacet
facet normal 0 -0.9438833303083715 0.3302790619551565
  outer loop
    vertex 32.41421356237309 -16.974927912181823 14.222520933956314
    vertex 34.5 -16.90096886790242 14.433883739117558
    vertex 32.41421356237309 -16.90096886790242 14.433883739117558
  endloop
endfacet
facet normal 0 -0.9937122098932419 0.11196447610331223
  outer loop
    vertex 32.41421356237309 -17 14
    vertex 34.5 -17 14
    vertex 34.5 -16.974927912181823 14.222520933956314
  endloop
endfacet
facet normal 0 -0.9937122098932419 0.11196447610331223
  outer loop
    vertex 32.41421356237309 -17 14
    vertex 34.5 -16.974927912181823 14.222520933956314
    vertex 32.41421356237309 -16.974927912181823 14.222520933956314
  endloop
endfacet
facet normal -0.9937122098932438 0 0.11196447610329657
  outer loop
    vertex -35.5 6 14
    vertex -35.5 -16 14
    vertex -35.474927912181826 -16 14.222520933956314
  endloop
endfacet
facet normal -0.9438833303083665 0 0.3302790619551706
  outer loop
    vertex -35.474927912181826 6 14.222520933956314
    vertex -35.474927912181826 -16 14.222520933956314
    vertex -35.40096886790242 -16 14.433883739117558
  endloop
endfacet
facet normal -0.9937122098932438 0 0.11196447610329657
  outer loop
    vertex -35.474927912181826 6 14.222520933956314
    vertex -35.5 6 14
    vertex -35.474927912181826 -16 14.222520933956314
  endloop
endfacet
facet normal -0.9438833303083665 0 0.3302790619551706
  outer loop
    vertex -35.40096886790242 6 14.433883739117558
    vertex -35.474927912181826 6 14.222520933956314
    vertex -35.40096886790242 -16 14.433883739117558
  endloop
endfacet
facet normal -0.8467241992282782 0 0.5320320765153461
  outer loop
    vertex -35.28183148246803 6 14.623489801858733
    vertex -35.40096886790242 -16 14.433883739117558
    vertex -35.28183148246803 -16 14.623489801858733
  endloop
endfacet
facet normal -0.8467241992282782 0 0.5320320765153461
  outer loop
    vertex -35.28183148246803 6 14.623489801858733
    vertex -35.40096886790242 6 14.433883739117558
    vertex -35.40096886790242 -16 14.433883739117558
  endloop
endfacet
facet normal -0.5320320765153312 0 0.8467241992282877
  outer loop
    vertex -35.12348980185873 6 14.78183148246803
    vertex -35.12348980185873 -16 14.78183148246803
    vertex -34.933883739117555 -16 14.900968867902419
  endloop
endfacet
facet normal -0.7071067811865475 0 0.7071067811865475
  outer loop
    vertex -35.12348980185873 6 14.78183148246803
    vertex -35.28183148246803 -16 14.623489801858733
    vertex -35.12348980185873 -16 14.78183148246803
  endloop
endfacet
facet normal -0.7071067811865475 0 0.7071067811865475
  outer loop
    vertex -35.12348980185873 6 14.78183148246803
    vertex -35.28183148246803 6 14.623489801858733
    vertex -35.28183148246803 -16 14.623489801858733
  endloop
endfacet
facet normal -0.5320320765153312 0 0.8467241992282877
  outer loop
    vertex -34.933883739117555 6 14.900968867902419
    vertex -35.12348980185873 6 14.78183148246803
    vertex -34.933883739117555 -16 14.900968867902419
  endloop
endfacet
facet normal -0.11196447610330618 0 0.9937122098932428
  outer loop
    vertex -34.72252093395631 6 14.974927912181824
    vertex -34.72252093395631 -16 14.974927912181824
    vertex -34.5 -16 15
  endloop
endfacet
facet normal -0.3302790619551706 0 0.9438833303083665
  outer loop
    vertex -34.72252093395631 6 14.974927912181824
    vertex -34.933883739117555 -16 14.900968867902419
    vertex -34.72252093395631 -16 14.974927912181824
  endloop
endfacet
facet normal -0.3302790619551706 0 0.9438833303083665
  outer loop
    vertex -34.72252093395631 6 14.974927912181824
    vertex -34.933883739117555 6 14.900968867902419
    vertex -34.933883739117555 -16 14.900968867902419
  endloop
endfacet
facet normal -0.11196447610330618 0 0.9937122098932428
  outer loop
    vertex -34.5 5.999999999999998 15
    vertex -34.72252093395631 6 14.974927912181824
    vertex -34.5 -16 15
  endloop
endfacet
facet normal -0.07917084030464637 -0.07917084030464637 0.9937122098932427
  outer loop
    vertex 29.342653938643526 -13.243132498983378 14.974927912181824
    vertex 32.25686750101662 -16.157346061356474 14.974927912181824
    vertex 32.41421356237309 -16 15
  endloop
endfacet
facet normal -0.079170840304646 -0.07917084030464594 0.9937122098932429
  outer loop
    vertex 29.342653938643526 -13.243132498983378 14.974927912181824
    vertex 32.41421356237309 -16 15
    vertex 29.5 -13.085786437626906 15
  endloop
endfacet
facet normal -0.23354256439243143 -0.23354256439243115 0.9438833303083672
  outer loop
    vertex 29.1931978658234 -13.392588571803504 14.900968867902419
    vertex 32.10741142819649 -16.3068021341766 14.900968867902419
    vertex 32.25686750101662 -16.157346061356474 14.974927912181824
  endloop
endfacet
facet normal -0.3762034891127509 -0.3762034891127504 0.8467241992282875
  outer loop
    vertex 29.1931978658234 -13.392588571803504 14.900968867902419
    vertex 31.973339695478124 -16.440873866894968 14.78183148246803
    vertex 32.10741142819649 -16.3068021341766 14.900968867902419
  endloop
endfacet
facet normal -0.23354256439243395 -0.23354256439243395 0.9438833303083659
  outer loop
    vertex 29.1931978658234 -13.392588571803504 14.900968867902419
    vertex 32.25686750101662 -16.157346061356474 14.974927912181824
    vertex 29.342653938643526 -13.243132498983378 14.974927912181824
  endloop
endfacet
facet normal -0.37620348911275114 -0.37620348911275064 0.8467241992282876
  outer loop
    vertex 29.059126133105032 -13.526660304521872 14.78183148246803
    vertex 31.973339695478124 -16.440873866894968 14.78183148246803
    vertex 29.1931978658234 -13.392588571803504 14.900968867902419
  endloop
endfacet
facet normal -0.5000000000000042 -0.5000000000000039 0.7071067811865419
  outer loop
    vertex 28.947161657001725 -13.63862478062518 14.623489801858733
    vertex 31.861375219374818 -16.552838342998275 14.623489801858733
    vertex 31.973339695478124 -16.440873866894968 14.78183148246803
  endloop
endfacet
facet normal -0.5987244230690685 -0.5987244230690681 0.5320320765153382
  outer loop
    vertex 28.947161657001725 -13.63862478062518 14.623489801858733
    vertex 31.777132366241325 -16.637081196131767 14.433883739117558
    vertex 31.861375219374818 -16.552838342998275 14.623489801858733
  endloop
endfacet
facet normal -0.5000000000000023 -0.5000000000000018 0.7071067811865445
  outer loop
    vertex 28.947161657001725 -13.63862478062518 14.623489801858733
    vertex 31.973339695478124 -16.440873866894968 14.78183148246803
    vertex 29.059126133105032 -13.526660304521872 14.78183148246803
  endloop
endfacet
facet normal -0.5987244230690684 -0.598724423069068 0.5320320765153382
  outer loop
    vertex 28.862918803868233 -13.722867633758673 14.433883739117558
    vertex 31.777132366241325 -16.637081196131767 14.433883739117558
    vertex 28.947161657001725 -13.63862478062518 14.623489801858733
  endloop
endfacet
facet normal -0.6674263035099892 -0.6674263035099888 0.33027906195516576
  outer loop
    vertex 28.81062186212819 -13.775164575498716 14.222520933956314
    vertex 31.724835424501283 -16.68937813787181 14.222520933956314
    vertex 31.777132366241325 -16.637081196131767 14.433883739117558
  endloop
endfacet
facet normal -0.7026606421633822 -0.7026606421633818 0.11196447610330333
  outer loop
    vertex 28.81062186212819 -13.775164575498716 14.222520933956314
    vertex 31.707106781186546 -16.707106781186546 14.000000000000002
    vertex 31.724835424501283 -16.68937813787181 14.222520933956314
  endloop
endfacet
facet normal -0.6674263035099897 -0.6674263035099892 0.33027906195516415
  outer loop
    vertex 28.81062186212819 -13.775164575498716 14.222520933956314
    vertex 31.777132366241325 -16.637081196131767 14.433883739117558
    vertex 28.862918803868233 -13.722867633758673 14.433883739117558
  endloop
endfacet
facet normal -0.7026606421633822 -0.7026606421633818 0.11196447610330504
  outer loop
    vertex 28.792893218813454 -13.792893218813452 14.000000000000002
    vertex 31.707106781186546 -16.707106781186546 14.000000000000002
    vertex 28.81062186212819 -13.775164575498716 14.222520933956314
  endloop
endfacet
facet normal 0 -0.11196447610330176 0.9937122098932433
  outer loop
    vertex -34.5 -16.222520933956314 14.974927912181824
    vertex -32.41421356237309 -16.222520933956314 14.974927912181824
    vertex -32.41421356237309 -15.999999999999995 15
  endloop
endfacet
facet normal 2.8598344523589173e-16 -0.11196447610330441 0.993712209893243
  outer loop
    vertex -34.5 -16.222520933956314 14.974927912181824
    vertex -32.41421356237309 -15.999999999999995 15
    vertex -34.5 -16 15
  endloop
endfacet
facet normal 0 -0.33027906195517054 0.9438833303083664
  outer loop
    vertex -34.5 -16.433883739117558 14.900968867902419
    vertex -32.41421356237309 -16.433883739117558 14.900968867902419
    vertex -32.41421356237309 -16.222520933956314 14.974927912181824
  endloop
endfacet
facet normal 0 -0.33027906195517054 0.9438833303083664
  outer loop
    vertex -34.5 -16.433883739117558 14.900968867902419
    vertex -32.41421356237309 -16.222520933956314 14.974927912181824
    vertex -34.5 -16.222520933956314 14.974927912181824
  endloop
endfacet
facet normal 0 -0.5320320765153382 0.846724199228283
  outer loop
    vertex -34.5 -16.62348980185873 14.78183148246803
    vertex -32.41421356237309 -16.62348980185873 14.78183148246803
    vertex -32.41421356237309 -16.433883739117558 14.900968867902419
  endloop
endfacet
facet normal 0 -0.7071067811865475 0.7071067811865475
  outer loop
    vertex -34.5 -16.62348980185873 14.78183148246803
    vertex -32.41421356237309 -16.78183148246803 14.623489801858733
    vertex -32.41421356237309 -16.62348980185873 14.78183148246803
  endloop
endfacet
facet normal 0 -0.5320320765153382 0.846724199228283
  outer loop
    vertex -34.5 -16.62348980185873 14.78183148246803
    vertex -32.41421356237309 -16.433883739117558 14.900968867902419
    vertex -34.5 -16.433883739117558 14.900968867902419
  endloop
endfacet
facet normal 0 -0.7071067811865475 0.7071067811865475
  outer loop
    vertex -34.5 -16.78183148246803 14.623489801858733
    vertex -32.41421356237309 -16.78183148246803 14.623489801858733
    vertex -34.5 -16.62348980185873 14.78183148246803
  endloop
endfacet
facet normal 0 -0.8467241992282782 0.5320320765153461
  outer loop
    vertex -34.5 -16.90096886790242 14.433883739117558
    vertex -32.41421356237309 -16.90096886790242 14.433883739117558
    vertex -32.41421356237309 -16.78183148246803 14.623489801858733
  endloop
endfacet
facet normal 0 -0.8467241992282782 0.5320320765153461
  outer loop
    vertex -34.5 -16.90096886790242 14.433883739117558
    vertex -32.41421356237309 -16.78183148246803 14.623489801858733
    vertex -34.5 -16.78183148246803 14.623489801858733
  endloop
endfacet
facet normal 0 -0.9438833303083713 0.33027906195515644
  outer loop
    vertex -34.5 -16.974927912181823 14.222520933956314
    vertex -32.414213562373085 -16.974927912181823 14.222520933956314
    vertex -32.41421356237309 -16.90096886790242 14.433883739117558
  endloop
endfacet
facet normal 0 -0.9438833303083715 0.3302790619551565
  outer loop
    vertex -34.5 -16.974927912181823 14.222520933956314
    vertex -32.41421356237309 -16.90096886790242 14.433883739117558
    vertex -34.5 -16.90096886790242 14.433883739117558
  endloop
endfacet
facet normal 0 -0.9937122098932419 0.11196447610331223
  outer loop
    vertex -34.5 -17 14
    vertex -32.41421356237309 -17 14
    vertex -32.414213562373085 -16.974927912181823 14.222520933956314
  endloop
endfacet
facet normal 0 -0.993712209893242 0.11196447610331224
  outer loop
    vertex -34.5 -17 14
    vertex -32.414213562373085 -16.974927912181823 14.222520933956314
    vertex -34.5 -16.974927912181823 14.222520933956314
  endloop
endfacet
facet normal 0.07917084030464468 -0.07917084030464472 0.9937122098932432
  outer loop
    vertex -32.25686750101662 -16.157346061356474 14.974927912181824
    vertex -29.342653938643526 -13.24313249898338 14.974927912181824
    vertex -29.5 -13.085786437626902 15
  endloop
endfacet
facet normal 0.07917084030464508 -0.07917084030464508 0.993712209893243
  outer loop
    vertex -32.25686750101662 -16.157346061356474 14.974927912181824
    vertex -29.5 -13.085786437626902 15
    vertex -32.41421356237309 -15.999999999999995 15
  endloop
endfacet
facet normal 0.23354256439243382 -0.23354256439243368 0.9438833303083659
  outer loop
    vertex -32.10741142819649 -16.3068021341766 14.900968867902419
    vertex -29.1931978658234 -13.392588571803506 14.900968867902419
    vertex -29.342653938643526 -13.24313249898338 14.974927912181824
  endloop
endfacet
facet normal 0.23354256439243146 -0.23354256439243157 0.9438833303083671
  outer loop
    vertex -32.10741142819649 -16.3068021341766 14.900968867902419
    vertex -29.342653938643526 -13.24313249898338 14.974927912181824
    vertex -32.25686750101662 -16.157346061356474 14.974927912181824
  endloop
endfacet
facet normal 0.37620348911275137 -0.37620348911275114 0.8467241992282871
  outer loop
    vertex -31.973339695478124 -16.440873866894968 14.78183148246803
    vertex -29.059126133105032 -13.526660304521874 14.78183148246803
    vertex -29.1931978658234 -13.392588571803506 14.900968867902419
  endloop
endfacet
facet normal 0.376203489112751 -0.37620348911275076 0.8467241992282875
  outer loop
    vertex -31.973339695478124 -16.440873866894968 14.78183148246803
    vertex -29.1931978658234 -13.392588571803506 14.900968867902419
    vertex -32.10741142819649 -16.3068021341766 14.900968867902419
  endloop
endfacet
facet normal 0.5000000000000019 -0.5000000000000019 0.7071067811865448
  outer loop
    vertex -31.861375219374818 -16.552838342998275 14.623489801858733
    vertex -28.947161657001725 -13.638624780625182 14.623489801858733
    vertex -29.059126133105032 -13.526660304521874 14.78183148246803
  endloop
endfacet
facet normal 0.5000000000000043 -0.500000000000004 0.7071067811865417
  outer loop
    vertex -31.861375219374818 -16.552838342998275 14.623489801858733
    vertex -29.059126133105032 -13.526660304521874 14.78183148246803
    vertex -31.973339695478124 -16.440873866894968 14.78183148246803
  endloop
endfacet
facet normal 0.5987244230690683 -0.5987244230690683 0.5320320765153383
  outer loop
    vertex -31.777132366241325 -16.637081196131767 14.433883739117558
    vertex -28.862918803868233 -13.722867633758675 14.433883739117558
    vertex -28.947161657001725 -13.638624780625182 14.623489801858733
  endloop
endfacet
facet normal 0.5987244230690681 -0.5987244230690683 0.5320320765153383
  outer loop
    vertex -31.777132366241325 -16.637081196131767 14.433883739117558
    vertex -28.947161657001725 -13.638624780625182 14.623489801858733
    vertex -31.861375219374818 -16.552838342998275 14.623489801858733
  endloop
endfacet
facet normal 0.6674263035099893 -0.6674263035099893 0.3302790619551641
  outer loop
    vertex -31.724835424501283 -16.68937813787181 14.222520933956314
    vertex -28.81062186212819 -13.775164575498717 14.222520933956314
    vertex -28.862918803868233 -13.722867633758675 14.433883739117558
  endloop
endfacet
facet normal 0.6674263035099893 -0.6674263035099894 0.3302790619551641
  outer loop
    vertex -31.724835424501283 -16.68937813787181 14.222520933956314
    vertex -28.862918803868233 -13.722867633758675 14.433883739117558
    vertex -31.777132366241325 -16.637081196131767 14.433883739117558
  endloop
endfacet
facet normal 0.7026606421633821 -0.7026606421633821 0.11196447610330337
  outer loop
    vertex -31.707106781186546 -16.707106781186546 14.000000000000002
    vertex -28.792893218813454 -13.792893218813454 14.000000000000002
    vertex -28.81062186212819 -13.775164575498717 14.222520933956314
  endloop
endfacet
facet normal 0.7026606421633819 -0.7026606421633819 0.11196447610330504
  outer loop
    vertex -31.707106781186546 -16.707106781186546 14.000000000000002
    vertex -28.81062186212819 -13.775164575498717 14.222520933956314
    vertex -31.724835424501283 -16.68937813787181 14.222520933956314
  endloop
endfacet
facet normal 0.768196187390017 -0.630442318186432 0.11143204709220406
  outer loop
    vertex -28.668530387697455 -13.641356670646509 14
    vertex -28.81062186212819 -13.775164575498717 14.222520933956314
    vertex -28.792893218813454 -13.792893218813454 14.000000000000002
  endloop
endfacet
facet normal 0.9889867717217257 -0.09740669504853544 0.11143204709221126
  outer loop
    vertex -28.5 -13.085786437626906 14
    vertex -28.525072087818177 -13.085786437626906 14.222520933956314
    vertex -28.519214719596768 -13.280876759643034 14
  endloop
endfacet
facet normal 0.14187509088526712 -0.3214300388957453 0.9362447269180089
  outer loop
    vertex -29.25484033530588 -13.273904064710578 14.951056516295154
    vertex -29.342653938643526 -13.24313249898338 14.974927912181824
    vertex -29.1931978658234 -13.392588571803506 14.900968867902419
  endloop
endfacet
facet normal 0.177100586596833 0.0203091628830054 0.9839831909794239
  outer loop
    vertex -29.21450552369883 -13.204042121693455 14.951056516295154
    vertex -29.5 -13.085786437626902 15
    vertex -29.342653938643526 -13.24313249898338 14.974927912181824
  endloop
endfacet
facet normal 0 0 0
  outer loop
    vertex -29.21450552369883 -13.204042121693455 14.951056516295154
    vertex -29.5 -13.085786437626902 15
    vertex -29.5 -13.085786437626902 15
  endloop
endfacet
facet normal 0.11086827893993843 -0.13958977252953256 0.9839831909794238
  outer loop
    vertex -29.21450552369883 -13.204042121693455 14.951056516295154
    vertex -29.277479066043686 -13.085786437626906 14.974927912181824
    vertex -29.5 -13.085786437626902 15
  endloop
endfacet
facet normal 0.35165069255883646 -0.20302562200957835 0.9138503089841982
  outer loop
    vertex -29.21450552369883 -13.204042121693455 14.951056516295154
    vertex -29.25484033530588 -13.273904064710578 14.951056516295154
    vertex -29.1931978658234 -13.392588571803506 14.900968867902419
  endloop
endfacet
facet normal 0.21876588190777477 -0.12630454080896947 0.9675684223268911
  outer loop
    vertex -29.21450552369883 -13.204042121693455 14.951056516295154
    vertex -29.342653938643526 -13.24313249898338 14.974927912181824
    vertex -29.25484033530588 -13.273904064710578 14.951056516295154
  endloop
endfacet
facet normal 0.32760619902666555 0.12696452133381642 0.9362447269180082
  outer loop
    vertex -29.19362668884978 -13.126121249233952 14.951056516295154
    vertex -29.066116260882442 -13.085786437626906 14.900968867902419
    vertex -29.277479066043686 -13.085786437626906 14.974927912181824
  endloop
endfacet
facet normal 0.2440016358899145 -0.06538004128856863 0.9675684223268918
  outer loop
    vertex -29.19362668884978 -13.126121249233952 14.951056516295154
    vertex -29.277479066043686 -13.085786437626906 14.974927912181824
    vertex -29.21450552369883 -13.204042121693455 14.951056516295154
  endloop
endfacet
facet normal 0.39221538339489004 -0.10509379523971302 0.9138503089841971
  outer loop
    vertex -29.19362668884978 -13.126121249233952 14.951056516295154
    vertex -29.21450552369883 -13.204042121693455 14.951056516295154
    vertex -29.066116260882442 -13.085786437626906 14.900968867902419
  endloop
endfacet
facet normal 0.40664775368218065 -0.34504505982523775 0.8459205111093091
  outer loop
    vertex -28.990963039544873 -13.379679063773143 14.809016994374947
    vertex -29.1931978658234 -13.392588571803506 14.900968867902419
    vertex -29.059126133105032 -13.526660304521874 14.78183148246803
  endloop
endfacet
facet normal 0.5886659077409988 -0.4026454425774456 0.7009629780773582
  outer loop
    vertex -28.990963039544873 -13.379679063773143 14.809016994374947
    vertex -29.059126133105032 -13.526660304521874 14.78183148246803
    vertex -28.947161657001725 -13.638624780625182 14.623489801858733
  endloop
endfacet
facet normal 0.4164112744000637 -0.1891789910063276 0.8892766498195839
  outer loop
    vertex -28.990963039544873 -13.379679063773143 14.809016994374947
    vertex -29.21450552369883 -13.204042121693455 14.951056516295154
    vertex -29.1931978658234 -13.392588571803506 14.900968867902419
  endloop
endfacet
facet normal 0.5315270858002974 -0.043559682565597245 0.8459205111093049
  outer loop
    vertex -28.932243044498865 -13.237916455350588 14.809016994374947
    vertex -28.87651019814127 -13.085786437626906 14.78183148246803
    vertex -29.066116260882442 -13.085786437626906 14.900968867902419
  endloop
endfacet
facet normal 0.700962978077363 -0.13153633235661052 0.7009629780773629
  outer loop
    vertex -28.932243044498865 -13.237916455350588 14.809016994374947
    vertex -28.71816851753197 -13.085786437626906 14.623489801858733
    vertex -28.87651019814127 -13.085786437626906 14.78183148246803
  endloop
endfacet
facet normal 0.42821698328942037 -0.16067748849221614 0.8892766498195834
  outer loop
    vertex -28.932243044498865 -13.237916455350588 14.809016994374947
    vertex -29.066116260882442 -13.085786437626906 14.900968867902419
    vertex -29.21450552369883 -13.204042121693455 14.951056516295154
  endloop
endfacet
facet normal 0.4255147060262543 -0.17625396222527392 0.8876214146556416
  outer loop
    vertex -28.932243044498865 -13.237916455350588 14.809016994374947
    vertex -29.21450552369883 -13.204042121693455 14.951056516295154
    vertex -28.990963039544873 -13.379679063773143 14.809016994374947
  endloop
endfacet
facet normal 0.6109377364209827 -0.5863298173009979 0.5319515274539443
  outer loop
    vertex -28.858163665160262 -13.57828477921494 14.587785252292473
    vertex -28.947161657001725 -13.638624780625182 14.623489801858733
    vertex -28.862918803868233 -13.722867633758675 14.433883739117558
  endloop
endfacet
facet normal 0.5666619027471812 -0.41439106687512606 0.7121617313988718
  outer loop
    vertex -28.858163665160262 -13.57828477921494 14.587785252292473
    vertex -28.990963039544873 -13.379679063773143 14.809016994374947
    vertex -28.947161657001725 -13.638624780625182 14.623489801858733
  endloop
endfacet
facet normal 0.6220251833811364 -0.3591264070678375 0.6957822180727312
  outer loop
    vertex -28.752565757443186 -13.395383837876 14.587785252292473
    vertex -28.990963039544873 -13.379679063773143 14.809016994374947
    vertex -28.858163665160262 -13.57828477921494 14.587785252292473
  endloop
endfacet
facet normal 0.6458996096394386 -0.2675403782441416 0.7150075805728234
  outer loop
    vertex -28.752565757443186 -13.395383837876 14.587785252292473
    vertex -28.932243044498865 -13.237916455350588 14.809016994374947
    vertex -28.990963039544873 -13.379679063773143 14.809016994374947
  endloop
endfacet
facet normal 0.7918174662907557 -0.4571560273120306 0.4050104526665576
  outer loop
    vertex -28.752565757443186 -13.395383837876 14.587785252292473
    vertex -28.858163665160262 -13.57828477921494 14.587785252292473
    vertex -28.862918803868233 -13.722867633758675 14.433883739117558
  endloop
endfacet
facet normal 0.8465960061314373 -0.017400426480599886 0.5319515274539522
  outer loop
    vertex -28.697904258162872 -13.191384345343979 14.587785252292473
    vertex -28.59903113209758 -13.085786437626906 14.433883739117558
    vertex -28.71816851753197 -13.085786437626906 14.623489801858733
  endloop
endfacet
facet normal 0.8831576268487881 -0.23664137290352028 0.40501045266653796
  outer loop
    vertex -28.697904258162872 -13.191384345343979 14.587785252292473
    vertex -28.752565757443186 -13.395383837876 14.587785252292473
    vertex -28.59903113209758 -13.085786437626906 14.433883739117558
  endloop
endfacet
facet normal 0.6937092075231277 -0.10767174062204915 0.7121617313988814
  outer loop
    vertex -28.697904258162872 -13.191384345343979 14.587785252292473
    vertex -28.71816851753197 -13.085786437626906 14.623489801858733
    vertex -28.932243044498865 -13.237916455350588 14.809016994374947
  endloop
endfacet
facet normal 0.6937789429784299 -0.1858975074967888 0.6957822180727342
  outer loop
    vertex -28.697904258162872 -13.191384345343979 14.587785252292473
    vertex -28.932243044498865 -13.237916455350588 14.809016994374947
    vertex -28.752565757443186 -13.395383837876 14.587785252292473
  endloop
endfacet
facet normal 0.7343115950964796 -0.5939501455395614 0.3286483012589562
  outer loop
    vertex -28.67636089645367 -13.561314695774483 14.309016994374947
    vertex -28.862918803868233 -13.722867633758675 14.433883739117558
    vertex -28.81062186212819 -13.775164575498717 14.222520933956314
  endloop
endfacet
facet normal 0.8728618324156915 -0.46655436957259633 0.14296587615455073
  outer loop
    vertex -28.67636089645367 -13.561314695774483 14.309016994374947
    vertex -28.668530387697455 -13.641356670646509 14
    vertex -28.576120467488714 -13.468469869991996 14
  endloop
endfacet
facet normal 0.7351075329984764 -0.4750269245348648 0.48370066766114955
  outer loop
    vertex -28.67636089645367 -13.561314695774483 14.309016994374947
    vertex -28.752565757443186 -13.395383837876 14.587785252292473
    vertex -28.862918803868233 -13.722867633758675 14.433883739117558
  endloop
endfacet
facet normal 0.8026772220735064 -0.5721080135916401 0.16852803312382958
  outer loop
    vertex -28.67636089645367 -13.561314695774483 14.309016994374947
    vertex -28.81062186212819 -13.775164575498717 14.222520933956314
    vertex -28.668530387697455 -13.641356670646509 14
  endloop
endfacet
facet normal 0.9392228839943949 -0.09925053279886507 0.3286483012589488
  outer loop
    vertex -28.58134994865 -13.331937977012947 14.309016994374947
    vertex -28.525072087818177 -13.085786437626906 14.222520933956314
    vertex -28.59903113209758 -13.085786437626906 14.433883739117558
  endloop
endfacet
facet normal 0.9471102792570468 -0.2873027622230612 0.14296587615454978
  outer loop
    vertex -28.58134994865 -13.331937977012947 14.309016994374947
    vertex -28.576120467488714 -13.468469869991996 14
    vertex -28.519214719596768 -13.280876759643034 14
  endloop
endfacet
facet normal 0.8556942810693278 -0.18390476189974403 0.48370066766115277
  outer loop
    vertex -28.58134994865 -13.331937977012947 14.309016994374947
    vertex -28.59903113209758 -13.085786437626906 14.433883739117558
    vertex -28.752565757443186 -13.395383837876 14.587785252292473
  endloop
endfacet
facet normal 0.9085105968882633 -0.37631741079079994 0.18164168485631185
  outer loop
    vertex -28.58134994865 -13.331937977012947 14.309016994374947
    vertex -28.67636089645367 -13.561314695774483 14.309016994374947
    vertex -28.576120467488714 -13.468469869991996 14
  endloop
endfacet
facet normal 0.9721199628139722 -0.1630370508503331 0.16852803312383188
  outer loop
    vertex -28.58134994865 -13.331937977012947 14.309016994374947
    vertex -28.519214719596768 -13.280876759643034 14
    vertex -28.525072087818177 -13.085786437626906 14.222520933956314
  endloop
endfacet
facet normal 0.8327887252462555 -0.34495238458840516 0.43297897347271935
  outer loop
    vertex -28.58134994865 -13.331937977012947 14.309016994374947
    vertex -28.752565757443186 -13.395383837876 14.587785252292473
    vertex -28.67636089645367 -13.561314695774483 14.309016994374947
  endloop
endfacet
facet normal 0.7071067811865475 -0.7071067811865475 0
  outer loop
    vertex -31.707106781186546 -16.707106781186546 1
    vertex -28.792893218813454 -13.792893218813454 1
    vertex -28.792893218813454 -13.792893218813454 14.000000000000002
  endloop
endfacet
facet normal 0.7071067811865475 -0.7071067811865475 0
  outer loop
    vertex -31.707106781186546 -16.707106781186546 1
    vertex -28.792893218813454 -13.792893218813454 14.000000000000002
    vertex -31.707106781186546 -16.707106781186546 14.000000000000002
  endloop
endfacet
facet normal 0.9927088740980535 -4.971665957727695e-17 -0.12053668025532692
  outer loop
    vertex -1.213677271782564 4.2 7.799144580359446
    vertex -1.25 2.000000000000002 7.5
    vertex -1.25 4.200000000000002 7.499999999999999
  endloop
endfacet
facet normal 0.9927088740980539 -4.494366714562609e-16 -0.120536680255324
  outer loop
    vertex -1.213677271782564 4.2 7.799144580359446
    vertex -1.2136772717825648 2.000000000000002 7.799144580359447
    vertex -1.25 2.000000000000002 7.5
  endloop
endfacet
facet normal 0.9350162426854152 -6.638027569113826e-16 -0.3546048870425345
  outer loop
    vertex -1.1068200320665114 4.2 8.08090396505471
    vertex -1.1068200320665122 2.000000000000002 8.080903965054711
    vertex -1.2136772717825648 2.000000000000002 7.799144580359447
  endloop
endfacet
facet normal 0.9350162426854149 -5.18099926121097e-16 -0.3546048870425355
  outer loop
    vertex -1.1068200320665114 4.2 8.08090396505471
    vertex -1.2136772717825648 2.000000000000002 7.799144580359447
    vertex -1.213677271782564 4.2 7.799144580359446
  endloop
endfacet
facet normal 0.8229838658936555 -7.493966562932612e-16 -0.5680647467311571
  outer loop
    vertex -0.9356384352138755 4.2 8.328903322800992
    vertex -0.9356384352138762 2.000000000000002 8.328903322800993
    vertex -1.1068200320665122 2.000000000000002 8.080903965054711
  endloop
endfacet
facet normal 0.8229838658936556 -7.849998880622695e-16 -0.5680647467311569
  outer loop
    vertex -0.9356384352138755 4.2 8.328903322800992
    vertex -1.1068200320665122 2.000000000000002 8.080903965054711
    vertex -1.1068200320665114 4.2 8.08090396505471
  endloop
endfacet
facet normal 0.6631226582407947 -8.386236441859248e-16 -0.7485107481711013
  outer loop
    vertex -0.7100809334139438 4.2 8.528729832367068
    vertex -0.7100809334139446 2.000000000000002 8.52872983236707
    vertex -0.9356384352138762 2.000000000000002 8.328903322800993
  endloop
endfacet
facet normal 0.6631226582407947 -8.373332139330857e-16 -0.7485107481711013
  outer loop
    vertex -0.7100809334139438 4.2 8.528729832367068
    vertex -0.9356384352138762 2.000000000000002 8.328903322800993
    vertex -0.9356384352138755 4.2 8.328903322800992
  endloop
endfacet
facet normal 0.46472317204377267 -8.673868203859697e-16 -0.8854560256532077
  outer loop
    vertex -0.44325610880316874 4.2 8.668770303356768
    vertex -0.44325610880316946 2.000000000000002 8.66877030335677
    vertex -0.7100809334139446 2.000000000000002 8.52872983236707
  endloop
endfacet
facet normal 0.23931566428755402 -8.624727647563908e-16 -0.9709418174260529
  outer loop
    vertex -0.44325610880316874 4.2 8.668770303356768
    vertex -0.15067085031915378 2.000000000000002 8.740886092622567
    vertex -0.44325610880316946 2.000000000000002 8.66877030335677
  endloop
endfacet
facet normal 0.46472317204377284 -8.791998746297378e-16 -0.8854560256532076
  outer loop
    vertex -0.44325610880316874 4.2 8.668770303356768
    vertex -0.7100809334139446 2.000000000000002 8.52872983236707
    vertex -0.7100809334139438 4.2 8.528729832367068
  endloop
endfacet
facet normal 0.239315664287554 -8.654920120364533e-16 -0.970941817426053
  outer loop
    vertex -0.15067085031915303 4.2 8.740886092622565
    vertex -0.15067085031915378 2.000000000000002 8.740886092622567
    vertex -0.44325610880316874 4.2 8.668770303356768
  endloop
endfacet
facet normal 0 -8.074349270001147e-16 -1
  outer loop
    vertex 0.15067085031915461 4.2 8.740886092622565
    vertex 0.15067085031915387 2.000000000000002 8.740886092622567
    vertex -0.15067085031915378 2.000000000000002 8.740886092622567
  endloop
endfacet
facet normal 0 -8.074349270001146e-16 -1
  outer loop
    vertex 0.15067085031915461 4.2 8.740886092622565
    vertex -0.15067085031915378 2.000000000000002 8.740886092622567
    vertex -0.15067085031915303 4.2 8.740886092622565
  endloop
endfacet
facet normal -0.23931566428755388 -7.054719061931363e-16 -0.9709418174260529
  outer loop
    vertex 0.44325610880317035 4.2 8.668770303356768
    vertex 0.4432561088031696 2.0000000000000018 8.66877030335677
    vertex 0.15067085031915387 2.000000000000002 8.740886092622567
  endloop
endfacet
facet normal -0.239315664287554 -6.960332340818778e-16 -0.970941817426053
  outer loop
    vertex 0.44325610880317035 4.2 8.668770303356768
    vertex 0.15067085031915387 2.000000000000002 8.740886092622567
    vertex 0.15067085031915461 4.2 8.740886092622565
  endloop
endfacet
facet normal -0.46472317204377267 -5.507833687187981e-16 -0.8854560256532078
  outer loop
    vertex 0.7100809334139456 4.2 8.528729832367068
    vertex 0.7100809334139448 2.0000000000000018 8.52872983236707
    vertex 0.4432561088031696 2.0000000000000018 8.66877030335677
  endloop
endfacet
facet normal -0.46472317204377267 -5.651999194048311e-16 -0.8854560256532078
  outer loop
    vertex 0.7100809334139456 4.2 8.528729832367068
    vertex 0.4432561088031696 2.0000000000000018 8.66877030335677
    vertex 0.44325610880317035 4.2 8.668770303356768
  endloop
endfacet
facet normal -0.663122658240792 -3.701237984307471e-16 -0.7485107481711041
  outer loop
    vertex 0.935638435213877 4.2 8.328903322800993
    vertex 0.9356384352138762 2.0000000000000018 8.328903322800995
    vertex 0.7100809334139448 2.0000000000000018 8.52872983236707
  endloop
endfacet
facet normal -0.6631226582407919 -3.663332810957266e-16 -0.7485107481711041
  outer loop
    vertex 0.935638435213877 4.2 8.328903322800993
    vertex 0.7100809334139448 2.0000000000000018 8.52872983236707
    vertex 0.7100809334139456 4.2 8.528729832367068
  endloop
endfacet
facet normal -0.8229838658936574 -1.2642235846814955e-16 -0.5680647467311545
  outer loop
    vertex 1.1068200320665131 4.2 8.08090396505471
    vertex 1.1068200320665122 2.0000000000000018 8.080903965054711
    vertex 0.9356384352138762 2.0000000000000018 8.328903322800995
  endloop
endfacet
facet normal -0.8229838658936571 -1.6746664278661656e-16 -0.5680647467311546
  outer loop
    vertex 1.1068200320665131 4.2 8.08090396505471
    vertex 0.9356384352138762 2.0000000000000018 8.328903322800995
    vertex 0.935638435213877 4.2 8.328903322800993
  endloop
endfacet
facet normal -0.935016242685414 8.896665398039084e-17 -0.35460488704253806
  outer loop
    vertex 1.213677271782566 4.2 7.799144580359448
    vertex 1.1068200320665122 2.0000000000000018 8.080903965054711
    vertex 1.1068200320665131 4.2 8.08090396505471
  endloop
endfacet
facet normal -0.9350162426854142 2.3432220028677197e-16 -0.3546048870425371
  outer loop
    vertex 1.213677271782566 4.2 7.799144580359448
    vertex 1.213677271782565 2.0000000000000018 7.799144580359449
    vertex 1.1068200320665122 2.0000000000000018 8.080903965054711
  endloop
endfacet
facet normal -0.9927088740980539 3.532499496280197e-16 -0.12053668025532366
  outer loop
    vertex 1.250000000000001 4.2 7.5
    vertex 1.213677271782565 2.0000000000000018 7.799144580359449
    vertex 1.213677271782566 4.2 7.799144580359448
  endloop
endfacet
facet normal -0.9927088740980539 3.521111458334673e-16 -0.12053668025532366
  outer loop
    vertex 1.250000000000001 4.2 7.5
    vertex 1.2500000000000002 2.0000000000000018 7.500000000000001
    vertex 1.213677271782565 2.0000000000000018 7.799144580359449
  endloop
endfacet
facet normal -0.9927088740980542 4.494366714562601e-16 0.12053668025532183
  outer loop
    vertex 1.250000000000001 4.2 7.5
    vertex 1.2136772717825657 2.0000000000000013 7.200855419640554
    vertex 1.2500000000000002 2.0000000000000018 7.500000000000001
  endloop
endfacet
facet normal -0.9927088740980542 4.4943667145626e-16 0.12053668025532185
  outer loop
    vertex 1.2136772717825666 4.2 7.200855419640553
    vertex 1.2136772717825657 2.0000000000000013 7.200855419640554
    vertex 1.250000000000001 4.2 7.5
  endloop
endfacet
facet normal -0.935016242685415 5.20642571369846e-16 0.3546048870425348
  outer loop
    vertex 1.2136772717825666 4.2 7.200855419640553
    vertex 1.1068200320665134 2.0000000000000013 6.919096034945291
    vertex 1.2136772717825657 2.0000000000000013 7.200855419640554
  endloop
endfacet
facet normal -0.9350162426854153 5.206425713698462e-16 0.3546048870425349
  outer loop
    vertex 1.1068200320665142 4.2 6.91909603494529
    vertex 1.1068200320665134 2.0000000000000013 6.919096034945291
    vertex 1.2136772717825666 4.2 7.200855419640553
  endloop
endfacet
facet normal -0.8229838658936572 5.547332542306694e-16 0.5680647467311545
  outer loop
    vertex 0.9356384352138788 4.2 6.671096677199007
    vertex 1.1068200320665134 2.0000000000000013 6.919096034945291
    vertex 1.1068200320665142 4.2 6.91909603494529
  endloop
endfacet
facet normal -0.8229838658936575 5.200589976391553e-16 0.5680647467311544
  outer loop
    vertex 0.9356384352138788 4.2 6.671096677199007
    vertex 0.935638435213878 2.0000000000000013 6.6710966771990075
    vertex 1.1068200320665134 2.0000000000000013 6.919096034945291
  endloop
endfacet
facet normal -0.6631226582407974 5.364367835317575e-16 0.7485107481710993
  outer loop
    vertex 0.9356384352138788 4.2 6.671096677199007
    vertex 0.710080933413947 2.0000000000000013 6.47127016763293
    vertex 0.935638435213878 2.0000000000000013 6.6710966771990075
  endloop
endfacet
facet normal -0.6631226582407974 5.364367835317575e-16 0.7485107481710993
  outer loop
    vertex 0.7100809334139477 4.2 6.471270167632929
    vertex 0.710080933413947 2.0000000000000013 6.47127016763293
    vertex 0.9356384352138788 4.2 6.671096677199007
  endloop
endfacet
facet normal -0.4647231720437687 5.233332587081789e-16 0.8854560256532098
  outer loop
    vertex 0.44325610880317295 4.2 6.3312296966432315
    vertex 0.710080933413947 2.0000000000000013 6.47127016763293
    vertex 0.7100809334139477 4.2 6.471270167632929
  endloop
endfacet
facet normal -0.4647231720437688 5.099127596684143e-16 0.8854560256532098
  outer loop
    vertex 0.44325610880317295 4.2 6.3312296966432315
    vertex 0.44325610880317223 2.0000000000000013 6.331229696643232
    vertex 0.710080933413947 2.0000000000000013 6.47127016763293
  endloop
endfacet
facet normal -0.23931566428755982 4.7048659701901e-16 0.9709418174260516
  outer loop
    vertex 0.44325610880317295 4.2 6.3312296966432315
    vertex 0.15067085031915692 2.0000000000000013 6.259113907377433
    vertex 0.44325610880317223 2.0000000000000013 6.331229696643232
  endloop
endfacet
facet normal -0.23931566428755988 4.735058442990727e-16 0.9709418174260516
  outer loop
    vertex 0.15067085031915767 4.2 6.259113907377432
    vertex 0.15067085031915692 2.0000000000000013 6.259113907377433
    vertex 0.44325610880317295 4.2 6.3312296966432315
  endloop
endfacet
facet normal -2.9474129130444605e-15 4.037174635000581e-16 0.9999999999999999
  outer loop
    vertex -0.1506708503191497 4.2 6.259113907377431
    vertex 0.15067085031915692 2.0000000000000013 6.259113907377433
    vertex 0.15067085031915767 4.2 6.259113907377432
  endloop
endfacet
facet normal -2.9474129130444597e-15 4.037174635000581e-16 1
  outer loop
    vertex -0.1506708503191497 4.2 6.259113907377431
    vertex -0.15067085031915045 2.0000000000000013 6.259113907377432
    vertex 0.15067085031915692 2.0000000000000013 6.259113907377433
  endloop
endfacet
facet normal 0.23931566428755682 3.104664911756908e-16 0.9709418174260522
  outer loop
    vertex -0.1506708503191497 4.2 6.259113907377431
    vertex -0.44325610880316607 2.0000000000000018 6.331229696643231
    vertex -0.15067085031915045 2.0000000000000013 6.259113907377432
  endloop
endfacet
facet normal 0.23931566428755685 3.1348573845575347e-16 0.9709418174260522
  outer loop
    vertex -0.44325610880316535 4.2 6.33122969664323
    vertex -0.44325610880316607 2.0000000000000018 6.331229696643231
    vertex -0.1506708503191497 4.2 6.259113907377431
  endloop
endfacet
facet normal 0.46472317204376545 2.0933330348327152e-16 0.8854560256532116
  outer loop
    vertex -0.7100809334139407 4.2 6.471270167632927
    vertex -0.44325610880316607 2.0000000000000018 6.331229696643231
    vertex -0.44325610880316535 4.2 6.33122969664323
  endloop
endfacet
facet normal 0.46472317204376545 1.933093080012477e-16 0.8854560256532116
  outer loop
    vertex -0.7100809334139407 4.2 6.471270167632927
    vertex -0.7100809334139415 2.0000000000000018 6.471270167632928
    vertex -0.44325610880316607 2.0000000000000018 6.331229696643231
  endloop
endfacet
facet normal 0.6631226582407925 7.326665621914506e-17 0.7485107481711033
  outer loop
    vertex -0.9356384352138727 4.2 6.671096677199002
    vertex -0.7100809334139415 2.0000000000000018 6.471270167632928
    vertex -0.7100809334139407 4.2 6.471270167632927
  endloop
endfacet
facet normal 0.6631226582407925 6.793693777657835e-17 0.7485107481711034
  outer loop
    vertex -0.9356384352138727 4.2 6.671096677199002
    vertex -0.9356384352138735 2.0000000000000018 6.671096677199003
    vertex -0.7100809334139415 2.0000000000000018 6.471270167632928
  endloop
endfacet
facet normal 0.8229838658936541 -1.0291530018595143e-16 0.5680647467311588
  outer loop
    vertex -1.1068200320665094 4.2 6.919096034945285
    vertex -1.1068200320665103 2.0000000000000018 6.9190960349452855
    vertex -0.9356384352138735 2.0000000000000018 6.671096677199003
  endloop
endfacet
facet normal 0.8229838658936544 -6.279999104498147e-17 0.5680647467311587
  outer loop
    vertex -1.1068200320665094 4.2 6.919096034945285
    vertex -0.9356384352138735 2.0000000000000018 6.671096677199003
    vertex -0.9356384352138727 4.2 6.671096677199002
  endloop
endfacet
facet normal 0.935016242685414 -2.3432220028677143e-16 0.35460488704253795
  outer loop
    vertex -1.2136772717825628 4.2 7.200855419640548
    vertex -1.2136772717825637 2.0000000000000018 7.200855419640549
    vertex -1.1068200320665103 2.0000000000000018 6.9190960349452855
  endloop
endfacet
facet normal 0.9350162426854137 -2.354999664186801e-16 0.354604887042538
  outer loop
    vertex -1.2136772717825628 4.2 7.200855419640548
    vertex -1.1068200320665103 2.0000000000000018 6.9190960349452855
    vertex -1.1068200320665094 4.2 6.919096034945285
  endloop
endfacet
facet normal 0.9927088740980533 -3.532499496280153e-16 0.12053668025532877
  outer loop
    vertex -1.25 4.200000000000002 7.499999999999999
    vertex -1.2136772717825637 2.0000000000000018 7.200855419640549
    vertex -1.2136772717825628 4.2 7.200855419640548
  endloop
endfacet
facet normal 0.9927088740980536 4.866276281139756e-17 0.12053668025532588
  outer loop
    vertex -1.25 4.200000000000002 7.499999999999999
    vertex -1.25 2.000000000000002 7.5
    vertex -1.2136772717825637 2.0000000000000018 7.200855419640549
  endloop
endfacet
facet normal -0.09801714032955186 -0.9951847266721977 0
  outer loop
    vertex 32.41421356237309 -17 14
    vertex 32.219123240356964 -16.980785280403232 1
    vertex 32.41421356237309 -17 1
  endloop
endfacet
facet normal -0.09801714032955186 -0.9951847266721977 0
  outer loop
    vertex 32.219123240356964 -16.980785280403232 14
    vertex 32.219123240356964 -16.980785280403232 1
    vertex 32.41421356237309 -17 14
  endloop
endfacet
facet normal -0.29028467725447105 -0.9569403357322063 0
  outer loop
    vertex 32.031530130008 -16.923879532511286 14
    vertex 32.031530130008 -16.923879532511286 1
    vertex 32.219123240356964 -16.980785280403232 1
  endloop
endfacet
facet normal -0.29028467725447105 -0.9569403357322063 0
  outer loop
    vertex 32.031530130008 -16.923879532511286 14
    vertex 32.219123240356964 -16.980785280403232 1
    vertex 32.219123240356964 -16.980785280403232 14
  endloop
endfacet
facet normal -0.47139673682600164 -0.8819212643483528 0
  outer loop
    vertex 31.85864332935349 -16.831469612302545 14
    vertex 31.85864332935349 -16.831469612302545 1
    vertex 32.031530130008 -16.923879532511286 1
  endloop
endfacet
facet normal -0.47139673682600164 -0.8819212643483528 0
  outer loop
    vertex 31.85864332935349 -16.831469612302545 14
    vertex 32.031530130008 -16.923879532511286 1
    vertex 32.031530130008 -16.923879532511286 14
  endloop
endfacet
facet normal -0.6343932841636499 -0.7730104533627334 0
  outer loop
    vertex 31.707106781186546 -16.707106781186546 14.000000000000002
    vertex 31.707106781186546 -16.707106781186546 1
    vertex 31.85864332935349 -16.831469612302545 1
  endloop
endfacet
facet normal -0.6343932841636499 -0.7730104533627333 0
  outer loop
    vertex 31.707106781186546 -16.707106781186546 14.000000000000002
    vertex 31.85864332935349 -16.831469612302545 1
    vertex 31.85864332935349 -16.831469612302545 14
  endloop
endfacet
facet normal 0.9875415564011114 0.1112692104332332 -0.11126921043323303
  outer loop
    vertex 35.474927912181826 6.222520933956314 1
    vertex 35.5 6 1
    vertex 35.474927912181826 6 0.7774790660436853
  endloop
endfacet
facet normal 0.1112692104332465 0.9875415564011089 -0.11126921043324457
  outer loop
    vertex 34.5 7 1
    vertex 34.72252093395631 6.9749279121818235 1
    vertex 34.5 6.9749279121818235 0.7774790660436853
  endloop
endfacet
facet normal 0.3286765109184548 -0.09839045294744514 -0.9393035025694663
  outer loop
    vertex 34.80521248238989 6.048340908203385 0.04894348370484647
    vertex 34.933883739117555 6 0.09903113209758074
    vertex 34.72252093395631 6 0.02507208781817638
  endloop
endfacet
facet normal 0.11107321276667317 0.1259249817534295 -0.9858020289977536
  outer loop
    vertex 34.77533615807316 6.140290779704295 0.04894348370484647
    vertex 34.72252093395631 6 0.02507208781817638
    vertex 34.5 6 0
  endloop
endfacet
facet normal 0.23507198344078845 0.07637951745245028 -0.9689723070939356
  outer loop
    vertex 34.77533615807316 6.140290779704295 0.04894348370484647
    vertex 34.80521248238989 6.048340908203385 0.04894348370484647
    vertex 34.72252093395631 6 0.02507208781817638
  endloop
endfacet
facet normal 0 0 0
  outer loop
    vertex 34.71850801222441 6.218508012224411 0.04894348370484647
    vertex 34.5 6 0
    vertex 34.5 6 0
  endloop
endfacet
facet normal 0.1280963914113355 0.09306747604435543 -0.9873853145606973
  outer loop
    vertex 34.71850801222441 6.218508012224411 0.04894348370484647
    vertex 34.77533615807316 6.140290779704295 0.04894348370484647
    vertex 34.5 6 0
  endloop
endfacet
facet normal 0.5310085525836484 0.061999204273810025 -0.8450952702224956
  outer loop
    vertex 35.05901699437495 6.18163563200134 0.19098300562505255
    vertex 35.12348980185873 6 0.21816851753197009
    vertex 34.933883739117555 6 0.09903113209758074
  endloop
endfacet
facet normal 0.4121077683049527 0.1693113854758148 -0.895265794080714
  outer loop
    vertex 35.05901699437495 6.18163563200134 0.19098300562505255
    vertex 34.933883739117555 6 0.09903113209758074
    vertex 34.80521248238989 6.048340908203385 0.04894348370484647
  endloop
endfacet
facet normal 0.4271362851213703 0.13878499201169225 -0.8934726184528713
  outer loop
    vertex 35.05901699437495 6.18163563200134 0.19098300562505255
    vertex 34.80521248238989 6.048340908203385 0.04894348370484647
    vertex 34.77533615807316 6.140290779704295 0.04894348370484647
  endloop
endfacet
facet normal 0.12592498175343442 0.11107321276667136 -0.9858020289977532
  outer loop
    vertex 34.640290779704294 6.275336158073158 0.04894348370484647
    vertex 34.5 6 0
    vertex 34.5 6.222520933956314 0.02507208781817638
  endloop
endfacet
facet normal 0.09306747604435427 0.12809639141133683 -0.9873853145606972
  outer loop
    vertex 34.640290779704294 6.275336158073158 0.04894348370484647
    vertex 34.71850801222441 6.218508012224411 0.04894348370484647
    vertex 34.5 6 0
  endloop
endfacet
facet normal 0.3633438262149846 0.2639847420333741 -0.89347261845287
  outer loop
    vertex 34.97552825814758 6.345491502812527 0.19098300562505255
    vertex 34.77533615807316 6.140290779704295 0.04894348370484647
    vertex 34.71850801222441 6.218508012224411 0.04894348370484647
  endloop
endfacet
facet normal 0.4129966341363774 0.21043229564802987 -0.8860880481872687
  outer loop
    vertex 34.97552825814758 6.345491502812527 0.19098300562505255
    vertex 35.05901699437495 6.18163563200134 0.19098300562505255
    vertex 34.77533615807316 6.140290779704295 0.04894348370484647
  endloop
endfacet
facet normal 0.7033677059155228 0.10270219350269208 -0.7033677059155262
  outer loop
    vertex 35.299056652687455 6.126558140723501 0.41221474770752686
    vertex 35.28183148246803 6 0.3765101981412663
    vertex 35.12348980185873 6 0.21816851753197009
  endloop
endfacet
facet normal 0.8462103805226721 0.034832373721862625 -0.5317092228244447
  outer loop
    vertex 35.299056652687455 6.126558140723501 0.41221474770752686
    vertex 35.40096886790242 6 0.5661162608824417
    vertex 35.28183148246803 6 0.3765101981412663
  endloop
endfacet
facet normal 0.6881537266928927 0.13764104512730063 -0.7123899150991316
  outer loop
    vertex 35.299056652687455 6.126558140723501 0.41221474770752686
    vertex 35.12348980185873 6 0.21816851753197009
    vertex 35.05901699437495 6.18163563200134 0.19098300562505255
  endloop
endfacet
facet normal -0.09839045294740745 0.32867651091845607 -0.9393035025694699
  outer loop
    vertex 34.548340908203386 6.305212482389889 0.04894348370484647
    vertex 34.5 6.222520933956314 0.02507208781817638
    vertex 34.5 6.433883739117558 0.09903113209758074
  endloop
endfacet
facet normal 0.07637951745245328 0.2350719834408001 -0.9689723070939326
  outer loop
    vertex 34.548340908203386 6.305212482389889 0.04894348370484647
    vertex 34.640290779704294 6.275336158073158 0.04894348370484647
    vertex 34.5 6.222520933956314 0.02507208781817638
  endloop
endfacet
facet normal 0.32775598458279914 0.32775598458279465 -0.8860880481872685
  outer loop
    vertex 34.84549150281253 6.475528258147577 0.19098300562505255
    vertex 34.97552825814758 6.345491502812527 0.19098300562505255
    vertex 34.71850801222441 6.218508012224411 0.04894348370484647
  endloop
endfacet
facet normal 0.263984742033369 0.36334382621498573 -0.8934726184528712
  outer loop
    vertex 34.84549150281253 6.475528258147577 0.19098300562505255
    vertex 34.71850801222441 6.218508012224411 0.04894348370484647
    vertex 34.640290779704294 6.275336158073158 0.04894348370484647
  endloop
endfacet
facet normal 0.6198179034590173 0.31581299586465933 -0.718392593360105
  outer loop
    vertex 35.220839420167344 6.3672860295740685 0.41221474770752686
    vertex 35.05901699437495 6.18163563200134 0.19098300562505255
    vertex 34.97552825814758 6.345491502812527 0.19098300562505255
  endloop
endfacet
facet normal 0.6878034656762881 0.22348089313546513 -0.690639329177728
  outer loop
    vertex 35.220839420167344 6.3672860295740685 0.41221474770752686
    vertex 35.299056652687455 6.126558140723501 0.41221474770752686
    vertex 35.05901699437495 6.18163563200134 0.19098300562505255
  endloop
endfacet
facet normal 0.06199920427382517 0.5310085525836515 -0.8450952702224926
  outer loop
    vertex 34.68163563200134 6.5590169943749475 0.19098300562505255
    vertex 34.5 6.433883739117558 0.09903113209758074
    vertex 34.5 6.623489801858733 0.21816851753197009
  endloop
endfacet
facet normal 0.1387849920116917 0.42713628512137297 -0.89347261845287
  outer loop
    vertex 34.68163563200134 6.5590169943749475 0.19098300562505255
    vertex 34.640290779704294 6.275336158073158 0.04894348370484647
    vertex 34.548340908203386 6.305212482389889 0.04894348370484647
  endloop
endfacet
facet normal 0.16931138547583596 0.4121077683049446 -0.8952657940807137
  outer loop
    vertex 34.68163563200134 6.5590169943749475 0.19098300562505255
    vertex 34.548340908203386 6.305212482389889 0.04894348370484647
    vertex 34.5 6.433883739117558 0.09903113209758074
  endloop
endfacet
facet normal 0.2104322956480209 0.41299663413638193 -0.8860880481872687
  outer loop
    vertex 34.68163563200134 6.5590169943749475 0.19098300562505255
    vertex 34.84549150281253 6.475528258147577 0.19098300562505255
    vertex 34.640290779704294 6.275336158073158 0.04894348370484647
  endloop
endfacet
facet normal 0.49189027323446693 0.49189027323446016 -0.7183925933600998
  outer loop
    vertex 35.07206140281768 6.572061402817685 0.41221474770752686
    vertex 34.97552825814758 6.345491502812527 0.19098300562505255
    vertex 34.84549150281253 6.475528258147577 0.19098300562505255
  endloop
endfacet
facet normal 0.5850805740648555 0.42508591936792184 -0.690639329177732
  outer loop
    vertex 35.07206140281768 6.572061402817685 0.41221474770752686
    vertex 35.220839420167344 6.3672860295740685 0.41221474770752686
    vertex 34.97552825814758 6.345491502812527 0.19098300562505255
  endloop
endfacet
facet normal 0.9361313881461133 0.12789912412072266 -0.32756654007511676
  outer loop
    vertex 35.40450849718747 6.293892626146237 0.6909830056250525
    vertex 35.474927912181826 6 0.7774790660436853
    vertex 35.40096886790242 6 0.5661162608824417
  endloop
endfacet
facet normal 0.9349189916767582 0.3271423042021453 -0.137493242755507
  outer loop
    vertex 35.40450849718747 6.293892626146237 0.6909830056250525
    vertex 35.40096886790242 6.433883739117558 1
    vertex 35.474927912181826 6.222520933956314 1
  endloop
endfacet
facet normal 0.8811655334971809 0.17585784442531174 -0.438886455852435
  outer loop
    vertex 35.40450849718747 6.293892626146237 0.6909830056250525
    vertex 35.40096886790242 6 0.5661162608824417
    vertex 35.299056652687455 6.126558140723501 0.41221474770752686
  endloop
endfacet
facet normal 0.8349982423901985 0.2713073752724162 -0.47871728956459425
  outer loop
    vertex 35.40450849718747 6.293892626146237 0.6909830056250525
    vertex 35.299056652687455 6.126558140723501 0.41221474770752686
    vertex 35.220839420167344 6.3672860295740685 0.41221474770752686
  endloop
endfacet
facet normal 0.9673956039246632 0.17908900790840906 -0.1790890079084088
  outer loop
    vertex 35.40450849718747 6.293892626146237 0.6909830056250525
    vertex 35.474927912181826 6.222520933956314 1
    vertex 35.474927912181826 6 0.7774790660436853
  endloop
endfacet
facet normal 0.3158129958646464 0.6198179034590253 -0.7183925933601036
  outer loop
    vertex 34.86728602957407 6.7208394201673425 0.41221474770752686
    vertex 34.84549150281253 6.475528258147577 0.19098300562505255
    vertex 34.68163563200134 6.5590169943749475 0.19098300562505255
  endloop
endfacet
facet normal 0.42508591936791706 0.5850805740648622 -0.6906393291777292
  outer loop
    vertex 34.86728602957407 6.7208394201673425 0.41221474770752686
    vertex 35.07206140281768 6.572061402817685 0.41221474770752686
    vertex 34.84549150281253 6.475528258147577 0.19098300562505255
  endloop
endfacet
facet normal 0.8379599974533084 0.5265251635517312 -0.14350712461363807
  outer loop
    vertex 35.269420884293815 6.5590169943749475 0.6909830056250525
    vertex 35.28183148246803 6.623489801858733 1
    vertex 35.40096886790242 6.433883739117558 1
  endloop
endfacet
facet normal 0.874458728506454 0.4455589767065642 -0.1918309944067309
  outer loop
    vertex 35.269420884293815 6.5590169943749475 0.6909830056250525
    vertex 35.40096886790242 6.433883739117558 1
    vertex 35.40450849718747 6.293892626146237 0.6909830056250525
  endloop
endfacet
facet normal 0.7102919298617387 0.5160572943435711 -0.47871728956460263
  outer loop
    vertex 35.269420884293815 6.5590169943749475 0.6909830056250525
    vertex 35.220839420167344 6.3672860295740685 0.41221474770752686
    vertex 35.07206140281768 6.572061402817685 0.41221474770752686
  endloop
endfacet
facet normal 0.807150167585704 0.411263551948597 -0.423522015726448
  outer loop
    vertex 35.269420884293815 6.5590169943749475 0.6909830056250525
    vertex 35.40450849718747 6.293892626146237 0.6909830056250525
    vertex 35.220839420167344 6.3672860295740685 0.41221474770752686
  endloop
endfacet
facet normal 0.10270219350267447 0.7033677059155261 -0.7033677059155254
  outer loop
    vertex 34.6265581407235 6.799056652687458 0.41221474770752686
    vertex 34.5 6.623489801858733 0.21816851753197009
    vertex 34.5 6.7818314824680295 0.3765101981412663
  endloop
endfacet
facet normal 0.03483237372184099 0.8462103805226779 -0.5317092228244367
  outer loop
    vertex 34.6265581407235 6.799056652687458 0.41221474770752686
    vertex 34.5 6.7818314824680295 0.3765101981412663
    vertex 34.5 6.900968867902419 0.5661162608824417
  endloop
endfacet
facet normal 0.13764104512731395 0.6881537266928822 -0.712389915099139
  outer loop
    vertex 34.6265581407235 6.799056652687458 0.41221474770752686
    vertex 34.68163563200134 6.5590169943749475 0.19098300562505255
    vertex 34.5 6.623489801858733 0.21816851753197009
  endloop
endfacet
facet normal 0.22348089313547978 0.6878034656762761 -0.6906393291777352
  outer loop
    vertex 34.6265581407235 6.799056652687458 0.41221474770752686
    vertex 34.86728602957407 6.7208394201673425 0.41221474770752686
    vertex 34.68163563200134 6.5590169943749475 0.19098300562505255
  endloop
endfacet
facet normal 0.696411690419641 0.696411690419641 -0.17326717777385256
  outer loop
    vertex 35.05901699437495 6.7694208842938135 0.6909830056250525
    vertex 35.12348980185873 6.78183148246803 1
    vertex 35.28183148246803 6.623489801858733 1
  endloop
endfacet
facet normal 0.5265251635517164 0.8379599974533177 -0.14350712461363743
  outer loop
    vertex 35.05901699437495 6.7694208842938135 0.6909830056250525
    vertex 34.933883739117555 6.900968867902419 1
    vertex 35.12348980185873 6.78183148246803 1
  endloop
endfacet
facet normal 0.6964116904196422 0.6964116904196395 -0.17326717777385425
  outer loop
    vertex 35.05901699437495 6.7694208842938135 0.6909830056250525
    vertex 35.28183148246803 6.623489801858733 1
    vertex 35.269420884293815 6.5590169943749475 0.6909830056250525
  endloop
endfacet
facet normal 0.5160572943435628 0.7102919298617436 -0.4787172895646044
  outer loop
    vertex 35.05901699437495 6.7694208842938135 0.6909830056250525
    vertex 35.07206140281768 6.572061402817685 0.41221474770752686
    vertex 34.86728602957407 6.7208394201673425 0.41221474770752686
  endloop
endfacet
facet normal 0.6405579997919771 0.6405579997919744 -0.4235220157264627
  outer loop
    vertex 35.05901699437495 6.7694208842938135 0.6909830056250525
    vertex 35.269420884293815 6.5590169943749475 0.6909830056250525
    vertex 35.07206140281768 6.572061402817685 0.41221474770752686
  endloop
endfacet
facet normal 0.12789912412070928 0.9361313881461162 -0.3275665400751138
  outer loop
    vertex 34.79389262614624 6.904508497187473 0.6909830056250525
    vertex 34.5 6.900968867902419 0.5661162608824417
    vertex 34.5 6.9749279121818235 0.7774790660436853
  endloop
endfacet
facet normal 0.32714230420214263 0.9349189916767617 -0.13749324275548935
  outer loop
    vertex 34.79389262614624 6.904508497187473 0.6909830056250525
    vertex 34.72252093395631 6.9749279121818235 1
    vertex 34.933883739117555 6.900968867902419 1
  endloop
endfacet
facet normal 0.17908900790839835 0.9673956039246676 -0.17908900790839527
  outer loop
    vertex 34.79389262614624 6.904508497187473 0.6909830056250525
    vertex 34.5 6.9749279121818235 0.7774790660436853
    vertex 34.72252093395631 6.9749279121818235 1
  endloop
endfacet
facet normal 0.4455589767065735 0.8744587285064522 -0.19183099440671744
  outer loop
    vertex 34.79389262614624 6.904508497187473 0.6909830056250525
    vertex 34.933883739117555 6.900968867902419 1
    vertex 35.05901699437495 6.7694208842938135 0.6909830056250525
  endloop
endfacet
facet normal 0.1758578444252945 0.8811655334971908 -0.4388864558524222
  outer loop
    vertex 34.79389262614624 6.904508497187473 0.6909830056250525
    vertex 34.6265581407235 6.799056652687458 0.41221474770752686
    vertex 34.5 6.900968867902419 0.5661162608824417
  endloop
endfacet
facet normal 0.2713073752724361 0.8349982423901905 -0.4787172895645969
  outer loop
    vertex 34.79389262614624 6.904508497187473 0.6909830056250525
    vertex 34.86728602957407 6.7208394201673425 0.41221474770752686
    vertex 34.6265581407235 6.799056652687458 0.41221474770752686
  endloop
endfacet
facet normal 0.41126355194860276 0.8071501675856969 -0.42352201572645604
  outer loop
    vertex 34.79389262614624 6.904508497187473 0.6909830056250525
    vertex 35.05901699437495 6.7694208842938135 0.6909830056250525
    vertex 34.86728602957407 6.7208394201673425 0.41221474770752686
  endloop
endfacet
facet normal 1 0 0
  outer loop
    vertex 35.5 -16 1
    vertex 35.5 6 1
    vertex 35.5 6 14
  endloop
endfacet
facet normal 1 0 0
  outer loop
    vertex 35.5 -16 1
    vertex 35.5 6 14
    vertex 35.5 -16 14
  endloop
endfacet
facet normal 0.9875415564011114 -0.1112692104332332 -0.11126921043323303
  outer loop
    vertex 35.474927912181826 -16.222520933956314 1
    vertex 35.474927912181826 -16 0.7774790660436853
    vertex 35.5 -16 1
  endloop
endfacet
facet normal 0.11126921043325033 -0.9875415564011077 -0.11126921043324839
  outer loop
    vertex 34.5 -17 1
    vertex 34.5 -16.974927912181823 0.7774790660436853
    vertex 34.72252093395631 -16.974927912181823 1
  endloop
endfacet
facet normal 0.32867651091845485 0.09839045294744336 -0.9393035025694665
  outer loop
    vertex 34.80521248238989 -16.048340908203386 0.04894348370484647
    vertex 34.72252093395631 -16 0.02507208781817638
    vertex 34.933883739117555 -16 0.09903113209758074
  endloop
endfacet
facet normal 0.11107321276667317 -0.1259249817534303 -0.9858020289977536
  outer loop
    vertex 34.77533615807316 -16.140290779704294 0.04894348370484647
    vertex 34.5 -16 0
    vertex 34.72252093395631 -16 0.02507208781817638
  endloop
endfacet
facet normal 0.23507198344078703 -0.0763795174524513 -0.9689723070939359
  outer loop
    vertex 34.77533615807316 -16.140290779704294 0.04894348370484647
    vertex 34.72252093395631 -16 0.02507208781817638
    vertex 34.80521248238989 -16.048340908203386 0.04894348370484647
  endloop
endfacet
facet normal 0 0 0
  outer loop
    vertex 34.71850801222441 -16.21850801222441 0.04894348370484647
    vertex 34.5 -16 0
    vertex 34.5 -16 0
  endloop
endfacet
facet normal 0.12809639141133655 -0.09306747604435407 -0.9873853145606973
  outer loop
    vertex 34.71850801222441 -16.21850801222441 0.04894348370484647
    vertex 34.5 -16 0
    vertex 34.77533615807316 -16.140290779704294 0.04894348370484647
  endloop
endfacet
facet normal 0.5310085525836487 -0.061999204273809436 -0.8450952702224958
  outer loop
    vertex 35.05901699437495 -16.181635632001342 0.19098300562505255
    vertex 34.933883739117555 -16 0.09903113209758074
    vertex 35.12348980185873 -16 0.21816851753197009
  endloop
endfacet
facet normal 0.4121077683049531 -0.16931138547581287 -0.8952657940807142
  outer loop
    vertex 35.05901699437495 -16.181635632001342 0.19098300562505255
    vertex 34.80521248238989 -16.048340908203386 0.04894348370484647
    vertex 34.933883739117555 -16 0.09903113209758074
  endloop
endfacet
facet normal 0.42713628512136886 -0.13878499201169445 -0.8934726184528715
  outer loop
    vertex 35.05901699437495 -16.181635632001342 0.19098300562505255
    vertex 34.77533615807316 -16.140290779704294 0.04894348370484647
    vertex 34.80521248238989 -16.048340908203386 0.04894348370484647
  endloop
endfacet
facet normal 0.1259249817534337 -0.11107321276667136 -0.9858020289977532
  outer loop
    vertex 34.640290779704294 -16.27533615807316 0.04894348370484647
    vertex 34.5 -16.222520933956314 0.02507208781817638
    vertex 34.5 -16 0
  endloop
endfacet
facet normal 0.09306747604435407 -0.12809639141133655 -0.9873853145606974
  outer loop
    vertex 34.640290779704294 -16.27533615807316 0.04894348370484647
    vertex 34.5 -16 0
    vertex 34.71850801222441 -16.21850801222441 0.04894348370484647
  endloop
endfacet
facet normal 0.36334382621498856 -0.26398474203337097 -0.8934726184528693
  outer loop
    vertex 34.97552825814758 -16.345491502812525 0.19098300562505255
    vertex 34.71850801222441 -16.21850801222441 0.04894348370484647
    vertex 34.77533615807316 -16.140290779704294 0.04894348370484647
  endloop
endfacet
facet normal 0.412996634136375 -0.21043229564803323 -0.8860880481872689
  outer loop
    vertex 34.97552825814758 -16.345491502812525 0.19098300562505255
    vertex 34.77533615807316 -16.140290779704294 0.04894348370484647
    vertex 35.05901699437495 -16.181635632001342 0.19098300562505255
  endloop
endfacet
facet normal 0.7033677059155228 -0.10270219350269282 -0.7033677059155263
  outer loop
    vertex 35.299056652687455 -16.1265581407235 0.41221474770752686
    vertex 35.12348980185873 -16 0.21816851753197009
    vertex 35.28183148246803 -16 0.3765101981412663
  endloop
endfacet
facet normal 0.846210380522672 -0.03483237372186287 -0.5317092228244448
  outer loop
    vertex 35.299056652687455 -16.1265581407235 0.41221474770752686
    vertex 35.28183148246803 -16 0.3765101981412663
    vertex 35.40096886790242 -16 0.5661162608824417
  endloop
endfacet
facet normal 0.6881537266928935 -0.13764104512729966 -0.7123899150991311
  outer loop
    vertex 35.299056652687455 -16.1265581407235 0.41221474770752686
    vertex 35.05901699437495 -16.181635632001342 0.19098300562505255
    vertex 35.12348980185873 -16 0.21816851753197009
  endloop
endfacet
facet normal -0.09839045294739547 -0.3286765109184564 -0.9393035025694709
  outer loop
    vertex 34.548340908203386 -16.305212482389887 0.04894348370484647
    vertex 34.5 -16.433883739117558 0.09903113209758074
    vertex 34.5 -16.222520933956314 0.02507208781817638
  endloop
endfacet
facet normal 0.07637951745244881 -0.23507198344080735 -0.9689723070939312
  outer loop
    vertex 34.548340908203386 -16.305212482389887 0.04894348370484647
    vertex 34.5 -16.222520933956314 0.02507208781817638
    vertex 34.640290779704294 -16.27533615807316 0.04894348370484647
  endloop
endfacet
facet normal 0.32775598458280253 -0.3277559845827936 -0.8860880481872676
  outer loop
    vertex 34.84549150281253 -16.475528258147577 0.19098300562505255
    vertex 34.71850801222441 -16.21850801222441 0.04894348370484647
    vertex 34.97552825814758 -16.345491502812525 0.19098300562505255
  endloop
endfacet
facet normal 0.2639847420333694 -0.36334382621498645 -0.8934726184528707
  outer loop
    vertex 34.84549150281253 -16.475528258147577 0.19098300562505255
    vertex 34.640290779704294 -16.27533615807316 0.04894348370484647
    vertex 34.71850801222441 -16.21850801222441 0.04894348370484647
  endloop
endfacet
facet normal 0.619817903459015 -0.31581299586466494 -0.7183925933601042
  outer loop
    vertex 35.220839420167344 -16.367286029574068 0.41221474770752686
    vertex 34.97552825814758 -16.345491502812525 0.19098300562505255
    vertex 35.05901699437495 -16.181635632001342 0.19098300562505255
  endloop
endfacet
facet normal 0.6878034656762895 -0.22348089313546557 -0.6906393291777265
  outer loop
    vertex 35.220839420167344 -16.367286029574068 0.41221474770752686
    vertex 35.05901699437495 -16.181635632001342 0.19098300562505255
    vertex 35.299056652687455 -16.1265581407235 0.41221474770752686
  endloop
endfacet
facet normal 0.06199920427382417 -0.5310085525836552 -0.8450952702224904
  outer loop
    vertex 34.68163563200134 -16.559016994374947 0.19098300562505255
    vertex 34.5 -16.62348980185873 0.21816851753197009
    vertex 34.5 -16.433883739117558 0.09903113209758074
  endloop
endfacet
facet normal 0.1387849920116808 -0.42713628512137713 -0.8934726184528696
  outer loop
    vertex 34.68163563200134 -16.559016994374947 0.19098300562505255
    vertex 34.548340908203386 -16.305212482389887 0.04894348370484647
    vertex 34.640290779704294 -16.27533615807316 0.04894348370484647
  endloop
endfacet
facet normal 0.16931138547584085 -0.41210776830494106 -0.8952657940807145
  outer loop
    vertex 34.68163563200134 -16.559016994374947 0.19098300562505255
    vertex 34.5 -16.433883739117558 0.09903113209758074
    vertex 34.548340908203386 -16.305212482389887 0.04894348370484647
  endloop
endfacet
facet normal 0.21043229564801988 -0.41299663413638427 -0.8860880481872679
  outer loop
    vertex 34.68163563200134 -16.559016994374947 0.19098300562505255
    vertex 34.640290779704294 -16.27533615807316 0.04894348370484647
    vertex 34.84549150281253 -16.475528258147577 0.19098300562505255
  endloop
endfacet
facet normal 0.4918902732344696 -0.4918902732344562 -0.7183925933601008
  outer loop
    vertex 35.07206140281768 -16.572061402817685 0.41221474770752686
    vertex 34.84549150281253 -16.475528258147577 0.19098300562505255
    vertex 34.97552825814758 -16.345491502812525 0.19098300562505255
  endloop
endfacet
facet normal 0.5850805740648555 -0.42508591936791995 -0.6906393291777334
  outer loop
    vertex 35.07206140281768 -16.572061402817685 0.41221474770752686
    vertex 34.97552825814758 -16.345491502812525 0.19098300562505255
    vertex 35.220839420167344 -16.367286029574068 0.41221474770752686
  endloop
endfacet
facet normal 0.9361313881461131 -0.1278991241207234 -0.3275665400751167
  outer loop
    vertex 35.40450849718747 -16.293892626146235 0.6909830056250525
    vertex 35.40096886790242 -16 0.5661162608824417
    vertex 35.474927912181826 -16 0.7774790660436853
  endloop
endfacet
facet normal 0.9349189916767581 -0.32714230420214524 -0.13749324275550887
  outer loop
    vertex 35.40450849718747 -16.293892626146235 0.6909830056250525
    vertex 35.474927912181826 -16.222520933956314 1
    vertex 35.40096886790242 -16.433883739117558 1
  endloop
endfacet
facet normal 0.8811655334971806 -0.1758578444253128 -0.4388864558524349
  outer loop
    vertex 35.40450849718747 -16.293892626146235 0.6909830056250525
    vertex 35.299056652687455 -16.1265581407235 0.41221474770752686
    vertex 35.40096886790242 -16 0.5661162608824417
  endloop
endfacet
facet normal 0.8349982423901988 -0.2713073752724163 -0.47871728956459353
  outer loop
    vertex 35.40450849718747 -16.293892626146235 0.6909830056250525
    vertex 35.220839420167344 -16.367286029574068 0.41221474770752686
    vertex 35.299056652687455 -16.1265581407235 0.41221474770752686
  endloop
endfacet
facet normal 0.9673956039246628 -0.17908900790840984 -0.17908900790840956
  outer loop
    vertex 35.40450849718747 -16.293892626146235 0.6909830056250525
    vertex 35.474927912181826 -16 0.7774790660436853
    vertex 35.474927912181826 -16.222520933956314 1
  endloop
endfacet
facet normal 0.31581299586464456 -0.6198179034590283 -0.7183925933601017
  outer loop
    vertex 34.86728602957407 -16.72083942016734 0.41221474770752686
    vertex 34.68163563200134 -16.559016994374947 0.19098300562505255
    vertex 34.84549150281253 -16.475528258147577 0.19098300562505255
  endloop
endfacet
facet normal 0.42508591936791446 -0.5850805740648656 -0.690639329177728
  outer loop
    vertex 34.86728602957407 -16.72083942016734 0.41221474770752686
    vertex 34.84549150281253 -16.475528258147577 0.19098300562505255
    vertex 35.07206140281768 -16.572061402817685 0.41221474770752686
  endloop
endfacet
facet normal 0.8379599974533101 -0.5265251635517274 -0.14350712461364187
  outer loop
    vertex 35.269420884293815 -16.559016994374947 0.6909830056250525
    vertex 35.40096886790242 -16.433883739117558 1
    vertex 35.28183148246803 -16.623489801858735 1
  endloop
endfacet
facet normal 0.8744587285064543 -0.44555897670656286 -0.19183099440673285
  outer loop
    vertex 35.269420884293815 -16.559016994374947 0.6909830056250525
    vertex 35.40450849718747 -16.293892626146235 0.6909830056250525
    vertex 35.40096886790242 -16.433883739117558 1
  endloop
endfacet
facet normal 0.7102919298617401 -0.5160572943435698 -0.478717289564602
  outer loop
    vertex 35.269420884293815 -16.559016994374947 0.6909830056250525
    vertex 35.07206140281768 -16.572061402817685 0.41221474770752686
    vertex 35.220839420167344 -16.367286029574068 0.41221474770752686
  endloop
endfacet
facet normal 0.8071501675857049 -0.41126355194859604 -0.4235220157264475
  outer loop
    vertex 35.269420884293815 -16.559016994374947 0.6909830056250525
    vertex 35.220839420167344 -16.367286029574068 0.41221474770752686
    vertex 35.40450849718747 -16.293892626146235 0.6909830056250525
  endloop
endfacet
facet normal 0.10270219350267039 -0.7033677059155244 -0.7033677059155278
  outer loop
    vertex 34.6265581407235 -16.799056652687458 0.41221474770752686
    vertex 34.5 -16.78183148246803 0.3765101981412663
    vertex 34.5 -16.62348980185873 0.21816851753197009
  endloop
endfacet
facet normal 0.03483237372183818 -0.8462103805226728 -0.5317092228244452
  outer loop
    vertex 34.6265581407235 -16.799056652687458 0.41221474770752686
    vertex 34.5 -16.90096886790242 0.5661162608824417
    vertex 34.5 -16.78183148246803 0.3765101981412663
  endloop
endfacet
facet normal 0.13764104512730974 -0.6881537266928809 -0.7123899150991414
  outer loop
    vertex 34.6265581407235 -16.799056652687458 0.41221474770752686
    vertex 34.5 -16.62348980185873 0.21816851753197009
    vertex 34.68163563200134 -16.559016994374947 0.19098300562505255
  endloop
endfacet
facet normal 0.2234808931354844 -0.6878034656762747 -0.6906393291777351
  outer loop
    vertex 34.6265581407235 -16.799056652687458 0.41221474770752686
    vertex 34.68163563200134 -16.559016994374947 0.19098300562505255
    vertex 34.86728602957407 -16.72083942016734 0.41221474770752686
  endloop
endfacet
facet normal 0.6964116904196344 -0.69641169041965 -0.17326717777384354
  outer loop
    vertex 35.05901699437495 -16.769420884293815 0.6909830056250525
    vertex 35.28183148246803 -16.623489801858735 1
    vertex 35.12348980185873 -16.78183148246803 1
  endloop
endfacet
facet normal 0.5265251635517283 -0.8379599974533116 -0.14350712461363002
  outer loop
    vertex 35.05901699437495 -16.769420884293815 0.6909830056250525
    vertex 35.12348980185873 -16.78183148246803 1
    vertex 34.933883739117555 -16.90096886790242 1
  endloop
endfacet
facet normal 0.6964116904196461 -0.6964116904196344 -0.17326717777385936
  outer loop
    vertex 35.05901699437495 -16.769420884293815 0.6909830056250525
    vertex 35.269420884293815 -16.559016994374947 0.6909830056250525
    vertex 35.28183148246803 -16.623489801858735 1
  endloop
endfacet
facet normal 0.5160572943435571 -0.7102919298617442 -0.47871728956460946
  outer loop
    vertex 35.05901699437495 -16.769420884293815 0.6909830056250525
    vertex 34.86728602957407 -16.72083942016734 0.41221474770752686
    vertex 35.07206140281768 -16.572061402817685 0.41221474770752686
  endloop
endfacet
facet normal 0.6405579997919809 -0.64055799979197 -0.42352201572646353
  outer loop
    vertex 35.05901699437495 -16.769420884293815 0.6909830056250525
    vertex 35.07206140281768 -16.572061402817685 0.41221474770752686
    vertex 35.269420884293815 -16.559016994374947 0.6909830056250525
  endloop
endfacet
facet normal 0.12789912412070484 -0.9361313881461202 -0.32756654007510344
  outer loop
    vertex 34.79389262614624 -16.904508497187475 0.6909830056250525
    vertex 34.5 -16.974927912181823 0.7774790660436853
    vertex 34.5 -16.90096886790242 0.5661162608824417
  endloop
endfacet
facet normal 0.32714230420213236 -0.9349189916767661 -0.13749324275548466
  outer loop
    vertex 34.79389262614624 -16.904508497187475 0.6909830056250525
    vertex 34.933883739117555 -16.90096886790242 1
    vertex 34.72252093395631 -16.974927912181823 1
  endloop
endfacet
facet normal 0.17908900790839202 -0.9673956039246701 -0.1790890079083889
  outer loop
    vertex 34.79389262614624 -16.904508497187475 0.6909830056250525
    vertex 34.72252093395631 -16.974927912181823 1
    vertex 34.5 -16.974927912181823 0.7774790660436853
  endloop
endfacet
facet normal 0.4455589767065735 -0.8744587285064522 -0.19183099440671744
  outer loop
    vertex 34.79389262614624 -16.904508497187475 0.6909830056250525
    vertex 35.05901699437495 -16.769420884293815 0.6909830056250525
    vertex 34.933883739117555 -16.90096886790242 1
  endloop
endfacet
facet normal 0.17585784442529706 -0.8811655334971875 -0.4388864558524281
  outer loop
    vertex 34.79389262614624 -16.904508497187475 0.6909830056250525
    vertex 34.5 -16.90096886790242 0.5661162608824417
    vertex 34.6265581407235 -16.799056652687458 0.41221474770752686
  endloop
endfacet
facet normal 0.27130737527244064 -0.8349982423901856 -0.4787172895646031
  outer loop
    vertex 34.79389262614624 -16.904508497187475 0.6909830056250525
    vertex 34.6265581407235 -16.799056652687458 0.41221474770752686
    vertex 34.86728602957407 -16.72083942016734 0.41221474770752686
  endloop
endfacet
facet normal 0.4112635519486009 -0.8071501675856932 -0.4235220157264644
  outer loop
    vertex 34.79389262614624 -16.904508497187475 0.6909830056250525
    vertex 34.86728602957407 -16.72083942016734 0.41221474770752686
    vertex 35.05901699437495 -16.769420884293815 0.6909830056250525
  endloop
endfacet
facet normal -0.9875415564011114 0.1112692104332332 -0.11126921043323303
  outer loop
    vertex -35.474927912181826 6.222520933956314 1
    vertex -35.474927912181826 6 0.7774790660436853
    vertex -35.5 6 1
  endloop
endfacet
facet normal -0.111269210433243 0.9875415564011093 -0.11126921043324461
  outer loop
    vertex -34.5 7 1
    vertex -34.5 6.9749279121818235 0.7774790660436853
    vertex -34.72252093395632 6.9749279121818235 1
  endloop
endfacet
facet normal -0.3286765109184548 -0.09839045294744514 -0.9393035025694663
  outer loop
    vertex -34.80521248238989 6.048340908203385 0.04894348370484647
    vertex -34.72252093395631 6 0.02507208781817638
    vertex -34.933883739117555 6 0.09903113209758074
  endloop
endfacet
facet normal -0.11107321276667219 0.1259249817534299 -0.9858020289977536
  outer loop
    vertex -34.77533615807316 6.140290779704295 0.04894348370484647
    vertex -34.5 5.999999999999998 0
    vertex -34.72252093395631 6 0.02507208781817638
  endloop
endfacet
facet normal -0.23507198344078845 0.07637951745245028 -0.9689723070939356
  outer loop
    vertex -34.77533615807316 6.140290779704295 0.04894348370484647
    vertex -34.72252093395631 6 0.02507208781817638
    vertex -34.80521248238989 6.048340908203385 0.04894348370484647
  endloop
endfacet
facet normal 0 0 0
  outer loop
    vertex -34.71850801222441 6.218508012224411 0.04894348370484647
    vertex -34.5 5.999999999999998 0
    vertex -34.5 5.999999999999998 0
  endloop
endfacet
facet normal -0.1280963914113351 0.09306747604435514 -0.9873853145606974
  outer loop
    vertex -34.71850801222441 6.218508012224411 0.04894348370484647
    vertex -34.5 5.999999999999998 0
    vertex -34.77533615807316 6.140290779704295 0.04894348370484647
  endloop
endfacet
facet normal -0.5310085525836484 0.061999204273810025 -0.8450952702224956
  outer loop
    vertex -35.05901699437495 6.18163563200134 0.19098300562505255
    vertex -34.933883739117555 6 0.09903113209758074
    vertex -35.12348980185873 6 0.21816851753197009
  endloop
endfacet
facet normal -0.4121077683049527 0.1693113854758148 -0.895265794080714
  outer loop
    vertex -35.05901699437495 6.18163563200134 0.19098300562505255
    vertex -34.80521248238989 6.048340908203385 0.04894348370484647
    vertex -34.933883739117555 6 0.09903113209758074
  endloop
endfacet
facet normal -0.4271362851213703 0.13878499201169225 -0.8934726184528713
  outer loop
    vertex -35.05901699437495 6.18163563200134 0.19098300562505255
    vertex -34.77533615807316 6.140290779704295 0.04894348370484647
    vertex -34.80521248238989 6.048340908203385 0.04894348370484647
  endloop
endfacet
facet normal -0.12592498175343478 0.11107321276667048 -0.9858020289977533
  outer loop
    vertex -34.640290779704294 6.275336158073158 0.04894348370484647
    vertex -34.5 6.222520933956314 0.02507208781817638
    vertex -34.5 5.999999999999998 0
  endloop
endfacet
facet normal -0.09306747604435386 0.12809639141133625 -0.9873853145606974
  outer loop
    vertex -34.640290779704294 6.275336158073158 0.04894348370484647
    vertex -34.5 5.999999999999998 0
    vertex -34.71850801222441 6.218508012224411 0.04894348370484647
  endloop
endfacet
facet normal -0.3633438262149853 0.2639847420333745 -0.8934726184528696
  outer loop
    vertex -34.97552825814758 6.345491502812526 0.19098300562505255
    vertex -34.71850801222441 6.218508012224411 0.04894348370484647
    vertex -34.77533615807316 6.140290779704295 0.04894348370484647
  endloop
endfacet
facet normal -0.4129966341363771 0.21043229564803087 -0.8860880481872686
  outer loop
    vertex -34.97552825814758 6.345491502812526 0.19098300562505255
    vertex -34.77533615807316 6.140290779704295 0.04894348370484647
    vertex -35.05901699437495 6.18163563200134 0.19098300562505255
  endloop
endfacet
facet normal -0.7033677059155228 0.10270219350269208 -0.7033677059155262
  outer loop
    vertex -35.299056652687455 6.126558140723501 0.41221474770752686
    vertex -35.12348980185873 6 0.21816851753197009
    vertex -35.28183148246803 6 0.3765101981412663
  endloop
endfacet
facet normal -0.8462103805226721 0.034832373721862625 -0.5317092228244447
  outer loop
    vertex -35.299056652687455 6.126558140723501 0.41221474770752686
    vertex -35.28183148246803 6 0.3765101981412663
    vertex -35.40096886790242 6 0.5661162608824417
  endloop
endfacet
facet normal -0.6881537266928927 0.13764104512730063 -0.7123899150991316
  outer loop
    vertex -35.299056652687455 6.126558140723501 0.41221474770752686
    vertex -35.05901699437495 6.18163563200134 0.19098300562505255
    vertex -35.12348980185873 6 0.21816851753197009
  endloop
endfacet
facet normal 0.09839045294740745 0.32867651091845607 -0.9393035025694699
  outer loop
    vertex -34.548340908203386 6.305212482389889 0.04894348370484647
    vertex -34.5 6.433883739117558 0.09903113209758074
    vertex -34.5 6.222520933956314 0.02507208781817638
  endloop
endfacet
facet normal -0.07637951745245328 0.2350719834408001 -0.9689723070939326
  outer loop
    vertex -34.548340908203386 6.305212482389889 0.04894348370484647
    vertex -34.5 6.222520933956314 0.02507208781817638
    vertex -34.640290779704294 6.275336158073158 0.04894348370484647
  endloop
endfacet
facet normal -0.3277559845828005 0.3277559845827938 -0.8860880481872683
  outer loop
    vertex -34.84549150281253 6.475528258147577 0.19098300562505255
    vertex -34.71850801222441 6.218508012224411 0.04894348370484647
    vertex -34.97552825814758 6.345491502812526 0.19098300562505255
  endloop
endfacet
facet normal -0.263984742033369 0.36334382621498573 -0.8934726184528712
  outer loop
    vertex -34.84549150281253 6.475528258147577 0.19098300562505255
    vertex -34.640290779704294 6.275336158073158 0.04894348370484647
    vertex -34.71850801222441 6.218508012224411 0.04894348370484647
  endloop
endfacet
facet normal -0.6198179034590163 0.3158129958646605 -0.7183925933601052
  outer loop
    vertex -35.220839420167344 6.3672860295740685 0.41221474770752686
    vertex -34.97552825814758 6.345491502812526 0.19098300562505255
    vertex -35.05901699437495 6.18163563200134 0.19098300562505255
  endloop
endfacet
facet normal -0.6878034656762881 0.22348089313546513 -0.690639329177728
  outer loop
    vertex -35.220839420167344 6.3672860295740685 0.41221474770752686
    vertex -35.05901699437495 6.18163563200134 0.19098300562505255
    vertex -35.299056652687455 6.126558140723501 0.41221474770752686
  endloop
endfacet
facet normal -0.06199920427382517 0.5310085525836515 -0.8450952702224926
  outer loop
    vertex -34.68163563200134 6.5590169943749475 0.19098300562505255
    vertex -34.5 6.623489801858733 0.21816851753197009
    vertex -34.5 6.433883739117558 0.09903113209758074
  endloop
endfacet
facet normal -0.1387849920116917 0.42713628512137297 -0.89347261845287
  outer loop
    vertex -34.68163563200134 6.5590169943749475 0.19098300562505255
    vertex -34.548340908203386 6.305212482389889 0.04894348370484647
    vertex -34.640290779704294 6.275336158073158 0.04894348370484647
  endloop
endfacet
facet normal -0.16931138547583596 0.4121077683049446 -0.8952657940807137
  outer loop
    vertex -34.68163563200134 6.5590169943749475 0.19098300562505255
    vertex -34.5 6.433883739117558 0.09903113209758074
    vertex -34.548340908203386 6.305212482389889 0.04894348370484647
  endloop
endfacet
facet normal -0.2104322956480209 0.41299663413638193 -0.8860880481872687
  outer loop
    vertex -34.68163563200134 6.5590169943749475 0.19098300562505255
    vertex -34.640290779704294 6.275336158073158 0.04894348370484647
    vertex -34.84549150281253 6.475528258147577 0.19098300562505255
  endloop
endfacet
facet normal -0.49189027323446344 0.4918902732344533 -0.718392593360107
  outer loop
    vertex -35.07206140281769 6.572061402817684 0.41221474770752686
    vertex -34.84549150281253 6.475528258147577 0.19098300562505255
    vertex -34.97552825814758 6.345491502812526 0.19098300562505255
  endloop
endfacet
facet normal -0.5850805740648601 0.42508591936790685 -0.6906393291777374
  outer loop
    vertex -35.07206140281769 6.572061402817684 0.41221474770752686
    vertex -34.97552825814758 6.345491502812526 0.19098300562505255
    vertex -35.220839420167344 6.3672860295740685 0.41221474770752686
  endloop
endfacet
facet normal -0.9361313881461133 0.12789912412072266 -0.32756654007511676
  outer loop
    vertex -35.40450849718747 6.293892626146237 0.6909830056250525
    vertex -35.40096886790242 6 0.5661162608824417
    vertex -35.474927912181826 6 0.7774790660436853
  endloop
endfacet
facet normal -0.9349189916767582 0.3271423042021453 -0.137493242755507
  outer loop
    vertex -35.40450849718747 6.293892626146237 0.6909830056250525
    vertex -35.474927912181826 6.222520933956314 1
    vertex -35.40096886790242 6.433883739117558 1
  endloop
endfacet
facet normal -0.8811655334971809 0.17585784442531174 -0.438886455852435
  outer loop
    vertex -35.40450849718747 6.293892626146237 0.6909830056250525
    vertex -35.299056652687455 6.126558140723501 0.41221474770752686
    vertex -35.40096886790242 6 0.5661162608824417
  endloop
endfacet
facet normal -0.8349982423901985 0.2713073752724162 -0.47871728956459425
  outer loop
    vertex -35.40450849718747 6.293892626146237 0.6909830056250525
    vertex -35.220839420167344 6.3672860295740685 0.41221474770752686
    vertex -35.299056652687455 6.126558140723501 0.41221474770752686
  endloop
endfacet
facet normal -0.9673956039246632 0.17908900790840906 -0.1790890079084088
  outer loop
    vertex -35.40450849718747 6.293892626146237 0.6909830056250525
    vertex -35.474927912181826 6 0.7774790660436853
    vertex -35.474927912181826 6.222520933956314 1
  endloop
endfacet
facet normal -0.31581299586464695 0.6198179034590263 -0.7183925933601024
  outer loop
    vertex -34.86728602957407 6.720839420167342 0.41221474770752686
    vertex -34.68163563200134 6.5590169943749475 0.19098300562505255
    vertex -34.84549150281253 6.475528258147577 0.19098300562505255
  endloop
endfacet
facet normal -0.42508591936790613 0.5850805740648675 -0.6906393291777316
  outer loop
    vertex -34.86728602957407 6.720839420167342 0.41221474770752686
    vertex -34.84549150281253 6.475528258147577 0.19098300562505255
    vertex -35.07206140281769 6.572061402817684 0.41221474770752686
  endloop
endfacet
facet normal -0.8379599974533082 0.526525163551731 -0.14350712461363951
  outer loop
    vertex -35.269420884293815 6.559016994374947 0.6909830056250525
    vertex -35.40096886790242 6.433883739117558 1
    vertex -35.28183148246803 6.623489801858733 1
  endloop
endfacet
facet normal -0.8744587285064532 0.4455589767065653 -0.19183099440673138
  outer loop
    vertex -35.269420884293815 6.559016994374947 0.6909830056250525
    vertex -35.40450849718747 6.293892626146237 0.6909830056250525
    vertex -35.40096886790242 6.433883739117558 1
  endloop
endfacet
facet normal -0.7102919298617528 0.5160572943435591 -0.4787172895645951
  outer loop
    vertex -35.269420884293815 6.559016994374947 0.6909830056250525
    vertex -35.07206140281769 6.572061402817684 0.41221474770752686
    vertex -35.220839420167344 6.3672860295740685 0.41221474770752686
  endloop
endfacet
facet normal -0.8071501675857037 0.4112635519485981 -0.42352201572644743
  outer loop
    vertex -35.269420884293815 6.559016994374947 0.6909830056250525
    vertex -35.220839420167344 6.3672860295740685 0.41221474770752686
    vertex -35.40450849718747 6.293892626146237 0.6909830056250525
  endloop
endfacet
facet normal -0.10270219350267935 0.7033677059155258 -0.7033677059155252
  outer loop
    vertex -34.6265581407235 6.799056652687457 0.41221474770752686
    vertex -34.5 6.7818314824680295 0.3765101981412663
    vertex -34.5 6.623489801858733 0.21816851753197009
  endloop
endfacet
facet normal -0.034832373721846915 0.8462103805226778 -0.5317092228244366
  outer loop
    vertex -34.6265581407235 6.799056652687457 0.41221474770752686
    vertex -34.5 6.900968867902419 0.5661162608824417
    vertex -34.5 6.7818314824680295 0.3765101981412663
  endloop
endfacet
facet normal -0.1376410451273147 0.6881537266928835 -0.7123899150991375
  outer loop
    vertex -34.6265581407235 6.799056652687457 0.41221474770752686
    vertex -34.5 6.623489801858733 0.21816851753197009
    vertex -34.68163563200134 6.5590169943749475 0.19098300562505255
  endloop
endfacet
facet normal -0.22348089313548025 0.6878034656762776 -0.6906393291777337
  outer loop
    vertex -34.6265581407235 6.799056652687457 0.41221474770752686
    vertex -34.68163563200134 6.5590169943749475 0.19098300562505255
    vertex -34.86728602957407 6.720839420167342 0.41221474770752686
  endloop
endfacet
facet normal -0.6964116904196391 0.6964116904196431 -0.17326717777385225
  outer loop
    vertex -35.05901699437495 6.769420884293813 0.6909830056250525
    vertex -35.28183148246803 6.623489801858733 1
    vertex -35.12348980185873 6.7818314824680295 1
  endloop
endfacet
facet normal -0.5265251635517332 0.8379599974533066 -0.14350712461364046
  outer loop
    vertex -35.05901699437495 6.769420884293813 0.6909830056250525
    vertex -35.12348980185873 6.7818314824680295 1
    vertex -34.93388373911756 6.900968867902419 1
  endloop
endfacet
facet normal -0.696411690419642 0.6964116904196392 -0.1732671777738562
  outer loop
    vertex -35.05901699437495 6.769420884293813 0.6909830056250525
    vertex -35.269420884293815 6.559016994374947 0.6909830056250525
    vertex -35.28183148246803 6.623489801858733 1
  endloop
endfacet
facet normal -0.5160572943435527 0.7102919298617545 -0.4787172895645993
  outer loop
    vertex -35.05901699437495 6.769420884293813 0.6909830056250525
    vertex -34.86728602957407 6.720839420167342 0.41221474770752686
    vertex -35.07206140281769 6.572061402817684 0.41221474770752686
  endloop
endfacet
facet normal -0.6405579997919816 0.6405579997919789 -0.4235220157264494
  outer loop
    vertex -35.05901699437495 6.769420884293813 0.6909830056250525
    vertex -35.07206140281769 6.572061402817684 0.41221474770752686
    vertex -35.269420884293815 6.559016994374947 0.6909830056250525
  endloop
endfacet
facet normal -0.12789912412070928 0.9361313881461162 -0.3275665400751138
  outer loop
    vertex -34.79389262614624 6.904508497187473 0.6909830056250525
    vertex -34.5 6.9749279121818235 0.7774790660436853
    vertex -34.5 6.900968867902419 0.5661162608824417
  endloop
endfacet
facet normal -0.32714230420214235 0.9349189916767608 -0.13749324275549674
  outer loop
    vertex -34.79389262614624 6.904508497187473 0.6909830056250525
    vertex -34.93388373911756 6.900968867902419 1
    vertex -34.72252093395632 6.9749279121818235 1
  endloop
endfacet
facet normal -0.17908900790839696 0.9673956039246671 -0.1790890079083996
  outer loop
    vertex -34.79389262614624 6.904508497187473 0.6909830056250525
    vertex -34.72252093395632 6.9749279121818235 1
    vertex -34.5 6.9749279121818235 0.7774790660436853
  endloop
endfacet
facet normal -0.4455589767065749 0.8744587285064492 -0.19183099440672832
  outer loop
    vertex -34.79389262614624 6.904508497187473 0.6909830056250525
    vertex -35.05901699437495 6.769420884293813 0.6909830056250525
    vertex -34.93388373911756 6.900968867902419 1
  endloop
endfacet
facet normal -0.17585784442529576 0.881165533497189 -0.4388864558524251
  outer loop
    vertex -34.79389262614624 6.904508497187473 0.6909830056250525
    vertex -34.5 6.900968867902419 0.5661162608824417
    vertex -34.6265581407235 6.799056652687457 0.41221474770752686
  endloop
endfacet
facet normal -0.2713073752724358 0.8349982423901895 -0.47871728956459897
  outer loop
    vertex -34.79389262614624 6.904508497187473 0.6909830056250525
    vertex -34.6265581407235 6.799056652687457 0.41221474770752686
    vertex -34.86728602957407 6.720839420167342 0.41221474770752686
  endloop
endfacet
facet normal -0.4112635519486047 0.8071501675856955 -0.4235220157264571
  outer loop
    vertex -34.79389262614624 6.904508497187473 0.6909830056250525
    vertex -34.86728602957407 6.720839420167342 0.41221474770752686
    vertex -35.05901699437495 6.769420884293813 0.6909830056250525
  endloop
endfacet
facet normal 0 1 0
  outer loop
    vertex -1.3065489174816585 7 9.39286289155541
    vertex -1.7215747207935326 7 9.025182113953829
    vertex -34.5 7 14
  endloop
endfacet
facet normal 0 1 0
  outer loop
    vertex -2.036548859002383 7 8.568863295700668
    vertex -34.5 7 14
    vertex -1.7215747207935326 7 9.025182113953829
  endloop
endfacet
facet normal 0 1 0
  outer loop
    vertex -0.8155912401978322 7 9.650537358176454
    vertex -1.3065489174816585 7 9.39286289155541
    vertex -34.5 7 14
  endloop
endfacet
facet normal 0 1 0
  outer loop
    vertex -2.2331661800799196 7 8.050426027861382
    vertex -34.5 7 14
    vertex -2.036548859002383 7 8.568863295700668
  endloop
endfacet
facet normal 0 1 0
  outer loop
    vertex -0.2772343645872434 7 9.783230410425524
    vertex -0.8155912401978322 7 9.650537358176454
    vertex -34.5 7 14
  endloop
endfacet
facet normal -5.516636147205746e-17 1 0
  outer loop
    vertex -2.3 7.000000000000002 7.5
    vertex -34.5 7 1
    vertex -34.5 7 14
  endloop
endfacet
facet normal 5.820291959251095e-16 1 3.1565687612598114e-15
  outer loop
    vertex -2.3 7.000000000000002 7.5
    vertex -34.5 7 14
    vertex -2.2331661800799196 7 8.050426027861382
  endloop
endfacet
facet normal 0 0.9999999999999999 0
  outer loop
    vertex 0.2772343645872426 7 9.783230410425524
    vertex -0.2772343645872434 7 9.783230410425524
    vertex -34.5 7 14
  endloop
endfacet
facet normal 5.820291959250991e-16 1 -3.15656876125976e-15
  outer loop
    vertex -2.2331661800799174 7 6.949573972138609
    vertex -34.5 7 1
    vertex -2.3 7.000000000000002 7.5
  endloop
endfacet
facet normal 0 1 0
  outer loop
    vertex -2.0365488590023793 7 6.431136704299325
    vertex -34.5 7 1
    vertex -2.2331661800799174 7 6.949573972138609
  endloop
endfacet
facet normal 0 1 0
  outer loop
    vertex -1.7215747207935275 7 5.974817886046166
    vertex -34.5 7 1
    vertex -2.0365488590023793 7 6.431136704299325
  endloop
endfacet
facet normal 0 1 0
  outer loop
    vertex -1.3065489174816527 7 5.6071371084445865
    vertex -34.5 7 1
    vertex -1.7215747207935275 7 5.974817886046166
  endloop
endfacet
facet normal 0 1 0
  outer loop
    vertex -0.815591240197826 7 5.349462641823544
    vertex -34.5 7 1
    vertex -1.3065489174816527 7 5.6071371084445865
  endloop
endfacet
facet normal 0 1 0
  outer loop
    vertex 34.5 7 14
    vertex 0.8155912401978315 7 9.650537358176454
    vertex 0.2772343645872426 7 9.783230410425524
  endloop
endfacet
facet normal 0 1 0
  outer loop
    vertex 34.5 7 14
    vertex 1.306548917481658 7 9.39286289155541
    vertex 0.8155912401978315 7 9.650537358176454
  endloop
endfacet
facet normal 0 0.9999999999999999 0
  outer loop
    vertex 34.5 7 14
    vertex 1.721574720793532 7 9.025182113953829
    vertex 1.306548917481658 7 9.39286289155541
  endloop
endfacet
facet normal 0 1 0
  outer loop
    vertex 34.5 7 14
    vertex 2.036548859002382 7 8.56886329570067
    vertex 1.721574720793532 7 9.025182113953829
  endloop
endfacet
facet normal 0 1 0
  outer loop
    vertex 34.5 7 14
    vertex 2.2331661800799187 7 8.050426027861384
    vertex 2.036548859002382 7 8.56886329570067
  endloop
endfacet
facet normal 0 1 0
  outer loop
    vertex 34.5 7 14
    vertex 2.3 7 7.500000000000003
    vertex 2.2331661800799187 7 8.050426027861384
  endloop
endfacet
facet normal 0 1 0
  outer loop
    vertex 34.5 7 14
    vertex 0.2772343645872426 7 9.783230410425524
    vertex -34.5 7 14
  endloop
endfacet
facet normal 0 1 0
  outer loop
    vertex 34.5 7 1
    vertex 2.23316618007992 7 6.94957397213862
    vertex 2.3 7 7.500000000000003
  endloop
endfacet
facet normal 0 1 0
  outer loop
    vertex 34.5 7 1
    vertex 2.036548859002384 7 6.431136704299336
    vertex 2.23316618007992 7 6.94957397213862
  endloop
endfacet
facet normal 0 1 0
  outer loop
    vertex 34.5 7 1
    vertex 1.721574720793535 7 5.974817886046174
    vertex 2.036548859002384 7 6.431136704299336
  endloop
endfacet
facet normal 0 1 0
  outer loop
    vertex 34.5 7 1
    vertex 1.3065489174816618 7 5.607137108444593
    vertex 1.721574720793535 7 5.974817886046174
  endloop
endfacet
facet normal 0 1 0
  outer loop
    vertex 34.5 7 1
    vertex 0.8155912401978364 7 5.349462641823548
    vertex 1.3065489174816618 7 5.607137108444593
  endloop
endfacet
facet normal 0 1 0
  outer loop
    vertex 34.5 7 1
    vertex 2.3 7 7.500000000000003
    vertex 34.5 7 14
  endloop
endfacet
facet normal 0 1 0
  outer loop
    vertex 34.5 7 1
    vertex -34.5 7 1
    vertex -0.27723436458723727 7 5.216769589574476
  endloop
endfacet
facet normal 0 1 0
  outer loop
    vertex -0.27723436458723727 7 5.216769589574476
    vertex -34.5 7 1
    vertex -0.815591240197826 7 5.349462641823544
  endloop
endfacet
facet normal 0 1 0
  outer loop
    vertex 34.5 7 1
    vertex -0.27723436458723727 7 5.216769589574476
    vertex 0.27723436458724826 7 5.216769589574477
  endloop
endfacet
facet normal 0 1 0
  outer loop
    vertex 34.5 7 1
    vertex 0.27723436458724826 7 5.216769589574477
    vertex 0.8155912401978364 7 5.349462641823548
  endloop
endfacet
facet normal 0 -1 0
  outer loop
    vertex 32.41421356237309 -17 1
    vertex 34.5 -17 1
    vertex 34.5 -17 14
  endloop
endfacet
facet normal 0 -1 0
  outer loop
    vertex 32.41421356237309 -17 1
    vertex 34.5 -17 14
    vertex 32.41421356237309 -17 14
  endloop
endfacet
facet normal -0.09740669504853547 -0.9889867717217259 -0.11143204709221112
  outer loop
    vertex 32.219123240356964 -16.980785280403232 1
    vertex 32.41421356237309 -16.974927912181823 0.7774790660436853
    vertex 32.41421356237309 -17 1
  endloop
endfacet
facet normal -0.630442318186433 -0.7681961873900165 -0.11143204709220302
  outer loop
    vertex 31.707106781186546 -16.707106781186546 1
    vertex 31.724835424501283 -16.68937813787181 0.7774790660436853
    vertex 31.85864332935349 -16.831469612302545 1
  endloop
endfacet
facet normal 0.12696452133382277 -0.3276061990266613 -0.9362447269180088
  outer loop
    vertex 32.373878750766046 -16.30637331115022 0.04894348370484647
    vertex 32.41421356237309 -16.222520933956314 0.02507208781817638
    vertex 32.41421356237309 -16.433883739117558 0.09903113209758074
  endloop
endfacet
facet normal -0.13958977252952612 -0.11086827893994414 -0.9839831909794242
  outer loop
    vertex 32.295957878306545 -16.28549447630117 0.04894348370484647
    vertex 32.41421356237309 -16 0
    vertex 32.41421356237309 -16.222520933956314 0.02507208781817638
  endloop
endfacet
facet normal 0 0 0
  outer loop
    vertex 32.295957878306545 -16.28549447630117 0.04894348370484647
    vertex 32.41421356237309 -16 0
    vertex 32.41421356237309 -16 0
  endloop
endfacet
facet normal 0.020309162882998673 -0.17710058659683028 -0.9839831909794243
  outer loop
    vertex 32.295957878306545 -16.28549447630117 0.04894348370484647
    vertex 32.25686750101662 -16.157346061356474 0.02507208781817638
    vertex 32.41421356237309 -16 0
  endloop
endfacet
facet normal -0.10509379523971502 -0.39221538339488854 -0.9138503089841976
  outer loop
    vertex 32.295957878306545 -16.28549447630117 0.04894348370484647
    vertex 32.373878750766046 -16.30637331115022 0.04894348370484647
    vertex 32.41421356237309 -16.433883739117558 0.09903113209758074
  endloop
endfacet
facet normal -0.06538004128856825 -0.24400163588990753 -0.9675684223268938
  outer loop
    vertex 32.295957878306545 -16.28549447630117 0.04894348370484647
    vertex 32.41421356237309 -16.222520933956314 0.02507208781817638
    vertex 32.373878750766046 -16.30637331115022 0.04894348370484647
  endloop
endfacet
facet normal -0.32143003889574545 -0.14187509088525393 -0.9362447269180108
  outer loop
    vertex 32.22609593528942 -16.24515966469412 0.04894348370484647
    vertex 32.10741142819649 -16.3068021341766 0.09903113209758074
    vertex 32.25686750101662 -16.157346061356474 0.02507208781817638
  endloop
endfacet
facet normal -0.12630454080896503 -0.21876588190776708 -0.9675684223268933
  outer loop
    vertex 32.22609593528942 -16.24515966469412 0.04894348370484647
    vertex 32.25686750101662 -16.157346061356474 0.02507208781817638
    vertex 32.295957878306545 -16.28549447630117 0.04894348370484647
  endloop
endfacet
facet normal -0.20302562200957588 -0.35165069255883213 -0.9138503089842005
  outer loop
    vertex 32.22609593528942 -16.24515966469412 0.04894348370484647
    vertex 32.295957878306545 -16.28549447630117 0.04894348370484647
    vertex 32.10741142819649 -16.3068021341766 0.09903113209758074
  endloop
endfacet
facet normal -0.04355968256558984 -0.5315270858002998 -0.8459205111093039
  outer loop
    vertex 32.26208354464941 -16.567756955501135 0.19098300562505255
    vertex 32.41421356237309 -16.433883739117558 0.09903113209758074
    vertex 32.41421356237309 -16.62348980185873 0.21816851753197009
  endloop
endfacet
facet normal -0.1315363323566006 -0.7009629780773623 -0.7009629780773657
  outer loop
    vertex 32.26208354464941 -16.567756955501135 0.19098300562505255
    vertex 32.41421356237309 -16.62348980185873 0.21816851753197009
    vertex 32.41421356237309 -16.78183148246803 0.3765101981412663
  endloop
endfacet
facet normal -0.16067748849221414 -0.4282169832894159 -0.889276649819586
  outer loop
    vertex 32.26208354464941 -16.567756955501135 0.19098300562505255
    vertex 32.295957878306545 -16.28549447630117 0.04894348370484647
    vertex 32.41421356237309 -16.433883739117558 0.09903113209758074
  endloop
endfacet
facet normal -0.3450450598252467 -0.4066477536821749 -0.845920511109308
  outer loop
    vertex 32.120320936226854 -16.509036960455127 0.19098300562505255
    vertex 31.973339695478124 -16.440873866894968 0.21816851753197009
    vertex 32.10741142819649 -16.3068021341766 0.09903113209758074
  endloop
endfacet
facet normal -0.402645442577454 -0.5886659077409926 -0.7009629780773585
  outer loop
    vertex 32.120320936226854 -16.509036960455127 0.19098300562505255
    vertex 31.861375219374818 -16.552838342998275 0.3765101981412663
    vertex 31.973339695478124 -16.440873866894968 0.21816851753197009
  endloop
endfacet
facet normal -0.18917899100632524 -0.4164112744000599 -0.8892766498195861
  outer loop
    vertex 32.120320936226854 -16.509036960455127 0.19098300562505255
    vertex 32.10741142819649 -16.3068021341766 0.09903113209758074
    vertex 32.295957878306545 -16.28549447630117 0.04894348370484647
  endloop
endfacet
facet normal -0.17625396222527392 -0.425514706026249 -0.8876214146556439
  outer loop
    vertex 32.120320936226854 -16.509036960455127 0.19098300562505255
    vertex 32.295957878306545 -16.28549447630117 0.04894348370484647
    vertex 32.26208354464941 -16.567756955501135 0.19098300562505255
  endloop
endfacet
facet normal -0.017400426480602003 -0.846596006131437 -0.531951527453952
  outer loop
    vertex 32.308615654656016 -16.802095741837128 0.41221474770752686
    vertex 32.41421356237309 -16.78183148246803 0.3765101981412663
    vertex 32.41421356237309 -16.90096886790242 0.5661162608824417
  endloop
endfacet
facet normal -0.10767174062204841 -0.6937092075231294 -0.7121617313988798
  outer loop
    vertex 32.308615654656016 -16.802095741837128 0.41221474770752686
    vertex 32.26208354464941 -16.567756955501135 0.19098300562505255
    vertex 32.41421356237309 -16.78183148246803 0.3765101981412663
  endloop
endfacet
facet normal -0.18589750749679082 -0.6937789429784315 -0.695782218072732
  outer loop
    vertex 32.104616162123996 -16.747434242556814 0.41221474770752686
    vertex 32.26208354464941 -16.567756955501135 0.19098300562505255
    vertex 32.308615654656016 -16.802095741837128 0.41221474770752686
  endloop
endfacet
facet normal -0.26754037824414534 -0.6458996096394396 -0.7150075805728211
  outer loop
    vertex 32.104616162123996 -16.747434242556814 0.41221474770752686
    vertex 32.120320936226854 -16.509036960455127 0.19098300562505255
    vertex 32.26208354464941 -16.567756955501135 0.19098300562505255
  endloop
endfacet
facet normal -0.23664137290352277 -0.8831576268487896 -0.405010452666533
  outer loop
    vertex 32.104616162123996 -16.747434242556814 0.41221474770752686
    vertex 32.308615654656016 -16.802095741837128 0.41221474770752686
    vertex 32.41421356237309 -16.90096886790242 0.5661162608824417
  endloop
endfacet
facet normal -0.5863298173010106 -0.6109377364209704 -0.5319515274539441
  outer loop
    vertex 31.92171522078506 -16.64183633483974 0.41221474770752686
    vertex 31.777132366241325 -16.637081196131767 0.5661162608824417
    vertex 31.861375219374818 -16.552838342998275 0.3765101981412663
  endloop
endfacet
facet normal -0.4571560273120298 -0.7918174662907654 -0.40501045266653946
  outer loop
    vertex 31.92171522078506 -16.64183633483974 0.41221474770752686
    vertex 32.104616162123996 -16.747434242556814 0.41221474770752686
    vertex 31.777132366241325 -16.637081196131767 0.5661162608824417
  endloop
endfacet
facet normal -0.4143910668751365 -0.5666619027471709 -0.712161731398874
  outer loop
    vertex 31.92171522078506 -16.64183633483974 0.41221474770752686
    vertex 31.861375219374818 -16.552838342998275 0.3765101981412663
    vertex 32.120320936226854 -16.509036960455127 0.19098300562505255
  endloop
endfacet
facet normal -0.35912640706783394 -0.6220251833811391 -0.6957822180727304
  outer loop
    vertex 31.92171522078506 -16.64183633483974 0.41221474770752686
    vertex 32.120320936226854 -16.509036960455127 0.19098300562505255
    vertex 32.104616162123996 -16.747434242556814 0.41221474770752686
  endloop
endfacet
facet normal -0.09925053279886428 -0.9392228839943949 -0.32864830125894895
  outer loop
    vertex 32.16806202298705 -16.91865005135 0.6909830056250525
    vertex 32.41421356237309 -16.90096886790242 0.5661162608824417
    vertex 32.41421356237309 -16.974927912181823 0.7774790660436853
  endloop
endfacet
facet normal -0.28730276222305867 -0.9471102792570475 -0.1429658761545499
  outer loop
    vertex 32.16806202298705 -16.91865005135 0.6909830056250525
    vertex 32.219123240356964 -16.980785280403232 1
    vertex 32.031530130008 -16.923879532511286 1
  endloop
endfacet
facet normal -0.18390476189974314 -0.8556942810693274 -0.48370066766115355
  outer loop
    vertex 32.16806202298705 -16.91865005135 0.6909830056250525
    vertex 32.104616162123996 -16.747434242556814 0.41221474770752686
    vertex 32.41421356237309 -16.90096886790242 0.5661162608824417
  endloop
endfacet
facet normal -0.16303705085033293 -0.9721199628139722 -0.16852803312383147
  outer loop
    vertex 32.16806202298705 -16.91865005135 0.6909830056250525
    vertex 32.41421356237309 -16.974927912181823 0.7774790660436853
    vertex 32.219123240356964 -16.980785280403232 1
  endloop
endfacet
facet normal -0.5939501455395652 -0.7343115950964764 -0.32864830125895655
  outer loop
    vertex 31.938685304225515 -16.82363910354633 0.6909830056250525
    vertex 31.724835424501283 -16.68937813787181 0.7774790660436853
    vertex 31.777132366241325 -16.637081196131767 0.5661162608824417
  endloop
endfacet
facet normal -0.4665543695726039 -0.8728618324156876 -0.14296587615454948
  outer loop
    vertex 31.938685304225515 -16.82363910354633 0.6909830056250525
    vertex 32.031530130008 -16.923879532511286 1
    vertex 31.85864332935349 -16.831469612302545 1
  endloop
endfacet
facet normal -0.4750269245348685 -0.7351075329984736 -0.48370066766114994
  outer loop
    vertex 31.938685304225515 -16.82363910354633 0.6909830056250525
    vertex 31.777132366241325 -16.637081196131767 0.5661162608824417
    vertex 32.104616162123996 -16.747434242556814 0.41221474770752686
  endloop
endfacet
facet normal -0.37631741079079983 -0.9085105968882631 -0.18164168485631346
  outer loop
    vertex 31.938685304225515 -16.82363910354633 0.6909830056250525
    vertex 32.16806202298705 -16.91865005135 0.6909830056250525
    vertex 32.031530130008 -16.923879532511286 1
  endloop
endfacet
facet normal -0.5721080135916432 -0.8026772220735048 -0.16852803312382653
  outer loop
    vertex 31.938685304225515 -16.82363910354633 0.6909830056250525
    vertex 31.85864332935349 -16.831469612302545 1
    vertex 31.724835424501283 -16.68937813787181 0.7774790660436853
  endloop
endfacet
facet normal -0.3449523845884053 -0.8327887252462557 -0.4329789734727191
  outer loop
    vertex 31.938685304225515 -16.82363910354633 0.6909830056250525
    vertex 32.104616162123996 -16.747434242556814 0.41221474770752686
    vertex 32.16806202298705 -16.91865005135 0.6909830056250525
  endloop
endfacet
facet normal -0.11126921043324685 -0.9875415564011084 -0.11126921043324846
  outer loop
    vertex -34.72252093395632 -16.974927912181823 1
    vertex -34.5 -16.974927912181823 0.7774790660436853
    vertex -34.5 -17 1
  endloop
endfacet
facet normal -0.9875415564011114 -0.1112692104332332 -0.11126921043323303
  outer loop
    vertex -35.5 -16 1
    vertex -35.474927912181826 -16 0.7774790660436853
    vertex -35.474927912181826 -16.222520933956314 1
  endloop
endfacet
facet normal 0.09839045294739547 -0.3286765109184564 -0.9393035025694709
  outer loop
    vertex -34.548340908203386 -16.305212482389887 0.04894348370484647
    vertex -34.5 -16.222520933956314 0.02507208781817638
    vertex -34.5 -16.433883739117558 0.09903113209758074
  endloop
endfacet
facet normal -0.1259249817534337 -0.11107321276667136 -0.9858020289977532
  outer loop
    vertex -34.640290779704294 -16.27533615807316 0.04894348370484647
    vertex -34.5 -16 0
    vertex -34.5 -16.222520933956314 0.02507208781817638
  endloop
endfacet
facet normal -0.07637951745244881 -0.23507198344080735 -0.9689723070939312
  outer loop
    vertex -34.640290779704294 -16.27533615807316 0.04894348370484647
    vertex -34.5 -16.222520933956314 0.02507208781817638
    vertex -34.548340908203386 -16.305212482389887 0.04894348370484647
  endloop
endfacet
facet normal 0 0 0
  outer loop
    vertex -34.71850801222441 -16.21850801222441 0.04894348370484647
    vertex -34.5 -16 0
    vertex -34.5 -16 0
  endloop
endfacet
facet normal -0.09306747604435407 -0.12809639141133655 -0.9873853145606973
  outer loop
    vertex -34.71850801222441 -16.21850801222441 0.04894348370484647
    vertex -34.5 -16 0
    vertex -34.640290779704294 -16.27533615807316 0.04894348370484647
  endloop
endfacet
facet normal -0.06199920427382417 -0.5310085525836552 -0.8450952702224904
  outer loop
    vertex -34.68163563200134 -16.559016994374947 0.19098300562505255
    vertex -34.5 -16.433883739117558 0.09903113209758074
    vertex -34.5 -16.62348980185873 0.21816851753197009
  endloop
endfacet
facet normal -0.16931138547584085 -0.41210776830494106 -0.8952657940807145
  outer loop
    vertex -34.68163563200134 -16.559016994374947 0.19098300562505255
    vertex -34.548340908203386 -16.305212482389887 0.04894348370484647
    vertex -34.5 -16.433883739117558 0.09903113209758074
  endloop
endfacet
facet normal -0.1387849920116808 -0.42713628512137713 -0.8934726184528696
  outer loop
    vertex -34.68163563200134 -16.559016994374947 0.19098300562505255
    vertex -34.640290779704294 -16.27533615807316 0.04894348370484647
    vertex -34.548340908203386 -16.305212482389887 0.04894348370484647
  endloop
endfacet
facet normal -0.11107321276667317 -0.1259249817534303 -0.9858020289977536
  outer loop
    vertex -34.77533615807316 -16.140290779704294 0.04894348370484647
    vertex -34.72252093395631 -16 0.02507208781817638
    vertex -34.5 -16 0
  endloop
endfacet
facet normal -0.12809639141133655 -0.09306747604435407 -0.9873853145606974
  outer loop
    vertex -34.77533615807316 -16.140290779704294 0.04894348370484647
    vertex -34.5 -16 0
    vertex -34.71850801222441 -16.21850801222441 0.04894348370484647
  endloop
endfacet
facet normal -0.2639847420333694 -0.36334382621498645 -0.8934726184528707
  outer loop
    vertex -34.84549150281253 -16.475528258147577 0.19098300562505255
    vertex -34.71850801222441 -16.21850801222441 0.04894348370484647
    vertex -34.640290779704294 -16.27533615807316 0.04894348370484647
  endloop
endfacet
facet normal -0.21043229564801988 -0.41299663413638427 -0.8860880481872679
  outer loop
    vertex -34.84549150281253 -16.475528258147577 0.19098300562505255
    vertex -34.640290779704294 -16.27533615807316 0.04894348370484647
    vertex -34.68163563200134 -16.559016994374947 0.19098300562505255
  endloop
endfacet
facet normal -0.10270219350267039 -0.7033677059155244 -0.7033677059155278
  outer loop
    vertex -34.6265581407235 -16.799056652687458 0.41221474770752686
    vertex -34.5 -16.62348980185873 0.21816851753197009
    vertex -34.5 -16.78183148246803 0.3765101981412663
  endloop
endfacet
facet normal -0.03483237372183818 -0.8462103805226728 -0.5317092228244452
  outer loop
    vertex -34.6265581407235 -16.799056652687458 0.41221474770752686
    vertex -34.5 -16.78183148246803 0.3765101981412663
    vertex -34.5 -16.90096886790242 0.5661162608824417
  endloop
endfacet
facet normal -0.13764104512730974 -0.6881537266928809 -0.7123899150991414
  outer loop
    vertex -34.6265581407235 -16.799056652687458 0.41221474770752686
    vertex -34.68163563200134 -16.559016994374947 0.19098300562505255
    vertex -34.5 -16.62348980185873 0.21816851753197009
  endloop
endfacet
facet normal -0.32867651091845485 0.09839045294744336 -0.9393035025694665
  outer loop
    vertex -34.80521248238989 -16.048340908203386 0.04894348370484647
    vertex -34.933883739117555 -16 0.09903113209758074
    vertex -34.72252093395631 -16 0.02507208781817638
  endloop
endfacet
facet normal -0.23507198344078709 -0.07637951745245133 -0.968972307093936
  outer loop
    vertex -34.80521248238989 -16.048340908203386 0.04894348370484647
    vertex -34.72252093395631 -16 0.02507208781817638
    vertex -34.77533615807316 -16.140290779704294 0.04894348370484647
  endloop
endfacet
facet normal -0.32775598458280253 -0.3277559845827936 -0.8860880481872676
  outer loop
    vertex -34.97552825814758 -16.345491502812525 0.19098300562505255
    vertex -34.71850801222441 -16.21850801222441 0.04894348370484647
    vertex -34.84549150281253 -16.475528258147577 0.19098300562505255
  endloop
endfacet
facet normal -0.36334382621498856 -0.26398474203337097 -0.8934726184528693
  outer loop
    vertex -34.97552825814758 -16.345491502812525 0.19098300562505255
    vertex -34.77533615807316 -16.140290779704294 0.04894348370484647
    vertex -34.71850801222441 -16.21850801222441 0.04894348370484647
  endloop
endfacet
facet normal -0.31581299586464456 -0.6198179034590283 -0.7183925933601017
  outer loop
    vertex -34.86728602957407 -16.72083942016734 0.41221474770752686
    vertex -34.84549150281253 -16.475528258147577 0.19098300562505255
    vertex -34.68163563200134 -16.559016994374947 0.19098300562505255
  endloop
endfacet
facet normal -0.22348089313548433 -0.6878034656762745 -0.690639329177735
  outer loop
    vertex -34.86728602957407 -16.72083942016734 0.41221474770752686
    vertex -34.68163563200134 -16.559016994374947 0.19098300562505255
    vertex -34.6265581407235 -16.799056652687458 0.41221474770752686
  endloop
endfacet
facet normal -0.5310085525836485 -0.061999204273810636 -0.8450952702224956
  outer loop
    vertex -35.05901699437495 -16.18163563200134 0.19098300562505255
    vertex -35.12348980185873 -16 0.21816851753197009
    vertex -34.933883739117555 -16 0.09903113209758074
  endloop
endfacet
facet normal -0.42713628512137014 -0.13878499201169486 -0.8934726184528707
  outer loop
    vertex -35.05901699437495 -16.18163563200134 0.19098300562505255
    vertex -34.80521248238989 -16.048340908203386 0.04894348370484647
    vertex -34.77533615807316 -16.140290779704294 0.04894348370484647
  endloop
endfacet
facet normal -0.4121077683049538 -0.16931138547581537 -0.8952657940807135
  outer loop
    vertex -35.05901699437495 -16.18163563200134 0.19098300562505255
    vertex -34.933883739117555 -16 0.09903113209758074
    vertex -34.80521248238989 -16.048340908203386 0.04894348370484647
  endloop
endfacet
facet normal -0.4129966341363779 -0.21043229564803012 -0.8860880481872685
  outer loop
    vertex -35.05901699437495 -16.18163563200134 0.19098300562505255
    vertex -34.77533615807316 -16.140290779704294 0.04894348370484647
    vertex -34.97552825814758 -16.345491502812525 0.19098300562505255
  endloop
endfacet
facet normal -0.4918902732344696 -0.4918902732344562 -0.7183925933601008
  outer loop
    vertex -35.07206140281768 -16.572061402817685 0.41221474770752686
    vertex -34.97552825814758 -16.345491502812525 0.19098300562505255
    vertex -34.84549150281253 -16.475528258147577 0.19098300562505255
  endloop
endfacet
facet normal -0.42508591936791446 -0.5850805740648656 -0.690639329177728
  outer loop
    vertex -35.07206140281768 -16.572061402817685 0.41221474770752686
    vertex -34.84549150281253 -16.475528258147577 0.19098300562505255
    vertex -34.86728602957407 -16.72083942016734 0.41221474770752686
  endloop
endfacet
facet normal -0.12789912412070484 -0.9361313881461202 -0.32756654007510344
  outer loop
    vertex -34.79389262614624 -16.904508497187475 0.6909830056250525
    vertex -34.5 -16.90096886790242 0.5661162608824417
    vertex -34.5 -16.974927912181823 0.7774790660436853
  endloop
endfacet
facet normal -0.32714230420213203 -0.9349189916767651 -0.13749324275549205
  outer loop
    vertex -34.79389262614624 -16.904508497187475 0.6909830056250525
    vertex -34.72252093395632 -16.974927912181823 1
    vertex -34.93388373911756 -16.90096886790242 1
  endloop
endfacet
facet normal -0.17585784442529706 -0.8811655334971875 -0.4388864558524281
  outer loop
    vertex -34.79389262614624 -16.904508497187475 0.6909830056250525
    vertex -34.6265581407235 -16.799056652687458 0.41221474770752686
    vertex -34.5 -16.90096886790242 0.5661162608824417
  endloop
endfacet
facet normal -0.27130737527244064 -0.8349982423901856 -0.4787172895646031
  outer loop
    vertex -34.79389262614624 -16.904508497187475 0.6909830056250525
    vertex -34.86728602957407 -16.72083942016734 0.41221474770752686
    vertex -34.6265581407235 -16.799056652687458 0.41221474770752686
  endloop
endfacet
facet normal -0.17908900790839063 -0.9673956039246695 -0.17908900790839322
  outer loop
    vertex -34.79389262614624 -16.904508497187475 0.6909830056250525
    vertex -34.5 -16.974927912181823 0.7774790660436853
    vertex -34.72252093395632 -16.974927912181823 1
  endloop
endfacet
facet normal -0.6198179034590168 -0.315812995864659 -0.7183925933601055
  outer loop
    vertex -35.220839420167344 -16.367286029574068 0.41221474770752686
    vertex -35.05901699437495 -16.18163563200134 0.19098300562505255
    vertex -34.97552825814758 -16.345491502812525 0.19098300562505255
  endloop
endfacet
facet normal -0.5850805740648555 -0.42508591936791995 -0.6906393291777335
  outer loop
    vertex -35.220839420167344 -16.367286029574068 0.41221474770752686
    vertex -34.97552825814758 -16.345491502812525 0.19098300562505255
    vertex -35.07206140281768 -16.572061402817685 0.41221474770752686
  endloop
endfacet
facet normal -0.5265251635517414 -0.8379599974533012 -0.14350712461364196
  outer loop
    vertex -35.05901699437495 -16.76942088429381 0.6909830056250525
    vertex -34.93388373911756 -16.90096886790242 1
    vertex -35.12348980185873 -16.78183148246803 1
  endloop
endfacet
facet normal -0.4455589767065815 -0.874458728506445 -0.19183099440673138
  outer loop
    vertex -35.05901699437495 -16.76942088429381 0.6909830056250525
    vertex -34.79389262614624 -16.904508497187475 0.6909830056250525
    vertex -34.93388373911756 -16.90096886790242 1
  endloop
endfacet
facet normal -0.5160572943435593 -0.7102919298617472 -0.4787172895646026
  outer loop
    vertex -35.05901699437495 -16.76942088429381 0.6909830056250525
    vertex -35.07206140281768 -16.572061402817685 0.41221474770752686
    vertex -34.86728602957407 -16.72083942016734 0.41221474770752686
  endloop
endfacet
facet normal -0.4112635519486104 -0.8071501675856907 -0.4235220157264602
  outer loop
    vertex -35.05901699437495 -16.76942088429381 0.6909830056250525
    vertex -34.86728602957407 -16.72083942016734 0.41221474770752686
    vertex -34.79389262614624 -16.904508497187475 0.6909830056250525
  endloop
endfacet
facet normal -0.7033677059155228 -0.10270219350269282 -0.7033677059155263
  outer loop
    vertex -35.299056652687455 -16.1265581407235 0.41221474770752686
    vertex -35.28183148246803 -16 0.3765101981412663
    vertex -35.12348980185873 -16 0.21816851753197009
  endloop
endfacet
facet normal -0.846210380522672 -0.03483237372186287 -0.5317092228244448
  outer loop
    vertex -35.299056652687455 -16.1265581407235 0.41221474770752686
    vertex -35.40096886790242 -16 0.5661162608824417
    vertex -35.28183148246803 -16 0.3765101981412663
  endloop
endfacet
facet normal -0.6881537266928925 -0.1376410451273019 -0.7123899150991316
  outer loop
    vertex -35.299056652687455 -16.1265581407235 0.41221474770752686
    vertex -35.12348980185873 -16 0.21816851753197009
    vertex -35.05901699437495 -16.18163563200134 0.19098300562505255
  endloop
endfacet
facet normal -0.6878034656762878 -0.22348089313546501 -0.6906393291777284
  outer loop
    vertex -35.299056652687455 -16.1265581407235 0.41221474770752686
    vertex -35.05901699437495 -16.18163563200134 0.19098300562505255
    vertex -35.220839420167344 -16.367286029574068 0.41221474770752686
  endloop
endfacet
facet normal -0.696411690419641 -0.696411690419641 -0.17326717777385256
  outer loop
    vertex -35.269420884293815 -16.559016994374947 0.6909830056250525
    vertex -35.12348980185873 -16.78183148246803 1
    vertex -35.28183148246803 -16.62348980185873 1
  endloop
endfacet
facet normal -0.8379599974533062 -0.5265251635517347 -0.14350712461363718
  outer loop
    vertex -35.269420884293815 -16.559016994374947 0.6909830056250525
    vertex -35.28183148246803 -16.62348980185873 1
    vertex -35.40096886790242 -16.433883739117558 1
  endloop
endfacet
facet normal -0.6964116904196411 -0.6964116904196411 -0.17326717777385253
  outer loop
    vertex -35.269420884293815 -16.559016994374947 0.6909830056250525
    vertex -35.05901699437495 -16.76942088429381 0.6909830056250525
    vertex -35.12348980185873 -16.78183148246803 1
  endloop
endfacet
facet normal -0.7102919298617401 -0.5160572943435698 -0.478717289564602
  outer loop
    vertex -35.269420884293815 -16.559016994374947 0.6909830056250525
    vertex -35.220839420167344 -16.367286029574068 0.41221474770752686
    vertex -35.07206140281768 -16.572061402817685 0.41221474770752686
  endloop
endfacet
facet normal -0.6405579997919767 -0.6405579997919767 -0.4235220157264602
  outer loop
    vertex -35.269420884293815 -16.559016994374947 0.6909830056250525
    vertex -35.07206140281768 -16.572061402817685 0.41221474770752686
    vertex -35.05901699437495 -16.76942088429381 0.6909830056250525
  endloop
endfacet
facet normal -0.9361313881461131 -0.1278991241207234 -0.3275665400751167
  outer loop
    vertex -35.40450849718747 -16.293892626146235 0.6909830056250525
    vertex -35.474927912181826 -16 0.7774790660436853
    vertex -35.40096886790242 -16 0.5661162608824417
  endloop
endfacet
facet normal -0.9349189916767581 -0.32714230420214524 -0.13749324275550887
  outer loop
    vertex -35.40450849718747 -16.293892626146235 0.6909830056250525
    vertex -35.40096886790242 -16.433883739117558 1
    vertex -35.474927912181826 -16.222520933956314 1
  endloop
endfacet
facet normal -0.9673956039246628 -0.17908900790840984 -0.17908900790840956
  outer loop
    vertex -35.40450849718747 -16.293892626146235 0.6909830056250525
    vertex -35.474927912181826 -16.222520933956314 1
    vertex -35.474927912181826 -16 0.7774790660436853
  endloop
endfacet
facet normal -0.8744587285064541 -0.44555897670656275 -0.19183099440673285
  outer loop
    vertex -35.40450849718747 -16.293892626146235 0.6909830056250525
    vertex -35.269420884293815 -16.559016994374947 0.6909830056250525
    vertex -35.40096886790242 -16.433883739117558 1
  endloop
endfacet
facet normal -0.8811655334971806 -0.1758578444253128 -0.4388864558524349
  outer loop
    vertex -35.40450849718747 -16.293892626146235 0.6909830056250525
    vertex -35.40096886790242 -16 0.5661162608824417
    vertex -35.299056652687455 -16.1265581407235 0.41221474770752686
  endloop
endfacet
facet normal -0.8349982423901988 -0.2713073752724163 -0.47871728956459353
  outer loop
    vertex -35.40450849718747 -16.293892626146235 0.6909830056250525
    vertex -35.299056652687455 -16.1265581407235 0.41221474770752686
    vertex -35.220839420167344 -16.367286029574068 0.41221474770752686
  endloop
endfacet
facet normal -0.8071501675857049 -0.41126355194859604 -0.4235220157264475
  outer loop
    vertex -35.40450849718747 -16.293892626146235 0.6909830056250525
    vertex -35.220839420167344 -16.367286029574068 0.41221474770752686
    vertex -35.269420884293815 -16.559016994374947 0.6909830056250525
  endloop
endfacet
facet normal -1 0 0
  outer loop
    vertex -35.5 6 1
    vertex -35.5 -16 1
    vertex -35.5 -16 14
  endloop
endfacet
facet normal -1 0 0
  outer loop
    vertex -35.5 6 1
    vertex -35.5 -16 14
    vertex -35.5 6 14
  endloop
endfacet
facet normal 0.630442318186433 -0.7681961873900165 -0.11143204709220303
  outer loop
    vertex -31.85864332935349 -16.831469612302545 1
    vertex -31.724835424501283 -16.68937813787181 0.7774790660436853
    vertex -31.707106781186546 -16.707106781186546 1
  endloop
endfacet
facet normal 0.09740669504855332 -0.9889867717217242 -0.11143204709220783
  outer loop
    vertex -32.41421356237309 -17 1
    vertex -32.414213562373085 -16.974927912181823 0.7774790660436853
    vertex -32.219123240356964 -16.98078528040323 1
  endloop
endfacet
facet normal 0.32143003889574545 -0.14187509088525393 -0.9362447269180108
  outer loop
    vertex -32.22609593528942 -16.24515966469412 0.04894348370484647
    vertex -32.25686750101662 -16.157346061356474 0.02507208781817638
    vertex -32.10741142819649 -16.3068021341766 0.09903113209758074
  endloop
endfacet
facet normal -0.020309162883003284 -0.1771005865968289 -0.9839831909794245
  outer loop
    vertex -32.295957878306545 -16.28549447630117 0.04894348370484647
    vertex -32.41421356237309 -15.999999999999995 0
    vertex -32.25686750101662 -16.157346061356474 0.02507208781817638
  endloop
endfacet
facet normal 0 0 0
  outer loop
    vertex -32.295957878306545 -16.28549447630117 0.04894348370484647
    vertex -32.41421356237309 -15.999999999999995 0
    vertex -32.41421356237309 -15.999999999999995 0
  endloop
endfacet
facet normal 0.13958977252952756 -0.11086827893994149 -0.9839831909794242
  outer loop
    vertex -32.295957878306545 -16.28549447630117 0.04894348370484647
    vertex -32.41421356237309 -16.222520933956314 0.02507208781817638
    vertex -32.41421356237309 -15.999999999999995 0
  endloop
endfacet
facet normal 0.20302562200957588 -0.35165069255883213 -0.9138503089842005
  outer loop
    vertex -32.295957878306545 -16.28549447630117 0.04894348370484647
    vertex -32.22609593528942 -16.24515966469412 0.04894348370484647
    vertex -32.10741142819649 -16.3068021341766 0.09903113209758074
  endloop
endfacet
facet normal 0.12630454080896503 -0.21876588190776708 -0.9675684223268934
  outer loop
    vertex -32.295957878306545 -16.28549447630117 0.04894348370484647
    vertex -32.25686750101662 -16.157346061356474 0.02507208781817638
    vertex -32.22609593528942 -16.24515966469412 0.04894348370484647
  endloop
endfacet
facet normal -0.12696452133382277 -0.3276061990266613 -0.9362447269180088
  outer loop
    vertex -32.373878750766046 -16.30637331115022 0.04894348370484647
    vertex -32.41421356237309 -16.433883739117558 0.09903113209758074
    vertex -32.41421356237309 -16.222520933956314 0.02507208781817638
  endloop
endfacet
facet normal 0.06538004128856825 -0.24400163588990753 -0.9675684223268938
  outer loop
    vertex -32.373878750766046 -16.30637331115022 0.04894348370484647
    vertex -32.41421356237309 -16.222520933956314 0.02507208781817638
    vertex -32.295957878306545 -16.28549447630117 0.04894348370484647
  endloop
endfacet
facet normal 0.10509379523971502 -0.39221538339488854 -0.9138503089841976
  outer loop
    vertex -32.373878750766046 -16.30637331115022 0.04894348370484647
    vertex -32.295957878306545 -16.28549447630117 0.04894348370484647
    vertex -32.41421356237309 -16.433883739117558 0.09903113209758074
  endloop
endfacet
facet normal 0.3450450598252467 -0.4066477536821749 -0.845920511109308
  outer loop
    vertex -32.120320936226854 -16.509036960455127 0.19098300562505255
    vertex -32.10741142819649 -16.3068021341766 0.09903113209758074
    vertex -31.973339695478124 -16.440873866894968 0.21816851753197009
  endloop
endfacet
facet normal 0.402645442577454 -0.5886659077409926 -0.7009629780773585
  outer loop
    vertex -32.120320936226854 -16.509036960455127 0.19098300562505255
    vertex -31.973339695478124 -16.440873866894968 0.21816851753197009
    vertex -31.861375219374818 -16.552838342998275 0.3765101981412663
  endloop
endfacet
facet normal 0.18917899100632524 -0.4164112744000599 -0.8892766498195861
  outer loop
    vertex -32.120320936226854 -16.509036960455127 0.19098300562505255
    vertex -32.295957878306545 -16.28549447630117 0.04894348370484647
    vertex -32.10741142819649 -16.3068021341766 0.09903113209758074
  endloop
endfacet
facet normal 0.04355968256558984 -0.5315270858002998 -0.8459205111093039
  outer loop
    vertex -32.26208354464941 -16.567756955501135 0.19098300562505255
    vertex -32.41421356237309 -16.62348980185873 0.21816851753197009
    vertex -32.41421356237309 -16.433883739117558 0.09903113209758074
  endloop
endfacet
facet normal 0.1315363323566006 -0.7009629780773623 -0.7009629780773657
  outer loop
    vertex -32.26208354464941 -16.567756955501135 0.19098300562505255
    vertex -32.41421356237309 -16.78183148246803 0.3765101981412663
    vertex -32.41421356237309 -16.62348980185873 0.21816851753197009
  endloop
endfacet
facet normal 0.16067748849221414 -0.4282169832894159 -0.889276649819586
  outer loop
    vertex -32.26208354464941 -16.567756955501135 0.19098300562505255
    vertex -32.41421356237309 -16.433883739117558 0.09903113209758074
    vertex -32.295957878306545 -16.28549447630117 0.04894348370484647
  endloop
endfacet
facet normal 0.17625396222527392 -0.425514706026249 -0.8876214146556439
  outer loop
    vertex -32.26208354464941 -16.567756955501135 0.19098300562505255
    vertex -32.295957878306545 -16.28549447630117 0.04894348370484647
    vertex -32.120320936226854 -16.509036960455127 0.19098300562505255
  endloop
endfacet
facet normal 0.5863298173010106 -0.6109377364209704 -0.5319515274539441
  outer loop
    vertex -31.92171522078506 -16.64183633483974 0.41221474770752686
    vertex -31.861375219374818 -16.552838342998275 0.3765101981412663
    vertex -31.777132366241325 -16.637081196131767 0.5661162608824417
  endloop
endfacet
facet normal 0.4143910668751365 -0.5666619027471709 -0.712161731398874
  outer loop
    vertex -31.92171522078506 -16.64183633483974 0.41221474770752686
    vertex -32.120320936226854 -16.509036960455127 0.19098300562505255
    vertex -31.861375219374818 -16.552838342998275 0.3765101981412663
  endloop
endfacet
facet normal 0.35912640706783394 -0.6220251833811391 -0.6957822180727303
  outer loop
    vertex -32.104616162123996 -16.747434242556814 0.41221474770752686
    vertex -32.120320936226854 -16.509036960455127 0.19098300562505255
    vertex -31.92171522078506 -16.64183633483974 0.41221474770752686
  endloop
endfacet
facet normal 0.26754037824414534 -0.6458996096394396 -0.7150075805728211
  outer loop
    vertex -32.104616162123996 -16.747434242556814 0.41221474770752686
    vertex -32.26208354464941 -16.567756955501135 0.19098300562505255
    vertex -32.120320936226854 -16.509036960455127 0.19098300562505255
  endloop
endfacet
facet normal 0.4571560273120298 -0.7918174662907654 -0.40501045266653934
  outer loop
    vertex -32.104616162123996 -16.747434242556814 0.41221474770752686
    vertex -31.92171522078506 -16.64183633483974 0.41221474770752686
    vertex -31.777132366241325 -16.637081196131767 0.5661162608824417
  endloop
endfacet
facet normal 0.017400426480630476 -0.8465960061314368 -0.5319515274539518
  outer loop
    vertex -32.308615654656016 -16.802095741837125 0.41221474770752686
    vertex -32.41421356237309 -16.90096886790242 0.5661162608824417
    vertex -32.41421356237309 -16.78183148246803 0.3765101981412663
  endloop
endfacet
facet normal 0.23664137290350526 -0.8831576268487816 -0.4050104526665603
  outer loop
    vertex -32.308615654656016 -16.802095741837125 0.41221474770752686
    vertex -32.104616162123996 -16.747434242556814 0.41221474770752686
    vertex -32.41421356237309 -16.90096886790242 0.5661162608824417
  endloop
endfacet
facet normal 0.10767174062206761 -0.6937092075231354 -0.712161731398871
  outer loop
    vertex -32.308615654656016 -16.802095741837125 0.41221474770752686
    vertex -32.41421356237309 -16.78183148246803 0.3765101981412663
    vertex -32.26208354464941 -16.567756955501135 0.19098300562505255
  endloop
endfacet
facet normal 0.18589750749678027 -0.6937789429784372 -0.6957822180727292
  outer loop
    vertex -32.308615654656016 -16.802095741837125 0.41221474770752686
    vertex -32.26208354464941 -16.567756955501135 0.19098300562505255
    vertex -32.104616162123996 -16.747434242556814 0.41221474770752686
  endloop
endfacet
facet normal 0.5939501455395652 -0.7343115950964764 -0.32864830125895655
  outer loop
    vertex -31.938685304225515 -16.82363910354633 0.6909830056250525
    vertex -31.777132366241325 -16.637081196131767 0.5661162608824417
    vertex -31.724835424501283 -16.68937813787181 0.7774790660436853
  endloop
endfacet
facet normal 0.4665543695726039 -0.8728618324156876 -0.14296587615454948
  outer loop
    vertex -31.938685304225515 -16.82363910354633 0.6909830056250525
    vertex -31.85864332935349 -16.831469612302545 1
    vertex -32.031530130008 -16.923879532511286 1
  endloop
endfacet
facet normal 0.4750269245348685 -0.7351075329984736 -0.48370066766114994
  outer loop
    vertex -31.938685304225515 -16.82363910354633 0.6909830056250525
    vertex -32.104616162123996 -16.747434242556814 0.41221474770752686
    vertex -31.777132366241325 -16.637081196131767 0.5661162608824417
  endloop
endfacet
facet normal 0.5721080135916432 -0.8026772220735048 -0.16852803312382653
  outer loop
    vertex -31.938685304225515 -16.82363910354633 0.6909830056250525
    vertex -31.724835424501283 -16.68937813787181 0.7774790660436853
    vertex -31.85864332935349 -16.831469612302545 1
  endloop
endfacet
facet normal 0.09925053279886585 -0.9392228839943937 -0.3286483012589519
  outer loop
    vertex -32.16806202298705 -16.91865005135 0.6909830056250525
    vertex -32.414213562373085 -16.974927912181823 0.7774790660436853
    vertex -32.41421356237309 -16.90096886790242 0.5661162608824417
  endloop
endfacet
facet normal 0.2873027622230426 -0.9471102792570535 -0.1429658761545429
  outer loop
    vertex -32.16806202298705 -16.91865005135 0.6909830056250525
    vertex -32.031530130008 -16.923879532511286 1
    vertex -32.219123240356964 -16.98078528040323 1
  endloop
endfacet
facet normal 0.18390476189974314 -0.8556942810693274 -0.48370066766115355
  outer loop
    vertex -32.16806202298705 -16.91865005135 0.6909830056250525
    vertex -32.41421356237309 -16.90096886790242 0.5661162608824417
    vertex -32.104616162123996 -16.747434242556814 0.41221474770752686
  endloop
endfacet
facet normal 0.37631741079079983 -0.9085105968882631 -0.18164168485631346
  outer loop
    vertex -32.16806202298705 -16.91865005135 0.6909830056250525
    vertex -31.938685304225515 -16.82363910354633 0.6909830056250525
    vertex -32.031530130008 -16.923879532511286 1
  endloop
endfacet
facet normal 0.16303705085034223 -0.9721199628139728 -0.1685280331238189
  outer loop
    vertex -32.16806202298705 -16.91865005135 0.6909830056250525
    vertex -32.219123240356964 -16.98078528040323 1
    vertex -32.414213562373085 -16.974927912181823 0.7774790660436853
  endloop
endfacet
facet normal 0.3449523845884053 -0.8327887252462557 -0.4329789734727191
  outer loop
    vertex -32.16806202298705 -16.91865005135 0.6909830056250525
    vertex -32.104616162123996 -16.747434242556814 0.41221474770752686
    vertex -31.938685304225515 -16.82363910354633 0.6909830056250525
  endloop
endfacet
facet normal 0 -1 0
  outer loop
    vertex -34.5 -17 1
    vertex -32.41421356237309 -17 1
    vertex -32.41421356237309 -17 14
  endloop
endfacet
facet normal 0 -1 0
  outer loop
    vertex -34.5 -17 1
    vertex -32.41421356237309 -17 14
    vertex -34.5 -17 14
  endloop
endfacet
facet normal 0.9875415564011115 0.1112692104332332 0.1112692104332332
  outer loop
    vertex 35.474927912181826 6.222520933956314 14
    vertex 35.474927912181826 6 14.222520933956314
    vertex 35.5 6 14
  endloop
endfacet
facet normal 0.11126921043324652 0.9875415564011087 0.11126921043324473
  outer loop
    vertex 34.5 7 14
    vertex 34.5 6.9749279121818235 14.222520933956314
    vertex 34.72252093395631 6.9749279121818235 14
  endloop
endfacet
facet normal 0.32867651091845895 -0.09839045294743963 0.9393035025694654
  outer loop
    vertex 34.80521248238989 6.048340908203385 14.951056516295154
    vertex 34.72252093395631 6 14.974927912181824
    vertex 34.933883739117555 6 14.900968867902419
  endloop
endfacet
facet normal 0.1110732127666697 0.12592498175343544 0.9858020289977534
  outer loop
    vertex 34.77533615807316 6.140290779704295 14.951056516295154
    vertex 34.5 6 15
    vertex 34.72252093395631 6 14.974927912181824
  endloop
endfacet
facet normal 0.2350719834407946 0.07637951745245229 0.968972307093934
  outer loop
    vertex 34.77533615807316 6.140290779704295 14.951056516295154
    vertex 34.72252093395631 6 14.974927912181824
    vertex 34.80521248238989 6.048340908203385 14.951056516295154
  endloop
endfacet
facet normal 0 0 0
  outer loop
    vertex 34.71850801222441 6.218508012224411 14.951056516295154
    vertex 34.5 6 15
    vertex 34.5 6 15
  endloop
endfacet
facet normal 0.12809639141133525 0.09306747604435525 0.9873853145606976
  outer loop
    vertex 34.71850801222441 6.218508012224411 14.951056516295154
    vertex 34.5 6 15
    vertex 34.77533615807316 6.140290779704295 14.951056516295154
  endloop
endfacet
facet normal 0.5310085525836461 0.06199920427381525 0.8450952702224968
  outer loop
    vertex 35.05901699437495 6.18163563200134 14.809016994374947
    vertex 34.933883739117555 6 14.900968867902419
    vertex 35.12348980185873 6 14.78183148246803
  endloop
endfacet
facet normal 0.412107768304955 0.16931138547581595 0.8952657940807128
  outer loop
    vertex 35.05901699437495 6.18163563200134 14.809016994374947
    vertex 34.80521248238989 6.048340908203385 14.951056516295154
    vertex 34.933883739117555 6 14.900968867902419
  endloop
endfacet
facet normal 0.42713628512137275 0.13878499201169295 0.8934726184528698
  outer loop
    vertex 35.05901699437495 6.18163563200134 14.809016994374947
    vertex 34.77533615807316 6.140290779704295 14.951056516295154
    vertex 34.80521248238989 6.048340908203385 14.951056516295154
  endloop
endfacet
facet normal 0.12592498175344033 0.11107321276666786 0.9858020289977527
  outer loop
    vertex 34.640290779704294 6.275336158073158 14.951056516295154
    vertex 34.5 6.222520933956314 14.974927912181824
    vertex 34.5 6 15
  endloop
endfacet
facet normal 0.09306747604435407 0.12809639141133652 0.9873853145606972
  outer loop
    vertex 34.640290779704294 6.275336158073158 14.951056516295154
    vertex 34.5 6 15
    vertex 34.71850801222441 6.218508012224411 14.951056516295154
  endloop
endfacet
facet normal 0.3633438262149868 0.2639847420333756 0.8934726184528687
  outer loop
    vertex 34.97552825814758 6.345491502812527 14.809016994374947
    vertex 34.71850801222441 6.218508012224411 14.951056516295154
    vertex 34.77533615807316 6.140290779704295 14.951056516295154
  endloop
endfacet
facet normal 0.4129966341363796 0.21043229564803104 0.8860880481872674
  outer loop
    vertex 34.97552825814758 6.345491502812527 14.809016994374947
    vertex 34.77533615807316 6.140290779704295 14.951056516295154
    vertex 35.05901699437495 6.18163563200134 14.809016994374947
  endloop
endfacet
facet normal 0.7033677059155248 0.10270219350268833 0.7033677059155248
  outer loop
    vertex 35.299056652687455 6.126558140723501 14.587785252292473
    vertex 35.12348980185873 6 14.78183148246803
    vertex 35.28183148246803 6 14.623489801858733
  endloop
endfacet
facet normal 0.8462103805226721 0.0348323737218604 0.531709222824445
  outer loop
    vertex 35.299056652687455 6.126558140723501 14.587785252292473
    vertex 35.28183148246803 6 14.623489801858733
    vertex 35.40096886790242 6 14.433883739117558
  endloop
endfacet
facet normal 0.688153726692891 0.13764104512730507 0.7123899150991323
  outer loop
    vertex 35.299056652687455 6.126558140723501 14.587785252292473
    vertex 35.05901699437495 6.18163563200134 14.809016994374947
    vertex 35.12348980185873 6 14.78183148246803
  endloop
endfacet
facet normal -0.09839045294740204 0.3286765109184602 0.9393035025694689
  outer loop
    vertex 34.548340908203386 6.305212482389889 14.951056516295154
    vertex 34.5 6.433883739117558 14.900968867902419
    vertex 34.5 6.222520933956314 14.974927912181824
  endloop
endfacet
facet normal 0.07637951745245529 0.2350719834408063 0.9689723070939309
  outer loop
    vertex 34.548340908203386 6.305212482389889 14.951056516295154
    vertex 34.5 6.222520933956314 14.974927912181824
    vertex 34.640290779704294 6.275336158073158 14.951056516295154
  endloop
endfacet
facet normal 0.32775598458280086 0.32775598458279637 0.886088048187267
  outer loop
    vertex 34.84549150281253 6.475528258147577 14.809016994374947
    vertex 34.71850801222441 6.218508012224411 14.951056516295154
    vertex 34.97552825814758 6.345491502812527 14.809016994374947
  endloop
endfacet
facet normal 0.2639847420333706 0.36334382621498773 0.89347261845287
  outer loop
    vertex 34.84549150281253 6.475528258147577 14.809016994374947
    vertex 34.640290779704294 6.275336158073158 14.951056516295154
    vertex 34.71850801222441 6.218508012224411 14.951056516295154
  endloop
endfacet
facet normal 0.6198179034590157 0.3158129958646585 0.7183925933601066
  outer loop
    vertex 35.220839420167344 6.3672860295740685 14.587785252292473
    vertex 34.97552825814758 6.345491502812527 14.809016994374947
    vertex 35.05901699437495 6.18163563200134 14.809016994374947
  endloop
endfacet
facet normal 0.6878034656762865 0.2234808931354646 0.6906393291777297
  outer loop
    vertex 35.220839420167344 6.3672860295740685 14.587785252292473
    vertex 35.05901699437495 6.18163563200134 14.809016994374947
    vertex 35.299056652687455 6.126558140723501 14.587785252292473
  endloop
endfacet
facet normal 0.06199920427383037 0.5310085525836491 0.8450952702224936
  outer loop
    vertex 34.68163563200134 6.5590169943749475 14.809016994374947
    vertex 34.5 6.623489801858733 14.78183148246803
    vertex 34.5 6.433883739117558 14.900968867902419
  endloop
endfacet
facet normal 0.13878499201169262 0.42713628512137536 0.8934726184528685
  outer loop
    vertex 34.68163563200134 6.5590169943749475 14.809016994374947
    vertex 34.548340908203386 6.305212482389889 14.951056516295154
    vertex 34.640290779704294 6.275336158073158 14.951056516295154
  endloop
endfacet
facet normal 0.16931138547583707 0.4121077683049468 0.8952657940807124
  outer loop
    vertex 34.68163563200134 6.5590169943749475 14.809016994374947
    vertex 34.5 6.433883739117558 14.900968867902419
    vertex 34.548340908203386 6.305212482389889 14.951056516295154
  endloop
endfacet
facet normal 0.21043229564802207 0.41299663413638416 0.8860880481872673
  outer loop
    vertex 34.68163563200134 6.5590169943749475 14.809016994374947
    vertex 34.640290779704294 6.275336158073158 14.951056516295154
    vertex 34.84549150281253 6.475528258147577 14.809016994374947
  endloop
endfacet
facet normal 0.4918902732344656 0.4918902732344589 0.7183925933601015
  outer loop
    vertex 35.07206140281768 6.572061402817685 14.587785252292473
    vertex 34.84549150281253 6.475528258147577 14.809016994374947
    vertex 34.97552825814758 6.345491502812527 14.809016994374947
  endloop
endfacet
facet normal 0.5850805740648543 0.4250859193679209 0.690639329177734
  outer loop
    vertex 35.07206140281768 6.572061402817685 14.587785252292473
    vertex 34.97552825814758 6.345491502812527 14.809016994374947
    vertex 35.220839420167344 6.3672860295740685 14.587785252292473
  endloop
endfacet
facet normal 0.9361313881461132 0.1278991241207233 0.32756654007511654
  outer loop
    vertex 35.40450849718747 6.293892626146237 14.309016994374947
    vertex 35.40096886790242 6 14.433883739117558
    vertex 35.474927912181826 6 14.222520933956314
  endloop
endfacet
facet normal 0.9349189916767581 0.32714230420214524 0.1374932427555074
  outer loop
    vertex 35.40450849718747 6.293892626146237 14.309016994374947
    vertex 35.474927912181826 6.222520933956314 14
    vertex 35.40096886790242 6.433883739117558 14
  endloop
endfacet
facet normal 0.8811655334971814 0.1758578444253122 0.43888645585243374
  outer loop
    vertex 35.40450849718747 6.293892626146237 14.309016994374947
    vertex 35.299056652687455 6.126558140723501 14.587785252292473
    vertex 35.40096886790242 6 14.433883739117558
  endloop
endfacet
facet normal 0.8349982423901993 0.27130737527241655 0.47871728956459286
  outer loop
    vertex 35.40450849718747 6.293892626146237 14.309016994374947
    vertex 35.220839420167344 6.3672860295740685 14.587785252292473
    vertex 35.299056652687455 6.126558140723501 14.587785252292473
  endloop
endfacet
facet normal 0.9673956039246631 0.17908900790840923 0.17908900790840923
  outer loop
    vertex 35.40450849718747 6.293892626146237 14.309016994374947
    vertex 35.474927912181826 6 14.222520933956314
    vertex 35.474927912181826 6.222520933956314 14
  endloop
endfacet
facet normal 0.3158129958646456 0.6198179034590238 0.7183925933601054
  outer loop
    vertex 34.86728602957407 6.7208394201673425 14.587785252292473
    vertex 34.68163563200134 6.5590169943749475 14.809016994374947
    vertex 34.84549150281253 6.475528258147577 14.809016994374947
  endloop
endfacet
facet normal 0.4250859193679161 0.5850805740648608 0.6906393291777311
  outer loop
    vertex 34.86728602957407 6.7208394201673425 14.587785252292473
    vertex 34.84549150281253 6.475528258147577 14.809016994374947
    vertex 35.07206140281768 6.572061402817685 14.587785252292473
  endloop
endfacet
facet normal 0.8379599974533082 0.5265251635517311 0.14350712461363846
  outer loop
    vertex 35.269420884293815 6.5590169943749475 14.309016994374947
    vertex 35.40096886790242 6.433883739117558 14
    vertex 35.28183148246803 6.623489801858733 14
  endloop
endfacet
facet normal 0.8744587285064538 0.4455589767065641 0.1918309944067314
  outer loop
    vertex 35.269420884293815 6.5590169943749475 14.309016994374947
    vertex 35.40450849718747 6.293892626146237 14.309016994374947
    vertex 35.40096886790242 6.433883739117558 14
  endloop
endfacet
facet normal 0.7102919298617393 0.5160572943435716 0.47871728956460113
  outer loop
    vertex 35.269420884293815 6.5590169943749475 14.309016994374947
    vertex 35.07206140281768 6.572061402817685 14.587785252292473
    vertex 35.220839420167344 6.3672860295740685 14.587785252292473
  endloop
endfacet
facet normal 0.8071501675857046 0.4112635519485972 0.42352201572644654
  outer loop
    vertex 35.269420884293815 6.5590169943749475 14.309016994374947
    vertex 35.220839420167344 6.3672860295740685 14.587785252292473
    vertex 35.40450849718747 6.293892626146237 14.309016994374947
  endloop
endfacet
facet normal 0.10270219350267072 0.7033677059155281 0.7033677059155241
  outer loop
    vertex 34.6265581407235 6.799056652687458 14.587785252292473
    vertex 34.5 6.7818314824680295 14.623489801858733
    vertex 34.5 6.623489801858733 14.78183148246803
  endloop
endfacet
facet normal 0.03483237372183873 0.8462103805226778 0.5317092228244368
  outer loop
    vertex 34.6265581407235 6.799056652687458 14.587785252292473
    vertex 34.5 6.900968867902419 14.433883739117558
    vertex 34.5 6.7818314824680295 14.623489801858733
  endloop
endfacet
facet normal 0.13764104512731856 0.6881537266928807 0.7123899150991398
  outer loop
    vertex 34.6265581407235 6.799056652687458 14.587785252292473
    vertex 34.5 6.623489801858733 14.78183148246803
    vertex 34.68163563200134 6.5590169943749475 14.809016994374947
  endloop
endfacet
facet normal 0.22348089313547925 0.6878034656762745 0.690639329177737
  outer loop
    vertex 34.6265581407235 6.799056652687458 14.587785252292473
    vertex 34.68163563200134 6.5590169943749475 14.809016994374947
    vertex 34.86728602957407 6.7208394201673425 14.587785252292473
  endloop
endfacet
facet normal 0.696411690419641 0.696411690419641 0.17326717777385306
  outer loop
    vertex 35.05901699437495 6.7694208842938135 14.309016994374947
    vertex 35.28183148246803 6.623489801858733 14
    vertex 35.12348980185873 6.78183148246803 14
  endloop
endfacet
facet normal 0.5265251635517164 0.8379599974533177 0.14350712461363782
  outer loop
    vertex 35.05901699437495 6.7694208842938135 14.309016994374947
    vertex 35.12348980185873 6.78183148246803 14
    vertex 34.933883739117555 6.900968867902419 14
  endloop
endfacet
facet normal 0.6964116904196423 0.6964116904196394 0.17326717777385472
  outer loop
    vertex 35.05901699437495 6.7694208842938135 14.309016994374947
    vertex 35.269420884293815 6.5590169943749475 14.309016994374947
    vertex 35.28183148246803 6.623489801858733 14
  endloop
endfacet
facet normal 0.5160572943435633 0.710291929861744 0.4787172895646028
  outer loop
    vertex 35.05901699437495 6.7694208842938135 14.309016994374947
    vertex 34.86728602957407 6.7208394201673425 14.587785252292473
    vertex 35.07206140281768 6.572061402817685 14.587785252292473
  endloop
endfacet
facet normal 0.6405579997919777 0.640557999791975 0.4235220157264614
  outer loop
    vertex 35.05901699437495 6.7694208842938135 14.309016994374947
    vertex 35.07206140281768 6.572061402817685 14.587785252292473
    vertex 35.269420884293815 6.5590169943749475 14.309016994374947
  endloop
endfacet
facet normal 0.12789912412070994 0.9361313881461161 0.32756654007511365
  outer loop
    vertex 34.79389262614624 6.904508497187473 14.309016994374947
    vertex 34.5 6.9749279121818235 14.222520933956314
    vertex 34.5 6.900968867902419 14.433883739117558
  endloop
endfacet
facet normal 0.3271423042021427 0.9349189916767617 0.13749324275548977
  outer loop
    vertex 34.79389262614624 6.904508497187473 14.309016994374947
    vertex 34.933883739117555 6.900968867902419 14
    vertex 34.72252093395631 6.9749279121818235 14
  endloop
endfacet
facet normal 0.1790890079083986 0.9673956039246676 0.17908900790839574
  outer loop
    vertex 34.79389262614624 6.904508497187473 14.309016994374947
    vertex 34.72252093395631 6.9749279121818235 14
    vertex 34.5 6.9749279121818235 14.222520933956314
  endloop
endfacet
facet normal 0.4455589767065734 0.8744587285064521 0.19183099440671794
  outer loop
    vertex 34.79389262614624 6.904508497187473 14.309016994374947
    vertex 35.05901699437495 6.7694208842938135 14.309016994374947
    vertex 34.933883739117555 6.900968867902419 14
  endloop
endfacet
facet normal 0.1758578444252949 0.8811655334971913 0.43888645585242086
  outer loop
    vertex 34.79389262614624 6.904508497187473 14.309016994374947
    vertex 34.5 6.900968867902419 14.433883739117558
    vertex 34.6265581407235 6.799056652687458 14.587785252292473
  endloop
endfacet
facet normal 0.2713073752724364 0.8349982423901914 0.4787172895645956
  outer loop
    vertex 34.79389262614624 6.904508497187473 14.309016994374947
    vertex 34.6265581407235 6.799056652687458 14.587785252292473
    vertex 34.86728602957407 6.7208394201673425 14.587785252292473
  endloop
endfacet
facet normal 0.4112635519486031 0.8071501675856976 0.4235220157264547
  outer loop
    vertex 34.79389262614624 6.904508497187473 14.309016994374947
    vertex 34.86728602957407 6.7208394201673425 14.587785252292473
    vertex 35.05901699437495 6.7694208842938135 14.309016994374947
  endloop
endfacet
facet normal 0.9875415564011115 -0.1112692104332332 0.1112692104332332
  outer loop
    vertex 35.474927912181826 -16.222520933956314 14
    vertex 35.5 -16 14
    vertex 35.474927912181826 -16 14.222520933956314
  endloop
endfacet
facet normal 0.11126921043325033 -0.9875415564011079 0.11126921043324857
  outer loop
    vertex 34.5 -17 14
    vertex 34.72252093395631 -16.974927912181823 14
    vertex 34.5 -16.974927912181823 14.222520933956314
  endloop
endfacet
facet normal 0.328676510918459 0.09839045294743785 0.9393035025694656
  outer loop
    vertex 34.80521248238989 -16.048340908203386 14.951056516295154
    vertex 34.933883739117555 -16 14.900968867902419
    vertex 34.72252093395631 -16 14.974927912181824
  endloop
endfacet
facet normal 0.11107321276666969 -0.12592498175343622 0.9858020289977532
  outer loop
    vertex 34.77533615807316 -16.140290779704294 14.951056516295154
    vertex 34.72252093395631 -16 14.974927912181824
    vertex 34.5 -16 15
  endloop
endfacet
facet normal 0.23507198344079325 -0.0763795174524533 0.9689723070939343
  outer loop
    vertex 34.77533615807316 -16.140290779704294 14.951056516295154
    vertex 34.80521248238989 -16.048340908203386 14.951056516295154
    vertex 34.72252093395631 -16 14.974927912181824
  endloop
endfacet
facet normal 0 0 0
  outer loop
    vertex 34.71850801222441 -16.21850801222441 14.951056516295154
    vertex 34.5 -16 15
    vertex 34.5 -16 15
  endloop
endfacet
facet normal 0.12809639141133625 -0.09306747604435388 0.9873853145606973
  outer loop
    vertex 34.71850801222441 -16.21850801222441 14.951056516295154
    vertex 34.77533615807316 -16.140290779704294 14.951056516295154
    vertex 34.5 -16 15
  endloop
endfacet
facet normal 0.5310085525836462 -0.06199920427381465 0.8450952702224968
  outer loop
    vertex 35.05901699437495 -16.181635632001342 14.809016994374947
    vertex 35.12348980185873 -16 14.78183148246803
    vertex 34.933883739117555 -16 14.900968867902419
  endloop
endfacet
facet normal 0.4121077683049555 -0.169311385475814 0.8952657940807129
  outer loop
    vertex 35.05901699437495 -16.181635632001342 14.809016994374947
    vertex 34.933883739117555 -16 14.900968867902419
    vertex 34.80521248238989 -16.048340908203386 14.951056516295154
  endloop
endfacet
facet normal 0.4271362851213713 -0.13878499201169517 0.8934726184528703
  outer loop
    vertex 35.05901699437495 -16.181635632001342 14.809016994374947
    vertex 34.80521248238989 -16.048340908203386 14.951056516295154
    vertex 34.77533615807316 -16.140290779704294 14.951056516295154
  endloop
endfacet
facet normal 0.12592498175343966 -0.11107321276666789 0.9858020289977529
  outer loop
    vertex 34.640290779704294 -16.27533615807316 14.951056516295154
    vertex 34.5 -16 15
    vertex 34.5 -16.222520933956314 14.974927912181824
  endloop
endfacet
facet normal 0.09306747604435388 -0.12809639141133625 0.9873853145606974
  outer loop
    vertex 34.640290779704294 -16.27533615807316 14.951056516295154
    vertex 34.71850801222441 -16.21850801222441 14.951056516295154
    vertex 34.5 -16 15
  endloop
endfacet
facet normal 0.36334382621499073 -0.2639847420333724 0.8934726184528681
  outer loop
    vertex 34.97552825814758 -16.345491502812525 14.809016994374947
    vertex 34.77533615807316 -16.140290779704294 14.951056516295154
    vertex 34.71850801222441 -16.21850801222441 14.951056516295154
  endloop
endfacet
facet normal 0.4129966341363773 -0.21043229564803445 0.8860880481872677
  outer loop
    vertex 34.97552825814758 -16.345491502812525 14.809016994374947
    vertex 35.05901699437495 -16.181635632001342 14.809016994374947
    vertex 34.77533615807316 -16.140290779704294 14.951056516295154
  endloop
endfacet
facet normal 0.7033677059155246 -0.10270219350268904 0.7033677059155248
  outer loop
    vertex 35.299056652687455 -16.1265581407235 14.587785252292473
    vertex 35.28183148246803 -16 14.623489801858733
    vertex 35.12348980185873 -16 14.78183148246803
  endloop
endfacet
facet normal 0.8462103805226721 -0.03483237372186064 0.5317092228244451
  outer loop
    vertex 35.299056652687455 -16.1265581407235 14.587785252292473
    vertex 35.40096886790242 -16 14.433883739117558
    vertex 35.28183148246803 -16 14.623489801858733
  endloop
endfacet
facet normal 0.6881537266928919 -0.13764104512730413 0.7123899150991317
  outer loop
    vertex 35.299056652687455 -16.1265581407235 14.587785252292473
    vertex 35.12348980185873 -16 14.78183148246803
    vertex 35.05901699437495 -16.181635632001342 14.809016994374947
  endloop
endfacet
facet normal -0.09839045294739004 -0.32867651091846056 0.9393035025694702
  outer loop
    vertex 34.548340908203386 -16.305212482389887 14.951056516295154
    vertex 34.5 -16.222520933956314 14.974927912181824
    vertex 34.5 -16.433883739117558 14.900968867902419
  endloop
endfacet
facet normal 0.07637951745245083 -0.23507198344081356 0.9689723070939297
  outer loop
    vertex 34.548340908203386 -16.305212482389887 14.951056516295154
    vertex 34.640290779704294 -16.27533615807316 14.951056516295154
    vertex 34.5 -16.222520933956314 14.974927912181824
  endloop
endfacet
facet normal 0.3277559845828043 -0.32775598458279537 0.8860880481872662
  outer loop
    vertex 34.84549150281253 -16.475528258147577 14.809016994374947
    vertex 34.97552825814758 -16.345491502812525 14.809016994374947
    vertex 34.71850801222441 -16.21850801222441 14.951056516295154
  endloop
endfacet
facet normal 0.2639847420333708 -0.3633438262149884 0.8934726184528694
  outer loop
    vertex 34.84549150281253 -16.475528258147577 14.809016994374947
    vertex 34.71850801222441 -16.21850801222441 14.951056516295154
    vertex 34.640290779704294 -16.27533615807316 14.951056516295154
  endloop
endfacet
facet normal 0.6198179034590134 -0.3158129958646642 0.718392593360106
  outer loop
    vertex 35.220839420167344 -16.367286029574068 14.587785252292473
    vertex 35.05901699437495 -16.181635632001342 14.809016994374947
    vertex 34.97552825814758 -16.345491502812525 14.809016994374947
  endloop
endfacet
facet normal 0.6878034656762877 -0.223480893135465 0.6906393291777283
  outer loop
    vertex 35.220839420167344 -16.367286029574068 14.587785252292473
    vertex 35.299056652687455 -16.1265581407235 14.587785252292473
    vertex 35.05901699437495 -16.181635632001342 14.809016994374947
  endloop
endfacet
facet normal 0.0619992042738294 -0.5310085525836529 0.8450952702224915
  outer loop
    vertex 34.68163563200134 -16.559016994374947 14.809016994374947
    vertex 34.5 -16.433883739117558 14.900968867902419
    vertex 34.5 -16.62348980185873 14.78183148246803
  endloop
endfacet
facet normal 0.1387849920116813 -0.42713628512137963 0.8934726184528685
  outer loop
    vertex 34.68163563200134 -16.559016994374947 14.809016994374947
    vertex 34.640290779704294 -16.27533615807316 14.951056516295154
    vertex 34.548340908203386 -16.305212482389887 14.951056516295154
  endloop
endfacet
facet normal 0.16931138547584199 -0.41210776830494333 0.8952657940807134
  outer loop
    vertex 34.68163563200134 -16.559016994374947 14.809016994374947
    vertex 34.548340908203386 -16.305212482389887 14.951056516295154
    vertex 34.5 -16.433883739117558 14.900968867902419
  endloop
endfacet
facet normal 0.21043229564802107 -0.41299663413638654 0.8860880481872666
  outer loop
    vertex 34.68163563200134 -16.559016994374947 14.809016994374947
    vertex 34.84549150281253 -16.475528258147577 14.809016994374947
    vertex 34.640290779704294 -16.27533615807316 14.951056516295154
  endloop
endfacet
facet normal 0.4918902732344683 -0.4918902732344548 0.7183925933601024
  outer loop
    vertex 35.07206140281768 -16.572061402817685 14.587785252292473
    vertex 34.97552825814758 -16.345491502812525 14.809016994374947
    vertex 34.84549150281253 -16.475528258147577 14.809016994374947
  endloop
endfacet
facet normal 0.585080574064854 -0.4250859193679189 0.6906393291777352
  outer loop
    vertex 35.07206140281768 -16.572061402817685 14.587785252292473
    vertex 35.220839420167344 -16.367286029574068 14.587785252292473
    vertex 34.97552825814758 -16.345491502812525 14.809016994374947
  endloop
endfacet
facet normal 0.9361313881461132 -0.12789912412072407 0.32756654007511654
  outer loop
    vertex 35.40450849718747 -16.293892626146235 14.309016994374947
    vertex 35.474927912181826 -16 14.222520933956314
    vertex 35.40096886790242 -16 14.433883739117558
  endloop
endfacet
facet normal 0.9349189916767578 -0.3271423042021452 0.13749324275550925
  outer loop
    vertex 35.40450849718747 -16.293892626146235 14.309016994374947
    vertex 35.40096886790242 -16.433883739117558 14
    vertex 35.474927912181826 -16.222520933956314 14
  endloop
endfacet
facet normal 0.8811655334971811 -0.17585784442531324 0.4388864558524337
  outer loop
    vertex 35.40450849718747 -16.293892626146235 14.309016994374947
    vertex 35.40096886790242 -16 14.433883739117558
    vertex 35.299056652687455 -16.1265581407235 14.587785252292473
  endloop
endfacet
facet normal 0.8349982423901997 -0.27130737527241666 0.4787172895645922
  outer loop
    vertex 35.40450849718747 -16.293892626146235 14.309016994374947
    vertex 35.299056652687455 -16.1265581407235 14.587785252292473
    vertex 35.220839420167344 -16.367286029574068 14.587785252292473
  endloop
endfacet
facet normal 0.9673956039246628 -0.17908900790841 0.17908900790841
  outer loop
    vertex 35.40450849718747 -16.293892626146235 14.309016994374947
    vertex 35.474927912181826 -16.222520933956314 14
    vertex 35.474927912181826 -16 14.222520933956314
  endloop
endfacet
facet normal 0.31581299586464384 -0.6198179034590268 0.7183925933601035
  outer loop
    vertex 34.86728602957407 -16.72083942016734 14.587785252292473
    vertex 34.84549150281253 -16.475528258147577 14.809016994374947
    vertex 34.68163563200134 -16.559016994374947 14.809016994374947
  endloop
endfacet
facet normal 0.42508591936791346 -0.5850805740648642 0.6906393291777299
  outer loop
    vertex 34.86728602957407 -16.72083942016734 14.587785252292473
    vertex 35.07206140281768 -16.572061402817685 14.587785252292473
    vertex 34.84549150281253 -16.475528258147577 14.809016994374947
  endloop
endfacet
facet normal 0.8379599974533102 -0.5265251635517273 0.1435071246136423
  outer loop
    vertex 35.269420884293815 -16.559016994374947 14.309016994374947
    vertex 35.28183148246803 -16.623489801858735 14
    vertex 35.40096886790242 -16.433883739117558 14
  endloop
endfacet
facet normal 0.8744587285064541 -0.44555897670656275 0.19183099440673335
  outer loop
    vertex 35.269420884293815 -16.559016994374947 14.309016994374947
    vertex 35.40096886790242 -16.433883739117558 14
    vertex 35.40450849718747 -16.293892626146235 14.309016994374947
  endloop
endfacet
facet normal 0.7102919298617407 -0.5160572943435704 0.4787172895646006
  outer loop
    vertex 35.269420884293815 -16.559016994374947 14.309016994374947
    vertex 35.220839420167344 -16.367286029574068 14.587785252292473
    vertex 35.07206140281768 -16.572061402817685 14.587785252292473
  endloop
endfacet
facet normal 0.8071501675857053 -0.41126355194859626 0.42352201572644604
  outer loop
    vertex 35.269420884293815 -16.559016994374947 14.309016994374947
    vertex 35.40450849718747 -16.293892626146235 14.309016994374947
    vertex 35.220839420167344 -16.367286029574068 14.587785252292473
  endloop
endfacet
facet normal 0.10270219350266666 -0.7033677059155263 0.7033677059155263
  outer loop
    vertex 34.6265581407235 -16.799056652687458 14.587785252292473
    vertex 34.5 -16.62348980185873 14.78183148246803
    vertex 34.5 -16.78183148246803 14.623489801858733
  endloop
endfacet
facet normal 0.034832373721835945 -0.8462103805226727 0.5317092228244454
  outer loop
    vertex 34.6265581407235 -16.799056652687458 14.587785252292473
    vertex 34.5 -16.78183148246803 14.623489801858733
    vertex 34.5 -16.90096886790242 14.433883739117558
  endloop
endfacet
facet normal 0.1376410451273143 -0.6881537266928791 0.712389915099142
  outer loop
    vertex 34.6265581407235 -16.799056652687458 14.587785252292473
    vertex 34.68163563200134 -16.559016994374947 14.809016994374947
    vertex 34.5 -16.62348980185873 14.78183148246803
  endloop
endfacet
facet normal 0.2234808931354838 -0.687803465676273 0.6906393291777368
  outer loop
    vertex 34.6265581407235 -16.799056652687458 14.587785252292473
    vertex 34.86728602957407 -16.72083942016734 14.587785252292473
    vertex 34.68163563200134 -16.559016994374947 14.809016994374947
  endloop
endfacet
facet normal 0.6964116904196345 -0.69641169041965 0.17326717777384404
  outer loop
    vertex 35.05901699437495 -16.769420884293815 14.309016994374947
    vertex 35.12348980185873 -16.78183148246803 14
    vertex 35.28183148246803 -16.623489801858735 14
  endloop
endfacet
facet normal 0.5265251635517281 -0.8379599974533115 0.1435071246136304
  outer loop
    vertex 35.05901699437495 -16.769420884293815 14.309016994374947
    vertex 34.933883739117555 -16.90096886790242 14
    vertex 35.12348980185873 -16.78183148246803 14
  endloop
endfacet
facet normal 0.6964116904196461 -0.6964116904196344 0.1732671777738599
  outer loop
    vertex 35.05901699437495 -16.769420884293815 14.309016994374947
    vertex 35.28183148246803 -16.623489801858735 14
    vertex 35.269420884293815 -16.559016994374947 14.309016994374947
  endloop
endfacet
facet normal 0.5160572943435576 -0.7102919298617448 0.47871728956460813
  outer loop
    vertex 35.05901699437495 -16.769420884293815 14.309016994374947
    vertex 35.07206140281768 -16.572061402817685 14.587785252292473
    vertex 34.86728602957407 -16.72083942016734 14.587785252292473
  endloop
endfacet
facet normal 0.6405579997919814 -0.6405579997919706 0.42352201572646225
  outer loop
    vertex 35.05901699437495 -16.769420884293815 14.309016994374947
    vertex 35.269420884293815 -16.559016994374947 14.309016994374947
    vertex 35.07206140281768 -16.572061402817685 14.587785252292473
  endloop
endfacet
facet normal 0.1278991241207055 -0.9361313881461202 0.3275665400751033
  outer loop
    vertex 34.79389262614624 -16.904508497187475 14.309016994374947
    vertex 34.5 -16.90096886790242 14.433883739117558
    vertex 34.5 -16.974927912181823 14.222520933956314
  endloop
endfacet
facet normal 0.3271423042021323 -0.9349189916767658 0.13749324275548502
  outer loop
    vertex 34.79389262614624 -16.904508497187475 14.309016994374947
    vertex 34.72252093395631 -16.974927912181823 14
    vertex 34.933883739117555 -16.90096886790242 14
  endloop
endfacet
facet normal 0.1790890079083922 -0.9673956039246698 0.17908900790838933
  outer loop
    vertex 34.79389262614624 -16.904508497187475 14.309016994374947
    vertex 34.5 -16.974927912181823 14.222520933956314
    vertex 34.72252093395631 -16.974927912181823 14
  endloop
endfacet
facet normal 0.4455589767065734 -0.8744587285064521 0.19183099440671794
  outer loop
    vertex 34.79389262614624 -16.904508497187475 14.309016994374947
    vertex 34.933883739117555 -16.90096886790242 14
    vertex 35.05901699437495 -16.769420884293815 14.309016994374947
  endloop
endfacet
facet normal 0.17585784442529742 -0.881165533497188 0.4388864558524267
  outer loop
    vertex 34.79389262614624 -16.904508497187475 14.309016994374947
    vertex 34.6265581407235 -16.799056652687458 14.587785252292473
    vertex 34.5 -16.90096886790242 14.433883739117558
  endloop
endfacet
facet normal 0.27130737527244086 -0.8349982423901862 0.4787172895646016
  outer loop
    vertex 34.79389262614624 -16.904508497187475 14.309016994374947
    vertex 34.86728602957407 -16.72083942016734 14.587785252292473
    vertex 34.6265581407235 -16.799056652687458 14.587785252292473
  endloop
endfacet
facet normal 0.4112635519486012 -0.8071501675856939 0.4235220157264631
  outer loop
    vertex 34.79389262614624 -16.904508497187475 14.309016994374947
    vertex 35.05901699437495 -16.769420884293815 14.309016994374947
    vertex 34.86728602957407 -16.72083942016734 14.587785252292473
  endloop
endfacet
facet normal -0.9875415564011115 0.1112692104332332 0.1112692104332332
  outer loop
    vertex -35.474927912181826 6.222520933956314 14
    vertex -35.5 6 14
    vertex -35.474927912181826 6 14.222520933956314
  endloop
endfacet
facet normal -0.111269210433243 0.9875415564011092 0.11126921043324477
  outer loop
    vertex -34.5 7 14
    vertex -34.72252093395632 6.9749279121818235 14
    vertex -34.5 6.9749279121818235 14.222520933956314
  endloop
endfacet
facet normal -0.32867651091845895 -0.09839045294743963 0.9393035025694654
  outer loop
    vertex -34.80521248238989 6.048340908203385 14.951056516295154
    vertex -34.933883739117555 6 14.900968867902419
    vertex -34.72252093395631 6 14.974927912181824
  endloop
endfacet
facet normal -0.1110732127666687 0.12592498175343583 0.9858020289977534
  outer loop
    vertex -34.77533615807316 6.140290779704295 14.951056516295154
    vertex -34.72252093395631 6 14.974927912181824
    vertex -34.5 5.999999999999998 15
  endloop
endfacet
facet normal -0.2350719834407946 0.07637951745245229 0.968972307093934
  outer loop
    vertex -34.77533615807316 6.140290779704295 14.951056516295154
    vertex -34.80521248238989 6.048340908203385 14.951056516295154
    vertex -34.72252093395631 6 14.974927912181824
  endloop
endfacet
facet normal 0 0 0
  outer loop
    vertex -34.71850801222441 6.218508012224411 14.951056516295154
    vertex -34.5 5.999999999999998 15
    vertex -34.5 5.999999999999998 15
  endloop
endfacet
facet normal -0.12809639141133483 0.09306747604435496 0.9873853145606977
  outer loop
    vertex -34.71850801222441 6.218508012224411 14.951056516295154
    vertex -34.77533615807316 6.140290779704295 14.951056516295154
    vertex -34.5 5.999999999999998 15
  endloop
endfacet
facet normal -0.5310085525836461 0.06199920427381525 0.8450952702224968
  outer loop
    vertex -35.05901699437495 6.18163563200134 14.809016994374947
    vertex -35.12348980185873 6 14.78183148246803
    vertex -34.933883739117555 6 14.900968867902419
  endloop
endfacet
facet normal -0.412107768304955 0.16931138547581595 0.8952657940807128
  outer loop
    vertex -35.05901699437495 6.18163563200134 14.809016994374947
    vertex -34.933883739117555 6 14.900968867902419
    vertex -34.80521248238989 6.048340908203385 14.951056516295154
  endloop
endfacet
facet normal -0.42713628512137275 0.13878499201169295 0.8934726184528698
  outer loop
    vertex -35.05901699437495 6.18163563200134 14.809016994374947
    vertex -34.80521248238989 6.048340908203385 14.951056516295154
    vertex -34.77533615807316 6.140290779704295 14.951056516295154
  endloop
endfacet
facet normal -0.12592498175344066 0.11107321276666698 0.9858020289977528
  outer loop
    vertex -34.640290779704294 6.275336158073158 14.951056516295154
    vertex -34.5 5.999999999999998 15
    vertex -34.5 6.222520933956314 14.974927912181824
  endloop
endfacet
facet normal -0.09306747604435366 0.12809639141133597 0.9873853145606974
  outer loop
    vertex -34.640290779704294 6.275336158073158 14.951056516295154
    vertex -34.71850801222441 6.218508012224411 14.951056516295154
    vertex -34.5 5.999999999999998 15
  endloop
endfacet
facet normal -0.36334382621498734 0.26398474203337596 0.8934726184528684
  outer loop
    vertex -34.97552825814758 6.345491502812526 14.809016994374947
    vertex -34.77533615807316 6.140290779704295 14.951056516295154
    vertex -34.71850801222441 6.218508012224411 14.951056516295154
  endloop
endfacet
facet normal -0.4129966341363794 0.2104322956480321 0.8860880481872674
  outer loop
    vertex -34.97552825814758 6.345491502812526 14.809016994374947
    vertex -35.05901699437495 6.18163563200134 14.809016994374947
    vertex -34.77533615807316 6.140290779704295 14.951056516295154
  endloop
endfacet
facet normal -0.7033677059155248 0.10270219350268833 0.7033677059155248
  outer loop
    vertex -35.299056652687455 6.126558140723501 14.587785252292473
    vertex -35.28183148246803 6 14.623489801858733
    vertex -35.12348980185873 6 14.78183148246803
  endloop
endfacet
facet normal -0.8462103805226721 0.0348323737218604 0.531709222824445
  outer loop
    vertex -35.299056652687455 6.126558140723501 14.587785252292473
    vertex -35.40096886790242 6 14.433883739117558
    vertex -35.28183148246803 6 14.623489801858733
  endloop
endfacet
facet normal -0.688153726692891 0.13764104512730507 0.7123899150991323
  outer loop
    vertex -35.299056652687455 6.126558140723501 14.587785252292473
    vertex -35.12348980185873 6 14.78183148246803
    vertex -35.05901699437495 6.18163563200134 14.809016994374947
  endloop
endfacet
facet normal 0.09839045294740204 0.3286765109184602 0.9393035025694689
  outer loop
    vertex -34.548340908203386 6.305212482389889 14.951056516295154
    vertex -34.5 6.222520933956314 14.974927912181824
    vertex -34.5 6.433883739117558 14.900968867902419
  endloop
endfacet
facet normal -0.07637951745245529 0.2350719834408063 0.9689723070939309
  outer loop
    vertex -34.548340908203386 6.305212482389889 14.951056516295154
    vertex -34.640290779704294 6.275336158073158 14.951056516295154
    vertex -34.5 6.222520933956314 14.974927912181824
  endloop
endfacet
facet normal -0.32775598458280225 0.32775598458279553 0.8860880481872668
  outer loop
    vertex -34.84549150281253 6.475528258147577 14.809016994374947
    vertex -34.97552825814758 6.345491502812526 14.809016994374947
    vertex -34.71850801222441 6.218508012224411 14.951056516295154
  endloop
endfacet
facet normal -0.2639847420333706 0.36334382621498773 0.89347261845287
  outer loop
    vertex -34.84549150281253 6.475528258147577 14.809016994374947
    vertex -34.71850801222441 6.218508012224411 14.951056516295154
    vertex -34.640290779704294 6.275336158073158 14.951056516295154
  endloop
endfacet
facet normal -0.6198179034590147 0.31581299586465966 0.7183925933601069
  outer loop
    vertex -35.220839420167344 6.3672860295740685 14.587785252292473
    vertex -35.05901699437495 6.18163563200134 14.809016994374947
    vertex -34.97552825814758 6.345491502812526 14.809016994374947
  endloop
endfacet
facet normal -0.6878034656762865 0.2234808931354646 0.6906393291777297
  outer loop
    vertex -35.220839420167344 6.3672860295740685 14.587785252292473
    vertex -35.299056652687455 6.126558140723501 14.587785252292473
    vertex -35.05901699437495 6.18163563200134 14.809016994374947
  endloop
endfacet
facet normal -0.06199920427383037 0.5310085525836491 0.8450952702224936
  outer loop
    vertex -34.68163563200134 6.5590169943749475 14.809016994374947
    vertex -34.5 6.433883739117558 14.900968867902419
    vertex -34.5 6.623489801858733 14.78183148246803
  endloop
endfacet
facet normal -0.13878499201169262 0.42713628512137536 0.8934726184528685
  outer loop
    vertex -34.68163563200134 6.5590169943749475 14.809016994374947
    vertex -34.640290779704294 6.275336158073158 14.951056516295154
    vertex -34.548340908203386 6.305212482389889 14.951056516295154
  endloop
endfacet
facet normal -0.16931138547583707 0.4121077683049468 0.8952657940807124
  outer loop
    vertex -34.68163563200134 6.5590169943749475 14.809016994374947
    vertex -34.548340908203386 6.305212482389889 14.951056516295154
    vertex -34.5 6.433883739117558 14.900968867902419
  endloop
endfacet
facet normal -0.21043229564802207 0.41299663413638416 0.8860880481872673
  outer loop
    vertex -34.68163563200134 6.5590169943749475 14.809016994374947
    vertex -34.84549150281253 6.475528258147577 14.809016994374947
    vertex -34.640290779704294 6.275336158073158 14.951056516295154
  endloop
endfacet
facet normal -0.4918902732344621 0.49189027323445206 0.7183925933601087
  outer loop
    vertex -35.07206140281769 6.572061402817684 14.587785252292473
    vertex -34.97552825814758 6.345491502812526 14.809016994374947
    vertex -34.84549150281253 6.475528258147577 14.809016994374947
  endloop
endfacet
facet normal -0.5850805740648587 0.42508591936790574 0.6906393291777392
  outer loop
    vertex -35.07206140281769 6.572061402817684 14.587785252292473
    vertex -35.220839420167344 6.3672860295740685 14.587785252292473
    vertex -34.97552825814758 6.345491502812526 14.809016994374947
  endloop
endfacet
facet normal -0.9361313881461132 0.1278991241207233 0.32756654007511654
  outer loop
    vertex -35.40450849718747 6.293892626146237 14.309016994374947
    vertex -35.474927912181826 6 14.222520933956314
    vertex -35.40096886790242 6 14.433883739117558
  endloop
endfacet
facet normal -0.9349189916767581 0.32714230420214524 0.1374932427555074
  outer loop
    vertex -35.40450849718747 6.293892626146237 14.309016994374947
    vertex -35.40096886790242 6.433883739117558 14
    vertex -35.474927912181826 6.222520933956314 14
  endloop
endfacet
facet normal -0.8811655334971814 0.1758578444253122 0.43888645585243374
  outer loop
    vertex -35.40450849718747 6.293892626146237 14.309016994374947
    vertex -35.40096886790242 6 14.433883739117558
    vertex -35.299056652687455 6.126558140723501 14.587785252292473
  endloop
endfacet
facet normal -0.8349982423901993 0.27130737527241655 0.47871728956459286
  outer loop
    vertex -35.40450849718747 6.293892626146237 14.309016994374947
    vertex -35.299056652687455 6.126558140723501 14.587785252292473
    vertex -35.220839420167344 6.3672860295740685 14.587785252292473
  endloop
endfacet
facet normal -0.9673956039246631 0.17908900790840923 0.17908900790840923
  outer loop
    vertex -35.40450849718747 6.293892626146237 14.309016994374947
    vertex -35.474927912181826 6.222520933956314 14
    vertex -35.474927912181826 6 14.222520933956314
  endloop
endfacet
facet normal -0.3158129958646462 0.6198179034590248 0.7183925933601042
  outer loop
    vertex -34.86728602957407 6.720839420167342 14.587785252292473
    vertex -34.84549150281253 6.475528258147577 14.809016994374947
    vertex -34.68163563200134 6.5590169943749475 14.809016994374947
  endloop
endfacet
facet normal -0.4250859193679052 0.5850805740648661 0.6906393291777334
  outer loop
    vertex -34.86728602957407 6.720839420167342 14.587785252292473
    vertex -35.07206140281769 6.572061402817684 14.587785252292473
    vertex -34.84549150281253 6.475528258147577 14.809016994374947
  endloop
endfacet
facet normal -0.8379599974533082 0.526525163551731 0.14350712461363996
  outer loop
    vertex -35.269420884293815 6.559016994374947 14.309016994374947
    vertex -35.28183148246803 6.623489801858733 14
    vertex -35.40096886790242 6.433883739117558 14
  endloop
endfacet
facet normal -0.8744587285064531 0.4455589767065653 0.19183099440673193
  outer loop
    vertex -35.269420884293815 6.559016994374947 14.309016994374947
    vertex -35.40096886790242 6.433883739117558 14
    vertex -35.40450849718747 6.293892626146237 14.309016994374947
  endloop
endfacet
facet normal -0.7102919298617535 0.5160572943435594 0.4787172895645936
  outer loop
    vertex -35.269420884293815 6.559016994374947 14.309016994374947
    vertex -35.220839420167344 6.3672860295740685 14.587785252292473
    vertex -35.07206140281769 6.572061402817684 14.587785252292473
  endloop
endfacet
facet normal -0.8071501675857043 0.4112635519485985 0.4235220157264461
  outer loop
    vertex -35.269420884293815 6.559016994374947 14.309016994374947
    vertex -35.40450849718747 6.293892626146237 14.309016994374947
    vertex -35.220839420167344 6.3672860295740685 14.587785252292473
  endloop
endfacet
facet normal -0.10270219350267558 0.7033677059155277 0.7033677059155237
  outer loop
    vertex -34.6265581407235 6.799056652687457 14.587785252292473
    vertex -34.5 6.623489801858733 14.78183148246803
    vertex -34.5 6.7818314824680295 14.623489801858733
  endloop
endfacet
facet normal -0.03483237372184466 0.8462103805226778 0.5317092228244369
  outer loop
    vertex -34.6265581407235 6.799056652687457 14.587785252292473
    vertex -34.5 6.7818314824680295 14.623489801858733
    vertex -34.5 6.900968867902419 14.433883739117558
  endloop
endfacet
facet normal -0.1376410451273192 0.688153726692882 0.7123899150991384
  outer loop
    vertex -34.6265581407235 6.799056652687457 14.587785252292473
    vertex -34.68163563200134 6.5590169943749475 14.809016994374947
    vertex -34.5 6.623489801858733 14.78183148246803
  endloop
endfacet
facet normal -0.22348089313547967 0.6878034656762758 0.6906393291777354
  outer loop
    vertex -34.6265581407235 6.799056652687457 14.587785252292473
    vertex -34.86728602957407 6.720839420167342 14.587785252292473
    vertex -34.68163563200134 6.5590169943749475 14.809016994374947
  endloop
endfacet
facet normal -0.6964116904196391 0.696411690419643 0.17326717777385273
  outer loop
    vertex -35.05901699437495 6.769420884293813 14.309016994374947
    vertex -35.12348980185873 6.7818314824680295 14
    vertex -35.28183148246803 6.623489801858733 14
  endloop
endfacet
facet normal -0.5265251635517331 0.8379599974533065 0.14350712461364085
  outer loop
    vertex -35.05901699437495 6.769420884293813 14.309016994374947
    vertex -34.93388373911756 6.900968867902419 14
    vertex -35.12348980185873 6.7818314824680295 14
  endloop
endfacet
facet normal -0.6964116904196421 0.6964116904196391 0.1732671777738567
  outer loop
    vertex -35.05901699437495 6.769420884293813 14.309016994374947
    vertex -35.28183148246803 6.623489801858733 14
    vertex -35.269420884293815 6.559016994374947 14.309016994374947
  endloop
endfacet
facet normal -0.5160572943435533 0.7102919298617549 0.4787172895645978
  outer loop
    vertex -35.05901699437495 6.769420884293813 14.309016994374947
    vertex -35.07206140281769 6.572061402817684 14.587785252292473
    vertex -34.86728602957407 6.720839420167342 14.587785252292473
  endloop
endfacet
facet normal -0.640557999791982 0.6405579997919794 0.423522015726448
  outer loop
    vertex -35.05901699437495 6.769420884293813 14.309016994374947
    vertex -35.269420884293815 6.559016994374947 14.309016994374947
    vertex -35.07206140281769 6.572061402817684 14.587785252292473
  endloop
endfacet
facet normal -0.12789912412070994 0.9361313881461161 0.32756654007511365
  outer loop
    vertex -34.79389262614624 6.904508497187473 14.309016994374947
    vertex -34.5 6.900968867902419 14.433883739117558
    vertex -34.5 6.9749279121818235 14.222520933956314
  endloop
endfacet
facet normal -0.32714230420214235 0.9349189916767608 0.13749324275549715
  outer loop
    vertex -34.79389262614624 6.904508497187473 14.309016994374947
    vertex -34.72252093395632 6.9749279121818235 14
    vertex -34.93388373911756 6.900968867902419 14
  endloop
endfacet
facet normal -0.1790890079083972 0.9673956039246671 0.17908900790840007
  outer loop
    vertex -34.79389262614624 6.904508497187473 14.309016994374947
    vertex -34.5 6.9749279121818235 14.222520933956314
    vertex -34.72252093395632 6.9749279121818235 14
  endloop
endfacet
facet normal -0.44555897670657485 0.874458728506449 0.19183099440672882
  outer loop
    vertex -34.79389262614624 6.904508497187473 14.309016994374947
    vertex -34.93388373911756 6.900968867902419 14
    vertex -35.05901699437495 6.769420884293813 14.309016994374947
  endloop
endfacet
facet normal -0.1758578444252962 0.8811655334971898 0.43888645585242386
  outer loop
    vertex -34.79389262614624 6.904508497187473 14.309016994374947
    vertex -34.6265581407235 6.799056652687457 14.587785252292473
    vertex -34.5 6.900968867902419 14.433883739117558
  endloop
endfacet
facet normal -0.27130737527243604 0.8349982423901903 0.4787172895645975
  outer loop
    vertex -34.79389262614624 6.904508497187473 14.309016994374947
    vertex -34.86728602957407 6.720839420167342 14.587785252292473
    vertex -34.6265581407235 6.799056652687457 14.587785252292473
  endloop
endfacet
facet normal -0.411263551948605 0.8071501675856958 0.42352201572645565
  outer loop
    vertex -34.79389262614624 6.904508497187473 14.309016994374947
    vertex -35.05901699437495 6.769420884293813 14.309016994374947
    vertex -34.86728602957407 6.720839420167342 14.587785252292473
  endloop
endfacet
facet normal -0.09740669504853544 -0.9889867717217257 0.11143204709221126
  outer loop
    vertex 32.219123240356964 -16.980785280403232 14
    vertex 32.41421356237309 -17 14
    vertex 32.41421356237309 -16.974927912181823 14.222520933956314
  endloop
endfacet
facet normal -0.6304423181864321 -0.768196187390017 0.11143204709220404
  outer loop
    vertex 31.707106781186546 -16.707106781186546 14.000000000000002
    vertex 31.85864332935349 -16.831469612302545 14
    vertex 31.724835424501283 -16.68937813787181 14.222520933956314
  endloop
endfacet
facet normal 0.12696452133381642 -0.32760619902666555 0.9362447269180082
  outer loop
    vertex 32.373878750766046 -16.30637331115022 14.951056516295154
    vertex 32.41421356237309 -16.433883739117558 14.900968867902419
    vertex 32.41421356237309 -16.222520933956314 14.974927912181824
  endloop
endfacet
facet normal -0.1395897725295334 -0.11086827893994064 0.9839831909794234
  outer loop
    vertex 32.295957878306545 -16.28549447630117 14.951056516295154
    vertex 32.41421356237309 -16.222520933956314 14.974927912181824
    vertex 32.41421356237309 -16 15
  endloop
endfacet
facet normal 0 0 0
  outer loop
    vertex 32.295957878306545 -16.28549447630117 14.951056516295154
    vertex 32.41421356237309 -16 15
    vertex 32.41421356237309 -16 15
  endloop
endfacet
facet normal 0.020309162883006316 -0.17710058659683298 0.9839831909794238
  outer loop
    vertex 32.295957878306545 -16.28549447630117 14.951056516295154
    vertex 32.41421356237309 -16 15
    vertex 32.25686750101662 -16.157346061356474 14.974927912181824
  endloop
endfacet
facet normal -0.10509379523971558 -0.3922153833948907 0.9138503089841966
  outer loop
    vertex 32.295957878306545 -16.28549447630117 14.951056516295154
    vertex 32.41421356237309 -16.433883739117558 14.900968867902419
    vertex 32.373878750766046 -16.30637331115022 14.951056516295154
  endloop
endfacet
facet normal -0.06538004128856995 -0.24400163588991386 0.9675684223268919
  outer loop
    vertex 32.295957878306545 -16.28549447630117 14.951056516295154
    vertex 32.373878750766046 -16.30637331115022 14.951056516295154
    vertex 32.41421356237309 -16.222520933956314 14.974927912181824
  endloop
endfacet
facet normal -0.3214300388957439 -0.14187509088526143 0.93624472691801
  outer loop
    vertex 32.22609593528942 -16.24515966469412 14.951056516295154
    vertex 32.25686750101662 -16.157346061356474 14.974927912181824
    vertex 32.10741142819649 -16.3068021341766 14.900968867902419
  endloop
endfacet
facet normal -0.12630454080896833 -0.2187658819077728 0.9675684223268917
  outer loop
    vertex 32.22609593528942 -16.24515966469412 14.951056516295154
    vertex 32.295957878306545 -16.28549447630117 14.951056516295154
    vertex 32.25686750101662 -16.157346061356474 14.974927912181824
  endloop
endfacet
facet normal -0.20302562200957697 -0.3516506925588341 0.9138503089841994
  outer loop
    vertex 32.22609593528942 -16.24515966469412 14.951056516295154
    vertex 32.10741142819649 -16.3068021341766 14.900968867902419
    vertex 32.295957878306545 -16.28549447630117 14.951056516295154
  endloop
endfacet
facet normal -0.043559682565596225 -0.5315270858002974 0.8459205111093049
  outer loop
    vertex 32.26208354464941 -16.567756955501135 14.809016994374947
    vertex 32.41421356237309 -16.62348980185873 14.78183148246803
    vertex 32.41421356237309 -16.433883739117558 14.900968867902419
  endloop
endfacet
facet normal -0.13153633235660753 -0.7009629780773632 0.7009629780773633
  outer loop
    vertex 32.26208354464941 -16.567756955501135 14.809016994374947
    vertex 32.41421356237309 -16.78183148246803 14.623489801858733
    vertex 32.41421356237309 -16.62348980185873 14.78183148246803
  endloop
endfacet
facet normal -0.1606774884922152 -0.42821698328941826 0.8892766498195848
  outer loop
    vertex 32.26208354464941 -16.567756955501135 14.809016994374947
    vertex 32.41421356237309 -16.433883739117558 14.900968867902419
    vertex 32.295957878306545 -16.28549447630117 14.951056516295154
  endloop
endfacet
facet normal -0.34504505982524064 -0.40664775368217787 0.8459205111093093
  outer loop
    vertex 32.120320936226854 -16.509036960455127 14.809016994374947
    vertex 32.10741142819649 -16.3068021341766 14.900968867902419
    vertex 31.973339695478124 -16.440873866894968 14.78183148246803
  endloop
endfacet
facet normal -0.40264544257744983 -0.5886659077409983 0.7009629780773562
  outer loop
    vertex 32.120320936226854 -16.509036960455127 14.809016994374947
    vertex 31.973339695478124 -16.440873866894968 14.78183148246803
    vertex 31.861375219374818 -16.552838342998275 14.623489801858733
  endloop
endfacet
facet normal -0.18917899100632615 -0.4164112744000623 0.8892766498195848
  outer loop
    vertex 32.120320936226854 -16.509036960455127 14.809016994374947
    vertex 32.295957878306545 -16.28549447630117 14.951056516295154
    vertex 32.10741142819649 -16.3068021341766 14.900968867902419
  endloop
endfacet
facet normal -0.17625396222527492 -0.4255147060262514 0.8876214146556427
  outer loop
    vertex 32.120320936226854 -16.509036960455127 14.809016994374947
    vertex 32.26208354464941 -16.567756955501135 14.809016994374947
    vertex 32.295957878306545 -16.28549447630117 14.951056516295154
  endloop
endfacet
facet normal -0.0174004264805993 -0.8465960061314373 0.5319515274539524
  outer loop
    vertex 32.308615654656016 -16.802095741837128 14.587785252292473
    vertex 32.41421356237309 -16.90096886790242 14.433883739117558
    vertex 32.41421356237309 -16.78183148246803 14.623489801858733
  endloop
endfacet
facet normal -0.10767174062204576 -0.6937092075231276 0.7121617313988821
  outer loop
    vertex 32.308615654656016 -16.802095741837128 14.587785252292473
    vertex 32.41421356237309 -16.78183148246803 14.623489801858733
    vertex 32.26208354464941 -16.567756955501135 14.809016994374947
  endloop
endfacet
facet normal -0.1858975074967904 -0.6937789429784299 0.6957822180727339
  outer loop
    vertex 32.104616162123996 -16.747434242556814 14.587785252292473
    vertex 32.308615654656016 -16.802095741837128 14.587785252292473
    vertex 32.26208354464941 -16.567756955501135 14.809016994374947
  endloop
endfacet
facet normal -0.2675403782441446 -0.6458996096394379 0.7150075805728228
  outer loop
    vertex 32.104616162123996 -16.747434242556814 14.587785252292473
    vertex 32.26208354464941 -16.567756955501135 14.809016994374947
    vertex 32.120320936226854 -16.509036960455127 14.809016994374947
  endloop
endfacet
facet normal -0.2366413729035229 -0.8831576268487901 0.4050104526665321
  outer loop
    vertex 32.104616162123996 -16.747434242556814 14.587785252292473
    vertex 32.41421356237309 -16.90096886790242 14.433883739117558
    vertex 32.308615654656016 -16.802095741837128 14.587785252292473
  endloop
endfacet
facet normal -0.5863298173010126 -0.6109377364209684 0.5319515274539444
  outer loop
    vertex 31.92171522078506 -16.64183633483974 14.587785252292473
    vertex 31.861375219374818 -16.552838342998275 14.623489801858733
    vertex 31.777132366241325 -16.637081196131767 14.433883739117558
  endloop
endfacet
facet normal -0.45715602731203003 -0.791817466290766 0.40501045266653857
  outer loop
    vertex 31.92171522078506 -16.64183633483974 14.587785252292473
    vertex 31.777132366241325 -16.637081196131767 14.433883739117558
    vertex 32.104616162123996 -16.747434242556814 14.587785252292473
  endloop
endfacet
facet normal -0.414391066875137 -0.5666619027471678 0.7121617313988762
  outer loop
    vertex 31.92171522078506 -16.64183633483974 14.587785252292473
    vertex 32.120320936226854 -16.509036960455127 14.809016994374947
    vertex 31.861375219374818 -16.552838342998275 14.623489801858733
  endloop
endfacet
facet normal -0.3591264070678331 -0.6220251833811375 0.6957822180727322
  outer loop
    vertex 31.92171522078506 -16.64183633483974 14.587785252292473
    vertex 32.104616162123996 -16.747434242556814 14.587785252292473
    vertex 32.120320936226854 -16.509036960455127 14.809016994374947
  endloop
endfacet
facet normal -0.09925053279886507 -0.9392228839943949 0.3286483012589488
  outer loop
    vertex 32.16806202298705 -16.91865005135 14.309016994374947
    vertex 32.41421356237309 -16.974927912181823 14.222520933956314
    vertex 32.41421356237309 -16.90096886790242 14.433883739117558
  endloop
endfacet
facet normal -0.28730276222305867 -0.9471102792570475 0.1429658761545503
  outer loop
    vertex 32.16806202298705 -16.91865005135 14.309016994374947
    vertex 32.031530130008 -16.923879532511286 14
    vertex 32.219123240356964 -16.980785280403232 14
  endloop
endfacet
facet normal -0.18390476189974356 -0.855694281069328 0.48370066766115194
  outer loop
    vertex 32.16806202298705 -16.91865005135 14.309016994374947
    vertex 32.41421356237309 -16.90096886790242 14.433883739117558
    vertex 32.104616162123996 -16.747434242556814 14.587785252292473
  endloop
endfacet
facet normal -0.1630370508503331 -0.9721199628139722 0.16852803312383188
  outer loop
    vertex 32.16806202298705 -16.91865005135 14.309016994374947
    vertex 32.219123240356964 -16.980785280403232 14
    vertex 32.41421356237309 -16.974927912181823 14.222520933956314
  endloop
endfacet
facet normal -0.5939501455395647 -0.734311595096477 0.32864830125895644
  outer loop
    vertex 31.938685304225515 -16.82363910354633 14.309016994374947
    vertex 31.777132366241325 -16.637081196131767 14.433883739117558
    vertex 31.724835424501283 -16.68937813787181 14.222520933956314
  endloop
endfacet
facet normal -0.4665543695726038 -0.8728618324156876 0.1429658761545499
  outer loop
    vertex 31.938685304225515 -16.82363910354633 14.309016994374947
    vertex 31.85864332935349 -16.831469612302545 14
    vertex 32.031530130008 -16.923879532511286 14
  endloop
endfacet
facet normal -0.4750269245348688 -0.7351075329984745 0.48370066766114844
  outer loop
    vertex 31.938685304225515 -16.82363910354633 14.309016994374947
    vertex 32.104616162123996 -16.747434242556814 14.587785252292473
    vertex 31.777132366241325 -16.637081196131767 14.433883739117558
  endloop
endfacet
facet normal -0.37631741079079983 -0.9085105968882631 0.181641684856314
  outer loop
    vertex 31.938685304225515 -16.82363910354633 14.309016994374947
    vertex 32.031530130008 -16.923879532511286 14
    vertex 32.16806202298705 -16.91865005135 14.309016994374947
  endloop
endfacet
facet normal -0.5721080135916429 -0.8026772220735049 0.16852803312382697
  outer loop
    vertex 31.938685304225515 -16.82363910354633 14.309016994374947
    vertex 31.724835424501283 -16.68937813787181 14.222520933956314
    vertex 31.85864332935349 -16.831469612302545 14
  endloop
endfacet
facet normal -0.34495238458840555 -0.8327887252462564 0.43297897347271763
  outer loop
    vertex 31.938685304225515 -16.82363910354633 14.309016994374947
    vertex 32.16806202298705 -16.91865005135 14.309016994374947
    vertex 32.104616162123996 -16.747434242556814 14.587785252292473
  endloop
endfacet
facet normal -0.11126921043324683 -0.9875415564011083 0.11126921043324861
  outer loop
    vertex -34.72252093395632 -16.974927912181823 14
    vertex -34.5 -17 14
    vertex -34.5 -16.974927912181823 14.222520933956314
  endloop
endfacet
facet normal -0.9875415564011115 -0.1112692104332332 0.1112692104332332
  outer loop
    vertex -35.5 -16 14
    vertex -35.474927912181826 -16.222520933956314 14
    vertex -35.474927912181826 -16 14.222520933956314
  endloop
endfacet
facet normal 0.09839045294739004 -0.32867651091846056 0.9393035025694702
  outer loop
    vertex -34.548340908203386 -16.305212482389887 14.951056516295154
    vertex -34.5 -16.433883739117558 14.900968867902419
    vertex -34.5 -16.222520933956314 14.974927912181824
  endloop
endfacet
facet normal -0.12592498175343966 -0.11107321276666789 0.9858020289977529
  outer loop
    vertex -34.640290779704294 -16.27533615807316 14.951056516295154
    vertex -34.5 -16.222520933956314 14.974927912181824
    vertex -34.5 -16 15
  endloop
endfacet
facet normal -0.07637951745245083 -0.23507198344081356 0.9689723070939297
  outer loop
    vertex -34.640290779704294 -16.27533615807316 14.951056516295154
    vertex -34.548340908203386 -16.305212482389887 14.951056516295154
    vertex -34.5 -16.222520933956314 14.974927912181824
  endloop
endfacet
facet normal 0 0 0
  outer loop
    vertex -34.71850801222441 -16.21850801222441 14.951056516295154
    vertex -34.5 -16 15
    vertex -34.5 -16 15
  endloop
endfacet
facet normal -0.09306747604435388 -0.12809639141133625 0.9873853145606973
  outer loop
    vertex -34.71850801222441 -16.21850801222441 14.951056516295154
    vertex -34.640290779704294 -16.27533615807316 14.951056516295154
    vertex -34.5 -16 15
  endloop
endfacet
facet normal -0.0619992042738294 -0.5310085525836529 0.8450952702224915
  outer loop
    vertex -34.68163563200134 -16.559016994374947 14.809016994374947
    vertex -34.5 -16.62348980185873 14.78183148246803
    vertex -34.5 -16.433883739117558 14.900968867902419
  endloop
endfacet
facet normal -0.16931138547584199 -0.41210776830494333 0.8952657940807134
  outer loop
    vertex -34.68163563200134 -16.559016994374947 14.809016994374947
    vertex -34.5 -16.433883739117558 14.900968867902419
    vertex -34.548340908203386 -16.305212482389887 14.951056516295154
  endloop
endfacet
facet normal -0.1387849920116813 -0.42713628512137963 0.8934726184528685
  outer loop
    vertex -34.68163563200134 -16.559016994374947 14.809016994374947
    vertex -34.548340908203386 -16.305212482389887 14.951056516295154
    vertex -34.640290779704294 -16.27533615807316 14.951056516295154
  endloop
endfacet
facet normal -0.11107321276666969 -0.12592498175343622 0.9858020289977532
  outer loop
    vertex -34.77533615807316 -16.140290779704294 14.951056516295154
    vertex -34.5 -16 15
    vertex -34.72252093395631 -16 14.974927912181824
  endloop
endfacet
facet normal -0.12809639141133625 -0.09306747604435388 0.9873853145606974
  outer loop
    vertex -34.77533615807316 -16.140290779704294 14.951056516295154
    vertex -34.71850801222441 -16.21850801222441 14.951056516295154
    vertex -34.5 -16 15
  endloop
endfacet
facet normal -0.2639847420333708 -0.3633438262149884 0.8934726184528694
  outer loop
    vertex -34.84549150281253 -16.475528258147577 14.809016994374947
    vertex -34.640290779704294 -16.27533615807316 14.951056516295154
    vertex -34.71850801222441 -16.21850801222441 14.951056516295154
  endloop
endfacet
facet normal -0.21043229564802107 -0.41299663413638654 0.8860880481872666
  outer loop
    vertex -34.84549150281253 -16.475528258147577 14.809016994374947
    vertex -34.68163563200134 -16.559016994374947 14.809016994374947
    vertex -34.640290779704294 -16.27533615807316 14.951056516295154
  endloop
endfacet
facet normal -0.10270219350266666 -0.7033677059155263 0.7033677059155263
  outer loop
    vertex -34.6265581407235 -16.799056652687458 14.587785252292473
    vertex -34.5 -16.78183148246803 14.623489801858733
    vertex -34.5 -16.62348980185873 14.78183148246803
  endloop
endfacet
facet normal -0.034832373721835945 -0.8462103805226727 0.5317092228244454
  outer loop
    vertex -34.6265581407235 -16.799056652687458 14.587785252292473
    vertex -34.5 -16.90096886790242 14.433883739117558
    vertex -34.5 -16.78183148246803 14.623489801858733
  endloop
endfacet
facet normal -0.1376410451273143 -0.6881537266928791 0.712389915099142
  outer loop
    vertex -34.6265581407235 -16.799056652687458 14.587785252292473
    vertex -34.5 -16.62348980185873 14.78183148246803
    vertex -34.68163563200134 -16.559016994374947 14.809016994374947
  endloop
endfacet
facet normal -0.328676510918459 0.09839045294743785 0.9393035025694656
  outer loop
    vertex -34.80521248238989 -16.048340908203386 14.951056516295154
    vertex -34.72252093395631 -16 14.974927912181824
    vertex -34.933883739117555 -16 14.900968867902419
  endloop
endfacet
facet normal -0.2350719834407933 -0.07637951745245332 0.9689723070939343
  outer loop
    vertex -34.80521248238989 -16.048340908203386 14.951056516295154
    vertex -34.77533615807316 -16.140290779704294 14.951056516295154
    vertex -34.72252093395631 -16 14.974927912181824
  endloop
endfacet
facet normal -0.3277559845828043 -0.32775598458279537 0.8860880481872662
  outer loop
    vertex -34.97552825814758 -16.345491502812525 14.809016994374947
    vertex -34.84549150281253 -16.475528258147577 14.809016994374947
    vertex -34.71850801222441 -16.21850801222441 14.951056516295154
  endloop
endfacet
facet normal -0.36334382621499073 -0.2639847420333724 0.8934726184528681
  outer loop
    vertex -34.97552825814758 -16.345491502812525 14.809016994374947
    vertex -34.71850801222441 -16.21850801222441 14.951056516295154
    vertex -34.77533615807316 -16.140290779704294 14.951056516295154
  endloop
endfacet
facet normal -0.31581299586464384 -0.6198179034590268 0.7183925933601035
  outer loop
    vertex -34.86728602957407 -16.72083942016734 14.587785252292473
    vertex -34.68163563200134 -16.559016994374947 14.809016994374947
    vertex -34.84549150281253 -16.475528258147577 14.809016994374947
  endloop
endfacet
facet normal -0.2234808931354838 -0.687803465676273 0.6906393291777368
  outer loop
    vertex -34.86728602957407 -16.72083942016734 14.587785252292473
    vertex -34.6265581407235 -16.799056652687458 14.587785252292473
    vertex -34.68163563200134 -16.559016994374947 14.809016994374947
  endloop
endfacet
facet normal -0.5310085525836461 -0.06199920427381586 0.8450952702224968
  outer loop
    vertex -35.05901699437495 -16.18163563200134 14.809016994374947
    vertex -34.933883739117555 -16 14.900968867902419
    vertex -35.12348980185873 -16 14.78183148246803
  endloop
endfacet
facet normal -0.4271362851213727 -0.13878499201169558 0.8934726184528696
  outer loop
    vertex -35.05901699437495 -16.18163563200134 14.809016994374947
    vertex -34.77533615807316 -16.140290779704294 14.951056516295154
    vertex -34.80521248238989 -16.048340908203386 14.951056516295154
  endloop
endfacet
facet normal -0.4121077683049561 -0.16931138547581653 0.8952657940807123
  outer loop
    vertex -35.05901699437495 -16.18163563200134 14.809016994374947
    vertex -34.80521248238989 -16.048340908203386 14.951056516295154
    vertex -34.933883739117555 -16 14.900968867902419
  endloop
endfacet
facet normal -0.4129966341363802 -0.21043229564803131 0.8860880481872673
  outer loop
    vertex -35.05901699437495 -16.18163563200134 14.809016994374947
    vertex -34.97552825814758 -16.345491502812525 14.809016994374947
    vertex -34.77533615807316 -16.140290779704294 14.951056516295154
  endloop
endfacet
facet normal -0.4918902732344683 -0.4918902732344548 0.7183925933601024
  outer loop
    vertex -35.07206140281768 -16.572061402817685 14.587785252292473
    vertex -34.84549150281253 -16.475528258147577 14.809016994374947
    vertex -34.97552825814758 -16.345491502812525 14.809016994374947
  endloop
endfacet
facet normal -0.42508591936791346 -0.5850805740648642 0.6906393291777299
  outer loop
    vertex -35.07206140281768 -16.572061402817685 14.587785252292473
    vertex -34.86728602957407 -16.72083942016734 14.587785252292473
    vertex -34.84549150281253 -16.475528258147577 14.809016994374947
  endloop
endfacet
facet normal -0.1278991241207055 -0.9361313881461202 0.3275665400751033
  outer loop
    vertex -34.79389262614624 -16.904508497187475 14.309016994374947
    vertex -34.5 -16.974927912181823 14.222520933956314
    vertex -34.5 -16.90096886790242 14.433883739117558
  endloop
endfacet
facet normal -0.327142304202132 -0.9349189916767648 0.1374932427554924
  outer loop
    vertex -34.79389262614624 -16.904508497187475 14.309016994374947
    vertex -34.93388373911756 -16.90096886790242 14
    vertex -34.72252093395632 -16.974927912181823 14
  endloop
endfacet
facet normal -0.17585784442529742 -0.881165533497188 0.4388864558524267
  outer loop
    vertex -34.79389262614624 -16.904508497187475 14.309016994374947
    vertex -34.5 -16.90096886790242 14.433883739117558
    vertex -34.6265581407235 -16.799056652687458 14.587785252292473
  endloop
endfacet
facet normal -0.27130737527244086 -0.8349982423901862 0.4787172895646016
  outer loop
    vertex -34.79389262614624 -16.904508497187475 14.309016994374947
    vertex -34.6265581407235 -16.799056652687458 14.587785252292473
    vertex -34.86728602957407 -16.72083942016734 14.587785252292473
  endloop
endfacet
facet normal -0.1790890079083908 -0.9673956039246694 0.17908900790839366
  outer loop
    vertex -34.79389262614624 -16.904508497187475 14.309016994374947
    vertex -34.72252093395632 -16.974927912181823 14
    vertex -34.5 -16.974927912181823 14.222520933956314
  endloop
endfacet
facet normal -0.6198179034590151 -0.3158129958646582 0.7183925933601073
  outer loop
    vertex -35.220839420167344 -16.367286029574068 14.587785252292473
    vertex -34.97552825814758 -16.345491502812525 14.809016994374947
    vertex -35.05901699437495 -16.18163563200134 14.809016994374947
  endloop
endfacet
facet normal -0.5850805740648539 -0.42508591936791884 0.6906393291777352
  outer loop
    vertex -35.220839420167344 -16.367286029574068 14.587785252292473
    vertex -35.07206140281768 -16.572061402817685 14.587785252292473
    vertex -34.97552825814758 -16.345491502812525 14.809016994374947
  endloop
endfacet
facet normal -0.5265251635517414 -0.8379599974533012 0.14350712461364237
  outer loop
    vertex -35.05901699437495 -16.76942088429381 14.309016994374947
    vertex -35.12348980185873 -16.78183148246803 14
    vertex -34.93388373911756 -16.90096886790242 14
  endloop
endfacet
facet normal -0.4455589767065814 -0.8744587285064448 0.1918309944067319
  outer loop
    vertex -35.05901699437495 -16.76942088429381 14.309016994374947
    vertex -34.93388373911756 -16.90096886790242 14
    vertex -34.79389262614624 -16.904508497187475 14.309016994374947
  endloop
endfacet
facet normal -0.5160572943435598 -0.7102919298617479 0.4787172895646012
  outer loop
    vertex -35.05901699437495 -16.76942088429381 14.309016994374947
    vertex -34.86728602957407 -16.72083942016734 14.587785252292473
    vertex -35.07206140281768 -16.572061402817685 14.587785252292473
  endloop
endfacet
facet normal -0.41126355194861075 -0.8071501675856912 0.4235220157264588
  outer loop
    vertex -35.05901699437495 -16.76942088429381 14.309016994374947
    vertex -34.79389262614624 -16.904508497187475 14.309016994374947
    vertex -34.86728602957407 -16.72083942016734 14.587785252292473
  endloop
endfacet
facet normal -0.7033677059155246 -0.10270219350268904 0.7033677059155248
  outer loop
    vertex -35.299056652687455 -16.1265581407235 14.587785252292473
    vertex -35.12348980185873 -16 14.78183148246803
    vertex -35.28183148246803 -16 14.623489801858733
  endloop
endfacet
facet normal -0.8462103805226721 -0.03483237372186064 0.5317092228244451
  outer loop
    vertex -35.299056652687455 -16.1265581407235 14.587785252292473
    vertex -35.28183148246803 -16 14.623489801858733
    vertex -35.40096886790242 -16 14.433883739117558
  endloop
endfacet
facet normal -0.6881537266928909 -0.13764104512730638 0.7123899150991323
  outer loop
    vertex -35.299056652687455 -16.1265581407235 14.587785252292473
    vertex -35.05901699437495 -16.18163563200134 14.809016994374947
    vertex -35.12348980185873 -16 14.78183148246803
  endloop
endfacet
facet normal -0.6878034656762859 -0.22348089313546443 0.6906393291777302
  outer loop
    vertex -35.299056652687455 -16.1265581407235 14.587785252292473
    vertex -35.220839420167344 -16.367286029574068 14.587785252292473
    vertex -35.05901699437495 -16.18163563200134 14.809016994374947
  endloop
endfacet
facet normal -0.696411690419641 -0.696411690419641 0.17326717777385306
  outer loop
    vertex -35.269420884293815 -16.559016994374947 14.309016994374947
    vertex -35.28183148246803 -16.62348980185873 14
    vertex -35.12348980185873 -16.78183148246803 14
  endloop
endfacet
facet normal -0.8379599974533063 -0.5265251635517347 0.14350712461363763
  outer loop
    vertex -35.269420884293815 -16.559016994374947 14.309016994374947
    vertex -35.40096886790242 -16.433883739117558 14
    vertex -35.28183148246803 -16.62348980185873 14
  endloop
endfacet
facet normal -0.6964116904196411 -0.6964116904196411 0.17326717777385306
  outer loop
    vertex -35.269420884293815 -16.559016994374947 14.309016994374947
    vertex -35.12348980185873 -16.78183148246803 14
    vertex -35.05901699437495 -16.76942088429381 14.309016994374947
  endloop
endfacet
facet normal -0.7102919298617407 -0.5160572943435704 0.4787172895646006
  outer loop
    vertex -35.269420884293815 -16.559016994374947 14.309016994374947
    vertex -35.07206140281768 -16.572061402817685 14.587785252292473
    vertex -35.220839420167344 -16.367286029574068 14.587785252292473
  endloop
endfacet
facet normal -0.6405579997919771 -0.6405579997919771 0.42352201572645876
  outer loop
    vertex -35.269420884293815 -16.559016994374947 14.309016994374947
    vertex -35.05901699437495 -16.76942088429381 14.309016994374947
    vertex -35.07206140281768 -16.572061402817685 14.587785252292473
  endloop
endfacet
facet normal -0.9361313881461132 -0.12789912412072407 0.32756654007511654
  outer loop
    vertex -35.40450849718747 -16.293892626146235 14.309016994374947
    vertex -35.40096886790242 -16 14.433883739117558
    vertex -35.474927912181826 -16 14.222520933956314
  endloop
endfacet
facet normal -0.9349189916767578 -0.3271423042021452 0.13749324275550925
  outer loop
    vertex -35.40450849718747 -16.293892626146235 14.309016994374947
    vertex -35.474927912181826 -16.222520933956314 14
    vertex -35.40096886790242 -16.433883739117558 14
  endloop
endfacet
facet normal -0.9673956039246628 -0.17908900790841 0.17908900790841
  outer loop
    vertex -35.40450849718747 -16.293892626146235 14.309016994374947
    vertex -35.474927912181826 -16 14.222520933956314
    vertex -35.474927912181826 -16.222520933956314 14
  endloop
endfacet
facet normal -0.8744587285064541 -0.44555897670656275 0.1918309944067334
  outer loop
    vertex -35.40450849718747 -16.293892626146235 14.309016994374947
    vertex -35.40096886790242 -16.433883739117558 14
    vertex -35.269420884293815 -16.559016994374947 14.309016994374947
  endloop
endfacet
facet normal -0.8811655334971811 -0.17585784442531324 0.4388864558524337
  outer loop
    vertex -35.40450849718747 -16.293892626146235 14.309016994374947
    vertex -35.299056652687455 -16.1265581407235 14.587785252292473
    vertex -35.40096886790242 -16 14.433883739117558
  endloop
endfacet
facet normal -0.8349982423901997 -0.27130737527241666 0.4787172895645922
  outer loop
    vertex -35.40450849718747 -16.293892626146235 14.309016994374947
    vertex -35.220839420167344 -16.367286029574068 14.587785252292473
    vertex -35.299056652687455 -16.1265581407235 14.587785252292473
  endloop
endfacet
facet normal -0.8071501675857053 -0.41126355194859626 0.42352201572644604
  outer loop
    vertex -35.40450849718747 -16.293892626146235 14.309016994374947
    vertex -35.269420884293815 -16.559016994374947 14.309016994374947
    vertex -35.220839420167344 -16.367286029574068 14.587785252292473
  endloop
endfacet
facet normal 0.630442318186432 -0.768196187390017 0.11143204709220406
  outer loop
    vertex -31.85864332935349 -16.831469612302545 14
    vertex -31.707106781186546 -16.707106781186546 14.000000000000002
    vertex -31.724835424501283 -16.68937813787181 14.222520933956314
  endloop
endfacet
facet normal 0.09740669504855334 -0.9889867717217244 0.11143204709220803
  outer loop
    vertex -32.41421356237309 -17 14
    vertex -32.219123240356964 -16.98078528040323 14
    vertex -32.414213562373085 -16.974927912181823 14.222520933956314
  endloop
endfacet
facet normal 0.3214300388957439 -0.14187509088526143 0.93624472691801
  outer loop
    vertex -32.22609593528942 -16.24515966469412 14.951056516295154
    vertex -32.10741142819649 -16.3068021341766 14.900968867902419
    vertex -32.25686750101662 -16.157346061356474 14.974927912181824
  endloop
endfacet
facet normal -0.020309162883010923 -0.1771005865968316 0.9839831909794239
  outer loop
    vertex -32.295957878306545 -16.28549447630117 14.951056516295154
    vertex -32.25686750101662 -16.157346061356474 14.974927912181824
    vertex -32.41421356237309 -15.999999999999995 15
  endloop
endfacet
facet normal 0 0 0
  outer loop
    vertex -32.295957878306545 -16.28549447630117 14.951056516295154
    vertex -32.41421356237309 -15.999999999999995 15
    vertex -32.41421356237309 -15.999999999999995 15
  endloop
endfacet
facet normal 0.13958977252953486 -0.110868278939938 0.9839831909794237
  outer loop
    vertex -32.295957878306545 -16.28549447630117 14.951056516295154
    vertex -32.41421356237309 -15.999999999999995 15
    vertex -32.41421356237309 -16.222520933956314 14.974927912181824
  endloop
endfacet
facet normal 0.20302562200957697 -0.3516506925588341 0.9138503089841994
  outer loop
    vertex -32.295957878306545 -16.28549447630117 14.951056516295154
    vertex -32.10741142819649 -16.3068021341766 14.900968867902419
    vertex -32.22609593528942 -16.24515966469412 14.951056516295154
  endloop
endfacet
facet normal 0.1263045408089683 -0.21876588190777274 0.9675684223268916
  outer loop
    vertex -32.295957878306545 -16.28549447630117 14.951056516295154
    vertex -32.22609593528942 -16.24515966469412 14.951056516295154
    vertex -32.25686750101662 -16.157346061356474 14.974927912181824
  endloop
endfacet
facet normal -0.12696452133381642 -0.32760619902666555 0.9362447269180082
  outer loop
    vertex -32.373878750766046 -16.30637331115022 14.951056516295154
    vertex -32.41421356237309 -16.222520933956314 14.974927912181824
    vertex -32.41421356237309 -16.433883739117558 14.900968867902419
  endloop
endfacet
facet normal 0.06538004128856995 -0.24400163588991386 0.9675684223268919
  outer loop
    vertex -32.373878750766046 -16.30637331115022 14.951056516295154
    vertex -32.295957878306545 -16.28549447630117 14.951056516295154
    vertex -32.41421356237309 -16.222520933956314 14.974927912181824
  endloop
endfacet
facet normal 0.10509379523971558 -0.3922153833948907 0.9138503089841966
  outer loop
    vertex -32.373878750766046 -16.30637331115022 14.951056516295154
    vertex -32.41421356237309 -16.433883739117558 14.900968867902419
    vertex -32.295957878306545 -16.28549447630117 14.951056516295154
  endloop
endfacet
facet normal 0.34504505982524064 -0.40664775368217787 0.8459205111093093
  outer loop
    vertex -32.120320936226854 -16.509036960455127 14.809016994374947
    vertex -31.973339695478124 -16.440873866894968 14.78183148246803
    vertex -32.10741142819649 -16.3068021341766 14.900968867902419
  endloop
endfacet
facet normal 0.40264544257744983 -0.5886659077409983 0.7009629780773562
  outer loop
    vertex -32.120320936226854 -16.509036960455127 14.809016994374947
    vertex -31.861375219374818 -16.552838342998275 14.623489801858733
    vertex -31.973339695478124 -16.440873866894968 14.78183148246803
  endloop
endfacet
facet normal 0.18917899100632615 -0.4164112744000623 0.8892766498195848
  outer loop
    vertex -32.120320936226854 -16.509036960455127 14.809016994374947
    vertex -32.10741142819649 -16.3068021341766 14.900968867902419
    vertex -32.295957878306545 -16.28549447630117 14.951056516295154
  endloop
endfacet
facet normal 0.043559682565596225 -0.5315270858002974 0.8459205111093049
  outer loop
    vertex -32.26208354464941 -16.567756955501135 14.809016994374947
    vertex -32.41421356237309 -16.433883739117558 14.900968867902419
    vertex -32.41421356237309 -16.62348980185873 14.78183148246803
  endloop
endfacet
facet normal 0.13153633235660753 -0.7009629780773632 0.7009629780773633
  outer loop
    vertex -32.26208354464941 -16.567756955501135 14.809016994374947
    vertex -32.41421356237309 -16.62348980185873 14.78183148246803
    vertex -32.41421356237309 -16.78183148246803 14.623489801858733
  endloop
endfacet
facet normal 0.1606774884922152 -0.42821698328941826 0.8892766498195848
  outer loop
    vertex -32.26208354464941 -16.567756955501135 14.809016994374947
    vertex -32.295957878306545 -16.28549447630117 14.951056516295154
    vertex -32.41421356237309 -16.433883739117558 14.900968867902419
  endloop
endfacet
facet normal 0.17625396222527492 -0.4255147060262514 0.8876214146556427
  outer loop
    vertex -32.26208354464941 -16.567756955501135 14.809016994374947
    vertex -32.120320936226854 -16.509036960455127 14.809016994374947
    vertex -32.295957878306545 -16.28549447630117 14.951056516295154
  endloop
endfacet
facet normal 0.5863298173010126 -0.6109377364209684 0.5319515274539444
  outer loop
    vertex -31.92171522078506 -16.64183633483974 14.587785252292473
    vertex -31.777132366241325 -16.637081196131767 14.433883739117558
    vertex -31.861375219374818 -16.552838342998275 14.623489801858733
  endloop
endfacet
facet normal 0.414391066875137 -0.5666619027471678 0.7121617313988762
  outer loop
    vertex -31.92171522078506 -16.64183633483974 14.587785252292473
    vertex -31.861375219374818 -16.552838342998275 14.623489801858733
    vertex -32.120320936226854 -16.509036960455127 14.809016994374947
  endloop
endfacet
facet normal 0.35912640706783316 -0.6220251833811377 0.6957822180727322
  outer loop
    vertex -32.104616162123996 -16.747434242556814 14.587785252292473
    vertex -31.92171522078506 -16.64183633483974 14.587785252292473
    vertex -32.120320936226854 -16.509036960455127 14.809016994374947
  endloop
endfacet
facet normal 0.2675403782441446 -0.6458996096394379 0.7150075805728228
  outer loop
    vertex -32.104616162123996 -16.747434242556814 14.587785252292473
    vertex -32.120320936226854 -16.509036960455127 14.809016994374947
    vertex -32.26208354464941 -16.567756955501135 14.809016994374947
  endloop
endfacet
facet normal 0.45715602731203003 -0.791817466290766 0.40501045266653846
  outer loop
    vertex -32.104616162123996 -16.747434242556814 14.587785252292473
    vertex -31.777132366241325 -16.637081196131767 14.433883739117558
    vertex -31.92171522078506 -16.64183633483974 14.587785252292473
  endloop
endfacet
facet normal 0.017400426480627788 -0.8465960061314366 0.531951527453952
  outer loop
    vertex -32.308615654656016 -16.802095741837125 14.587785252292473
    vertex -32.41421356237309 -16.78183148246803 14.623489801858733
    vertex -32.41421356237309 -16.90096886790242 14.433883739117558
  endloop
endfacet
facet normal 0.23664137290350543 -0.8831576268487822 0.4050104526665594
  outer loop
    vertex -32.308615654656016 -16.802095741837125 14.587785252292473
    vertex -32.41421356237309 -16.90096886790242 14.433883739117558
    vertex -32.104616162123996 -16.747434242556814 14.587785252292473
  endloop
endfacet
facet normal 0.10767174062206496 -0.6937092075231335 0.7121617313988732
  outer loop
    vertex -32.308615654656016 -16.802095741837125 14.587785252292473
    vertex -32.26208354464941 -16.567756955501135 14.809016994374947
    vertex -32.41421356237309 -16.78183148246803 14.623489801858733
  endloop
endfacet
facet normal 0.18589750749677983 -0.6937789429784356 0.6957822180727311
  outer loop
    vertex -32.308615654656016 -16.802095741837125 14.587785252292473
    vertex -32.104616162123996 -16.747434242556814 14.587785252292473
    vertex -32.26208354464941 -16.567756955501135 14.809016994374947
  endloop
endfacet
facet normal 0.5939501455395647 -0.734311595096477 0.32864830125895644
  outer loop
    vertex -31.938685304225515 -16.82363910354633 14.309016994374947
    vertex -31.724835424501283 -16.68937813787181 14.222520933956314
    vertex -31.777132366241325 -16.637081196131767 14.433883739117558
  endloop
endfacet
facet normal 0.4665543695726038 -0.8728618324156876 0.1429658761545499
  outer loop
    vertex -31.938685304225515 -16.82363910354633 14.309016994374947
    vertex -32.031530130008 -16.923879532511286 14
    vertex -31.85864332935349 -16.831469612302545 14
  endloop
endfacet
facet normal 0.4750269245348688 -0.7351075329984745 0.48370066766114844
  outer loop
    vertex -31.938685304225515 -16.82363910354633 14.309016994374947
    vertex -31.777132366241325 -16.637081196131767 14.433883739117558
    vertex -32.104616162123996 -16.747434242556814 14.587785252292473
  endloop
endfacet
facet normal 0.5721080135916429 -0.8026772220735049 0.16852803312382697
  outer loop
    vertex -31.938685304225515 -16.82363910354633 14.309016994374947
    vertex -31.85864332935349 -16.831469612302545 14
    vertex -31.724835424501283 -16.68937813787181 14.222520933956314
  endloop
endfacet
facet normal 0.09925053279886664 -0.9392228839943937 0.32864830125895167
  outer loop
    vertex -32.16806202298705 -16.91865005135 14.309016994374947
    vertex -32.41421356237309 -16.90096886790242 14.433883739117558
    vertex -32.414213562373085 -16.974927912181823 14.222520933956314
  endloop
endfacet
facet normal 0.2873027622230425 -0.9471102792570535 0.1429658761545433
  outer loop
    vertex -32.16806202298705 -16.91865005135 14.309016994374947
    vertex -32.219123240356964 -16.98078528040323 14
    vertex -32.031530130008 -16.923879532511286 14
  endloop
endfacet
facet normal 0.18390476189974356 -0.855694281069328 0.48370066766115194
  outer loop
    vertex -32.16806202298705 -16.91865005135 14.309016994374947
    vertex -32.104616162123996 -16.747434242556814 14.587785252292473
    vertex -32.41421356237309 -16.90096886790242 14.433883739117558
  endloop
endfacet
facet normal 0.37631741079079983 -0.9085105968882631 0.181641684856314
  outer loop
    vertex -32.16806202298705 -16.91865005135 14.309016994374947
    vertex -32.031530130008 -16.923879532511286 14
    vertex -31.938685304225515 -16.82363910354633 14.309016994374947
  endloop
endfacet
facet normal 0.16303705085034237 -0.9721199628139727 0.1685280331238193
  outer loop
    vertex -32.16806202298705 -16.91865005135 14.309016994374947
    vertex -32.414213562373085 -16.974927912181823 14.222520933956314
    vertex -32.219123240356964 -16.98078528040323 14
  endloop
endfacet
facet normal 0.34495238458840555 -0.8327887252462564 0.43297897347271763
  outer loop
    vertex -32.16806202298705 -16.91865005135 14.309016994374947
    vertex -31.938685304225515 -16.82363910354633 14.309016994374947
    vertex -32.104616162123996 -16.747434242556814 14.587785252292473
  endloop
endfacet
facet normal 0.09801714032956982 -0.995184726672196 0
  outer loop
    vertex -32.219123240356964 -16.98078528040323 14
    vertex -32.41421356237309 -17 14
    vertex -32.41421356237309 -17 1
  endloop
endfacet
facet normal 0.29028467725445445 -0.9569403357322113 0
  outer loop
    vertex -32.219123240356964 -16.98078528040323 14
    vertex -32.219123240356964 -16.98078528040323 1
    vertex -32.031530130008 -16.923879532511286 1
  endloop
endfacet
facet normal 0.09801714032956982 -0.995184726672196 0
  outer loop
    vertex -32.219123240356964 -16.98078528040323 14
    vertex -32.41421356237309 -17 1
    vertex -32.219123240356964 -16.98078528040323 1
  endloop
endfacet
facet normal 0.29028467725445445 -0.9569403357322113 0
  outer loop
    vertex -32.031530130008 -16.923879532511286 14
    vertex -32.219123240356964 -16.98078528040323 14
    vertex -32.031530130008 -16.923879532511286 1
  endloop
endfacet
facet normal 0.6343932841636499 -0.7730104533627333 0
  outer loop
    vertex -31.85864332935349 -16.831469612302545 14
    vertex -31.85864332935349 -16.831469612302545 1
    vertex -31.707106781186546 -16.707106781186546 1
  endloop
endfacet
facet normal 0.47139673682600164 -0.8819212643483528 0
  outer loop
    vertex -31.85864332935349 -16.831469612302545 14
    vertex -32.031530130008 -16.923879532511286 1
    vertex -31.85864332935349 -16.831469612302545 1
  endloop
endfacet
facet normal 0.47139673682600164 -0.8819212643483528 0
  outer loop
    vertex -31.85864332935349 -16.831469612302545 14
    vertex -32.031530130008 -16.923879532511286 14
    vertex -32.031530130008 -16.923879532511286 1
  endloop
endfacet
facet normal 0.6343932841636499 -0.7730104533627334 0
  outer loop
    vertex -31.707106781186546 -16.707106781186546 14.000000000000002
    vertex -31.85864332935349 -16.831469612302545 14
    vertex -31.707106781186546 -16.707106781186546 1
  endloop
endfacet
facet normal 0 1 0
  outer loop
    vertex -0.9356384352138727 4.2 6.671096677199002
    vertex -1.3065489174816527 4.2 5.607137108444587
    vertex -1.7215747207935275 4.2 5.974817886046167
  endloop
endfacet
facet normal 0 1 0
  outer loop
    vertex -0.7100809334139407 4.2 6.471270167632927
    vertex -1.3065489174816527 4.2 5.607137108444587
    vertex -0.9356384352138727 4.2 6.671096677199002
  endloop
endfacet
facet normal 0 1 0
  outer loop
    vertex -1.1068200320665094 4.2 6.919096034945285
    vertex -1.7215747207935275 4.2 5.974817886046167
    vertex -2.0365488590023793 4.2 6.431136704299326
  endloop
endfacet
facet normal 0 1 0
  outer loop
    vertex -1.1068200320665094 4.2 6.919096034945285
    vertex -0.9356384352138727 4.2 6.671096677199002
    vertex -1.7215747207935275 4.2 5.974817886046167
  endloop
endfacet
facet normal 0 1 0
  outer loop
    vertex -0.44325610880316535 4.2 6.33122969664323
    vertex -0.815591240197826 4.2 5.3494626418235445
    vertex -1.3065489174816527 4.2 5.607137108444587
  endloop
endfacet
facet normal 0 1 0
  outer loop
    vertex -0.44325610880316535 4.2 6.33122969664323
    vertex -1.3065489174816527 4.2 5.607137108444587
    vertex -0.7100809334139407 4.2 6.471270167632927
  endloop
endfacet
facet normal 0 1 0
  outer loop
    vertex -1.2136772717825628 4.2 7.200855419640548
    vertex -2.0365488590023793 4.2 6.431136704299326
    vertex -2.2331661800799174 4.2 6.94957397213861
  endloop
endfacet
facet normal 0 1 0
  outer loop
    vertex -1.2136772717825628 4.2 7.200855419640548
    vertex -1.1068200320665094 4.2 6.919096034945285
    vertex -2.0365488590023793 4.2 6.431136704299326
  endloop
endfacet
facet normal 0 1 0
  outer loop
    vertex -0.1506708503191497 4.2 6.259113907377431
    vertex -0.27723436458723727 4.2 5.216769589574477
    vertex -0.815591240197826 4.2 5.3494626418235445
  endloop
endfacet
facet normal 0 1 0
  outer loop
    vertex -0.1506708503191497 4.2 6.259113907377431
    vertex -0.815591240197826 4.2 5.3494626418235445
    vertex -0.44325610880316535 4.2 6.33122969664323
  endloop
endfacet
facet normal -5.459742542550547e-30 1 -3.227239900522245e-15
  outer loop
    vertex -1.25 4.200000000000002 7.499999999999999
    vertex -2.2331661800799174 4.2 6.94957397213861
    vertex -2.3 4.200000000000002 7.500000000000001
  endloop
endfacet
facet normal 1.4210854715201935e-15 1 -5.765570400680609e-15
  outer loop
    vertex -1.25 4.200000000000002 7.499999999999999
    vertex -1.2136772717825628 4.2 7.200855419640548
    vertex -2.2331661800799174 4.2 6.94957397213861
  endloop
endfacet
facet normal 0 1 0
  outer loop
    vertex 0.15067085031915767 4.2 6.259113907377432
    vertex 0.27723436458724826 4.2 5.2167695895744775
    vertex -0.27723436458723727 4.2 5.216769589574477
  endloop
endfacet
facet normal 0 1 0
  outer loop
    vertex 0.15067085031915767 4.2 6.259113907377432
    vertex -0.27723436458723727 4.2 5.216769589574477
    vertex -0.1506708503191497 4.2 6.259113907377431
  endloop
endfacet
facet normal 7.723290606088108e-16 1 3.1334621742829837e-15
  outer loop
    vertex -1.213677271782564 4.2 7.799144580359446
    vertex -2.3 4.200000000000002 7.500000000000001
    vertex -2.2331661800799196 4.2 8.050426027861384
  endloop
endfacet
facet normal 1.004592627829317e-29 1 5.938121416961027e-15
  outer loop
    vertex -1.213677271782564 4.2 7.799144580359446
    vertex -1.25 4.200000000000002 7.499999999999999
    vertex -2.3 4.200000000000002 7.500000000000001
  endloop
endfacet
facet normal 0 1 0
  outer loop
    vertex 0.44325610880317295 4.2 6.3312296966432315
    vertex 0.8155912401978364 4.2 5.349462641823549
    vertex 0.27723436458724826 4.2 5.2167695895744775
  endloop
endfacet
facet normal 0 1 0
  outer loop
    vertex 0.44325610880317295 4.2 6.3312296966432315
    vertex 0.27723436458724826 4.2 5.2167695895744775
    vertex 0.15067085031915767 4.2 6.259113907377432
  endloop
endfacet
facet normal 0 1 0
  outer loop
    vertex -1.1068200320665114 4.2 8.08090396505471
    vertex -2.2331661800799196 4.2 8.050426027861384
    vertex -2.036548859002383 4.2 8.56886329570067
  endloop
endfacet
facet normal 0 1 0
  outer loop
    vertex -1.1068200320665114 4.2 8.08090396505471
    vertex -1.213677271782564 4.2 7.799144580359446
    vertex -2.2331661800799196 4.2 8.050426027861384
  endloop
endfacet
facet normal 0 1 0
  outer loop
    vertex 0.7100809334139477 4.2 6.471270167632929
    vertex 1.3065489174816618 4.2 5.607137108444594
    vertex 0.8155912401978364 4.2 5.349462641823549
  endloop
endfacet
facet normal 0 1 0
  outer loop
    vertex 0.7100809334139477 4.2 6.471270167632929
    vertex 0.8155912401978364 4.2 5.349462641823549
    vertex 0.44325610880317295 4.2 6.3312296966432315
  endloop
endfacet
facet normal 0 1 0
  outer loop
    vertex -0.9356384352138755 4.2 8.328903322800992
    vertex -2.036548859002383 4.2 8.56886329570067
    vertex -1.7215747207935326 4.2 9.02518211395383
  endloop
endfacet
facet normal 0 1 0
  outer loop
    vertex -0.9356384352138755 4.2 8.328903322800992
    vertex -1.1068200320665114 4.2 8.08090396505471
    vertex -2.036548859002383 4.2 8.56886329570067
  endloop
endfacet
facet normal 0 0.9999999999999999 0
  outer loop
    vertex 0.9356384352138788 4.2 6.671096677199007
    vertex 1.3065489174816618 4.2 5.607137108444594
    vertex 0.7100809334139477 4.2 6.471270167632929
  endloop
endfacet
facet normal 0 1 0
  outer loop
    vertex 1.721574720793535 4.2 5.974817886046175
    vertex 1.3065489174816618 4.2 5.607137108444594
    vertex 0.9356384352138788 4.2 6.671096677199007
  endloop
endfacet
facet normal 0 1 0
  outer loop
    vertex -1.3065489174816585 4.2 9.392862891555412
    vertex -0.9356384352138755 4.2 8.328903322800992
    vertex -1.7215747207935326 4.2 9.02518211395383
  endloop
endfacet
facet normal 0 1 0
  outer loop
    vertex -1.3065489174816585 4.2 9.392862891555412
    vertex -0.7100809334139438 4.2 8.528729832367068
    vertex -0.9356384352138755 4.2 8.328903322800992
  endloop
endfacet
facet normal 0 1 0
  outer loop
    vertex 2.036548859002384 4.2 6.431136704299337
    vertex 1.721574720793535 4.2 5.974817886046175
    vertex 0.9356384352138788 4.2 6.671096677199007
  endloop
endfacet
facet normal 0 0.9999999999999999 0
  outer loop
    vertex 2.036548859002384 4.2 6.431136704299337
    vertex 0.9356384352138788 4.2 6.671096677199007
    vertex 1.1068200320665142 4.2 6.91909603494529
  endloop
endfacet
facet normal 0 1 0
  outer loop
    vertex -0.8155912401978322 4.2 9.650537358176456
    vertex -0.7100809334139438 4.2 8.528729832367068
    vertex -1.3065489174816585 4.2 9.392862891555412
  endloop
endfacet
facet normal 0 1 0
  outer loop
    vertex -0.8155912401978322 4.2 9.650537358176456
    vertex -0.44325610880316874 4.2 8.668770303356768
    vertex -0.7100809334139438 4.2 8.528729832367068
  endloop
endfacet
facet normal 0 1 0
  outer loop
    vertex -0.8155912401978322 4.2 9.650537358176456
    vertex -0.15067085031915303 4.2 8.740886092622565
    vertex -0.44325610880316874 4.2 8.668770303356768
  endloop
endfacet
facet normal 0 1 0
  outer loop
    vertex 2.23316618007992 4.2 6.949573972138621
    vertex 2.036548859002384 4.2 6.431136704299337
    vertex 1.1068200320665142 4.2 6.91909603494529
  endloop
endfacet
facet normal 0 0.9999999999999999 0
  outer loop
    vertex 2.23316618007992 4.2 6.949573972138621
    vertex 1.1068200320665142 4.2 6.91909603494529
    vertex 1.2136772717825666 4.2 7.200855419640553
  endloop
endfacet
facet normal 0 1 0
  outer loop
    vertex -0.2772343645872434 4.2 9.783230410425526
    vertex -0.15067085031915303 4.2 8.740886092622565
    vertex -0.8155912401978322 4.2 9.650537358176456
  endloop
endfacet
facet normal 0 1 0
  outer loop
    vertex 2.3 4.2 7.5000000000000036
    vertex 2.23316618007992 4.2 6.949573972138621
    vertex 1.2136772717825666 4.2 7.200855419640553
  endloop
endfacet
facet normal 0 1 0
  outer loop
    vertex 2.3 4.2 7.5000000000000036
    vertex 1.250000000000001 4.2 7.5
    vertex 1.213677271782566 4.2 7.799144580359448
  endloop
endfacet
facet normal 0 0.9999999999999999 0
  outer loop
    vertex 2.3 4.2 7.5000000000000036
    vertex 1.2136772717825666 4.2 7.200855419640553
    vertex 1.250000000000001 4.2 7.5
  endloop
endfacet
facet normal 0 1 0
  outer loop
    vertex 0.2772343645872426 4.2 9.783230410425526
    vertex -0.15067085031915303 4.2 8.740886092622565
    vertex -0.2772343645872434 4.2 9.783230410425526
  endloop
endfacet
facet normal 0 1 0
  outer loop
    vertex 0.2772343645872426 4.2 9.783230410425526
    vertex 0.15067085031915461 4.2 8.740886092622565
    vertex -0.15067085031915303 4.2 8.740886092622565
  endloop
endfacet
facet normal 0 1 0
  outer loop
    vertex 2.2331661800799187 4.2 8.050426027861386
    vertex 2.3 4.2 7.5000000000000036
    vertex 1.213677271782566 4.2 7.799144580359448
  endloop
endfacet
facet normal 0 1 0
  outer loop
    vertex 0.8155912401978315 4.2 9.650537358176456
    vertex 0.44325610880317035 4.2 8.668770303356768
    vertex 0.15067085031915461 4.2 8.740886092622565
  endloop
endfacet
facet normal 0 1 0
  outer loop
    vertex 0.8155912401978315 4.2 9.650537358176456
    vertex 0.7100809334139456 4.2 8.528729832367068
    vertex 0.44325610880317035 4.2 8.668770303356768
  endloop
endfacet
facet normal 0 1 0
  outer loop
    vertex 0.8155912401978315 4.2 9.650537358176456
    vertex 0.15067085031915461 4.2 8.740886092622565
    vertex 0.2772343645872426 4.2 9.783230410425526
  endloop
endfacet
facet normal 0 1 0
  outer loop
    vertex 2.036548859002382 4.2 8.568863295700671
    vertex 1.1068200320665131 4.2 8.08090396505471
    vertex 0.935638435213877 4.2 8.328903322800993
  endloop
endfacet
facet normal 0 1 0
  outer loop
    vertex 2.036548859002382 4.2 8.568863295700671
    vertex 1.213677271782566 4.2 7.799144580359448
    vertex 1.1068200320665131 4.2 8.08090396505471
  endloop
endfacet
facet normal 0 1 0
  outer loop
    vertex 2.036548859002382 4.2 8.568863295700671
    vertex 2.2331661800799187 4.2 8.050426027861386
    vertex 1.213677271782566 4.2 7.799144580359448
  endloop
endfacet
facet normal 0 1 0
  outer loop
    vertex 1.306548917481658 4.2 9.392862891555412
    vertex 0.7100809334139456 4.2 8.528729832367068
    vertex 0.8155912401978315 4.2 9.650537358176456
  endloop
endfacet
facet normal 0 1 0
  outer loop
    vertex 1.721574720793532 4.2 9.02518211395383
    vertex 2.036548859002382 4.2 8.568863295700671
    vertex 0.935638435213877 4.2 8.328903322800993
  endloop
endfacet
facet normal 0 0.9999999999999999 0
  outer loop
    vertex 1.721574720793532 4.2 9.02518211395383
    vertex 0.935638435213877 4.2 8.328903322800993
    vertex 0.7100809334139456 4.2 8.528729832367068
  endloop
endfacet
facet normal 0 1 0
  outer loop
    vertex 1.721574720793532 4.2 9.02518211395383
    vertex 0.7100809334139456 4.2 8.528729832367068
    vertex 1.306548917481658 4.2 9.392862891555412
  endloop
endfacet
facet normal 0.11196447610331009 0.9937122098932423 0
  outer loop
    vertex 34.72252093395631 6.9749279121818235 14
    vertex 34.5 7 1
    vertex 34.5 7 14
  endloop
endfacet
facet normal 0.11196447610331009 0.9937122098932423 0
  outer loop
    vertex 34.72252093395631 6.9749279121818235 14
    vertex 34.72252093395631 6.9749279121818235 1
    vertex 34.5 7 1
  endloop
endfacet
facet normal 0.330279061955167 0.9438833303083675 0
  outer loop
    vertex 34.933883739117555 6.900968867902419 14
    vertex 34.933883739117555 6.900968867902419 1
    vertex 34.72252093395631 6.9749279121818235 1
  endloop
endfacet
facet normal 0.330279061955167 0.9438833303083675 0
  outer loop
    vertex 34.933883739117555 6.900968867902419 14
    vertex 34.72252093395631 6.9749279121818235 1
    vertex 34.72252093395631 6.9749279121818235 14
  endloop
endfacet
facet normal 0.5320320765153312 0.8467241992282877 0
  outer loop
    vertex 35.12348980185873 6.78183148246803 14
    vertex 35.12348980185873 6.78183148246803 1
    vertex 34.933883739117555 6.900968867902419 1
  endloop
endfacet
facet normal 0.5320320765153312 0.8467241992282877 0
  outer loop
    vertex 35.12348980185873 6.78183148246803 14
    vertex 34.933883739117555 6.900968867902419 1
    vertex 34.933883739117555 6.900968867902419 14
  endloop
endfacet
facet normal 0.7071067811865476 0.7071067811865476 0
  outer loop
    vertex 35.28183148246803 6.623489801858733 14
    vertex 35.28183148246803 6.623489801858733 1
    vertex 35.12348980185873 6.78183148246803 1
  endloop
endfacet
facet normal 0.7071067811865476 0.7071067811865476 0
  outer loop
    vertex 35.28183148246803 6.623489801858733 14
    vertex 35.12348980185873 6.78183148246803 1
    vertex 35.12348980185873 6.78183148246803 14
  endloop
endfacet
facet normal 0.8467241992282782 0.5320320765153461 0
  outer loop
    vertex 35.40096886790242 6.433883739117558 14
    vertex 35.40096886790242 6.433883739117558 1
    vertex 35.28183148246803 6.623489801858733 1
  endloop
endfacet
facet normal 0.8467241992282782 0.5320320765153461 0
  outer loop
    vertex 35.40096886790242 6.433883739117558 14
    vertex 35.28183148246803 6.623489801858733 1
    vertex 35.28183148246803 6.623489801858733 14
  endloop
endfacet
facet normal 0.9937122098932437 0.11196447610329656 0
  outer loop
    vertex 35.474927912181826 6.222520933956314 14
    vertex 35.5 6 1
    vertex 35.474927912181826 6.222520933956314 1
  endloop
endfacet
facet normal 0.9438833303083662 0.33027906195517054 0
  outer loop
    vertex 35.474927912181826 6.222520933956314 14
    vertex 35.474927912181826 6.222520933956314 1
    vertex 35.40096886790242 6.433883739117558 1
  endloop
endfacet
facet normal 0.9438833303083662 0.33027906195517054 0
  outer loop
    vertex 35.474927912181826 6.222520933956314 14
    vertex 35.40096886790242 6.433883739117558 1
    vertex 35.40096886790242 6.433883739117558 14
  endloop
endfacet
facet normal 0.9937122098932437 0.11196447610329656 0
  outer loop
    vertex 35.5 6 14
    vertex 35.5 6 1
    vertex 35.474927912181826 6.222520933956314 14
  endloop
endfacet
facet normal 0.9937122098932437 -0.11196447610329656 0
  outer loop
    vertex 35.5 -16 14
    vertex 35.474927912181826 -16.222520933956314 1
    vertex 35.5 -16 1
  endloop
endfacet
facet normal 0.9937122098932437 -0.11196447610329656 0
  outer loop
    vertex 35.474927912181826 -16.222520933956314 14
    vertex 35.474927912181826 -16.222520933956314 1
    vertex 35.5 -16 14
  endloop
endfacet
facet normal 0.9438833303083662 -0.33027906195517054 0
  outer loop
    vertex 35.40096886790242 -16.433883739117558 14
    vertex 35.40096886790242 -16.433883739117558 1
    vertex 35.474927912181826 -16.222520933956314 1
  endloop
endfacet
facet normal 0.9438833303083662 -0.33027906195517054 0
  outer loop
    vertex 35.40096886790242 -16.433883739117558 14
    vertex 35.474927912181826 -16.222520933956314 1
    vertex 35.474927912181826 -16.222520933956314 14
  endloop
endfacet
facet normal 0.8467241992282806 -0.5320320765153426 0
  outer loop
    vertex 35.28183148246803 -16.623489801858735 14
    vertex 35.28183148246803 -16.623489801858735 1
    vertex 35.40096886790242 -16.433883739117558 1
  endloop
endfacet
facet normal 0.8467241992282806 -0.5320320765153426 0
  outer loop
    vertex 35.28183148246803 -16.623489801858735 14
    vertex 35.40096886790242 -16.433883739117558 1
    vertex 35.40096886790242 -16.433883739117558 14
  endloop
endfacet
facet normal 0.7071067811865395 -0.7071067811865553 0
  outer loop
    vertex 35.12348980185873 -16.78183148246803 14
    vertex 35.12348980185873 -16.78183148246803 1
    vertex 35.28183148246803 -16.623489801858735 1
  endloop
endfacet
facet normal 0.7071067811865395 -0.7071067811865553 0
  outer loop
    vertex 35.12348980185873 -16.78183148246803 14
    vertex 35.28183148246803 -16.623489801858735 1
    vertex 35.28183148246803 -16.623489801858735 14
  endloop
endfacet
facet normal 0.5320320765153426 -0.8467241992282806 0
  outer loop
    vertex 34.933883739117555 -16.90096886790242 14
    vertex 34.933883739117555 -16.90096886790242 1
    vertex 35.12348980185873 -16.78183148246803 1
  endloop
endfacet
facet normal 0.33027906195515644 -0.9438833303083712 0
  outer loop
    vertex 34.933883739117555 -16.90096886790242 14
    vertex 34.72252093395631 -16.974927912181823 1
    vertex 34.933883739117555 -16.90096886790242 1
  endloop
endfacet
facet normal 0.5320320765153426 -0.8467241992282806 0
  outer loop
    vertex 34.933883739117555 -16.90096886790242 14
    vertex 35.12348980185873 -16.78183148246803 1
    vertex 35.12348980185873 -16.78183148246803 14
  endloop
endfacet
facet normal 0.33027906195515644 -0.9438833303083712 0
  outer loop
    vertex 34.72252093395631 -16.974927912181823 14
    vertex 34.72252093395631 -16.974927912181823 1
    vertex 34.933883739117555 -16.90096886790242 14
  endloop
endfacet
facet normal 0.111964476103314 -0.9937122098932418 0
  outer loop
    vertex 34.5 -17 14
    vertex 34.5 -17 1
    vertex 34.72252093395631 -16.974927912181823 1
  endloop
endfacet
facet normal 0.111964476103314 -0.9937122098932418 0
  outer loop
    vertex 34.5 -17 14
    vertex 34.72252093395631 -16.974927912181823 1
    vertex 34.72252093395631 -16.974927912181823 14
  endloop
endfacet
facet normal -0.11196447610330656 0.9937122098932427 0
  outer loop
    vertex -34.72252093395632 6.9749279121818235 14
    vertex -34.5 7 14
    vertex -34.5 7 1
  endloop
endfacet
facet normal -0.11196447610330656 0.9937122098932427 0
  outer loop
    vertex -34.72252093395632 6.9749279121818235 14
    vertex -34.5 7 1
    vertex -34.72252093395632 6.9749279121818235 1
  endloop
endfacet
facet normal -0.5320320765153483 0.8467241992282769 0
  outer loop
    vertex -34.93388373911756 6.900968867902419 14
    vertex -34.93388373911756 6.900968867902419 1
    vertex -35.12348980185873 6.7818314824680295 1
  endloop
endfacet
facet normal -0.330279061955167 0.9438833303083675 0
  outer loop
    vertex -34.93388373911756 6.900968867902419 14
    vertex -34.72252093395632 6.9749279121818235 1
    vertex -34.93388373911756 6.900968867902419 1
  endloop
endfacet
facet normal -0.330279061955167 0.9438833303083675 0
  outer loop
    vertex -34.93388373911756 6.900968867902419 14
    vertex -34.72252093395632 6.9749279121818235 14
    vertex -34.72252093395632 6.9749279121818235 1
  endloop
endfacet
facet normal -0.5320320765153483 0.8467241992282769 0
  outer loop
    vertex -35.12348980185873 6.7818314824680295 14
    vertex -34.93388373911756 6.900968867902419 14
    vertex -35.12348980185873 6.7818314824680295 1
  endloop
endfacet
facet normal -0.8467241992282782 0.5320320765153461 0
  outer loop
    vertex -35.28183148246803 6.623489801858733 14
    vertex -35.28183148246803 6.623489801858733 1
    vertex -35.40096886790242 6.433883739117558 1
  endloop
endfacet
facet normal -0.7071067811865456 0.7071067811865496 0
  outer loop
    vertex -35.28183148246803 6.623489801858733 14
    vertex -35.12348980185873 6.7818314824680295 1
    vertex -35.28183148246803 6.623489801858733 1
  endloop
endfacet
facet normal -0.7071067811865456 0.7071067811865496 0
  outer loop
    vertex -35.28183148246803 6.623489801858733 14
    vertex -35.12348980185873 6.7818314824680295 14
    vertex -35.12348980185873 6.7818314824680295 1
  endloop
endfacet
facet normal -0.8467241992282782 0.5320320765153461 0
  outer loop
    vertex -35.40096886790242 6.433883739117558 14
    vertex -35.28183148246803 6.623489801858733 14
    vertex -35.40096886790242 6.433883739117558 1
  endloop
endfacet
facet normal -0.9438833303083662 0.33027906195517054 0
  outer loop
    vertex -35.474927912181826 6.222520933956314 14
    vertex -35.40096886790242 6.433883739117558 1
    vertex -35.474927912181826 6.222520933956314 1
  endloop
endfacet
facet normal -0.9438833303083662 0.33027906195517054 0
  outer loop
    vertex -35.474927912181826 6.222520933956314 14
    vertex -35.40096886790242 6.433883739117558 14
    vertex -35.40096886790242 6.433883739117558 1
  endloop
endfacet
facet normal -0.9937122098932437 0.11196447610329656 0
  outer loop
    vertex -35.5 6 14
    vertex -35.474927912181826 6.222520933956314 1
    vertex -35.5 6 1
  endloop
endfacet
facet normal -0.9937122098932437 0.11196447610329656 0
  outer loop
    vertex -35.5 6 14
    vertex -35.474927912181826 6.222520933956314 14
    vertex -35.474927912181826 6.222520933956314 1
  endloop
endfacet
facet normal 0.9927088740980541 -4.0225149543563404e-17 -0.12053668025532292
  outer loop
    vertex -2.2331661800799196 7 8.050426027861382
    vertex -2.3 4.200000000000002 7.500000000000001
    vertex -2.3 7.000000000000002 7.5
  endloop
endfacet
facet normal 0.992708874098054 -7.647005584647986e-17 -0.1205366802553227
  outer loop
    vertex -2.2331661800799196 7 8.050426027861382
    vertex -2.2331661800799196 4.2 8.050426027861384
    vertex -2.3 4.200000000000002 7.500000000000001
  endloop
endfacet
facet normal 0.9350162426854149 -2.2496600585098593e-16 -0.3546048870425352
  outer loop
    vertex -2.036548859002383 7 8.568863295700668
    vertex -2.036548859002383 4.2 8.56886329570067
    vertex -2.2331661800799196 4.2 8.050426027861384
  endloop
endfacet
facet normal 0.9350162426854149 -2.234730530197962e-16 -0.35460488704253507
  outer loop
    vertex -2.036548859002383 7 8.568863295700668
    vertex -2.2331661800799196 4.2 8.050426027861384
    vertex -2.2331661800799196 7 8.050426027861382
  endloop
endfacet
facet normal 0.8229838658936559 -3.6038774931359303e-16 -0.5680647467311563
  outer loop
    vertex -1.7215747207935326 7 9.025182113953829
    vertex -1.7215747207935326 4.2 9.02518211395383
    vertex -2.036548859002383 4.2 8.56886329570067
  endloop
endfacet
facet normal 0.8229838658936561 -3.575568848316746e-16 -0.5680647467311563
  outer loop
    vertex -1.7215747207935326 7 9.025182113953829
    vertex -2.036548859002383 4.2 8.56886329570067
    vertex -2.036548859002383 7 8.568863295700668
  endloop
endfacet
facet normal 0.663122658240796 -4.748650667422619e-16 -0.7485107481711005
  outer loop
    vertex -1.3065489174816585 7 9.39286289155541
    vertex -1.3065489174816585 4.2 9.392862891555412
    vertex -1.7215747207935326 4.2 9.02518211395383
  endloop
endfacet
facet normal 0.663122658240796 -4.827017945227601e-16 -0.7485107481711004
  outer loop
    vertex -1.3065489174816585 7 9.39286289155541
    vertex -1.7215747207935326 4.2 9.02518211395383
    vertex -1.7215747207935326 7 9.025182113953829
  endloop
endfacet
facet normal 0.4647231720437678 -5.617449525561584e-16 -0.8854560256532102
  outer loop
    vertex -0.8155912401978322 7 9.650537358176454
    vertex -0.8155912401978322 4.2 9.650537358176456
    vertex -1.3065489174816585 4.2 9.392862891555412
  endloop
endfacet
facet normal 0.23931566428755857 -6.159782635873129e-16 -0.9709418174260517
  outer loop
    vertex -0.8155912401978322 7 9.650537358176454
    vertex -0.2772343645872434 4.2 9.783230410425526
    vertex -0.8155912401978322 4.2 9.650537358176456
  endloop
endfacet
facet normal 0.4647231720437678 -5.542131714890957e-16 -0.8854560256532102
  outer loop
    vertex -0.8155912401978322 7 9.650537358176454
    vertex -1.3065489174816585 4.2 9.392862891555412
    vertex -1.3065489174816585 7 9.39286289155541
  endloop
endfacet
facet normal 0.23931566428755857 -6.159782635873129e-16 -0.9709418174260517
  outer loop
    vertex -0.2772343645872434 7 9.783230410425524
    vertex -0.2772343645872434 4.2 9.783230410425526
    vertex -0.8155912401978322 7 9.650537358176454
  endloop
endfacet
facet normal 0 -6.344131569286609e-16 -1
  outer loop
    vertex 0.2772343645872426 7 9.783230410425524
    vertex 0.2772343645872426 4.2 9.783230410425526
    vertex -0.2772343645872434 4.2 9.783230410425526
  endloop
endfacet
facet normal -0.2393156642875586 -6.159782635873129e-16 -0.9709418174260517
  outer loop
    vertex 0.2772343645872426 7 9.783230410425524
    vertex 0.8155912401978315 4.2 9.650537358176456
    vertex 0.2772343645872426 4.2 9.783230410425526
  endloop
endfacet
facet normal 0 -6.344131569286609e-16 -1
  outer loop
    vertex 0.2772343645872426 7 9.783230410425524
    vertex -0.2772343645872434 4.2 9.783230410425526
    vertex -0.2772343645872434 7 9.783230410425524
  endloop
endfacet
facet normal -0.4647231720437676 -5.617449525561586e-16 -0.8854560256532105
  outer loop
    vertex 0.8155912401978315 7 9.650537358176454
    vertex 1.306548917481658 4.2 9.392862891555412
    vertex 0.8155912401978315 4.2 9.650537358176456
  endloop
endfacet
facet normal -0.23931566428755857 -6.159782635873129e-16 -0.9709418174260517
  outer loop
    vertex 0.8155912401978315 7 9.650537358176454
    vertex 0.8155912401978315 4.2 9.650537358176456
    vertex 0.2772343645872426 7 9.783230410425524
  endloop
endfacet
facet normal -0.4647231720437676 -5.617449525561586e-16 -0.8854560256532105
  outer loop
    vertex 1.306548917481658 7 9.39286289155541
    vertex 1.306548917481658 4.2 9.392862891555412
    vertex 0.8155912401978315 7 9.650537358176454
  endloop
endfacet
facet normal -0.6631226582407962 -4.748650667422617e-16 -0.7485107481711003
  outer loop
    vertex 1.721574720793532 7 9.025182113953829
    vertex 1.721574720793532 4.2 9.02518211395383
    vertex 1.306548917481658 4.2 9.392862891555412
  endloop
endfacet
facet normal -0.6631226582407962 -4.648239502811765e-16 -0.7485107481711003
  outer loop
    vertex 1.721574720793532 7 9.025182113953829
    vertex 1.306548917481658 4.2 9.392862891555412
    vertex 1.306548917481658 7 9.39286289155541
  endloop
endfacet
facet normal -0.8229838658936552 -3.5755688483167563e-16 -0.5680647467311575
  outer loop
    vertex 2.036548859002382 7 8.56886329570067
    vertex 1.721574720793532 4.2 9.02518211395383
    vertex 1.721574720793532 7 9.025182113953829
  endloop
endfacet
facet normal -0.8229838658936554 -3.603877493135938e-16 -0.5680647467311575
  outer loop
    vertex 2.036548859002382 7 8.56886329570067
    vertex 2.036548859002382 4.2 8.568863295700671
    vertex 1.721574720793532 4.2 9.02518211395383
  endloop
endfacet
facet normal -0.9350162426854149 -2.2496600585098593e-16 -0.3546048870425352
  outer loop
    vertex 2.036548859002382 7 8.56886329570067
    vertex 2.2331661800799187 4.2 8.050426027861386
    vertex 2.036548859002382 4.2 8.568863295700671
  endloop
endfacet
facet normal -0.9350162426854149 -2.249660058509859e-16 -0.35460488704253507
  outer loop
    vertex 2.2331661800799187 7 8.050426027861384
    vertex 2.2331661800799187 4.2 8.050426027861386
    vertex 2.036548859002382 7 8.56886329570067
  endloop
endfacet
facet normal -0.9927088740980539 -7.598083802673097e-17 -0.12053668025532467
  outer loop
    vertex 2.3 7 7.500000000000003
    vertex 2.2331661800799187 4.2 8.050426027861386
    vertex 2.2331661800799187 7 8.050426027861384
  endloop
endfacet
facet normal -0.9927088740980538 -3.823502792324049e-17 -0.12053668025532446
  outer loop
    vertex 2.3 7 7.500000000000003
    vertex 2.3 4.2 7.5000000000000036
    vertex 2.2331661800799187 4.2 8.050426027861386
  endloop
endfacet
facet normal -0.9927088740980541 3.823502792323974e-17 0.1205366802553221
  outer loop
    vertex 2.3 7 7.500000000000003
    vertex 2.23316618007992 4.2 6.949573972138621
    vertex 2.3 4.2 7.5000000000000036
  endloop
endfacet
facet normal -0.9927088740980541 3.823502792323974e-17 0.1205366802553221
  outer loop
    vertex 2.23316618007992 7 6.94957397213862
    vertex 2.23316618007992 4.2 6.949573972138621
    vertex 2.3 7 7.500000000000003
  endloop
endfacet
facet normal -0.9350162426854155 1.0726706544950241e-16 0.35460488704253423
  outer loop
    vertex 2.036548859002384 7 6.431136704299336
    vertex 2.23316618007992 4.2 6.949573972138621
    vertex 2.23316618007992 7 6.94957397213862
  endloop
endfacet
facet normal -0.9350162426854155 1.124830029254927e-16 0.35460488704253423
  outer loop
    vertex 2.036548859002384 7 6.431136704299336
    vertex 2.036548859002384 4.2 6.431136704299337
    vertex 2.23316618007992 4.2 6.949573972138621
  endloop
endfacet
facet normal -0.8229838658936576 1.7877844241583727e-16 0.5680647467311541
  outer loop
    vertex 1.721574720793535 7 5.974817886046174
    vertex 2.036548859002384 4.2 6.431136704299337
    vertex 2.036548859002384 7 6.431136704299336
  endloop
endfacet
facet normal -0.8229838658936576 1.8019387465679585e-16 0.5680647467311541
  outer loop
    vertex 1.721574720793535 7 5.974817886046174
    vertex 1.721574720793535 4.2 5.974817886046175
    vertex 2.036548859002384 4.2 6.431136704299337
  endloop
endfacet
facet normal -0.6631226582407966 2.3743253337113065e-16 0.7485107481710997
  outer loop
    vertex 1.721574720793535 7 5.974817886046174
    vertex 1.3065489174816618 4.2 5.607137108444594
    vertex 1.721574720793535 4.2 5.974817886046175
  endloop
endfacet
facet normal -0.6631226582407967 2.3743253337113065e-16 0.7485107481710997
  outer loop
    vertex 1.3065489174816618 7 5.607137108444593
    vertex 1.3065489174816618 4.2 5.607137108444594
    vertex 1.721574720793535 7 5.974817886046174
  endloop
endfacet
facet normal -0.4647231720437697 2.860455078653399e-16 0.8854560256532095
  outer loop
    vertex 0.8155912401978364 7 5.349462641823548
    vertex 1.3065489174816618 4.2 5.607137108444594
    vertex 1.3065489174816618 7 5.607137108444593
  endloop
endfacet
facet normal -0.46472317204376973 2.80872476278079e-16 0.8854560256532095
  outer loop
    vertex 0.8155912401978364 7 5.349462641823548
    vertex 0.8155912401978364 4.2 5.349462641823549
    vertex 1.3065489174816618 4.2 5.607137108444594
  endloop
endfacet
facet normal -0.23931566428756043 3.0798913179365637e-16 0.9709418174260512
  outer loop
    vertex 0.8155912401978364 7 5.349462641823548
    vertex 0.27723436458724826 4.2 5.2167695895744775
    vertex 0.8155912401978364 4.2 5.349462641823549
  endloop
endfacet
facet normal -0.23931566428756043 3.0798913179365637e-16 0.9709418174260512
  outer loop
    vertex 0.27723436458724826 7 5.216769589574477
    vertex 0.27723436458724826 4.2 5.2167695895744775
    vertex 0.8155912401978364 7 5.349462641823548
  endloop
endfacet
facet normal -1.6018548440459024e-15 3.1720657846433045e-16 1
  outer loop
    vertex -0.27723436458723727 7 5.216769589574476
    vertex 0.27723436458724826 4.2 5.2167695895744775
    vertex 0.27723436458724826 7 5.216769589574477
  endloop
endfacet
facet normal -1.6018548440459024e-15 3.1720657846433045e-16 1
  outer loop
    vertex -0.27723436458723727 7 5.216769589574476
    vertex -0.27723436458723727 4.2 5.216769589574477
    vertex 0.27723436458724826 4.2 5.2167695895744775
  endloop
endfacet
facet normal 0.23931566428755416 3.039233521069236e-16 0.9709418174260529
  outer loop
    vertex -0.815591240197826 7 5.349462641823544
    vertex -0.27723436458723727 4.2 5.216769589574477
    vertex -0.27723436458723727 7 5.216769589574476
  endloop
endfacet
facet normal 0.23931566428755416 3.0798913179365686e-16 0.9709418174260529
  outer loop
    vertex -0.815591240197826 7 5.349462641823544
    vertex -0.815591240197826 4.2 5.3494626418235445
    vertex -0.27723436458723727 4.2 5.216769589574477
  endloop
endfacet
facet normal 0.4647231720437663 2.808724762780795e-16 0.8854560256532111
  outer loop
    vertex -0.815591240197826 7 5.349462641823544
    vertex -1.3065489174816527 4.2 5.607137108444587
    vertex -0.815591240197826 4.2 5.3494626418235445
  endloop
endfacet
facet normal 0.4647231720437663 2.808724762780795e-16 0.8854560256532111
  outer loop
    vertex -1.3065489174816527 7 5.6071371084445865
    vertex -1.3065489174816527 4.2 5.607137108444587
    vertex -0.815591240197826 7 5.349462641823544
  endloop
endfacet
facet normal 0.6631226582407934 2.3241197514058843e-16 0.7485107481711026
  outer loop
    vertex -1.7215747207935275 7 5.974817886046166
    vertex -1.3065489174816527 4.2 5.607137108444587
    vertex -1.3065489174816527 7 5.6071371084445865
  endloop
endfacet
facet normal 0.6631226582407934 2.3743253337113154e-16 0.7485107481711026
  outer loop
    vertex -1.7215747207935275 7 5.974817886046166
    vertex -1.7215747207935275 4.2 5.974817886046167
    vertex -1.3065489174816527 4.2 5.607137108444587
  endloop
endfacet
facet normal 0.8229838658936538 1.8019387465679763e-16 0.5680647467311597
  outer loop
    vertex -1.7215747207935275 7 5.974817886046166
    vertex -2.0365488590023793 4.2 6.431136704299326
    vertex -1.7215747207935275 4.2 5.974817886046167
  endloop
endfacet
facet normal 0.8229838658936538 1.8019387465679763e-16 0.5680647467311597
  outer loop
    vertex -2.0365488590023793 7 6.431136704299325
    vertex -2.0365488590023793 4.2 6.431136704299326
    vertex -1.7215747207935275 7 5.974817886046166
  endloop
endfacet
facet normal 0.9350162426854137 1.1248300292549395e-16 0.35460488704253823
  outer loop
    vertex -2.2331661800799174 7 6.949573972138609
    vertex -2.2331661800799174 4.2 6.94957397213861
    vertex -2.0365488590023793 4.2 6.431136704299326
  endloop
endfacet
facet normal 0.9350162426854137 1.1620598757029429e-16 0.35460488704253823
  outer loop
    vertex -2.2331661800799174 7 6.949573972138609
    vertex -2.0365488590023793 4.2 6.431136704299326
    vertex -2.0365488590023793 7 6.431136704299325
  endloop
endfacet
facet normal 0.9927088740980539 3.823502792324064e-17 0.12053668025532495
  outer loop
    vertex -2.3 7.000000000000002 7.5
    vertex -2.3 4.200000000000002 7.500000000000001
    vertex -2.2331661800799174 4.2 6.94957397213861
  endloop
endfacet
facet normal 0.9927088740980539 4.022514954356274e-17 0.12053668025532495
  outer loop
    vertex -2.3 7.000000000000002 7.5
    vertex -2.2331661800799174 4.2 6.94957397213861
    vertex -2.2331661800799174 7 6.949573972138609
  endloop
endfacet
facet normal -0.9937122098932437 -0.11196447610329656 0
  outer loop
    vertex -35.474927912181826 -16.222520933956314 14
    vertex -35.5 -16 14
    vertex -35.5 -16 1
  endloop
endfacet
facet normal -0.9937122098932437 -0.11196447610329656 0
  outer loop
    vertex -35.474927912181826 -16.222520933956314 14
    vertex -35.5 -16 1
    vertex -35.474927912181826 -16.222520933956314 1
  endloop
endfacet
facet normal -0.9438833303083662 -0.33027906195517054 0
  outer loop
    vertex -35.40096886790242 -16.433883739117558 14
    vertex -35.474927912181826 -16.222520933956314 1
    vertex -35.40096886790242 -16.433883739117558 1
  endloop
endfacet
facet normal -0.9438833303083662 -0.33027906195517054 0
  outer loop
    vertex -35.40096886790242 -16.433883739117558 14
    vertex -35.474927912181826 -16.222520933956314 14
    vertex -35.474927912181826 -16.222520933956314 1
  endloop
endfacet
facet normal -0.846724199228276 -0.5320320765153498 0
  outer loop
    vertex -35.28183148246803 -16.62348980185873 14
    vertex -35.40096886790242 -16.433883739117558 1
    vertex -35.28183148246803 -16.62348980185873 1
  endloop
endfacet
facet normal -0.846724199228276 -0.5320320765153498 0
  outer loop
    vertex -35.28183148246803 -16.62348980185873 14
    vertex -35.40096886790242 -16.433883739117558 14
    vertex -35.40096886790242 -16.433883739117558 1
  endloop
endfacet
facet normal -0.7071067811865476 -0.7071067811865476 0
  outer loop
    vertex -35.12348980185873 -16.78183148246803 14
    vertex -35.28183148246803 -16.62348980185873 1
    vertex -35.12348980185873 -16.78183148246803 1
  endloop
endfacet
facet normal -0.7071067811865476 -0.7071067811865476 0
  outer loop
    vertex -35.12348980185873 -16.78183148246803 14
    vertex -35.28183148246803 -16.62348980185873 14
    vertex -35.28183148246803 -16.62348980185873 1
  endloop
endfacet
facet normal -0.5320320765153568 -0.8467241992282715 0
  outer loop
    vertex -34.93388373911756 -16.90096886790242 14
    vertex -35.12348980185873 -16.78183148246803 1
    vertex -34.93388373911756 -16.90096886790242 1
  endloop
endfacet
facet normal -0.5320320765153568 -0.8467241992282715 0
  outer loop
    vertex -34.93388373911756 -16.90096886790242 14
    vertex -35.12348980185873 -16.78183148246803 14
    vertex -35.12348980185873 -16.78183148246803 1
  endloop
endfacet
facet normal -0.11196447610331048 -0.9937122098932423 0
  outer loop
    vertex -34.72252093395632 -16.974927912181823 14
    vertex -34.72252093395632 -16.974927912181823 1
    vertex -34.5 -17 1
  endloop
endfacet
facet normal -0.33027906195515644 -0.9438833303083712 0
  outer loop
    vertex -34.72252093395632 -16.974927912181823 14
    vertex -34.93388373911756 -16.90096886790242 1
    vertex -34.72252093395632 -16.974927912181823 1
  endloop
endfacet
facet normal -0.33027906195515644 -0.9438833303083712 0
  outer loop
    vertex -34.72252093395632 -16.974927912181823 14
    vertex -34.93388373911756 -16.90096886790242 14
    vertex -34.93388373911756 -16.90096886790242 1
  endloop
endfacet
facet normal -0.11196447610331048 -0.9937122098932423 0
  outer loop
    vertex -34.5 -17 14
    vertex -34.72252093395632 -16.974927912181823 14
    vertex -34.5 -17 1
  endloop
endfacet
endsolid Model
