solid Model
facet normal -0.054147796986605386 -0.9985329318963383 0
  outer loop
    vertex 17.92047788199137 -0.971780065795081 0
    vertex 17.878663344526338 -0.96951257414466 3
    vertex 17.878663344526338 -0.96951257414466 0
  endloop
endfacet
facet normal -0.054147796986605386 -0.9985329318963383 0
  outer loop
    vertex 17.92047788199137 -0.971780065795081 0
    vertex 17.92047788199137 -0.971780065795081 3
    vertex 17.878663344526338 -0.96951257414466 3
  endloop
endfacet
facet normal 0.9969173337331306 -0.07845909572781179 0
  outer loop
    vertex 17.878663344526338 -0.96951257414466 0
    vertex 17.81021251170046 -1.839262870392303 3
    vertex 17.81021251170046 -1.839262870392303 0
  endloop
endfacet
facet normal 0.9969173337331306 -0.07845909572781179 0
  outer loop
    vertex 17.878663344526338 -0.96951257414466 0
    vertex 17.878663344526338 -0.96951257414466 3
    vertex 17.81021251170046 -1.839262870392303 3
  endloop
endfacet
facet normal 0.09171239423092578 -0.9957553033660501 0.007759675432436356
  outer loop
    vertex 18.275836733506782 -0.9437259788826265 2.4
    vertex 18.346428291928326 -0.9325486082402907 3
    vertex 17.92047788199137 -0.971780065795081 3
  endloop
endfacet
facet normal 0.2234157284351715 -0.9746893596926387 -0.008128000352829361
  outer loop
    vertex 18.275836733506782 -0.9437259788826265 2.4
    vertex 18.902672368226476 -0.8050478057968445 3
    vertex 18.346428291928326 -0.9325486082402907 3
  endloop
endfacet
facet normal 0.32165775332359375 -0.946803524332713 0.009968753080088886
  outer loop
    vertex 19.30985978769974 -0.6730312517082427 2.4
    vertex 19.48546490965709 -0.6070555775122738 3
    vertex 18.902672368226476 -0.8050478057968445 3
  endloop
endfacet
facet normal 0.3964009681090906 -0.9179536452060423 -0.015079049542820891
  outer loop
    vertex 19.30985978769974 -0.6730312517082427 2.4
    vertex 20.050234036841495 -0.363170682078612 3
    vertex 19.48546490965709 -0.6070555775122738 3
  endloop
endfacet
facet normal 0.2530411594183079 -0.9665884342464062 -0.04095082931174012
  outer loop
    vertex 19.30985978769974 -0.6730312517082427 2.4
    vertex 18.902672368226476 -0.8050478057968445 3
    vertex 18.275836733506782 -0.9437259788826265 2.4
  endloop
endfacet
facet normal 0.07870092623042318 -0.9968982717461563 0
  outer loop
    vertex 18.275836733506782 -0.9437259788826265 1.2000000000000002
    vertex 17.92047788199137 -0.971780065795081 3
    vertex 17.92047788199137 -0.971780065795081 0
  endloop
endfacet
facet normal 0.0787009262304232 -0.9968982717461564 0
  outer loop
    vertex 18.275836733506782 -0.9437259788826265 1.2000000000000002
    vertex 18.275836733506782 -0.9437259788826265 2.4
    vertex 17.92047788199137 -0.971780065795081 3
  endloop
endfacet
facet normal 0.09171239423092578 -0.9957553033660501 -0.007759675432436356
  outer loop
    vertex 18.275836733506782 -0.9437259788826265 0.6000000000000001
    vertex 17.92047788199137 -0.971780065795081 0
    vertex 18.346428291928326 -0.9325486082402907 0
  endloop
endfacet
facet normal 0.2234157284351715 -0.9746893596926387 0.008128000352829361
  outer loop
    vertex 18.275836733506782 -0.9437259788826265 0.6000000000000001
    vertex 18.346428291928326 -0.9325486082402907 0
    vertex 18.902672368226476 -0.8050478057968445 0
  endloop
endfacet
facet normal 0.0787009262304232 -0.9968982717461564 0
  outer loop
    vertex 18.275836733506782 -0.9437259788826265 0.6000000000000001
    vertex 18.275836733506782 -0.9437259788826265 1.2000000000000002
    vertex 17.92047788199137 -0.971780065795081 0
  endloop
endfacet
facet normal 0.38607072920710667 -0.9224691821678884 0
  outer loop
    vertex 19.30985978769974 -0.6730312517082427 1.2000000000000002
    vertex 20.050234036841495 -0.363170682078612 0
    vertex 20.050234036841495 -0.363170682078612 3
  endloop
endfacet
facet normal 0.3860707292071067 -0.9224691821678885 0
  outer loop
    vertex 19.30985978769974 -0.6730312517082427 1.2000000000000002
    vertex 20.050234036841495 -0.363170682078612 3
    vertex 19.30985978769974 -0.6730312517082427 2.4
  endloop
endfacet
facet normal 0.25325359791534574 -0.967399925130725 0
  outer loop
    vertex 19.30985978769974 -0.6730312517082427 1.2000000000000002
    vertex 18.275836733506782 -0.9437259788826265 2.4
    vertex 18.275836733506782 -0.9437259788826265 1.2000000000000002
  endloop
endfacet
facet normal 0.25325359791534574 -0.967399925130725 0
  outer loop
    vertex 19.30985978769974 -0.6730312517082427 1.2000000000000002
    vertex 19.30985978769974 -0.6730312517082427 2.4
    vertex 18.275836733506782 -0.9437259788826265 2.4
  endloop
endfacet
facet normal 0.32165775332359375 -0.946803524332713 -0.009968753080088886
  outer loop
    vertex 19.30985978769974 -0.6730312517082427 0.6000000000000001
    vertex 18.902672368226476 -0.8050478057968445 0
    vertex 19.48546490965709 -0.6070555775122738 0
  endloop
endfacet
facet normal 0.3964009681090906 -0.9179536452060423 0.015079049542820891
  outer loop
    vertex 19.30985978769974 -0.6730312517082427 0.6000000000000001
    vertex 19.48546490965709 -0.6070555775122738 0
    vertex 20.050234036841495 -0.363170682078612 0
  endloop
endfacet
facet normal 0.3860707292071067 -0.9224691821678885 0
  outer loop
    vertex 19.30985978769974 -0.6730312517082427 0.6000000000000001
    vertex 20.050234036841495 -0.363170682078612 0
    vertex 19.30985978769974 -0.6730312517082427 1.2000000000000002
  endloop
endfacet
facet normal 0.25325359791534574 -0.967399925130725 0
  outer loop
    vertex 19.30985978769974 -0.6730312517082427 0.6000000000000001
    vertex 19.30985978769974 -0.6730312517082427 1.2000000000000002
    vertex 18.275836733506782 -0.9437259788826265 1.2000000000000002
  endloop
endfacet
facet normal 0.25325359791534574 -0.967399925130725 0
  outer loop
    vertex 19.30985978769974 -0.6730312517082427 0.6000000000000001
    vertex 18.275836733506782 -0.9437259788826265 1.2000000000000002
    vertex 18.275836733506782 -0.9437259788826265 0.6000000000000001
  endloop
endfacet
facet normal 0.2530411594183079 -0.9665884342464062 0.04095082931174012
  outer loop
    vertex 19.30985978769974 -0.6730312517082427 0.6000000000000001
    vertex 18.275836733506782 -0.9437259788826265 0.6000000000000001
    vertex 18.902672368226476 -0.8050478057968445 0
  endloop
endfacet
facet normal 0 0 -1
  outer loop
    vertex -14.207557487606941 -13.34905125677465 0
    vertex -13.92085599980204 -14.43445690385389 0
    vertex -14.434456903853903 -13.920855999802036 0
  endloop
endfacet
facet normal 0 0 -1
  outer loop
    vertex -13.232203903523875 -14.15510985258301 0
    vertex -13.92085599980204 -14.43445690385389 0
    vertex -14.207557487606941 -13.34905125677465 0
  endloop
endfacet
facet normal 0 0 -1
  outer loop
    vertex -11.944387186696412 -15.407253939425507 0
    vertex -11.491420618207693 -16.4344464479906 0
    vertex -12.07904312552837 -16.007513706008993 0
  endloop
endfacet
facet normal 0 0 -1
  outer loop
    vertex -16.120890570992774 -10.962150629221215 0
    vertex -16.007513706008993 -12.079043125528358 0
    vertex -16.43444644799061 -11.491420618207687 0
  endloop
endfacet
facet normal 0 0 -1
  outer loop
    vertex -16.120890570992774 -10.962150629221215 0
    vertex -15.283640553262522 -11.910864222288588 0
    vertex -16.007513706008993 -12.079043125528358 0
  endloop
endfacet
facet normal 0 0 -1
  outer loop
    vertex -10.854946478513474 -16.05080970019061 0
    vertex -11.491420618207693 -16.4344464479906 0
    vertex -11.944387186696412 -15.407253939425507 0
  endloop
endfacet
facet normal 0 0 -0.9999999999999999
  outer loop
    vertex -13.935462576778448 -12.796953051461514 0
    vertex -13.232203903523875 -14.15510985258301 0
    vertex -14.207557487606941 -13.34905125677465 0
  endloop
endfacet
facet normal 0 0 -1
  outer loop
    vertex -11.762009403133757 -14.819387957358781 0
    vertex -10.854946478513474 -16.05080970019061 0
    vertex -11.944387186696412 -15.407253939425507 0
  endloop
endfacet
facet normal 0 0 -1
  outer loop
    vertex -9.38710643210103 -17.08607889634381 0
    vertex -8.779028323154577 -18.02976537777709 0
    vertex -9.426203217406542 -17.700013298881856 0
  endloop
endfacet
facet normal 0 0 -1
  outer loop
    vertex -12.576119354962644 -13.806304059332517 0
    vertex -13.232203903523875 -14.15510985258301 0
    vertex -13.935462576778448 -12.796953051461514 0
  endloop
endfacet
facet normal 0 0 -1
  outer loop
    vertex -15.765778412634488 -10.459414690785678 0
    vertex -15.283640553262522 -11.910864222288588 0
    vertex -16.120890570992774 -10.962150629221215 0
  endloop
endfacet
facet normal 0 0 -1
  outer loop
    vertex -15.765778412634488 -10.459414690785678 0
    vertex -14.581068246533897 -11.668987042538369 0
    vertex -15.283640553262522 -11.910864222288588 0
  endloop
endfacet
facet normal 0 0 -1
  outer loop
    vertex -13.632295300447847 -12.31347241110219 0
    vertex -12.576119354962644 -13.806304059332517 0
    vertex -13.935462576778448 -12.796953051461514 0
  endloop
endfacet
facet normal 0 0 -1
  outer loop
    vertex -17.63727382635189 -8.305325471883615 0
    vertex -17.70001329888185 -9.426203217406531 0
    vertex -18.029765377777096 -8.779028323154568 0
  endloop
endfacet
facet normal 0 0 -0.9999999999999999
  outer loop
    vertex -17.63727382635189 -8.305325471883615 0
    vertex -16.958743249084954 -9.373333584949407 0
    vertex -17.70001329888185 -9.426203217406531 0
  endloop
endfacet
facet normal 0 0 -1
  outer loop
    vertex -10.261504667125 -15.60366404968972 0
    vertex -10.854946478513474 -16.05080970019061 0
    vertex -11.762009403133757 -14.819387957358781 0
  endloop
endfacet
facet normal 0 0 -1
  outer loop
    vertex -11.538207654383895 -14.294433955281699 0
    vertex -10.261504667125 -15.60366404968972 0
    vertex -11.762009403133757 -14.819387957358781 0
  endloop
endfacet
facet normal 0 0 -1
  outer loop
    vertex -12.22361009581809 -13.566316217326102 0
    vertex -12.576119354962644 -13.806304059332517 0
    vertex -13.632295300447847 -12.31347241110219 0
  endloop
endfacet
facet normal 0 0 -1
  outer loop
    vertex -8.210404245700142 -17.5512853433962 0
    vertex -9.38710643210103 -17.08607889634381 0
    vertex -9.298936522112715 -16.476920349017625 0
  endloop
endfacet
facet normal 0 0 -1
  outer loop
    vertex -8.210404245700142 -17.5512853433962 0
    vertex -8.779028323154577 -18.02976537777709 0
    vertex -9.38710643210103 -17.08607889634381 0
  endloop
endfacet
facet normal 0 0 -1
  outer loop
    vertex -15.390710593220742 -10.029312310089622 0
    vertex -14.581068246533897 -11.668987042538369 0
    vertex -15.765778412634488 -10.459414690785678 0
  endloop
endfacet
facet normal 0 0 -0.9999999999999999
  outer loop
    vertex -15.390710593220742 -10.029312310089622 0
    vertex -14.195356591644616 -11.487098446480084 0
    vertex -14.581068246533897 -11.668987042538369 0
  endloop
endfacet
facet normal 0 0 -1
  outer loop
    vertex -13.358843706805265 -11.984539158114043 0
    vertex -11.984539158114048 -13.358843706805263 0
    vertex -12.22361009581809 -13.566316217326102 0
  endloop
endfacet
facet normal 0 0 -1
  outer loop
    vertex -13.358843706805265 -11.984539158114043 0
    vertex -12.22361009581809 -13.566316217326102 0
    vertex -13.632295300447847 -12.31347241110219 0
  endloop
endfacet
facet normal 0 0 -1
  outer loop
    vertex -13.327673005089267 -11.95657517384263 0
    vertex -11.984539158114048 -13.358843706805263 0
    vertex -13.358843706805265 -11.984539158114043 0
  endloop
endfacet
facet normal 0 0 -1
  outer loop
    vertex -11.956575173842628 -13.327673005089263 0
    vertex -11.984539158114048 -13.358843706805263 0
    vertex -13.327673005089267 -11.95657517384263 0
  endloop
endfacet
facet normal 0 0 -1
  outer loop
    vertex -9.950877751596304 -15.31148625887916 0
    vertex -10.261504667125 -15.60366404968972 0
    vertex -11.538207654383895 -14.294433955281699 0
  endloop
endfacet
facet normal 0 0 -1
  outer loop
    vertex -11.319579201091022 -13.926773162705246 0
    vertex -9.950877751596304 -15.31148625887916 0
    vertex -11.538207654383895 -14.294433955281699 0
  endloop
endfacet
facet normal 0 0 -1
  outer loop
    vertex -17.20788846035167 -7.864330827614358 0
    vertex -16.958743249084954 -9.373333584949407 0
    vertex -17.63727382635189 -8.305325471883615 0
  endloop
endfacet
facet normal 0 0 -1
  outer loop
    vertex -17.20788846035167 -7.864330827614358 0
    vertex -16.226982846084393 -9.244340837609258 0
    vertex -16.958743249084954 -9.373333584949407 0
  endloop
endfacet
facet normal 0 0 -1
  outer loop
    vertex -6.598683963127096 -18.344187885388756 0
    vertex -5.850467214860824 -19.181131646602044 0
    vertex -6.54125890229726 -18.956679821359987 0
  endloop
endfacet
facet normal 0 0 -1
  outer loop
    vertex -9.747206025044978 -15.06916914499756 0
    vertex -9.950877751596304 -15.31148625887916 0
    vertex -11.319579201091022 -13.926773162705246 0
  endloop
endfacet
facet normal 0 0 -1
  outer loop
    vertex -15.06916914499756 -9.74720602504497 0
    vertex -14.195356591644616 -11.487098446480084 0
    vertex -15.390710593220742 -10.029312310089622 0
  endloop
endfacet
facet normal 0 0 -1
  outer loop
    vertex -15.06916914499756 -9.74720602504497 0
    vertex -13.92677316270525 -11.319579201091019 0
    vertex -14.195356591644616 -11.487098446480084 0
  endloop
endfacet
facet normal 0 0 -1
  outer loop
    vertex -15.034007675424608 -9.724462495871382 0
    vertex -13.92677316270525 -11.319579201091019 0
    vertex -15.06916914499756 -9.74720602504497 0
  endloop
endfacet
facet normal 0 0 -1
  outer loop
    vertex -15.034007675424608 -9.724462495871382 0
    vertex -13.89427728943591 -11.293166793357848 0
    vertex -13.92677316270525 -11.319579201091019 0
  endloop
endfacet
facet normal 0 0 -1
  outer loop
    vertex -9.724462495871382 -15.034007675424604 0
    vertex -9.747206025044978 -15.06916914499756 0
    vertex -11.319579201091022 -13.926773162705246 0
  endloop
endfacet
facet normal 0 0 -1
  outer loop
    vertex -9.724462495871382 -15.034007675424604 0
    vertex -11.319579201091022 -13.926773162705246 0
    vertex -11.293166793357855 -13.894277289435914 0
  endloop
endfacet
facet normal 0 0 -1
  outer loop
    vertex -7.694217678401257 -17.01681004555158 0
    vertex -9.298936522112715 -16.476920349017625 0
    vertex -9.160011042753268 -15.923419094976017 0
  endloop
endfacet
facet normal 0 0 -1
  outer loop
    vertex -7.694217678401257 -17.01681004555158 0
    vertex -8.210404245700142 -17.5512853433962 0
    vertex -9.298936522112715 -16.476920349017625 0
  endloop
endfacet
facet normal 0 0 -1
  outer loop
    vertex -16.77015551234804 -7.4981972546229825 0
    vertex -16.226982846084393 -9.244340837609258 0
    vertex -17.20788846035167 -7.864330827614358 0
  endloop
endfacet
facet normal 0 0 -1
  outer loop
    vertex -16.77015551234804 -7.4981972546229825 0
    vertex -15.817566296496054 -9.125030188387226 0
    vertex -16.226982846084393 -9.244340837609258 0
  endloop
endfacet
facet normal 0 0 -1
  outer loop
    vertex -18.719368865351186 -5.4439956376342575 0
    vertex -18.956679821359977 -6.54125890229725 0
    vertex -19.181131646602044 -5.850467214860814 0
  endloop
endfacet
facet normal 0 0 -1
  outer loop
    vertex -18.719368865351186 -5.4439956376342575 0
    vertex -18.2162654032729 -6.605000366438122 0
    vertex -18.956679821359977 -6.54125890229725 0
  endloop
endfacet
facet normal 0 0 -1
  outer loop
    vertex -7.433121772060797 -16.67963669282957 0
    vertex -9.160011042753268 -15.923419094976017 0
    vertex -9.001589087916388 -15.52608379172044 0
  endloop
endfacet
facet normal 0 0 -1
  outer loop
    vertex -7.433121772060797 -16.67963669282957 0
    vertex -7.694217678401257 -17.01681004555158 0
    vertex -9.160011042753268 -15.923419094976017 0
  endloop
endfacet
facet normal 0 0 -1
  outer loop
    vertex -5.363694611588221 -18.61959009207089 0
    vertex -5.850467214860824 -19.181131646602044 0
    vertex -6.598683963127096 -18.344187885388756 0
  endloop
endfacet
facet normal 0 0 -1
  outer loop
    vertex -5.363694611588221 -18.61959009207089 0
    vertex -6.598683963127096 -18.344187885388756 0
    vertex -6.606892962515956 -17.72873627791904 0
  endloop
endfacet
facet normal 0 0 -1
  outer loop
    vertex -7.269864330517156 -16.408441627134916 0
    vertex -7.433121772060797 -16.67963669282957 0
    vertex -9.001589087916388 -15.52608379172044 0
  endloop
endfacet
facet normal 0 0 -0.9999999999999999
  outer loop
    vertex -16.408441627134913 -7.26986433051715 0
    vertex -15.817566296496054 -9.125030188387226 0
    vertex -16.77015551234804 -7.4981972546229825 0
  endloop
endfacet
facet normal 0 0 -0.9999999999999999
  outer loop
    vertex -16.408441627134913 -7.26986433051715 0
    vertex -15.526083791720442 -9.001589087916383 0
    vertex -15.817566296496054 -9.125030188387226 0
  endloop
endfacet
facet normal 0 0 -0.9999999999999999
  outer loop
    vertex -16.408441627134913 -7.26986433051715 0
    vertex -15.489856185700695 -8.98058533530219 0
    vertex -15.526083791720442 -9.001589087916383 0
  endloop
endfacet
facet normal 0 0 -1
  outer loop
    vertex -7.252901277611084 -16.37015518178012 0
    vertex -9.001589087916388 -15.52608379172044 0
    vertex -8.980585335302196 -15.489856185700702 0
  endloop
endfacet
facet normal 0 0 -1
  outer loop
    vertex -7.252901277611084 -16.37015518178012 0
    vertex -7.269864330517156 -16.408441627134916 0
    vertex -9.001589087916388 -15.52608379172044 0
  endloop
endfacet
facet normal 0 0 -1
  outer loop
    vertex -16.370155181780124 -7.252901277611084 0
    vertex -15.489856185700695 -8.98058533530219 0
    vertex -16.408441627134913 -7.26986433051715 0
  endloop
endfacet
facet normal 0 0 -1
  outer loop
    vertex -18.226283184469313 -5.075601039251279 0
    vertex -17.473335273695827 -6.592068281049937 0
    vertex -18.2162654032729 -6.605000366438122 0
  endloop
endfacet
facet normal 0 0 -1
  outer loop
    vertex -18.226283184469313 -5.075601039251279 0
    vertex -18.2162654032729 -6.605000366438122 0
    vertex -18.719368865351186 -5.4439956376342575 0
  endloop
endfacet
facet normal 0 0 -0.9999999999999999
  outer loop
    vertex -4.937473514790825 -18.0109457025373 0
    vertex -6.606892962515956 -17.72873627791904 0
    vertex -6.556264558916131 -17.160316809753425 0
  endloop
endfacet
facet normal 0 0 -1
  outer loop
    vertex -4.937473514790825 -18.0109457025373 0
    vertex -5.363694611588221 -18.61959009207089 0
    vertex -6.606892962515956 -17.72873627791904 0
  endloop
endfacet
facet normal 0 0 -1
  outer loop
    vertex -2.777848187149712 -19.86019479576142 0
    vertex -3.495247083819764 -19.746569973022897 0
    vertex -3.6477799952045196 -19.150602087826194 0
  endloop
endfacet
facet normal 0 0 -1
  outer loop
    vertex -17.736663545807023 -4.782451697658212 0
    vertex -17.473335273695827 -6.592068281049937 0
    vertex -18.226283184469313 -5.075601039251279 0
  endloop
endfacet
facet normal 0 0 -1
  outer loop
    vertex -17.736663545807023 -4.782451697658212 0
    vertex -17.050295023637204 -6.538273402818172 0
    vertex -17.473335273695827 -6.592068281049937 0
  endloop
endfacet
facet normal 0 0 -1
  outer loop
    vertex -4.732337665380293 -17.637079114862185 0
    vertex -6.556264558916131 -17.160316809753425 0
    vertex -6.46194997683585 -16.74309070966561 0
  endloop
endfacet
facet normal 0 0 -1
  outer loop
    vertex -4.732337665380293 -17.637079114862185 0
    vertex -4.937473514790825 -18.0109457025373 0
    vertex -6.556264558916131 -17.160316809753425 0
  endloop
endfacet
facet normal 0 0 -1
  outer loop
    vertex -4.613514448875566 -17.343683819916578 0
    vertex -4.732337665380293 -17.637079114862185 0
    vertex -6.46194997683585 -16.74309070966561 0
  endloop
endfacet
facet normal 0 0 -1
  outer loop
    vertex -17.34368381991657 -4.613514448875559 0
    vertex -16.743090709665605 -6.461949976835845 0
    vertex -17.050295023637204 -6.538273402818172 0
  endloop
endfacet
facet normal 0 0 -0.9999999999999999
  outer loop
    vertex -17.34368381991657 -4.613514448875559 0
    vertex -17.050295023637204 -6.538273402818172 0
    vertex -17.736663545807023 -4.782451697658212 0
  endloop
endfacet
facet normal 0 0 -1
  outer loop
    vertex -4.60274955889671 -17.30321513813 0
    vertex -6.46194997683585 -16.74309070966561 0
    vertex -6.446872061437455 -16.7040234147882 0
  endloop
endfacet
facet normal 0 0 -1
  outer loop
    vertex -4.60274955889671 -17.30321513813 0
    vertex -4.613514448875566 -17.343683819916578 0
    vertex -6.46194997683585 -16.74309070966561 0
  endloop
endfacet
facet normal 0 0 -1
  outer loop
    vertex -17.30321513813 -4.602749558896709 0
    vertex -16.70402341478819 -6.446872061437448 0
    vertex -16.743090709665605 -6.461949976835845 0
  endloop
endfacet
facet normal 0 0 -1
  outer loop
    vertex -17.30321513813 -4.602749558896709 0
    vertex -16.743090709665605 -6.461949976835845 0
    vertex -17.34368381991657 -4.613514448875559 0
  endloop
endfacet
facet normal 0 0 -0.9999999999999999
  outer loop
    vertex -19.340530916861702 -2.4486165632002037 0
    vertex -19.746569973022883 -3.495247083819757 0
    vertex -19.860194795761412 -2.777848187149701 0
  endloop
endfacet
facet normal 0 0 -1
  outer loop
    vertex -19.340530916861702 -2.4486165632002037 0
    vertex -19.0252426469135 -3.6740301181656836 0
    vertex -19.746569973022883 -3.495247083819757 0
  endloop
endfacet
facet normal 0 0 -0.9999999999999999
  outer loop
    vertex -2.3849130150571596 -19.229418737802142 0
    vertex -3.6477799952045196 -19.150602087826194 0
    vertex -3.7521657711615286 -18.544011881355523 0
  endloop
endfacet
facet normal 0 0 -1
  outer loop
    vertex -2.3849130150571596 -19.229418737802142 0
    vertex -2.777848187149712 -19.86019479576142 0
    vertex -3.6477799952045196 -19.150602087826194 0
  endloop
endfacet
facet normal 0 0 -0.9999999999999999
  outer loop
    vertex -18.79588632701854 -2.161893108346878 0
    vertex -19.0252426469135 -3.6740301181656836 0
    vertex -19.340530916861702 -2.4486165632002037 0
  endloop
endfacet
facet normal 0 0 -1
  outer loop
    vertex -18.79588632701854 -2.161893108346878 0
    vertex -18.289436196193833 -3.7774771255908526 0
    vertex -19.0252426469135 -3.6740301181656836 0
  endloop
endfacet
facet normal 0 0 -1
  outer loop
    vertex -2.0591523667111233 -18.561592101424804 0
    vertex -2.3849130150571596 -19.229418737802142 0
    vertex -3.7521657711615286 -18.544011881355523 0
  endloop
endfacet
facet normal 0 0 -1
  outer loop
    vertex -2.0591523667111233 -18.561592101424804 0
    vertex -3.7521657711615286 -18.544011881355523 0
    vertex -3.791081082643927 -17.974670572848307 0
  endloop
endfacet
facet normal 0 0 -0.9999999999999999
  outer loop
    vertex -18.26643605815635 -1.948946307849564 0
    vertex -18.289436196193833 -3.7774771255908526 0
    vertex -18.79588632701854 -2.161893108346878 0
  endloop
endfacet
facet normal 0 0 -0.9999999999999999
  outer loop
    vertex -18.26643605815635 -1.948946307849564 0
    vertex -17.863188900610695 -3.790522626786012 0
    vertex -18.289436196193833 -3.7774771255908526 0
  endloop
endfacet
facet normal 0 0 -1
  outer loop
    vertex -1.9150276996494837 -18.160238114976394 0
    vertex -2.0591523667111233 -18.561592101424804 0
    vertex -3.791081082643927 -17.974670572848307 0
  endloop
endfacet
facet normal 0 0 -1
  outer loop
    vertex -1.9150276996494837 -18.160238114976394 0
    vertex -3.791081082643927 -17.974670572848307 0
    vertex -3.76319621134319 -17.547827167206542 0
  endloop
endfacet
facet normal 0 0 -1
  outer loop
    vertex -1.843564530126042 -17.85186695666537 0
    vertex -1.9150276996494837 -18.160238114976394 0
    vertex -3.76319621134319 -17.547827167206542 0
  endloop
endfacet
facet normal 0 0 -1
  outer loop
    vertex -17.85186695666536 -1.843564530126036 0
    vertex -17.547827167206535 -3.763196211343187 0
    vertex -17.863188900610695 -3.790522626786012 0
  endloop
endfacet
facet normal 0 0 -0.9999999999999999
  outer loop
    vertex -17.85186695666536 -1.843564530126036 0
    vertex -17.50688214992825 -3.754415401478427 0
    vertex -17.547827167206535 -3.763196211343187 0
  endloop
endfacet
facet normal 0 0 -1
  outer loop
    vertex -17.85186695666536 -1.843564530126036 0
    vertex -17.863188900610695 -3.790522626786012 0
    vertex -18.26643605815635 -1.948946307849564 0
  endloop
endfacet
facet normal 0 0 -0.9999999999999999
  outer loop
    vertex 0.363170682078604 -20.05023403684153 0
    vertex -0.363170682078614 -20.050234036841534 0
    vertex -0.6070555775123063 -19.48546490965701 0
  endloop
endfacet
facet normal 0 0 -0.9999999999999999
  outer loop
    vertex -1.839262870392303 -17.810212511700453 0
    vertex -1.843564530126042 -17.85186695666537 0
    vertex -3.76319621134319 -17.547827167206542 0
  endloop
endfacet
facet normal 0 0 -1
  outer loop
    vertex -1.839262870392303 -17.810212511700453 0
    vertex -3.76319621134319 -17.547827167206542 0
    vertex -3.754415401478433 -17.506882149928263 0
  endloop
endfacet
facet normal 0 0 -1
  outer loop
    vertex -17.810212511700453 -1.839262870392301 0
    vertex -17.50688214992825 -3.754415401478427 0
    vertex -17.85186695666536 -1.843564530126036 0
  endloop
endfacet
facet normal 0 0 -1
  outer loop
    vertex -19.485464909657082 0.6070555775122781 0
    vertex -20.050234036841513 -0.363170682078609 0
    vertex -20.050234036841516 0.363170682078613 0
  endloop
endfacet
facet normal 0 0 -1
  outer loop
    vertex -19.485464909657082 0.6070555775122781 0
    vertex -19.365755275426785 -0.6525930549771229 0
    vertex -20.050234036841513 -0.363170682078609 0
  endloop
endfacet
facet normal 0 0 -1
  outer loop
    vertex 0.6525930549771166 -19.365755275426796 0
    vertex 0.363170682078604 -20.05023403684153 0
    vertex -0.6070555775123063 -19.48546490965701 0
  endloop
endfacet
facet normal 0 0 -1
  outer loop
    vertex 0.6525930549771166 -19.365755275426796 0
    vertex -0.6070555775123063 -19.48546490965701 0
    vertex -0.8050478057969215 -18.9026723682263 0
  endloop
endfacet
facet normal 0 0 -1
  outer loop
    vertex -18.90267236822644 0.80504780579687 0
    vertex -19.365755275426785 -0.6525930549771229 0
    vertex -19.485464909657082 0.6070555775122781 0
  endloop
endfacet
facet normal 0 0 -1
  outer loop
    vertex -18.90267236822644 0.80504780579687 0
    vertex -18.655190500382847 -0.8698719465719029 0
    vertex -19.365755275426785 -0.6525930549771229 0
  endloop
endfacet
facet normal 0 0 -1
  outer loop
    vertex 0.8698719465719034 -18.65519050038286 0
    vertex -0.8050478057969215 -18.9026723682263 0
    vertex -0.932548608240307 -18.346428291928262 0
  endloop
endfacet
facet normal 0 0 -1
  outer loop
    vertex 0.8698719465719034 -18.65519050038286 0
    vertex 0.6525930549771166 -19.365755275426796 0
    vertex -0.8050478057969215 -18.9026723682263 0
  endloop
endfacet
facet normal 0 0 -1
  outer loop
    vertex -18.346428291928323 0.9325486082402971 0
    vertex -18.23623178232578 -0.9494366036589804 0
    vertex -18.655190500382847 -0.8698719465719029 0
  endloop
endfacet
facet normal 0 0 -1
  outer loop
    vertex -18.346428291928323 0.9325486082402971 0
    vertex -18.655190500382847 -0.8698719465719029 0
    vertex -18.90267236822644 0.80504780579687 0
  endloop
endfacet
facet normal 0 0 -1
  outer loop
    vertex 0.9494366036590056 -18.236231782325607 0
    vertex -0.932548608240307 -18.346428291928262 0
    vertex -0.971780065795079 -17.920477881991403 0
  endloop
endfacet
facet normal 0 0 -1
  outer loop
    vertex 0.9494366036590056 -18.236231782325607 0
    vertex 0.8698719465719034 -18.65519050038286 0
    vertex -0.932548608240307 -18.346428291928262 0
  endloop
endfacet
facet normal 0 0 -0.9999999999999999
  outer loop
    vertex 0.971780065795075 -17.920477881991403 0
    vertex 0.9494366036590056 -18.236231782325607 0
    vertex -0.971780065795079 -17.920477881991403 0
  endloop
endfacet
facet normal 0 0 -1
  outer loop
    vertex -17.920477881991392 0.97178006579508 0
    vertex -17.920477881991392 -0.971780065795077 0
    vertex -18.23623178232578 -0.9494366036589804 0
  endloop
endfacet
facet normal 0 0 -1
  outer loop
    vertex -17.920477881991392 0.97178006579508 0
    vertex -18.23623178232578 -0.9494366036589804 0
    vertex -18.346428291928323 0.9325486082402971 0
  endloop
endfacet
facet normal 0 0 -1
  outer loop
    vertex 0.969512574144663 -17.87866334452636 0
    vertex -0.971780065795079 -17.920477881991403 0
    vertex -0.969512574144667 -17.878663344526366 0
  endloop
endfacet
facet normal 0 0 -1
  outer loop
    vertex 0.969512574144663 -17.87866334452636 0
    vertex 0.971780065795075 -17.920477881991403 0
    vertex -0.971780065795079 -17.920477881991403 0
  endloop
endfacet
facet normal 0 0 -1
  outer loop
    vertex -17.87866334452636 0.969512574144665 0
    vertex -17.878663344526352 -0.969512574144662 0
    vertex -17.920477881991392 -0.971780065795077 0
  endloop
endfacet
facet normal 0 0 -0.9999999999999999
  outer loop
    vertex -17.87866334452636 0.969512574144665 0
    vertex -17.920477881991392 -0.971780065795077 0
    vertex -17.920477881991392 0.97178006579508 0
  endloop
endfacet
facet normal 0 0 -1
  outer loop
    vertex 3.495247083819755 -19.7465699730229 0
    vertex 2.777848187149703 -19.86019479576143 0
    vertex 2.448616563200175 -19.340530916861656 0
  endloop
endfacet
facet normal 0 0 -1
  outer loop
    vertex -19.1506020878262 3.647779995204515 0
    vertex -19.860194795761405 2.777848187149705 0
    vertex -19.746569973022883 3.495247083819761 0
  endloop
endfacet
facet normal 0 0 -1
  outer loop
    vertex -19.1506020878262 3.647779995204515 0
    vertex -19.22941873780213 2.384913015057151 0
    vertex -19.860194795761405 2.777848187149705 0
  endloop
endfacet
facet normal 0 0 -1
  outer loop
    vertex 3.6740301181656805 -19.025242646913515 0
    vertex 2.448616563200175 -19.340530916861656 0
    vertex 2.1618931083468214 -18.795886327018437 0
  endloop
endfacet
facet normal 0 0 -1
  outer loop
    vertex 3.6740301181656805 -19.025242646913515 0
    vertex 3.495247083819755 -19.7465699730229 0
    vertex 2.448616563200175 -19.340530916861656 0
  endloop
endfacet
facet normal 0 0 -0.9999999999999999
  outer loop
    vertex -0.7485107481711022 -14.563122658240793 0
    vertex -1.839262870392303 -17.810212511700453 0
    vertex -3.754415401478433 -17.506882149928263 0
  endloop
endfacet
facet normal 0 0 -1
  outer loop
    vertex -0.5680647467311574 -14.722983865893655 0
    vertex -1.839262870392303 -17.810212511700453 0
    vertex -0.7485107481711022 -14.563122658240793 0
  endloop
endfacet
facet normal 0 0 -1
  outer loop
    vertex -0.5680647467311574 -14.722983865893655 0
    vertex -0.969512574144667 -17.878663344526366 0
    vertex -1.839262870392303 -17.810212511700453 0
  endloop
endfacet
facet normal 0 0 -1
  outer loop
    vertex -14.468064746731157 -0.8229838658936554 0
    vertex -17.810212511700453 -1.839262870392301 0
    vertex -14.648510748171102 -0.663122658240794 0
  endloop
endfacet
facet normal 0 0 -1
  outer loop
    vertex -14.468064746731157 -0.8229838658936554 0
    vertex -17.50688214992825 -3.754415401478427 0
    vertex -17.810212511700453 -1.839262870392301 0
  endloop
endfacet
facet normal 0 0 -1
  outer loop
    vertex -0.8854560256532106 -14.364723172043766 0
    vertex -0.7485107481711022 -14.563122658240793 0
    vertex -3.754415401478433 -17.506882149928263 0
  endloop
endfacet
facet normal 0 0 -1
  outer loop
    vertex -14.785456025653211 -0.4647231720437673 0
    vertex -14.648510748171102 -0.663122658240794 0
    vertex -17.810212511700453 -1.839262870392301 0
  endloop
endfacet
facet normal 0 0 -1
  outer loop
    vertex -14.785456025653211 -0.4647231720437673 0
    vertex -17.810212511700453 -1.839262870392301 0
    vertex -17.878663344526352 -0.969512574144662 0
  endloop
endfacet
facet normal 0 0 -1
  outer loop
    vertex -0.35460488704253756 -14.835016242685413 0
    vertex -0.969512574144667 -17.878663344526366 0
    vertex -0.5680647467311574 -14.722983865893655 0
  endloop
endfacet
facet normal 0 0 -1
  outer loop
    vertex -14.254604887042538 -0.9350162426854141 0
    vertex -17.50688214992825 -3.754415401478427 0
    vertex -14.468064746731157 -0.8229838658936554 0
  endloop
endfacet
facet normal 0 0 -1
  outer loop
    vertex -14.254604887042538 -0.9350162426854141 0
    vertex -17.30321513813 -4.602749558896709 0
    vertex -17.50688214992825 -3.754415401478427 0
  endloop
endfacet
facet normal 0 0 -0.9999999999999999
  outer loop
    vertex -0.9709418174260523 -14.139315664287555 0
    vertex -3.754415401478433 -17.506882149928263 0
    vertex -4.60274955889671 -17.30321513813 0
  endloop
endfacet
facet normal 0 0 -0.9999999999999999
  outer loop
    vertex -0.9709418174260523 -14.139315664287555 0
    vertex -0.8854560256532106 -14.364723172043766 0
    vertex -3.754415401478433 -17.506882149928263 0
  endloop
endfacet
facet normal 0 0 -1
  outer loop
    vertex -14.870941817426052 -0.23931566428755657 0
    vertex -14.785456025653211 -0.4647231720437673 0
    vertex -17.878663344526352 -0.969512574144662 0
  endloop
endfacet
facet normal 0 0 -1
  outer loop
    vertex -0.12053668025532534 -14.892708874098052 0
    vertex -0.969512574144667 -17.878663344526366 0
    vertex -0.35460488704253756 -14.835016242685413 0
  endloop
endfacet
facet normal 0 0 -1
  outer loop
    vertex -14.020536680255326 -0.9927088740980538 0
    vertex -17.30321513813 -4.602749558896709 0
    vertex -14.254604887042538 -0.9350162426854141 0
  endloop
endfacet
facet normal 0 0 -1
  outer loop
    vertex -1 -13.899999999999997 0
    vertex -0.9709418174260523 -14.139315664287555 0
    vertex -4.60274955889671 -17.30321513813 0
  endloop
endfacet
facet normal 0 0 -1
  outer loop
    vertex -1 -13.899999999999997 0
    vertex -4.60274955889671 -17.30321513813 0
    vertex -6.446872061437455 -16.7040234147882 0
  endloop
endfacet
facet normal 0 0 -0.9999999999999999
  outer loop
    vertex -14.9 1.0106430996148606e-15 0
    vertex -14.870941817426052 -0.23931566428755657 0
    vertex -17.878663344526352 -0.969512574144662 0
  endloop
endfacet
facet normal 0 0 -1
  outer loop
    vertex -14.9 1.0106430996148606e-15 0
    vertex -17.878663344526352 -0.969512574144662 0
    vertex -17.87866334452636 0.969512574144665 0
  endloop
endfacet
facet normal 0 0 -1
  outer loop
    vertex -18.544011881355566 3.752165771161517 0
    vertex -18.561592101424793 2.0591523667111225 0
    vertex -19.22941873780213 2.384913015057151 0
  endloop
endfacet
facet normal 0 0 -1
  outer loop
    vertex -18.544011881355566 3.752165771161517 0
    vertex -19.22941873780213 2.384913015057151 0
    vertex -19.1506020878262 3.647779995204515 0
  endloop
endfacet
facet normal 0 0 -1
  outer loop
    vertex 0.12053668025532056 -14.892708874098053 0
    vertex 0.969512574144663 -17.87866334452636 0
    vertex -0.969512574144667 -17.878663344526366 0
  endloop
endfacet
facet normal 0 0 -1
  outer loop
    vertex 0.12053668025532056 -14.892708874098053 0
    vertex -0.969512574144667 -17.878663344526366 0
    vertex -0.12053668025532534 -14.892708874098052 0
  endloop
endfacet
facet normal 0 0 -0.9999999999999999
  outer loop
    vertex -13.77946331974468 -0.9927088740980543 0
    vertex -17.30321513813 -4.602749558896709 0
    vertex -14.020536680255326 -0.9927088740980538 0
  endloop
endfacet
facet normal 0 0 -1
  outer loop
    vertex -13.77946331974468 -0.9927088740980543 0
    vertex -16.70402341478819 -6.446872061437448 0
    vertex -17.30321513813 -4.602749558896709 0
  endloop
endfacet
facet normal 0 0 -1
  outer loop
    vertex -0.9709418174260518 -13.66068433571244 0
    vertex -6.446872061437455 -16.7040234147882 0
    vertex -7.252901277611084 -16.37015518178012 0
  endloop
endfacet
facet normal 0 0 -1
  outer loop
    vertex -0.9709418174260518 -13.66068433571244 0
    vertex -1 -13.899999999999997 0
    vertex -6.446872061437455 -16.7040234147882 0
  endloop
endfacet
facet normal 0 0 -1
  outer loop
    vertex -14.870941817426052 0.23931566428755854 0
    vertex -14.9 1.0106430996148606e-15 0
    vertex -17.87866334452636 0.969512574144665 0
  endloop
endfacet
facet normal 0 0 -1
  outer loop
    vertex 3.777477125590855 -18.289436196193847 0
    vertex 3.6740301181656805 -19.025242646913515 0
    vertex 2.1618931083468214 -18.795886327018437 0
  endloop
endfacet
facet normal 0 0 -1
  outer loop
    vertex 3.777477125590855 -18.289436196193847 0
    vertex 2.1618931083468214 -18.795886327018437 0
    vertex 1.9489463078495504 -18.26643605815631 0
  endloop
endfacet
facet normal 0 0 -1
  outer loop
    vertex 0.35460488704253307 -14.835016242685414 0
    vertex 0.969512574144663 -17.87866334452636 0
    vertex 0.12053668025532056 -14.892708874098053 0
  endloop
endfacet
facet normal 0 0 -1
  outer loop
    vertex -13.545395112957467 -0.9350162426854158 0
    vertex -16.70402341478819 -6.446872061437448 0
    vertex -13.77946331974468 -0.9927088740980543 0
  endloop
endfacet
facet normal 0 0 -1
  outer loop
    vertex -13.545395112957467 -0.9350162426854158 0
    vertex -15.489856185700695 -8.98058533530219 0
    vertex -16.370155181780124 -7.252901277611084 0
  endloop
endfacet
facet normal 0 0 -1
  outer loop
    vertex -13.545395112957467 -0.9350162426854158 0
    vertex -16.370155181780124 -7.252901277611084 0
    vertex -16.70402341478819 -6.446872061437448 0
  endloop
endfacet
facet normal 0 0 -1
  outer loop
    vertex -0.8854560256532096 -13.43527682795623 0
    vertex -8.980585335302196 -15.489856185700702 0
    vertex -9.724462495871382 -15.034007675424604 0
  endloop
endfacet
facet normal 0 0 -0.9999999999999999
  outer loop
    vertex -0.8854560256532096 -13.43527682795623 0
    vertex -0.9709418174260518 -13.66068433571244 0
    vertex -7.252901277611084 -16.37015518178012 0
  endloop
endfacet
facet normal 0 0 -1
  outer loop
    vertex -0.8854560256532096 -13.43527682795623 0
    vertex -7.252901277611084 -16.37015518178012 0
    vertex -8.980585335302196 -15.489856185700702 0
  endloop
endfacet
facet normal 0 0 -1
  outer loop
    vertex -14.78545602565321 0.46472317204376906 0
    vertex -17.87866334452636 0.969512574144665 0
    vertex -17.810212511700446 1.839262870392302 0
  endloop
endfacet
facet normal 0 0 -0.9999999999999999
  outer loop
    vertex -14.78545602565321 0.46472317204376906 0
    vertex -14.870941817426052 0.23931566428755854 0
    vertex -17.87866334452636 0.969512574144665 0
  endloop
endfacet
facet normal 0 0 -0.9999999999999999
  outer loop
    vertex -17.97467057284831 3.7910810826439265 0
    vertex -18.561592101424793 2.0591523667111225 0
    vertex -18.544011881355566 3.752165771161517 0
  endloop
endfacet
facet normal 0 0 -1
  outer loop
    vertex -17.97467057284831 3.7910810826439265 0
    vertex -18.160238114977194 1.915027699649727 0
    vertex -18.561592101424793 2.0591523667111225 0
  endloop
endfacet
facet normal 0 0 -1
  outer loop
    vertex 0.5680647467311534 -14.722983865893656 0
    vertex 0.969512574144663 -17.87866334452636 0
    vertex 0.35460488704253307 -14.835016242685414 0
  endloop
endfacet
facet normal 0 0 -1
  outer loop
    vertex 0.5680647467311534 -14.722983865893656 0
    vertex 1.8392628703923 -17.81021251170046 0
    vertex 0.969512574144663 -17.87866334452636 0
  endloop
endfacet
facet normal 0 0 -1
  outer loop
    vertex -13.331935253268847 -0.822983865893658 0
    vertex -13.89427728943591 -11.293166793357848 0
    vertex -15.034007675424608 -9.724462495871382 0
  endloop
endfacet
facet normal 0 0 -1
  outer loop
    vertex -13.331935253268847 -0.822983865893658 0
    vertex -15.489856185700695 -8.98058533530219 0
    vertex -13.545395112957467 -0.9350162426854158 0
  endloop
endfacet
facet normal 0 0 -0.9999999999999999
  outer loop
    vertex -13.331935253268847 -0.822983865893658 0
    vertex -15.034007675424608 -9.724462495871382 0
    vertex -15.489856185700695 -8.98058533530219 0
  endloop
endfacet
facet normal 0 0 -1
  outer loop
    vertex 3.7905226267860144 -17.8631889006108 0
    vertex 3.777477125590855 -18.289436196193847 0
    vertex 1.9489463078495504 -18.26643605815631 0
  endloop
endfacet
facet normal 0 0 -1
  outer loop
    vertex 3.7905226267860144 -17.8631889006108 0
    vertex 1.9489463078495504 -18.26643605815631 0
    vertex 1.843564530126039 -17.851866956665372 0
  endloop
endfacet
facet normal 0 0 -1
  outer loop
    vertex -0.7485107481711009 -13.236877341759204 0
    vertex -0.8854560256532096 -13.43527682795623 0
    vertex -9.724462495871382 -15.034007675424604 0
  endloop
endfacet
facet normal 0 0 -1
  outer loop
    vertex -0.7485107481711009 -13.236877341759204 0
    vertex -9.724462495871382 -15.034007675424604 0
    vertex -11.293166793357855 -13.894277289435914 0
  endloop
endfacet
facet normal 0 0 -1
  outer loop
    vertex -14.648510748171102 0.6631226582407955 0
    vertex -14.78545602565321 0.46472317204376906 0
    vertex -17.810212511700446 1.839262870392302 0
  endloop
endfacet
facet normal 0 0 -1
  outer loop
    vertex 0.748510748171099 -14.563122658240797 0
    vertex 1.8392628703923 -17.81021251170046 0
    vertex 0.5680647467311534 -14.722983865893656 0
  endloop
endfacet
facet normal 0 0 -1
  outer loop
    vertex 3.763196211343187 -17.547827167206545 0
    vertex 3.7905226267860144 -17.8631889006108 0
    vertex 1.843564530126039 -17.851866956665372 0
  endloop
endfacet
facet normal 0 0 -1
  outer loop
    vertex -17.54782716720653 3.763196211343189 0
    vertex -17.851866956665358 1.843564530126039 0
    vertex -18.160238114977194 1.915027699649727 0
  endloop
endfacet
facet normal 0 0 -0.9999999999999999
  outer loop
    vertex -17.54782716720653 3.763196211343189 0
    vertex -18.160238114977194 1.915027699649727 0
    vertex -17.97467057284831 3.7910810826439265 0
  endloop
endfacet
facet normal 0 0 -1
  outer loop
    vertex 3.754415401478429 -17.506882149928256 0
    vertex 1.843564530126039 -17.851866956665372 0
    vertex 1.8392628703923 -17.81021251170046 0
  endloop
endfacet
facet normal 0 0 -1
  outer loop
    vertex 3.754415401478429 -17.506882149928256 0
    vertex 1.8392628703923 -17.81021251170046 0
    vertex 0.748510748171099 -14.563122658240797 0
  endloop
endfacet
facet normal 0 0 -1
  outer loop
    vertex 3.754415401478429 -17.506882149928256 0
    vertex 3.763196211343187 -17.547827167206545 0
    vertex 1.843564530126039 -17.851866956665372 0
  endloop
endfacet
facet normal 0 0 -1
  outer loop
    vertex -17.506882149928256 3.75441540147843 0
    vertex -17.810212511700446 1.839262870392302 0
    vertex -17.851866956665358 1.843564530126039 0
  endloop
endfacet
facet normal 0 0 -1
  outer loop
    vertex -17.506882149928256 3.75441540147843 0
    vertex -17.851866956665358 1.843564530126039 0
    vertex -17.54782716720653 3.763196211343189 0
  endloop
endfacet
facet normal 0 0 -1
  outer loop
    vertex -14.468064746731155 0.8229838658936565 0
    vertex -14.648510748171102 0.6631226582407955 0
    vertex -17.810212511700446 1.839262870392302 0
  endloop
endfacet
facet normal 0 0 -1
  outer loop
    vertex -14.468064746731155 0.8229838658936565 0
    vertex -17.810212511700446 1.839262870392302 0
    vertex -17.506882149928256 3.75441540147843 0
  endloop
endfacet
facet normal 0 0 -1
  outer loop
    vertex 0.8854560256532084 -14.364723172043771 0
    vertex 3.754415401478429 -17.506882149928256 0
    vertex 0.748510748171099 -14.563122658240797 0
  endloop
endfacet
facet normal 0 0 -1
  outer loop
    vertex -14.254604887042536 0.9350162426854148 0
    vertex -14.468064746731155 0.8229838658936565 0
    vertex -17.506882149928256 3.75441540147843 0
  endloop
endfacet
facet normal 0 0 -0.9999999999999999
  outer loop
    vertex 0.9709418174260511 -14.13931566428756 0
    vertex 3.754415401478429 -17.506882149928256 0
    vertex 0.8854560256532084 -14.364723172043771 0
  endloop
endfacet
facet normal 0 0 -0.9999999999999999
  outer loop
    vertex 4.602749558896709 -17.303215138130007 0
    vertex 0.9709418174260511 -14.13931566428756 0
    vertex 1 -13.899999999999999 0
  endloop
endfacet
facet normal 0 0 -0.9999999999999999
  outer loop
    vertex 4.602749558896709 -17.303215138130007 0
    vertex 3.754415401478429 -17.506882149928256 0
    vertex 0.9709418174260511 -14.13931566428756 0
  endloop
endfacet
facet normal 0 0 -1
  outer loop
    vertex -17.303215138129993 4.602749558896708 0
    vertex -13.779463319744677 0.992708874098054 0
    vertex -14.020536680255324 0.992708874098054 0
  endloop
endfacet
facet normal 0 0 -1
  outer loop
    vertex -17.303215138129993 4.602749558896708 0
    vertex -14.020536680255324 0.992708874098054 0
    vertex -14.254604887042536 0.9350162426854148 0
  endloop
endfacet
facet normal 0 0 -1
  outer loop
    vertex -17.303215138129993 4.602749558896708 0
    vertex -14.254604887042536 0.9350162426854148 0
    vertex -17.506882149928256 3.75441540147843 0
  endloop
endfacet
facet normal 0 0 -0.9999999999999999
  outer loop
    vertex 6.541258902297251 -18.956679821359995 0
    vertex 5.850467214860819 -19.18113164660206 0
    vertex 5.443995637634314 -18.719368865351257 0
  endloop
endfacet
facet normal 0 0 -1
  outer loop
    vertex -18.34418788538836 6.598683963127118 0
    vertex -19.181131646602033 5.850467214860815 0
    vertex -18.956679821359973 6.541258902297255 0
  endloop
endfacet
facet normal 0 0 -1
  outer loop
    vertex -18.34418788538836 6.598683963127118 0
    vertex -18.619590092070887 5.363694611588212 0
    vertex -19.181131646602033 5.850467214860815 0
  endloop
endfacet
facet normal 0 0 -1
  outer loop
    vertex 6.60500036643812 -18.216265403272914 0
    vertex 6.541258902297251 -18.956679821359995 0
    vertex 5.443995637634314 -18.719368865351257 0
  endloop
endfacet
facet normal 0 0 -1
  outer loop
    vertex 6.60500036643812 -18.216265403272914 0
    vertex 5.443995637634314 -18.719368865351257 0
    vertex 5.075601039251368 -18.226283184469448 0
  endloop
endfacet
facet normal 0 0 -1
  outer loop
    vertex -17.728736277918262 6.606892962515921 0
    vertex -18.619590092070887 5.363694611588212 0
    vertex -18.34418788538836 6.598683963127118 0
  endloop
endfacet
facet normal 0 0 -1
  outer loop
    vertex -17.728736277918262 6.606892962515921 0
    vertex -18.01094570253729 4.93747351479082 0
    vertex -18.619590092070887 5.363694611588212 0
  endloop
endfacet
facet normal 0 0 -1
  outer loop
    vertex 6.592068281049941 -17.473335273695838 0
    vertex 6.60500036643812 -18.216265403272914 0
    vertex 5.075601039251368 -18.226283184469448 0
  endloop
endfacet
facet normal 0 0 -1
  outer loop
    vertex 6.592068281049941 -17.473335273695838 0
    vertex 5.075601039251368 -18.226283184469448 0
    vertex 4.782451697658247 -17.73666354580709 0
  endloop
endfacet
facet normal 0 0 -1
  outer loop
    vertex -17.160316809753088 6.5562645589160775 0
    vertex -17.637079114862647 4.732337665380517 0
    vertex -18.01094570253729 4.93747351479082 0
  endloop
endfacet
facet normal 0 0 -0.9999999999999999
  outer loop
    vertex -17.160316809753088 6.5562645589160775 0
    vertex -18.01094570253729 4.93747351479082 0
    vertex -17.728736277918262 6.606892962515921 0
  endloop
endfacet
facet normal 0 0 -1
  outer loop
    vertex 6.5382734028181755 -17.05029502363723 0
    vertex 6.592068281049941 -17.473335273695838 0
    vertex 4.782451697658247 -17.73666354580709 0
  endloop
endfacet
facet normal 0 0 -1
  outer loop
    vertex 6.5382734028181755 -17.05029502363723 0
    vertex 4.782451697658247 -17.73666354580709 0
    vertex 4.613514448875564 -17.34368381991658 0
  endloop
endfacet
facet normal 0 0 -1
  outer loop
    vertex 6.461949976835847 -16.743090709665616 0
    vertex 6.5382734028181755 -17.05029502363723 0
    vertex 4.613514448875564 -17.34368381991658 0
  endloop
endfacet
facet normal 0 0 -1
  outer loop
    vertex -16.743090709665598 6.461949976835847 0
    vertex -17.343683819916567 4.613514448875561 0
    vertex -17.637079114862647 4.732337665380517 0
  endloop
endfacet
facet normal 0 0 -1
  outer loop
    vertex -16.743090709665598 6.461949976835847 0
    vertex -17.637079114862647 4.732337665380517 0
    vertex -17.160316809753088 6.5562645589160775 0
  endloop
endfacet
facet normal 0 0 -1
  outer loop
    vertex 6.446872061437452 -16.704023414788196 0
    vertex 1 -13.899999999999999 0
    vertex 0.970941817426052 -13.66068433571244 0
  endloop
endfacet
facet normal 0 0 -1
  outer loop
    vertex 6.446872061437452 -16.704023414788196 0
    vertex 4.602749558896709 -17.303215138130007 0
    vertex 1 -13.899999999999999 0
  endloop
endfacet
facet normal 0 0 -1
  outer loop
    vertex 6.446872061437452 -16.704023414788196 0
    vertex 6.461949976835847 -16.743090709665616 0
    vertex 4.613514448875564 -17.34368381991658 0
  endloop
endfacet
facet normal 0 0 -0.9999999999999999
  outer loop
    vertex 6.446872061437452 -16.704023414788196 0
    vertex 4.613514448875564 -17.34368381991658 0
    vertex 4.602749558896709 -17.303215138130007 0
  endloop
endfacet
facet normal 0 0 -0.9999999999999999
  outer loop
    vertex -16.704023414788193 6.446872061437452 0
    vertex -17.303215138129993 4.602749558896708 0
    vertex -17.343683819916567 4.613514448875561 0
  endloop
endfacet
facet normal 0 0 -1
  outer loop
    vertex -16.704023414788193 6.446872061437452 0
    vertex -17.343683819916567 4.613514448875561 0
    vertex -16.743090709665598 6.461949976835847 0
  endloop
endfacet
facet normal 0 0 -1
  outer loop
    vertex -16.704023414788193 6.446872061437452 0
    vertex -13.545395112957465 0.9350162426854147 0
    vertex -13.779463319744677 0.992708874098054 0
  endloop
endfacet
facet normal 0 0 -1
  outer loop
    vertex -16.704023414788193 6.446872061437452 0
    vertex -13.779463319744677 0.992708874098054 0
    vertex -17.303215138129993 4.602749558896708 0
  endloop
endfacet
facet normal 0 0 -1
  outer loop
    vertex 7.252901277611085 -16.37015518178013 0
    vertex 0.970941817426052 -13.66068433571244 0
    vertex 0.8854560256532099 -13.43527682795623 0
  endloop
endfacet
facet normal 0 0 -1
  outer loop
    vertex 7.252901277611085 -16.37015518178013 0
    vertex 6.446872061437452 -16.704023414788196 0
    vertex 0.970941817426052 -13.66068433571244 0
  endloop
endfacet
facet normal 0 0 -1
  outer loop
    vertex -16.370155181780113 7.252901277611081 0
    vertex -13.545395112957465 0.9350162426854147 0
    vertex -16.704023414788193 6.446872061437452 0
  endloop
endfacet
facet normal 0 0 -1
  outer loop
    vertex 9.426203217406535 -17.700013298881867 0
    vertex 8.779028323154575 -18.02976537777711 0
    vertex 8.305325471884347 -17.637273826352544 0
  endloop
endfacet
facet normal 0 0 -1
  outer loop
    vertex -17.08607889634366 9.387106432101014 0
    vertex -18.029765377777082 8.779028323154566 0
    vertex -17.700013298881842 9.426203217406535 0
  endloop
endfacet
facet normal 0 0 -1
  outer loop
    vertex -17.08607889634366 9.387106432101014 0
    vertex -17.55128534339619 8.210404245700133 0
    vertex -18.029765377777082 8.779028323154566 0
  endloop
endfacet
facet normal 0 0 -1
  outer loop
    vertex 9.373333584949407 -16.958743249084968 0
    vertex 9.426203217406535 -17.700013298881867 0
    vertex 8.305325471884347 -17.637273826352544 0
  endloop
endfacet
facet normal 0 0 -1
  outer loop
    vertex 9.373333584949407 -16.958743249084968 0
    vertex 8.305325471884347 -17.637273826352544 0
    vertex 7.864330827615677 -17.207888460353093 0
  endloop
endfacet
facet normal 0 0 -0.9999999999999999
  outer loop
    vertex -16.476920349017345 9.298936522112655 0
    vertex -17.55128534339619 8.210404245700133 0
    vertex -17.08607889634366 9.387106432101014 0
  endloop
endfacet
facet normal 0 0 -0.9999999999999999
  outer loop
    vertex -16.476920349017345 9.298936522112655 0
    vertex -17.01681004555157 7.694217678401255 0
    vertex -17.55128534339619 8.210404245700133 0
  endloop
endfacet
facet normal 0 0 -0.9999999999999999
  outer loop
    vertex 9.244340837609263 -16.226982846084407 0
    vertex 9.373333584949407 -16.958743249084968 0
    vertex 7.864330827615677 -17.207888460353093 0
  endloop
endfacet
facet normal 0 0 -1
  outer loop
    vertex 9.244340837609263 -16.226982846084407 0
    vertex 7.864330827615677 -17.207888460353093 0
    vertex 7.49819725462348 -16.770155512348715 0
  endloop
endfacet
facet normal 0 0 -1
  outer loop
    vertex -15.923419094975898 9.160011042753228 0
    vertex -16.679636692828588 7.433121772060118 0
    vertex -17.01681004555157 7.694217678401255 0
  endloop
endfacet
facet normal 0 0 -0.9999999999999999
  outer loop
    vertex -15.923419094975898 9.160011042753228 0
    vertex -17.01681004555157 7.694217678401255 0
    vertex -16.476920349017345 9.298936522112655 0
  endloop
endfacet
facet normal 0 0 -0.9999999999999999
  outer loop
    vertex 9.125030188388067 -15.81756629649848 0
    vertex 9.244340837609263 -16.226982846084407 0
    vertex 7.49819725462348 -16.770155512348715 0
  endloop
endfacet
facet normal 0 0 -1
  outer loop
    vertex 9.125030188388067 -15.81756629649848 0
    vertex 7.49819725462348 -16.770155512348715 0
    vertex 7.269864330517155 -16.408441627134923 0
  endloop
endfacet
facet normal 0 0 -1
  outer loop
    vertex 9.001589087916386 -15.526083791720453 0
    vertex 9.125030188388067 -15.81756629649848 0
    vertex 7.269864330517155 -16.408441627134923 0
  endloop
endfacet
facet normal 0 0 -1
  outer loop
    vertex -15.526083791720431 9.001589087916383 0
    vertex -16.40844162713491 7.26986433051715 0
    vertex -16.679636692828588 7.433121772060118 0
  endloop
endfacet
facet normal 0 0 -1
  outer loop
    vertex -15.526083791720431 9.001589087916383 0
    vertex -16.370155181780113 7.252901277611081 0
    vertex -16.40844162713491 7.26986433051715 0
  endloop
endfacet
facet normal 0 0 -1
  outer loop
    vertex -15.526083791720431 9.001589087916383 0
    vertex -16.679636692828588 7.433121772060118 0
    vertex -15.923419094975898 9.160011042753228 0
  endloop
endfacet
facet normal 0 0 -1
  outer loop
    vertex 8.980585335302194 -15.489856185700702 0
    vertex 9.001589087916386 -15.526083791720453 0
    vertex 7.269864330517155 -16.408441627134923 0
  endloop
endfacet
facet normal 0 0 -1
  outer loop
    vertex 8.980585335302194 -15.489856185700702 0
    vertex 7.252901277611085 -16.37015518178013 0
    vertex 0.8854560256532099 -13.43527682795623 0
  endloop
endfacet
facet normal 0 0 -1
  outer loop
    vertex 8.980585335302194 -15.489856185700702 0
    vertex 7.269864330517155 -16.408441627134923 0
    vertex 7.252901277611085 -16.37015518178013 0
  endloop
endfacet
facet normal 0 0 -1
  outer loop
    vertex -15.489856185700697 8.980585335302191 0
    vertex -13.545395112957465 0.9350162426854147 0
    vertex -16.370155181780113 7.252901277611081 0
  endloop
endfacet
facet normal 0 0 -1
  outer loop
    vertex -15.489856185700697 8.980585335302191 0
    vertex -13.331935253268844 0.8229838658936564 0
    vertex -13.545395112957465 0.9350162426854147 0
  endloop
endfacet
facet normal 0 0 -0.9999999999999999
  outer loop
    vertex -15.489856185700697 8.980585335302191 0
    vertex -16.370155181780113 7.252901277611081 0
    vertex -15.526083791720431 9.001589087916383 0
  endloop
endfacet
facet normal 0 0 -1
  outer loop
    vertex 9.724462495871386 -15.034007675424615 0
    vertex 8.980585335302194 -15.489856185700702 0
    vertex 0.8854560256532099 -13.43527682795623 0
  endloop
endfacet
facet normal 0 0 -1
  outer loop
    vertex 9.724462495871386 -15.034007675424615 0
    vertex 0.8854560256532099 -13.43527682795623 0
    vertex 0.7485107481711012 -13.236877341759204 0
  endloop
endfacet
facet normal 0 0 -1
  outer loop
    vertex -15.034007675424599 9.724462495871379 0
    vertex -13.331935253268844 0.8229838658936564 0
    vertex -15.489856185700697 8.980585335302191 0
  endloop
endfacet
facet normal 0 0 -1
  outer loop
    vertex -2.6428533287604794 -2.2176172534185548 0
    vertex -13.89427728943591 -11.293166793357848 0
    vertex -13.331935253268847 -0.822983865893658 0
  endloop
endfacet
facet normal 0 0 -1
  outer loop
    vertex -2.6428533287604794 -2.2176172534185548 0
    vertex -13.327673005089267 -11.95657517384263 0
    vertex -13.89427728943591 -11.293166793357848 0
  endloop
endfacet
facet normal 0 0 -1
  outer loop
    vertex -2.6428533287604794 -2.2176172534185548 0
    vertex -13.331935253268847 -0.822983865893658 0
    vertex -13.1514892518289 -0.6631226582407975 0
  endloop
endfacet
facet normal 0 0 -1
  outer loop
    vertex -2.2176172534185663 -2.6428533287604696 0
    vertex -11.956575173842628 -13.327673005089263 0
    vertex -13.327673005089267 -11.95657517384263 0
  endloop
endfacet
facet normal 0 0 -1
  outer loop
    vertex -2.2176172534185663 -2.6428533287604696 0
    vertex -11.293166793357855 -13.894277289435914 0
    vertex -11.956575173842628 -13.327673005089263 0
  endloop
endfacet
facet normal 0 0 -1
  outer loop
    vertex -2.2176172534185663 -2.6428533287604696 0
    vertex -13.327673005089267 -11.95657517384263 0
    vertex -2.6428533287604794 -2.2176172534185548 0
  endloop
endfacet
facet normal 0 0 -1
  outer loop
    vertex -2.2176172534185663 -2.6428533287604696 0
    vertex -0.7485107481711009 -13.236877341759204 0
    vertex -11.293166793357855 -13.894277289435914 0
  endloop
endfacet
facet normal 0 0 -1
  outer loop
    vertex -1.7250000000000065 -2.9877876430563095 0
    vertex -0.5680647467311557 -13.077016134106342 0
    vertex -0.7485107481711009 -13.236877341759204 0
  endloop
endfacet
facet normal 0 0 -1
  outer loop
    vertex -1.7250000000000065 -2.9877876430563095 0
    vertex -0.7485107481711009 -13.236877341759204 0
    vertex -2.2176172534185663 -2.6428533287604696 0
  endloop
endfacet
facet normal 0 0 -1
  outer loop
    vertex -2.987787643056317 -1.7249999999999939 0
    vertex -2.6428533287604794 -2.2176172534185548 0
    vertex -13.1514892518289 -0.6631226582407975 0
  endloop
endfacet
facet normal 0 0 -1
  outer loop
    vertex -1.1799694944735653 -3.241939541711381 0
    vertex -0.35460488704253545 -12.964983757314585 0
    vertex -0.5680647467311557 -13.077016134106342 0
  endloop
endfacet
facet normal 0 0 -0.9999999999999999
  outer loop
    vertex -1.1799694944735653 -3.241939541711381 0
    vertex -0.5680647467311557 -13.077016134106342 0
    vertex -1.7250000000000065 -2.9877876430563095 0
  endloop
endfacet
facet normal 0 0 -1
  outer loop
    vertex -3.2419395417113863 -1.1799694944735513 0
    vertex -2.987787643056317 -1.7249999999999939 0
    vertex -13.1514892518289 -0.6631226582407975 0
  endloop
endfacet
facet normal 0 0 -1
  outer loop
    vertex -3.2419395417113863 -1.1799694944735513 0
    vertex -13.1514892518289 -0.6631226582407975 0
    vertex -13.014543974346791 -0.46472317204377156 0
  endloop
endfacet
facet normal 0 0 -1
  outer loop
    vertex -0.5990862129509187 -3.3975867478921162 0
    vertex -0.35460488704253545 -12.964983757314585 0
    vertex -1.1799694944735653 -3.241939541711381 0
  endloop
endfacet
facet normal 0 0 -1
  outer loop
    vertex -0.5990862129509187 -3.3975867478921162 0
    vertex -0.12053668025532288 -12.907291125901944 0
    vertex -0.35460488704253545 -12.964983757314585 0
  endloop
endfacet
facet normal 0 0 -1
  outer loop
    vertex -3.397586747892119 -0.5990862129509041 0
    vertex -13.014543974346791 -0.46472317204377156 0
    vertex -12.92905818257395 -0.23931566428756124 0
  endloop
endfacet
facet normal 0 0 -1
  outer loop
    vertex -3.397586747892119 -0.5990862129509041 0
    vertex -3.2419395417113863 -1.1799694944735513 0
    vertex -13.014543974346791 -0.46472317204377156 0
  endloop
endfacet
facet normal 0 0 -1
  outer loop
    vertex 12.079043125528365 -16.007513706009007 0
    vertex 11.491420618207696 -16.43444644799062 0
    vertex 10.962150629221725 -16.120890570993108 0
  endloop
endfacet
facet normal 0 0 -1
  outer loop
    vertex -15.407253939425512 11.944387186696408 0
    vertex -16.43444644799059 11.49142061820768 0
    vertex -16.007513706008982 12.079043125528361 0
  endloop
endfacet
facet normal 0 0 -1
  outer loop
    vertex -15.407253939425512 11.944387186696408 0
    vertex -16.0508097001906 10.854946478513462 0
    vertex -16.43444644799059 11.49142061820768 0
  endloop
endfacet
facet normal 0 0 -1
  outer loop
    vertex -9.826401362455052e-15 -3.45 0
    vertex 0.12053668025532323 -12.907291125901944 0
    vertex -0.12053668025532288 -12.907291125901944 0
  endloop
endfacet
facet normal 0 0 -0.9999999999999999
  outer loop
    vertex -9.826401362455052e-15 -3.45 0
    vertex -0.12053668025532288 -12.907291125901944 0
    vertex -0.5990862129509187 -3.3975867478921162 0
  endloop
endfacet
facet normal 0 0 -1
  outer loop
    vertex -3.45 5.0188264676539854e-15 0
    vertex -12.92905818257395 -0.23931566428756124 0
    vertex -12.9 0 0
  endloop
endfacet
facet normal 0 0 -1
  outer loop
    vertex -3.45 5.0188264676539854e-15 0
    vertex -3.397586747892119 -0.5990862129509041 0
    vertex -12.92905818257395 -0.23931566428756124 0
  endloop
endfacet
facet normal 0 0 -1
  outer loop
    vertex -3.45 5.0188264676539854e-15 0
    vertex -12.9 0 0
    vertex -12.929058182573948 0.23931566428755774 0
  endloop
endfacet
facet normal 0 0 -0.9999999999999999
  outer loop
    vertex 11.910864222288588 -15.283640553262536 0
    vertex 10.962150629221725 -16.120890570993108 0
    vertex 10.45941469078662 -15.765778412635232 0
  endloop
endfacet
facet normal 0 0 -1
  outer loop
    vertex 11.910864222288588 -15.283640553262536 0
    vertex 12.079043125528365 -16.007513706009007 0
    vertex 10.962150629221725 -16.120890570993108 0
  endloop
endfacet
facet normal 0 0 -1
  outer loop
    vertex -14.819387957358805 11.762009403133757 0
    vertex -16.0508097001906 10.854946478513462 0
    vertex -15.407253939425512 11.944387186696408 0
  endloop
endfacet
facet normal 0 0 -1
  outer loop
    vertex -14.819387957358805 11.762009403133757 0
    vertex -15.603664049689709 10.261504667124992 0
    vertex -16.0508097001906 10.854946478513462 0
  endloop
endfacet
facet normal 0 0 -0.9999999999999999
  outer loop
    vertex 11.668987042538376 -14.581068246533908 0
    vertex 10.45941469078662 -15.765778412635232 0
    vertex 10.029312310089995 -15.390710593221115 0
  endloop
endfacet
facet normal 0 0 -1
  outer loop
    vertex 11.668987042538376 -14.581068246533908 0
    vertex 11.910864222288588 -15.283640553262536 0
    vertex 10.45941469078662 -15.765778412635232 0
  endloop
endfacet
facet normal 0 0 -1
  outer loop
    vertex 0.5990862129508994 -3.39758674789212 0
    vertex 0.3546048870425358 -12.964983757314585 0
    vertex 0.12053668025532323 -12.907291125901944 0
  endloop
endfacet
facet normal 0 0 -0.9999999999999999
  outer loop
    vertex 0.5990862129508994 -3.39758674789212 0
    vertex 0.12053668025532323 -12.907291125901944 0
    vertex -9.826401362455052e-15 -3.45 0
  endloop
endfacet
facet normal 0 0 -1
  outer loop
    vertex -3.397586747892117 0.599086212950914 0
    vertex -3.45 5.0188264676539854e-15 0
    vertex -12.929058182573948 0.23931566428755774 0
  endloop
endfacet
facet normal 0 0 -1
  outer loop
    vertex -3.397586747892117 0.599086212950914 0
    vertex -12.929058182573948 0.23931566428755774 0
    vertex -13.01454397434679 0.4647231720437685 0
  endloop
endfacet
facet normal 0 0 -0.9999999999999999
  outer loop
    vertex -14.294433955281706 11.538207654383893 0
    vertex -15.603664049689709 10.261504667124992 0
    vertex -14.819387957358805 11.762009403133757 0
  endloop
endfacet
facet normal 0 0 -0.9999999999999999
  outer loop
    vertex -14.294433955281706 11.538207654383893 0
    vertex -15.311486258880132 9.950877751597242 0
    vertex -15.603664049689709 10.261504667124992 0
  endloop
endfacet
facet normal 0 0 -1
  outer loop
    vertex 11.487098446479708 -14.195356591643915 0
    vertex 10.029312310089995 -15.390710593221115 0
    vertex 9.747206025044978 -15.069169144997568 0
  endloop
endfacet
facet normal 0 0 -1
  outer loop
    vertex 11.487098446479708 -14.195356591643915 0
    vertex 11.668987042538376 -14.581068246533908 0
    vertex 10.029312310089995 -15.390710593221115 0
  endloop
endfacet
facet normal 0 0 -1
  outer loop
    vertex 11.319579201091024 -13.926773162705258 0
    vertex 11.487098446479708 -14.195356591643915 0
    vertex 9.747206025044978 -15.069169144997568 0
  endloop
endfacet
facet normal 0 0 -1
  outer loop
    vertex -13.926773162705237 11.319579201091017 0
    vertex -15.069169144997552 9.74720602504497 0
    vertex -15.311486258880132 9.950877751597242 0
  endloop
endfacet
facet normal 0 0 -1
  outer loop
    vertex -13.926773162705237 11.319579201091017 0
    vertex -15.034007675424599 9.724462495871379 0
    vertex -15.069169144997552 9.74720602504497 0
  endloop
endfacet
facet normal 0 0 -0.9999999999999999
  outer loop
    vertex -13.926773162705237 11.319579201091017 0
    vertex -15.311486258880132 9.950877751597242 0
    vertex -14.294433955281706 11.538207654383893 0
  endloop
endfacet
facet normal 0 0 -1
  outer loop
    vertex 11.293166793357855 -13.894277289435916 0
    vertex 9.747206025044978 -15.069169144997568 0
    vertex 9.724462495871386 -15.034007675424615 0
  endloop
endfacet
facet normal 0 0 -1
  outer loop
    vertex 11.293166793357855 -13.894277289435916 0
    vertex 9.724462495871386 -15.034007675424615 0
    vertex 0.7485107481711012 -13.236877341759204 0
  endloop
endfacet
facet normal 0 0 -1
  outer loop
    vertex 11.293166793357855 -13.894277289435916 0
    vertex 11.319579201091024 -13.926773162705258 0
    vertex 9.747206025044978 -15.069169144997568 0
  endloop
endfacet
facet normal 0 0 -1
  outer loop
    vertex -13.89427728943591 11.293166793357848 0
    vertex -13.331935253268844 0.8229838658936564 0
    vertex -15.034007675424599 9.724462495871379 0
  endloop
endfacet
facet normal 0 0 -1
  outer loop
    vertex -13.89427728943591 11.293166793357848 0
    vertex -15.034007675424599 9.724462495871379 0
    vertex -13.926773162705237 11.319579201091017 0
  endloop
endfacet
facet normal 0 0 -1
  outer loop
    vertex 1.1799694944735466 -3.241939541711388 0
    vertex 0.5680647467311559 -13.077016134106342 0
    vertex 0.3546048870425358 -12.964983757314585 0
  endloop
endfacet
facet normal 0 0 -1
  outer loop
    vertex 1.1799694944735466 -3.241939541711388 0
    vertex 0.3546048870425358 -12.964983757314585 0
    vertex 0.5990862129508994 -3.39758674789212 0
  endloop
endfacet
facet normal 0 0 -1
  outer loop
    vertex -3.2419395417113828 1.1799694944735606 0
    vertex -13.01454397434679 0.4647231720437685 0
    vertex -13.151489251828899 0.6631226582407952 0
  endloop
endfacet
facet normal 0 0 -1
  outer loop
    vertex -3.2419395417113828 1.1799694944735606 0
    vertex -3.397586747892117 0.599086212950914 0
    vertex -13.01454397434679 0.4647231720437685 0
  endloop
endfacet
facet normal 0 0 -1
  outer loop
    vertex 1.7249999999999897 -2.9877876430563193 0
    vertex 0.7485107481711012 -13.236877341759204 0
    vertex 0.5680647467311559 -13.077016134106342 0
  endloop
endfacet
facet normal 0 0 -0.9999999999999999
  outer loop
    vertex 1.7249999999999897 -2.9877876430563193 0
    vertex 0.5680647467311559 -13.077016134106342 0
    vertex 1.1799694944735466 -3.241939541711388 0
  endloop
endfacet
facet normal 0 0 -1
  outer loop
    vertex -2.987787643056312 1.7250000000000028 0
    vertex -3.2419395417113828 1.1799694944735606 0
    vertex -13.151489251828899 0.6631226582407952 0
  endloop
endfacet
facet normal 0 0 -1
  outer loop
    vertex 2.2176172534185508 -2.6428533287604825 0
    vertex 11.956575173842635 -13.327673005089274 0
    vertex 11.293166793357855 -13.894277289435916 0
  endloop
endfacet
facet normal 0 0 -0.9999999999999999
  outer loop
    vertex 2.2176172534185508 -2.6428533287604825 0
    vertex 11.293166793357855 -13.894277289435916 0
    vertex 0.7485107481711012 -13.236877341759204 0
  endloop
endfacet
facet normal 0 0 -1
  outer loop
    vertex 2.2176172534185508 -2.6428533287604825 0
    vertex 0.7485107481711012 -13.236877341759204 0
    vertex 1.7249999999999897 -2.9877876430563193 0
  endloop
endfacet
facet normal 0 0 -0.9999999999999999
  outer loop
    vertex -2.6428533287604727 2.2176172534185623 0
    vertex -13.151489251828899 0.6631226582407952 0
    vertex -13.331935253268844 0.8229838658936564 0
  endloop
endfacet
facet normal 0 0 -1
  outer loop
    vertex -2.6428533287604727 2.2176172534185623 0
    vertex -13.89427728943591 11.293166793357848 0
    vertex -13.327673005089258 11.956575173842623 0
  endloop
endfacet
facet normal 0 0 -1
  outer loop
    vertex -2.6428533287604727 2.2176172534185623 0
    vertex -13.331935253268844 0.8229838658936564 0
    vertex -13.89427728943591 11.293166793357848 0
  endloop
endfacet
facet normal 0 0 -1
  outer loop
    vertex -2.6428533287604727 2.2176172534185623 0
    vertex -2.987787643056312 1.7250000000000028 0
    vertex -13.151489251828899 0.6631226582407952 0
  endloop
endfacet
facet normal 0 0 -1
  outer loop
    vertex -2.2176172534185596 2.6428533287604754 0
    vertex -2.6428533287604727 2.2176172534185623 0
    vertex -13.327673005089258 11.956575173842623 0
  endloop
endfacet
facet normal 0 0 -0.9999999999999999
  outer loop
    vertex 14.4344569038539 -13.920855999802052 0
    vertex 13.920855999802047 -14.434456903853912 0
    vertex 13.349051256775816 -14.207557487607456 0
  endloop
endfacet
facet normal 0 0 -1
  outer loop
    vertex -13.349051256775107 14.207557487607138 0
    vertex -14.434456903853885 13.920855999802026 0
    vertex -13.920855999802027 14.434456903853892 0
  endloop
endfacet
facet normal 0 0 -1
  outer loop
    vertex -13.349051256775107 14.207557487607138 0
    vertex -14.155109852583005 13.23220390352386 0
    vertex -14.434456903853885 13.920855999802026 0
  endloop
endfacet
facet normal 0 0 -1
  outer loop
    vertex 14.155109852583013 -13.232203903523885 0
    vertex 13.349051256775816 -14.207557487607456 0
    vertex 12.796953051463728 -13.935462576779683 0
  endloop
endfacet
facet normal 0 0 -1
  outer loop
    vertex 14.155109852583013 -13.232203903523885 0
    vertex 14.4344569038539 -13.920855999802052 0
    vertex 13.349051256775816 -14.207557487607456 0
  endloop
endfacet
facet normal 0 0 -1
  outer loop
    vertex -12.7969530514624 13.935462576778937 0
    vertex -14.155109852583005 13.23220390352386 0
    vertex -13.349051256775107 14.207557487607138 0
  endloop
endfacet
facet normal 0 0 -0.9999999999999999
  outer loop
    vertex -12.7969530514624 13.935462576778937 0
    vertex -13.806304059332506 12.576119354962637 0
    vertex -14.155109852583005 13.23220390352386 0
  endloop
endfacet
facet normal 0 0 -0.9999999999999999
  outer loop
    vertex 13.806304059332524 -12.576119354962655 0
    vertex 14.155109852583013 -13.232203903523885 0
    vertex 12.796953051463728 -13.935462576779683 0
  endloop
endfacet
facet normal 0 0 -1
  outer loop
    vertex 13.806304059332524 -12.576119354962655 0
    vertex 12.796953051463728 -13.935462576779683 0
    vertex 12.31347241110308 -13.632295300448483 0
  endloop
endfacet
facet normal 0 0 -1
  outer loop
    vertex -12.313472411102538 13.632295300448089 0
    vertex -13.806304059332506 12.576119354962637 0
    vertex -12.7969530514624 13.935462576778937 0
  endloop
endfacet
facet normal 0 0 -1
  outer loop
    vertex -12.313472411102538 13.632295300448089 0
    vertex -13.566316217325644 12.223610095817492 0
    vertex -13.806304059332506 12.576119354962637 0
  endloop
endfacet
facet normal 0 0 -1
  outer loop
    vertex 13.566316217325747 -12.223610095817623 0
    vertex 12.31347241110308 -13.632295300448483 0
    vertex 11.98453915811405 -13.358843706805272 0
  endloop
endfacet
facet normal 0 0 -1
  outer loop
    vertex 13.566316217325747 -12.223610095817623 0
    vertex 13.806304059332524 -12.576119354962655 0
    vertex 12.31347241110308 -13.632295300448483 0
  endloop
endfacet
facet normal 0 0 -0.9999999999999999
  outer loop
    vertex 13.327673005089268 -11.956575173842632 0
    vertex 11.956575173842635 -13.327673005089274 0
    vertex 2.2176172534185508 -2.6428533287604825 0
  endloop
endfacet
facet normal 0 0 -1
  outer loop
    vertex 13.327673005089268 -11.956575173842632 0
    vertex 2.2176172534185508 -2.6428533287604825 0
    vertex 2.6428533287604656 -2.2176172534185707 0
  endloop
endfacet
facet normal 0 0 -1
  outer loop
    vertex -11.956575173842626 13.32767300508926 0
    vertex -2.2176172534185596 2.6428533287604754 0
    vertex -13.327673005089258 11.956575173842623 0
  endloop
endfacet
facet normal 0 0 -1
  outer loop
    vertex 13.35884370680527 -11.984539158114057 0
    vertex 11.98453915811405 -13.358843706805272 0
    vertex 11.956575173842635 -13.327673005089274 0
  endloop
endfacet
facet normal 0 0 -1
  outer loop
    vertex 13.35884370680527 -11.984539158114057 0
    vertex 13.566316217325747 -12.223610095817623 0
    vertex 11.98453915811405 -13.358843706805272 0
  endloop
endfacet
facet normal 0 0 -1
  outer loop
    vertex 13.35884370680527 -11.984539158114057 0
    vertex 11.956575173842635 -13.327673005089274 0
    vertex 13.327673005089268 -11.956575173842632 0
  endloop
endfacet
facet normal 0 0 -1
  outer loop
    vertex -11.984539158114035 13.358843706805258 0
    vertex -11.956575173842626 13.32767300508926 0
    vertex -13.327673005089258 11.956575173842623 0
  endloop
endfacet
facet normal 0 0 -1
  outer loop
    vertex -11.984539158114035 13.358843706805258 0
    vertex -13.566316217325644 12.223610095817492 0
    vertex -12.313472411102538 13.632295300448089 0
  endloop
endfacet
facet normal 0 0 -1
  outer loop
    vertex -11.984539158114035 13.358843706805258 0
    vertex -13.358843706805256 11.98453915811404 0
    vertex -13.566316217325644 12.223610095817492 0
  endloop
endfacet
facet normal 0 0 -1
  outer loop
    vertex -11.984539158114035 13.358843706805258 0
    vertex -13.327673005089258 11.956575173842623 0
    vertex -13.358843706805256 11.98453915811404 0
  endloop
endfacet
facet normal 0 0 -1
  outer loop
    vertex 13.89427728943592 -11.29316679335786 0
    vertex 13.327673005089268 -11.956575173842632 0
    vertex 2.6428533287604656 -2.2176172534185707 0
  endloop
endfacet
facet normal 0 0 -1
  outer loop
    vertex -11.293166793357845 13.894277289435905 0
    vertex -2.2176172534185596 2.6428533287604754 0
    vertex -11.956575173842626 13.32767300508926 0
  endloop
endfacet
facet normal 0 0 -1
  outer loop
    vertex 16.43444644799061 -11.491420618207705 0
    vertex 16.007513706009004 -12.07904312552838 0
    vertex 15.40725393942599 -11.944387186696542 0
  endloop
endfacet
facet normal 0 0 -1
  outer loop
    vertex -10.962150629221233 16.120890570992785 0
    vertex -12.079043125528354 16.00751370600898 0
    vertex -11.49142061820768 16.4344464479906 0
  endloop
endfacet
facet normal 0 0 -1
  outer loop
    vertex -10.962150629221233 16.120890570992785 0
    vertex -11.910864222288582 15.28364055326251 0
    vertex -12.079043125528354 16.00751370600898 0
  endloop
endfacet
facet normal 0 0 -0.9999999999999999
  outer loop
    vertex 16.05080970019062 -10.854946478513487 0
    vertex 16.43444644799061 -11.491420618207705 0
    vertex 15.40725393942599 -11.944387186696542 0
  endloop
endfacet
facet normal 0 0 -0.9999999999999999
  outer loop
    vertex 16.05080970019062 -10.854946478513487 0
    vertex 15.40725393942599 -11.944387186696542 0
    vertex 14.819387957359712 -11.762009403134101 0
  endloop
endfacet
facet normal 0 0 -1
  outer loop
    vertex -10.459414690785724 15.765778412634514 0
    vertex -11.66898704253836 14.581068246533887 0
    vertex -11.910864222288582 15.28364055326251 0
  endloop
endfacet
facet normal 0 0 -1
  outer loop
    vertex -10.459414690785724 15.765778412634514 0
    vertex -11.910864222288582 15.28364055326251 0
    vertex -10.962150629221233 16.120890570992785 0
  endloop
endfacet
facet normal 0 0 -1
  outer loop
    vertex 15.034007675424611 -9.724462495871386 0
    vertex 13.926773162705253 -11.31957920109103 0
    vertex 13.89427728943592 -11.29316679335786 0
  endloop
endfacet
facet normal 0 0 -0.9999999999999999
  outer loop
    vertex 15.069169144997568 -9.747206025044985 0
    vertex 13.926773162705253 -11.31957920109103 0
    vertex 15.034007675424611 -9.724462495871386 0
  endloop
endfacet
facet normal 0 0 -1
  outer loop
    vertex -9.747206025044964 15.069169144997552 0
    vertex -9.724462495871379 15.034007675424599 0
    vertex -11.293166793357845 13.894277289435905 0
  endloop
endfacet
facet normal 0 0 -1
  outer loop
    vertex -9.747206025044964 15.069169144997552 0
    vertex -11.319579201091013 13.92677316270524 0
    vertex -11.487098446479989 14.195356591644442 0
  endloop
endfacet
facet normal 0 0 -0.9999999999999999
  outer loop
    vertex -9.747206025044964 15.069169144997552 0
    vertex -11.293166793357845 13.894277289435905 0
    vertex -11.319579201091013 13.92677316270524 0
  endloop
endfacet
facet normal 0 0 -1
  outer loop
    vertex 15.60366404968973 -10.261504667125006 0
    vertex 14.819387957359712 -11.762009403134101 0
    vertex 14.294433955282084 -11.53820765438409 0
  endloop
endfacet
facet normal 0 0 -1
  outer loop
    vertex 15.60366404968973 -10.261504667125006 0
    vertex 16.05080970019062 -10.854946478513487 0
    vertex 14.819387957359712 -11.762009403134101 0
  endloop
endfacet
facet normal 0 0 -1
  outer loop
    vertex 15.311486258879878 -9.950877751596995 0
    vertex 14.294433955282084 -11.53820765438409 0
    vertex 13.926773162705253 -11.31957920109103 0
  endloop
endfacet
facet normal 0 0 -0.9999999999999999
  outer loop
    vertex 15.311486258879878 -9.950877751596995 0
    vertex 15.60366404968973 -10.261504667125006 0
    vertex 14.294433955282084 -11.53820765438409 0
  endloop
endfacet
facet normal 0 0 -1
  outer loop
    vertex 15.311486258879878 -9.950877751596995 0
    vertex 13.926773162705253 -11.31957920109103 0
    vertex 15.069169144997568 -9.747206025044985 0
  endloop
endfacet
facet normal 0 0 -1
  outer loop
    vertex -10.029312310089633 15.39071059322075 0
    vertex -9.747206025044964 15.069169144997552 0
    vertex -11.487098446479989 14.195356591644442 0
  endloop
endfacet
facet normal 0 0 -1
  outer loop
    vertex -10.029312310089633 15.39071059322075 0
    vertex -11.487098446479989 14.195356591644442 0
    vertex -11.66898704253836 14.581068246533887 0
  endloop
endfacet
facet normal 0 0 -1
  outer loop
    vertex -10.029312310089633 15.39071059322075 0
    vertex -11.66898704253836 14.581068246533887 0
    vertex -10.459414690785724 15.765778412634514 0
  endloop
endfacet
facet normal 0 0 -1
  outer loop
    vertex 16.370155181780127 -7.252901277611087 0
    vertex 15.526083791720449 -9.001589087916393 0
    vertex 15.489856185700708 -8.980585335302202 0
  endloop
endfacet
facet normal 0 0 -0.9999999999999999
  outer loop
    vertex 16.408441627134927 -7.269864330517162 0
    vertex 15.526083791720449 -9.001589087916393 0
    vertex 16.370155181780127 -7.252901277611087 0
  endloop
endfacet
facet normal 0 0 -0.9999999999999999
  outer loop
    vertex -7.269864330517143 16.408441627134906 0
    vertex -7.252901277611082 16.370155181780113 0
    vertex -8.980585335302186 15.48985618570069 0
  endloop
endfacet
facet normal 0 0 -1
  outer loop
    vertex -7.269864330517143 16.408441627134906 0
    vertex -9.00158908791638 15.526083791720431 0
    vertex -9.12503018838795 15.817566296498152 0
  endloop
endfacet
facet normal 0 0 -0.9999999999999999
  outer loop
    vertex -7.269864330517143 16.408441627134906 0
    vertex -8.980585335302186 15.48985618570069 0
    vertex -9.00158908791638 15.526083791720431 0
  endloop
endfacet
facet normal 0 0 -1
  outer loop
    vertex 16.679636692829774 -7.433121772060941 0
    vertex 15.526083791720449 -9.001589087916393 0
    vertex 16.408441627134927 -7.269864330517162 0
  endloop
endfacet
facet normal 0 0 -1
  outer loop
    vertex 16.679636692829774 -7.433121772060941 0
    vertex 15.92341909497599 -9.160011042753263 0
    vertex 15.526083791720449 -9.001589087916393 0
  endloop
endfacet
facet normal 0 0 -1
  outer loop
    vertex 18.029765377777103 -8.779028323154588 0
    vertex 17.700013298881867 -9.426203217406549 0
    vertex 17.08607889634377 -9.387106432101033 0
  endloop
endfacet
facet normal 0 0 -1
  outer loop
    vertex -7.4981972546236095 16.770155512348882 0
    vertex -9.12503018838795 15.817566296498152 0
    vertex -9.24434083760925 16.226982846084383 0
  endloop
endfacet
facet normal 0 0 -1
  outer loop
    vertex -7.4981972546236095 16.770155512348882 0
    vertex -7.269864330517143 16.408441627134906 0
    vertex -9.12503018838795 15.817566296498152 0
  endloop
endfacet
facet normal 0 0 -1
  outer loop
    vertex 17.016810045551587 -7.694217678401264 0
    vertex 15.92341909497599 -9.160011042753263 0
    vertex 16.679636692829774 -7.433121772060941 0
  endloop
endfacet
facet normal 0 0 -1
  outer loop
    vertex 17.016810045551587 -7.694217678401264 0
    vertex 16.476920349017536 -9.298936522112706 0
    vertex 15.92341909497599 -9.160011042753263 0
  endloop
endfacet
facet normal 0 0 -1
  outer loop
    vertex -8.305325471884533 17.6372738263527 0
    vertex -9.426203217406528 17.700013298881835 0
    vertex -8.779028323154563 18.029765377777085 0
  endloop
endfacet
facet normal 0 0 -1
  outer loop
    vertex -8.305325471884533 17.6372738263527 0
    vertex -9.373333584949405 16.95874324908494 0
    vertex -9.426203217406528 17.700013298881835 0
  endloop
endfacet
facet normal 0 0 -1
  outer loop
    vertex 17.551285343396206 -8.210404245700154 0
    vertex 17.08607889634377 -9.387106432101033 0
    vertex 16.476920349017536 -9.298936522112706 0
  endloop
endfacet
facet normal 0 0 -1
  outer loop
    vertex 17.551285343396206 -8.210404245700154 0
    vertex 16.476920349017536 -9.298936522112706 0
    vertex 17.016810045551587 -7.694217678401264 0
  endloop
endfacet
facet normal 0 0 -1
  outer loop
    vertex 17.551285343396206 -8.210404245700154 0
    vertex 18.029765377777103 -8.779028323154588 0
    vertex 17.08607889634377 -9.387106432101033 0
  endloop
endfacet
facet normal 0 0 -1
  outer loop
    vertex -7.864330827616041 17.207888460353466 0
    vertex -9.24434083760925 16.226982846084383 0
    vertex -9.373333584949405 16.95874324908494 0
  endloop
endfacet
facet normal 0 0 -1
  outer loop
    vertex -7.864330827616041 17.207888460353466 0
    vertex -9.373333584949405 16.95874324908494 0
    vertex -8.305325471884533 17.6372738263527 0
  endloop
endfacet
facet normal 0 0 -0.9999999999999999
  outer loop
    vertex -7.864330827616041 17.207888460353466 0
    vertex -7.4981972546236095 16.770155512348882 0
    vertex -9.24434083760925 16.226982846084383 0
  endloop
endfacet
facet normal 0 0 -0.9999999999999999
  outer loop
    vertex 13.151489251828899 -0.663122658240794 0
    vertex 2.6428533287604656 -2.2176172534185707 0
    vertex 2.9877876430563064 -1.7250000000000123 0
  endloop
endfacet
facet normal 0 0 -1
  outer loop
    vertex 13.151489251828899 -0.663122658240794 0
    vertex 2.9877876430563064 -1.7250000000000123 0
    vertex 3.2419395417113788 -1.179969494473571 0
  endloop
endfacet
facet normal 0 0 -1
  outer loop
    vertex -0.7485107481711022 13.236877341759204 0
    vertex -11.293166793357845 13.894277289435905 0
    vertex -9.724462495871379 15.034007675424599 0
  endloop
endfacet
facet normal 0 0 -1
  outer loop
    vertex -0.7485107481711022 13.236877341759204 0
    vertex -1.7249999999999994 2.9877876430563135 0
    vertex -2.2176172534185596 2.6428533287604754 0
  endloop
endfacet
facet normal 0 0 -1
  outer loop
    vertex -0.7485107481711022 13.236877341759204 0
    vertex -2.2176172534185596 2.6428533287604754 0
    vertex -11.293166793357845 13.894277289435905 0
  endloop
endfacet
facet normal 0 0 -1
  outer loop
    vertex -0.5680647467311574 13.077016134106342 0
    vertex -1.179969494473557 3.241939541711384 0
    vertex -1.7249999999999994 2.9877876430563135 0
  endloop
endfacet
facet normal 0 0 -1
  outer loop
    vertex -0.5680647467311574 13.077016134106342 0
    vertex -1.7249999999999994 2.9877876430563135 0
    vertex -0.7485107481711022 13.236877341759204 0
  endloop
endfacet
facet normal 0 0 -1
  outer loop
    vertex 13.331935253268844 -0.8229838658936554 0
    vertex 15.034007675424611 -9.724462495871386 0
    vertex 13.89427728943592 -11.29316679335786 0
  endloop
endfacet
facet normal 0 0 -1
  outer loop
    vertex 13.331935253268844 -0.8229838658936554 0
    vertex 2.6428533287604656 -2.2176172534185707 0
    vertex 13.151489251828899 -0.663122658240794 0
  endloop
endfacet
facet normal 0 0 -1
  outer loop
    vertex 13.331935253268844 -0.8229838658936554 0
    vertex 13.89427728943592 -11.29316679335786 0
    vertex 2.6428533287604656 -2.2176172534185707 0
  endloop
endfacet
facet normal 0 0 -1
  outer loop
    vertex 13.331935253268844 -0.8229838658936554 0
    vertex 15.489856185700708 -8.980585335302202 0
    vertex 15.034007675424611 -9.724462495871386 0
  endloop
endfacet
facet normal 0 0 -1
  outer loop
    vertex 13.01454397434679 -0.4647231720437673 0
    vertex 13.151489251828899 -0.663122658240794 0
    vertex 3.2419395417113788 -1.179969494473571 0
  endloop
endfacet
facet normal 0 0 -1
  outer loop
    vertex 13.01454397434679 -0.4647231720437673 0
    vertex 3.2419395417113788 -1.179969494473571 0
    vertex 3.3975867478921153 -0.599086212950925 0
  endloop
endfacet
facet normal 0 0 -1
  outer loop
    vertex -0.8854560256532106 13.435276827956232 0
    vertex -0.7485107481711022 13.236877341759204 0
    vertex -9.724462495871379 15.034007675424599 0
  endloop
endfacet
facet normal 0 0 -1
  outer loop
    vertex -0.8854560256532106 13.435276827956232 0
    vertex -8.980585335302186 15.48985618570069 0
    vertex -7.252901277611082 16.370155181780113 0
  endloop
endfacet
facet normal 0 0 -1
  outer loop
    vertex -0.8854560256532106 13.435276827956232 0
    vertex -9.724462495871379 15.034007675424599 0
    vertex -8.980585335302186 15.48985618570069 0
  endloop
endfacet
facet normal 0 0 -1
  outer loop
    vertex 13.545395112957463 -0.9350162426854141 0
    vertex 16.704023414788207 -6.446872061437459 0
    vertex 16.370155181780127 -7.252901277611087 0
  endloop
endfacet
facet normal 0 0 -1
  outer loop
    vertex 13.545395112957463 -0.9350162426854141 0
    vertex 16.370155181780127 -7.252901277611087 0
    vertex 15.489856185700708 -8.980585335302202 0
  endloop
endfacet
facet normal 0 0 -1
  outer loop
    vertex 13.545395112957463 -0.9350162426854141 0
    vertex 15.489856185700708 -8.980585335302202 0
    vertex 13.331935253268844 -0.8229838658936554 0
  endloop
endfacet
facet normal 0 0 -1
  outer loop
    vertex -0.35460488704253756 12.964983757314585 0
    vertex -0.5990862129509096 3.397586747892118 0
    vertex -1.179969494473557 3.241939541711384 0
  endloop
endfacet
facet normal 0 0 -1
  outer loop
    vertex -0.35460488704253756 12.964983757314585 0
    vertex -1.179969494473557 3.241939541711384 0
    vertex -0.5680647467311574 13.077016134106342 0
  endloop
endfacet
facet normal 0 0 -1
  outer loop
    vertex 12.929058182573948 -0.23931566428755657 0
    vertex 13.01454397434679 -0.4647231720437673 0
    vertex 3.3975867478921153 -0.599086212950925 0
  endloop
endfacet
facet normal 0 0 -1
  outer loop
    vertex 12.929058182573948 -0.23931566428755657 0
    vertex 3.3975867478921153 -0.599086212950925 0
    vertex 3.45 0 0
  endloop
endfacet
facet normal 0 0 -0.9999999999999999
  outer loop
    vertex -0.9709418174260523 13.660684335712443 0
    vertex -0.8854560256532106 13.435276827956232 0
    vertex -7.252901277611082 16.370155181780113 0
  endloop
endfacet
facet normal 0 0 -1
  outer loop
    vertex -0.9709418174260523 13.660684335712443 0
    vertex -7.252901277611082 16.370155181780113 0
    vertex -6.446872061437446 16.704023414788182 0
  endloop
endfacet
facet normal 0 0 -1
  outer loop
    vertex 17.303215138130007 -4.602749558896711 0
    vertex 16.743090709665616 -6.461949976835855 0
    vertex 16.704023414788207 -6.446872061437459 0
  endloop
endfacet
facet normal 0 0 -1
  outer loop
    vertex -4.613514448875553 17.343683819916563 0
    vertex -6.461949976835843 16.743090709665594 0
    vertex -6.5382734028182234 17.05029502363751 0
  endloop
endfacet
facet normal 0 0 -1
  outer loop
    vertex -4.613514448875553 17.343683819916563 0
    vertex -6.446872061437446 16.704023414788182 0
    vertex -6.461949976835843 16.743090709665594 0
  endloop
endfacet
facet normal 0 0 -1
  outer loop
    vertex -4.613514448875553 17.343683819916563 0
    vertex -4.602749558896709 17.30321513812999 0
    vertex -6.446872061437446 16.704023414788182 0
  endloop
endfacet
facet normal 0 0 -1
  outer loop
    vertex 17.34368381991659 -4.613514448875571 0
    vertex 16.743090709665616 -6.461949976835855 0
    vertex 17.303215138130007 -4.602749558896711 0
  endloop
endfacet
facet normal 0 0 -1
  outer loop
    vertex 13.779463319744675 -0.9927088740980538 0
    vertex 16.704023414788207 -6.446872061437459 0
    vertex 13.545395112957463 -0.9350162426854141 0
  endloop
endfacet
facet normal 0 0 -1
  outer loop
    vertex 13.779463319744675 -0.9927088740980538 0
    vertex 17.303215138130007 -4.602749558896711 0
    vertex 16.704023414788207 -6.446872061437459 0
  endloop
endfacet
facet normal 0 0 -1
  outer loop
    vertex -0.12053668025532534 12.907291125901946 0
    vertex -0.5990862129509096 3.397586747892118 0
    vertex -0.35460488704253756 12.964983757314585 0
  endloop
endfacet
facet normal 0 0 -1
  outer loop
    vertex -0.12053668025532534 12.907291125901946 0
    vertex 2.1125157285291844e-16 3.45 0
    vertex -0.5990862129509096 3.397586747892118 0
  endloop
endfacet
facet normal 0 0 -1
  outer loop
    vertex 12.9 1.0106430996148606e-15 0
    vertex 12.929058182573948 -0.23931566428755657 0
    vertex 3.45 0 0
  endloop
endfacet
facet normal 0 0 -1
  outer loop
    vertex -1 13.9 0
    vertex -0.9709418174260523 13.660684335712443 0
    vertex -6.446872061437446 16.704023414788182 0
  endloop
endfacet
facet normal 0 0 -1
  outer loop
    vertex -1 13.9 0
    vertex -6.446872061437446 16.704023414788182 0
    vertex -4.602749558896709 17.30321513812999 0
  endloop
endfacet
facet normal 0 0 -1
  outer loop
    vertex 17.637079114862164 -4.7323376653802836 0
    vertex 16.743090709665616 -6.461949976835855 0
    vertex 17.34368381991659 -4.613514448875571 0
  endloop
endfacet
facet normal 0 0 -1
  outer loop
    vertex 17.637079114862164 -4.7323376653802836 0
    vertex 17.16031680975377 -6.556264558916184 0
    vertex 16.743090709665616 -6.461949976835855 0
  endloop
endfacet
facet normal 0 0 -1
  outer loop
    vertex -4.782451697658292 17.73666354580717 0
    vertex -4.613514448875553 17.343683819916563 0
    vertex -6.5382734028182234 17.05029502363751 0
  endloop
endfacet
facet normal 0 0 -1
  outer loop
    vertex -4.782451697658292 17.73666354580717 0
    vertex -6.5382734028182234 17.05029502363751 0
    vertex -6.592068281049931 17.473335273695813 0
  endloop
endfacet
facet normal 0 0 -0.9999999999999999
  outer loop
    vertex 14.02053668025532 -0.9927088740980543 0
    vertex 17.303215138130007 -4.602749558896711 0
    vertex 13.779463319744675 -0.9927088740980538 0
  endloop
endfacet
facet normal 0 0 -1
  outer loop
    vertex 0.12053668025532056 12.907291125901944 0
    vertex 0.5990862129509099 3.397586747892118 0
    vertex 2.1125157285291844e-16 3.45 0
  endloop
endfacet
facet normal 0 0 -1
  outer loop
    vertex 0.12053668025532056 12.907291125901944 0
    vertex 2.1125157285291844e-16 3.45 0
    vertex -0.12053668025532534 12.907291125901946 0
  endloop
endfacet
facet normal 0 0 -1
  outer loop
    vertex 18.010945702537313 -4.93747351479083 0
    vertex 17.16031680975377 -6.556264558916184 0
    vertex 17.637079114862164 -4.7323376653802836 0
  endloop
endfacet
facet normal 0 0 -1
  outer loop
    vertex 18.010945702537313 -4.93747351479083 0
    vertex 17.728736277919836 -6.606892962515991 0
    vertex 17.16031680975377 -6.556264558916184 0
  endloop
endfacet
facet normal 0 0 -1
  outer loop
    vertex -5.075601039251512 18.22628318446964 0
    vertex -6.592068281049931 17.473335273695813 0
    vertex -6.605000366438123 18.216265403272885 0
  endloop
endfacet
facet normal 0 0 -1
  outer loop
    vertex -5.075601039251512 18.22628318446964 0
    vertex -4.782451697658292 17.73666354580717 0
    vertex -6.592068281049931 17.473335273695813 0
  endloop
endfacet
facet normal 0 0 -1
  outer loop
    vertex 12.929058182573948 0.23931566428755854 0
    vertex 12.9 1.0106430996148606e-15 0
    vertex 3.45 0 0
  endloop
endfacet
facet normal 0 0 -1
  outer loop
    vertex 12.929058182573948 0.23931566428755854 0
    vertex 3.45 0 0
    vertex 3.397586747892118 0.5990862129509097 0
  endloop
endfacet
facet normal 0 0 -1
  outer loop
    vertex -0.9709418174260518 14.139315664287556 0
    vertex -1 13.9 0
    vertex -4.602749558896709 17.30321513812999 0
  endloop
endfacet
facet normal 0 0 -1
  outer loop
    vertex 18.619590092070904 -5.363694611588228 0
    vertex 18.34418788538916 -6.598683963127078 0
    vertex 17.728736277919836 -6.606892962515991 0
  endloop
endfacet
facet normal 0 0 -1
  outer loop
    vertex 18.619590092070904 -5.363694611588228 0
    vertex 17.728736277919836 -6.606892962515991 0
    vertex 18.010945702537313 -4.93747351479083 0
  endloop
endfacet
facet normal 0 0 -0.9999999999999999
  outer loop
    vertex -5.443995637634384 18.719368865351335 0
    vertex -6.605000366438123 18.216265403272885 0
    vertex -6.541258902297249 18.956679821359963 0
  endloop
endfacet
facet normal 0 0 -1
  outer loop
    vertex -5.443995637634384 18.719368865351335 0
    vertex -5.075601039251512 18.22628318446964 0
    vertex -6.605000366438123 18.216265403272885 0
  endloop
endfacet
facet normal 0 0 -1
  outer loop
    vertex 14.254604887042534 -0.9350162426854158 0
    vertex 17.303215138130007 -4.602749558896711 0
    vertex 14.02053668025532 -0.9927088740980543 0
  endloop
endfacet
facet normal 0 0 -1
  outer loop
    vertex 0.35460488704253307 12.964983757314583 0
    vertex 0.5990862129509099 3.397586747892118 0
    vertex 0.12053668025532056 12.907291125901944 0
  endloop
endfacet
facet normal 0 0 -1
  outer loop
    vertex 0.35460488704253307 12.964983757314583 0
    vertex 1.1799694944735575 3.2419395417113837 0
    vertex 0.5990862129509099 3.397586747892118 0
  endloop
endfacet
facet normal 0 0 -1
  outer loop
    vertex 19.181131646602058 -5.850467214860833 0
    vertex 18.956679821359998 -6.541258902297265 0
    vertex 18.34418788538916 -6.598683963127078 0
  endloop
endfacet
facet normal 0 0 -1
  outer loop
    vertex 19.181131646602058 -5.850467214860833 0
    vertex 18.34418788538916 -6.598683963127078 0
    vertex 18.619590092070904 -5.363694611588228 0
  endloop
endfacet
facet normal 0 0 -1
  outer loop
    vertex -5.85046721486081 19.181131646602033 0
    vertex -5.443995637634384 18.719368865351335 0
    vertex -6.541258902297249 18.956679821359963 0
  endloop
endfacet
facet normal 0 0 -1
  outer loop
    vertex 13.014543974346791 0.46472317204376906 0
    vertex 3.397586747892118 0.5990862129509097 0
    vertex 3.241939541711384 1.179969494473557 0
  endloop
endfacet
facet normal 0 0 -1
  outer loop
    vertex 13.014543974346791 0.46472317204376906 0
    vertex 12.929058182573948 0.23931566428755854 0
    vertex 3.397586747892118 0.5990862129509097 0
  endloop
endfacet
facet normal 0 0 -1
  outer loop
    vertex 0.5680647467311534 13.07701613410634 0
    vertex 1.7250000000000005 2.9877876430563135 0
    vertex 1.1799694944735575 3.2419395417113837 0
  endloop
endfacet
facet normal 0 0 -1
  outer loop
    vertex 0.5680647467311534 13.07701613410634 0
    vertex 1.1799694944735575 3.2419395417113837 0
    vertex 0.35460488704253307 12.964983757314583 0
  endloop
endfacet
facet normal 0 0 -1
  outer loop
    vertex -3.754415401478426 17.50688214992824 0
    vertex -0.8854560256532096 14.364723172043767 0
    vertex -0.9709418174260518 14.139315664287556 0
  endloop
endfacet
facet normal 0 0 -0.9999999999999999
  outer loop
    vertex -3.754415401478426 17.50688214992824 0
    vertex -0.9709418174260518 14.139315664287556 0
    vertex -4.602749558896709 17.30321513812999 0
  endloop
endfacet
facet normal 0 0 -1
  outer loop
    vertex 17.50688214992827 -3.754415401478435 0
    vertex 14.254604887042534 -0.9350162426854158 0
    vertex 14.468064746731153 -0.822983865893658 0
  endloop
endfacet
facet normal 0 0 -1
  outer loop
    vertex 17.50688214992827 -3.754415401478435 0
    vertex 17.303215138130007 -4.602749558896711 0
    vertex 14.254604887042534 -0.9350162426854158 0
  endloop
endfacet
facet normal 0 0 -1
  outer loop
    vertex 13.151489251828899 0.6631226582407955 0
    vertex 3.241939541711384 1.179969494473557 0
    vertex 2.9877876430563135 1.7249999999999999 0
  endloop
endfacet
facet normal 0 0 -1
  outer loop
    vertex 13.151489251828899 0.6631226582407955 0
    vertex 2.9877876430563135 1.7249999999999999 0
    vertex 2.642853328760474 2.2176172534185605 0
  endloop
endfacet
facet normal 0 0 -1
  outer loop
    vertex 13.151489251828899 0.6631226582407955 0
    vertex 13.014543974346791 0.46472317204376906 0
    vertex 3.241939541711384 1.179969494473557 0
  endloop
endfacet
facet normal 0 0 -1
  outer loop
    vertex -0.7485107481711009 14.563122658240793 0
    vertex -0.8854560256532096 14.364723172043767 0
    vertex -3.754415401478426 17.50688214992824 0
  endloop
endfacet
facet normal 0 0 -1
  outer loop
    vertex 0.748510748171099 13.2368773417592 0
    vertex 2.217617253418561 2.642853328760474 0
    vertex 1.7250000000000005 2.9877876430563135 0
  endloop
endfacet
facet normal 0 0 -1
  outer loop
    vertex 0.748510748171099 13.2368773417592 0
    vertex 1.7250000000000005 2.9877876430563135 0
    vertex 0.5680647467311534 13.07701613410634 0
  endloop
endfacet
facet normal 0 0 -1
  outer loop
    vertex 13.331935253268846 0.8229838658936565 0
    vertex 13.151489251828899 0.6631226582407955 0
    vertex 2.642853328760474 2.2176172534185605 0
  endloop
endfacet
facet normal 0 0 -1
  outer loop
    vertex -1.839262870392303 17.810212511700442 0
    vertex -0.7485107481711009 14.563122658240793 0
    vertex -3.754415401478426 17.50688214992824 0
  endloop
endfacet
facet normal 0 0 -1
  outer loop
    vertex -1.839262870392303 17.810212511700442 0
    vertex -0.5680647467311557 14.722983865893655 0
    vertex -0.7485107481711009 14.563122658240793 0
  endloop
endfacet
facet normal 0 0 -0.9999999999999999
  outer loop
    vertex 17.81021251170046 -1.839262870392303 0
    vertex 17.50688214992827 -3.754415401478435 0
    vertex 14.468064746731153 -0.822983865893658 0
  endloop
endfacet
facet normal 0 0 -0.9999999999999999
  outer loop
    vertex 17.81021251170046 -1.839262870392303 0
    vertex 14.468064746731153 -0.822983865893658 0
    vertex 14.6485107481711 -0.6631226582407975 0
  endloop
endfacet
facet normal 0 0 -1
  outer loop
    vertex 17.81021251170046 -1.839262870392303 0
    vertex 14.6485107481711 -0.6631226582407975 0
    vertex 14.78545602565321 -0.46472317204377156 0
  endloop
endfacet
facet normal 0 0 -1
  outer loop
    vertex 17.85186695666538 -1.843564530126045 0
    vertex 17.50688214992827 -3.754415401478435 0
    vertex 17.81021251170046 -1.839262870392303 0
  endloop
endfacet
facet normal 0 0 -1
  outer loop
    vertex 17.85186695666538 -1.843564530126045 0
    vertex 17.54782716720655 -3.763196211343194 0
    vertex 17.50688214992827 -3.754415401478435 0
  endloop
endfacet
facet normal 0 0 -1
  outer loop
    vertex -1.843564530126031 17.85186695666535 0
    vertex -1.839262870392303 17.810212511700442 0
    vertex -3.754415401478426 17.50688214992824 0
  endloop
endfacet
facet normal 0 0 -1
  outer loop
    vertex -1.843564530126031 17.85186695666535 0
    vertex -3.763196211343185 17.547827167206524 0
    vertex -3.7905226267860144 17.863188900610787 0
  endloop
endfacet
facet normal 0 0 -1
  outer loop
    vertex -1.843564530126031 17.85186695666535 0
    vertex -3.754415401478426 17.50688214992824 0
    vertex -3.763196211343185 17.547827167206524 0
  endloop
endfacet
facet normal 0 0 -1
  outer loop
    vertex 18.160238114977048 -1.9150276996496822 0
    vertex 17.54782716720655 -3.763196211343194 0
    vertex 17.85186695666538 -1.843564530126045 0
  endloop
endfacet
facet normal 0 0 -1
  outer loop
    vertex 18.160238114977048 -1.9150276996496822 0
    vertex 17.97467057284848 -3.791081082643929 0
    vertex 17.54782716720655 -3.763196211343194 0
  endloop
endfacet
facet normal 0 0 -1
  outer loop
    vertex -1.9489463078496 18.266436058156447 0
    vertex -3.7905226267860144 17.863188900610787 0
    vertex -3.777477125590849 18.289436196193822 0
  endloop
endfacet
facet normal 0 0 -1
  outer loop
    vertex -1.9489463078496 18.266436058156447 0
    vertex -1.843564530126031 17.85186695666535 0
    vertex -3.7905226267860144 17.863188900610787 0
  endloop
endfacet
facet normal 0 0 -1
  outer loop
    vertex 18.561592101424814 -2.059152366711127 0
    vertex 18.544011881355917 -3.7521657711614878 0
    vertex 17.97467057284848 -3.791081082643929 0
  endloop
endfacet
facet normal 0 0 -0.9999999999999999
  outer loop
    vertex 18.561592101424814 -2.059152366711127 0
    vertex 17.97467057284848 -3.791081082643929 0
    vertex 18.160238114977048 -1.9150276996496822 0
  endloop
endfacet
facet normal 0 0 -1
  outer loop
    vertex -2.1618931083469968 18.79588632701879 0
    vertex -3.777477125590849 18.289436196193822 0
    vertex -3.674030118165687 19.02524264691349 0
  endloop
endfacet
facet normal 0 0 -1
  outer loop
    vertex -2.1618931083469968 18.79588632701879 0
    vertex -1.9489463078496 18.266436058156447 0
    vertex -3.777477125590849 18.289436196193822 0
  endloop
endfacet
facet normal 0 0 -1
  outer loop
    vertex 19.229418737802156 -2.384913015057164 0
    vertex 19.150602087826393 -3.647779995204482 0
    vertex 18.544011881355917 -3.7521657711614878 0
  endloop
endfacet
facet normal 0 0 -1
  outer loop
    vertex 19.229418737802156 -2.384913015057164 0
    vertex 18.544011881355917 -3.7521657711614878 0
    vertex 18.561592101424814 -2.059152366711127 0
  endloop
endfacet
facet normal 0 0 -1
  outer loop
    vertex -2.448616563200269 19.34053091686181 0
    vertex -2.1618931083469968 18.79588632701879 0
    vertex -3.674030118165687 19.02524264691349 0
  endloop
endfacet
facet normal 0 0 -1
  outer loop
    vertex -2.448616563200269 19.34053091686181 0
    vertex -3.674030118165687 19.02524264691349 0
    vertex -3.495247083819757 19.74656997302287 0
  endloop
endfacet
facet normal 0 0 -1
  outer loop
    vertex 17.878663344526338 -0.96951257414466 0
    vertex 17.81021251170046 -1.839262870392303 0
    vertex 14.78545602565321 -0.46472317204377156 0
  endloop
endfacet
facet normal 0 0 -1
  outer loop
    vertex 17.878663344526338 -0.96951257414466 0
    vertex 14.78545602565321 -0.46472317204377156 0
    vertex 14.87094181742605 -0.23931566428756124 0
  endloop
endfacet
facet normal 0 0 -1
  outer loop
    vertex 17.878663344526338 -0.96951257414466 0
    vertex 14.87094181742605 -0.23931566428756124 0
    vertex 14.9 0 0
  endloop
endfacet
facet normal 0 0 -1
  outer loop
    vertex -0.969512574144662 17.878663344526345 0
    vertex -0.5680647467311557 14.722983865893655 0
    vertex -1.839262870392303 17.810212511700442 0
  endloop
endfacet
facet normal 0 0 -1
  outer loop
    vertex -0.969512574144662 17.878663344526345 0
    vertex 0.12053668025532323 14.892708874098053 0
    vertex -0.12053668025532288 14.892708874098053 0
  endloop
endfacet
facet normal 0 0 -0.9999999999999999
  outer loop
    vertex -0.969512574144662 17.878663344526345 0
    vertex -0.12053668025532288 14.892708874098053 0
    vertex -0.35460488704253545 14.835016242685413 0
  endloop
endfacet
facet normal 0 0 -1
  outer loop
    vertex -0.969512574144662 17.878663344526345 0
    vertex -0.35460488704253545 14.835016242685413 0
    vertex -0.5680647467311557 14.722983865893655 0
  endloop
endfacet
facet normal 0 0 -1
  outer loop
    vertex 19.860194795761434 -2.777848187149719 0
    vertex 19.74656997302291 -3.495247083819768 0
    vertex 19.150602087826393 -3.647779995204482 0
  endloop
endfacet
facet normal 0 0 -1
  outer loop
    vertex 19.860194795761434 -2.777848187149719 0
    vertex 19.150602087826393 -3.647779995204482 0
    vertex 19.229418737802156 -2.384913015057164 0
  endloop
endfacet
facet normal 0 0 -1
  outer loop
    vertex -2.777848187149699 19.8601947957614 0
    vertex -2.448616563200269 19.34053091686181 0
    vertex -3.495247083819757 19.74656997302287 0
  endloop
endfacet
facet normal 0 0 -1
  outer loop
    vertex 17.878663344526338 0.96951257414466 0
    vertex 17.878663344526338 -0.96951257414466 0
    vertex 14.9 0 0
  endloop
endfacet
facet normal 0 0 -1
  outer loop
    vertex 17.878663344526338 0.96951257414466 0
    vertex 14.9 0 0
    vertex 14.870941817426052 0.23931566428755774 0
  endloop
endfacet
facet normal 0 0 -1
  outer loop
    vertex 17.878663344526338 0.96951257414466 0
    vertex 14.870941817426052 0.23931566428755774 0
    vertex 14.785456025653211 0.4647231720437685 0
  endloop
endfacet
facet normal 0 0 -1
  outer loop
    vertex 0.969512574144662 17.87866334452635 0
    vertex 0.12053668025532323 14.892708874098053 0
    vertex -0.969512574144662 17.878663344526345 0
  endloop
endfacet
facet normal 0 0 -1
  outer loop
    vertex 0.969512574144662 17.87866334452635 0
    vertex 0.5680647467311559 14.722983865893655 0
    vertex 0.3546048870425358 14.835016242685413 0
  endloop
endfacet
facet normal 0 0 -1
  outer loop
    vertex 0.969512574144662 17.87866334452635 0
    vertex 0.3546048870425358 14.835016242685413 0
    vertex 0.12053668025532323 14.892708874098053 0
  endloop
endfacet
facet normal 0 0 -1
  outer loop
    vertex 17.92047788199137 0.971780065795081 0
    vertex 17.92047788199137 -0.971780065795081 0
    vertex 17.878663344526338 -0.96951257414466 0
  endloop
endfacet
facet normal 0 0 -1
  outer loop
    vertex 17.92047788199137 0.971780065795081 0
    vertex 17.878663344526338 -0.96951257414466 0
    vertex 17.878663344526338 0.96951257414466 0
  endloop
endfacet
facet normal 0 0 -1
  outer loop
    vertex 0.971780065795084 17.92047788199138 0
    vertex -0.971780065795078 17.92047788199138 0
    vertex -0.9494366036589768 18.236231782325813 0
  endloop
endfacet
facet normal 0 0 -0.9999999999999999
  outer loop
    vertex 0.971780065795084 17.92047788199138 0
    vertex -0.969512574144662 17.878663344526345 0
    vertex -0.971780065795078 17.92047788199138 0
  endloop
endfacet
facet normal 0 0 -0.9999999999999999
  outer loop
    vertex 0.971780065795084 17.92047788199138 0
    vertex 0.969512574144662 17.87866334452635 0
    vertex -0.969512574144662 17.878663344526345 0
  endloop
endfacet
facet normal 0 0 -1
  outer loop
    vertex 18.236231782325586 0.9494366036590092 0
    vertex 18.346428291928326 -0.9325486082402907 0
    vertex 17.92047788199137 -0.971780065795081 0
  endloop
endfacet
facet normal 0 0 -1
  outer loop
    vertex 18.236231782325586 0.9494366036590092 0
    vertex 17.92047788199137 -0.971780065795081 0
    vertex 17.92047788199137 0.971780065795081 0
  endloop
endfacet
facet normal 0 0 -1
  outer loop
    vertex 0.9325486082402705 18.346428291928465 0
    vertex 0.971780065795084 17.92047788199138 0
    vertex -0.9494366036589768 18.236231782325813 0
  endloop
endfacet
facet normal 0 0 -1
  outer loop
    vertex 0.9325486082402705 18.346428291928465 0
    vertex -0.9494366036589768 18.236231782325813 0
    vertex -0.8698719465719008 18.655190500382833 0
  endloop
endfacet
facet normal 0 0 -1
  outer loop
    vertex 18.655190500382826 0.8698719465719003 0
    vertex 18.902672368226476 -0.8050478057968445 0
    vertex 18.346428291928326 -0.9325486082402907 0
  endloop
endfacet
facet normal 0 0 -1
  outer loop
    vertex 18.655190500382826 0.8698719465719003 0
    vertex 18.346428291928326 -0.9325486082402907 0
    vertex 18.236231782325586 0.9494366036590092 0
  endloop
endfacet
facet normal 0 0 -1
  outer loop
    vertex 17.81021251170043 1.839262870392302 0
    vertex 17.878663344526338 0.96951257414466 0
    vertex 14.785456025653211 0.4647231720437685 0
  endloop
endfacet
facet normal 0 0 -1
  outer loop
    vertex 17.81021251170043 1.839262870392302 0
    vertex 14.785456025653211 0.4647231720437685 0
    vertex 14.648510748171102 0.6631226582407952 0
  endloop
endfacet
facet normal 0 0 -1
  outer loop
    vertex 17.81021251170043 1.839262870392302 0
    vertex 14.648510748171102 0.6631226582407952 0
    vertex 14.468064746731157 0.8229838658936564 0
  endloop
endfacet
facet normal 0 0 -1
  outer loop
    vertex 1.839262870392302 17.81021251170044 0
    vertex 0.5680647467311559 14.722983865893655 0
    vertex 0.969512574144662 17.87866334452635 0
  endloop
endfacet
facet normal 0 0 -1
  outer loop
    vertex 1.839262870392302 17.81021251170044 0
    vertex 0.7485107481711012 14.563122658240793 0
    vertex 0.5680647467311559 14.722983865893655 0
  endloop
endfacet
facet normal 0 0 -1
  outer loop
    vertex 0.8050478057967657 18.902672368226785 0
    vertex 0.9325486082402705 18.346428291928465 0
    vertex -0.8698719465719008 18.655190500382833 0
  endloop
endfacet
facet normal 0 0 -1
  outer loop
    vertex 0.8050478057967657 18.902672368226785 0
    vertex -0.8698719465719008 18.655190500382833 0
    vertex -0.6525930549771276 19.365755275426775 0
  endloop
endfacet
facet normal 0 0 -1
  outer loop
    vertex 19.365755275426768 0.6525930549771268 0
    vertex 19.48546490965709 -0.6070555775122738 0
    vertex 18.902672368226476 -0.8050478057968445 0
  endloop
endfacet
facet normal 0 0 -1
  outer loop
    vertex 19.365755275426768 0.6525930549771268 0
    vertex 18.902672368226476 -0.8050478057968445 0
    vertex 18.655190500382826 0.8698719465719003 0
  endloop
endfacet
facet normal 0 0 -1
  outer loop
    vertex 0.6070555775122164 19.485464909657242 0
    vertex -0.6525930549771276 19.365755275426775 0
    vertex -0.363170682078611 20.050234036841502 0
  endloop
endfacet
facet normal 0 0 -1
  outer loop
    vertex 0.6070555775122164 19.485464909657242 0
    vertex 0.8050478057967657 18.902672368226785 0
    vertex -0.6525930549771276 19.365755275426775 0
  endloop
endfacet
facet normal 0 0 -0.9999999999999999
  outer loop
    vertex 20.050234036841495 0.363170682078612 0
    vertex 20.050234036841495 -0.363170682078612 0
    vertex 19.48546490965709 -0.6070555775122738 0
  endloop
endfacet
facet normal 0 0 -1
  outer loop
    vertex 20.050234036841495 0.363170682078612 0
    vertex 19.48546490965709 -0.6070555775122738 0
    vertex 19.365755275426768 0.6525930549771268 0
  endloop
endfacet
facet normal 0 0 -1
  outer loop
    vertex 0.363170682078613 20.050234036841506 0
    vertex 0.6070555775122164 19.485464909657242 0
    vertex -0.363170682078611 20.050234036841502 0
  endloop
endfacet
facet normal 0 0 -1
  outer loop
    vertex 17.506882149928234 3.754415401478422 0
    vertex 17.85186695666534 1.843564530126032 0
    vertex 17.81021251170043 1.839262870392302 0
  endloop
endfacet
facet normal 0 0 -1
  outer loop
    vertex 17.506882149928234 3.754415401478422 0
    vertex 17.81021251170043 1.839262870392302 0
    vertex 14.468064746731157 0.8229838658936564 0
  endloop
endfacet
facet normal 0 0 -1
  outer loop
    vertex 17.506882149928234 3.754415401478422 0
    vertex 14.468064746731157 0.8229838658936564 0
    vertex 14.254604887042536 0.9350162426854147 0
  endloop
endfacet
facet normal 0 0 -1
  outer loop
    vertex 3.754415401478425 17.506882149928245 0
    vertex 0.7485107481711012 14.563122658240793 0
    vertex 1.839262870392302 17.81021251170044 0
  endloop
endfacet
facet normal 0 0 -1
  outer loop
    vertex 3.754415401478425 17.506882149928245 0
    vertex 0.970941817426052 14.139315664287556 0
    vertex 0.8854560256532099 14.364723172043767 0
  endloop
endfacet
facet normal 0 0 -1
  outer loop
    vertex 3.754415401478425 17.506882149928245 0
    vertex 0.8854560256532099 14.364723172043767 0
    vertex 0.7485107481711012 14.563122658240793 0
  endloop
endfacet
facet normal 0 0 -1
  outer loop
    vertex 17.547827167206513 3.763196211343187 0
    vertex 17.85186695666534 1.843564530126032 0
    vertex 17.506882149928234 3.754415401478422 0
  endloop
endfacet
facet normal 0 0 -1
  outer loop
    vertex 3.763196211343191 17.54782716720652 0
    vertex 3.754415401478425 17.506882149928245 0
    vertex 1.839262870392302 17.81021251170044 0
  endloop
endfacet
facet normal 0 0 -1
  outer loop
    vertex 3.763196211343191 17.54782716720652 0
    vertex 1.843564530126037 17.851866956665347 0
    vertex 1.9150276996495657 18.160238114976664 0
  endloop
endfacet
facet normal 0 0 -1
  outer loop
    vertex 3.763196211343191 17.54782716720652 0
    vertex 1.839262870392302 17.81021251170044 0
    vertex 1.843564530126037 17.851866956665347 0
  endloop
endfacet
facet normal 0 0 -1
  outer loop
    vertex 17.863188900610783 3.7905226267860153 0
    vertex 18.266436058156465 1.9489463078496108 0
    vertex 17.85186695666534 1.843564530126032 0
  endloop
endfacet
facet normal 0 0 -1
  outer loop
    vertex 17.863188900610783 3.7905226267860153 0
    vertex 17.85186695666534 1.843564530126032 0
    vertex 17.547827167206513 3.763196211343187 0
  endloop
endfacet
facet normal 0 0 -1
  outer loop
    vertex 3.79108108264392 17.974670572848773 0
    vertex 1.9150276996495657 18.160238114976664 0
    vertex 2.059152366711123 18.561592101424775 0
  endloop
endfacet
facet normal 0 0 -1
  outer loop
    vertex 3.79108108264392 17.974670572848773 0
    vertex 3.763196211343191 17.54782716720652 0
    vertex 1.9150276996495657 18.160238114976664 0
  endloop
endfacet
facet normal 0 0 -1
  outer loop
    vertex 17.30321513812998 4.602749558896706 0
    vertex 17.506882149928234 3.754415401478422 0
    vertex 14.254604887042536 0.9350162426854147 0
  endloop
endfacet
facet normal 0 0 -1
  outer loop
    vertex 17.30321513812998 4.602749558896706 0
    vertex 14.254604887042536 0.9350162426854147 0
    vertex 14.020536680255324 0.992708874098054 0
  endloop
endfacet
facet normal 0 0 -1
  outer loop
    vertex 17.30321513812998 4.602749558896706 0
    vertex 14.020536680255324 0.992708874098054 0
    vertex 13.779463319744677 0.992708874098054 0
  endloop
endfacet
facet normal 0 0 -1
  outer loop
    vertex 4.602749558896706 17.303215138129985 0
    vertex 0.970941817426052 14.139315664287556 0
    vertex 3.754415401478425 17.506882149928245 0
  endloop
endfacet
facet normal 0 0 -1
  outer loop
    vertex 4.602749558896706 17.303215138129985 0
    vertex 1 13.899999999999999 0
    vertex 0.970941817426052 14.139315664287556 0
  endloop
endfacet
facet normal 0 0 -0.9999999999999999
  outer loop
    vertex 18.28943619619381 3.7774771255908473 0
    vertex 18.795886327018845 2.1618931083470354 0
    vertex 18.266436058156465 1.9489463078496108 0
  endloop
endfacet
facet normal 0 0 -1
  outer loop
    vertex 18.28943619619381 3.7774771255908473 0
    vertex 18.266436058156465 1.9489463078496108 0
    vertex 17.863188900610783 3.7905226267860153 0
  endloop
endfacet
facet normal 0 0 -1
  outer loop
    vertex 3.752165771161379 18.54401188135663 0
    vertex 2.059152366711123 18.561592101424775 0
    vertex 2.384913015057145 19.22941873780212 0
  endloop
endfacet
facet normal 0 0 -1
  outer loop
    vertex 3.752165771161379 18.54401188135663 0
    vertex 3.79108108264392 17.974670572848773 0
    vertex 2.059152366711123 18.561592101424775 0
  endloop
endfacet
facet normal 0 0 -0.9999999999999999
  outer loop
    vertex 19.02524264691348 3.674030118165685 0
    vertex 19.340530916861834 2.4486165632002845 0
    vertex 18.795886327018845 2.1618931083470354 0
  endloop
endfacet
facet normal 0 0 -1
  outer loop
    vertex 19.02524264691348 3.674030118165685 0
    vertex 18.795886327018845 2.1618931083470354 0
    vertex 18.28943619619381 3.7774771255908473 0
  endloop
endfacet
facet normal 0 0 -0.9999999999999999
  outer loop
    vertex 3.6477799952044014 19.150602087826726 0
    vertex 2.384913015057145 19.22941873780212 0
    vertex 2.777848187149701 19.860194795761394 0
  endloop
endfacet
facet normal 0 0 -1
  outer loop
    vertex 3.6477799952044014 19.150602087826726 0
    vertex 3.752165771161379 18.54401188135663 0
    vertex 2.384913015057145 19.22941873780212 0
  endloop
endfacet
facet normal 0 0 -1
  outer loop
    vertex 16.704023414788175 6.446872061437441 0
    vertex 17.30321513812998 4.602749558896706 0
    vertex 13.779463319744677 0.992708874098054 0
  endloop
endfacet
facet normal 0 0 -1
  outer loop
    vertex 16.704023414788175 6.446872061437441 0
    vertex 13.779463319744677 0.992708874098054 0
    vertex 13.545395112957465 0.9350162426854148 0
  endloop
endfacet
facet normal 0 0 -0.9999999999999999
  outer loop
    vertex 6.446872061437444 16.704023414788182 0
    vertex 0.9709418174260511 13.660684335712437 0
    vertex 1 13.899999999999999 0
  endloop
endfacet
facet normal 0 0 -1
  outer loop
    vertex 6.446872061437444 16.704023414788182 0
    vertex 1 13.899999999999999 0
    vertex 4.602749558896706 17.303215138129985 0
  endloop
endfacet
facet normal 0 0 -1
  outer loop
    vertex 16.743090709665584 6.461949976835842 0
    vertex 17.343683819916553 4.613514448875552 0
    vertex 17.30321513812998 4.602749558896706 0
  endloop
endfacet
facet normal 0 0 -1
  outer loop
    vertex 16.743090709665584 6.461949976835842 0
    vertex 17.30321513812998 4.602749558896706 0
    vertex 16.704023414788175 6.446872061437441 0
  endloop
endfacet
facet normal 0 0 -1
  outer loop
    vertex 6.461949976835847 16.743090709665587 0
    vertex 4.613514448875558 17.343683819916556 0
    vertex 4.732337665380272 17.63707911486214 0
  endloop
endfacet
facet normal 0 0 -1
  outer loop
    vertex 6.461949976835847 16.743090709665587 0
    vertex 4.602749558896706 17.303215138129985 0
    vertex 4.613514448875558 17.343683819916556 0
  endloop
endfacet
facet normal 0 0 -1
  outer loop
    vertex 6.461949976835847 16.743090709665587 0
    vertex 6.446872061437444 16.704023414788182 0
    vertex 4.602749558896706 17.303215138129985 0
  endloop
endfacet
facet normal 0 0 -1
  outer loop
    vertex 19.74656997302286 3.495247083819757 0
    vertex 19.86019479576139 2.777848187149699 0
    vertex 19.340530916861834 2.4486165632002845 0
  endloop
endfacet
facet normal 0 0 -0.9999999999999999
  outer loop
    vertex 19.74656997302286 3.495247083819757 0
    vertex 19.340530916861834 2.4486165632002845 0
    vertex 19.02524264691348 3.674030118165685 0
  endloop
endfacet
facet normal 0 0 -1
  outer loop
    vertex 3.495247083819759 19.746569973022872 0
    vertex 3.6477799952044014 19.150602087826726 0
    vertex 2.777848187149701 19.860194795761394 0
  endloop
endfacet
facet normal 0 0 -1
  outer loop
    vertex 17.050295023638224 6.538273402818353 0
    vertex 17.343683819916553 4.613514448875552 0
    vertex 16.743090709665584 6.461949976835842 0
  endloop
endfacet
facet normal 0 0 -1
  outer loop
    vertex 17.050295023638224 6.538273402818353 0
    vertex 17.7366635458072 4.782451697658312 0
    vertex 17.343683819916553 4.613514448875552 0
  endloop
endfacet
facet normal 0 0 -1
  outer loop
    vertex 16.370155181780103 7.252901277611078 0
    vertex 16.704023414788175 6.446872061437441 0
    vertex 13.545395112957465 0.9350162426854148 0
  endloop
endfacet
facet normal 0 0 -1
  outer loop
    vertex 7.252901277611079 16.370155181780106 0
    vertex 0.8854560256532084 13.435276827956226 0
    vertex 0.9709418174260511 13.660684335712437 0
  endloop
endfacet
facet normal 0 0 -1
  outer loop
    vertex 7.252901277611079 16.370155181780106 0
    vertex 0.9709418174260511 13.660684335712437 0
    vertex 6.446872061437444 16.704023414788182 0
  endloop
endfacet
facet normal 0 0 -1
  outer loop
    vertex 6.556264558916172 17.160316809753734 0
    vertex 4.732337665380272 17.63707911486214 0
    vertex 4.93747351479082 18.010945702537274 0
  endloop
endfacet
facet normal 0 0 -1
  outer loop
    vertex 6.556264558916172 17.160316809753734 0
    vertex 6.461949976835847 16.743090709665587 0
    vertex 4.732337665380272 17.63707911486214 0
  endloop
endfacet
facet normal 0 0 -1
  outer loop
    vertex 17.473335273695803 6.592068281049928 0
    vertex 17.7366635458072 4.782451697658312 0
    vertex 17.050295023638224 6.538273402818353 0
  endloop
endfacet
facet normal 0 0 -0.9999999999999999
  outer loop
    vertex 17.473335273695803 6.592068281049928 0
    vertex 18.226283184469725 5.075601039251579 0
    vertex 17.7366635458072 4.782451697658312 0
  endloop
endfacet
facet normal 0 0 -0.9999999999999999
  outer loop
    vertex 6.606892962515969 17.728736277919808 0
    vertex 6.556264558916172 17.160316809753734 0
    vertex 4.93747351479082 18.010945702537274 0
  endloop
endfacet
facet normal 0 0 -1
  outer loop
    vertex 6.606892962515969 17.728736277919808 0
    vertex 4.93747351479082 18.010945702537274 0
    vertex 5.363694611588205 18.619590092070876 0
  endloop
endfacet
facet normal 0 0 -1
  outer loop
    vertex 15.489856185700683 8.98058533530218 0
    vertex 16.370155181780103 7.252901277611078 0
    vertex 13.545395112957465 0.9350162426854148 0
  endloop
endfacet
facet normal 0 0 -1
  outer loop
    vertex 15.489856185700683 8.98058533530218 0
    vertex 13.545395112957465 0.9350162426854148 0
    vertex 13.331935253268846 0.8229838658936565 0
  endloop
endfacet
facet normal 0 0 -1
  outer loop
    vertex 8.980585335302182 15.489856185700686 0
    vertex 7.252901277611079 16.370155181780106 0
    vertex 7.269864330517144 16.4084416271349 0
  endloop
endfacet
facet normal 0 0 -1
  outer loop
    vertex 8.980585335302182 15.489856185700686 0
    vertex 0.8854560256532084 13.435276827956226 0
    vertex 7.252901277611079 16.370155181780106 0
  endloop
endfacet
facet normal 0 0 -1
  outer loop
    vertex 15.52608379172042 9.001589087916377 0
    vertex 16.370155181780103 7.252901277611078 0
    vertex 15.489856185700683 8.98058533530218 0
  endloop
endfacet
facet normal 0 0 -0.9999999999999999
  outer loop
    vertex 15.52608379172042 9.001589087916377 0
    vertex 16.4084416271349 7.269864330517139 0
    vertex 16.370155181780103 7.252901277611078 0
  endloop
endfacet
facet normal 0 0 -1
  outer loop
    vertex 9.001589087916381 15.52608379172042 0
    vertex 8.980585335302182 15.489856185700686 0
    vertex 7.269864330517144 16.4084416271349 0
  endloop
endfacet
facet normal 0 0 -1
  outer loop
    vertex 9.001589087916381 15.52608379172042 0
    vertex 7.269864330517144 16.4084416271349 0
    vertex 7.433121772061064 16.67963669282995 0
  endloop
endfacet
facet normal 0 0 -1
  outer loop
    vertex 15.034007675424588 9.724462495871373 0
    vertex 15.489856185700683 8.98058533530218 0
    vertex 13.331935253268846 0.8229838658936565 0
  endloop
endfacet
facet normal 0 0 -1
  outer loop
    vertex 9.724462495871375 15.034007675424592 0
    vertex 0.8854560256532084 13.435276827956226 0
    vertex 8.980585335302182 15.489856185700686 0
  endloop
endfacet
facet normal 0 0 -1
  outer loop
    vertex 9.724462495871375 15.034007675424592 0
    vertex 0.748510748171099 13.2368773417592 0
    vertex 0.8854560256532084 13.435276827956226 0
  endloop
endfacet
facet normal 0 0 -1
  outer loop
    vertex 18.216265403272875 6.605000366438119 0
    vertex 18.226283184469725 5.075601039251579 0
    vertex 17.473335273695803 6.592068281049928 0
  endloop
endfacet
facet normal 0 0 -1
  outer loop
    vertex 18.216265403272875 6.605000366438119 0
    vertex 18.71936886535137 5.443995637634416 0
    vertex 18.226283184469725 5.075601039251579 0
  endloop
endfacet
facet normal 0 0 -1
  outer loop
    vertex 15.817566296498455 9.125030188388061 0
    vertex 16.4084416271349 7.269864330517139 0
    vertex 15.52608379172042 9.001589087916377 0
  endloop
endfacet
facet normal 0 0 -0.9999999999999999
  outer loop
    vertex 15.817566296498455 9.125030188388061 0
    vertex 16.77015551234888 7.498197254623608 0
    vertex 16.4084416271349 7.269864330517139 0
  endloop
endfacet
facet normal 0 0 -1
  outer loop
    vertex 6.598683963127072 18.344187885389122 0
    vertex 6.606892962515969 17.728736277919808 0
    vertex 5.363694611588205 18.619590092070876 0
  endloop
endfacet
facet normal 0 0 -1
  outer loop
    vertex 5.85046721486081 19.181131646602022 0
    vertex 6.598683963127072 18.344187885389122 0
    vertex 5.363694611588205 18.619590092070876 0
  endloop
endfacet
facet normal 0 0 -1
  outer loop
    vertex 9.16001104275326 15.923419094976 0
    vertex 9.001589087916381 15.52608379172042 0
    vertex 7.433121772061064 16.67963669282995 0
  endloop
endfacet
facet normal 0 0 -1
  outer loop
    vertex 9.16001104275326 15.923419094976 0
    vertex 7.433121772061064 16.67963669282995 0
    vertex 7.694217678401249 17.01681004555156 0
  endloop
endfacet
facet normal 0 0 -1
  outer loop
    vertex 13.8942772894359 11.293166793357837 0
    vertex 13.331935253268846 0.8229838658936565 0
    vertex 2.642853328760474 2.2176172534185605 0
  endloop
endfacet
facet normal 0 0 -1
  outer loop
    vertex 13.8942772894359 11.293166793357837 0
    vertex 15.034007675424588 9.724462495871373 0
    vertex 13.331935253268846 0.8229838658936565 0
  endloop
endfacet
facet normal 0 0 -1
  outer loop
    vertex 11.293166793357837 13.894277289435902 0
    vertex 2.217617253418561 2.642853328760474 0
    vertex 0.748510748171099 13.2368773417592 0
  endloop
endfacet
facet normal 0 0 -0.9999999999999999
  outer loop
    vertex 11.293166793357837 13.894277289435902 0
    vertex 0.748510748171099 13.2368773417592 0
    vertex 9.724462495871375 15.034007675424592 0
  endloop
endfacet
facet normal 0 0 -1
  outer loop
    vertex 11.293166793357837 13.894277289435902 0
    vertex 9.724462495871375 15.034007675424592 0
    vertex 9.747206025044962 15.069169144997545 0
  endloop
endfacet
facet normal 0 0 -0.9999999999999999
  outer loop
    vertex 13.92677316270523 11.31957920109101 0
    vertex 15.034007675424588 9.724462495871373 0
    vertex 13.8942772894359 11.293166793357837 0
  endloop
endfacet
facet normal 0 0 -1
  outer loop
    vertex 13.92677316270523 11.31957920109101 0
    vertex 15.069169144997545 9.747206025044958 0
    vertex 15.034007675424588 9.724462495871373 0
  endloop
endfacet
facet normal 0 0 -1
  outer loop
    vertex 11.319579201091013 13.926773162705228 0
    vertex 11.293166793357837 13.894277289435902 0
    vertex 9.747206025044962 15.069169144997545 0
  endloop
endfacet
facet normal 0 0 -1
  outer loop
    vertex 9.950877751596677 15.31148625887955 0
    vertex 11.319579201091013 13.926773162705228 0
    vertex 9.747206025044962 15.069169144997545 0
  endloop
endfacet
facet normal 0 0 -1
  outer loop
    vertex 13.327673005089249 11.95657517384262 0
    vertex 2.642853328760474 2.2176172534185605 0
    vertex 2.217617253418561 2.642853328760474 0
  endloop
endfacet
facet normal 0 0 -1
  outer loop
    vertex 13.327673005089249 11.95657517384262 0
    vertex 13.8942772894359 11.293166793357837 0
    vertex 2.642853328760474 2.2176172534185605 0
  endloop
endfacet
facet normal 0 0 -1
  outer loop
    vertex 11.95657517384262 13.32767300508925 0
    vertex 2.217617253418561 2.642853328760474 0
    vertex 11.293166793357837 13.894277289435902 0
  endloop
endfacet
facet normal 0 0 -1
  outer loop
    vertex 11.95657517384262 13.32767300508925 0
    vertex 13.327673005089249 11.95657517384262 0
    vertex 2.217617253418561 2.642853328760474 0
  endloop
endfacet
facet normal 0 0 -1
  outer loop
    vertex 11.98453915811403 13.358843706805251 0
    vertex 13.358843706805253 11.984539158114028 0
    vertex 13.327673005089249 11.95657517384262 0
  endloop
endfacet
facet normal 0 0 -1
  outer loop
    vertex 11.98453915811403 13.358843706805251 0
    vertex 13.327673005089249 11.95657517384262 0
    vertex 11.95657517384262 13.32767300508925 0
  endloop
endfacet
facet normal 0 0 -1
  outer loop
    vertex 16.226982846084375 9.244340837609245 0
    vertex 17.20788846035346 7.864330827616046 0
    vertex 16.77015551234888 7.498197254623608 0
  endloop
endfacet
facet normal 0 0 -1
  outer loop
    vertex 16.226982846084375 9.244340837609245 0
    vertex 16.77015551234888 7.498197254623608 0
    vertex 15.817566296498455 9.125030188388061 0
  endloop
endfacet
facet normal 0 0 -0.9999999999999999
  outer loop
    vertex 18.956679821359955 6.541258902297248 0
    vertex 19.181131646602022 5.850467214860808 0
    vertex 18.71936886535137 5.443995637634416 0
  endloop
endfacet
facet normal 0 0 -1
  outer loop
    vertex 18.956679821359955 6.541258902297248 0
    vertex 18.71936886535137 5.443995637634416 0
    vertex 18.216265403272875 6.605000366438119 0
  endloop
endfacet
facet normal 0 0 -1
  outer loop
    vertex 6.541258902297251 18.956679821359963 0
    vertex 6.598683963127072 18.344187885389122 0
    vertex 5.85046721486081 19.181131646602022 0
  endloop
endfacet
facet normal 0 0 -0.9999999999999999
  outer loop
    vertex 14.195356591644607 11.487098446480081 0
    vertex 15.390710593220794 10.029312310089681 0
    vertex 15.069169144997545 9.747206025044958 0
  endloop
endfacet
facet normal 0 0 -0.9999999999999999
  outer loop
    vertex 14.195356591644607 11.487098446480081 0
    vertex 15.069169144997545 9.747206025044958 0
    vertex 13.92677316270523 11.31957920109101 0
  endloop
endfacet
facet normal 0 0 -1
  outer loop
    vertex 9.298936522112694 16.476920349017597 0
    vertex 9.16001104275326 15.923419094976 0
    vertex 7.694217678401249 17.01681004555156 0
  endloop
endfacet
facet normal 0 0 -1
  outer loop
    vertex 9.298936522112694 16.476920349017597 0
    vertex 7.694217678401249 17.01681004555156 0
    vertex 8.210404245700122 17.55128534339618 0
  endloop
endfacet
facet normal 0 0 -1
  outer loop
    vertex 12.223610095819314 13.56631621732703 0
    vertex 13.358843706805253 11.984539158114028 0
    vertex 11.98453915811403 13.358843706805251 0
  endloop
endfacet
facet normal 0 0 -1
  outer loop
    vertex 11.53820765438424 14.2944339552824 0
    vertex 11.319579201091013 13.926773162705228 0
    vertex 9.950877751596677 15.31148625887955 0
  endloop
endfacet
facet normal 0 0 -1
  outer loop
    vertex 10.261504667124987 15.603664049689701 0
    vertex 11.53820765438424 14.2944339552824 0
    vertex 9.950877751596677 15.31148625887955 0
  endloop
endfacet
facet normal 0 0 -1
  outer loop
    vertex 13.632295300448034 12.313472411102461 0
    vertex 13.358843706805253 11.984539158114028 0
    vertex 12.223610095819314 13.56631621732703 0
  endloop
endfacet
facet normal 0 0 -1
  outer loop
    vertex 14.581068246533881 11.668987042538355 0
    vertex 15.765778412634601 10.45941469078585 0
    vertex 15.390710593220794 10.029312310089681 0
  endloop
endfacet
facet normal 0 0 -1
  outer loop
    vertex 14.581068246533881 11.668987042538355 0
    vertex 15.390710593220794 10.029312310089681 0
    vertex 14.195356591644607 11.487098446480081 0
  endloop
endfacet
facet normal 0 0 -1
  outer loop
    vertex 16.958743249084932 9.373333584949403 0
    vertex 17.6372738263527 8.305325471884531 0
    vertex 17.20788846035346 7.864330827616046 0
  endloop
endfacet
facet normal 0 0 -1
  outer loop
    vertex 16.958743249084932 9.373333584949403 0
    vertex 17.20788846035346 7.864330827616046 0
    vertex 16.226982846084375 9.244340837609245 0
  endloop
endfacet
facet normal 0 0 -0.9999999999999999
  outer loop
    vertex 12.57611935496263 13.806304059332497 0
    vertex 13.632295300448034 12.313472411102461 0
    vertex 12.223610095819314 13.56631621732703 0
  endloop
endfacet
facet normal 0 0 -0.9999999999999999
  outer loop
    vertex 9.387106432101028 17.086078896343786 0
    vertex 9.298936522112694 16.476920349017597 0
    vertex 8.210404245700122 17.55128534339618 0
  endloop
endfacet
facet normal 0 0 -1
  outer loop
    vertex 11.762009403134373 14.81938795736052 0
    vertex 11.53820765438424 14.2944339552824 0
    vertex 10.261504667124987 15.603664049689701 0
  endloop
endfacet
facet normal 0 0 -1
  outer loop
    vertex 13.93546257677882 12.796953051462214 0
    vertex 13.632295300448034 12.313472411102461 0
    vertex 12.57611935496263 13.806304059332497 0
  endloop
endfacet
facet normal 0 0 -0.9999999999999999
  outer loop
    vertex 8.77902832315456 18.02976537777707 0
    vertex 9.387106432101028 17.086078896343786 0
    vertex 8.210404245700122 17.55128534339618 0
  endloop
endfacet
facet normal 0 0 -1
  outer loop
    vertex 10.854946478513456 16.050809700190598 0
    vertex 11.762009403134373 14.81938795736052 0
    vertex 10.261504667124987 15.603664049689701 0
  endloop
endfacet
facet normal 0 0 -1
  outer loop
    vertex 17.700013298881828 9.426203217406524 0
    vertex 17.6372738263527 8.305325471884531 0
    vertex 16.958743249084932 9.373333584949403 0
  endloop
endfacet
facet normal 0 0 -1
  outer loop
    vertex 17.700013298881828 9.426203217406524 0
    vertex 18.029765377777075 8.77902832315456 0
    vertex 17.6372738263527 8.305325471884531 0
  endloop
endfacet
facet normal 0 0 -1
  outer loop
    vertex 9.42620321740653 17.700013298881835 0
    vertex 9.387106432101028 17.086078896343786 0
    vertex 8.77902832315456 18.02976537777707 0
  endloop
endfacet
facet normal 0 0 -1
  outer loop
    vertex 15.283640553262503 11.910864222288579 0
    vertex 15.765778412634601 10.45941469078585 0
    vertex 14.581068246533881 11.668987042538355 0
  endloop
endfacet
facet normal 0 0 -1
  outer loop
    vertex 15.283640553262503 11.910864222288579 0
    vertex 16.120890570992824 10.962150629221293 0
    vertex 15.765778412634601 10.45941469078585 0
  endloop
endfacet
facet normal 0 0 -0.9999999999999999
  outer loop
    vertex 11.94438718669664 15.40725393942639 0
    vertex 11.762009403134373 14.81938795736052 0
    vertex 10.854946478513456 16.050809700190598 0
  endloop
endfacet
facet normal 0 0 -1
  outer loop
    vertex 13.232203903523851 14.155109852583 0
    vertex 13.93546257677882 12.796953051462214 0
    vertex 12.57611935496263 13.806304059332497 0
  endloop
endfacet
facet normal 0 0 -1
  outer loop
    vertex 14.207557487607096 13.349051256775006 0
    vertex 13.93546257677882 12.796953051462214 0
    vertex 13.232203903523851 14.155109852583 0
  endloop
endfacet
facet normal 0 0 -1
  outer loop
    vertex 11.491420618207673 16.434446447990585 0
    vertex 11.94438718669664 15.40725393942639 0
    vertex 10.854946478513456 16.050809700190598 0
  endloop
endfacet
facet normal 0 0 -0.9999999999999999
  outer loop
    vertex 16.00751370600897 12.07904312552835 0
    vertex 16.120890570992824 10.962150629221293 0
    vertex 15.283640553262503 11.910864222288579 0
  endloop
endfacet
facet normal 0 0 -1
  outer loop
    vertex 16.00751370600897 12.07904312552835 0
    vertex 16.434446447990588 11.491420618207675 0
    vertex 16.120890570992824 10.962150629221293 0
  endloop
endfacet
facet normal 0 0 -1
  outer loop
    vertex 12.079043125528354 16.007513706008975 0
    vertex 11.94438718669664 15.40725393942639 0
    vertex 11.491420618207673 16.434446447990585 0
  endloop
endfacet
facet normal 0 0 -1
  outer loop
    vertex 13.920855999802018 14.43445690385388 0
    vertex 14.207557487607096 13.349051256775006 0
    vertex 13.232203903523851 14.155109852583 0
  endloop
endfacet
facet normal 0 0 -1
  outer loop
    vertex 14.434456903853883 13.92085599980202 0
    vertex 14.207557487607096 13.349051256775006 0
    vertex 13.920855999802018 14.43445690385388 0
  endloop
endfacet
facet normal 0 0 1
  outer loop
    vertex -14.207557487606941 -13.34905125677465 3
    vertex -14.434456903853903 -13.920855999802036 3
    vertex -13.92085599980204 -14.43445690385389 3
  endloop
endfacet
facet normal 0 0 1
  outer loop
    vertex -13.232203903523875 -14.15510985258301 3
    vertex -14.207557487606941 -13.34905125677465 3
    vertex -13.92085599980204 -14.43445690385389 3
  endloop
endfacet
facet normal 0 0 1
  outer loop
    vertex -11.944387186696412 -15.407253939425507 3
    vertex -12.07904312552837 -16.007513706008993 3
    vertex -11.491420618207693 -16.4344464479906 3
  endloop
endfacet
facet normal 0 0 1
  outer loop
    vertex -16.120890570992774 -10.962150629221215 3
    vertex -16.43444644799061 -11.491420618207687 3
    vertex -16.007513706008993 -12.079043125528358 3
  endloop
endfacet
facet normal 0 0 1
  outer loop
    vertex -16.120890570992774 -10.962150629221215 3
    vertex -16.007513706008993 -12.079043125528358 3
    vertex -15.283640553262522 -11.910864222288588 3
  endloop
endfacet
facet normal 0 0 1
  outer loop
    vertex -10.854946478513474 -16.05080970019061 3
    vertex -11.944387186696412 -15.407253939425507 3
    vertex -11.491420618207693 -16.4344464479906 3
  endloop
endfacet
facet normal 0 0 0.9999999999999999
  outer loop
    vertex -13.935462576778448 -12.796953051461514 3
    vertex -14.207557487606941 -13.34905125677465 3
    vertex -13.232203903523875 -14.15510985258301 3
  endloop
endfacet
facet normal 0 0 1
  outer loop
    vertex -11.762009403133757 -14.819387957358781 3
    vertex -11.944387186696412 -15.407253939425507 3
    vertex -10.854946478513474 -16.05080970019061 3
  endloop
endfacet
facet normal 0 0 1
  outer loop
    vertex -9.38710643210103 -17.08607889634381 3
    vertex -9.426203217406542 -17.700013298881856 3
    vertex -8.779028323154577 -18.02976537777709 3
  endloop
endfacet
facet normal 0 0 1
  outer loop
    vertex -12.576119354962644 -13.806304059332517 3
    vertex -13.935462576778448 -12.796953051461514 3
    vertex -13.232203903523875 -14.15510985258301 3
  endloop
endfacet
facet normal 0 0 1
  outer loop
    vertex -15.765778412634488 -10.459414690785678 3
    vertex -16.120890570992774 -10.962150629221215 3
    vertex -15.283640553262522 -11.910864222288588 3
  endloop
endfacet
facet normal 0 0 1
  outer loop
    vertex -15.765778412634488 -10.459414690785678 3
    vertex -15.283640553262522 -11.910864222288588 3
    vertex -14.581068246533897 -11.668987042538369 3
  endloop
endfacet
facet normal 0 0 1
  outer loop
    vertex -13.632295300447847 -12.31347241110219 3
    vertex -13.935462576778448 -12.796953051461514 3
    vertex -12.576119354962644 -13.806304059332517 3
  endloop
endfacet
facet normal 0 0 1
  outer loop
    vertex -17.63727382635189 -8.305325471883615 3
    vertex -18.029765377777096 -8.779028323154568 3
    vertex -17.70001329888185 -9.426203217406531 3
  endloop
endfacet
facet normal 0 0 0.9999999999999999
  outer loop
    vertex -17.63727382635189 -8.305325471883615 3
    vertex -17.70001329888185 -9.426203217406531 3
    vertex -16.958743249084954 -9.373333584949407 3
  endloop
endfacet
facet normal 0 0 1
  outer loop
    vertex -10.261504667125 -15.60366404968972 3
    vertex -11.762009403133757 -14.819387957358781 3
    vertex -10.854946478513474 -16.05080970019061 3
  endloop
endfacet
facet normal 0 0 1
  outer loop
    vertex -11.538207654383895 -14.294433955281699 3
    vertex -11.762009403133757 -14.819387957358781 3
    vertex -10.261504667125 -15.60366404968972 3
  endloop
endfacet
facet normal 0 0 1
  outer loop
    vertex -12.22361009581809 -13.566316217326102 3
    vertex -13.632295300447847 -12.31347241110219 3
    vertex -12.576119354962644 -13.806304059332517 3
  endloop
endfacet
facet normal 0 0 1
  outer loop
    vertex -8.210404245700142 -17.5512853433962 3
    vertex -9.298936522112715 -16.476920349017625 3
    vertex -9.38710643210103 -17.08607889634381 3
  endloop
endfacet
facet normal 0 0 1
  outer loop
    vertex -8.210404245700142 -17.5512853433962 3
    vertex -9.38710643210103 -17.08607889634381 3
    vertex -8.779028323154577 -18.02976537777709 3
  endloop
endfacet
facet normal 0 0 1
  outer loop
    vertex -15.390710593220742 -10.029312310089622 3
    vertex -15.765778412634488 -10.459414690785678 3
    vertex -14.581068246533897 -11.668987042538369 3
  endloop
endfacet
facet normal 0 0 0.9999999999999999
  outer loop
    vertex -15.390710593220742 -10.029312310089622 3
    vertex -14.581068246533897 -11.668987042538369 3
    vertex -14.195356591644616 -11.487098446480084 3
  endloop
endfacet
facet normal 0 0 1
  outer loop
    vertex -13.358843706805265 -11.984539158114043 3
    vertex -12.22361009581809 -13.566316217326102 3
    vertex -11.984539158114048 -13.358843706805263 3
  endloop
endfacet
facet normal 0 0 1
  outer loop
    vertex -13.358843706805265 -11.984539158114043 3
    vertex -13.632295300447847 -12.31347241110219 3
    vertex -12.22361009581809 -13.566316217326102 3
  endloop
endfacet
facet normal 0 0 1
  outer loop
    vertex -13.327673005089267 -11.95657517384263 3
    vertex -13.358843706805265 -11.984539158114043 3
    vertex -11.984539158114048 -13.358843706805263 3
  endloop
endfacet
facet normal 0 0 1
  outer loop
    vertex -11.956575173842628 -13.327673005089263 3
    vertex -13.327673005089267 -11.95657517384263 3
    vertex -11.984539158114048 -13.358843706805263 3
  endloop
endfacet
facet normal 0 0 1
  outer loop
    vertex -9.950877751596304 -15.31148625887916 3
    vertex -11.538207654383895 -14.294433955281699 3
    vertex -10.261504667125 -15.60366404968972 3
  endloop
endfacet
facet normal 0 0 1
  outer loop
    vertex -11.319579201091022 -13.926773162705246 3
    vertex -11.538207654383895 -14.294433955281699 3
    vertex -9.950877751596304 -15.31148625887916 3
  endloop
endfacet
facet normal 0 0 1
  outer loop
    vertex -17.20788846035167 -7.864330827614358 3
    vertex -17.63727382635189 -8.305325471883615 3
    vertex -16.958743249084954 -9.373333584949407 3
  endloop
endfacet
facet normal 0 0 1
  outer loop
    vertex -17.20788846035167 -7.864330827614358 3
    vertex -16.958743249084954 -9.373333584949407 3
    vertex -16.226982846084393 -9.244340837609258 3
  endloop
endfacet
facet normal 0 0 1
  outer loop
    vertex -6.598683963127096 -18.344187885388756 3
    vertex -6.54125890229726 -18.956679821359987 3
    vertex -5.850467214860824 -19.181131646602044 3
  endloop
endfacet
facet normal 0 0 1
  outer loop
    vertex -9.747206025044978 -15.06916914499756 3
    vertex -11.319579201091022 -13.926773162705246 3
    vertex -9.950877751596304 -15.31148625887916 3
  endloop
endfacet
facet normal 0 0 1
  outer loop
    vertex -15.06916914499756 -9.74720602504497 3
    vertex -15.390710593220742 -10.029312310089622 3
    vertex -14.195356591644616 -11.487098446480084 3
  endloop
endfacet
facet normal 0 0 1
  outer loop
    vertex -15.06916914499756 -9.74720602504497 3
    vertex -14.195356591644616 -11.487098446480084 3
    vertex -13.92677316270525 -11.319579201091019 3
  endloop
endfacet
facet normal 0 0 1
  outer loop
    vertex -15.034007675424608 -9.724462495871382 3
    vertex -15.06916914499756 -9.74720602504497 3
    vertex -13.92677316270525 -11.319579201091019 3
  endloop
endfacet
facet normal 0 0 1
  outer loop
    vertex -15.034007675424608 -9.724462495871382 3
    vertex -13.92677316270525 -11.319579201091019 3
    vertex -13.89427728943591 -11.293166793357848 3
  endloop
endfacet
facet normal 0 0 1
  outer loop
    vertex -9.724462495871382 -15.034007675424604 3
    vertex -11.319579201091022 -13.926773162705246 3
    vertex -9.747206025044978 -15.06916914499756 3
  endloop
endfacet
facet normal 0 0 1
  outer loop
    vertex -9.724462495871382 -15.034007675424604 3
    vertex -11.293166793357855 -13.894277289435914 3
    vertex -11.319579201091022 -13.926773162705246 3
  endloop
endfacet
facet normal 0 0 1
  outer loop
    vertex -7.694217678401257 -17.01681004555158 3
    vertex -9.160011042753268 -15.923419094976017 3
    vertex -9.298936522112715 -16.476920349017625 3
  endloop
endfacet
facet normal 0 0 1
  outer loop
    vertex -7.694217678401257 -17.01681004555158 3
    vertex -9.298936522112715 -16.476920349017625 3
    vertex -8.210404245700142 -17.5512853433962 3
  endloop
endfacet
facet normal 0 0 1
  outer loop
    vertex -16.77015551234804 -7.4981972546229825 3
    vertex -17.20788846035167 -7.864330827614358 3
    vertex -16.226982846084393 -9.244340837609258 3
  endloop
endfacet
facet normal 0 0 1
  outer loop
    vertex -16.77015551234804 -7.4981972546229825 3
    vertex -16.226982846084393 -9.244340837609258 3
    vertex -15.817566296496054 -9.125030188387226 3
  endloop
endfacet
facet normal 0 0 1
  outer loop
    vertex -18.719368865351186 -5.4439956376342575 3
    vertex -19.181131646602044 -5.850467214860814 3
    vertex -18.956679821359977 -6.54125890229725 3
  endloop
endfacet
facet normal 0 0 1
  outer loop
    vertex -18.719368865351186 -5.4439956376342575 3
    vertex -18.956679821359977 -6.54125890229725 3
    vertex -18.2162654032729 -6.605000366438122 3
  endloop
endfacet
facet normal 0 0 1
  outer loop
    vertex -7.433121772060797 -16.67963669282957 3
    vertex -9.001589087916388 -15.52608379172044 3
    vertex -9.160011042753268 -15.923419094976017 3
  endloop
endfacet
facet normal 0 0 1
  outer loop
    vertex -7.433121772060797 -16.67963669282957 3
    vertex -9.160011042753268 -15.923419094976017 3
    vertex -7.694217678401257 -17.01681004555158 3
  endloop
endfacet
facet normal 0 0 1
  outer loop
    vertex -5.363694611588221 -18.61959009207089 3
    vertex -6.598683963127096 -18.344187885388756 3
    vertex -5.850467214860824 -19.181131646602044 3
  endloop
endfacet
facet normal 0 0 1
  outer loop
    vertex -5.363694611588221 -18.61959009207089 3
    vertex -6.606892962515956 -17.72873627791904 3
    vertex -6.598683963127096 -18.344187885388756 3
  endloop
endfacet
facet normal 0 0 1
  outer loop
    vertex -7.269864330517156 -16.408441627134916 3
    vertex -9.001589087916388 -15.52608379172044 3
    vertex -7.433121772060797 -16.67963669282957 3
  endloop
endfacet
facet normal 0 0 0.9999999999999999
  outer loop
    vertex -16.408441627134913 -7.26986433051715 3
    vertex -16.77015551234804 -7.4981972546229825 3
    vertex -15.817566296496054 -9.125030188387226 3
  endloop
endfacet
facet normal 0 0 0.9999999999999999
  outer loop
    vertex -16.408441627134913 -7.26986433051715 3
    vertex -15.817566296496054 -9.125030188387226 3
    vertex -15.526083791720442 -9.001589087916383 3
  endloop
endfacet
facet normal 0 0 0.9999999999999999
  outer loop
    vertex -16.408441627134913 -7.26986433051715 3
    vertex -15.526083791720442 -9.001589087916383 3
    vertex -15.489856185700695 -8.98058533530219 3
  endloop
endfacet
facet normal 0 0 1
  outer loop
    vertex -7.252901277611084 -16.37015518178012 3
    vertex -8.980585335302196 -15.489856185700702 3
    vertex -9.001589087916388 -15.52608379172044 3
  endloop
endfacet
facet normal 0 0 1
  outer loop
    vertex -7.252901277611084 -16.37015518178012 3
    vertex -9.001589087916388 -15.52608379172044 3
    vertex -7.269864330517156 -16.408441627134916 3
  endloop
endfacet
facet normal 0 0 1
  outer loop
    vertex -16.370155181780124 -7.252901277611084 3
    vertex -16.408441627134913 -7.26986433051715 3
    vertex -15.489856185700695 -8.98058533530219 3
  endloop
endfacet
facet normal 0 0 1
  outer loop
    vertex -18.226283184469313 -5.075601039251279 3
    vertex -18.2162654032729 -6.605000366438122 3
    vertex -17.473335273695827 -6.592068281049937 3
  endloop
endfacet
facet normal 0 0 1
  outer loop
    vertex -18.226283184469313 -5.075601039251279 3
    vertex -18.719368865351186 -5.4439956376342575 3
    vertex -18.2162654032729 -6.605000366438122 3
  endloop
endfacet
facet normal 0 0 0.9999999999999999
  outer loop
    vertex -4.937473514790825 -18.0109457025373 3
    vertex -6.556264558916131 -17.160316809753425 3
    vertex -6.606892962515956 -17.72873627791904 3
  endloop
endfacet
facet normal 0 0 1
  outer loop
    vertex -4.937473514790825 -18.0109457025373 3
    vertex -6.606892962515956 -17.72873627791904 3
    vertex -5.363694611588221 -18.61959009207089 3
  endloop
endfacet
facet normal 0 0 1
  outer loop
    vertex -2.777848187149712 -19.86019479576142 3
    vertex -3.6477799952045196 -19.150602087826194 3
    vertex -3.495247083819764 -19.746569973022897 3
  endloop
endfacet
facet normal 0 0 1
  outer loop
    vertex -17.736663545807023 -4.782451697658212 3
    vertex -18.226283184469313 -5.075601039251279 3
    vertex -17.473335273695827 -6.592068281049937 3
  endloop
endfacet
facet normal 0 0 1
  outer loop
    vertex -17.736663545807023 -4.782451697658212 3
    vertex -17.473335273695827 -6.592068281049937 3
    vertex -17.050295023637204 -6.538273402818172 3
  endloop
endfacet
facet normal 0 0 1
  outer loop
    vertex -4.732337665380293 -17.637079114862185 3
    vertex -6.46194997683585 -16.74309070966561 3
    vertex -6.556264558916131 -17.160316809753425 3
  endloop
endfacet
facet normal 0 0 1
  outer loop
    vertex -4.732337665380293 -17.637079114862185 3
    vertex -6.556264558916131 -17.160316809753425 3
    vertex -4.937473514790825 -18.0109457025373 3
  endloop
endfacet
facet normal 0 0 1
  outer loop
    vertex -4.613514448875566 -17.343683819916578 3
    vertex -6.46194997683585 -16.74309070966561 3
    vertex -4.732337665380293 -17.637079114862185 3
  endloop
endfacet
facet normal 0 0 1
  outer loop
    vertex -17.34368381991657 -4.613514448875559 3
    vertex -17.050295023637204 -6.538273402818172 3
    vertex -16.743090709665605 -6.461949976835845 3
  endloop
endfacet
facet normal 0 0 0.9999999999999999
  outer loop
    vertex -17.34368381991657 -4.613514448875559 3
    vertex -17.736663545807023 -4.782451697658212 3
    vertex -17.050295023637204 -6.538273402818172 3
  endloop
endfacet
facet normal 0 0 1
  outer loop
    vertex -4.60274955889671 -17.30321513813 3
    vertex -6.446872061437455 -16.7040234147882 3
    vertex -6.46194997683585 -16.74309070966561 3
  endloop
endfacet
facet normal 0 0 1
  outer loop
    vertex -4.60274955889671 -17.30321513813 3
    vertex -6.46194997683585 -16.74309070966561 3
    vertex -4.613514448875566 -17.343683819916578 3
  endloop
endfacet
facet normal 0 0 1
  outer loop
    vertex -17.30321513813 -4.602749558896709 3
    vertex -16.743090709665605 -6.461949976835845 3
    vertex -16.70402341478819 -6.446872061437448 3
  endloop
endfacet
facet normal 0 0 1
  outer loop
    vertex -17.30321513813 -4.602749558896709 3
    vertex -17.34368381991657 -4.613514448875559 3
    vertex -16.743090709665605 -6.461949976835845 3
  endloop
endfacet
facet normal 0 0 0.9999999999999999
  outer loop
    vertex -19.340530916861702 -2.4486165632002037 3
    vertex -19.860194795761412 -2.777848187149701 3
    vertex -19.746569973022883 -3.495247083819757 3
  endloop
endfacet
facet normal 0 0 1
  outer loop
    vertex -19.340530916861702 -2.4486165632002037 3
    vertex -19.746569973022883 -3.495247083819757 3
    vertex -19.0252426469135 -3.6740301181656836 3
  endloop
endfacet
facet normal 0 0 0.9999999999999999
  outer loop
    vertex -2.3849130150571596 -19.229418737802142 3
    vertex -3.7521657711615286 -18.544011881355523 3
    vertex -3.6477799952045196 -19.150602087826194 3
  endloop
endfacet
facet normal 0 0 1
  outer loop
    vertex -2.3849130150571596 -19.229418737802142 3
    vertex -3.6477799952045196 -19.150602087826194 3
    vertex -2.777848187149712 -19.86019479576142 3
  endloop
endfacet
facet normal 0 0 0.9999999999999999
  outer loop
    vertex -18.79588632701854 -2.161893108346878 3
    vertex -19.340530916861702 -2.4486165632002037 3
    vertex -19.0252426469135 -3.6740301181656836 3
  endloop
endfacet
facet normal 0 0 1
  outer loop
    vertex -18.79588632701854 -2.161893108346878 3
    vertex -19.0252426469135 -3.6740301181656836 3
    vertex -18.289436196193833 -3.7774771255908526 3
  endloop
endfacet
facet normal 0 0 1
  outer loop
    vertex -2.0591523667111233 -18.561592101424804 3
    vertex -3.7521657711615286 -18.544011881355523 3
    vertex -2.3849130150571596 -19.229418737802142 3
  endloop
endfacet
facet normal 0 0 1
  outer loop
    vertex -2.0591523667111233 -18.561592101424804 3
    vertex -3.791081082643927 -17.974670572848307 3
    vertex -3.7521657711615286 -18.544011881355523 3
  endloop
endfacet
facet normal 0 0 0.9999999999999999
  outer loop
    vertex -18.26643605815635 -1.948946307849564 3
    vertex -18.79588632701854 -2.161893108346878 3
    vertex -18.289436196193833 -3.7774771255908526 3
  endloop
endfacet
facet normal 0 0 0.9999999999999999
  outer loop
    vertex -18.26643605815635 -1.948946307849564 3
    vertex -18.289436196193833 -3.7774771255908526 3
    vertex -17.863188900610695 -3.790522626786012 3
  endloop
endfacet
facet normal 0 0 1
  outer loop
    vertex -1.9150276996494837 -18.160238114976394 3
    vertex -3.791081082643927 -17.974670572848307 3
    vertex -2.0591523667111233 -18.561592101424804 3
  endloop
endfacet
facet normal 0 0 1
  outer loop
    vertex -1.9150276996494837 -18.160238114976394 3
    vertex -3.76319621134319 -17.547827167206542 3
    vertex -3.791081082643927 -17.974670572848307 3
  endloop
endfacet
facet normal 0 0 1
  outer loop
    vertex -1.843564530126042 -17.85186695666537 3
    vertex -3.76319621134319 -17.547827167206542 3
    vertex -1.9150276996494837 -18.160238114976394 3
  endloop
endfacet
facet normal 0 0 1
  outer loop
    vertex -17.85186695666536 -1.843564530126036 3
    vertex -17.863188900610695 -3.790522626786012 3
    vertex -17.547827167206535 -3.763196211343187 3
  endloop
endfacet
facet normal 0 0 0.9999999999999999
  outer loop
    vertex -17.85186695666536 -1.843564530126036 3
    vertex -17.547827167206535 -3.763196211343187 3
    vertex -17.50688214992825 -3.754415401478427 3
  endloop
endfacet
facet normal 0 0 1
  outer loop
    vertex -17.85186695666536 -1.843564530126036 3
    vertex -18.26643605815635 -1.948946307849564 3
    vertex -17.863188900610695 -3.790522626786012 3
  endloop
endfacet
facet normal 0 0 0.9999999999999999
  outer loop
    vertex 0.363170682078604 -20.05023403684153 3
    vertex -0.6070555775123063 -19.48546490965701 3
    vertex -0.363170682078614 -20.050234036841534 3
  endloop
endfacet
facet normal 0 0 0.9999999999999999
  outer loop
    vertex -1.839262870392303 -17.810212511700453 3
    vertex -3.76319621134319 -17.547827167206542 3
    vertex -1.843564530126042 -17.85186695666537 3
  endloop
endfacet
facet normal 0 0 1
  outer loop
    vertex -1.839262870392303 -17.810212511700453 3
    vertex -3.754415401478433 -17.506882149928263 3
    vertex -3.76319621134319 -17.547827167206542 3
  endloop
endfacet
facet normal 0 0 1
  outer loop
    vertex -17.810212511700453 -1.839262870392301 3
    vertex -17.85186695666536 -1.843564530126036 3
    vertex -17.50688214992825 -3.754415401478427 3
  endloop
endfacet
facet normal 0 0 1
  outer loop
    vertex -19.485464909657082 0.6070555775122781 3
    vertex -20.050234036841516 0.363170682078613 3
    vertex -20.050234036841513 -0.363170682078609 3
  endloop
endfacet
facet normal 0 0 1
  outer loop
    vertex -19.485464909657082 0.6070555775122781 3
    vertex -20.050234036841513 -0.363170682078609 3
    vertex -19.365755275426785 -0.6525930549771229 3
  endloop
endfacet
facet normal 0 0 1
  outer loop
    vertex 0.6525930549771166 -19.365755275426796 3
    vertex -0.6070555775123063 -19.48546490965701 3
    vertex 0.363170682078604 -20.05023403684153 3
  endloop
endfacet
facet normal 0 0 1
  outer loop
    vertex 0.6525930549771166 -19.365755275426796 3
    vertex -0.8050478057969215 -18.9026723682263 3
    vertex -0.6070555775123063 -19.48546490965701 3
  endloop
endfacet
facet normal 0 0 1
  outer loop
    vertex -18.90267236822644 0.80504780579687 3
    vertex -19.485464909657082 0.6070555775122781 3
    vertex -19.365755275426785 -0.6525930549771229 3
  endloop
endfacet
facet normal 0 0 1
  outer loop
    vertex -18.90267236822644 0.80504780579687 3
    vertex -19.365755275426785 -0.6525930549771229 3
    vertex -18.655190500382847 -0.8698719465719029 3
  endloop
endfacet
facet normal 0 0 1
  outer loop
    vertex 0.8698719465719034 -18.65519050038286 3
    vertex -0.932548608240307 -18.346428291928262 3
    vertex -0.8050478057969215 -18.9026723682263 3
  endloop
endfacet
facet normal 0 0 1
  outer loop
    vertex 0.8698719465719034 -18.65519050038286 3
    vertex -0.8050478057969215 -18.9026723682263 3
    vertex 0.6525930549771166 -19.365755275426796 3
  endloop
endfacet
facet normal 0 0 1
  outer loop
    vertex -18.346428291928323 0.9325486082402971 3
    vertex -18.655190500382847 -0.8698719465719029 3
    vertex -18.23623178232578 -0.9494366036589804 3
  endloop
endfacet
facet normal 0 0 1
  outer loop
    vertex -18.346428291928323 0.9325486082402971 3
    vertex -18.90267236822644 0.80504780579687 3
    vertex -18.655190500382847 -0.8698719465719029 3
  endloop
endfacet
facet normal 0 0 1
  outer loop
    vertex 0.9494366036590056 -18.236231782325607 3
    vertex -0.971780065795079 -17.920477881991403 3
    vertex -0.932548608240307 -18.346428291928262 3
  endloop
endfacet
facet normal 0 0 1
  outer loop
    vertex 0.9494366036590056 -18.236231782325607 3
    vertex -0.932548608240307 -18.346428291928262 3
    vertex 0.8698719465719034 -18.65519050038286 3
  endloop
endfacet
facet normal 0 0 0.9999999999999999
  outer loop
    vertex 0.971780065795075 -17.920477881991403 3
    vertex -0.971780065795079 -17.920477881991403 3
    vertex 0.9494366036590056 -18.236231782325607 3
  endloop
endfacet
facet normal 0 0 1
  outer loop
    vertex -17.920477881991392 0.97178006579508 3
    vertex -18.23623178232578 -0.9494366036589804 3
    vertex -17.920477881991392 -0.971780065795077 3
  endloop
endfacet
facet normal 0 0 1
  outer loop
    vertex -17.920477881991392 0.97178006579508 3
    vertex -18.346428291928323 0.9325486082402971 3
    vertex -18.23623178232578 -0.9494366036589804 3
  endloop
endfacet
facet normal 0 0 1
  outer loop
    vertex 0.969512574144663 -17.87866334452636 3
    vertex -0.969512574144667 -17.878663344526366 3
    vertex -0.971780065795079 -17.920477881991403 3
  endloop
endfacet
facet normal 0 0 1
  outer loop
    vertex 0.969512574144663 -17.87866334452636 3
    vertex -0.971780065795079 -17.920477881991403 3
    vertex 0.971780065795075 -17.920477881991403 3
  endloop
endfacet
facet normal 0 0 1
  outer loop
    vertex -17.87866334452636 0.969512574144665 3
    vertex -17.920477881991392 -0.971780065795077 3
    vertex -17.878663344526352 -0.969512574144662 3
  endloop
endfacet
facet normal 0 0 0.9999999999999999
  outer loop
    vertex -17.87866334452636 0.969512574144665 3
    vertex -17.920477881991392 0.97178006579508 3
    vertex -17.920477881991392 -0.971780065795077 3
  endloop
endfacet
facet normal 0 0 1
  outer loop
    vertex 3.495247083819755 -19.7465699730229 3
    vertex 2.448616563200175 -19.340530916861656 3
    vertex 2.777848187149703 -19.86019479576143 3
  endloop
endfacet
facet normal 0 0 1
  outer loop
    vertex -19.1506020878262 3.647779995204515 3
    vertex -19.746569973022883 3.495247083819761 3
    vertex -19.860194795761405 2.777848187149705 3
  endloop
endfacet
facet normal 0 0 1
  outer loop
    vertex -19.1506020878262 3.647779995204515 3
    vertex -19.860194795761405 2.777848187149705 3
    vertex -19.22941873780213 2.384913015057151 3
  endloop
endfacet
facet normal 0 0 1
  outer loop
    vertex 3.6740301181656805 -19.025242646913515 3
    vertex 2.1618931083468214 -18.795886327018437 3
    vertex 2.448616563200175 -19.340530916861656 3
  endloop
endfacet
facet normal 0 0 1
  outer loop
    vertex 3.6740301181656805 -19.025242646913515 3
    vertex 2.448616563200175 -19.340530916861656 3
    vertex 3.495247083819755 -19.7465699730229 3
  endloop
endfacet
facet normal 0 0 0.9999999999999999
  outer loop
    vertex -0.7485107481711022 -14.563122658240793 3
    vertex -3.754415401478433 -17.506882149928263 3
    vertex -1.839262870392303 -17.810212511700453 3
  endloop
endfacet
facet normal 0 0 1
  outer loop
    vertex -0.5680647467311574 -14.722983865893655 3
    vertex -0.7485107481711022 -14.563122658240793 3
    vertex -1.839262870392303 -17.810212511700453 3
  endloop
endfacet
facet normal 0 0 1
  outer loop
    vertex -0.5680647467311574 -14.722983865893655 3
    vertex -1.839262870392303 -17.810212511700453 3
    vertex -0.969512574144667 -17.878663344526366 3
  endloop
endfacet
facet normal 0 0 1
  outer loop
    vertex -14.468064746731157 -0.8229838658936554 3
    vertex -14.648510748171102 -0.663122658240794 3
    vertex -17.810212511700453 -1.839262870392301 3
  endloop
endfacet
facet normal 0 0 1
  outer loop
    vertex -14.468064746731157 -0.8229838658936554 3
    vertex -17.810212511700453 -1.839262870392301 3
    vertex -17.50688214992825 -3.754415401478427 3
  endloop
endfacet
facet normal 0 0 1
  outer loop
    vertex -0.8854560256532106 -14.364723172043766 3
    vertex -3.754415401478433 -17.506882149928263 3
    vertex -0.7485107481711022 -14.563122658240793 3
  endloop
endfacet
facet normal 0 0 1
  outer loop
    vertex -14.785456025653211 -0.4647231720437673 3
    vertex -17.810212511700453 -1.839262870392301 3
    vertex -14.648510748171102 -0.663122658240794 3
  endloop
endfacet
facet normal 0 0 1
  outer loop
    vertex -14.785456025653211 -0.4647231720437673 3
    vertex -17.878663344526352 -0.969512574144662 3
    vertex -17.810212511700453 -1.839262870392301 3
  endloop
endfacet
facet normal 0 0 1
  outer loop
    vertex -0.35460488704253756 -14.835016242685413 3
    vertex -0.5680647467311574 -14.722983865893655 3
    vertex -0.969512574144667 -17.878663344526366 3
  endloop
endfacet
facet normal 0 0 1
  outer loop
    vertex -14.254604887042538 -0.9350162426854141 3
    vertex -14.468064746731157 -0.8229838658936554 3
    vertex -17.50688214992825 -3.754415401478427 3
  endloop
endfacet
facet normal 0 0 1
  outer loop
    vertex -14.254604887042538 -0.9350162426854141 3
    vertex -17.50688214992825 -3.754415401478427 3
    vertex -17.30321513813 -4.602749558896709 3
  endloop
endfacet
facet normal 0 0 0.9999999999999999
  outer loop
    vertex -0.9709418174260523 -14.139315664287555 3
    vertex -4.60274955889671 -17.30321513813 3
    vertex -3.754415401478433 -17.506882149928263 3
  endloop
endfacet
facet normal 0 0 0.9999999999999999
  outer loop
    vertex -0.9709418174260523 -14.139315664287555 3
    vertex -3.754415401478433 -17.506882149928263 3
    vertex -0.8854560256532106 -14.364723172043766 3
  endloop
endfacet
facet normal 0 0 1
  outer loop
    vertex -14.870941817426052 -0.23931566428755657 3
    vertex -17.878663344526352 -0.969512574144662 3
    vertex -14.785456025653211 -0.4647231720437673 3
  endloop
endfacet
facet normal 0 0 1
  outer loop
    vertex -0.12053668025532534 -14.892708874098052 3
    vertex -0.35460488704253756 -14.835016242685413 3
    vertex -0.969512574144667 -17.878663344526366 3
  endloop
endfacet
facet normal 0 0 1
  outer loop
    vertex -14.020536680255326 -0.9927088740980538 3
    vertex -14.254604887042538 -0.9350162426854141 3
    vertex -17.30321513813 -4.602749558896709 3
  endloop
endfacet
facet normal 0 0 1
  outer loop
    vertex -1 -13.899999999999997 3
    vertex -4.60274955889671 -17.30321513813 3
    vertex -0.9709418174260523 -14.139315664287555 3
  endloop
endfacet
facet normal 0 0 1
  outer loop
    vertex -1 -13.899999999999997 3
    vertex -6.446872061437455 -16.7040234147882 3
    vertex -4.60274955889671 -17.30321513813 3
  endloop
endfacet
facet normal 0 0 0.9999999999999999
  outer loop
    vertex -14.9 1.0106430996148606e-15 3
    vertex -17.878663344526352 -0.969512574144662 3
    vertex -14.870941817426052 -0.23931566428755657 3
  endloop
endfacet
facet normal 0 0 1
  outer loop
    vertex -14.9 1.0106430996148606e-15 3
    vertex -17.87866334452636 0.969512574144665 3
    vertex -17.878663344526352 -0.969512574144662 3
  endloop
endfacet
facet normal 0 0 1
  outer loop
    vertex -18.544011881355566 3.752165771161517 3
    vertex -19.22941873780213 2.384913015057151 3
    vertex -18.561592101424793 2.0591523667111225 3
  endloop
endfacet
facet normal 0 0 1
  outer loop
    vertex -18.544011881355566 3.752165771161517 3
    vertex -19.1506020878262 3.647779995204515 3
    vertex -19.22941873780213 2.384913015057151 3
  endloop
endfacet
facet normal 0 0 1
  outer loop
    vertex 0.12053668025532056 -14.892708874098053 3
    vertex -0.969512574144667 -17.878663344526366 3
    vertex 0.969512574144663 -17.87866334452636 3
  endloop
endfacet
facet normal 0 0 1
  outer loop
    vertex 0.12053668025532056 -14.892708874098053 3
    vertex -0.12053668025532534 -14.892708874098052 3
    vertex -0.969512574144667 -17.878663344526366 3
  endloop
endfacet
facet normal 0 0 0.9999999999999999
  outer loop
    vertex -13.77946331974468 -0.9927088740980543 3
    vertex -14.020536680255326 -0.9927088740980538 3
    vertex -17.30321513813 -4.602749558896709 3
  endloop
endfacet
facet normal 0 0 1
  outer loop
    vertex -13.77946331974468 -0.9927088740980543 3
    vertex -17.30321513813 -4.602749558896709 3
    vertex -16.70402341478819 -6.446872061437448 3
  endloop
endfacet
facet normal 0 0 1
  outer loop
    vertex -0.9709418174260518 -13.66068433571244 3
    vertex -7.252901277611084 -16.37015518178012 3
    vertex -6.446872061437455 -16.7040234147882 3
  endloop
endfacet
facet normal 0 0 1
  outer loop
    vertex -0.9709418174260518 -13.66068433571244 3
    vertex -6.446872061437455 -16.7040234147882 3
    vertex -1 -13.899999999999997 3
  endloop
endfacet
facet normal 0 0 1
  outer loop
    vertex -14.870941817426052 0.23931566428755854 3
    vertex -17.87866334452636 0.969512574144665 3
    vertex -14.9 1.0106430996148606e-15 3
  endloop
endfacet
facet normal 0 0 1
  outer loop
    vertex 3.777477125590855 -18.289436196193847 3
    vertex 2.1618931083468214 -18.795886327018437 3
    vertex 3.6740301181656805 -19.025242646913515 3
  endloop
endfacet
facet normal 0 0 1
  outer loop
    vertex 3.777477125590855 -18.289436196193847 3
    vertex 1.9489463078495504 -18.26643605815631 3
    vertex 2.1618931083468214 -18.795886327018437 3
  endloop
endfacet
facet normal 0 0 1
  outer loop
    vertex 0.35460488704253307 -14.835016242685414 3
    vertex 0.12053668025532056 -14.892708874098053 3
    vertex 0.969512574144663 -17.87866334452636 3
  endloop
endfacet
facet normal 0 0 1
  outer loop
    vertex -13.545395112957467 -0.9350162426854158 3
    vertex -13.77946331974468 -0.9927088740980543 3
    vertex -16.70402341478819 -6.446872061437448 3
  endloop
endfacet
facet normal 0 0 1
  outer loop
    vertex -13.545395112957467 -0.9350162426854158 3
    vertex -16.370155181780124 -7.252901277611084 3
    vertex -15.489856185700695 -8.98058533530219 3
  endloop
endfacet
facet normal 0 0 1
  outer loop
    vertex -13.545395112957467 -0.9350162426854158 3
    vertex -16.70402341478819 -6.446872061437448 3
    vertex -16.370155181780124 -7.252901277611084 3
  endloop
endfacet
facet normal 0 0 1
  outer loop
    vertex -0.8854560256532096 -13.43527682795623 3
    vertex -9.724462495871382 -15.034007675424604 3
    vertex -8.980585335302196 -15.489856185700702 3
  endloop
endfacet
facet normal 0 0 0.9999999999999999
  outer loop
    vertex -0.8854560256532096 -13.43527682795623 3
    vertex -7.252901277611084 -16.37015518178012 3
    vertex -0.9709418174260518 -13.66068433571244 3
  endloop
endfacet
facet normal 0 0 1
  outer loop
    vertex -0.8854560256532096 -13.43527682795623 3
    vertex -8.980585335302196 -15.489856185700702 3
    vertex -7.252901277611084 -16.37015518178012 3
  endloop
endfacet
facet normal 0 0 1
  outer loop
    vertex -14.78545602565321 0.46472317204376906 3
    vertex -17.810212511700446 1.839262870392302 3
    vertex -17.87866334452636 0.969512574144665 3
  endloop
endfacet
facet normal 0 0 0.9999999999999999
  outer loop
    vertex -14.78545602565321 0.46472317204376906 3
    vertex -17.87866334452636 0.969512574144665 3
    vertex -14.870941817426052 0.23931566428755854 3
  endloop
endfacet
facet normal 0 0 0.9999999999999999
  outer loop
    vertex -17.97467057284831 3.7910810826439265 3
    vertex -18.544011881355566 3.752165771161517 3
    vertex -18.561592101424793 2.0591523667111225 3
  endloop
endfacet
facet normal 0 0 1
  outer loop
    vertex -17.97467057284831 3.7910810826439265 3
    vertex -18.561592101424793 2.0591523667111225 3
    vertex -18.160238114977194 1.915027699649727 3
  endloop
endfacet
facet normal 0 0 1
  outer loop
    vertex 0.5680647467311534 -14.722983865893656 3
    vertex 0.35460488704253307 -14.835016242685414 3
    vertex 0.969512574144663 -17.87866334452636 3
  endloop
endfacet
facet normal 0 0 1
  outer loop
    vertex 0.5680647467311534 -14.722983865893656 3
    vertex 0.969512574144663 -17.87866334452636 3
    vertex 1.8392628703923 -17.81021251170046 3
  endloop
endfacet
facet normal 0 0 1
  outer loop
    vertex -13.331935253268847 -0.822983865893658 3
    vertex -15.034007675424608 -9.724462495871382 3
    vertex -13.89427728943591 -11.293166793357848 3
  endloop
endfacet
facet normal 0 0 1
  outer loop
    vertex -13.331935253268847 -0.822983865893658 3
    vertex -13.545395112957467 -0.9350162426854158 3
    vertex -15.489856185700695 -8.98058533530219 3
  endloop
endfacet
facet normal 0 0 0.9999999999999999
  outer loop
    vertex -13.331935253268847 -0.822983865893658 3
    vertex -15.489856185700695 -8.98058533530219 3
    vertex -15.034007675424608 -9.724462495871382 3
  endloop
endfacet
facet normal 0 0 1
  outer loop
    vertex 3.7905226267860144 -17.8631889006108 3
    vertex 1.9489463078495504 -18.26643605815631 3
    vertex 3.777477125590855 -18.289436196193847 3
  endloop
endfacet
facet normal 0 0 1
  outer loop
    vertex 3.7905226267860144 -17.8631889006108 3
    vertex 1.843564530126039 -17.851866956665372 3
    vertex 1.9489463078495504 -18.26643605815631 3
  endloop
endfacet
facet normal 0 0 1
  outer loop
    vertex -0.7485107481711009 -13.236877341759204 3
    vertex -9.724462495871382 -15.034007675424604 3
    vertex -0.8854560256532096 -13.43527682795623 3
  endloop
endfacet
facet normal 0 0 1
  outer loop
    vertex -0.7485107481711009 -13.236877341759204 3
    vertex -11.293166793357855 -13.894277289435914 3
    vertex -9.724462495871382 -15.034007675424604 3
  endloop
endfacet
facet normal 0 0 1
  outer loop
    vertex -14.648510748171102 0.6631226582407955 3
    vertex -17.810212511700446 1.839262870392302 3
    vertex -14.78545602565321 0.46472317204376906 3
  endloop
endfacet
facet normal 0 0 1
  outer loop
    vertex 0.748510748171099 -14.563122658240797 3
    vertex 0.5680647467311534 -14.722983865893656 3
    vertex 1.8392628703923 -17.81021251170046 3
  endloop
endfacet
facet normal 0 0 1
  outer loop
    vertex 3.763196211343187 -17.547827167206545 3
    vertex 1.843564530126039 -17.851866956665372 3
    vertex 3.7905226267860144 -17.8631889006108 3
  endloop
endfacet
facet normal 0 0 1
  outer loop
    vertex -17.54782716720653 3.763196211343189 3
    vertex -18.160238114977194 1.915027699649727 3
    vertex -17.851866956665358 1.843564530126039 3
  endloop
endfacet
facet normal 0 0 0.9999999999999999
  outer loop
    vertex -17.54782716720653 3.763196211343189 3
    vertex -17.97467057284831 3.7910810826439265 3
    vertex -18.160238114977194 1.915027699649727 3
  endloop
endfacet
facet normal 0 0 1
  outer loop
    vertex 3.754415401478429 -17.506882149928256 3
    vertex 1.8392628703923 -17.81021251170046 3
    vertex 1.843564530126039 -17.851866956665372 3
  endloop
endfacet
facet normal 0 0 1
  outer loop
    vertex 3.754415401478429 -17.506882149928256 3
    vertex 0.748510748171099 -14.563122658240797 3
    vertex 1.8392628703923 -17.81021251170046 3
  endloop
endfacet
facet normal 0 0 1
  outer loop
    vertex 3.754415401478429 -17.506882149928256 3
    vertex 1.843564530126039 -17.851866956665372 3
    vertex 3.763196211343187 -17.547827167206545 3
  endloop
endfacet
facet normal 0 0 1
  outer loop
    vertex -17.506882149928256 3.75441540147843 3
    vertex -17.851866956665358 1.843564530126039 3
    vertex -17.810212511700446 1.839262870392302 3
  endloop
endfacet
facet normal 0 0 1
  outer loop
    vertex -17.506882149928256 3.75441540147843 3
    vertex -17.54782716720653 3.763196211343189 3
    vertex -17.851866956665358 1.843564530126039 3
  endloop
endfacet
facet normal 0 0 1
  outer loop
    vertex -14.468064746731155 0.8229838658936565 3
    vertex -17.810212511700446 1.839262870392302 3
    vertex -14.648510748171102 0.6631226582407955 3
  endloop
endfacet
facet normal 0 0 1
  outer loop
    vertex -14.468064746731155 0.8229838658936565 3
    vertex -17.506882149928256 3.75441540147843 3
    vertex -17.810212511700446 1.839262870392302 3
  endloop
endfacet
facet normal 0 0 1
  outer loop
    vertex 0.8854560256532084 -14.364723172043771 3
    vertex 0.748510748171099 -14.563122658240797 3
    vertex 3.754415401478429 -17.506882149928256 3
  endloop
endfacet
facet normal 0 0 1
  outer loop
    vertex -14.254604887042536 0.9350162426854148 3
    vertex -17.506882149928256 3.75441540147843 3
    vertex -14.468064746731155 0.8229838658936565 3
  endloop
endfacet
facet normal 0 0 0.9999999999999999
  outer loop
    vertex 0.9709418174260511 -14.13931566428756 3
    vertex 0.8854560256532084 -14.364723172043771 3
    vertex 3.754415401478429 -17.506882149928256 3
  endloop
endfacet
facet normal 0 0 0.9999999999999999
  outer loop
    vertex 4.602749558896709 -17.303215138130007 3
    vertex 1 -13.899999999999999 3
    vertex 0.9709418174260511 -14.13931566428756 3
  endloop
endfacet
facet normal 0 0 0.9999999999999999
  outer loop
    vertex 4.602749558896709 -17.303215138130007 3
    vertex 0.9709418174260511 -14.13931566428756 3
    vertex 3.754415401478429 -17.506882149928256 3
  endloop
endfacet
facet normal 0 0 1
  outer loop
    vertex -17.303215138129993 4.602749558896708 3
    vertex -14.020536680255324 0.992708874098054 3
    vertex -13.779463319744677 0.992708874098054 3
  endloop
endfacet
facet normal 0 0 1
  outer loop
    vertex -17.303215138129993 4.602749558896708 3
    vertex -14.254604887042536 0.9350162426854148 3
    vertex -14.020536680255324 0.992708874098054 3
  endloop
endfacet
facet normal 0 0 1
  outer loop
    vertex -17.303215138129993 4.602749558896708 3
    vertex -17.506882149928256 3.75441540147843 3
    vertex -14.254604887042536 0.9350162426854148 3
  endloop
endfacet
facet normal 0 0 0.9999999999999999
  outer loop
    vertex 6.541258902297251 -18.956679821359995 3
    vertex 5.443995637634314 -18.719368865351257 3
    vertex 5.850467214860819 -19.18113164660206 3
  endloop
endfacet
facet normal 0 0 1
  outer loop
    vertex -18.34418788538836 6.598683963127118 3
    vertex -18.956679821359973 6.541258902297255 3
    vertex -19.181131646602033 5.850467214860815 3
  endloop
endfacet
facet normal 0 0 1
  outer loop
    vertex -18.34418788538836 6.598683963127118 3
    vertex -19.181131646602033 5.850467214860815 3
    vertex -18.619590092070887 5.363694611588212 3
  endloop
endfacet
facet normal 0 0 1
  outer loop
    vertex 6.60500036643812 -18.216265403272914 3
    vertex 5.443995637634314 -18.719368865351257 3
    vertex 6.541258902297251 -18.956679821359995 3
  endloop
endfacet
facet normal 0 0 1
  outer loop
    vertex 6.60500036643812 -18.216265403272914 3
    vertex 5.075601039251368 -18.226283184469448 3
    vertex 5.443995637634314 -18.719368865351257 3
  endloop
endfacet
facet normal 0 0 1
  outer loop
    vertex -17.728736277918262 6.606892962515921 3
    vertex -18.34418788538836 6.598683963127118 3
    vertex -18.619590092070887 5.363694611588212 3
  endloop
endfacet
facet normal 0 0 1
  outer loop
    vertex -17.728736277918262 6.606892962515921 3
    vertex -18.619590092070887 5.363694611588212 3
    vertex -18.01094570253729 4.93747351479082 3
  endloop
endfacet
facet normal 0 0 1
  outer loop
    vertex 6.592068281049941 -17.473335273695838 3
    vertex 5.075601039251368 -18.226283184469448 3
    vertex 6.60500036643812 -18.216265403272914 3
  endloop
endfacet
facet normal 0 0 1
  outer loop
    vertex 6.592068281049941 -17.473335273695838 3
    vertex 4.782451697658247 -17.73666354580709 3
    vertex 5.075601039251368 -18.226283184469448 3
  endloop
endfacet
facet normal 0 0 1
  outer loop
    vertex -17.160316809753088 6.5562645589160775 3
    vertex -18.01094570253729 4.93747351479082 3
    vertex -17.637079114862647 4.732337665380517 3
  endloop
endfacet
facet normal 0 0 0.9999999999999999
  outer loop
    vertex -17.160316809753088 6.5562645589160775 3
    vertex -17.728736277918262 6.606892962515921 3
    vertex -18.01094570253729 4.93747351479082 3
  endloop
endfacet
facet normal 0 0 1
  outer loop
    vertex 6.5382734028181755 -17.05029502363723 3
    vertex 4.782451697658247 -17.73666354580709 3
    vertex 6.592068281049941 -17.473335273695838 3
  endloop
endfacet
facet normal 0 0 1
  outer loop
    vertex 6.5382734028181755 -17.05029502363723 3
    vertex 4.613514448875564 -17.34368381991658 3
    vertex 4.782451697658247 -17.73666354580709 3
  endloop
endfacet
facet normal 0 0 1
  outer loop
    vertex 6.461949976835847 -16.743090709665616 3
    vertex 4.613514448875564 -17.34368381991658 3
    vertex 6.5382734028181755 -17.05029502363723 3
  endloop
endfacet
facet normal 0 0 1
  outer loop
    vertex -16.743090709665598 6.461949976835847 3
    vertex -17.637079114862647 4.732337665380517 3
    vertex -17.343683819916567 4.613514448875561 3
  endloop
endfacet
facet normal 0 0 1
  outer loop
    vertex -16.743090709665598 6.461949976835847 3
    vertex -17.160316809753088 6.5562645589160775 3
    vertex -17.637079114862647 4.732337665380517 3
  endloop
endfacet
facet normal 0 0 1
  outer loop
    vertex 6.446872061437452 -16.704023414788196 3
    vertex 0.970941817426052 -13.66068433571244 3
    vertex 1 -13.899999999999999 3
  endloop
endfacet
facet normal 0 0 1
  outer loop
    vertex 6.446872061437452 -16.704023414788196 3
    vertex 1 -13.899999999999999 3
    vertex 4.602749558896709 -17.303215138130007 3
  endloop
endfacet
facet normal 0 0 1
  outer loop
    vertex 6.446872061437452 -16.704023414788196 3
    vertex 4.613514448875564 -17.34368381991658 3
    vertex 6.461949976835847 -16.743090709665616 3
  endloop
endfacet
facet normal 0 0 0.9999999999999999
  outer loop
    vertex 6.446872061437452 -16.704023414788196 3
    vertex 4.602749558896709 -17.303215138130007 3
    vertex 4.613514448875564 -17.34368381991658 3
  endloop
endfacet
facet normal 0 0 0.9999999999999999
  outer loop
    vertex -16.704023414788193 6.446872061437452 3
    vertex -17.343683819916567 4.613514448875561 3
    vertex -17.303215138129993 4.602749558896708 3
  endloop
endfacet
facet normal 0 0 1
  outer loop
    vertex -16.704023414788193 6.446872061437452 3
    vertex -16.743090709665598 6.461949976835847 3
    vertex -17.343683819916567 4.613514448875561 3
  endloop
endfacet
facet normal 0 0 1
  outer loop
    vertex -16.704023414788193 6.446872061437452 3
    vertex -13.779463319744677 0.992708874098054 3
    vertex -13.545395112957465 0.9350162426854147 3
  endloop
endfacet
facet normal 0 0 1
  outer loop
    vertex -16.704023414788193 6.446872061437452 3
    vertex -17.303215138129993 4.602749558896708 3
    vertex -13.779463319744677 0.992708874098054 3
  endloop
endfacet
facet normal 0 0 1
  outer loop
    vertex 7.252901277611085 -16.37015518178013 3
    vertex 0.8854560256532099 -13.43527682795623 3
    vertex 0.970941817426052 -13.66068433571244 3
  endloop
endfacet
facet normal 0 0 1
  outer loop
    vertex 7.252901277611085 -16.37015518178013 3
    vertex 0.970941817426052 -13.66068433571244 3
    vertex 6.446872061437452 -16.704023414788196 3
  endloop
endfacet
facet normal 0 0 1
  outer loop
    vertex -16.370155181780113 7.252901277611081 3
    vertex -16.704023414788193 6.446872061437452 3
    vertex -13.545395112957465 0.9350162426854147 3
  endloop
endfacet
facet normal 0 0 1
  outer loop
    vertex 9.426203217406535 -17.700013298881867 3
    vertex 8.305325471884347 -17.637273826352544 3
    vertex 8.779028323154575 -18.02976537777711 3
  endloop
endfacet
facet normal 0 0 1
  outer loop
    vertex -17.08607889634366 9.387106432101014 3
    vertex -17.700013298881842 9.426203217406535 3
    vertex -18.029765377777082 8.779028323154566 3
  endloop
endfacet
facet normal 0 0 1
  outer loop
    vertex -17.08607889634366 9.387106432101014 3
    vertex -18.029765377777082 8.779028323154566 3
    vertex -17.55128534339619 8.210404245700133 3
  endloop
endfacet
facet normal 0 0 1
  outer loop
    vertex 9.373333584949407 -16.958743249084968 3
    vertex 8.305325471884347 -17.637273826352544 3
    vertex 9.426203217406535 -17.700013298881867 3
  endloop
endfacet
facet normal 0 0 1
  outer loop
    vertex 9.373333584949407 -16.958743249084968 3
    vertex 7.864330827615677 -17.207888460353093 3
    vertex 8.305325471884347 -17.637273826352544 3
  endloop
endfacet
facet normal 0 0 0.9999999999999999
  outer loop
    vertex -16.476920349017345 9.298936522112655 3
    vertex -17.08607889634366 9.387106432101014 3
    vertex -17.55128534339619 8.210404245700133 3
  endloop
endfacet
facet normal 0 0 0.9999999999999999
  outer loop
    vertex -16.476920349017345 9.298936522112655 3
    vertex -17.55128534339619 8.210404245700133 3
    vertex -17.01681004555157 7.694217678401255 3
  endloop
endfacet
facet normal 0 0 0.9999999999999999
  outer loop
    vertex 9.244340837609263 -16.226982846084407 3
    vertex 7.864330827615677 -17.207888460353093 3
    vertex 9.373333584949407 -16.958743249084968 3
  endloop
endfacet
facet normal 0 0 1
  outer loop
    vertex 9.244340837609263 -16.226982846084407 3
    vertex 7.49819725462348 -16.770155512348715 3
    vertex 7.864330827615677 -17.207888460353093 3
  endloop
endfacet
facet normal 0 0 1
  outer loop
    vertex -15.923419094975898 9.160011042753228 3
    vertex -17.01681004555157 7.694217678401255 3
    vertex -16.679636692828588 7.433121772060118 3
  endloop
endfacet
facet normal 0 0 0.9999999999999999
  outer loop
    vertex -15.923419094975898 9.160011042753228 3
    vertex -16.476920349017345 9.298936522112655 3
    vertex -17.01681004555157 7.694217678401255 3
  endloop
endfacet
facet normal 0 0 0.9999999999999999
  outer loop
    vertex 9.125030188388067 -15.81756629649848 3
    vertex 7.49819725462348 -16.770155512348715 3
    vertex 9.244340837609263 -16.226982846084407 3
  endloop
endfacet
facet normal 0 0 1
  outer loop
    vertex 9.125030188388067 -15.81756629649848 3
    vertex 7.269864330517155 -16.408441627134923 3
    vertex 7.49819725462348 -16.770155512348715 3
  endloop
endfacet
facet normal 0 0 1
  outer loop
    vertex 9.001589087916386 -15.526083791720453 3
    vertex 7.269864330517155 -16.408441627134923 3
    vertex 9.125030188388067 -15.81756629649848 3
  endloop
endfacet
facet normal 0 0 1
  outer loop
    vertex -15.526083791720431 9.001589087916383 3
    vertex -16.679636692828588 7.433121772060118 3
    vertex -16.40844162713491 7.26986433051715 3
  endloop
endfacet
facet normal 0 0 1
  outer loop
    vertex -15.526083791720431 9.001589087916383 3
    vertex -16.40844162713491 7.26986433051715 3
    vertex -16.370155181780113 7.252901277611081 3
  endloop
endfacet
facet normal 0 0 1
  outer loop
    vertex -15.526083791720431 9.001589087916383 3
    vertex -15.923419094975898 9.160011042753228 3
    vertex -16.679636692828588 7.433121772060118 3
  endloop
endfacet
facet normal 0 0 1
  outer loop
    vertex 8.980585335302194 -15.489856185700702 3
    vertex 7.269864330517155 -16.408441627134923 3
    vertex 9.001589087916386 -15.526083791720453 3
  endloop
endfacet
facet normal 0 0 1
  outer loop
    vertex 8.980585335302194 -15.489856185700702 3
    vertex 0.8854560256532099 -13.43527682795623 3
    vertex 7.252901277611085 -16.37015518178013 3
  endloop
endfacet
facet normal 0 0 1
  outer loop
    vertex 8.980585335302194 -15.489856185700702 3
    vertex 7.252901277611085 -16.37015518178013 3
    vertex 7.269864330517155 -16.408441627134923 3
  endloop
endfacet
facet normal 0 0 1
  outer loop
    vertex -15.489856185700697 8.980585335302191 3
    vertex -16.370155181780113 7.252901277611081 3
    vertex -13.545395112957465 0.9350162426854147 3
  endloop
endfacet
facet normal 0 0 1
  outer loop
    vertex -15.489856185700697 8.980585335302191 3
    vertex -13.545395112957465 0.9350162426854147 3
    vertex -13.331935253268844 0.8229838658936564 3
  endloop
endfacet
facet normal 0 0 0.9999999999999999
  outer loop
    vertex -15.489856185700697 8.980585335302191 3
    vertex -15.526083791720431 9.001589087916383 3
    vertex -16.370155181780113 7.252901277611081 3
  endloop
endfacet
facet normal 0 0 1
  outer loop
    vertex 9.724462495871386 -15.034007675424615 3
    vertex 0.8854560256532099 -13.43527682795623 3
    vertex 8.980585335302194 -15.489856185700702 3
  endloop
endfacet
facet normal 0 0 1
  outer loop
    vertex 9.724462495871386 -15.034007675424615 3
    vertex 0.7485107481711012 -13.236877341759204 3
    vertex 0.8854560256532099 -13.43527682795623 3
  endloop
endfacet
facet normal 0 0 1
  outer loop
    vertex -15.034007675424599 9.724462495871379 3
    vertex -15.489856185700697 8.980585335302191 3
    vertex -13.331935253268844 0.8229838658936564 3
  endloop
endfacet
facet normal 0 0 1
  outer loop
    vertex -2.6428533287604794 -2.2176172534185548 3
    vertex -13.331935253268847 -0.822983865893658 3
    vertex -13.89427728943591 -11.293166793357848 3
  endloop
endfacet
facet normal 0 0 1
  outer loop
    vertex -2.6428533287604794 -2.2176172534185548 3
    vertex -13.89427728943591 -11.293166793357848 3
    vertex -13.327673005089267 -11.95657517384263 3
  endloop
endfacet
facet normal 0 0 1
  outer loop
    vertex -2.6428533287604794 -2.2176172534185548 3
    vertex -13.1514892518289 -0.6631226582407975 3
    vertex -13.331935253268847 -0.822983865893658 3
  endloop
endfacet
facet normal 0 0 1
  outer loop
    vertex -2.2176172534185663 -2.6428533287604696 3
    vertex -13.327673005089267 -11.95657517384263 3
    vertex -11.956575173842628 -13.327673005089263 3
  endloop
endfacet
facet normal 0 0 1
  outer loop
    vertex -2.2176172534185663 -2.6428533287604696 3
    vertex -11.956575173842628 -13.327673005089263 3
    vertex -11.293166793357855 -13.894277289435914 3
  endloop
endfacet
facet normal 0 0 1
  outer loop
    vertex -2.2176172534185663 -2.6428533287604696 3
    vertex -2.6428533287604794 -2.2176172534185548 3
    vertex -13.327673005089267 -11.95657517384263 3
  endloop
endfacet
facet normal 0 0 1
  outer loop
    vertex -2.2176172534185663 -2.6428533287604696 3
    vertex -11.293166793357855 -13.894277289435914 3
    vertex -0.7485107481711009 -13.236877341759204 3
  endloop
endfacet
facet normal 0 0 1
  outer loop
    vertex -1.7250000000000065 -2.9877876430563095 3
    vertex -0.7485107481711009 -13.236877341759204 3
    vertex -0.5680647467311557 -13.077016134106342 3
  endloop
endfacet
facet normal 0 0 1
  outer loop
    vertex -1.7250000000000065 -2.9877876430563095 3
    vertex -2.2176172534185663 -2.6428533287604696 3
    vertex -0.7485107481711009 -13.236877341759204 3
  endloop
endfacet
facet normal 0 0 1
  outer loop
    vertex -2.987787643056317 -1.7249999999999939 3
    vertex -13.1514892518289 -0.6631226582407975 3
    vertex -2.6428533287604794 -2.2176172534185548 3
  endloop
endfacet
facet normal 0 0 1
  outer loop
    vertex -1.1799694944735653 -3.241939541711381 3
    vertex -0.5680647467311557 -13.077016134106342 3
    vertex -0.35460488704253545 -12.964983757314585 3
  endloop
endfacet
facet normal 0 0 0.9999999999999999
  outer loop
    vertex -1.1799694944735653 -3.241939541711381 3
    vertex -1.7250000000000065 -2.9877876430563095 3
    vertex -0.5680647467311557 -13.077016134106342 3
  endloop
endfacet
facet normal 0 0 1
  outer loop
    vertex -3.2419395417113863 -1.1799694944735513 3
    vertex -13.1514892518289 -0.6631226582407975 3
    vertex -2.987787643056317 -1.7249999999999939 3
  endloop
endfacet
facet normal 0 0 1
  outer loop
    vertex -3.2419395417113863 -1.1799694944735513 3
    vertex -13.014543974346791 -0.46472317204377156 3
    vertex -13.1514892518289 -0.6631226582407975 3
  endloop
endfacet
facet normal 0 0 1
  outer loop
    vertex -0.5990862129509187 -3.3975867478921162 3
    vertex -1.1799694944735653 -3.241939541711381 3
    vertex -0.35460488704253545 -12.964983757314585 3
  endloop
endfacet
facet normal 0 0 1
  outer loop
    vertex -0.5990862129509187 -3.3975867478921162 3
    vertex -0.35460488704253545 -12.964983757314585 3
    vertex -0.12053668025532288 -12.907291125901944 3
  endloop
endfacet
facet normal 0 0 1
  outer loop
    vertex -3.397586747892119 -0.5990862129509041 3
    vertex -12.92905818257395 -0.23931566428756124 3
    vertex -13.014543974346791 -0.46472317204377156 3
  endloop
endfacet
facet normal 0 0 1
  outer loop
    vertex -3.397586747892119 -0.5990862129509041 3
    vertex -13.014543974346791 -0.46472317204377156 3
    vertex -3.2419395417113863 -1.1799694944735513 3
  endloop
endfacet
facet normal 0 0 1
  outer loop
    vertex 12.079043125528365 -16.007513706009007 3
    vertex 10.962150629221725 -16.120890570993108 3
    vertex 11.491420618207696 -16.43444644799062 3
  endloop
endfacet
facet normal 0 0 1
  outer loop
    vertex -15.407253939425512 11.944387186696408 3
    vertex -16.007513706008982 12.079043125528361 3
    vertex -16.43444644799059 11.49142061820768 3
  endloop
endfacet
facet normal 0 0 1
  outer loop
    vertex -15.407253939425512 11.944387186696408 3
    vertex -16.43444644799059 11.49142061820768 3
    vertex -16.0508097001906 10.854946478513462 3
  endloop
endfacet
facet normal 0 0 1
  outer loop
    vertex -9.826401362455052e-15 -3.45 3
    vertex -0.12053668025532288 -12.907291125901944 3
    vertex 0.12053668025532323 -12.907291125901944 3
  endloop
endfacet
facet normal 0 0 0.9999999999999999
  outer loop
    vertex -9.826401362455052e-15 -3.45 3
    vertex -0.5990862129509187 -3.3975867478921162 3
    vertex -0.12053668025532288 -12.907291125901944 3
  endloop
endfacet
facet normal 0 0 1
  outer loop
    vertex -3.45 5.0188264676539854e-15 3
    vertex -12.9 0 3
    vertex -12.92905818257395 -0.23931566428756124 3
  endloop
endfacet
facet normal 0 0 1
  outer loop
    vertex -3.45 5.0188264676539854e-15 3
    vertex -12.92905818257395 -0.23931566428756124 3
    vertex -3.397586747892119 -0.5990862129509041 3
  endloop
endfacet
facet normal 0 0 1
  outer loop
    vertex -3.45 5.0188264676539854e-15 3
    vertex -12.929058182573948 0.23931566428755774 3
    vertex -12.9 0 3
  endloop
endfacet
facet normal 0 0 0.9999999999999999
  outer loop
    vertex 11.910864222288588 -15.283640553262536 3
    vertex 10.45941469078662 -15.765778412635232 3
    vertex 10.962150629221725 -16.120890570993108 3
  endloop
endfacet
facet normal 0 0 1
  outer loop
    vertex 11.910864222288588 -15.283640553262536 3
    vertex 10.962150629221725 -16.120890570993108 3
    vertex 12.079043125528365 -16.007513706009007 3
  endloop
endfacet
facet normal 0 0 1
  outer loop
    vertex -14.819387957358805 11.762009403133757 3
    vertex -15.407253939425512 11.944387186696408 3
    vertex -16.0508097001906 10.854946478513462 3
  endloop
endfacet
facet normal 0 0 1
  outer loop
    vertex -14.819387957358805 11.762009403133757 3
    vertex -16.0508097001906 10.854946478513462 3
    vertex -15.603664049689709 10.261504667124992 3
  endloop
endfacet
facet normal 0 0 0.9999999999999999
  outer loop
    vertex 11.668987042538376 -14.581068246533908 3
    vertex 10.029312310089995 -15.390710593221115 3
    vertex 10.45941469078662 -15.765778412635232 3
  endloop
endfacet
facet normal 0 0 1
  outer loop
    vertex 11.668987042538376 -14.581068246533908 3
    vertex 10.45941469078662 -15.765778412635232 3
    vertex 11.910864222288588 -15.283640553262536 3
  endloop
endfacet
facet normal 0 0 1
  outer loop
    vertex 0.5990862129508994 -3.39758674789212 3
    vertex 0.12053668025532323 -12.907291125901944 3
    vertex 0.3546048870425358 -12.964983757314585 3
  endloop
endfacet
facet normal 0 0 0.9999999999999999
  outer loop
    vertex 0.5990862129508994 -3.39758674789212 3
    vertex -9.826401362455052e-15 -3.45 3
    vertex 0.12053668025532323 -12.907291125901944 3
  endloop
endfacet
facet normal 0 0 1
  outer loop
    vertex -3.397586747892117 0.599086212950914 3
    vertex -12.929058182573948 0.23931566428755774 3
    vertex -3.45 5.0188264676539854e-15 3
  endloop
endfacet
facet normal 0 0 1
  outer loop
    vertex -3.397586747892117 0.599086212950914 3
    vertex -13.01454397434679 0.4647231720437685 3
    vertex -12.929058182573948 0.23931566428755774 3
  endloop
endfacet
facet normal 0 0 0.9999999999999999
  outer loop
    vertex -14.294433955281706 11.538207654383893 3
    vertex -14.819387957358805 11.762009403133757 3
    vertex -15.603664049689709 10.261504667124992 3
  endloop
endfacet
facet normal 0 0 0.9999999999999999
  outer loop
    vertex -14.294433955281706 11.538207654383893 3
    vertex -15.603664049689709 10.261504667124992 3
    vertex -15.311486258880132 9.950877751597242 3
  endloop
endfacet
facet normal 0 0 1
  outer loop
    vertex 11.487098446479708 -14.195356591643915 3
    vertex 9.747206025044978 -15.069169144997568 3
    vertex 10.029312310089995 -15.390710593221115 3
  endloop
endfacet
facet normal 0 0 1
  outer loop
    vertex 11.487098446479708 -14.195356591643915 3
    vertex 10.029312310089995 -15.390710593221115 3
    vertex 11.668987042538376 -14.581068246533908 3
  endloop
endfacet
facet normal 0 0 1
  outer loop
    vertex 11.319579201091024 -13.926773162705258 3
    vertex 9.747206025044978 -15.069169144997568 3
    vertex 11.487098446479708 -14.195356591643915 3
  endloop
endfacet
facet normal 0 0 1
  outer loop
    vertex -13.926773162705237 11.319579201091017 3
    vertex -15.311486258880132 9.950877751597242 3
    vertex -15.069169144997552 9.74720602504497 3
  endloop
endfacet
facet normal 0 0 1
  outer loop
    vertex -13.926773162705237 11.319579201091017 3
    vertex -15.069169144997552 9.74720602504497 3
    vertex -15.034007675424599 9.724462495871379 3
  endloop
endfacet
facet normal 0 0 0.9999999999999999
  outer loop
    vertex -13.926773162705237 11.319579201091017 3
    vertex -14.294433955281706 11.538207654383893 3
    vertex -15.311486258880132 9.950877751597242 3
  endloop
endfacet
facet normal 0 0 1
  outer loop
    vertex 11.293166793357855 -13.894277289435916 3
    vertex 9.724462495871386 -15.034007675424615 3
    vertex 9.747206025044978 -15.069169144997568 3
  endloop
endfacet
facet normal 0 0 1
  outer loop
    vertex 11.293166793357855 -13.894277289435916 3
    vertex 0.7485107481711012 -13.236877341759204 3
    vertex 9.724462495871386 -15.034007675424615 3
  endloop
endfacet
facet normal 0 0 1
  outer loop
    vertex 11.293166793357855 -13.894277289435916 3
    vertex 9.747206025044978 -15.069169144997568 3
    vertex 11.319579201091024 -13.926773162705258 3
  endloop
endfacet
facet normal 0 0 1
  outer loop
    vertex -13.89427728943591 11.293166793357848 3
    vertex -15.034007675424599 9.724462495871379 3
    vertex -13.331935253268844 0.8229838658936564 3
  endloop
endfacet
facet normal 0 0 1
  outer loop
    vertex -13.89427728943591 11.293166793357848 3
    vertex -13.926773162705237 11.319579201091017 3
    vertex -15.034007675424599 9.724462495871379 3
  endloop
endfacet
facet normal 0 0 1
  outer loop
    vertex 1.1799694944735466 -3.241939541711388 3
    vertex 0.3546048870425358 -12.964983757314585 3
    vertex 0.5680647467311559 -13.077016134106342 3
  endloop
endfacet
facet normal 0 0 1
  outer loop
    vertex 1.1799694944735466 -3.241939541711388 3
    vertex 0.5990862129508994 -3.39758674789212 3
    vertex 0.3546048870425358 -12.964983757314585 3
  endloop
endfacet
facet normal 0 0 1
  outer loop
    vertex -3.2419395417113828 1.1799694944735606 3
    vertex -13.151489251828899 0.6631226582407952 3
    vertex -13.01454397434679 0.4647231720437685 3
  endloop
endfacet
facet normal 0 0 1
  outer loop
    vertex -3.2419395417113828 1.1799694944735606 3
    vertex -13.01454397434679 0.4647231720437685 3
    vertex -3.397586747892117 0.599086212950914 3
  endloop
endfacet
facet normal 0 0 1
  outer loop
    vertex 1.7249999999999897 -2.9877876430563193 3
    vertex 0.5680647467311559 -13.077016134106342 3
    vertex 0.7485107481711012 -13.236877341759204 3
  endloop
endfacet
facet normal 0 0 0.9999999999999999
  outer loop
    vertex 1.7249999999999897 -2.9877876430563193 3
    vertex 1.1799694944735466 -3.241939541711388 3
    vertex 0.5680647467311559 -13.077016134106342 3
  endloop
endfacet
facet normal 0 0 1
  outer loop
    vertex -2.987787643056312 1.7250000000000028 3
    vertex -13.151489251828899 0.6631226582407952 3
    vertex -3.2419395417113828 1.1799694944735606 3
  endloop
endfacet
facet normal 0 0 1
  outer loop
    vertex 2.2176172534185508 -2.6428533287604825 3
    vertex 11.293166793357855 -13.894277289435916 3
    vertex 11.956575173842635 -13.327673005089274 3
  endloop
endfacet
facet normal 0 0 0.9999999999999999
  outer loop
    vertex 2.2176172534185508 -2.6428533287604825 3
    vertex 0.7485107481711012 -13.236877341759204 3
    vertex 11.293166793357855 -13.894277289435916 3
  endloop
endfacet
facet normal 0 0 1
  outer loop
    vertex 2.2176172534185508 -2.6428533287604825 3
    vertex 1.7249999999999897 -2.9877876430563193 3
    vertex 0.7485107481711012 -13.236877341759204 3
  endloop
endfacet
facet normal 0 0 0.9999999999999999
  outer loop
    vertex -2.6428533287604727 2.2176172534185623 3
    vertex -13.331935253268844 0.8229838658936564 3
    vertex -13.151489251828899 0.6631226582407952 3
  endloop
endfacet
facet normal 0 0 1
  outer loop
    vertex -2.6428533287604727 2.2176172534185623 3
    vertex -13.327673005089258 11.956575173842623 3
    vertex -13.89427728943591 11.293166793357848 3
  endloop
endfacet
facet normal 0 0 1
  outer loop
    vertex -2.6428533287604727 2.2176172534185623 3
    vertex -13.89427728943591 11.293166793357848 3
    vertex -13.331935253268844 0.8229838658936564 3
  endloop
endfacet
facet normal 0 0 1
  outer loop
    vertex -2.6428533287604727 2.2176172534185623 3
    vertex -13.151489251828899 0.6631226582407952 3
    vertex -2.987787643056312 1.7250000000000028 3
  endloop
endfacet
facet normal 0 0 1
  outer loop
    vertex -2.2176172534185596 2.6428533287604754 3
    vertex -13.327673005089258 11.956575173842623 3
    vertex -2.6428533287604727 2.2176172534185623 3
  endloop
endfacet
facet normal 0 0 0.9999999999999999
  outer loop
    vertex 14.4344569038539 -13.920855999802052 3
    vertex 13.349051256775816 -14.207557487607456 3
    vertex 13.920855999802047 -14.434456903853912 3
  endloop
endfacet
facet normal 0 0 1
  outer loop
    vertex -13.349051256775107 14.207557487607138 3
    vertex -13.920855999802027 14.434456903853892 3
    vertex -14.434456903853885 13.920855999802026 3
  endloop
endfacet
facet normal 0 0 1
  outer loop
    vertex -13.349051256775107 14.207557487607138 3
    vertex -14.434456903853885 13.920855999802026 3
    vertex -14.155109852583005 13.23220390352386 3
  endloop
endfacet
facet normal 0 0 1
  outer loop
    vertex 14.155109852583013 -13.232203903523885 3
    vertex 12.796953051463728 -13.935462576779683 3
    vertex 13.349051256775816 -14.207557487607456 3
  endloop
endfacet
facet normal 0 0 1
  outer loop
    vertex 14.155109852583013 -13.232203903523885 3
    vertex 13.349051256775816 -14.207557487607456 3
    vertex 14.4344569038539 -13.920855999802052 3
  endloop
endfacet
facet normal 0 0 1
  outer loop
    vertex -12.7969530514624 13.935462576778937 3
    vertex -13.349051256775107 14.207557487607138 3
    vertex -14.155109852583005 13.23220390352386 3
  endloop
endfacet
facet normal 0 0 0.9999999999999999
  outer loop
    vertex -12.7969530514624 13.935462576778937 3
    vertex -14.155109852583005 13.23220390352386 3
    vertex -13.806304059332506 12.576119354962637 3
  endloop
endfacet
facet normal 0 0 0.9999999999999999
  outer loop
    vertex 13.806304059332524 -12.576119354962655 3
    vertex 12.796953051463728 -13.935462576779683 3
    vertex 14.155109852583013 -13.232203903523885 3
  endloop
endfacet
facet normal 0 0 1
  outer loop
    vertex 13.806304059332524 -12.576119354962655 3
    vertex 12.31347241110308 -13.632295300448483 3
    vertex 12.796953051463728 -13.935462576779683 3
  endloop
endfacet
facet normal 0 0 1
  outer loop
    vertex -12.313472411102538 13.632295300448089 3
    vertex -12.7969530514624 13.935462576778937 3
    vertex -13.806304059332506 12.576119354962637 3
  endloop
endfacet
facet normal 0 0 1
  outer loop
    vertex -12.313472411102538 13.632295300448089 3
    vertex -13.806304059332506 12.576119354962637 3
    vertex -13.566316217325644 12.223610095817492 3
  endloop
endfacet
facet normal 0 0 1
  outer loop
    vertex 13.566316217325747 -12.223610095817623 3
    vertex 11.98453915811405 -13.358843706805272 3
    vertex 12.31347241110308 -13.632295300448483 3
  endloop
endfacet
facet normal 0 0 1
  outer loop
    vertex 13.566316217325747 -12.223610095817623 3
    vertex 12.31347241110308 -13.632295300448483 3
    vertex 13.806304059332524 -12.576119354962655 3
  endloop
endfacet
facet normal 0 0 0.9999999999999999
  outer loop
    vertex 13.327673005089268 -11.956575173842632 3
    vertex 2.2176172534185508 -2.6428533287604825 3
    vertex 11.956575173842635 -13.327673005089274 3
  endloop
endfacet
facet normal 0 0 1
  outer loop
    vertex 13.327673005089268 -11.956575173842632 3
    vertex 2.6428533287604656 -2.2176172534185707 3
    vertex 2.2176172534185508 -2.6428533287604825 3
  endloop
endfacet
facet normal 0 0 1
  outer loop
    vertex -11.956575173842626 13.32767300508926 3
    vertex -13.327673005089258 11.956575173842623 3
    vertex -2.2176172534185596 2.6428533287604754 3
  endloop
endfacet
facet normal 0 0 1
  outer loop
    vertex 13.35884370680527 -11.984539158114057 3
    vertex 11.956575173842635 -13.327673005089274 3
    vertex 11.98453915811405 -13.358843706805272 3
  endloop
endfacet
facet normal 0 0 1
  outer loop
    vertex 13.35884370680527 -11.984539158114057 3
    vertex 11.98453915811405 -13.358843706805272 3
    vertex 13.566316217325747 -12.223610095817623 3
  endloop
endfacet
facet normal 0 0 1
  outer loop
    vertex 13.35884370680527 -11.984539158114057 3
    vertex 13.327673005089268 -11.956575173842632 3
    vertex 11.956575173842635 -13.327673005089274 3
  endloop
endfacet
facet normal 0 0 1
  outer loop
    vertex -11.984539158114035 13.358843706805258 3
    vertex -13.327673005089258 11.956575173842623 3
    vertex -11.956575173842626 13.32767300508926 3
  endloop
endfacet
facet normal 0 0 1
  outer loop
    vertex -11.984539158114035 13.358843706805258 3
    vertex -12.313472411102538 13.632295300448089 3
    vertex -13.566316217325644 12.223610095817492 3
  endloop
endfacet
facet normal 0 0 1
  outer loop
    vertex -11.984539158114035 13.358843706805258 3
    vertex -13.566316217325644 12.223610095817492 3
    vertex -13.358843706805256 11.98453915811404 3
  endloop
endfacet
facet normal 0 0 1
  outer loop
    vertex -11.984539158114035 13.358843706805258 3
    vertex -13.358843706805256 11.98453915811404 3
    vertex -13.327673005089258 11.956575173842623 3
  endloop
endfacet
facet normal 0 0 1
  outer loop
    vertex 13.89427728943592 -11.29316679335786 3
    vertex 2.6428533287604656 -2.2176172534185707 3
    vertex 13.327673005089268 -11.956575173842632 3
  endloop
endfacet
facet normal 0 0 1
  outer loop
    vertex -11.293166793357845 13.894277289435905 3
    vertex -11.956575173842626 13.32767300508926 3
    vertex -2.2176172534185596 2.6428533287604754 3
  endloop
endfacet
facet normal 0 0 1
  outer loop
    vertex 16.43444644799061 -11.491420618207705 3
    vertex 15.40725393942599 -11.944387186696542 3
    vertex 16.007513706009004 -12.07904312552838 3
  endloop
endfacet
facet normal 0 0 1
  outer loop
    vertex -10.962150629221233 16.120890570992785 3
    vertex -11.49142061820768 16.4344464479906 3
    vertex -12.079043125528354 16.00751370600898 3
  endloop
endfacet
facet normal 0 0 1
  outer loop
    vertex -10.962150629221233 16.120890570992785 3
    vertex -12.079043125528354 16.00751370600898 3
    vertex -11.910864222288582 15.28364055326251 3
  endloop
endfacet
facet normal 0 0 0.9999999999999999
  outer loop
    vertex 16.05080970019062 -10.854946478513487 3
    vertex 15.40725393942599 -11.944387186696542 3
    vertex 16.43444644799061 -11.491420618207705 3
  endloop
endfacet
facet normal 0 0 0.9999999999999999
  outer loop
    vertex 16.05080970019062 -10.854946478513487 3
    vertex 14.819387957359712 -11.762009403134101 3
    vertex 15.40725393942599 -11.944387186696542 3
  endloop
endfacet
facet normal 0 0 1
  outer loop
    vertex -10.459414690785724 15.765778412634514 3
    vertex -11.910864222288582 15.28364055326251 3
    vertex -11.66898704253836 14.581068246533887 3
  endloop
endfacet
facet normal 0 0 1
  outer loop
    vertex -10.459414690785724 15.765778412634514 3
    vertex -10.962150629221233 16.120890570992785 3
    vertex -11.910864222288582 15.28364055326251 3
  endloop
endfacet
facet normal 0 0 1
  outer loop
    vertex 15.034007675424611 -9.724462495871386 3
    vertex 13.89427728943592 -11.29316679335786 3
    vertex 13.926773162705253 -11.31957920109103 3
  endloop
endfacet
facet normal 0 0 0.9999999999999999
  outer loop
    vertex 15.069169144997568 -9.747206025044985 3
    vertex 15.034007675424611 -9.724462495871386 3
    vertex 13.926773162705253 -11.31957920109103 3
  endloop
endfacet
facet normal 0 0 1
  outer loop
    vertex -9.747206025044964 15.069169144997552 3
    vertex -11.293166793357845 13.894277289435905 3
    vertex -9.724462495871379 15.034007675424599 3
  endloop
endfacet
facet normal 0 0 1
  outer loop
    vertex -9.747206025044964 15.069169144997552 3
    vertex -11.487098446479989 14.195356591644442 3
    vertex -11.319579201091013 13.92677316270524 3
  endloop
endfacet
facet normal 0 0 0.9999999999999999
  outer loop
    vertex -9.747206025044964 15.069169144997552 3
    vertex -11.319579201091013 13.92677316270524 3
    vertex -11.293166793357845 13.894277289435905 3
  endloop
endfacet
facet normal 0 0 1
  outer loop
    vertex 15.60366404968973 -10.261504667125006 3
    vertex 14.294433955282084 -11.53820765438409 3
    vertex 14.819387957359712 -11.762009403134101 3
  endloop
endfacet
facet normal 0 0 1
  outer loop
    vertex 15.60366404968973 -10.261504667125006 3
    vertex 14.819387957359712 -11.762009403134101 3
    vertex 16.05080970019062 -10.854946478513487 3
  endloop
endfacet
facet normal 0 0 1
  outer loop
    vertex 15.311486258879878 -9.950877751596995 3
    vertex 13.926773162705253 -11.31957920109103 3
    vertex 14.294433955282084 -11.53820765438409 3
  endloop
endfacet
facet normal 0 0 0.9999999999999999
  outer loop
    vertex 15.311486258879878 -9.950877751596995 3
    vertex 14.294433955282084 -11.53820765438409 3
    vertex 15.60366404968973 -10.261504667125006 3
  endloop
endfacet
facet normal 0 0 1
  outer loop
    vertex 15.311486258879878 -9.950877751596995 3
    vertex 15.069169144997568 -9.747206025044985 3
    vertex 13.926773162705253 -11.31957920109103 3
  endloop
endfacet
facet normal 0 0 1
  outer loop
    vertex -10.029312310089633 15.39071059322075 3
    vertex -11.487098446479989 14.195356591644442 3
    vertex -9.747206025044964 15.069169144997552 3
  endloop
endfacet
facet normal 0 0 1
  outer loop
    vertex -10.029312310089633 15.39071059322075 3
    vertex -11.66898704253836 14.581068246533887 3
    vertex -11.487098446479989 14.195356591644442 3
  endloop
endfacet
facet normal 0 0 1
  outer loop
    vertex -10.029312310089633 15.39071059322075 3
    vertex -10.459414690785724 15.765778412634514 3
    vertex -11.66898704253836 14.581068246533887 3
  endloop
endfacet
facet normal 0 0 1
  outer loop
    vertex 16.370155181780127 -7.252901277611087 3
    vertex 15.489856185700708 -8.980585335302202 3
    vertex 15.526083791720449 -9.001589087916393 3
  endloop
endfacet
facet normal 0 0 0.9999999999999999
  outer loop
    vertex 16.408441627134927 -7.269864330517162 3
    vertex 16.370155181780127 -7.252901277611087 3
    vertex 15.526083791720449 -9.001589087916393 3
  endloop
endfacet
facet normal 0 0 0.9999999999999999
  outer loop
    vertex -7.269864330517143 16.408441627134906 3
    vertex -8.980585335302186 15.48985618570069 3
    vertex -7.252901277611082 16.370155181780113 3
  endloop
endfacet
facet normal 0 0 1
  outer loop
    vertex -7.269864330517143 16.408441627134906 3
    vertex -9.12503018838795 15.817566296498152 3
    vertex -9.00158908791638 15.526083791720431 3
  endloop
endfacet
facet normal 0 0 0.9999999999999999
  outer loop
    vertex -7.269864330517143 16.408441627134906 3
    vertex -9.00158908791638 15.526083791720431 3
    vertex -8.980585335302186 15.48985618570069 3
  endloop
endfacet
facet normal 0 0 1
  outer loop
    vertex 16.679636692829774 -7.433121772060941 3
    vertex 16.408441627134927 -7.269864330517162 3
    vertex 15.526083791720449 -9.001589087916393 3
  endloop
endfacet
facet normal 0 0 1
  outer loop
    vertex 16.679636692829774 -7.433121772060941 3
    vertex 15.526083791720449 -9.001589087916393 3
    vertex 15.92341909497599 -9.160011042753263 3
  endloop
endfacet
facet normal 0 0 1
  outer loop
    vertex 18.029765377777103 -8.779028323154588 3
    vertex 17.08607889634377 -9.387106432101033 3
    vertex 17.700013298881867 -9.426203217406549 3
  endloop
endfacet
facet normal 0 0 1
  outer loop
    vertex -7.4981972546236095 16.770155512348882 3
    vertex -9.24434083760925 16.226982846084383 3
    vertex -9.12503018838795 15.817566296498152 3
  endloop
endfacet
facet normal 0 0 1
  outer loop
    vertex -7.4981972546236095 16.770155512348882 3
    vertex -9.12503018838795 15.817566296498152 3
    vertex -7.269864330517143 16.408441627134906 3
  endloop
endfacet
facet normal 0 0 1
  outer loop
    vertex 17.016810045551587 -7.694217678401264 3
    vertex 16.679636692829774 -7.433121772060941 3
    vertex 15.92341909497599 -9.160011042753263 3
  endloop
endfacet
facet normal 0 0 1
  outer loop
    vertex 17.016810045551587 -7.694217678401264 3
    vertex 15.92341909497599 -9.160011042753263 3
    vertex 16.476920349017536 -9.298936522112706 3
  endloop
endfacet
facet normal 0 0 1
  outer loop
    vertex -8.305325471884533 17.6372738263527 3
    vertex -8.779028323154563 18.029765377777085 3
    vertex -9.426203217406528 17.700013298881835 3
  endloop
endfacet
facet normal 0 0 1
  outer loop
    vertex -8.305325471884533 17.6372738263527 3
    vertex -9.426203217406528 17.700013298881835 3
    vertex -9.373333584949405 16.95874324908494 3
  endloop
endfacet
facet normal 0 0 1
  outer loop
    vertex 17.551285343396206 -8.210404245700154 3
    vertex 16.476920349017536 -9.298936522112706 3
    vertex 17.08607889634377 -9.387106432101033 3
  endloop
endfacet
facet normal 0 0 1
  outer loop
    vertex 17.551285343396206 -8.210404245700154 3
    vertex 17.016810045551587 -7.694217678401264 3
    vertex 16.476920349017536 -9.298936522112706 3
  endloop
endfacet
facet normal 0 0 1
  outer loop
    vertex 17.551285343396206 -8.210404245700154 3
    vertex 17.08607889634377 -9.387106432101033 3
    vertex 18.029765377777103 -8.779028323154588 3
  endloop
endfacet
facet normal 0 0 1
  outer loop
    vertex -7.864330827616041 17.207888460353466 3
    vertex -9.373333584949405 16.95874324908494 3
    vertex -9.24434083760925 16.226982846084383 3
  endloop
endfacet
facet normal 0 0 1
  outer loop
    vertex -7.864330827616041 17.207888460353466 3
    vertex -8.305325471884533 17.6372738263527 3
    vertex -9.373333584949405 16.95874324908494 3
  endloop
endfacet
facet normal 0 0 0.9999999999999999
  outer loop
    vertex -7.864330827616041 17.207888460353466 3
    vertex -9.24434083760925 16.226982846084383 3
    vertex -7.4981972546236095 16.770155512348882 3
  endloop
endfacet
facet normal 0 0 0.9999999999999999
  outer loop
    vertex 13.151489251828899 -0.663122658240794 3
    vertex 2.9877876430563064 -1.7250000000000123 3
    vertex 2.6428533287604656 -2.2176172534185707 3
  endloop
endfacet
facet normal 0 0 1
  outer loop
    vertex 13.151489251828899 -0.663122658240794 3
    vertex 3.2419395417113788 -1.179969494473571 3
    vertex 2.9877876430563064 -1.7250000000000123 3
  endloop
endfacet
facet normal 0 0 1
  outer loop
    vertex -0.7485107481711022 13.236877341759204 3
    vertex -9.724462495871379 15.034007675424599 3
    vertex -11.293166793357845 13.894277289435905 3
  endloop
endfacet
facet normal 0 0 1
  outer loop
    vertex -0.7485107481711022 13.236877341759204 3
    vertex -2.2176172534185596 2.6428533287604754 3
    vertex -1.7249999999999994 2.9877876430563135 3
  endloop
endfacet
facet normal 0 0 1
  outer loop
    vertex -0.7485107481711022 13.236877341759204 3
    vertex -11.293166793357845 13.894277289435905 3
    vertex -2.2176172534185596 2.6428533287604754 3
  endloop
endfacet
facet normal 0 0 1
  outer loop
    vertex -0.5680647467311574 13.077016134106342 3
    vertex -1.7249999999999994 2.9877876430563135 3
    vertex -1.179969494473557 3.241939541711384 3
  endloop
endfacet
facet normal 0 0 1
  outer loop
    vertex -0.5680647467311574 13.077016134106342 3
    vertex -0.7485107481711022 13.236877341759204 3
    vertex -1.7249999999999994 2.9877876430563135 3
  endloop
endfacet
facet normal 0 0 1
  outer loop
    vertex 13.331935253268844 -0.8229838658936554 3
    vertex 13.89427728943592 -11.29316679335786 3
    vertex 15.034007675424611 -9.724462495871386 3
  endloop
endfacet
facet normal 0 0 1
  outer loop
    vertex 13.331935253268844 -0.8229838658936554 3
    vertex 13.151489251828899 -0.663122658240794 3
    vertex 2.6428533287604656 -2.2176172534185707 3
  endloop
endfacet
facet normal 0 0 1
  outer loop
    vertex 13.331935253268844 -0.8229838658936554 3
    vertex 2.6428533287604656 -2.2176172534185707 3
    vertex 13.89427728943592 -11.29316679335786 3
  endloop
endfacet
facet normal 0 0 1
  outer loop
    vertex 13.331935253268844 -0.8229838658936554 3
    vertex 15.034007675424611 -9.724462495871386 3
    vertex 15.489856185700708 -8.980585335302202 3
  endloop
endfacet
facet normal 0 0 1
  outer loop
    vertex 13.01454397434679 -0.4647231720437673 3
    vertex 3.2419395417113788 -1.179969494473571 3
    vertex 13.151489251828899 -0.663122658240794 3
  endloop
endfacet
facet normal 0 0 1
  outer loop
    vertex 13.01454397434679 -0.4647231720437673 3
    vertex 3.3975867478921153 -0.599086212950925 3
    vertex 3.2419395417113788 -1.179969494473571 3
  endloop
endfacet
facet normal 0 0 1
  outer loop
    vertex -0.8854560256532106 13.435276827956232 3
    vertex -9.724462495871379 15.034007675424599 3
    vertex -0.7485107481711022 13.236877341759204 3
  endloop
endfacet
facet normal 0 0 1
  outer loop
    vertex -0.8854560256532106 13.435276827956232 3
    vertex -7.252901277611082 16.370155181780113 3
    vertex -8.980585335302186 15.48985618570069 3
  endloop
endfacet
facet normal 0 0 1
  outer loop
    vertex -0.8854560256532106 13.435276827956232 3
    vertex -8.980585335302186 15.48985618570069 3
    vertex -9.724462495871379 15.034007675424599 3
  endloop
endfacet
facet normal 0 0 1
  outer loop
    vertex 13.545395112957463 -0.9350162426854141 3
    vertex 16.370155181780127 -7.252901277611087 3
    vertex 16.704023414788207 -6.446872061437459 3
  endloop
endfacet
facet normal 0 0 1
  outer loop
    vertex 13.545395112957463 -0.9350162426854141 3
    vertex 15.489856185700708 -8.980585335302202 3
    vertex 16.370155181780127 -7.252901277611087 3
  endloop
endfacet
facet normal 0 0 1
  outer loop
    vertex 13.545395112957463 -0.9350162426854141 3
    vertex 13.331935253268844 -0.8229838658936554 3
    vertex 15.489856185700708 -8.980585335302202 3
  endloop
endfacet
facet normal 0 0 1
  outer loop
    vertex -0.35460488704253756 12.964983757314585 3
    vertex -1.179969494473557 3.241939541711384 3
    vertex -0.5990862129509096 3.397586747892118 3
  endloop
endfacet
facet normal 0 0 1
  outer loop
    vertex -0.35460488704253756 12.964983757314585 3
    vertex -0.5680647467311574 13.077016134106342 3
    vertex -1.179969494473557 3.241939541711384 3
  endloop
endfacet
facet normal 0 0 1
  outer loop
    vertex 12.929058182573948 -0.23931566428755657 3
    vertex 3.3975867478921153 -0.599086212950925 3
    vertex 13.01454397434679 -0.4647231720437673 3
  endloop
endfacet
facet normal 0 0 1
  outer loop
    vertex 12.929058182573948 -0.23931566428755657 3
    vertex 3.45 0 3
    vertex 3.3975867478921153 -0.599086212950925 3
  endloop
endfacet
facet normal 0 0 0.9999999999999999
  outer loop
    vertex -0.9709418174260523 13.660684335712443 3
    vertex -7.252901277611082 16.370155181780113 3
    vertex -0.8854560256532106 13.435276827956232 3
  endloop
endfacet
facet normal 0 0 1
  outer loop
    vertex -0.9709418174260523 13.660684335712443 3
    vertex -6.446872061437446 16.704023414788182 3
    vertex -7.252901277611082 16.370155181780113 3
  endloop
endfacet
facet normal 0 0 1
  outer loop
    vertex 17.303215138130007 -4.602749558896711 3
    vertex 16.704023414788207 -6.446872061437459 3
    vertex 16.743090709665616 -6.461949976835855 3
  endloop
endfacet
facet normal 0 0 1
  outer loop
    vertex -4.613514448875553 17.343683819916563 3
    vertex -6.5382734028182234 17.05029502363751 3
    vertex -6.461949976835843 16.743090709665594 3
  endloop
endfacet
facet normal 0 0 1
  outer loop
    vertex -4.613514448875553 17.343683819916563 3
    vertex -6.461949976835843 16.743090709665594 3
    vertex -6.446872061437446 16.704023414788182 3
  endloop
endfacet
facet normal 0 0 1
  outer loop
    vertex -4.613514448875553 17.343683819916563 3
    vertex -6.446872061437446 16.704023414788182 3
    vertex -4.602749558896709 17.30321513812999 3
  endloop
endfacet
facet normal 0 0 1
  outer loop
    vertex 17.34368381991659 -4.613514448875571 3
    vertex 17.303215138130007 -4.602749558896711 3
    vertex 16.743090709665616 -6.461949976835855 3
  endloop
endfacet
facet normal 0 0 1
  outer loop
    vertex 13.779463319744675 -0.9927088740980538 3
    vertex 13.545395112957463 -0.9350162426854141 3
    vertex 16.704023414788207 -6.446872061437459 3
  endloop
endfacet
facet normal 0 0 1
  outer loop
    vertex 13.779463319744675 -0.9927088740980538 3
    vertex 16.704023414788207 -6.446872061437459 3
    vertex 17.303215138130007 -4.602749558896711 3
  endloop
endfacet
facet normal 0 0 1
  outer loop
    vertex -0.12053668025532534 12.907291125901946 3
    vertex -0.35460488704253756 12.964983757314585 3
    vertex -0.5990862129509096 3.397586747892118 3
  endloop
endfacet
facet normal 0 0 1
  outer loop
    vertex -0.12053668025532534 12.907291125901946 3
    vertex -0.5990862129509096 3.397586747892118 3
    vertex 2.1125157285291844e-16 3.45 3
  endloop
endfacet
facet normal 0 0 1
  outer loop
    vertex 12.9 1.0106430996148606e-15 3
    vertex 3.45 0 3
    vertex 12.929058182573948 -0.23931566428755657 3
  endloop
endfacet
facet normal 0 0 1
  outer loop
    vertex -1 13.9 3
    vertex -6.446872061437446 16.704023414788182 3
    vertex -0.9709418174260523 13.660684335712443 3
  endloop
endfacet
facet normal 0 0 1
  outer loop
    vertex -1 13.9 3
    vertex -4.602749558896709 17.30321513812999 3
    vertex -6.446872061437446 16.704023414788182 3
  endloop
endfacet
facet normal 0 0 1
  outer loop
    vertex 17.637079114862164 -4.7323376653802836 3
    vertex 17.34368381991659 -4.613514448875571 3
    vertex 16.743090709665616 -6.461949976835855 3
  endloop
endfacet
facet normal 0 0 1
  outer loop
    vertex 17.637079114862164 -4.7323376653802836 3
    vertex 16.743090709665616 -6.461949976835855 3
    vertex 17.16031680975377 -6.556264558916184 3
  endloop
endfacet
facet normal 0 0 1
  outer loop
    vertex -4.782451697658292 17.73666354580717 3
    vertex -6.5382734028182234 17.05029502363751 3
    vertex -4.613514448875553 17.343683819916563 3
  endloop
endfacet
facet normal 0 0 1
  outer loop
    vertex -4.782451697658292 17.73666354580717 3
    vertex -6.592068281049931 17.473335273695813 3
    vertex -6.5382734028182234 17.05029502363751 3
  endloop
endfacet
facet normal 0 0 0.9999999999999999
  outer loop
    vertex 14.02053668025532 -0.9927088740980543 3
    vertex 13.779463319744675 -0.9927088740980538 3
    vertex 17.303215138130007 -4.602749558896711 3
  endloop
endfacet
facet normal 0 0 1
  outer loop
    vertex 0.12053668025532056 12.907291125901944 3
    vertex 2.1125157285291844e-16 3.45 3
    vertex 0.5990862129509099 3.397586747892118 3
  endloop
endfacet
facet normal 0 0 1
  outer loop
    vertex 0.12053668025532056 12.907291125901944 3
    vertex -0.12053668025532534 12.907291125901946 3
    vertex 2.1125157285291844e-16 3.45 3
  endloop
endfacet
facet normal 0 0 1
  outer loop
    vertex 18.010945702537313 -4.93747351479083 3
    vertex 17.637079114862164 -4.7323376653802836 3
    vertex 17.16031680975377 -6.556264558916184 3
  endloop
endfacet
facet normal 0 0 1
  outer loop
    vertex 18.010945702537313 -4.93747351479083 3
    vertex 17.16031680975377 -6.556264558916184 3
    vertex 17.728736277919836 -6.606892962515991 3
  endloop
endfacet
facet normal 0 0 1
  outer loop
    vertex -5.075601039251512 18.22628318446964 3
    vertex -6.605000366438123 18.216265403272885 3
    vertex -6.592068281049931 17.473335273695813 3
  endloop
endfacet
facet normal 0 0 1
  outer loop
    vertex -5.075601039251512 18.22628318446964 3
    vertex -6.592068281049931 17.473335273695813 3
    vertex -4.782451697658292 17.73666354580717 3
  endloop
endfacet
facet normal 0 0 1
  outer loop
    vertex 12.929058182573948 0.23931566428755854 3
    vertex 3.45 0 3
    vertex 12.9 1.0106430996148606e-15 3
  endloop
endfacet
facet normal 0 0 1
  outer loop
    vertex 12.929058182573948 0.23931566428755854 3
    vertex 3.397586747892118 0.5990862129509097 3
    vertex 3.45 0 3
  endloop
endfacet
facet normal 0 0 1
  outer loop
    vertex -0.9709418174260518 14.139315664287556 3
    vertex -4.602749558896709 17.30321513812999 3
    vertex -1 13.9 3
  endloop
endfacet
facet normal 0 0 1
  outer loop
    vertex 18.619590092070904 -5.363694611588228 3
    vertex 17.728736277919836 -6.606892962515991 3
    vertex 18.34418788538916 -6.598683963127078 3
  endloop
endfacet
facet normal 0 0 1
  outer loop
    vertex 18.619590092070904 -5.363694611588228 3
    vertex 18.010945702537313 -4.93747351479083 3
    vertex 17.728736277919836 -6.606892962515991 3
  endloop
endfacet
facet normal 0 0 0.9999999999999999
  outer loop
    vertex -5.443995637634384 18.719368865351335 3
    vertex -6.541258902297249 18.956679821359963 3
    vertex -6.605000366438123 18.216265403272885 3
  endloop
endfacet
facet normal 0 0 1
  outer loop
    vertex -5.443995637634384 18.719368865351335 3
    vertex -6.605000366438123 18.216265403272885 3
    vertex -5.075601039251512 18.22628318446964 3
  endloop
endfacet
facet normal 0 0 1
  outer loop
    vertex 14.254604887042534 -0.9350162426854158 3
    vertex 14.02053668025532 -0.9927088740980543 3
    vertex 17.303215138130007 -4.602749558896711 3
  endloop
endfacet
facet normal 0 0 1
  outer loop
    vertex 0.35460488704253307 12.964983757314583 3
    vertex 0.12053668025532056 12.907291125901944 3
    vertex 0.5990862129509099 3.397586747892118 3
  endloop
endfacet
facet normal 0 0 1
  outer loop
    vertex 0.35460488704253307 12.964983757314583 3
    vertex 0.5990862129509099 3.397586747892118 3
    vertex 1.1799694944735575 3.2419395417113837 3
  endloop
endfacet
facet normal 0 0 1
  outer loop
    vertex 19.181131646602058 -5.850467214860833 3
    vertex 18.34418788538916 -6.598683963127078 3
    vertex 18.956679821359998 -6.541258902297265 3
  endloop
endfacet
facet normal 0 0 1
  outer loop
    vertex 19.181131646602058 -5.850467214860833 3
    vertex 18.619590092070904 -5.363694611588228 3
    vertex 18.34418788538916 -6.598683963127078 3
  endloop
endfacet
facet normal 0 0 1
  outer loop
    vertex -5.85046721486081 19.181131646602033 3
    vertex -6.541258902297249 18.956679821359963 3
    vertex -5.443995637634384 18.719368865351335 3
  endloop
endfacet
facet normal 0 0 1
  outer loop
    vertex 13.014543974346791 0.46472317204376906 3
    vertex 3.241939541711384 1.179969494473557 3
    vertex 3.397586747892118 0.5990862129509097 3
  endloop
endfacet
facet normal 0 0 1
  outer loop
    vertex 13.014543974346791 0.46472317204376906 3
    vertex 3.397586747892118 0.5990862129509097 3
    vertex 12.929058182573948 0.23931566428755854 3
  endloop
endfacet
facet normal 0 0 1
  outer loop
    vertex 0.5680647467311534 13.07701613410634 3
    vertex 1.1799694944735575 3.2419395417113837 3
    vertex 1.7250000000000005 2.9877876430563135 3
  endloop
endfacet
facet normal 0 0 1
  outer loop
    vertex 0.5680647467311534 13.07701613410634 3
    vertex 0.35460488704253307 12.964983757314583 3
    vertex 1.1799694944735575 3.2419395417113837 3
  endloop
endfacet
facet normal 0 0 1
  outer loop
    vertex -3.754415401478426 17.50688214992824 3
    vertex -0.9709418174260518 14.139315664287556 3
    vertex -0.8854560256532096 14.364723172043767 3
  endloop
endfacet
facet normal 0 0 0.9999999999999999
  outer loop
    vertex -3.754415401478426 17.50688214992824 3
    vertex -4.602749558896709 17.30321513812999 3
    vertex -0.9709418174260518 14.139315664287556 3
  endloop
endfacet
facet normal 0 0 1
  outer loop
    vertex 17.50688214992827 -3.754415401478435 3
    vertex 14.468064746731153 -0.822983865893658 3
    vertex 14.254604887042534 -0.9350162426854158 3
  endloop
endfacet
facet normal 0 0 1
  outer loop
    vertex 17.50688214992827 -3.754415401478435 3
    vertex 14.254604887042534 -0.9350162426854158 3
    vertex 17.303215138130007 -4.602749558896711 3
  endloop
endfacet
facet normal 0 0 1
  outer loop
    vertex 13.151489251828899 0.6631226582407955 3
    vertex 2.9877876430563135 1.7249999999999999 3
    vertex 3.241939541711384 1.179969494473557 3
  endloop
endfacet
facet normal 0 0 1
  outer loop
    vertex 13.151489251828899 0.6631226582407955 3
    vertex 2.642853328760474 2.2176172534185605 3
    vertex 2.9877876430563135 1.7249999999999999 3
  endloop
endfacet
facet normal 0 0 1
  outer loop
    vertex 13.151489251828899 0.6631226582407955 3
    vertex 3.241939541711384 1.179969494473557 3
    vertex 13.014543974346791 0.46472317204376906 3
  endloop
endfacet
facet normal 0 0 1
  outer loop
    vertex -0.7485107481711009 14.563122658240793 3
    vertex -3.754415401478426 17.50688214992824 3
    vertex -0.8854560256532096 14.364723172043767 3
  endloop
endfacet
facet normal 0 0 1
  outer loop
    vertex 0.748510748171099 13.2368773417592 3
    vertex 1.7250000000000005 2.9877876430563135 3
    vertex 2.217617253418561 2.642853328760474 3
  endloop
endfacet
facet normal 0 0 1
  outer loop
    vertex 0.748510748171099 13.2368773417592 3
    vertex 0.5680647467311534 13.07701613410634 3
    vertex 1.7250000000000005 2.9877876430563135 3
  endloop
endfacet
facet normal 0 0 1
  outer loop
    vertex 13.331935253268846 0.8229838658936565 3
    vertex 2.642853328760474 2.2176172534185605 3
    vertex 13.151489251828899 0.6631226582407955 3
  endloop
endfacet
facet normal 0 0 1
  outer loop
    vertex -1.839262870392303 17.810212511700442 3
    vertex -3.754415401478426 17.50688214992824 3
    vertex -0.7485107481711009 14.563122658240793 3
  endloop
endfacet
facet normal 0 0 1
  outer loop
    vertex -1.839262870392303 17.810212511700442 3
    vertex -0.7485107481711009 14.563122658240793 3
    vertex -0.5680647467311557 14.722983865893655 3
  endloop
endfacet
facet normal 0 0 0.9999999999999999
  outer loop
    vertex 17.81021251170046 -1.839262870392303 3
    vertex 14.468064746731153 -0.822983865893658 3
    vertex 17.50688214992827 -3.754415401478435 3
  endloop
endfacet
facet normal 0 0 0.9999999999999999
  outer loop
    vertex 17.81021251170046 -1.839262870392303 3
    vertex 14.6485107481711 -0.6631226582407975 3
    vertex 14.468064746731153 -0.822983865893658 3
  endloop
endfacet
facet normal 0 0 1
  outer loop
    vertex 17.81021251170046 -1.839262870392303 3
    vertex 14.78545602565321 -0.46472317204377156 3
    vertex 14.6485107481711 -0.6631226582407975 3
  endloop
endfacet
facet normal 0 0 1
  outer loop
    vertex 17.85186695666538 -1.843564530126045 3
    vertex 17.81021251170046 -1.839262870392303 3
    vertex 17.50688214992827 -3.754415401478435 3
  endloop
endfacet
facet normal 0 0 1
  outer loop
    vertex 17.85186695666538 -1.843564530126045 3
    vertex 17.50688214992827 -3.754415401478435 3
    vertex 17.54782716720655 -3.763196211343194 3
  endloop
endfacet
facet normal 0 0 1
  outer loop
    vertex -1.843564530126031 17.85186695666535 3
    vertex -3.754415401478426 17.50688214992824 3
    vertex -1.839262870392303 17.810212511700442 3
  endloop
endfacet
facet normal 0 0 1
  outer loop
    vertex -1.843564530126031 17.85186695666535 3
    vertex -3.7905226267860144 17.863188900610787 3
    vertex -3.763196211343185 17.547827167206524 3
  endloop
endfacet
facet normal 0 0 1
  outer loop
    vertex -1.843564530126031 17.85186695666535 3
    vertex -3.763196211343185 17.547827167206524 3
    vertex -3.754415401478426 17.50688214992824 3
  endloop
endfacet
facet normal 0 0 1
  outer loop
    vertex 18.160238114977048 -1.9150276996496822 3
    vertex 17.85186695666538 -1.843564530126045 3
    vertex 17.54782716720655 -3.763196211343194 3
  endloop
endfacet
facet normal 0 0 1
  outer loop
    vertex 18.160238114977048 -1.9150276996496822 3
    vertex 17.54782716720655 -3.763196211343194 3
    vertex 17.97467057284848 -3.791081082643929 3
  endloop
endfacet
facet normal 0 0 1
  outer loop
    vertex -1.9489463078496 18.266436058156447 3
    vertex -3.777477125590849 18.289436196193822 3
    vertex -3.7905226267860144 17.863188900610787 3
  endloop
endfacet
facet normal 0 0 1
  outer loop
    vertex -1.9489463078496 18.266436058156447 3
    vertex -3.7905226267860144 17.863188900610787 3
    vertex -1.843564530126031 17.85186695666535 3
  endloop
endfacet
facet normal 0 0 1
  outer loop
    vertex 18.561592101424814 -2.059152366711127 3
    vertex 17.97467057284848 -3.791081082643929 3
    vertex 18.544011881355917 -3.7521657711614878 3
  endloop
endfacet
facet normal 0 0 0.9999999999999999
  outer loop
    vertex 18.561592101424814 -2.059152366711127 3
    vertex 18.160238114977048 -1.9150276996496822 3
    vertex 17.97467057284848 -3.791081082643929 3
  endloop
endfacet
facet normal 0 0 1
  outer loop
    vertex -2.1618931083469968 18.79588632701879 3
    vertex -3.674030118165687 19.02524264691349 3
    vertex -3.777477125590849 18.289436196193822 3
  endloop
endfacet
facet normal 0 0 1
  outer loop
    vertex -2.1618931083469968 18.79588632701879 3
    vertex -3.777477125590849 18.289436196193822 3
    vertex -1.9489463078496 18.266436058156447 3
  endloop
endfacet
facet normal 0 0 1
  outer loop
    vertex 19.229418737802156 -2.384913015057164 3
    vertex 18.544011881355917 -3.7521657711614878 3
    vertex 19.150602087826393 -3.647779995204482 3
  endloop
endfacet
facet normal 0 0 1
  outer loop
    vertex 19.229418737802156 -2.384913015057164 3
    vertex 18.561592101424814 -2.059152366711127 3
    vertex 18.544011881355917 -3.7521657711614878 3
  endloop
endfacet
facet normal 0 0 1
  outer loop
    vertex -2.448616563200269 19.34053091686181 3
    vertex -3.674030118165687 19.02524264691349 3
    vertex -2.1618931083469968 18.79588632701879 3
  endloop
endfacet
facet normal 0 0 1
  outer loop
    vertex -2.448616563200269 19.34053091686181 3
    vertex -3.495247083819757 19.74656997302287 3
    vertex -3.674030118165687 19.02524264691349 3
  endloop
endfacet
facet normal 0 0 1
  outer loop
    vertex 17.878663344526338 -0.96951257414466 3
    vertex 14.78545602565321 -0.46472317204377156 3
    vertex 17.81021251170046 -1.839262870392303 3
  endloop
endfacet
facet normal 0 0 1
  outer loop
    vertex 17.878663344526338 -0.96951257414466 3
    vertex 14.87094181742605 -0.23931566428756124 3
    vertex 14.78545602565321 -0.46472317204377156 3
  endloop
endfacet
facet normal 0 0 1
  outer loop
    vertex 17.878663344526338 -0.96951257414466 3
    vertex 14.9 0 3
    vertex 14.87094181742605 -0.23931566428756124 3
  endloop
endfacet
facet normal 0 0 1
  outer loop
    vertex -0.969512574144662 17.878663344526345 3
    vertex -1.839262870392303 17.810212511700442 3
    vertex -0.5680647467311557 14.722983865893655 3
  endloop
endfacet
facet normal 0 0 1
  outer loop
    vertex -0.969512574144662 17.878663344526345 3
    vertex -0.12053668025532288 14.892708874098053 3
    vertex 0.12053668025532323 14.892708874098053 3
  endloop
endfacet
facet normal 0 0 0.9999999999999999
  outer loop
    vertex -0.969512574144662 17.878663344526345 3
    vertex -0.35460488704253545 14.835016242685413 3
    vertex -0.12053668025532288 14.892708874098053 3
  endloop
endfacet
facet normal 0 0 1
  outer loop
    vertex -0.969512574144662 17.878663344526345 3
    vertex -0.5680647467311557 14.722983865893655 3
    vertex -0.35460488704253545 14.835016242685413 3
  endloop
endfacet
facet normal 0 0 1
  outer loop
    vertex 19.860194795761434 -2.777848187149719 3
    vertex 19.150602087826393 -3.647779995204482 3
    vertex 19.74656997302291 -3.495247083819768 3
  endloop
endfacet
facet normal 0 0 1
  outer loop
    vertex 19.860194795761434 -2.777848187149719 3
    vertex 19.229418737802156 -2.384913015057164 3
    vertex 19.150602087826393 -3.647779995204482 3
  endloop
endfacet
facet normal 0 0 1
  outer loop
    vertex -2.777848187149699 19.8601947957614 3
    vertex -3.495247083819757 19.74656997302287 3
    vertex -2.448616563200269 19.34053091686181 3
  endloop
endfacet
facet normal 0 0 1
  outer loop
    vertex 17.878663344526338 0.96951257414466 3
    vertex 14.9 0 3
    vertex 17.878663344526338 -0.96951257414466 3
  endloop
endfacet
facet normal 0 0 1
  outer loop
    vertex 17.878663344526338 0.96951257414466 3
    vertex 14.870941817426052 0.23931566428755774 3
    vertex 14.9 0 3
  endloop
endfacet
facet normal 0 0 1
  outer loop
    vertex 17.878663344526338 0.96951257414466 3
    vertex 14.785456025653211 0.4647231720437685 3
    vertex 14.870941817426052 0.23931566428755774 3
  endloop
endfacet
facet normal 0 0 1
  outer loop
    vertex 0.969512574144662 17.87866334452635 3
    vertex -0.969512574144662 17.878663344526345 3
    vertex 0.12053668025532323 14.892708874098053 3
  endloop
endfacet
facet normal 0 0 1
  outer loop
    vertex 0.969512574144662 17.87866334452635 3
    vertex 0.3546048870425358 14.835016242685413 3
    vertex 0.5680647467311559 14.722983865893655 3
  endloop
endfacet
facet normal 0 0 1
  outer loop
    vertex 0.969512574144662 17.87866334452635 3
    vertex 0.12053668025532323 14.892708874098053 3
    vertex 0.3546048870425358 14.835016242685413 3
  endloop
endfacet
facet normal 0 0 1
  outer loop
    vertex 17.92047788199137 0.971780065795081 3
    vertex 17.878663344526338 -0.96951257414466 3
    vertex 17.92047788199137 -0.971780065795081 3
  endloop
endfacet
facet normal 0 0 1
  outer loop
    vertex 17.92047788199137 0.971780065795081 3
    vertex 17.878663344526338 0.96951257414466 3
    vertex 17.878663344526338 -0.96951257414466 3
  endloop
endfacet
facet normal 0 0 1
  outer loop
    vertex 0.971780065795084 17.92047788199138 3
    vertex -0.9494366036589768 18.236231782325813 3
    vertex -0.971780065795078 17.92047788199138 3
  endloop
endfacet
facet normal 0 0 0.9999999999999999
  outer loop
    vertex 0.971780065795084 17.92047788199138 3
    vertex -0.971780065795078 17.92047788199138 3
    vertex -0.969512574144662 17.878663344526345 3
  endloop
endfacet
facet normal 0 0 0.9999999999999999
  outer loop
    vertex 0.971780065795084 17.92047788199138 3
    vertex -0.969512574144662 17.878663344526345 3
    vertex 0.969512574144662 17.87866334452635 3
  endloop
endfacet
facet normal 0 0 1
  outer loop
    vertex 18.236231782325586 0.9494366036590092 3
    vertex 17.92047788199137 -0.971780065795081 3
    vertex 18.346428291928326 -0.9325486082402907 3
  endloop
endfacet
facet normal 0 0 1
  outer loop
    vertex 18.236231782325586 0.9494366036590092 3
    vertex 17.92047788199137 0.971780065795081 3
    vertex 17.92047788199137 -0.971780065795081 3
  endloop
endfacet
facet normal 0 0 1
  outer loop
    vertex 0.9325486082402705 18.346428291928465 3
    vertex -0.9494366036589768 18.236231782325813 3
    vertex 0.971780065795084 17.92047788199138 3
  endloop
endfacet
facet normal 0 0 1
  outer loop
    vertex 0.9325486082402705 18.346428291928465 3
    vertex -0.8698719465719008 18.655190500382833 3
    vertex -0.9494366036589768 18.236231782325813 3
  endloop
endfacet
facet normal 0 0 1
  outer loop
    vertex 18.655190500382826 0.8698719465719003 3
    vertex 18.346428291928326 -0.9325486082402907 3
    vertex 18.902672368226476 -0.8050478057968445 3
  endloop
endfacet
facet normal 0 0 1
  outer loop
    vertex 18.655190500382826 0.8698719465719003 3
    vertex 18.236231782325586 0.9494366036590092 3
    vertex 18.346428291928326 -0.9325486082402907 3
  endloop
endfacet
facet normal 0 0 1
  outer loop
    vertex 17.81021251170043 1.839262870392302 3
    vertex 14.785456025653211 0.4647231720437685 3
    vertex 17.878663344526338 0.96951257414466 3
  endloop
endfacet
facet normal 0 0 1
  outer loop
    vertex 17.81021251170043 1.839262870392302 3
    vertex 14.648510748171102 0.6631226582407952 3
    vertex 14.785456025653211 0.4647231720437685 3
  endloop
endfacet
facet normal 0 0 1
  outer loop
    vertex 17.81021251170043 1.839262870392302 3
    vertex 14.468064746731157 0.8229838658936564 3
    vertex 14.648510748171102 0.6631226582407952 3
  endloop
endfacet
facet normal 0 0 1
  outer loop
    vertex 1.839262870392302 17.81021251170044 3
    vertex 0.969512574144662 17.87866334452635 3
    vertex 0.5680647467311559 14.722983865893655 3
  endloop
endfacet
facet normal 0 0 1
  outer loop
    vertex 1.839262870392302 17.81021251170044 3
    vertex 0.5680647467311559 14.722983865893655 3
    vertex 0.7485107481711012 14.563122658240793 3
  endloop
endfacet
facet normal 0 0 1
  outer loop
    vertex 0.8050478057967657 18.902672368226785 3
    vertex -0.8698719465719008 18.655190500382833 3
    vertex 0.9325486082402705 18.346428291928465 3
  endloop
endfacet
facet normal 0 0 1
  outer loop
    vertex 0.8050478057967657 18.902672368226785 3
    vertex -0.6525930549771276 19.365755275426775 3
    vertex -0.8698719465719008 18.655190500382833 3
  endloop
endfacet
facet normal 0 0 1
  outer loop
    vertex 19.365755275426768 0.6525930549771268 3
    vertex 18.902672368226476 -0.8050478057968445 3
    vertex 19.48546490965709 -0.6070555775122738 3
  endloop
endfacet
facet normal 0 0 1
  outer loop
    vertex 19.365755275426768 0.6525930549771268 3
    vertex 18.655190500382826 0.8698719465719003 3
    vertex 18.902672368226476 -0.8050478057968445 3
  endloop
endfacet
facet normal 0 0 1
  outer loop
    vertex 0.6070555775122164 19.485464909657242 3
    vertex -0.363170682078611 20.050234036841502 3
    vertex -0.6525930549771276 19.365755275426775 3
  endloop
endfacet
facet normal 0 0 1
  outer loop
    vertex 0.6070555775122164 19.485464909657242 3
    vertex -0.6525930549771276 19.365755275426775 3
    vertex 0.8050478057967657 18.902672368226785 3
  endloop
endfacet
facet normal 0 0 0.9999999999999999
  outer loop
    vertex 20.050234036841495 0.363170682078612 3
    vertex 19.48546490965709 -0.6070555775122738 3
    vertex 20.050234036841495 -0.363170682078612 3
  endloop
endfacet
facet normal 0 0 1
  outer loop
    vertex 20.050234036841495 0.363170682078612 3
    vertex 19.365755275426768 0.6525930549771268 3
    vertex 19.48546490965709 -0.6070555775122738 3
  endloop
endfacet
facet normal 0 0 1
  outer loop
    vertex 0.363170682078613 20.050234036841506 3
    vertex -0.363170682078611 20.050234036841502 3
    vertex 0.6070555775122164 19.485464909657242 3
  endloop
endfacet
facet normal 0 0 1
  outer loop
    vertex 17.506882149928234 3.754415401478422 3
    vertex 17.81021251170043 1.839262870392302 3
    vertex 17.85186695666534 1.843564530126032 3
  endloop
endfacet
facet normal 0 0 1
  outer loop
    vertex 17.506882149928234 3.754415401478422 3
    vertex 14.468064746731157 0.8229838658936564 3
    vertex 17.81021251170043 1.839262870392302 3
  endloop
endfacet
facet normal 0 0 1
  outer loop
    vertex 17.506882149928234 3.754415401478422 3
    vertex 14.254604887042536 0.9350162426854147 3
    vertex 14.468064746731157 0.8229838658936564 3
  endloop
endfacet
facet normal 0 0 1
  outer loop
    vertex 3.754415401478425 17.506882149928245 3
    vertex 1.839262870392302 17.81021251170044 3
    vertex 0.7485107481711012 14.563122658240793 3
  endloop
endfacet
facet normal 0 0 1
  outer loop
    vertex 3.754415401478425 17.506882149928245 3
    vertex 0.8854560256532099 14.364723172043767 3
    vertex 0.970941817426052 14.139315664287556 3
  endloop
endfacet
facet normal 0 0 1
  outer loop
    vertex 3.754415401478425 17.506882149928245 3
    vertex 0.7485107481711012 14.563122658240793 3
    vertex 0.8854560256532099 14.364723172043767 3
  endloop
endfacet
facet normal 0 0 1
  outer loop
    vertex 17.547827167206513 3.763196211343187 3
    vertex 17.506882149928234 3.754415401478422 3
    vertex 17.85186695666534 1.843564530126032 3
  endloop
endfacet
facet normal 0 0 1
  outer loop
    vertex 3.763196211343191 17.54782716720652 3
    vertex 1.839262870392302 17.81021251170044 3
    vertex 3.754415401478425 17.506882149928245 3
  endloop
endfacet
facet normal 0 0 1
  outer loop
    vertex 3.763196211343191 17.54782716720652 3
    vertex 1.9150276996495657 18.160238114976664 3
    vertex 1.843564530126037 17.851866956665347 3
  endloop
endfacet
facet normal 0 0 1
  outer loop
    vertex 3.763196211343191 17.54782716720652 3
    vertex 1.843564530126037 17.851866956665347 3
    vertex 1.839262870392302 17.81021251170044 3
  endloop
endfacet
facet normal 0 0 1
  outer loop
    vertex 17.863188900610783 3.7905226267860153 3
    vertex 17.85186695666534 1.843564530126032 3
    vertex 18.266436058156465 1.9489463078496108 3
  endloop
endfacet
facet normal 0 0 1
  outer loop
    vertex 17.863188900610783 3.7905226267860153 3
    vertex 17.547827167206513 3.763196211343187 3
    vertex 17.85186695666534 1.843564530126032 3
  endloop
endfacet
facet normal 0 0 1
  outer loop
    vertex 3.79108108264392 17.974670572848773 3
    vertex 2.059152366711123 18.561592101424775 3
    vertex 1.9150276996495657 18.160238114976664 3
  endloop
endfacet
facet normal 0 0 1
  outer loop
    vertex 3.79108108264392 17.974670572848773 3
    vertex 1.9150276996495657 18.160238114976664 3
    vertex 3.763196211343191 17.54782716720652 3
  endloop
endfacet
facet normal 0 0 1
  outer loop
    vertex 17.30321513812998 4.602749558896706 3
    vertex 14.254604887042536 0.9350162426854147 3
    vertex 17.506882149928234 3.754415401478422 3
  endloop
endfacet
facet normal 0 0 1
  outer loop
    vertex 17.30321513812998 4.602749558896706 3
    vertex 14.020536680255324 0.992708874098054 3
    vertex 14.254604887042536 0.9350162426854147 3
  endloop
endfacet
facet normal 0 0 1
  outer loop
    vertex 17.30321513812998 4.602749558896706 3
    vertex 13.779463319744677 0.992708874098054 3
    vertex 14.020536680255324 0.992708874098054 3
  endloop
endfacet
facet normal 0 0 1
  outer loop
    vertex 4.602749558896706 17.303215138129985 3
    vertex 3.754415401478425 17.506882149928245 3
    vertex 0.970941817426052 14.139315664287556 3
  endloop
endfacet
facet normal 0 0 1
  outer loop
    vertex 4.602749558896706 17.303215138129985 3
    vertex 0.970941817426052 14.139315664287556 3
    vertex 1 13.899999999999999 3
  endloop
endfacet
facet normal 0 0 0.9999999999999999
  outer loop
    vertex 18.28943619619381 3.7774771255908473 3
    vertex 18.266436058156465 1.9489463078496108 3
    vertex 18.795886327018845 2.1618931083470354 3
  endloop
endfacet
facet normal 0 0 1
  outer loop
    vertex 18.28943619619381 3.7774771255908473 3
    vertex 17.863188900610783 3.7905226267860153 3
    vertex 18.266436058156465 1.9489463078496108 3
  endloop
endfacet
facet normal 0 0 1
  outer loop
    vertex 3.752165771161379 18.54401188135663 3
    vertex 2.384913015057145 19.22941873780212 3
    vertex 2.059152366711123 18.561592101424775 3
  endloop
endfacet
facet normal 0 0 1
  outer loop
    vertex 3.752165771161379 18.54401188135663 3
    vertex 2.059152366711123 18.561592101424775 3
    vertex 3.79108108264392 17.974670572848773 3
  endloop
endfacet
facet normal 0 0 0.9999999999999999
  outer loop
    vertex 19.02524264691348 3.674030118165685 3
    vertex 18.795886327018845 2.1618931083470354 3
    vertex 19.340530916861834 2.4486165632002845 3
  endloop
endfacet
facet normal 0 0 1
  outer loop
    vertex 19.02524264691348 3.674030118165685 3
    vertex 18.28943619619381 3.7774771255908473 3
    vertex 18.795886327018845 2.1618931083470354 3
  endloop
endfacet
facet normal 0 0 0.9999999999999999
  outer loop
    vertex 3.6477799952044014 19.150602087826726 3
    vertex 2.777848187149701 19.860194795761394 3
    vertex 2.384913015057145 19.22941873780212 3
  endloop
endfacet
facet normal 0 0 1
  outer loop
    vertex 3.6477799952044014 19.150602087826726 3
    vertex 2.384913015057145 19.22941873780212 3
    vertex 3.752165771161379 18.54401188135663 3
  endloop
endfacet
facet normal 0 0 1
  outer loop
    vertex 16.704023414788175 6.446872061437441 3
    vertex 13.779463319744677 0.992708874098054 3
    vertex 17.30321513812998 4.602749558896706 3
  endloop
endfacet
facet normal 0 0 1
  outer loop
    vertex 16.704023414788175 6.446872061437441 3
    vertex 13.545395112957465 0.9350162426854148 3
    vertex 13.779463319744677 0.992708874098054 3
  endloop
endfacet
facet normal 0 0 0.9999999999999999
  outer loop
    vertex 6.446872061437444 16.704023414788182 3
    vertex 1 13.899999999999999 3
    vertex 0.9709418174260511 13.660684335712437 3
  endloop
endfacet
facet normal 0 0 1
  outer loop
    vertex 6.446872061437444 16.704023414788182 3
    vertex 4.602749558896706 17.303215138129985 3
    vertex 1 13.899999999999999 3
  endloop
endfacet
facet normal 0 0 1
  outer loop
    vertex 16.743090709665584 6.461949976835842 3
    vertex 17.30321513812998 4.602749558896706 3
    vertex 17.343683819916553 4.613514448875552 3
  endloop
endfacet
facet normal 0 0 1
  outer loop
    vertex 16.743090709665584 6.461949976835842 3
    vertex 16.704023414788175 6.446872061437441 3
    vertex 17.30321513812998 4.602749558896706 3
  endloop
endfacet
facet normal 0 0 1
  outer loop
    vertex 6.461949976835847 16.743090709665587 3
    vertex 4.732337665380272 17.63707911486214 3
    vertex 4.613514448875558 17.343683819916556 3
  endloop
endfacet
facet normal 0 0 1
  outer loop
    vertex 6.461949976835847 16.743090709665587 3
    vertex 4.613514448875558 17.343683819916556 3
    vertex 4.602749558896706 17.303215138129985 3
  endloop
endfacet
facet normal 0 0 1
  outer loop
    vertex 6.461949976835847 16.743090709665587 3
    vertex 4.602749558896706 17.303215138129985 3
    vertex 6.446872061437444 16.704023414788182 3
  endloop
endfacet
facet normal 0 0 1
  outer loop
    vertex 19.74656997302286 3.495247083819757 3
    vertex 19.340530916861834 2.4486165632002845 3
    vertex 19.86019479576139 2.777848187149699 3
  endloop
endfacet
facet normal 0 0 0.9999999999999999
  outer loop
    vertex 19.74656997302286 3.495247083819757 3
    vertex 19.02524264691348 3.674030118165685 3
    vertex 19.340530916861834 2.4486165632002845 3
  endloop
endfacet
facet normal 0 0 1
  outer loop
    vertex 3.495247083819759 19.746569973022872 3
    vertex 2.777848187149701 19.860194795761394 3
    vertex 3.6477799952044014 19.150602087826726 3
  endloop
endfacet
facet normal 0 0 1
  outer loop
    vertex 17.050295023638224 6.538273402818353 3
    vertex 16.743090709665584 6.461949976835842 3
    vertex 17.343683819916553 4.613514448875552 3
  endloop
endfacet
facet normal 0 0 1
  outer loop
    vertex 17.050295023638224 6.538273402818353 3
    vertex 17.343683819916553 4.613514448875552 3
    vertex 17.7366635458072 4.782451697658312 3
  endloop
endfacet
facet normal 0 0 1
  outer loop
    vertex 16.370155181780103 7.252901277611078 3
    vertex 13.545395112957465 0.9350162426854148 3
    vertex 16.704023414788175 6.446872061437441 3
  endloop
endfacet
facet normal 0 0 1
  outer loop
    vertex 7.252901277611079 16.370155181780106 3
    vertex 0.9709418174260511 13.660684335712437 3
    vertex 0.8854560256532084 13.435276827956226 3
  endloop
endfacet
facet normal 0 0 1
  outer loop
    vertex 7.252901277611079 16.370155181780106 3
    vertex 6.446872061437444 16.704023414788182 3
    vertex 0.9709418174260511 13.660684335712437 3
  endloop
endfacet
facet normal 0 0 1
  outer loop
    vertex 6.556264558916172 17.160316809753734 3
    vertex 4.93747351479082 18.010945702537274 3
    vertex 4.732337665380272 17.63707911486214 3
  endloop
endfacet
facet normal 0 0 1
  outer loop
    vertex 6.556264558916172 17.160316809753734 3
    vertex 4.732337665380272 17.63707911486214 3
    vertex 6.461949976835847 16.743090709665587 3
  endloop
endfacet
facet normal 0 0 1
  outer loop
    vertex 17.473335273695803 6.592068281049928 3
    vertex 17.050295023638224 6.538273402818353 3
    vertex 17.7366635458072 4.782451697658312 3
  endloop
endfacet
facet normal 0 0 0.9999999999999999
  outer loop
    vertex 17.473335273695803 6.592068281049928 3
    vertex 17.7366635458072 4.782451697658312 3
    vertex 18.226283184469725 5.075601039251579 3
  endloop
endfacet
facet normal 0 0 0.9999999999999999
  outer loop
    vertex 6.606892962515969 17.728736277919808 3
    vertex 4.93747351479082 18.010945702537274 3
    vertex 6.556264558916172 17.160316809753734 3
  endloop
endfacet
facet normal 0 0 1
  outer loop
    vertex 6.606892962515969 17.728736277919808 3
    vertex 5.363694611588205 18.619590092070876 3
    vertex 4.93747351479082 18.010945702537274 3
  endloop
endfacet
facet normal 0 0 1
  outer loop
    vertex 15.489856185700683 8.98058533530218 3
    vertex 13.545395112957465 0.9350162426854148 3
    vertex 16.370155181780103 7.252901277611078 3
  endloop
endfacet
facet normal 0 0 1
  outer loop
    vertex 15.489856185700683 8.98058533530218 3
    vertex 13.331935253268846 0.8229838658936565 3
    vertex 13.545395112957465 0.9350162426854148 3
  endloop
endfacet
facet normal 0 0 1
  outer loop
    vertex 8.980585335302182 15.489856185700686 3
    vertex 7.269864330517144 16.4084416271349 3
    vertex 7.252901277611079 16.370155181780106 3
  endloop
endfacet
facet normal 0 0 1
  outer loop
    vertex 8.980585335302182 15.489856185700686 3
    vertex 7.252901277611079 16.370155181780106 3
    vertex 0.8854560256532084 13.435276827956226 3
  endloop
endfacet
facet normal 0 0 1
  outer loop
    vertex 15.52608379172042 9.001589087916377 3
    vertex 15.489856185700683 8.98058533530218 3
    vertex 16.370155181780103 7.252901277611078 3
  endloop
endfacet
facet normal 0 0 0.9999999999999999
  outer loop
    vertex 15.52608379172042 9.001589087916377 3
    vertex 16.370155181780103 7.252901277611078 3
    vertex 16.4084416271349 7.269864330517139 3
  endloop
endfacet
facet normal 0 0 1
  outer loop
    vertex 9.001589087916381 15.52608379172042 3
    vertex 7.269864330517144 16.4084416271349 3
    vertex 8.980585335302182 15.489856185700686 3
  endloop
endfacet
facet normal 0 0 1
  outer loop
    vertex 9.001589087916381 15.52608379172042 3
    vertex 7.433121772061064 16.67963669282995 3
    vertex 7.269864330517144 16.4084416271349 3
  endloop
endfacet
facet normal 0 0 1
  outer loop
    vertex 15.034007675424588 9.724462495871373 3
    vertex 13.331935253268846 0.8229838658936565 3
    vertex 15.489856185700683 8.98058533530218 3
  endloop
endfacet
facet normal 0 0 1
  outer loop
    vertex 9.724462495871375 15.034007675424592 3
    vertex 8.980585335302182 15.489856185700686 3
    vertex 0.8854560256532084 13.435276827956226 3
  endloop
endfacet
facet normal 0 0 1
  outer loop
    vertex 9.724462495871375 15.034007675424592 3
    vertex 0.8854560256532084 13.435276827956226 3
    vertex 0.748510748171099 13.2368773417592 3
  endloop
endfacet
facet normal 0 0 1
  outer loop
    vertex 18.216265403272875 6.605000366438119 3
    vertex 17.473335273695803 6.592068281049928 3
    vertex 18.226283184469725 5.075601039251579 3
  endloop
endfacet
facet normal 0 0 1
  outer loop
    vertex 18.216265403272875 6.605000366438119 3
    vertex 18.226283184469725 5.075601039251579 3
    vertex 18.71936886535137 5.443995637634416 3
  endloop
endfacet
facet normal 0 0 1
  outer loop
    vertex 15.817566296498455 9.125030188388061 3
    vertex 15.52608379172042 9.001589087916377 3
    vertex 16.4084416271349 7.269864330517139 3
  endloop
endfacet
facet normal 0 0 0.9999999999999999
  outer loop
    vertex 15.817566296498455 9.125030188388061 3
    vertex 16.4084416271349 7.269864330517139 3
    vertex 16.77015551234888 7.498197254623608 3
  endloop
endfacet
facet normal 0 0 1
  outer loop
    vertex 6.598683963127072 18.344187885389122 3
    vertex 5.363694611588205 18.619590092070876 3
    vertex 6.606892962515969 17.728736277919808 3
  endloop
endfacet
facet normal 0 0 1
  outer loop
    vertex 5.85046721486081 19.181131646602022 3
    vertex 5.363694611588205 18.619590092070876 3
    vertex 6.598683963127072 18.344187885389122 3
  endloop
endfacet
facet normal 0 0 1
  outer loop
    vertex 9.16001104275326 15.923419094976 3
    vertex 7.433121772061064 16.67963669282995 3
    vertex 9.001589087916381 15.52608379172042 3
  endloop
endfacet
facet normal 0 0 1
  outer loop
    vertex 9.16001104275326 15.923419094976 3
    vertex 7.694217678401249 17.01681004555156 3
    vertex 7.433121772061064 16.67963669282995 3
  endloop
endfacet
facet normal 0 0 1
  outer loop
    vertex 13.8942772894359 11.293166793357837 3
    vertex 2.642853328760474 2.2176172534185605 3
    vertex 13.331935253268846 0.8229838658936565 3
  endloop
endfacet
facet normal 0 0 1
  outer loop
    vertex 13.8942772894359 11.293166793357837 3
    vertex 13.331935253268846 0.8229838658936565 3
    vertex 15.034007675424588 9.724462495871373 3
  endloop
endfacet
facet normal 0 0 1
  outer loop
    vertex 11.293166793357837 13.894277289435902 3
    vertex 0.748510748171099 13.2368773417592 3
    vertex 2.217617253418561 2.642853328760474 3
  endloop
endfacet
facet normal 0 0 0.9999999999999999
  outer loop
    vertex 11.293166793357837 13.894277289435902 3
    vertex 9.724462495871375 15.034007675424592 3
    vertex 0.748510748171099 13.2368773417592 3
  endloop
endfacet
facet normal 0 0 1
  outer loop
    vertex 11.293166793357837 13.894277289435902 3
    vertex 9.747206025044962 15.069169144997545 3
    vertex 9.724462495871375 15.034007675424592 3
  endloop
endfacet
facet normal 0 0 0.9999999999999999
  outer loop
    vertex 13.92677316270523 11.31957920109101 3
    vertex 13.8942772894359 11.293166793357837 3
    vertex 15.034007675424588 9.724462495871373 3
  endloop
endfacet
facet normal 0 0 1
  outer loop
    vertex 13.92677316270523 11.31957920109101 3
    vertex 15.034007675424588 9.724462495871373 3
    vertex 15.069169144997545 9.747206025044958 3
  endloop
endfacet
facet normal 0 0 1
  outer loop
    vertex 11.319579201091013 13.926773162705228 3
    vertex 9.747206025044962 15.069169144997545 3
    vertex 11.293166793357837 13.894277289435902 3
  endloop
endfacet
facet normal 0 0 1
  outer loop
    vertex 9.950877751596677 15.31148625887955 3
    vertex 9.747206025044962 15.069169144997545 3
    vertex 11.319579201091013 13.926773162705228 3
  endloop
endfacet
facet normal 0 0 1
  outer loop
    vertex 13.327673005089249 11.95657517384262 3
    vertex 2.217617253418561 2.642853328760474 3
    vertex 2.642853328760474 2.2176172534185605 3
  endloop
endfacet
facet normal 0 0 1
  outer loop
    vertex 13.327673005089249 11.95657517384262 3
    vertex 2.642853328760474 2.2176172534185605 3
    vertex 13.8942772894359 11.293166793357837 3
  endloop
endfacet
facet normal 0 0 1
  outer loop
    vertex 11.95657517384262 13.32767300508925 3
    vertex 11.293166793357837 13.894277289435902 3
    vertex 2.217617253418561 2.642853328760474 3
  endloop
endfacet
facet normal 0 0 1
  outer loop
    vertex 11.95657517384262 13.32767300508925 3
    vertex 2.217617253418561 2.642853328760474 3
    vertex 13.327673005089249 11.95657517384262 3
  endloop
endfacet
facet normal 0 0 1
  outer loop
    vertex 11.98453915811403 13.358843706805251 3
    vertex 13.327673005089249 11.95657517384262 3
    vertex 13.358843706805253 11.984539158114028 3
  endloop
endfacet
facet normal 0 0 1
  outer loop
    vertex 11.98453915811403 13.358843706805251 3
    vertex 11.95657517384262 13.32767300508925 3
    vertex 13.327673005089249 11.95657517384262 3
  endloop
endfacet
facet normal 0 0 1
  outer loop
    vertex 16.226982846084375 9.244340837609245 3
    vertex 16.77015551234888 7.498197254623608 3
    vertex 17.20788846035346 7.864330827616046 3
  endloop
endfacet
facet normal 0 0 1
  outer loop
    vertex 16.226982846084375 9.244340837609245 3
    vertex 15.817566296498455 9.125030188388061 3
    vertex 16.77015551234888 7.498197254623608 3
  endloop
endfacet
facet normal 0 0 0.9999999999999999
  outer loop
    vertex 18.956679821359955 6.541258902297248 3
    vertex 18.71936886535137 5.443995637634416 3
    vertex 19.181131646602022 5.850467214860808 3
  endloop
endfacet
facet normal 0 0 1
  outer loop
    vertex 18.956679821359955 6.541258902297248 3
    vertex 18.216265403272875 6.605000366438119 3
    vertex 18.71936886535137 5.443995637634416 3
  endloop
endfacet
facet normal 0 0 1
  outer loop
    vertex 6.541258902297251 18.956679821359963 3
    vertex 5.85046721486081 19.181131646602022 3
    vertex 6.598683963127072 18.344187885389122 3
  endloop
endfacet
facet normal 0 0 0.9999999999999999
  outer loop
    vertex 14.195356591644607 11.487098446480081 3
    vertex 15.069169144997545 9.747206025044958 3
    vertex 15.390710593220794 10.029312310089681 3
  endloop
endfacet
facet normal 0 0 0.9999999999999999
  outer loop
    vertex 14.195356591644607 11.487098446480081 3
    vertex 13.92677316270523 11.31957920109101 3
    vertex 15.069169144997545 9.747206025044958 3
  endloop
endfacet
facet normal 0 0 1
  outer loop
    vertex 9.298936522112694 16.476920349017597 3
    vertex 7.694217678401249 17.01681004555156 3
    vertex 9.16001104275326 15.923419094976 3
  endloop
endfacet
facet normal 0 0 1
  outer loop
    vertex 9.298936522112694 16.476920349017597 3
    vertex 8.210404245700122 17.55128534339618 3
    vertex 7.694217678401249 17.01681004555156 3
  endloop
endfacet
facet normal 0 0 1
  outer loop
    vertex 12.223610095819314 13.56631621732703 3
    vertex 11.98453915811403 13.358843706805251 3
    vertex 13.358843706805253 11.984539158114028 3
  endloop
endfacet
facet normal 0 0 1
  outer loop
    vertex 11.53820765438424 14.2944339552824 3
    vertex 9.950877751596677 15.31148625887955 3
    vertex 11.319579201091013 13.926773162705228 3
  endloop
endfacet
facet normal 0 0 1
  outer loop
    vertex 10.261504667124987 15.603664049689701 3
    vertex 9.950877751596677 15.31148625887955 3
    vertex 11.53820765438424 14.2944339552824 3
  endloop
endfacet
facet normal 0 0 1
  outer loop
    vertex 13.632295300448034 12.313472411102461 3
    vertex 12.223610095819314 13.56631621732703 3
    vertex 13.358843706805253 11.984539158114028 3
  endloop
endfacet
facet normal 0 0 1
  outer loop
    vertex 14.581068246533881 11.668987042538355 3
    vertex 15.390710593220794 10.029312310089681 3
    vertex 15.765778412634601 10.45941469078585 3
  endloop
endfacet
facet normal 0 0 1
  outer loop
    vertex 14.581068246533881 11.668987042538355 3
    vertex 14.195356591644607 11.487098446480081 3
    vertex 15.390710593220794 10.029312310089681 3
  endloop
endfacet
facet normal 0 0 1
  outer loop
    vertex 16.958743249084932 9.373333584949403 3
    vertex 17.20788846035346 7.864330827616046 3
    vertex 17.6372738263527 8.305325471884531 3
  endloop
endfacet
facet normal 0 0 1
  outer loop
    vertex 16.958743249084932 9.373333584949403 3
    vertex 16.226982846084375 9.244340837609245 3
    vertex 17.20788846035346 7.864330827616046 3
  endloop
endfacet
facet normal 0 0 0.9999999999999999
  outer loop
    vertex 12.57611935496263 13.806304059332497 3
    vertex 12.223610095819314 13.56631621732703 3
    vertex 13.632295300448034 12.313472411102461 3
  endloop
endfacet
facet normal 0 0 0.9999999999999999
  outer loop
    vertex 9.387106432101028 17.086078896343786 3
    vertex 8.210404245700122 17.55128534339618 3
    vertex 9.298936522112694 16.476920349017597 3
  endloop
endfacet
facet normal 0 0 1
  outer loop
    vertex 11.762009403134373 14.81938795736052 3
    vertex 10.261504667124987 15.603664049689701 3
    vertex 11.53820765438424 14.2944339552824 3
  endloop
endfacet
facet normal 0 0 1
  outer loop
    vertex 13.93546257677882 12.796953051462214 3
    vertex 12.57611935496263 13.806304059332497 3
    vertex 13.632295300448034 12.313472411102461 3
  endloop
endfacet
facet normal 0 0 0.9999999999999999
  outer loop
    vertex 8.77902832315456 18.02976537777707 3
    vertex 8.210404245700122 17.55128534339618 3
    vertex 9.387106432101028 17.086078896343786 3
  endloop
endfacet
facet normal 0 0 1
  outer loop
    vertex 10.854946478513456 16.050809700190598 3
    vertex 10.261504667124987 15.603664049689701 3
    vertex 11.762009403134373 14.81938795736052 3
  endloop
endfacet
facet normal 0 0 1
  outer loop
    vertex 17.700013298881828 9.426203217406524 3
    vertex 16.958743249084932 9.373333584949403 3
    vertex 17.6372738263527 8.305325471884531 3
  endloop
endfacet
facet normal 0 0 1
  outer loop
    vertex 17.700013298881828 9.426203217406524 3
    vertex 17.6372738263527 8.305325471884531 3
    vertex 18.029765377777075 8.77902832315456 3
  endloop
endfacet
facet normal 0 0 1
  outer loop
    vertex 9.42620321740653 17.700013298881835 3
    vertex 8.77902832315456 18.02976537777707 3
    vertex 9.387106432101028 17.086078896343786 3
  endloop
endfacet
facet normal 0 0 1
  outer loop
    vertex 15.283640553262503 11.910864222288579 3
    vertex 14.581068246533881 11.668987042538355 3
    vertex 15.765778412634601 10.45941469078585 3
  endloop
endfacet
facet normal 0 0 1
  outer loop
    vertex 15.283640553262503 11.910864222288579 3
    vertex 15.765778412634601 10.45941469078585 3
    vertex 16.120890570992824 10.962150629221293 3
  endloop
endfacet
facet normal 0 0 0.9999999999999999
  outer loop
    vertex 11.94438718669664 15.40725393942639 3
    vertex 10.854946478513456 16.050809700190598 3
    vertex 11.762009403134373 14.81938795736052 3
  endloop
endfacet
facet normal 0 0 1
  outer loop
    vertex 13.232203903523851 14.155109852583 3
    vertex 12.57611935496263 13.806304059332497 3
    vertex 13.93546257677882 12.796953051462214 3
  endloop
endfacet
facet normal 0 0 1
  outer loop
    vertex 14.207557487607096 13.349051256775006 3
    vertex 13.232203903523851 14.155109852583 3
    vertex 13.93546257677882 12.796953051462214 3
  endloop
endfacet
facet normal 0 0 1
  outer loop
    vertex 11.491420618207673 16.434446447990585 3
    vertex 10.854946478513456 16.050809700190598 3
    vertex 11.94438718669664 15.40725393942639 3
  endloop
endfacet
facet normal 0 0 0.9999999999999999
  outer loop
    vertex 16.00751370600897 12.07904312552835 3
    vertex 15.283640553262503 11.910864222288579 3
    vertex 16.120890570992824 10.962150629221293 3
  endloop
endfacet
facet normal 0 0 1
  outer loop
    vertex 16.00751370600897 12.07904312552835 3
    vertex 16.120890570992824 10.962150629221293 3
    vertex 16.434446447990588 11.491420618207675 3
  endloop
endfacet
facet normal 0 0 1
  outer loop
    vertex 12.079043125528354 16.007513706008975 3
    vertex 11.491420618207673 16.434446447990585 3
    vertex 11.94438718669664 15.40725393942639 3
  endloop
endfacet
facet normal 0 0 1
  outer loop
    vertex 13.920855999802018 14.43445690385388 3
    vertex 13.232203903523851 14.155109852583 3
    vertex 14.207557487607096 13.349051256775006 3
  endloop
endfacet
facet normal 0 0 1
  outer loop
    vertex 14.434456903853883 13.92085599980202 3
    vertex 13.920855999802018 14.43445690385388 3
    vertex 14.207557487607096 13.349051256775006 3
  endloop
endfacet
facet normal 0.10272381727394408 0.9947099161889708 0
  outer loop
    vertex 17.81021251170046 -1.839262870392303 0
    vertex 17.85186695666538 -1.843564530126045 3
    vertex 17.85186695666538 -1.843564530126045 0
  endloop
endfacet
facet normal 0.10272381727394408 0.9947099161889708 0
  outer loop
    vertex 17.81021251170046 -1.839262870392303 0
    vertex 17.81021251170046 -1.839262870392303 3
    vertex 17.85186695666538 -1.843564530126045 3
  endloop
endfacet
facet normal 1 0 0
  outer loop
    vertex 20.050234036841495 0.363170682078612 0
    vertex 20.050234036841495 -0.363170682078612 3
    vertex 20.050234036841495 -0.363170682078612 0
  endloop
endfacet
facet normal 1 0 0
  outer loop
    vertex 20.050234036841495 0.363170682078612 0
    vertex 20.050234036841495 0.363170682078612 3
    vertex 20.050234036841495 -0.363170682078612 3
  endloop
endfacet
facet normal 0.528734197617264 0.848773275004054 -0.0049067207909551745
  outer loop
    vertex 19.177408654654293 -2.3559824657222994 2.4
    vertex 19.229418737802156 -2.384913015057164 3
    vertex 19.860194795761434 -2.777848187149719 3
  endloop
endfacet
facet normal 0.4384082186381206 0.8987601403048349 0.005333294458706228
  outer loop
    vertex 19.177408654654293 -2.3559824657222994 2.4
    vertex 18.561592101424814 -2.059152366711127 3
    vertex 19.229418737802156 -2.384913015057164 3
  endloop
endfacet
facet normal 0.33796479720308276 0.9411540814081418 0.0029649452399597214
  outer loop
    vertex 18.198462124956066 -1.9268635965096363 2.4
    vertex 18.160238114977048 -1.9150276996496822 3
    vertex 18.561592101424814 -2.059152366711127 3
  endloop
endfacet
facet normal 0.2257583730715399 0.9741713314241116 -0.004834668495877559
  outer loop
    vertex 18.198462124956066 -1.9268635965096363 2.4
    vertex 17.85186695666538 -1.843564530126045 3
    vertex 18.160238114977048 -1.9150276996496822 3
  endloop
endfacet
facet normal 0.40113258401726964 0.9151015703249823 -0.04100934074549102
  outer loop
    vertex 18.198462124956066 -1.9268635965096363 2.4
    vertex 18.561592101424814 -2.059152366711127 3
    vertex 19.177408654654293 -2.3559824657222994 2.4
  endloop
endfacet
facet normal 0.525623530911454 0.8507172877943505 0
  outer loop
    vertex 19.177408654654293 -2.3559824657222994 1.2000000000000002
    vertex 19.860194795761434 -2.777848187149719 3
    vertex 19.860194795761434 -2.777848187149719 0
  endloop
endfacet
facet normal 0.525623530911454 0.8507172877943505 0
  outer loop
    vertex 19.177408654654293 -2.3559824657222994 1.2000000000000002
    vertex 19.177408654654293 -2.3559824657222994 2.4
    vertex 19.860194795761434 -2.777848187149719 3
  endloop
endfacet
facet normal 0.528734197617264 0.848773275004054 0.0049067207909551745
  outer loop
    vertex 19.177408654654293 -2.3559824657222994 0.6000000000000001
    vertex 19.860194795761434 -2.777848187149719 0
    vertex 19.229418737802156 -2.384913015057164 0
  endloop
endfacet
facet normal 0.4384082186381206 0.8987601403048349 -0.005333294458706228
  outer loop
    vertex 19.177408654654293 -2.3559824657222994 0.6000000000000001
    vertex 19.229418737802156 -2.384913015057164 0
    vertex 18.561592101424814 -2.059152366711127 0
  endloop
endfacet
facet normal 0.525623530911454 0.8507172877943505 0
  outer loop
    vertex 19.177408654654293 -2.3559824657222994 0.6000000000000001
    vertex 19.177408654654293 -2.3559824657222994 1.2000000000000002
    vertex 19.860194795761434 -2.777848187149719 0
  endloop
endfacet
facet normal 0.2336812350719635 0.972313262470096 0
  outer loop
    vertex 18.198462124956066 -1.9268635965096363 1.2000000000000002
    vertex 17.85186695666538 -1.843564530126045 0
    vertex 17.85186695666538 -1.843564530126045 3
  endloop
endfacet
facet normal 0.4014703156425398 0.9158720356348257 0
  outer loop
    vertex 18.198462124956066 -1.9268635965096363 1.2000000000000002
    vertex 19.177408654654293 -2.3559824657222994 2.4
    vertex 19.177408654654293 -2.3559824657222994 1.2000000000000002
  endloop
endfacet
facet normal 0.2336812350719635 0.9723132624700961 0
  outer loop
    vertex 18.198462124956066 -1.9268635965096363 1.2000000000000002
    vertex 17.85186695666538 -1.843564530126045 3
    vertex 18.198462124956066 -1.9268635965096363 2.4
  endloop
endfacet
facet normal 0.4014703156425398 0.9158720356348257 0
  outer loop
    vertex 18.198462124956066 -1.9268635965096363 1.2000000000000002
    vertex 18.198462124956066 -1.9268635965096363 2.4
    vertex 19.177408654654293 -2.3559824657222994 2.4
  endloop
endfacet
facet normal 0.33796479720308276 0.9411540814081418 -0.0029649452399597214
  outer loop
    vertex 18.198462124956066 -1.9268635965096363 0.6000000000000001
    vertex 18.561592101424814 -2.059152366711127 0
    vertex 18.160238114977048 -1.9150276996496822 0
  endloop
endfacet
facet normal 0.2257583730715399 0.9741713314241116 0.004834668495877559
  outer loop
    vertex 18.198462124956066 -1.9268635965096363 0.6000000000000001
    vertex 18.160238114977048 -1.9150276996496822 0
    vertex 17.85186695666538 -1.843564530126045 0
  endloop
endfacet
facet normal 0.4014703156425399 0.9158720356348258 0
  outer loop
    vertex 18.198462124956066 -1.9268635965096363 0.6000000000000001
    vertex 18.198462124956066 -1.9268635965096363 1.2000000000000002
    vertex 19.177408654654293 -2.3559824657222994 1.2000000000000002
  endloop
endfacet
facet normal 0.23368123507196345 0.9723132624700959 0
  outer loop
    vertex 18.198462124956066 -1.9268635965096363 0.6000000000000001
    vertex 17.85186695666538 -1.843564530126045 0
    vertex 18.198462124956066 -1.9268635965096363 1.2000000000000002
  endloop
endfacet
facet normal 0.40113258401726964 0.9151015703249823 0.04100934074549102
  outer loop
    vertex 18.198462124956066 -1.9268635965096363 0.6000000000000001
    vertex 19.177408654654293 -2.3559824657222994 0.6000000000000001
    vertex 18.561592101424814 -2.059152366711127 0
  endloop
endfacet
facet normal 0.4014703156425399 0.9158720356348258 0
  outer loop
    vertex 18.198462124956066 -1.9268635965096363 0.6000000000000001
    vertex 19.177408654654293 -2.3559824657222994 1.2000000000000002
    vertex 19.177408654654293 -2.3559824657222994 0.6000000000000001
  endloop
endfacet
facet normal 0.38944720904479463 0.9210357188829863 -0.004906720790955723
  outer loop
    vertex 19.30985978769974 0.6730312517082427 2.4
    vertex 19.365755275426768 0.6525930549771268 3
    vertex 20.050234036841495 0.363170682078612 3
  endloop
endfacet
facet normal 0.2924136242218683 0.956277066722636 0.005333294458704058
  outer loop
    vertex 19.30985978769974 0.6730312517082427 2.4
    vertex 18.655190500382826 0.8698719465719003 3
    vertex 19.365755275426768 0.6525930549771268 3
  endloop
endfacet
facet normal 0.18657495448352956 0.9824362551632511 0.002964945240003747
  outer loop
    vertex 18.275836733506782 0.9437259788826264 2.4
    vertex 18.236231782325586 0.9494366036590092 3
    vertex 18.655190500382826 0.8698719465719003 3
  endloop
endfacet
facet normal 0.07058494178550935 0.9974940561094439 -0.004834668495950653
  outer loop
    vertex 18.275836733506782 0.9437259788826264 2.4
    vertex 17.92047788199137 0.971780065795081 3
    vertex 18.236231782325586 0.9494366036590092 3
  endloop
endfacet
facet normal 0.25304055165539363 0.9665861126612342 -0.04100934074547277
  outer loop
    vertex 18.275836733506782 0.9437259788826264 2.4
    vertex 18.655190500382826 0.8698719465719003 3
    vertex 19.30985978769974 0.6730312517082427 2.4
  endloop
endfacet
facet normal 0.38607072920710667 0.9224691821678884 0
  outer loop
    vertex 19.30985978769974 0.6730312517082427 1.2000000000000002
    vertex 20.050234036841495 0.363170682078612 3
    vertex 20.050234036841495 0.363170682078612 0
  endloop
endfacet
facet normal 0.3860707292071067 0.9224691821678885 0
  outer loop
    vertex 19.30985978769974 0.6730312517082427 1.2000000000000002
    vertex 19.30985978769974 0.6730312517082427 2.4
    vertex 20.050234036841495 0.363170682078612 3
  endloop
endfacet
facet normal 0.38944720904479463 0.9210357188829863 0.004906720790955723
  outer loop
    vertex 19.30985978769974 0.6730312517082427 0.6000000000000001
    vertex 20.050234036841495 0.363170682078612 0
    vertex 19.365755275426768 0.6525930549771268 0
  endloop
endfacet
facet normal 0.2924136242218683 0.956277066722636 -0.005333294458704058
  outer loop
    vertex 19.30985978769974 0.6730312517082427 0.6000000000000001
    vertex 19.365755275426768 0.6525930549771268 0
    vertex 18.655190500382826 0.8698719465719003 0
  endloop
endfacet
facet normal 0.3860707292071067 0.9224691821678885 0
  outer loop
    vertex 19.30985978769974 0.6730312517082427 0.6000000000000001
    vertex 19.30985978769974 0.6730312517082427 1.2000000000000002
    vertex 20.050234036841495 0.363170682078612 0
  endloop
endfacet
facet normal 0.0787009262304235 0.9968982717461563 0
  outer loop
    vertex 18.275836733506782 0.9437259788826264 1.2000000000000002
    vertex 17.92047788199137 0.971780065795081 0
    vertex 17.92047788199137 0.971780065795081 3
  endloop
endfacet
facet normal 0.0787009262304235 0.9968982717461564 0
  outer loop
    vertex 18.275836733506782 0.9437259788826264 1.2000000000000002
    vertex 17.92047788199137 0.971780065795081 3
    vertex 18.275836733506782 0.9437259788826264 2.4
  endloop
endfacet
facet normal 0.25325359791534563 0.967399925130725 0
  outer loop
    vertex 18.275836733506782 0.9437259788826264 1.2000000000000002
    vertex 19.30985978769974 0.6730312517082427 2.4
    vertex 19.30985978769974 0.6730312517082427 1.2000000000000002
  endloop
endfacet
facet normal 0.25325359791534563 0.967399925130725 0
  outer loop
    vertex 18.275836733506782 0.9437259788826264 1.2000000000000002
    vertex 18.275836733506782 0.9437259788826264 2.4
    vertex 19.30985978769974 0.6730312517082427 2.4
  endloop
endfacet
facet normal 0.18657495448352956 0.9824362551632511 -0.002964945240003747
  outer loop
    vertex 18.275836733506782 0.9437259788826264 0.6000000000000001
    vertex 18.655190500382826 0.8698719465719003 0
    vertex 18.236231782325586 0.9494366036590092 0
  endloop
endfacet
facet normal 0.07058494178550935 0.9974940561094439 0.004834668495950653
  outer loop
    vertex 18.275836733506782 0.9437259788826264 0.6000000000000001
    vertex 18.236231782325586 0.9494366036590092 0
    vertex 17.92047788199137 0.971780065795081 0
  endloop
endfacet
facet normal 0.25325359791534563 0.967399925130725 0
  outer loop
    vertex 18.275836733506782 0.9437259788826264 0.6000000000000001
    vertex 18.275836733506782 0.9437259788826264 1.2000000000000002
    vertex 19.30985978769974 0.6730312517082427 1.2000000000000002
  endloop
endfacet
facet normal 0.07870092623042352 0.9968982717461564 0
  outer loop
    vertex 18.275836733506782 0.9437259788826264 0.6000000000000001
    vertex 17.92047788199137 0.971780065795081 0
    vertex 18.275836733506782 0.9437259788826264 1.2000000000000002
  endloop
endfacet
facet normal 0.25304055165539363 0.9665861126612342 0.04100934074547277
  outer loop
    vertex 18.275836733506782 0.9437259788826264 0.6000000000000001
    vertex 19.30985978769974 0.6730312517082427 0.6000000000000001
    vertex 18.655190500382826 0.8698719465719003 0
  endloop
endfacet
facet normal 0.25325359791534563 0.967399925130725 0
  outer loop
    vertex 18.275836733506782 0.9437259788826264 0.6000000000000001
    vertex 19.30985978769974 0.6730312517082427 1.2000000000000002
    vertex 19.30985978769974 0.6730312517082427 0.6000000000000001
  endloop
endfacet
facet normal 0.9876883405951383 -0.15643446504022657 0
  outer loop
    vertex 19.860194795761434 -2.777848187149719 0
    vertex 19.74656997302291 -3.495247083819768 3
    vertex 19.74656997302291 -3.495247083819768 0
  endloop
endfacet
facet normal 0.9876883405951383 -0.15643446504022657 0
  outer loop
    vertex 19.860194795761434 -2.777848187149719 0
    vertex 19.860194795761434 -2.777848187149719 3
    vertex 19.74656997302291 -3.495247083819768 3
  endloop
endfacet
facet normal -0.054147796986605386 0.9985329318963383 0
  outer loop
    vertex 17.878663344526338 0.96951257414466 0
    vertex 17.92047788199137 0.971780065795081 3
    vertex 17.92047788199137 0.971780065795081 0
  endloop
endfacet
facet normal -0.054147796986605386 0.9985329318963383 0
  outer loop
    vertex 17.878663344526338 0.96951257414466 0
    vertex 17.878663344526338 0.96951257414466 3
    vertex 17.92047788199137 0.971780065795081 3
  endloop
endfacet
facet normal -0.06518718572306804 -0.9978428825494969 0.007759675432451288
  outer loop
    vertex 17.903199587653923 -3.791077888627844 2.4
    vertex 17.97467057284848 -3.791081082643929 3
    vertex 17.54782716720655 -3.763196211343194 3
  endloop
endfacet
facet normal 0.0681901015170832 -0.9976392362298877 -0.00812800035285139
  outer loop
    vertex 17.903199587653923 -3.791077888627844 2.4
    vertex 18.544011881355917 -3.7521657711614878 3
    vertex 17.97467057284848 -3.791081082643929 3
  endloop
endfacet
facet normal 0.16958490979262403 -0.9854651603850112 0.009968753080088514
  outer loop
    vertex 18.96683808702163 -3.6854727060590675 2.4
    vertex 19.150602087826393 -3.647779995204482 3
    vertex 18.544011881355917 -3.7521657711614878 3
  endloop
endfacet
facet normal 0.24792102698242954 -0.9686628859643911 -0.01507904954281997
  outer loop
    vertex 18.96683808702163 -3.6854727060590675 2.4
    vertex 19.74656997302291 -3.495247083819768 3
    vertex 19.150602087826393 -3.647779995204482 3
  endloop
endfacet
facet normal 0.09871805822272266 -0.9942724850660478 -0.04095082931175697
  outer loop
    vertex 18.96683808702163 -3.6854727060590675 2.4
    vertex 18.544011881355917 -3.7521657711614878 3
    vertex 17.903199587653923 -3.791077888627844 2.4
  endloop
endfacet
facet normal -0.07821726060831677 -0.9969363370561486 0
  outer loop
    vertex 17.903199587653923 -3.791077888627844 1.2000000000000002
    vertex 17.54782716720655 -3.763196211343194 3
    vertex 17.54782716720655 -3.763196211343194 0
  endloop
endfacet
facet normal -0.07821726060831677 -0.9969363370561484 0
  outer loop
    vertex 17.903199587653923 -3.791077888627844 1.2000000000000002
    vertex 17.903199587653923 -3.791077888627844 2.4
    vertex 17.54782716720655 -3.763196211343194 3
  endloop
endfacet
facet normal -0.06518718572306804 -0.9978428825494969 -0.007759675432451288
  outer loop
    vertex 17.903199587653923 -3.791077888627844 0.6000000000000001
    vertex 17.54782716720655 -3.763196211343194 0
    vertex 17.97467057284848 -3.791081082643929 0
  endloop
endfacet
facet normal 0.0681901015170832 -0.9976392362298877 0.00812800035285139
  outer loop
    vertex 17.903199587653923 -3.791077888627844 0.6000000000000001
    vertex 17.97467057284848 -3.791081082643929 0
    vertex 18.544011881355917 -3.7521657711614878 0
  endloop
endfacet
facet normal -0.07821726060831677 -0.9969363370561486 0
  outer loop
    vertex 17.903199587653923 -3.791077888627844 0.6000000000000001
    vertex 17.903199587653923 -3.791077888627844 1.2000000000000002
    vertex 17.54782716720655 -3.763196211343194 0
  endloop
endfacet
facet normal 0.2370115848543828 -0.9715068237767628 0
  outer loop
    vertex 18.96683808702163 -3.6854727060590675 1.2000000000000002
    vertex 19.74656997302291 -3.495247083819768 0
    vertex 19.74656997302291 -3.495247083819768 3
  endloop
endfacet
facet normal 0.23701158485438276 -0.9715068237767626 0
  outer loop
    vertex 18.96683808702163 -3.6854727060590675 1.2000000000000002
    vertex 19.74656997302291 -3.495247083819768 3
    vertex 18.96683808702163 -3.6854727060590675 2.4
  endloop
endfacet
facet normal 0.09880093610696707 -0.9951072178536275 0
  outer loop
    vertex 18.96683808702163 -3.6854727060590675 1.2000000000000002
    vertex 17.903199587653923 -3.791077888627844 2.4
    vertex 17.903199587653923 -3.791077888627844 1.2000000000000002
  endloop
endfacet
facet normal 0.09880093610696707 -0.9951072178536275 0
  outer loop
    vertex 18.96683808702163 -3.6854727060590675 1.2000000000000002
    vertex 18.96683808702163 -3.6854727060590675 2.4
    vertex 17.903199587653923 -3.791077888627844 2.4
  endloop
endfacet
facet normal 0.16958490979262403 -0.9854651603850112 -0.009968753080088514
  outer loop
    vertex 18.96683808702163 -3.6854727060590675 0.6000000000000001
    vertex 18.544011881355917 -3.7521657711614878 0
    vertex 19.150602087826393 -3.647779995204482 0
  endloop
endfacet
facet normal 0.24792102698242954 -0.9686628859643911 0.01507904954281997
  outer loop
    vertex 18.96683808702163 -3.6854727060590675 0.6000000000000001
    vertex 19.150602087826393 -3.647779995204482 0
    vertex 19.74656997302291 -3.495247083819768 0
  endloop
endfacet
facet normal 0.2370115848543828 -0.9715068237767628 0
  outer loop
    vertex 18.96683808702163 -3.6854727060590675 0.6000000000000001
    vertex 19.74656997302291 -3.495247083819768 0
    vertex 18.96683808702163 -3.6854727060590675 1.2000000000000002
  endloop
endfacet
facet normal 0.09880093610696708 -0.9951072178536277 0
  outer loop
    vertex 18.96683808702163 -3.6854727060590675 0.6000000000000001
    vertex 18.96683808702163 -3.6854727060590675 1.2000000000000002
    vertex 17.903199587653923 -3.791077888627844 1.2000000000000002
  endloop
endfacet
facet normal 0.09880093610696708 -0.9951072178536277 0
  outer loop
    vertex 18.96683808702163 -3.6854727060590675 0.6000000000000001
    vertex 17.903199587653923 -3.791077888627844 1.2000000000000002
    vertex 17.903199587653923 -3.791077888627844 0.6000000000000001
  endloop
endfacet
facet normal 0.09871805822272266 -0.9942724850660478 0.04095082931175697
  outer loop
    vertex 18.96683808702163 -3.6854727060590675 0.6000000000000001
    vertex 17.903199587653923 -3.791077888627844 0.6000000000000001
    vertex 18.544011881355917 -3.7521657711614878 0
  endloop
endfacet
facet normal 0.996917333733128 0.07845909572784426 0
  outer loop
    vertex 17.81021251170043 1.839262870392302 0
    vertex 17.878663344526338 0.96951257414466 3
    vertex 17.878663344526338 0.96951257414466 0
  endloop
endfacet
facet normal 0.996917333733128 0.07845909572784426 0
  outer loop
    vertex 17.81021251170043 1.839262870392302 0
    vertex 17.81021251170043 1.839262870392302 3
    vertex 17.878663344526338 0.96951257414466 3
  endloop
endfacet
facet normal -0.20968611277867666 -0.9777687528796204 0
  outer loop
    vertex 17.54782716720655 -3.763196211343194 0
    vertex 17.50688214992827 -3.754415401478435 3
    vertex 17.50688214992827 -3.754415401478435 0
  endloop
endfacet
facet normal -0.20968611277867666 -0.9777687528796204 0
  outer loop
    vertex 17.54782716720655 -3.763196211343194 0
    vertex 17.54782716720655 -3.763196211343194 3
    vertex 17.50688214992827 -3.754415401478435 3
  endloop
endfacet
facet normal 0.1027238172736868 -0.9947099161889975 0
  outer loop
    vertex 17.85186695666534 1.843564530126032 0
    vertex 17.81021251170043 1.839262870392302 3
    vertex 17.81021251170043 1.839262870392302 0
  endloop
endfacet
facet normal 0.1027238172736868 -0.9947099161889975 0
  outer loop
    vertex 17.85186695666534 1.843564530126032 0
    vertex 17.85186695666534 1.843564530126032 3
    vertex 17.81021251170043 1.839262870392302 3
  endloop
endfacet
facet normal 0.9723699203976746 -0.23344536385591355 0
  outer loop
    vertex 17.50688214992827 -3.754415401478435 0
    vertex 17.303215138130007 -4.602749558896711 3
    vertex 17.303215138130007 -4.602749558896711 0
  endloop
endfacet
facet normal 0.9723699203976746 -0.23344536385591355 0
  outer loop
    vertex 17.50688214992827 -3.754415401478435 0
    vertex 17.50688214992827 -3.754415401478435 3
    vertex 17.303215138130007 -4.602749558896711 3
  endloop
endfacet
facet normal 0.2463537106629976 -0.9691489238913467 0.007759675432438291
  outer loop
    vertex 18.198462124956045 1.9268635965096303 2.4
    vertex 18.266436058156465 1.9489463078496108 3
    vertex 17.85186695666534 1.843564530126032 3
  endloop
endfacet
facet normal 0.37314011864491126 -0.9277393963112303 -0.008128000352829233
  outer loop
    vertex 18.198462124956045 1.9268635965096303 2.4
    vertex 18.795886327018845 2.1618931083470354 3
    vertex 18.266436058156465 1.9489463078496108 3
  endloop
endfacet
facet normal 0.46581031544693646 -0.8848284432505851 0.0099687530800882
  outer loop
    vertex 19.177408654654272 2.355982465722292 2.4
    vertex 19.340530916861834 2.4486165632002845 3
    vertex 18.795886327018845 2.1618931083470354 3
  endloop
endfacet
facet normal 0.5351202018215122 -0.8446413391892378 -0.015079049542823358
  outer loop
    vertex 19.177408654654272 2.355982465722292 2.4
    vertex 19.86019479576139 2.777848187149699 3
    vertex 19.340530916861834 2.4486165632002845 3
  endloop
endfacet
facet normal 0.40113354747354746 -0.9151037682525235 -0.04095082931174019
  outer loop
    vertex 19.177408654654272 2.355982465722292 2.4
    vertex 18.795886327018845 2.1618931083470354 3
    vertex 18.198462124956045 1.9268635965096303 2.4
  endloop
endfacet
facet normal 0.233681235071971 -0.9723132624700941 0
  outer loop
    vertex 18.198462124956045 1.9268635965096303 1.2000000000000002
    vertex 17.85186695666534 1.843564530126032 3
    vertex 17.85186695666534 1.843564530126032 0
  endloop
endfacet
facet normal 0.233681235071971 -0.9723132624700942 0
  outer loop
    vertex 18.198462124956045 1.9268635965096303 1.2000000000000002
    vertex 18.198462124956045 1.9268635965096303 2.4
    vertex 17.85186695666534 1.843564530126032 3
  endloop
endfacet
facet normal 0.2463537106629976 -0.9691489238913467 -0.007759675432438291
  outer loop
    vertex 18.198462124956045 1.9268635965096303 0.6000000000000001
    vertex 17.85186695666534 1.843564530126032 0
    vertex 18.266436058156465 1.9489463078496108 0
  endloop
endfacet
facet normal 0.37314011864491126 -0.9277393963112303 0.008128000352829233
  outer loop
    vertex 18.198462124956045 1.9268635965096303 0.6000000000000001
    vertex 18.266436058156465 1.9489463078496108 0
    vertex 18.795886327018845 2.1618931083470354 0
  endloop
endfacet
facet normal 0.233681235071971 -0.9723132624700942 0
  outer loop
    vertex 18.198462124956045 1.9268635965096303 0.6000000000000001
    vertex 18.198462124956045 1.9268635965096303 1.2000000000000002
    vertex 17.85186695666534 1.843564530126032 0
  endloop
endfacet
facet normal 0.5256235309114546 -0.8507172877943501 0
  outer loop
    vertex 19.177408654654272 2.355982465722292 1.2000000000000002
    vertex 19.86019479576139 2.777848187149699 0
    vertex 19.86019479576139 2.777848187149699 3
  endloop
endfacet
facet normal 0.5256235309114546 -0.8507172877943501 0
  outer loop
    vertex 19.177408654654272 2.355982465722292 1.2000000000000002
    vertex 19.86019479576139 2.777848187149699 3
    vertex 19.177408654654272 2.355982465722292 2.4
  endloop
endfacet
facet normal 0.4014703156425386 -0.9158720356348262 0
  outer loop
    vertex 19.177408654654272 2.355982465722292 1.2000000000000002
    vertex 18.198462124956045 1.9268635965096303 2.4
    vertex 18.198462124956045 1.9268635965096303 1.2000000000000002
  endloop
endfacet
facet normal 0.4014703156425386 -0.9158720356348262 0
  outer loop
    vertex 19.177408654654272 2.355982465722292 1.2000000000000002
    vertex 19.177408654654272 2.355982465722292 2.4
    vertex 18.198462124956045 1.9268635965096303 2.4
  endloop
endfacet
facet normal 0.46581031544693646 -0.8848284432505851 -0.0099687530800882
  outer loop
    vertex 19.177408654654272 2.355982465722292 0.6000000000000001
    vertex 18.795886327018845 2.1618931083470354 0
    vertex 19.340530916861834 2.4486165632002845 0
  endloop
endfacet
facet normal 0.5351202018215122 -0.8446413391892378 0.015079049542823358
  outer loop
    vertex 19.177408654654272 2.355982465722292 0.6000000000000001
    vertex 19.340530916861834 2.4486165632002845 0
    vertex 19.86019479576139 2.777848187149699 0
  endloop
endfacet
facet normal 0.5256235309114546 -0.8507172877943501 0
  outer loop
    vertex 19.177408654654272 2.355982465722292 0.6000000000000001
    vertex 19.86019479576139 2.777848187149699 0
    vertex 19.177408654654272 2.355982465722292 1.2000000000000002
  endloop
endfacet
facet normal 0.4014703156425386 -0.9158720356348261 0
  outer loop
    vertex 19.177408654654272 2.355982465722292 0.6000000000000001
    vertex 19.177408654654272 2.355982465722292 1.2000000000000002
    vertex 18.198462124956045 1.9268635965096303 1.2000000000000002
  endloop
endfacet
facet normal 0.4014703156425386 -0.9158720356348261 0
  outer loop
    vertex 19.177408654654272 2.355982465722292 0.6000000000000001
    vertex 18.198462124956045 1.9268635965096303 1.2000000000000002
    vertex 18.198462124956045 1.9268635965096303 0.6000000000000001
  endloop
endfacet
facet normal 0.40113354747354746 -0.9151037682525235 0.04095082931174019
  outer loop
    vertex 19.177408654654272 2.355982465722292 0.6000000000000001
    vertex 18.198462124956045 1.9268635965096303 0.6000000000000001
    vertex 18.795886327018845 2.1618931083470354 0
  endloop
endfacet
facet normal 0.25706603023212476 0.9663938410920757 0
  outer loop
    vertex 17.303215138130007 -4.602749558896711 0
    vertex 17.34368381991659 -4.613514448875571 3
    vertex 17.34368381991659 -4.613514448875571 0
  endloop
endfacet
facet normal 0.25706603023212476 0.9663938410920757 0
  outer loop
    vertex 17.303215138130007 -4.602749558896711 0
    vertex 17.303215138130007 -4.602749558896711 3
    vertex 17.34368381991659 -4.613514448875571 3
  endloop
endfacet
facet normal 0.9876883405951372 0.15643446504023423 0
  outer loop
    vertex 19.74656997302286 3.495247083819757 0
    vertex 19.86019479576139 2.777848187149699 3
    vertex 19.86019479576139 2.777848187149699 0
  endloop
endfacet
facet normal 0.9876883405951372 0.15643446504023423 0
  outer loop
    vertex 19.74656997302286 3.495247083819757 0
    vertex 19.74656997302286 3.495247083819757 3
    vertex 19.86019479576139 2.777848187149699 3
  endloop
endfacet
facet normal 0.6550019954761994 0.7556112161775236 -0.004906720790955459
  outer loop
    vertex 18.572746074360897 -5.326984075789237 2.4
    vertex 18.619590092070904 -5.363694611588228 3
    vertex 19.181131646602058 -5.850467214860833 3
  endloop
endfacet
facet normal 0.5736077477180278 0.8191127564188391 0.005333294458705288
  outer loop
    vertex 18.572746074360897 -5.326984075789237 2.4
    vertex 18.010945702537313 -4.93747351479083 3
    vertex 18.619590092070904 -5.363694611588228 3
  endloop
endfacet
facet normal 0.4810328249745762 0.876697570657466 0.0029649452399749107
  outer loop
    vertex 17.672980981655844 -4.750007395262188 2.4
    vertex 17.637079114862164 -4.7323376653802836 3
    vertex 18.010945702537313 -4.93747351479083 3
  endloop
endfacet
facet normal 0.3753728839633152 0.9268612754698508 -0.004834668495899712
  outer loop
    vertex 17.672980981655844 -4.750007395262188 2.4
    vertex 17.34368381991659 -4.613514448875571 3
    vertex 17.637079114862164 -4.7323376653802836 3
  endloop
endfacet
facet normal 0.539347400877922 0.8410841902793383 -0.041009340745492714
  outer loop
    vertex 17.672980981655844 -4.750007395262188 2.4
    vertex 18.010945702537313 -4.93747351479083 3
    vertex 18.572746074360897 -5.326984075789237 2.4
  endloop
endfacet
facet normal 0.6522337368402745 0.7580179104265092 0
  outer loop
    vertex 18.572746074360897 -5.326984075789237 1.2000000000000002
    vertex 19.181131646602058 -5.850467214860833 3
    vertex 19.181131646602058 -5.850467214860833 0
  endloop
endfacet
facet normal 0.6522337368402744 0.7580179104265092 0
  outer loop
    vertex 18.572746074360897 -5.326984075789237 1.2000000000000002
    vertex 18.572746074360897 -5.326984075789237 2.4
    vertex 19.181131646602058 -5.850467214860833 3
  endloop
endfacet
facet normal 0.6550019954761994 0.7556112161775236 0.004906720790955459
  outer loop
    vertex 18.572746074360897 -5.326984075789237 0.6000000000000001
    vertex 19.181131646602058 -5.850467214860833 0
    vertex 18.619590092070904 -5.363694611588228 0
  endloop
endfacet
facet normal 0.5736077477180278 0.8191127564188391 -0.005333294458705288
  outer loop
    vertex 18.572746074360897 -5.326984075789237 0.6000000000000001
    vertex 18.619590092070904 -5.363694611588228 0
    vertex 18.010945702537313 -4.93747351479083 0
  endloop
endfacet
facet normal 0.6522337368402745 0.7580179104265093 0
  outer loop
    vertex 18.572746074360897 -5.326984075789237 0.6000000000000001
    vertex 18.572746074360897 -5.326984075789237 1.2000000000000002
    vertex 19.181131646602058 -5.850467214860833 0
  endloop
endfacet
facet normal 0.3829075363624829 0.9237866737493097 0
  outer loop
    vertex 17.672980981655844 -4.750007395262188 1.2000000000000002
    vertex 17.34368381991659 -4.613514448875571 0
    vertex 17.34368381991659 -4.613514448875571 3
  endloop
endfacet
facet normal 0.5398015017950292 0.8417923370165775 0
  outer loop
    vertex 17.672980981655844 -4.750007395262188 1.2000000000000002
    vertex 18.572746074360897 -5.326984075789237 2.4
    vertex 18.572746074360897 -5.326984075789237 1.2000000000000002
  endloop
endfacet
facet normal 0.382907536362483 0.9237866737493098 0
  outer loop
    vertex 17.672980981655844 -4.750007395262188 1.2000000000000002
    vertex 17.34368381991659 -4.613514448875571 3
    vertex 17.672980981655844 -4.750007395262188 2.4
  endloop
endfacet
facet normal 0.5398015017950292 0.8417923370165775 0
  outer loop
    vertex 17.672980981655844 -4.750007395262188 1.2000000000000002
    vertex 17.672980981655844 -4.750007395262188 2.4
    vertex 18.572746074360897 -5.326984075789237 2.4
  endloop
endfacet
facet normal 0.4810328249745762 0.876697570657466 -0.0029649452399749107
  outer loop
    vertex 17.672980981655844 -4.750007395262188 0.6000000000000001
    vertex 18.010945702537313 -4.93747351479083 0
    vertex 17.637079114862164 -4.7323376653802836 0
  endloop
endfacet
facet normal 0.3753728839633152 0.9268612754698508 0.004834668495899712
  outer loop
    vertex 17.672980981655844 -4.750007395262188 0.6000000000000001
    vertex 17.637079114862164 -4.7323376653802836 0
    vertex 17.34368381991659 -4.613514448875571 0
  endloop
endfacet
facet normal 0.5398015017950292 0.8417923370165776 0
  outer loop
    vertex 17.672980981655844 -4.750007395262188 0.6000000000000001
    vertex 17.672980981655844 -4.750007395262188 1.2000000000000002
    vertex 18.572746074360897 -5.326984075789237 1.2000000000000002
  endloop
endfacet
facet normal 0.382907536362483 0.9237866737493098 0
  outer loop
    vertex 17.672980981655844 -4.750007395262188 0.6000000000000001
    vertex 17.34368381991659 -4.613514448875571 0
    vertex 17.672980981655844 -4.750007395262188 1.2000000000000002
  endloop
endfacet
facet normal 0.539347400877922 0.8410841902793383 0.041009340745492714
  outer loop
    vertex 17.672980981655844 -4.750007395262188 0.6000000000000001
    vertex 18.572746074360897 -5.326984075789237 0.6000000000000001
    vertex 18.010945702537313 -4.93747351479083 0
  endloop
endfacet
facet normal 0.5398015017950292 0.8417923370165776 0
  outer loop
    vertex 17.672980981655844 -4.750007395262188 0.6000000000000001
    vertex 18.572746074360897 -5.326984075789237 1.2000000000000002
    vertex 18.572746074360897 -5.326984075789237 0.6000000000000001
  endloop
endfacet
facet normal 0.24057073768445533 0.9706192066207204 -0.004906720790954222
  outer loop
    vertex 18.9668380870216 3.6854727060590573 2.4
    vertex 19.02524264691348 3.674030118165685 3
    vertex 19.74656997302286 3.495247083819757 3
  endloop
endfacet
facet normal 0.13921883591211207 0.9902472780560889 0.005333294458704686
  outer loop
    vertex 18.9668380870216 3.6854727060590573 2.4
    vertex 18.28943619619381 3.7774771255908473 3
    vertex 19.02524264691348 3.674030118165685 3
  endloop
endfacet
facet normal 0.030591017177896 0.9995275877972283 0.0029649452399793455
  outer loop
    vertex 17.903199587653905 3.791077888627837 2.4
    vertex 17.863188900610783 3.7905226267860153 3
    vertex 18.28943619619381 3.7774771255908473 3
  endloop
endfacet
facet normal -0.08632652502508734 0.9962551666403681 -0.004834668495909494
  outer loop
    vertex 17.903199587653905 3.791077888627837 2.4
    vertex 17.547827167206513 3.763196211343187 3
    vertex 17.863188900610783 3.7905226267860153 3
  endloop
endfacet
facet normal 0.09871782111831755 0.9942700969883754 -0.041009340745473855
  outer loop
    vertex 17.903199587653905 3.791077888627837 2.4
    vertex 18.28943619619381 3.7774771255908473 3
    vertex 18.9668380870216 3.6854727060590573 2.4
  endloop
endfacet
facet normal 0.23701158485438895 0.9715068237767611 0
  outer loop
    vertex 18.9668380870216 3.6854727060590573 1.2000000000000002
    vertex 19.74656997302286 3.495247083819757 3
    vertex 19.74656997302286 3.495247083819757 0
  endloop
endfacet
facet normal 0.23701158485438897 0.9715068237767612 0
  outer loop
    vertex 18.9668380870216 3.6854727060590573 1.2000000000000002
    vertex 18.9668380870216 3.6854727060590573 2.4
    vertex 19.74656997302286 3.495247083819757 3
  endloop
endfacet
facet normal 0.24057073768445533 0.9706192066207204 0.004906720790954222
  outer loop
    vertex 18.9668380870216 3.6854727060590573 0.6000000000000001
    vertex 19.74656997302286 3.495247083819757 0
    vertex 19.02524264691348 3.674030118165685 0
  endloop
endfacet
facet normal 0.13921883591211207 0.9902472780560889 -0.005333294458704686
  outer loop
    vertex 18.9668380870216 3.6854727060590573 0.6000000000000001
    vertex 19.02524264691348 3.674030118165685 0
    vertex 18.28943619619381 3.7774771255908473 0
  endloop
endfacet
facet normal 0.2370115848543889 0.971506823776761 0
  outer loop
    vertex 18.9668380870216 3.6854727060590573 0.6000000000000001
    vertex 18.9668380870216 3.6854727060590573 1.2000000000000002
    vertex 19.74656997302286 3.495247083819757 0
  endloop
endfacet
facet normal -0.07821726060831288 0.9969363370561489 0
  outer loop
    vertex 17.903199587653905 3.791077888627837 1.2000000000000002
    vertex 17.547827167206513 3.763196211343187 0
    vertex 17.547827167206513 3.763196211343187 3
  endloop
endfacet
facet normal -0.0782172606083129 0.9969363370561488 0
  outer loop
    vertex 17.903199587653905 3.791077888627837 1.2000000000000002
    vertex 17.547827167206513 3.763196211343187 3
    vertex 17.903199587653905 3.791077888627837 2.4
  endloop
endfacet
facet normal 0.09880093610697167 0.9951072178536272 0
  outer loop
    vertex 17.903199587653905 3.791077888627837 1.2000000000000002
    vertex 18.9668380870216 3.6854727060590573 2.4
    vertex 18.9668380870216 3.6854727060590573 1.2000000000000002
  endloop
endfacet
facet normal 0.09880093610697167 0.9951072178536272 0
  outer loop
    vertex 17.903199587653905 3.791077888627837 1.2000000000000002
    vertex 17.903199587653905 3.791077888627837 2.4
    vertex 18.9668380870216 3.6854727060590573 2.4
  endloop
endfacet
facet normal 0.030591017177896 0.9995275877972283 -0.0029649452399793455
  outer loop
    vertex 17.903199587653905 3.791077888627837 0.6000000000000001
    vertex 18.28943619619381 3.7774771255908473 0
    vertex 17.863188900610783 3.7905226267860153 0
  endloop
endfacet
facet normal -0.08632652502508734 0.9962551666403681 0.004834668495909494
  outer loop
    vertex 17.903199587653905 3.791077888627837 0.6000000000000001
    vertex 17.863188900610783 3.7905226267860153 0
    vertex 17.547827167206513 3.763196211343187 0
  endloop
endfacet
facet normal 0.09880093610697167 0.9951072178536271 0
  outer loop
    vertex 17.903199587653905 3.791077888627837 0.6000000000000001
    vertex 17.903199587653905 3.791077888627837 1.2000000000000002
    vertex 18.9668380870216 3.6854727060590573 1.2000000000000002
  endloop
endfacet
facet normal -0.07821726060831288 0.9969363370561488 0
  outer loop
    vertex 17.903199587653905 3.791077888627837 0.6000000000000001
    vertex 17.547827167206513 3.763196211343187 0
    vertex 17.903199587653905 3.791077888627837 1.2000000000000002
  endloop
endfacet
facet normal 0.09871782111831755 0.9942700969883754 0.041009340745473855
  outer loop
    vertex 17.903199587653905 3.791077888627837 0.6000000000000001
    vertex 18.9668380870216 3.6854727060590573 0.6000000000000001
    vertex 18.28943619619381 3.7774771255908473 0
  endloop
endfacet
facet normal 0.09880093610697167 0.9951072178536271 0
  outer loop
    vertex 17.903199587653905 3.791077888627837 0.6000000000000001
    vertex 18.9668380870216 3.6854727060590573 1.2000000000000002
    vertex 18.9668380870216 3.6854727060590573 0.6000000000000001
  endloop
endfacet
facet normal 0.9510565162951548 -0.3090169943749443 0
  outer loop
    vertex 19.181131646602058 -5.850467214860833 0
    vertex 18.956679821359998 -6.541258902297265 3
    vertex 18.956679821359998 -6.541258902297265 0
  endloop
endfacet
facet normal 0.9510565162951548 -0.3090169943749443 0
  outer loop
    vertex 19.181131646602058 -5.850467214860833 0
    vertex 19.181131646602058 -5.850467214860833 3
    vertex 18.956679821359998 -6.541258902297265 3
  endloop
endfacet
facet normal -0.20968611277882873 0.9777687528795878 0
  outer loop
    vertex 17.506882149928234 3.754415401478422 0
    vertex 17.547827167206513 3.763196211343187 3
    vertex 17.547827167206513 3.763196211343187 0
  endloop
endfacet
facet normal -0.20968611277882873 0.9777687528795878 0
  outer loop
    vertex 17.506882149928234 3.754415401478422 0
    vertex 17.506882149928234 3.754415401478422 3
    vertex 17.547827167206513 3.763196211343187 3
  endloop
endfacet
facet normal -0.2204816408206582 -0.9753602583139283 0.0077596754324854925
  outer loop
    vertex 17.089726250640112 -6.545080878888876 2.4
    vertex 17.16031680975377 -6.556264558916184 3
    vertex 16.743090709665616 -6.461949976835855 3
  endloop
endfacet
facet normal -0.08871459201023216 -0.9960239237963722 -0.00812800035290049
  outer loop
    vertex 17.089726250640112 -6.545080878888876 2.4
    vertex 17.728736277919836 -6.606892962515991 3
    vertex 17.16031680975377 -6.556264558916184 3
  endloop
endfacet
facet normal 0.013336322962534345 -0.9998613736172965 0.009968753080088094
  outer loop
    vertex 18.156789885314325 -6.607165591004054 2.4
    vertex 18.34418788538916 -6.598683963127078 3
    vertex 17.728736277919836 -6.606892962515991 3
  endloop
endfacet
facet normal 0.09333644736877225 -0.9955204316624849 -0.015079049542850791
  outer loop
    vertex 18.156789885314325 -6.607165591004054 2.4
    vertex 18.956679821359998 -6.541258902297265 3
    vertex 18.34418788538916 -6.598683963127078 3
  endloop
endfacet
facet normal -0.058035809192751135 -0.997474247502172 -0.04095082931172809
  outer loop
    vertex 18.156789885314325 -6.607165591004054 2.4
    vertex 17.728736277919836 -6.606892962515991 3
    vertex 17.089726250640112 -6.545080878888876 2.4
  endloop
endfacet
facet normal -0.2332094789026695 -0.9724265211058084 0
  outer loop
    vertex 17.089726250640112 -6.545080878888876 1.2000000000000002
    vertex 16.743090709665616 -6.461949976835855 3
    vertex 16.743090709665616 -6.461949976835855 0
  endloop
endfacet
facet normal -0.23320947890266946 -0.9724265211058084 0
  outer loop
    vertex 17.089726250640112 -6.545080878888876 1.2000000000000002
    vertex 17.089726250640112 -6.545080878888876 2.4
    vertex 16.743090709665616 -6.461949976835855 3
  endloop
endfacet
facet normal -0.2204816408206582 -0.9753602583139283 -0.0077596754324854925
  outer loop
    vertex 17.089726250640112 -6.545080878888876 0.6000000000000001
    vertex 16.743090709665616 -6.461949976835855 0
    vertex 17.16031680975377 -6.556264558916184 0
  endloop
endfacet
facet normal -0.08871459201023216 -0.9960239237963722 0.00812800035290049
  outer loop
    vertex 17.089726250640112 -6.545080878888876 0.6000000000000001
    vertex 17.16031680975377 -6.556264558916184 0
    vertex 17.728736277919836 -6.606892962515991 0
  endloop
endfacet
facet normal -0.23320947890266946 -0.9724265211058084 0
  outer loop
    vertex 17.089726250640112 -6.545080878888876 0.6000000000000001
    vertex 17.089726250640112 -6.545080878888876 1.2000000000000002
    vertex 16.743090709665616 -6.461949976835855 0
  endloop
endfacet
facet normal 0.08211642868619416 -0.9966227431379564 0
  outer loop
    vertex 18.156789885314325 -6.607165591004054 1.2000000000000002
    vertex 18.956679821359998 -6.541258902297265 0
    vertex 18.956679821359998 -6.541258902297265 3
  endloop
endfacet
facet normal 0.08211642868619416 -0.9966227431379565 0
  outer loop
    vertex 18.156789885314325 -6.607165591004054 1.2000000000000002
    vertex 18.956679821359998 -6.541258902297265 3
    vertex 18.156789885314325 -6.607165591004054 2.4
  endloop
endfacet
facet normal -0.05808453264986624 -0.9983116683014612 0
  outer loop
    vertex 18.156789885314325 -6.607165591004054 1.2000000000000002
    vertex 17.089726250640112 -6.545080878888876 2.4
    vertex 17.089726250640112 -6.545080878888876 1.2000000000000002
  endloop
endfacet
facet normal -0.05808453264986624 -0.9983116683014612 0
  outer loop
    vertex 18.156789885314325 -6.607165591004054 1.2000000000000002
    vertex 18.156789885314325 -6.607165591004054 2.4
    vertex 17.089726250640112 -6.545080878888876 2.4
  endloop
endfacet
facet normal 0.013336322962534345 -0.9998613736172965 -0.009968753080088094
  outer loop
    vertex 18.156789885314325 -6.607165591004054 0.6000000000000001
    vertex 17.728736277919836 -6.606892962515991 0
    vertex 18.34418788538916 -6.598683963127078 0
  endloop
endfacet
facet normal 0.09333644736877225 -0.9955204316624849 0.015079049542850791
  outer loop
    vertex 18.156789885314325 -6.607165591004054 0.6000000000000001
    vertex 18.34418788538916 -6.598683963127078 0
    vertex 18.956679821359998 -6.541258902297265 0
  endloop
endfacet
facet normal 0.08211642868619416 -0.9966227431379564 0
  outer loop
    vertex 18.156789885314325 -6.607165591004054 0.6000000000000001
    vertex 18.956679821359998 -6.541258902297265 0
    vertex 18.156789885314325 -6.607165591004054 1.2000000000000002
  endloop
endfacet
facet normal -0.05808453264986624 -0.9983116683014611 0
  outer loop
    vertex 18.156789885314325 -6.607165591004054 0.6000000000000001
    vertex 18.156789885314325 -6.607165591004054 1.2000000000000002
    vertex 17.089726250640112 -6.545080878888876 1.2000000000000002
  endloop
endfacet
facet normal -0.05808453264986624 -0.9983116683014611 0
  outer loop
    vertex 18.156789885314325 -6.607165591004054 0.6000000000000001
    vertex 17.089726250640112 -6.545080878888876 1.2000000000000002
    vertex 17.089726250640112 -6.545080878888876 0.6000000000000001
  endloop
endfacet
facet normal -0.058035809192751135 -0.997474247502172 0.04095082931172809
  outer loop
    vertex 18.156789885314325 -6.607165591004054 0.6000000000000001
    vertex 17.089726250640112 -6.545080878888876 0.6000000000000001
    vertex 17.728736277919836 -6.606892962515991 0
  endloop
endfacet
facet normal 0.9723699203976769 0.23344536385590375 0
  outer loop
    vertex 17.30321513812998 4.602749558896706 0
    vertex 17.506882149928234 3.754415401478422 3
    vertex 17.506882149928234 3.754415401478422 0
  endloop
endfacet
facet normal 0.9723699203976769 0.23344536385590375 0
  outer loop
    vertex 17.30321513812998 4.602749558896706 0
    vertex 17.30321513812998 4.602749558896706 3
    vertex 17.506882149928234 3.754415401478422 3
  endloop
endfacet
facet normal -0.36006126056600685 -0.9329286621385464 0
  outer loop
    vertex 16.743090709665616 -6.461949976835855 0
    vertex 16.704023414788207 -6.446872061437459 3
    vertex 16.704023414788207 -6.446872061437459 0
  endloop
endfacet
facet normal -0.36006126056600685 -0.9329286621385464 0
  outer loop
    vertex 16.743090709665616 -6.461949976835855 0
    vertex 16.743090709665616 -6.461949976835855 3
    vertex 16.704023414788207 -6.446872061437459 3
  endloop
endfacet
facet normal 0.25706603023186986 -0.9663938410921437 0
  outer loop
    vertex 17.343683819916553 4.613514448875552 0
    vertex 17.30321513812998 4.602749558896706 3
    vertex 17.30321513812998 4.602749558896706 0
  endloop
endfacet
facet normal 0.25706603023186986 -0.9663938410921437 0
  outer loop
    vertex 17.343683819916553 4.613514448875552 0
    vertex 17.343683819916553 4.613514448875552 3
    vertex 17.30321513812998 4.602749558896706 3
  endloop
endfacet
facet normal 0.9238795325112837 -0.38268343236509694 0
  outer loop
    vertex 16.704023414788207 -6.446872061437459 0
    vertex 16.370155181780127 -7.252901277611087 3
    vertex 16.370155181780127 -7.252901277611087 0
  endloop
endfacet
facet normal 0.9238795325112837 -0.38268343236509694 0
  outer loop
    vertex 16.704023414788207 -6.446872061437459 0
    vertex 16.704023414788207 -6.446872061437459 3
    vertex 16.370155181780127 -7.252901277611087 3
  endloop
endfacet
facet normal 0.3949289811374543 -0.9186788814895636 0.007759675432440421
  outer loop
    vertex 17.672980981655822 4.750007395262179 2.4
    vertex 17.7366635458072 4.782451697658312 3
    vertex 17.343683819916553 4.613514448875552 3
  endloop
endfacet
facet normal 0.5136765607525702 -0.8579454100021023 -0.008128000352837226
  outer loop
    vertex 17.672980981655822 4.750007395262179 2.4
    vertex 18.226283184469725 5.075601039251579 3
    vertex 17.7366635458072 4.782451697658312 3
  endloop
endfacet
facet normal 0.5984930816681816 -0.8010659493183764 0.009968753080087302
  outer loop
    vertex 18.57274607436088 5.326984075789228 2.4
    vertex 18.71936886535137 5.443995637634416 3
    vertex 18.226283184469725 5.075601039251579 3
  endloop
endfacet
facet normal 0.6606630002029545 -0.7505311601977069 -0.015079049542823823
  outer loop
    vertex 18.57274607436088 5.326984075789228 2.4
    vertex 19.181131646602022 5.850467214860808 3
    vertex 18.71936886535137 5.443995637634416 3
  endloop
endfacet
facet normal 0.5393486963040736 -0.8410862104289767 -0.040950829311741335
  outer loop
    vertex 18.57274607436088 5.326984075789228 2.4
    vertex 18.226283184469725 5.075601039251579 3
    vertex 17.672980981655822 4.750007395262179 2.4
  endloop
endfacet
facet normal 0.3829075363624901 -0.9237866737493068 0
  outer loop
    vertex 17.672980981655822 4.750007395262179 1.2000000000000002
    vertex 17.343683819916553 4.613514448875552 3
    vertex 17.343683819916553 4.613514448875552 0
  endloop
endfacet
facet normal 0.3829075363624902 -0.923786673749307 0
  outer loop
    vertex 17.672980981655822 4.750007395262179 1.2000000000000002
    vertex 17.672980981655822 4.750007395262179 2.4
    vertex 17.343683819916553 4.613514448875552 3
  endloop
endfacet
facet normal 0.3949289811374543 -0.9186788814895636 -0.007759675432440421
  outer loop
    vertex 17.672980981655822 4.750007395262179 0.6000000000000001
    vertex 17.343683819916553 4.613514448875552 0
    vertex 17.7366635458072 4.782451697658312 0
  endloop
endfacet
facet normal 0.5136765607525702 -0.8579454100021023 0.008128000352837226
  outer loop
    vertex 17.672980981655822 4.750007395262179 0.6000000000000001
    vertex 17.7366635458072 4.782451697658312 0
    vertex 18.226283184469725 5.075601039251579 0
  endloop
endfacet
facet normal 0.38290753636249014 -0.9237866737493069 0
  outer loop
    vertex 17.672980981655822 4.750007395262179 0.6000000000000001
    vertex 17.672980981655822 4.750007395262179 1.2000000000000002
    vertex 17.343683819916553 4.613514448875552 0
  endloop
endfacet
facet normal 0.6522337368402741 -0.7580179104265098 0
  outer loop
    vertex 18.57274607436088 5.326984075789228 1.2000000000000002
    vertex 19.181131646602022 5.850467214860808 0
    vertex 19.181131646602022 5.850467214860808 3
  endloop
endfacet
facet normal 0.6522337368402741 -0.7580179104265098 0
  outer loop
    vertex 18.57274607436088 5.326984075789228 1.2000000000000002
    vertex 19.181131646602022 5.850467214860808 3
    vertex 18.57274607436088 5.326984075789228 2.4
  endloop
endfacet
facet normal 0.5398015017950282 -0.8417923370165781 0
  outer loop
    vertex 18.57274607436088 5.326984075789228 1.2000000000000002
    vertex 17.672980981655822 4.750007395262179 2.4
    vertex 17.672980981655822 4.750007395262179 1.2000000000000002
  endloop
endfacet
facet normal 0.5398015017950282 -0.8417923370165781 0
  outer loop
    vertex 18.57274607436088 5.326984075789228 1.2000000000000002
    vertex 18.57274607436088 5.326984075789228 2.4
    vertex 17.672980981655822 4.750007395262179 2.4
  endloop
endfacet
facet normal 0.5984930816681816 -0.8010659493183764 -0.009968753080087302
  outer loop
    vertex 18.57274607436088 5.326984075789228 0.6000000000000001
    vertex 18.226283184469725 5.075601039251579 0
    vertex 18.71936886535137 5.443995637634416 0
  endloop
endfacet
facet normal 0.6606630002029545 -0.7505311601977069 0.015079049542823823
  outer loop
    vertex 18.57274607436088 5.326984075789228 0.6000000000000001
    vertex 18.71936886535137 5.443995637634416 0
    vertex 19.181131646602022 5.850467214860808 0
  endloop
endfacet
facet normal 0.652233736840274 -0.7580179104265097 0
  outer loop
    vertex 18.57274607436088 5.326984075789228 0.6000000000000001
    vertex 19.181131646602022 5.850467214860808 0
    vertex 18.57274607436088 5.326984075789228 1.2000000000000002
  endloop
endfacet
facet normal 0.5398015017950282 -0.841792337016578 0
  outer loop
    vertex 18.57274607436088 5.326984075789228 0.6000000000000001
    vertex 18.57274607436088 5.326984075789228 1.2000000000000002
    vertex 17.672980981655822 4.750007395262179 1.2000000000000002
  endloop
endfacet
facet normal 0.5398015017950282 -0.841792337016578 0
  outer loop
    vertex 18.57274607436088 5.326984075789228 0.6000000000000001
    vertex 17.672980981655822 4.750007395262179 1.2000000000000002
    vertex 17.672980981655822 4.750007395262179 0.6000000000000001
  endloop
endfacet
facet normal 0.5393486963040736 -0.8410862104289767 0.040950829311741335
  outer loop
    vertex 18.57274607436088 5.326984075789228 0.6000000000000001
    vertex 17.672980981655822 4.750007395262179 0.6000000000000001
    vertex 18.226283184469725 5.075601039251579 0
  endloop
endfacet
facet normal 0.4050784243727661 0.9142819423502125 0
  outer loop
    vertex 16.370155181780127 -7.252901277611087 0
    vertex 16.408441627134927 -7.269864330517162 3
    vertex 16.408441627134927 -7.269864330517162 0
  endloop
endfacet
facet normal 0.4050784243727661 0.9142819423502125 0
  outer loop
    vertex 16.370155181780127 -7.252901277611087 0
    vertex 16.370155181780127 -7.252901277611087 3
    vertex 16.408441627134927 -7.269864330517162 3
  endloop
endfacet
facet normal 0.9510565162951525 0.30901699437495017 0
  outer loop
    vertex 18.956679821359955 6.541258902297248 0
    vertex 19.181131646602022 5.850467214860808 3
    vertex 19.181131646602022 5.850467214860808 0
  endloop
endfacet
facet normal 0.9510565162951525 0.30901699437495017 0
  outer loop
    vertex 18.956679821359955 6.541258902297248 0
    vertex 18.956679821359955 6.541258902297248 3
    vertex 19.181131646602022 5.850467214860808 3
  endloop
endfacet
facet normal 0.7651414703795201 0.6438435014788497 -0.004906720790950664
  outer loop
    vertex 17.510760846306457 -8.166817658663689 2.4
    vertex 17.551285343396206 -8.210404245700154 3
    vertex 18.029765377777103 -8.779028323154588 3
  endloop
endfacet
facet normal 0.694683150354141 0.719296097990433 0.005333294458710104
  outer loop
    vertex 17.510760846306457 -8.166817658663689 2.4
    vertex 17.016810045551587 -7.694217678401264 3
    vertex 17.551285343396206 -8.210404245700154 3
  endloop
endfacet
facet normal 0.6122562281387975 0.7906538561247749 0.0029649452399845263
  outer loop
    vertex 16.71233239332611 -7.45619024757265 2.4
    vertex 16.679636692829774 -7.433121772060941 3
    vertex 17.016810045551587 -7.694217678401264 3
  endloop
endfacet
facet normal 0.515744468660742 0.8567288188373166 -0.004834668495916015
  outer loop
    vertex 16.71233239332611 -7.45619024757265 2.4
    vertex 16.408441627134927 -7.269864330517162 3
    vertex 16.679636692829774 -7.433121772060941 3
  endloop
endfacet
facet normal 0.6642816947375597 0.7463565260706283 -0.04100934074548491
  outer loop
    vertex 16.71233239332611 -7.45619024757265 2.4
    vertex 17.016810045551587 -7.694217678401264 3
    vertex 17.510760846306457 -8.166817658663689 2.4
  endloop
endfacet
facet normal 0.7627837835284231 0.6466536163867515 0
  outer loop
    vertex 17.510760846306457 -8.166817658663689 1.2000000000000002
    vertex 18.029765377777103 -8.779028323154588 3
    vertex 18.029765377777103 -8.779028323154588 0
  endloop
endfacet
facet normal 0.762783783528423 0.6466536163867513 0
  outer loop
    vertex 17.510760846306457 -8.166817658663689 1.2000000000000002
    vertex 17.510760846306457 -8.166817658663689 2.4
    vertex 18.029765377777103 -8.779028323154588 3
  endloop
endfacet
facet normal 0.7651414703795201 0.6438435014788497 0.004906720790950664
  outer loop
    vertex 17.510760846306457 -8.166817658663689 0.6000000000000001
    vertex 18.029765377777103 -8.779028323154588 0
    vertex 17.551285343396206 -8.210404245700154 0
  endloop
endfacet
facet normal 0.694683150354141 0.719296097990433 -0.005333294458710104
  outer loop
    vertex 17.510760846306457 -8.166817658663689 0.6000000000000001
    vertex 17.551285343396206 -8.210404245700154 0
    vertex 17.016810045551587 -7.694217678401264 0
  endloop
endfacet
facet normal 0.7627837835284231 0.6466536163867515 0
  outer loop
    vertex 17.510760846306457 -8.166817658663689 0.6000000000000001
    vertex 17.510760846306457 -8.166817658663689 1.2000000000000002
    vertex 18.029765377777103 -8.779028323154588 0
  endloop
endfacet
facet normal 0.5227053833104961 0.8525133912486226 0
  outer loop
    vertex 16.71233239332611 -7.45619024757265 1.2000000000000002
    vertex 16.408441627134927 -7.269864330517162 0
    vertex 16.408441627134927 -7.269864330517162 3
  endloop
endfacet
facet normal 0.5227053833104962 0.8525133912486227 0
  outer loop
    vertex 16.71233239332611 -7.45619024757265 1.2000000000000002
    vertex 16.408441627134927 -7.269864330517162 3
    vertex 16.71233239332611 -7.45619024757265 2.4
  endloop
endfacet
facet normal 0.6648409834748497 0.7469849173123877 0
  outer loop
    vertex 16.71233239332611 -7.45619024757265 1.2000000000000002
    vertex 17.510760846306457 -8.166817658663689 2.4
    vertex 17.510760846306457 -8.166817658663689 1.2000000000000002
  endloop
endfacet
facet normal 0.6648409834748497 0.7469849173123877 0
  outer loop
    vertex 16.71233239332611 -7.45619024757265 1.2000000000000002
    vertex 16.71233239332611 -7.45619024757265 2.4
    vertex 17.510760846306457 -8.166817658663689 2.4
  endloop
endfacet
facet normal 0.6122562281387975 0.7906538561247749 -0.0029649452399845263
  outer loop
    vertex 16.71233239332611 -7.45619024757265 0.6000000000000001
    vertex 17.016810045551587 -7.694217678401264 0
    vertex 16.679636692829774 -7.433121772060941 0
  endloop
endfacet
facet normal 0.515744468660742 0.8567288188373166 0.004834668495916015
  outer loop
    vertex 16.71233239332611 -7.45619024757265 0.6000000000000001
    vertex 16.679636692829774 -7.433121772060941 0
    vertex 16.408441627134927 -7.269864330517162 0
  endloop
endfacet
facet normal 0.6648409834748498 0.7469849173123877 0
  outer loop
    vertex 16.71233239332611 -7.45619024757265 0.6000000000000001
    vertex 16.71233239332611 -7.45619024757265 1.2000000000000002
    vertex 17.510760846306457 -8.166817658663689 1.2000000000000002
  endloop
endfacet
facet normal 0.5227053833104962 0.8525133912486228 0
  outer loop
    vertex 16.71233239332611 -7.45619024757265 0.6000000000000001
    vertex 16.408441627134927 -7.269864330517162 0
    vertex 16.71233239332611 -7.45619024757265 1.2000000000000002
  endloop
endfacet
facet normal 0.6642816947375597 0.7463565260706283 0.04100934074548491
  outer loop
    vertex 16.71233239332611 -7.45619024757265 0.6000000000000001
    vertex 17.510760846306457 -8.166817658663689 0.6000000000000001
    vertex 17.016810045551587 -7.694217678401264 0
  endloop
endfacet
facet normal 0.6648409834748498 0.7469849173123877 0
  outer loop
    vertex 16.71233239332611 -7.45619024757265 0.6000000000000001
    vertex 17.510760846306457 -8.166817658663689 1.2000000000000002
    vertex 17.510760846306457 -8.166817658663689 0.6000000000000001
  endloop
endfacet
facet normal 0.08577061635382166 0.9963028281909898 -0.0049067207909540105
  outer loop
    vertex 18.156789885314296 6.607165591004042 2.4
    vertex 18.216265403272875 6.605000366438119 3
    vertex 18.956679821359955 6.541258902297248 3
  endloop
endfacet
facet normal -0.01740398217862973 0.9998343149615054 0.005333294458705423
  outer loop
    vertex 18.156789885314296 6.607165591004042 2.4
    vertex 17.473335273695803 6.592068281049928 3
    vertex 18.216265403272875 6.605000366438119 3
  endloop
endfacet
facet normal -0.126146172496381 0.9920072339777758 0.0029649452399301284
  outer loop
    vertex 17.089726250640098 6.545080878888867 2.4
    vertex 17.050295023638224 6.538273402818353 3
    vertex 17.473335273695803 6.592068281049928 3
  endloop
endfacet
facet normal -0.2411123462881934 0.9704851685873092 -0.004834668495828967
  outer loop
    vertex 17.089726250640098 6.545080878888867 2.4
    vertex 16.743090709665584 6.461949976835842 3
    vertex 17.050295023638224 6.538273402818353 3
  endloop
endfacet
facet normal -0.05803566980035724 0.9974718517343963 -0.041009340745472245
  outer loop
    vertex 17.089726250640098 6.545080878888867 2.4
    vertex 17.473335273695803 6.592068281049928 3
    vertex 18.156789885314296 6.607165591004042 2.4
  endloop
endfacet
facet normal 0.08211642868620331 0.9966227431379558 0
  outer loop
    vertex 18.156789885314296 6.607165591004042 1.2000000000000002
    vertex 18.956679821359955 6.541258902297248 3
    vertex 18.956679821359955 6.541258902297248 0
  endloop
endfacet
facet normal 0.08211642868620332 0.9966227431379558 0
  outer loop
    vertex 18.156789885314296 6.607165591004042 1.2000000000000002
    vertex 18.156789885314296 6.607165591004042 2.4
    vertex 18.956679821359955 6.541258902297248 3
  endloop
endfacet
facet normal 0.08577061635382166 0.9963028281909898 0.0049067207909540105
  outer loop
    vertex 18.156789885314296 6.607165591004042 0.6000000000000001
    vertex 18.956679821359955 6.541258902297248 0
    vertex 18.216265403272875 6.605000366438119 0
  endloop
endfacet
facet normal -0.01740398217862973 0.9998343149615054 -0.005333294458705423
  outer loop
    vertex 18.156789885314296 6.607165591004042 0.6000000000000001
    vertex 18.216265403272875 6.605000366438119 0
    vertex 17.473335273695803 6.592068281049928 0
  endloop
endfacet
facet normal 0.08211642868620332 0.9966227431379557 0
  outer loop
    vertex 18.156789885314296 6.607165591004042 0.6000000000000001
    vertex 18.156789885314296 6.607165591004042 1.2000000000000002
    vertex 18.956679821359955 6.541258902297248 0
  endloop
endfacet
facet normal -0.2332094789026676 0.9724265211058088 0
  outer loop
    vertex 17.089726250640098 6.545080878888867 1.2000000000000002
    vertex 16.743090709665584 6.461949976835842 0
    vertex 16.743090709665584 6.461949976835842 3
  endloop
endfacet
facet normal -0.23320947890266763 0.972426521105809 0
  outer loop
    vertex 17.089726250640098 6.545080878888867 1.2000000000000002
    vertex 16.743090709665584 6.461949976835842 3
    vertex 17.089726250640098 6.545080878888867 2.4
  endloop
endfacet
facet normal -0.058084532649864525 0.9983116683014613 0
  outer loop
    vertex 17.089726250640098 6.545080878888867 1.2000000000000002
    vertex 18.156789885314296 6.607165591004042 2.4
    vertex 18.156789885314296 6.607165591004042 1.2000000000000002
  endloop
endfacet
facet normal -0.058084532649864525 0.9983116683014613 0
  outer loop
    vertex 17.089726250640098 6.545080878888867 1.2000000000000002
    vertex 17.089726250640098 6.545080878888867 2.4
    vertex 18.156789885314296 6.607165591004042 2.4
  endloop
endfacet
facet normal -0.126146172496381 0.9920072339777758 -0.0029649452399301284
  outer loop
    vertex 17.089726250640098 6.545080878888867 0.6000000000000001
    vertex 17.473335273695803 6.592068281049928 0
    vertex 17.050295023638224 6.538273402818353 0
  endloop
endfacet
facet normal -0.2411123462881934 0.9704851685873092 0.004834668495828967
  outer loop
    vertex 17.089726250640098 6.545080878888867 0.6000000000000001
    vertex 17.050295023638224 6.538273402818353 0
    vertex 16.743090709665584 6.461949976835842 0
  endloop
endfacet
facet normal -0.058084532649864525 0.9983116683014613 0
  outer loop
    vertex 17.089726250640098 6.545080878888867 0.6000000000000001
    vertex 17.089726250640098 6.545080878888867 1.2000000000000002
    vertex 18.156789885314296 6.607165591004042 1.2000000000000002
  endloop
endfacet
facet normal -0.2332094789026676 0.972426521105809 0
  outer loop
    vertex 17.089726250640098 6.545080878888867 0.6000000000000001
    vertex 16.743090709665584 6.461949976835842 0
    vertex 17.089726250640098 6.545080878888867 1.2000000000000002
  endloop
endfacet
facet normal -0.05803566980035724 0.9974718517343963 0.041009340745472245
  outer loop
    vertex 17.089726250640098 6.545080878888867 0.6000000000000001
    vertex 18.156789885314296 6.607165591004042 0.6000000000000001
    vertex 17.473335273695803 6.592068281049928 0
  endloop
endfacet
facet normal -0.058084532649864525 0.9983116683014613 0
  outer loop
    vertex 17.089726250640098 6.545080878888867 0.6000000000000001
    vertex 18.156789885314296 6.607165591004042 1.2000000000000002
    vertex 18.156789885314296 6.607165591004042 0.6000000000000001
  endloop
endfacet
facet normal 0.8910065241883699 -0.4539904997395427 0
  outer loop
    vertex 18.029765377777103 -8.779028323154588 0
    vertex 17.700013298881867 -9.426203217406549 3
    vertex 17.700013298881867 -9.426203217406549 0
  endloop
endfacet
facet normal 0.8910065241883699 -0.4539904997395427 0
  outer loop
    vertex 18.029765377777103 -8.779028323154588 0
    vertex 18.029765377777103 -8.779028323154588 3
    vertex 17.700013298881867 -9.426203217406549 3
  endloop
endfacet
facet normal -0.3600612605661176 0.9329286621385036 0
  outer loop
    vertex 16.704023414788175 6.446872061437441 0
    vertex 16.743090709665584 6.461949976835842 3
    vertex 16.743090709665584 6.461949976835842 0
  endloop
endfacet
facet normal -0.3600612605661176 0.9329286621385036 0
  outer loop
    vertex 16.704023414788175 6.446872061437441 0
    vertex 16.704023414788175 6.446872061437441 3
    vertex 16.743090709665584 6.461949976835842 3
  endloop
endfacet
facet normal -0.37034710618473865 -0.9288610274835376 0.007759675432454933
  outer loop
    vertex 15.855447135785871 -9.137922256033596 2.4
    vertex 15.92341909497599 -9.160011042753263 3
    vertex 15.526083791720449 -9.001589087916393 3
  endloop
endfacet
facet normal -0.24343483785561076 -0.9698831967450908 -0.008128000352860893
  outer loop
    vertex 15.855447135785871 -9.137922256033596 2.4
    vertex 16.476920349017536 -9.298936522112706 3
    vertex 15.92341909497599 -9.160011042753263 3
  endloop
endfacet
facet normal -0.14324064839978135 -0.9896376814814795 0.009968753080088317
  outer loop
    vertex 16.899661257699744 -9.366168131173108 2.4
    vertex 17.08607889634377 -9.387106432101033 3
    vertex 16.476920349017536 -9.298936522112706 3
  endloop
endfacet
facet normal -0.06354638534505343 -0.9978649603901637 -0.015079049542822175
  outer loop
    vertex 16.899661257699744 -9.366168131173108 2.4
    vertex 17.700013298881867 -9.426203217406549 3
    vertex 17.08607889634377 -9.387106432101033 3
  endloop
endfacet
facet normal -0.2133606423760941 -0.9761148835375578 -0.04095082931175491
  outer loop
    vertex 16.899661257699744 -9.366168131173108 2.4
    vertex 16.476920349017536 -9.298936522112706 3
    vertex 15.855447135785871 -9.137922256033596 2.4
  endloop
endfacet
facet normal -0.38245930584855525 -0.9239723369072482 0
  outer loop
    vertex 15.855447135785871 -9.137922256033596 1.2000000000000002
    vertex 15.526083791720449 -9.001589087916393 3
    vertex 15.526083791720449 -9.001589087916393 0
  endloop
endfacet
facet normal -0.3824593058485553 -0.9239723369072482 0
  outer loop
    vertex 15.855447135785871 -9.137922256033596 1.2000000000000002
    vertex 15.855447135785871 -9.137922256033596 2.4
    vertex 15.526083791720449 -9.001589087916393 3
  endloop
endfacet
facet normal -0.37034710618473865 -0.9288610274835376 -0.007759675432454933
  outer loop
    vertex 15.855447135785871 -9.137922256033596 0.6000000000000001
    vertex 15.526083791720449 -9.001589087916393 0
    vertex 15.92341909497599 -9.160011042753263 0
  endloop
endfacet
facet normal -0.24343483785561076 -0.9698831967450908 0.008128000352860893
  outer loop
    vertex 15.855447135785871 -9.137922256033596 0.6000000000000001
    vertex 15.92341909497599 -9.160011042753263 0
    vertex 16.476920349017536 -9.298936522112706 0
  endloop
endfacet
facet normal -0.3824593058485553 -0.9239723369072482 0
  outer loop
    vertex 15.855447135785871 -9.137922256033596 0.6000000000000001
    vertex 15.855447135785871 -9.137922256033596 1.2000000000000002
    vertex 15.526083791720449 -9.001589087916393 0
  endloop
endfacet
facet normal -0.07480070648504714 -0.9971985029618416 0
  outer loop
    vertex 16.899661257699744 -9.366168131173108 1.2000000000000002
    vertex 17.700013298881867 -9.426203217406549 0
    vertex 17.700013298881867 -9.426203217406549 3
  endloop
endfacet
facet normal -0.07480070648504714 -0.9971985029618415 0
  outer loop
    vertex 16.899661257699744 -9.366168131173108 1.2000000000000002
    vertex 17.700013298881867 -9.426203217406549 3
    vertex 16.899661257699744 -9.366168131173108 2.4
  endloop
endfacet
facet normal -0.21353976744135073 -0.97693437226924 0
  outer loop
    vertex 16.899661257699744 -9.366168131173108 1.2000000000000002
    vertex 15.855447135785871 -9.137922256033596 2.4
    vertex 15.855447135785871 -9.137922256033596 1.2000000000000002
  endloop
endfacet
facet normal -0.21353976744135073 -0.97693437226924 0
  outer loop
    vertex 16.899661257699744 -9.366168131173108 1.2000000000000002
    vertex 16.899661257699744 -9.366168131173108 2.4
    vertex 15.855447135785871 -9.137922256033596 2.4
  endloop
endfacet
facet normal -0.14324064839978135 -0.9896376814814795 -0.009968753080088317
  outer loop
    vertex 16.899661257699744 -9.366168131173108 0.6000000000000001
    vertex 16.476920349017536 -9.298936522112706 0
    vertex 17.08607889634377 -9.387106432101033 0
  endloop
endfacet
facet normal -0.06354638534505343 -0.9978649603901637 0.015079049542822175
  outer loop
    vertex 16.899661257699744 -9.366168131173108 0.6000000000000001
    vertex 17.08607889634377 -9.387106432101033 0
    vertex 17.700013298881867 -9.426203217406549 0
  endloop
endfacet
facet normal -0.07480070648504714 -0.9971985029618414 0
  outer loop
    vertex 16.899661257699744 -9.366168131173108 0.6000000000000001
    vertex 17.700013298881867 -9.426203217406549 0
    vertex 16.899661257699744 -9.366168131173108 1.2000000000000002
  endloop
endfacet
facet normal -0.21353976744135073 -0.9769343722692398 0
  outer loop
    vertex 16.899661257699744 -9.366168131173108 0.6000000000000001
    vertex 16.899661257699744 -9.366168131173108 1.2000000000000002
    vertex 15.855447135785871 -9.137922256033596 1.2000000000000002
  endloop
endfacet
facet normal -0.21353976744135073 -0.9769343722692398 0
  outer loop
    vertex 16.899661257699744 -9.366168131173108 0.6000000000000001
    vertex 15.855447135785871 -9.137922256033596 1.2000000000000002
    vertex 15.855447135785871 -9.137922256033596 0.6000000000000001
  endloop
endfacet
facet normal -0.2133606423760941 -0.9761148835375578 0.04095082931175491
  outer loop
    vertex 16.899661257699744 -9.366168131173108 0.6000000000000001
    vertex 15.855447135785871 -9.137922256033596 0.6000000000000001
    vertex 16.476920349017536 -9.298936522112706 0
  endloop
endfacet
facet normal 0.9238795325112882 0.3826834323650864 0
  outer loop
    vertex 16.370155181780103 7.252901277611078 0
    vertex 16.704023414788175 6.446872061437441 3
    vertex 16.704023414788175 6.446872061437441 0
  endloop
endfacet
facet normal 0.9238795325112882 0.3826834323650864 0
  outer loop
    vertex 16.370155181780103 7.252901277611078 0
    vertex 16.370155181780103 7.252901277611078 3
    vertex 16.704023414788175 6.446872061437441 3
  endloop
endfacet
facet normal -0.5015705051433458 -0.865116771522925 0
  outer loop
    vertex 15.526083791720449 -9.001589087916393 0
    vertex 15.489856185700708 -8.980585335302202 3
    vertex 15.489856185700708 -8.980585335302202 0
  endloop
endfacet
facet normal -0.5015705051433458 -0.865116771522925 0
  outer loop
    vertex 15.526083791720449 -9.001589087916393 0
    vertex 15.526083791720449 -9.001589087916393 3
    vertex 15.489856185700708 -8.980585335302202 3
  endloop
endfacet
facet normal 0.4050784243725138 -0.9142819423503242 0
  outer loop
    vertex 16.4084416271349 7.269864330517139 0
    vertex 16.370155181780103 7.252901277611078 3
    vertex 16.370155181780103 7.252901277611078 0
  endloop
endfacet
facet normal 0.4050784243725138 -0.9142819423503242 0
  outer loop
    vertex 16.4084416271349 7.269864330517139 0
    vertex 16.4084416271349 7.269864330517139 3
    vertex 16.370155181780103 7.252901277611078 3
  endloop
endfacet
facet normal 0.8526401643540893 -0.5224985647159537 0
  outer loop
    vertex 15.489856185700708 -8.980585335302202 0
    vertex 15.034007675424611 -9.724462495871386 3
    vertex 15.034007675424611 -9.724462495871386 0
  endloop
endfacet
facet normal 0.8526401643540893 -0.5224985647159537 0
  outer loop
    vertex 15.489856185700708 -8.980585335302202 0
    vertex 15.489856185700708 -8.980585335302202 3
    vertex 15.034007675424611 -9.724462495871386 3
  endloop
endfacet
facet normal 0.533779789402195 -0.8455879161050796 0.007759675432467681
  outer loop
    vertex 16.71233239332609 7.456190247572636 2.4
    vertex 16.77015551234888 7.498197254623608 3
    vertex 16.4084416271349 7.269864330517139 3
  endloop
endfacet
facet normal 0.6415645811397895 -0.7670259603411022 -0.008128000352874004
  outer loop
    vertex 16.71233239332609 7.456190247572636 2.4
    vertex 17.20788846035346 7.864330827616046 3
    vertex 16.77015551234888 7.498197254623608 3
  endloop
endfacet
facet normal 0.7164389619341304 -0.6975785531284444 0.00996875308008692
  outer loop
    vertex 17.51076084630644 8.166817658663676 2.4
    vertex 17.6372738263527 8.305325471884531 3
    vertex 17.20788846035346 7.864330827616046 3
  endloop
endfacet
facet normal 0.7699380829046264 -0.6379404131719771 -0.015079049542850451
  outer loop
    vertex 17.51076084630644 8.166817658663676 2.4
    vertex 18.029765377777075 8.77902832315456 3
    vertex 17.6372738263527 8.305325471884531 3
  endloop
endfacet
facet normal 0.6642832902358942 -0.7463583186995758 -0.04095082931171802
  outer loop
    vertex 17.51076084630644 8.166817658663676 2.4
    vertex 17.20788846035346 7.864330827616046 3
    vertex 16.71233239332609 7.456190247572636 2.4
  endloop
endfacet
facet normal 0.5227053833105054 -0.852513391248617 0
  outer loop
    vertex 16.71233239332609 7.456190247572636 1.2000000000000002
    vertex 16.4084416271349 7.269864330517139 3
    vertex 16.4084416271349 7.269864330517139 0
  endloop
endfacet
facet normal 0.5227053833105054 -0.8525133912486171 0
  outer loop
    vertex 16.71233239332609 7.456190247572636 1.2000000000000002
    vertex 16.71233239332609 7.456190247572636 2.4
    vertex 16.4084416271349 7.269864330517139 3
  endloop
endfacet
facet normal 0.533779789402195 -0.8455879161050796 -0.007759675432467681
  outer loop
    vertex 16.71233239332609 7.456190247572636 0.6000000000000001
    vertex 16.4084416271349 7.269864330517139 0
    vertex 16.77015551234888 7.498197254623608 0
  endloop
endfacet
facet normal 0.6415645811397895 -0.7670259603411022 0.008128000352874004
  outer loop
    vertex 16.71233239332609 7.456190247572636 0.6000000000000001
    vertex 16.77015551234888 7.498197254623608 0
    vertex 17.20788846035346 7.864330827616046 0
  endloop
endfacet
facet normal 0.5227053833105054 -0.852513391248617 0
  outer loop
    vertex 16.71233239332609 7.456190247572636 0.6000000000000001
    vertex 16.71233239332609 7.456190247572636 1.2000000000000002
    vertex 16.4084416271349 7.269864330517139 0
  endloop
endfacet
facet normal 0.7627837835284212 -0.6466536163867533 0
  outer loop
    vertex 17.51076084630644 8.166817658663676 1.2000000000000002
    vertex 18.029765377777075 8.77902832315456 0
    vertex 18.029765377777075 8.77902832315456 3
  endloop
endfacet
facet normal 0.7627837835284212 -0.6466536163867534 0
  outer loop
    vertex 17.51076084630644 8.166817658663676 1.2000000000000002
    vertex 18.029765377777075 8.77902832315456 3
    vertex 17.51076084630644 8.166817658663676 2.4
  endloop
endfacet
facet normal 0.6648409834748489 -0.7469849173123884 0
  outer loop
    vertex 17.51076084630644 8.166817658663676 1.2000000000000002
    vertex 16.71233239332609 7.456190247572636 2.4
    vertex 16.71233239332609 7.456190247572636 1.2000000000000002
  endloop
endfacet
facet normal 0.6648409834748489 -0.7469849173123884 0
  outer loop
    vertex 17.51076084630644 8.166817658663676 1.2000000000000002
    vertex 17.51076084630644 8.166817658663676 2.4
    vertex 16.71233239332609 7.456190247572636 2.4
  endloop
endfacet
facet normal 0.7164389619341304 -0.6975785531284444 -0.00996875308008692
  outer loop
    vertex 17.51076084630644 8.166817658663676 0.6000000000000001
    vertex 17.20788846035346 7.864330827616046 0
    vertex 17.6372738263527 8.305325471884531 0
  endloop
endfacet
facet normal 0.7699380829046264 -0.6379404131719771 0.015079049542850451
  outer loop
    vertex 17.51076084630644 8.166817658663676 0.6000000000000001
    vertex 17.6372738263527 8.305325471884531 0
    vertex 18.029765377777075 8.77902832315456 0
  endloop
endfacet
facet normal 0.7627837835284214 -0.6466536163867534 0
  outer loop
    vertex 17.51076084630644 8.166817658663676 0.6000000000000001
    vertex 18.029765377777075 8.77902832315456 0
    vertex 17.51076084630644 8.166817658663676 1.2000000000000002
  endloop
endfacet
facet normal 0.664840983474849 -0.7469849173123885 0
  outer loop
    vertex 17.51076084630644 8.166817658663676 0.6000000000000001
    vertex 17.51076084630644 8.166817658663676 1.2000000000000002
    vertex 16.71233239332609 7.456190247572636 1.2000000000000002
  endloop
endfacet
facet normal 0.664840983474849 -0.7469849173123885 0
  outer loop
    vertex 17.51076084630644 8.166817658663676 0.6000000000000001
    vertex 16.71233239332609 7.456190247572636 1.2000000000000002
    vertex 16.71233239332609 7.456190247572636 0.6000000000000001
  endloop
endfacet
facet normal 0.6642832902358942 -0.7463583186995758 0.04095082931171802
  outer loop
    vertex 17.51076084630644 8.166817658663676 0.6000000000000001
    vertex 16.71233239332609 7.456190247572636 0.6000000000000001
    vertex 17.20788846035346 7.864330827616046 0
  endloop
endfacet
facet normal 0.5431164433271314 0.839657387859886 0
  outer loop
    vertex 15.034007675424611 -9.724462495871386 0
    vertex 15.069169144997568 -9.747206025044985 3
    vertex 15.069169144997568 -9.747206025044985 0
  endloop
endfacet
facet normal 0.5431164433271314 0.839657387859886 0
  outer loop
    vertex 15.034007675424611 -9.724462495871386 0
    vertex 15.034007675424611 -9.724462495871386 3
    vertex 15.069169144997568 -9.747206025044985 3
  endloop
endfacet
facet normal 0.891006524188365 0.4539904997395524 0
  outer loop
    vertex 17.700013298881828 9.426203217406524 0
    vertex 18.029765377777075 8.77902832315456 3
    vertex 18.029765377777075 8.77902832315456 0
  endloop
endfacet
facet normal 0.891006524188365 0.4539904997395524 0
  outer loop
    vertex 17.700013298881828 9.426203217406524 0
    vertex 17.700013298881828 9.426203217406524 3
    vertex 18.029765377777075 8.77902832315456 3
  endloop
endfacet
facet normal 0.8564406229231476 0.5162222229796879 -0.0049067207909536375
  outer loop
    vertex 16.01760257133257 -10.805557086667976 2.4
    vertex 16.05080970019062 -10.854946478513487 3
    vertex 16.43444644799061 -11.491420618207705 3
  endloop
endfacet
facet normal 0.7986531483073416 0.601767982422618 0.005333294458707917
  outer loop
    vertex 16.01760257133257 -10.805557086667976 2.4
    vertex 15.60366404968973 -10.261504667125006 3
    vertex 16.05080970019062 -10.854946478513487 3
  endloop
endfacet
facet normal 0.728403851004353 0.6851416196245506 0.0029649452399486066
  outer loop
    vertex 15.340170716421413 -9.978776950311168 2.4
    vertex 15.311486258879878 -9.950877751596995 3
    vertex 15.60366404968973 -10.261504667125006 3
  endloop
endfacet
facet normal 0.6434167128820858 0.765500855365 -0.004834668495862577
  outer loop
    vertex 15.340170716421413 -9.978776950311168 2.4
    vertex 15.069169144997568 -9.747206025044985 3
    vertex 15.311486258879878 -9.950877751596995 3
  endloop
endfacet
facet normal 0.772859168648207 0.6332510871747659 -0.04100934074548957
  outer loop
    vertex 15.340170716421413 -9.978776950311168 2.4
    vertex 15.60366404968973 -10.261504667125006 3
    vertex 16.01760257133257 -10.805557086667976 2.4
  endloop
endfacet
facet normal 0.8545515619318625 0.5193665641912406 0
  outer loop
    vertex 16.01760257133257 -10.805557086667976 1.2000000000000002
    vertex 16.43444644799061 -11.491420618207705 3
    vertex 16.43444644799061 -11.491420618207705 0
  endloop
endfacet
facet normal 0.8545515619318625 0.5193665641912405 0
  outer loop
    vertex 16.01760257133257 -10.805557086667976 1.2000000000000002
    vertex 16.01760257133257 -10.805557086667976 2.4
    vertex 16.43444644799061 -11.491420618207705 3
  endloop
endfacet
facet normal 0.8564406229231476 0.5162222229796879 0.0049067207909536375
  outer loop
    vertex 16.01760257133257 -10.805557086667976 0.6000000000000001
    vertex 16.43444644799061 -11.491420618207705 0
    vertex 16.05080970019062 -10.854946478513487 0
  endloop
endfacet
facet normal 0.7986531483073416 0.601767982422618 -0.005333294458707917
  outer loop
    vertex 16.01760257133257 -10.805557086667976 0.6000000000000001
    vertex 16.05080970019062 -10.854946478513487 0
    vertex 15.60366404968973 -10.261504667125006 0
  endloop
endfacet
facet normal 0.8545515619318625 0.5193665641912406 0
  outer loop
    vertex 16.01760257133257 -10.805557086667976 0.6000000000000001
    vertex 16.01760257133257 -10.805557086667976 1.2000000000000002
    vertex 16.43444644799061 -11.491420618207705 0
  endloop
endfacet
facet normal 0.6496324889617038 0.7602483997256566 0
  outer loop
    vertex 15.340170716421413 -9.978776950311168 1.2000000000000002
    vertex 15.069169144997568 -9.747206025044985 0
    vertex 15.069169144997568 -9.747206025044985 3
  endloop
endfacet
facet normal 0.6496324889617038 0.7602483997256566 0
  outer loop
    vertex 15.340170716421413 -9.978776950311168 1.2000000000000002
    vertex 15.069169144997568 -9.747206025044985 3
    vertex 15.340170716421413 -9.978776950311168 2.4
  endloop
endfacet
facet normal 0.7735098736607952 0.633784249843163 0
  outer loop
    vertex 15.340170716421413 -9.978776950311168 1.2000000000000002
    vertex 16.01760257133257 -10.805557086667976 2.4
    vertex 16.01760257133257 -10.805557086667976 1.2000000000000002
  endloop
endfacet
facet normal 0.7735098736607952 0.633784249843163 0
  outer loop
    vertex 15.340170716421413 -9.978776950311168 1.2000000000000002
    vertex 15.340170716421413 -9.978776950311168 2.4
    vertex 16.01760257133257 -10.805557086667976 2.4
  endloop
endfacet
facet normal 0.728403851004353 0.6851416196245506 -0.0029649452399486066
  outer loop
    vertex 15.340170716421413 -9.978776950311168 0.6000000000000001
    vertex 15.60366404968973 -10.261504667125006 0
    vertex 15.311486258879878 -9.950877751596995 0
  endloop
endfacet
facet normal 0.6434167128820858 0.765500855365 0.004834668495862577
  outer loop
    vertex 15.340170716421413 -9.978776950311168 0.6000000000000001
    vertex 15.311486258879878 -9.950877751596995 0
    vertex 15.069169144997568 -9.747206025044985 0
  endloop
endfacet
facet normal 0.7735098736607954 0.633784249843163 0
  outer loop
    vertex 15.340170716421413 -9.978776950311168 0.6000000000000001
    vertex 15.340170716421413 -9.978776950311168 1.2000000000000002
    vertex 16.01760257133257 -10.805557086667976 1.2000000000000002
  endloop
endfacet
facet normal 0.6496324889617038 0.7602483997256566 0
  outer loop
    vertex 15.340170716421413 -9.978776950311168 0.6000000000000001
    vertex 15.069169144997568 -9.747206025044985 0
    vertex 15.340170716421413 -9.978776950311168 1.2000000000000002
  endloop
endfacet
facet normal 0.772859168648207 0.6332510871747659 0.04100934074548957
  outer loop
    vertex 15.340170716421413 -9.978776950311168 0.6000000000000001
    vertex 16.01760257133257 -10.805557086667976 0.6000000000000001
    vertex 15.60366404968973 -10.261504667125006 0
  endloop
endfacet
facet normal 0.7735098736607954 0.633784249843163 0
  outer loop
    vertex 15.340170716421413 -9.978776950311168 0.6000000000000001
    vertex 16.01760257133257 -10.805557086667976 1.2000000000000002
    vertex 16.01760257133257 -10.805557086667976 0.6000000000000001
  endloop
endfacet
facet normal -0.0711414622077942 0.9974541675916827 -0.004906720790953098
  outer loop
    vertex 16.899661257699726 9.366168131173096 2.4
    vertex 16.958743249084932 9.373333584949403 3
    vertex 17.700013298881828 9.426203217406524 3
  endloop
endfacet
facet normal -0.17359825646762791 0.9848021127727216 0.005333294458706706
  outer loop
    vertex 16.899661257699726 9.366168131173096 2.4
    vertex 16.226982846084375 9.244340837609245 3
    vertex 16.958743249084932 9.373333584949403 3
  endloop
endfacet
facet normal -0.2797772247486862 0.960060369774551 0.0029649452399025202
  outer loop
    vertex 15.855447135785857 9.137922256033587 2.4
    vertex 15.817566296498455 9.125030188388061 3
    vertex 16.226982846084375 9.244340837609245 3
  endloop
endfacet
facet normal -0.38996118137975605 0.9208186048280307 -0.00483466849578406
  outer loop
    vertex 15.855447135785857 9.137922256033587 2.4
    vertex 15.52608379172042 9.001589087916377 3
    vertex 15.817566296498455 9.125030188388061 3
  endloop
endfacet
facet normal -0.21336012991920097 0.976112539071435 -0.04100934074547014
  outer loop
    vertex 15.855447135785857 9.137922256033587 2.4
    vertex 16.226982846084375 9.244340837609245 3
    vertex 16.899661257699726 9.366168131173096 2.4
  endloop
endfacet
facet normal -0.07480070648503372 0.9971985029618426 0
  outer loop
    vertex 16.899661257699726 9.366168131173096 1.2000000000000002
    vertex 17.700013298881828 9.426203217406524 3
    vertex 17.700013298881828 9.426203217406524 0
  endloop
endfacet
facet normal -0.07480070648503372 0.9971985029618426 0
  outer loop
    vertex 16.899661257699726 9.366168131173096 1.2000000000000002
    vertex 16.899661257699726 9.366168131173096 2.4
    vertex 17.700013298881828 9.426203217406524 3
  endloop
endfacet
facet normal -0.0711414622077942 0.9974541675916827 0.004906720790953098
  outer loop
    vertex 16.899661257699726 9.366168131173096 0.6000000000000001
    vertex 17.700013298881828 9.426203217406524 0
    vertex 16.958743249084932 9.373333584949403 0
  endloop
endfacet
facet normal -0.17359825646762791 0.9848021127727216 -0.005333294458706706
  outer loop
    vertex 16.899661257699726 9.366168131173096 0.6000000000000001
    vertex 16.958743249084932 9.373333584949403 0
    vertex 16.226982846084375 9.244340837609245 0
  endloop
endfacet
facet normal -0.07480070648503372 0.9971985029618425 0
  outer loop
    vertex 16.899661257699726 9.366168131173096 0.6000000000000001
    vertex 16.899661257699726 9.366168131173096 1.2000000000000002
    vertex 17.700013298881828 9.426203217406524 0
  endloop
endfacet
facet normal -0.3824593058485582 0.9239723369072469 0
  outer loop
    vertex 15.855447135785857 9.137922256033587 1.2000000000000002
    vertex 15.52608379172042 9.001589087916377 0
    vertex 15.52608379172042 9.001589087916377 3
  endloop
endfacet
facet normal -0.21353976744134825 0.9769343722692405 0
  outer loop
    vertex 15.855447135785857 9.137922256033587 1.2000000000000002
    vertex 16.899661257699726 9.366168131173096 2.4
    vertex 16.899661257699726 9.366168131173096 1.2000000000000002
  endloop
endfacet
facet normal -0.3824593058485582 0.923972336907247 0
  outer loop
    vertex 15.855447135785857 9.137922256033587 1.2000000000000002
    vertex 15.52608379172042 9.001589087916377 3
    vertex 15.855447135785857 9.137922256033587 2.4
  endloop
endfacet
facet normal -0.21353976744134825 0.9769343722692405 0
  outer loop
    vertex 15.855447135785857 9.137922256033587 1.2000000000000002
    vertex 15.855447135785857 9.137922256033587 2.4
    vertex 16.899661257699726 9.366168131173096 2.4
  endloop
endfacet
facet normal -0.2797772247486862 0.960060369774551 -0.0029649452399025202
  outer loop
    vertex 15.855447135785857 9.137922256033587 0.6000000000000001
    vertex 16.226982846084375 9.244340837609245 0
    vertex 15.817566296498455 9.125030188388061 0
  endloop
endfacet
facet normal -0.38996118137975605 0.9208186048280307 0.00483466849578406
  outer loop
    vertex 15.855447135785857 9.137922256033587 0.6000000000000001
    vertex 15.817566296498455 9.125030188388061 0
    vertex 15.52608379172042 9.001589087916377 0
  endloop
endfacet
facet normal -0.21353976744134825 0.9769343722692404 0
  outer loop
    vertex 15.855447135785857 9.137922256033587 0.6000000000000001
    vertex 15.855447135785857 9.137922256033587 1.2000000000000002
    vertex 16.899661257699726 9.366168131173096 1.2000000000000002
  endloop
endfacet
facet normal -0.38245930584855814 0.9239723369072469 0
  outer loop
    vertex 15.855447135785857 9.137922256033587 0.6000000000000001
    vertex 15.52608379172042 9.001589087916377 0
    vertex 15.855447135785857 9.137922256033587 1.2000000000000002
  endloop
endfacet
facet normal -0.21336012991920097 0.976112539071435 0.04100934074547014
  outer loop
    vertex 15.855447135785857 9.137922256033587 0.6000000000000001
    vertex 16.899661257699726 9.366168131173096 0.6000000000000001
    vertex 16.226982846084375 9.244340837609245 0
  endloop
endfacet
facet normal -0.21353976744134825 0.9769343722692404 0
  outer loop
    vertex 15.855447135785857 9.137922256033587 0.6000000000000001
    vertex 16.899661257699726 9.366168131173096 1.2000000000000002
    vertex 16.899661257699726 9.366168131173096 0.6000000000000001
  endloop
endfacet
facet normal 0.809016994374951 -0.5877852522924683 0
  outer loop
    vertex 16.43444644799061 -11.491420618207705 0
    vertex 16.007513706009004 -12.07904312552838 3
    vertex 16.007513706009004 -12.07904312552838 0
  endloop
endfacet
facet normal 0.809016994374951 -0.5877852522924683 0
  outer loop
    vertex 16.43444644799061 -11.491420618207705 0
    vertex 16.43444644799061 -11.491420618207705 3
    vertex 16.007513706009004 -12.07904312552838 3
  endloop
endfacet
facet normal -0.5015705051434779 0.8651167715228485 0
  outer loop
    vertex 15.489856185700683 8.98058533530218 0
    vertex 15.52608379172042 9.001589087916377 3
    vertex 15.52608379172042 9.001589087916377 0
  endloop
endfacet
facet normal -0.5015705051434779 0.8651167715228485 0
  outer loop
    vertex 15.489856185700683 8.98058533530218 0
    vertex 15.489856185700683 8.98058533530218 3
    vertex 15.52608379172042 9.001589087916377 3
  endloop
endfacet
facet normal -0.5110933966829163 -0.8594901554435059 0.007759675432459235
  outer loop
    vertex 14.230754291236439 -11.505757660209522 2.4
    vertex 14.294433955282084 -11.53820765438409 3
    vertex 13.926773162705253 -11.31957920109103 3
  endloop
endfacet
facet normal -0.3921609100789638 -0.919860726532176 -0.00812800035286683
  outer loop
    vertex 14.230754291236439 -11.505757660209522 2.4
    vertex 14.819387957359712 -11.762009403134101 3
    vertex 14.294433955282084 -11.53820765438409 3
  endloop
endfacet
facet normal -0.29629055960995787 -0.9550458252084275 0.009968753080088433
  outer loop
    vertex 15.226406883160477 -11.894544527422804 2.4
    vertex 15.40725393942599 -11.944387186696542 3
    vertex 14.819387957359712 -11.762009403134101 3
  endloop
endfacet
facet normal -0.21886449515329806 -0.9756387420691005 -0.015079049542827818
  outer loop
    vertex 15.226406883160477 -11.894544527422804 2.4
    vertex 16.007513706009004 -12.07904312552838 3
    vertex 15.40725393942599 -11.944387186696542 3
  endloop
endfacet
facet normal -0.3634318284407615 -0.9307203316006829 -0.04095082931174576
  outer loop
    vertex 15.226406883160477 -11.894544527422804 2.4
    vertex 14.819387957359712 -11.762009403134101 3
    vertex 14.230754291236439 -11.505757660209522 2.4
  endloop
endfacet
facet normal -0.5222917153747857 -0.8527668872856544 0
  outer loop
    vertex 14.230754291236439 -11.505757660209522 1.2000000000000002
    vertex 13.926773162705253 -11.31957920109103 3
    vertex 13.926773162705253 -11.31957920109103 0
  endloop
endfacet
facet normal -0.5222917153747856 -0.8527668872856543 0
  outer loop
    vertex 14.230754291236439 -11.505757660209522 1.2000000000000002
    vertex 14.230754291236439 -11.505757660209522 2.4
    vertex 13.926773162705253 -11.31957920109103 3
  endloop
endfacet
facet normal -0.5110933966829163 -0.8594901554435059 -0.007759675432459235
  outer loop
    vertex 14.230754291236439 -11.505757660209522 0.6000000000000001
    vertex 13.926773162705253 -11.31957920109103 0
    vertex 14.294433955282084 -11.53820765438409 0
  endloop
endfacet
facet normal -0.3921609100789638 -0.919860726532176 0.00812800035286683
  outer loop
    vertex 14.230754291236439 -11.505757660209522 0.6000000000000001
    vertex 14.294433955282084 -11.53820765438409 0
    vertex 14.819387957359712 -11.762009403134101 0
  endloop
endfacet
facet normal -0.5222917153747856 -0.8527668872856544 0
  outer loop
    vertex 14.230754291236439 -11.505757660209522 0.6000000000000001
    vertex 14.230754291236439 -11.505757660209522 1.2000000000000002
    vertex 13.926773162705253 -11.31957920109103 0
  endloop
endfacet
facet normal -0.2298760000133157 -0.973219926130717 0
  outer loop
    vertex 15.226406883160477 -11.894544527422804 1.2000000000000002
    vertex 16.007513706009004 -12.07904312552838 0
    vertex 16.007513706009004 -12.07904312552838 3
  endloop
endfacet
facet normal -0.22987600001331568 -0.973219926130717 0
  outer loop
    vertex 15.226406883160477 -11.894544527422804 1.2000000000000002
    vertex 16.007513706009004 -12.07904312552838 3
    vertex 15.226406883160477 -11.894544527422804 2.4
  endloop
endfacet
facet normal -0.3637369444605709 -0.9315017097324554 0
  outer loop
    vertex 15.226406883160477 -11.894544527422804 1.2000000000000002
    vertex 14.230754291236439 -11.505757660209522 2.4
    vertex 14.230754291236439 -11.505757660209522 1.2000000000000002
  endloop
endfacet
facet normal -0.3637369444605709 -0.9315017097324554 0
  outer loop
    vertex 15.226406883160477 -11.894544527422804 1.2000000000000002
    vertex 15.226406883160477 -11.894544527422804 2.4
    vertex 14.230754291236439 -11.505757660209522 2.4
  endloop
endfacet
facet normal -0.29629055960995787 -0.9550458252084275 -0.009968753080088433
  outer loop
    vertex 15.226406883160477 -11.894544527422804 0.6000000000000001
    vertex 14.819387957359712 -11.762009403134101 0
    vertex 15.40725393942599 -11.944387186696542 0
  endloop
endfacet
facet normal -0.21886449515329806 -0.9756387420691005 0.015079049542827818
  outer loop
    vertex 15.226406883160477 -11.894544527422804 0.6000000000000001
    vertex 15.40725393942599 -11.944387186696542 0
    vertex 16.007513706009004 -12.07904312552838 0
  endloop
endfacet
facet normal -0.2298760000133157 -0.9732199261307171 0
  outer loop
    vertex 15.226406883160477 -11.894544527422804 0.6000000000000001
    vertex 16.007513706009004 -12.07904312552838 0
    vertex 15.226406883160477 -11.894544527422804 1.2000000000000002
  endloop
endfacet
facet normal -0.3637369444605709 -0.9315017097324554 0
  outer loop
    vertex 15.226406883160477 -11.894544527422804 0.6000000000000001
    vertex 15.226406883160477 -11.894544527422804 1.2000000000000002
    vertex 14.230754291236439 -11.505757660209522 1.2000000000000002
  endloop
endfacet
facet normal -0.3637369444605709 -0.9315017097324554 0
  outer loop
    vertex 15.226406883160477 -11.894544527422804 0.6000000000000001
    vertex 14.230754291236439 -11.505757660209522 1.2000000000000002
    vertex 14.230754291236439 -11.505757660209522 0.6000000000000001
  endloop
endfacet
facet normal -0.3634318284407615 -0.9307203316006829 0.04095082931174576
  outer loop
    vertex 15.226406883160477 -11.894544527422804 0.6000000000000001
    vertex 14.230754291236439 -11.505757660209522 0.6000000000000001
    vertex 14.819387957359712 -11.762009403134101 0
  endloop
endfacet
facet normal 0.8526401643540928 0.5224985647159476 0
  outer loop
    vertex 15.034007675424588 9.724462495871373 0
    vertex 15.489856185700683 8.98058533530218 3
    vertex 15.489856185700683 8.98058533530218 0
  endloop
endfacet
facet normal 0.8526401643540928 0.5224985647159476 0
  outer loop
    vertex 15.034007675424588 9.724462495871373 0
    vertex 15.034007675424588 9.724462495871373 3
    vertex 15.489856185700683 8.98058533530218 3
  endloop
endfacet
facet normal -0.630729419267034 -0.7760028348344291 0
  outer loop
    vertex 13.926773162705253 -11.31957920109103 0
    vertex 13.89427728943592 -11.29316679335786 3
    vertex 13.89427728943592 -11.29316679335786 0
  endloop
endfacet
facet normal -0.630729419267034 -0.7760028348344291 0
  outer loop
    vertex 13.926773162705253 -11.31957920109103 0
    vertex 13.926773162705253 -11.31957920109103 3
    vertex 13.89427728943592 -11.29316679335786 3
  endloop
endfacet
facet normal 0.5431164433268921 -0.8396573878600406 0
  outer loop
    vertex 15.069169144997545 9.747206025044958 0
    vertex 15.034007675424588 9.724462495871373 3
    vertex 15.034007675424588 9.724462495871373 0
  endloop
endfacet
facet normal 0.5431164433268921 -0.8396573878600406 0
  outer loop
    vertex 15.069169144997545 9.747206025044958 0
    vertex 15.069169144997545 9.747206025044958 3
    vertex 15.034007675424588 9.724462495871373 3
  endloop
endfacet
facet normal 0.7604059656000257 -0.6494480483301899 0
  outer loop
    vertex 13.89427728943592 -11.29316679335786 0
    vertex 13.327673005089268 -11.956575173842632 3
    vertex 13.327673005089268 -11.956575173842632 0
  endloop
endfacet
facet normal 0.7604059656000257 -0.6494480483301899 0
  outer loop
    vertex 13.89427728943592 -11.29316679335786 0
    vertex 13.89427728943592 -11.29316679335786 3
    vertex 13.327673005089268 -11.956575173842632 3
  endloop
endfacet
facet normal 0.6594871677382058 -0.7516757698807531 0.007759675432424249
  outer loop
    vertex 15.3401707164214 9.978776950311154 2.4
    vertex 15.390710593220794 10.029312310089681 3
    vertex 15.069169144997545 9.747206025044958 3
  endloop
endfacet
facet normal 0.7536551523084124 -0.6572197859234371 -0.008128000352814514
  outer loop
    vertex 15.3401707164214 9.978776950311154 2.4
    vertex 15.765778412634601 10.45941469078585 3
    vertex 15.390710593220794 10.029312310089681 3
  endloop
endfacet
facet normal 0.8167437372325447 -0.57691445783014 0.009968753080085812
  outer loop
    vertex 16.017602571332553 10.805557086667964 2.4
    vertex 16.120890570992824 10.962150629221293 3
    vertex 15.765778412634601 10.45941469078585 3
  endloop
endfacet
facet normal 0.8602547347271584 -0.5096414559711482 -0.015079049542810799
  outer loop
    vertex 16.017602571332553 10.805557086667964 2.4
    vertex 16.434446447990588 11.491420618207675 3
    vertex 16.120890570992824 10.962150629221293 3
  endloop
endfacet
facet normal 0.7728610249322616 -0.6332526081425434 -0.04095082931175593
  outer loop
    vertex 16.017602571332553 10.805557086667964 2.4
    vertex 15.765778412634601 10.45941469078585 3
    vertex 15.3401707164214 9.978776950311154 2.4
  endloop
endfacet
facet normal 0.6496324889617117 -0.76024839972565 0
  outer loop
    vertex 15.3401707164214 9.978776950311154 1.2000000000000002
    vertex 15.069169144997545 9.747206025044958 3
    vertex 15.069169144997545 9.747206025044958 0
  endloop
endfacet
facet normal 0.6496324889617117 -0.76024839972565 0
  outer loop
    vertex 15.3401707164214 9.978776950311154 1.2000000000000002
    vertex 15.3401707164214 9.978776950311154 2.4
    vertex 15.069169144997545 9.747206025044958 3
  endloop
endfacet
facet normal 0.6594871677382058 -0.7516757698807531 -0.007759675432424249
  outer loop
    vertex 15.3401707164214 9.978776950311154 0.6000000000000001
    vertex 15.069169144997545 9.747206025044958 0
    vertex 15.390710593220794 10.029312310089681 0
  endloop
endfacet
facet normal 0.7536551523084124 -0.6572197859234371 0.008128000352814514
  outer loop
    vertex 15.3401707164214 9.978776950311154 0.6000000000000001
    vertex 15.390710593220794 10.029312310089681 0
    vertex 15.765778412634601 10.45941469078585 0
  endloop
endfacet
facet normal 0.6496324889617117 -0.76024839972565 0
  outer loop
    vertex 15.3401707164214 9.978776950311154 0.6000000000000001
    vertex 15.3401707164214 9.978776950311154 1.2000000000000002
    vertex 15.069169144997545 9.747206025044958 0
  endloop
endfacet
facet normal 0.8545515619318585 -0.5193665641912472 0
  outer loop
    vertex 16.017602571332553 10.805557086667964 1.2000000000000002
    vertex 16.434446447990588 11.491420618207675 0
    vertex 16.434446447990588 11.491420618207675 3
  endloop
endfacet
facet normal 0.8545515619318584 -0.519366564191247 0
  outer loop
    vertex 16.017602571332553 10.805557086667964 1.2000000000000002
    vertex 16.434446447990588 11.491420618207675 3
    vertex 16.017602571332553 10.805557086667964 2.4
  endloop
endfacet
facet normal 0.7735098736607975 -0.6337842498431602 0
  outer loop
    vertex 16.017602571332553 10.805557086667964 1.2000000000000002
    vertex 15.3401707164214 9.978776950311154 2.4
    vertex 15.3401707164214 9.978776950311154 1.2000000000000002
  endloop
endfacet
facet normal 0.7735098736607975 -0.6337842498431602 0
  outer loop
    vertex 16.017602571332553 10.805557086667964 1.2000000000000002
    vertex 16.017602571332553 10.805557086667964 2.4
    vertex 15.3401707164214 9.978776950311154 2.4
  endloop
endfacet
facet normal 0.8167437372325447 -0.57691445783014 -0.009968753080085812
  outer loop
    vertex 16.017602571332553 10.805557086667964 0.6000000000000001
    vertex 15.765778412634601 10.45941469078585 0
    vertex 16.120890570992824 10.962150629221293 0
  endloop
endfacet
facet normal 0.8602547347271584 -0.5096414559711482 0.015079049542810799
  outer loop
    vertex 16.017602571332553 10.805557086667964 0.6000000000000001
    vertex 16.120890570992824 10.962150629221293 0
    vertex 16.434446447990588 11.491420618207675 0
  endloop
endfacet
facet normal 0.8545515619318585 -0.5193665641912473 0
  outer loop
    vertex 16.017602571332553 10.805557086667964 0.6000000000000001
    vertex 16.434446447990588 11.491420618207675 0
    vertex 16.017602571332553 10.805557086667964 1.2000000000000002
  endloop
endfacet
facet normal 0.7735098736607974 -0.63378424984316 0
  outer loop
    vertex 16.017602571332553 10.805557086667964 0.6000000000000001
    vertex 16.017602571332553 10.805557086667964 1.2000000000000002
    vertex 15.3401707164214 9.978776950311154 1.2000000000000002
  endloop
endfacet
facet normal 0.7735098736607974 -0.63378424984316 0
  outer loop
    vertex 16.017602571332553 10.805557086667964 0.6000000000000001
    vertex 15.3401707164214 9.978776950311154 1.2000000000000002
    vertex 15.3401707164214 9.978776950311154 0.6000000000000001
  endloop
endfacet
facet normal 0.7728610249322616 -0.6332526081425434 0.04095082931175593
  outer loop
    vertex 16.017602571332553 10.805557086667964 0.6000000000000001
    vertex 15.3401707164214 9.978776950311154 0.6000000000000001
    vertex 15.765778412634601 10.45941469078585 0
  endloop
endfacet
facet normal 0.66778113294666 0.7443576818173337 0
  outer loop
    vertex 13.327673005089268 -11.956575173842632 0
    vertex 13.35884370680527 -11.984539158114057 3
    vertex 13.35884370680527 -11.984539158114057 0
  endloop
endfacet
facet normal 0.66778113294666 0.7443576818173337 0
  outer loop
    vertex 13.327673005089268 -11.956575173842632 0
    vertex 13.327673005089268 -11.956575173842632 3
    vertex 13.35884370680527 -11.984539158114057 3
  endloop
endfacet
facet normal 0.8090169943749449 0.5877852522924768 0
  outer loop
    vertex 16.00751370600897 12.07904312552835 0
    vertex 16.434446447990588 11.491420618207675 3
    vertex 16.434446447990588 11.491420618207675 0
  endloop
endfacet
facet normal 0.8090169943749449 0.5877852522924768 0
  outer loop
    vertex 16.00751370600897 12.07904312552835 0
    vertex 16.00751370600897 12.07904312552835 3
    vertex 16.434446447990588 11.491420618207675 3
  endloop
endfacet
facet normal 0.926651364966934 0.37588984010744125 -0.004906720790955091
  outer loop
    vertex 14.130037761677292 -13.178227837610558 2.4
    vertex 14.155109852583013 -13.232203903523885 3
    vertex 14.4344569038539 -13.920855999802052 3
  endloop
endfacet
facet normal 0.8829576551713834 0.4694223419741213 0.005333294458705852
  outer loop
    vertex 14.130037761677292 -13.178227837610558 2.4
    vertex 13.806304059332524 -12.576119354962655 3
    vertex 14.155109852583013 -13.232203903523885 3
  endloop
endfacet
facet normal 0.8266157536242787 0.5627589225946482 0.00296494524004785
  outer loop
    vertex 13.59028312537068 -12.255653046871046 2.4
    vertex 13.566316217325747 -12.223610095817623 3
    vertex 13.806304059332524 -12.576119354962655 3
  endloop
endfacet
facet normal 0.7552459022543719 0.6554237202821649 -0.004834668496018098
  outer loop
    vertex 13.59028312537068 -12.255653046871046 2.4
    vertex 13.35884370680527 -11.984539158114057 3
    vertex 13.566316217325747 -12.223610095817623 3
  endloop
endfacet
facet normal 0.8624062848542173 0.5045529048727864 -0.041009340745488225
  outer loop
    vertex 13.59028312537068 -12.255653046871046 2.4
    vertex 13.806304059332524 -12.576119354962655 3
    vertex 14.130037761677292 -13.178227837610558 2.4
  endloop
endfacet
facet normal 0.9252774447865015 0.37929098350654566 0
  outer loop
    vertex 14.130037761677292 -13.178227837610558 1.2000000000000002
    vertex 14.4344569038539 -13.920855999802052 3
    vertex 14.4344569038539 -13.920855999802052 0
  endloop
endfacet
facet normal 0.9252774447865015 0.37929098350654566 0
  outer loop
    vertex 14.130037761677292 -13.178227837610558 1.2000000000000002
    vertex 14.130037761677292 -13.178227837610558 2.4
    vertex 14.4344569038539 -13.920855999802052 3
  endloop
endfacet
facet normal 0.926651364966934 0.37588984010744125 0.004906720790955091
  outer loop
    vertex 14.130037761677292 -13.178227837610558 0.6000000000000001
    vertex 14.4344569038539 -13.920855999802052 0
    vertex 14.155109852583013 -13.232203903523885 0
  endloop
endfacet
facet normal 0.8829576551713834 0.4694223419741213 -0.005333294458705852
  outer loop
    vertex 14.130037761677292 -13.178227837610558 0.6000000000000001
    vertex 14.155109852583013 -13.232203903523885 0
    vertex 13.806304059332524 -12.576119354962655 0
  endloop
endfacet
facet normal 0.9252774447865015 0.37929098350654566 0
  outer loop
    vertex 14.130037761677292 -13.178227837610558 0.6000000000000001
    vertex 14.130037761677292 -13.178227837610558 1.2000000000000002
    vertex 14.4344569038539 -13.920855999802052 0
  endloop
endfacet
facet normal 0.7605634867280446 0.6492635694816702 0
  outer loop
    vertex 13.59028312537068 -12.255653046871046 1.2000000000000002
    vertex 13.35884370680527 -11.984539158114057 0
    vertex 13.35884370680527 -11.984539158114057 3
  endloop
endfacet
facet normal 0.8631323836251277 0.5049777107334595 0
  outer loop
    vertex 13.59028312537068 -12.255653046871046 1.2000000000000002
    vertex 14.130037761677292 -13.178227837610558 2.4
    vertex 14.130037761677292 -13.178227837610558 1.2000000000000002
  endloop
endfacet
facet normal 0.7605634867280445 0.6492635694816701 0
  outer loop
    vertex 13.59028312537068 -12.255653046871046 1.2000000000000002
    vertex 13.35884370680527 -11.984539158114057 3
    vertex 13.59028312537068 -12.255653046871046 2.4
  endloop
endfacet
facet normal 0.8631323836251277 0.5049777107334595 0
  outer loop
    vertex 13.59028312537068 -12.255653046871046 1.2000000000000002
    vertex 13.59028312537068 -12.255653046871046 2.4
    vertex 14.130037761677292 -13.178227837610558 2.4
  endloop
endfacet
facet normal 0.8266157536242787 0.5627589225946482 -0.00296494524004785
  outer loop
    vertex 13.59028312537068 -12.255653046871046 0.6000000000000001
    vertex 13.806304059332524 -12.576119354962655 0
    vertex 13.566316217325747 -12.223610095817623 0
  endloop
endfacet
facet normal 0.7552459022543719 0.6554237202821649 0.004834668496018098
  outer loop
    vertex 13.59028312537068 -12.255653046871046 0.6000000000000001
    vertex 13.566316217325747 -12.223610095817623 0
    vertex 13.35884370680527 -11.984539158114057 0
  endloop
endfacet
facet normal 0.8631323836251277 0.5049777107334594 0
  outer loop
    vertex 13.59028312537068 -12.255653046871046 0.6000000000000001
    vertex 13.59028312537068 -12.255653046871046 1.2000000000000002
    vertex 14.130037761677292 -13.178227837610558 1.2000000000000002
  endloop
endfacet
facet normal 0.7605634867280445 0.6492635694816701 0
  outer loop
    vertex 13.59028312537068 -12.255653046871046 0.6000000000000001
    vertex 13.35884370680527 -11.984539158114057 0
    vertex 13.59028312537068 -12.255653046871046 1.2000000000000002
  endloop
endfacet
facet normal 0.8624062848542173 0.5045529048727864 0.041009340745488225
  outer loop
    vertex 13.59028312537068 -12.255653046871046 0.6000000000000001
    vertex 14.130037761677292 -13.178227837610558 0.6000000000000001
    vertex 13.806304059332524 -12.576119354962655 0
  endloop
endfacet
facet normal 0.8631323836251277 0.5049777107334594 0
  outer loop
    vertex 13.59028312537068 -12.255653046871046 0.6000000000000001
    vertex 14.130037761677292 -13.178227837610558 1.2000000000000002
    vertex 14.130037761677292 -13.178227837610558 0.6000000000000001
  endloop
endfacet
facet normal -0.22630180186488238 0.974044875025677 -0.004906720790953484
  outer loop
    vertex 15.22640688316046 11.89454452742279 2.4
    vertex 15.283640553262503 11.910864222288579 3
    vertex 16.00751370600897 12.07904312552835 3
  endloop
endfacet
facet normal -0.3255179655428105 0.945520814196645 0.0053332944587063166
  outer loop
    vertex 15.22640688316046 11.89454452742279 2.4
    vertex 14.581068246533881 11.668987042538355 3
    vertex 15.283640553262503 11.910864222288579 3
  endloop
endfacet
facet normal -0.42651923320048546 0.9044736330097156 0.0029649452399955296
  outer loop
    vertex 14.230754291236433 11.505757660209513 2.4
    vertex 14.195356591644607 11.487098446480081 3
    vertex 14.581068246533881 11.668987042538355 3
  endloop
endfacet
facet normal -0.5292078779790744 0.8484784309959916 -0.004834668495939496
  outer loop
    vertex 14.230754291236433 11.505757660209513 2.4
    vertex 13.92677316270523 11.31957920109101 3
    vertex 14.195356591644607 11.487098446480081 3
  endloop
endfacet
facet normal -0.36343095553776117 0.9307180961647472 -0.04100934074547184
  outer loop
    vertex 14.230754291236433 11.505757660209513 2.4
    vertex 14.581068246533881 11.668987042538355 3
    vertex 15.22640688316046 11.89454452742279 2.4
  endloop
endfacet
facet normal -0.2298760000133029 0.9732199261307201 0
  outer loop
    vertex 15.22640688316046 11.89454452742279 1.2000000000000002
    vertex 16.00751370600897 12.07904312552835 3
    vertex 16.00751370600897 12.07904312552835 0
  endloop
endfacet
facet normal -0.2298760000133029 0.97321992613072 0
  outer loop
    vertex 15.22640688316046 11.89454452742279 1.2000000000000002
    vertex 15.22640688316046 11.89454452742279 2.4
    vertex 16.00751370600897 12.07904312552835 3
  endloop
endfacet
facet normal -0.22630180186488238 0.974044875025677 0.004906720790953484
  outer loop
    vertex 15.22640688316046 11.89454452742279 0.6000000000000001
    vertex 16.00751370600897 12.07904312552835 0
    vertex 15.283640553262503 11.910864222288579 0
  endloop
endfacet
facet normal -0.3255179655428105 0.945520814196645 -0.0053332944587063166
  outer loop
    vertex 15.22640688316046 11.89454452742279 0.6000000000000001
    vertex 15.283640553262503 11.910864222288579 0
    vertex 14.581068246533881 11.668987042538355 0
  endloop
endfacet
facet normal -0.22987600001330288 0.97321992613072 0
  outer loop
    vertex 15.22640688316046 11.89454452742279 0.6000000000000001
    vertex 15.22640688316046 11.89454452742279 1.2000000000000002
    vertex 16.00751370600897 12.07904312552835 0
  endloop
endfacet
facet normal -0.5222917153747851 0.8527668872856546 0
  outer loop
    vertex 14.230754291236433 11.505757660209513 1.2000000000000002
    vertex 13.92677316270523 11.31957920109101 0
    vertex 13.92677316270523 11.31957920109101 3
  endloop
endfacet
facet normal -0.5222917153747851 0.8527668872856545 0
  outer loop
    vertex 14.230754291236433 11.505757660209513 1.2000000000000002
    vertex 13.92677316270523 11.31957920109101 3
    vertex 14.230754291236433 11.505757660209513 2.4
  endloop
endfacet
facet normal -0.36373694446057053 0.9315017097324555 0
  outer loop
    vertex 14.230754291236433 11.505757660209513 1.2000000000000002
    vertex 15.22640688316046 11.89454452742279 2.4
    vertex 15.22640688316046 11.89454452742279 1.2000000000000002
  endloop
endfacet
facet normal -0.36373694446057053 0.9315017097324555 0
  outer loop
    vertex 14.230754291236433 11.505757660209513 1.2000000000000002
    vertex 14.230754291236433 11.505757660209513 2.4
    vertex 15.22640688316046 11.89454452742279 2.4
  endloop
endfacet
facet normal -0.42651923320048546 0.9044736330097156 -0.0029649452399955296
  outer loop
    vertex 14.230754291236433 11.505757660209513 0.6000000000000001
    vertex 14.581068246533881 11.668987042538355 0
    vertex 14.195356591644607 11.487098446480081 0
  endloop
endfacet
facet normal -0.5292078779790744 0.8484784309959916 0.004834668495939496
  outer loop
    vertex 14.230754291236433 11.505757660209513 0.6000000000000001
    vertex 14.195356591644607 11.487098446480081 0
    vertex 13.92677316270523 11.31957920109101 0
  endloop
endfacet
facet normal -0.36373694446057053 0.9315017097324556 0
  outer loop
    vertex 14.230754291236433 11.505757660209513 0.6000000000000001
    vertex 14.230754291236433 11.505757660209513 1.2000000000000002
    vertex 15.22640688316046 11.89454452742279 1.2000000000000002
  endloop
endfacet
facet normal -0.5222917153747851 0.8527668872856546 0
  outer loop
    vertex 14.230754291236433 11.505757660209513 0.6000000000000001
    vertex 13.92677316270523 11.31957920109101 0
    vertex 14.230754291236433 11.505757660209513 1.2000000000000002
  endloop
endfacet
facet normal -0.36343095553776117 0.9307180961647472 0.04100934074547184
  outer loop
    vertex 14.230754291236433 11.505757660209513 0.6000000000000001
    vertex 15.22640688316046 11.89454452742279 0.6000000000000001
    vertex 14.581068246533881 11.668987042538355 0
  endloop
endfacet
facet normal -0.36373694446057053 0.9315017097324556 0
  outer loop
    vertex 14.230754291236433 11.505757660209513 0.6000000000000001
    vertex 15.22640688316046 11.89454452742279 1.2000000000000002
    vertex 15.22640688316046 11.89454452742279 0.6000000000000001
  endloop
endfacet
facet normal 0.7071067811865525 -0.7071067811865427 0
  outer loop
    vertex 14.4344569038539 -13.920855999802052 0
    vertex 13.920855999802047 -14.434456903853912 3
    vertex 13.920855999802047 -14.434456903853912 0
  endloop
endfacet
facet normal 0.7071067811865525 -0.7071067811865427 0
  outer loop
    vertex 14.4344569038539 -13.920855999802052 0
    vertex 14.4344569038539 -13.920855999802052 3
    vertex 13.920855999802047 -14.434456903853912 3
  endloop
endfacet
facet normal -0.6307294192671266 0.7760028348343538 0
  outer loop
    vertex 13.8942772894359 11.293166793357837 0
    vertex 13.92677316270523 11.31957920109101 3
    vertex 13.92677316270523 11.31957920109101 0
  endloop
endfacet
facet normal -0.6307294192671266 0.7760028348343538 0
  outer loop
    vertex 13.8942772894359 11.293166793357837 0
    vertex 13.8942772894359 11.293166793357837 3
    vertex 13.92677316270523 11.31957920109101 3
  endloop
endfacet
facet normal -0.639254871532963 -0.7689557832922236 0.0077596754325123885
  outer loop
    vertex 12.25565304687104 -13.590283125370679 2.4
    vertex 12.31347241110308 -13.632295300448483 3
    vertex 11.98453915811405 -13.358843706805272 3
  endloop
endfacet
facet normal -0.5312306791886188 -0.8471882323893916 -0.008128000352929725
  outer loop
    vertex 12.25565304687104 -13.590283125370679 2.4
    vertex 12.796953051463728 -13.935462576779683 3
    vertex 12.31347241110308 -13.632295300448483 3
  endloop
endfacet
facet normal -0.4420448139104345 -0.8969375711034284 0.009968753080091286
  outer loop
    vertex 13.178227837610562 -14.130037761677304 2.4
    vertex 13.349051256775816 -14.207557487607456 3
    vertex 12.796953051463728 -13.935462576779683 3
  endloop
endfacet
facet normal -0.36879343472122444 -0.9293890599589633 -0.015079049542871812
  outer loop
    vertex 13.178227837610562 -14.130037761677304 2.4
    vertex 13.920855999802047 -14.434456903853912 3
    vertex 13.349051256775816 -14.207557487607456 3
  endloop
endfacet
facet normal -0.5045541167281334 -0.8624083562161124 -0.040950829311700486
  outer loop
    vertex 13.178227837610562 -14.130037761677304 2.4
    vertex 12.796953051463728 -13.935462576779683 3
    vertex 12.25565304687104 -13.590283125370679 2.4
  endloop
endfacet
facet normal -0.6492635694816644 -0.7605634867280495 0
  outer loop
    vertex 12.25565304687104 -13.590283125370679 1.2000000000000002
    vertex 11.98453915811405 -13.358843706805272 3
    vertex 11.98453915811405 -13.358843706805272 0
  endloop
endfacet
facet normal -0.6492635694816644 -0.7605634867280496 0
  outer loop
    vertex 12.25565304687104 -13.590283125370679 1.2000000000000002
    vertex 12.25565304687104 -13.590283125370679 2.4
    vertex 11.98453915811405 -13.358843706805272 3
  endloop
endfacet
facet normal -0.639254871532963 -0.7689557832922236 -0.0077596754325123885
  outer loop
    vertex 12.25565304687104 -13.590283125370679 0.6000000000000001
    vertex 11.98453915811405 -13.358843706805272 0
    vertex 12.31347241110308 -13.632295300448483 0
  endloop
endfacet
facet normal -0.5312306791886188 -0.8471882323893916 0.008128000352929725
  outer loop
    vertex 12.25565304687104 -13.590283125370679 0.6000000000000001
    vertex 12.31347241110308 -13.632295300448483 0
    vertex 12.796953051463728 -13.935462576779683 0
  endloop
endfacet
facet normal -0.6492635694816643 -0.7605634867280494 0
  outer loop
    vertex 12.25565304687104 -13.590283125370679 0.6000000000000001
    vertex 12.25565304687104 -13.590283125370679 1.2000000000000002
    vertex 11.98453915811405 -13.358843706805272 0
  endloop
endfacet
facet normal -0.3792909835065495 -0.9252774447864999 0
  outer loop
    vertex 13.178227837610562 -14.130037761677304 1.2000000000000002
    vertex 13.920855999802047 -14.434456903853912 0
    vertex 13.920855999802047 -14.434456903853912 3
  endloop
endfacet
facet normal -0.37929098350654955 -0.9252774447865 0
  outer loop
    vertex 13.178227837610562 -14.130037761677304 1.2000000000000002
    vertex 13.920855999802047 -14.434456903853912 3
    vertex 13.178227837610562 -14.130037761677304 2.4
  endloop
endfacet
facet normal -0.5049777107334651 -0.8631323836251243 0
  outer loop
    vertex 13.178227837610562 -14.130037761677304 1.2000000000000002
    vertex 12.25565304687104 -13.590283125370679 2.4
    vertex 12.25565304687104 -13.590283125370679 1.2000000000000002
  endloop
endfacet
facet normal -0.5049777107334651 -0.8631323836251243 0
  outer loop
    vertex 13.178227837610562 -14.130037761677304 1.2000000000000002
    vertex 13.178227837610562 -14.130037761677304 2.4
    vertex 12.25565304687104 -13.590283125370679 2.4
  endloop
endfacet
facet normal -0.4420448139104345 -0.8969375711034284 -0.009968753080091286
  outer loop
    vertex 13.178227837610562 -14.130037761677304 0.6000000000000001
    vertex 12.796953051463728 -13.935462576779683 0
    vertex 13.349051256775816 -14.207557487607456 0
  endloop
endfacet
facet normal -0.36879343472122444 -0.9293890599589633 0.015079049542871812
  outer loop
    vertex 13.178227837610562 -14.130037761677304 0.6000000000000001
    vertex 13.349051256775816 -14.207557487607456 0
    vertex 13.920855999802047 -14.434456903853912 0
  endloop
endfacet
facet normal -0.37929098350654955 -0.9252774447864999 0
  outer loop
    vertex 13.178227837610562 -14.130037761677304 0.6000000000000001
    vertex 13.920855999802047 -14.434456903853912 0
    vertex 13.178227837610562 -14.130037761677304 1.2000000000000002
  endloop
endfacet
facet normal -0.504977710733465 -0.8631323836251243 0
  outer loop
    vertex 13.178227837610562 -14.130037761677304 0.6000000000000001
    vertex 13.178227837610562 -14.130037761677304 1.2000000000000002
    vertex 12.25565304687104 -13.590283125370679 1.2000000000000002
  endloop
endfacet
facet normal -0.504977710733465 -0.8631323836251243 0
  outer loop
    vertex 13.178227837610562 -14.130037761677304 0.6000000000000001
    vertex 12.25565304687104 -13.590283125370679 1.2000000000000002
    vertex 12.25565304687104 -13.590283125370679 0.6000000000000001
  endloop
endfacet
facet normal -0.5045541167281334 -0.8624083562161124 0.040950829311700486
  outer loop
    vertex 13.178227837610562 -14.130037761677304 0.6000000000000001
    vertex 12.25565304687104 -13.590283125370679 0.6000000000000001
    vertex 12.796953051463728 -13.935462576779683 0
  endloop
endfacet
facet normal 0.7604059656000308 0.6494480483301838 0
  outer loop
    vertex 13.327673005089249 11.95657517384262 0
    vertex 13.8942772894359 11.293166793357837 3
    vertex 13.8942772894359 11.293166793357837 0
  endloop
endfacet
facet normal 0.7604059656000308 0.6494480483301838 0
  outer loop
    vertex 13.327673005089249 11.95657517384262 0
    vertex 13.327673005089249 11.95657517384262 3
    vertex 13.8942772894359 11.293166793357837 3
  endloop
endfacet
facet normal -0.7443576818174227 -0.6677811329465613 0
  outer loop
    vertex 11.98453915811405 -13.358843706805272 0
    vertex 11.956575173842635 -13.327673005089274 3
    vertex 11.956575173842635 -13.327673005089274 0
  endloop
endfacet
facet normal -0.7443576818174227 -0.6677811329465613 0
  outer loop
    vertex 11.98453915811405 -13.358843706805272 0
    vertex 11.98453915811405 -13.358843706805272 3
    vertex 11.956575173842635 -13.327673005089274 3
  endloop
endfacet
facet normal 0.6677811329464274 -0.7443576818175425 0
  outer loop
    vertex 13.358843706805253 11.984539158114028 0
    vertex 13.327673005089249 11.95657517384262 3
    vertex 13.327673005089249 11.95657517384262 0
  endloop
endfacet
facet normal 0.6677811329464274 -0.7443576818175425 0
  outer loop
    vertex 13.358843706805253 11.984539158114028 0
    vertex 13.358843706805253 11.984539158114028 3
    vertex 13.327673005089249 11.95657517384262 3
  endloop
endfacet
facet normal 0.6494480483301789 -0.760405965600035 0
  outer loop
    vertex 11.956575173842635 -13.327673005089274 0
    vertex 11.293166793357855 -13.894277289435916 3
    vertex 11.293166793357855 -13.894277289435916 0
  endloop
endfacet
facet normal 0.6494480483301789 -0.760405965600035 0
  outer loop
    vertex 11.956575173842635 -13.327673005089274 0
    vertex 11.956575173842635 -13.327673005089274 3
    vertex 11.293166793357855 -13.894277289435916 3
  endloop
endfacet
facet normal 0.7689557832921478 -0.6392548715330549 0.007759675432435168
  outer loop
    vertex 13.590283125370664 12.25565304687103 2.4
    vertex 13.632295300448034 12.313472411102461 3
    vertex 13.358843706805253 11.984539158114028 3
  endloop
endfacet
facet normal 0.8471882323892759 -0.5312306791888047 -0.008128000352828655
  outer loop
    vertex 13.590283125370664 12.25565304687103 2.4
    vertex 13.93546257677882 12.796953051462214 3
    vertex 13.632295300448034 12.313472411102461 3
  endloop
endfacet
facet normal 0.8969375711033278 -0.44204481391063843 0.009968753080088533
  outer loop
    vertex 14.130037761677286 13.178227837610548 2.4
    vertex 14.207557487607096 13.349051256775006 3
    vertex 13.93546257677882 12.796953051462214 3
  endloop
endfacet
facet normal 0.9293890599589522 -0.3687934347212546 -0.015079049542819866
  outer loop
    vertex 14.130037761677286 13.178227837610548 2.4
    vertex 14.434456903853883 13.92085599980202 3
    vertex 14.207557487607096 13.349051256775006 3
  endloop
endfacet
facet normal 0.8624083562161111 -0.5045541167281322 -0.04095082931174553
  outer loop
    vertex 14.130037761677286 13.178227837610548 2.4
    vertex 13.93546257677882 12.796953051462214 3
    vertex 13.590283125370664 12.25565304687103 2.4
  endloop
endfacet
facet normal 0.7605634867280567 -0.6492635694816558 0
  outer loop
    vertex 13.590283125370664 12.25565304687103 1.2000000000000002
    vertex 13.358843706805253 11.984539158114028 3
    vertex 13.358843706805253 11.984539158114028 0
  endloop
endfacet
facet normal 0.760563486728057 -0.6492635694816558 0
  outer loop
    vertex 13.590283125370664 12.25565304687103 1.2000000000000002
    vertex 13.590283125370664 12.25565304687103 2.4
    vertex 13.358843706805253 11.984539158114028 3
  endloop
endfacet
facet normal 0.7689557832921478 -0.6392548715330549 -0.007759675432435168
  outer loop
    vertex 13.590283125370664 12.25565304687103 0.6000000000000001
    vertex 13.358843706805253 11.984539158114028 0
    vertex 13.632295300448034 12.313472411102461 0
  endloop
endfacet
facet normal 0.8471882323892759 -0.5312306791888047 0.008128000352828655
  outer loop
    vertex 13.590283125370664 12.25565304687103 0.6000000000000001
    vertex 13.632295300448034 12.313472411102461 0
    vertex 13.93546257677882 12.796953051462214 0
  endloop
endfacet
facet normal 0.760563486728057 -0.6492635694816559 0
  outer loop
    vertex 13.590283125370664 12.25565304687103 0.6000000000000001
    vertex 13.590283125370664 12.25565304687103 1.2000000000000002
    vertex 13.358843706805253 11.984539158114028 0
  endloop
endfacet
facet normal 0.9252774447865023 -0.37929098350654356 0
  outer loop
    vertex 14.130037761677286 13.178227837610548 1.2000000000000002
    vertex 14.434456903853883 13.92085599980202 0
    vertex 14.434456903853883 13.92085599980202 3
  endloop
endfacet
facet normal 0.9252774447865023 -0.37929098350654356 0
  outer loop
    vertex 14.130037761677286 13.178227837610548 1.2000000000000002
    vertex 14.434456903853883 13.92085599980202 3
    vertex 14.130037761677286 13.178227837610548 2.4
  endloop
endfacet
facet normal 0.8631323836251246 -0.5049777107334648 0
  outer loop
    vertex 14.130037761677286 13.178227837610548 1.2000000000000002
    vertex 13.590283125370664 12.25565304687103 2.4
    vertex 13.590283125370664 12.25565304687103 1.2000000000000002
  endloop
endfacet
facet normal 0.8631323836251246 -0.5049777107334648 0
  outer loop
    vertex 14.130037761677286 13.178227837610548 1.2000000000000002
    vertex 14.130037761677286 13.178227837610548 2.4
    vertex 13.590283125370664 12.25565304687103 2.4
  endloop
endfacet
facet normal 0.8969375711033278 -0.44204481391063843 -0.009968753080088533
  outer loop
    vertex 14.130037761677286 13.178227837610548 0.6000000000000001
    vertex 13.93546257677882 12.796953051462214 0
    vertex 14.207557487607096 13.349051256775006 0
  endloop
endfacet
facet normal 0.9293890599589522 -0.3687934347212546 0.015079049542819866
  outer loop
    vertex 14.130037761677286 13.178227837610548 0.6000000000000001
    vertex 14.207557487607096 13.349051256775006 0
    vertex 14.434456903853883 13.92085599980202 0
  endloop
endfacet
facet normal 0.9252774447865023 -0.37929098350654356 0
  outer loop
    vertex 14.130037761677286 13.178227837610548 0.6000000000000001
    vertex 14.434456903853883 13.92085599980202 0
    vertex 14.130037761677286 13.178227837610548 1.2000000000000002
  endloop
endfacet
facet normal 0.8631323836251246 -0.5049777107334646 0
  outer loop
    vertex 14.130037761677286 13.178227837610548 0.6000000000000001
    vertex 14.130037761677286 13.178227837610548 1.2000000000000002
    vertex 13.590283125370664 12.25565304687103 1.2000000000000002
  endloop
endfacet
facet normal 0.8631323836251246 -0.5049777107334646 0
  outer loop
    vertex 14.130037761677286 13.178227837610548 0.6000000000000001
    vertex 13.590283125370664 12.25565304687103 1.2000000000000002
    vertex 13.590283125370664 12.25565304687103 0.6000000000000001
  endloop
endfacet
facet normal 0.8624083562161111 -0.5045541167281322 0.04095082931174553
  outer loop
    vertex 14.130037761677286 13.178227837610548 0.6000000000000001
    vertex 13.590283125370664 12.25565304687103 0.6000000000000001
    vertex 13.93546257677882 12.796953051462214 0
  endloop
endfacet
facet normal 0.7760028348345135 0.6307294192669302 0
  outer loop
    vertex 11.293166793357855 -13.894277289435916 0
    vertex 11.319579201091024 -13.926773162705258 3
    vertex 11.319579201091024 -13.926773162705258 0
  endloop
endfacet
facet normal 0.7760028348345135 0.6307294192669302 0
  outer loop
    vertex 11.293166793357855 -13.894277289435916 0
    vertex 11.293166793357855 -13.894277289435916 3
    vertex 11.319579201091024 -13.926773162705258 3
  endloop
endfacet
facet normal 0.707106781186544 0.7071067811865513 0
  outer loop
    vertex 13.920855999802018 14.43445690385388 0
    vertex 14.434456903853883 13.92085599980202 3
    vertex 14.434456903853883 13.92085599980202 0
  endloop
endfacet
facet normal 0.707106781186544 0.7071067811865513 0
  outer loop
    vertex 13.920855999802018 14.43445690385388 0
    vertex 13.920855999802018 14.43445690385388 3
    vertex 14.434456903853883 13.92085599980202 3
  endloop
endfacet
facet normal 0.9740448750256757 0.2263018018648887 -0.004906720790956337
  outer loop
    vertex 11.894544527422791 -15.226406883160472 2.4
    vertex 11.910864222288588 -15.283640553262536 3
    vertex 12.079043125528365 -16.007513706009007 3
  endloop
endfacet
facet normal 0.945520814196651 0.3255179655427926 0.0053332944587048065
  outer loop
    vertex 11.894544527422791 -15.226406883160472 2.4
    vertex 11.668987042538376 -14.581068246533908 3
    vertex 11.910864222288588 -15.283640553262536 3
  endloop
endfacet
facet normal 0.9044736330096657 0.42651923320059104 0.0029649452400582125
  outer loop
    vertex 11.50575766020952 -14.230754291236448 2.4
    vertex 11.487098446479708 -14.195356591643915 3
    vertex 11.668987042538376 -14.581068246533908 3
  endloop
endfacet
facet normal 0.8484784309959024 0.5292078779792165 -0.004834668496036652
  outer loop
    vertex 11.50575766020952 -14.230754291236448 2.4
    vertex 11.319579201091024 -13.926773162705258 3
    vertex 11.487098446479708 -14.195356591643915 3
  endloop
endfacet
facet normal 0.930718096164748 0.36343095553775717 -0.0410093407454889
  outer loop
    vertex 11.50575766020952 -14.230754291236448 2.4
    vertex 11.668987042538376 -14.581068246533908 3
    vertex 11.894544527422791 -15.226406883160472 2.4
  endloop
endfacet
facet normal 0.9732199261307178 0.2298760000133111 0
  outer loop
    vertex 11.894544527422791 -15.226406883160472 1.2000000000000002
    vertex 12.079043125528365 -16.007513706009007 3
    vertex 12.079043125528365 -16.007513706009007 0
  endloop
endfacet
facet normal 0.973219926130718 0.2298760000133111 0
  outer loop
    vertex 11.894544527422791 -15.226406883160472 1.2000000000000002
    vertex 11.894544527422791 -15.226406883160472 2.4
    vertex 12.079043125528365 -16.007513706009007 3
  endloop
endfacet
facet normal 0.9740448750256757 0.2263018018648887 0.004906720790956337
  outer loop
    vertex 11.894544527422791 -15.226406883160472 0.6000000000000001
    vertex 12.079043125528365 -16.007513706009007 0
    vertex 11.910864222288588 -15.283640553262536 0
  endloop
endfacet
facet normal 0.945520814196651 0.3255179655427926 -0.0053332944587048065
  outer loop
    vertex 11.894544527422791 -15.226406883160472 0.6000000000000001
    vertex 11.910864222288588 -15.283640553262536 0
    vertex 11.668987042538376 -14.581068246533908 0
  endloop
endfacet
facet normal 0.9732199261307182 0.22987600001331113 0
  outer loop
    vertex 11.894544527422791 -15.226406883160472 0.6000000000000001
    vertex 11.894544527422791 -15.226406883160472 1.2000000000000002
    vertex 12.079043125528365 -16.007513706009007 0
  endloop
endfacet
facet normal 0.8527668872856526 0.5222917153747885 0
  outer loop
    vertex 11.50575766020952 -14.230754291236448 1.2000000000000002
    vertex 11.319579201091024 -13.926773162705258 0
    vertex 11.319579201091024 -13.926773162705258 3
  endloop
endfacet
facet normal 0.8527668872856528 0.5222917153747885 0
  outer loop
    vertex 11.50575766020952 -14.230754291236448 1.2000000000000002
    vertex 11.319579201091024 -13.926773162705258 3
    vertex 11.50575766020952 -14.230754291236448 2.4
  endloop
endfacet
facet normal 0.9315017097324569 0.3637369444605667 0
  outer loop
    vertex 11.50575766020952 -14.230754291236448 1.2000000000000002
    vertex 11.894544527422791 -15.226406883160472 2.4
    vertex 11.894544527422791 -15.226406883160472 1.2000000000000002
  endloop
endfacet
facet normal 0.9315017097324569 0.3637369444605667 0
  outer loop
    vertex 11.50575766020952 -14.230754291236448 1.2000000000000002
    vertex 11.50575766020952 -14.230754291236448 2.4
    vertex 11.894544527422791 -15.226406883160472 2.4
  endloop
endfacet
facet normal 0.931501709732457 0.36373694446056676 0
  outer loop
    vertex 11.50575766020952 -14.230754291236448 1.2000000000000002
    vertex 11.894544527422791 -15.226406883160472 1.2000000000000002
    vertex 11.894544527422791 -15.226406883160472 0.6000000000000001
  endloop
endfacet
facet normal 0.9044736330096657 0.42651923320059104 -0.0029649452400582125
  outer loop
    vertex 11.50575766020952 -14.230754291236448 0.6000000000000001
    vertex 11.668987042538376 -14.581068246533908 0
    vertex 11.487098446479708 -14.195356591643915 0
  endloop
endfacet
facet normal 0.8484784309959024 0.5292078779792165 0.004834668496036652
  outer loop
    vertex 11.50575766020952 -14.230754291236448 0.6000000000000001
    vertex 11.487098446479708 -14.195356591643915 0
    vertex 11.319579201091024 -13.926773162705258 0
  endloop
endfacet
facet normal 0.931501709732457 0.36373694446056676 0
  outer loop
    vertex 11.50575766020952 -14.230754291236448 0.6000000000000001
    vertex 11.50575766020952 -14.230754291236448 1.2000000000000002
    vertex 11.894544527422791 -15.226406883160472 0.6000000000000001
  endloop
endfacet
facet normal 0.8527668872856528 0.5222917153747885 0
  outer loop
    vertex 11.50575766020952 -14.230754291236448 0.6000000000000001
    vertex 11.319579201091024 -13.926773162705258 0
    vertex 11.50575766020952 -14.230754291236448 1.2000000000000002
  endloop
endfacet
facet normal 0.930718096164748 0.36343095553775717 0.0410093407454889
  outer loop
    vertex 11.50575766020952 -14.230754291236448 0.6000000000000001
    vertex 11.894544527422791 -15.226406883160472 0.6000000000000001
    vertex 11.668987042538376 -14.581068246533908 0
  endloop
endfacet
facet normal -0.375889840107435 0.9266513649669365 -0.004906720790956496
  outer loop
    vertex 13.178227837610548 14.130037761677286 2.4
    vertex 13.232203903523851 14.155109852583 3
    vertex 13.920855999802018 14.43445690385388 3
  endloop
endfacet
facet normal -0.4694223419741394 0.8829576551713739 0.005333294458702875
  outer loop
    vertex 13.178227837610548 14.130037761677286 2.4
    vertex 12.57611935496263 13.806304059332497 3
    vertex 13.232203903523851 14.155109852583 3
  endloop
endfacet
facet normal -0.5627589225944225 0.8266157536244327 0.0029649452398846777
  outer loop
    vertex 12.255653046871034 13.590283125370672 2.4
    vertex 12.223610095819314 13.56631621732703 3
    vertex 12.57611935496263 13.806304059332497 3
  endloop
endfacet
facet normal -0.6554237202818257 0.7552459022546678 -0.004834668495752838
  outer loop
    vertex 12.255653046871034 13.590283125370672 2.4
    vertex 11.98453915811403 13.358843706805251 3
    vertex 12.223610095819314 13.56631621732703 3
  endloop
endfacet
facet normal -0.5045529048727885 0.8624062848542169 -0.04100934074547191
  outer loop
    vertex 12.255653046871034 13.590283125370672 2.4
    vertex 12.57611935496263 13.806304059332497 3
    vertex 13.178227837610548 14.130037761677286 2.4
  endloop
endfacet
facet normal -0.37929098350654056 0.9252774447865036 0
  outer loop
    vertex 13.178227837610548 14.130037761677286 1.2000000000000002
    vertex 13.920855999802018 14.43445690385388 3
    vertex 13.920855999802018 14.43445690385388 0
  endloop
endfacet
facet normal -0.3792909835065405 0.9252774447865035 0
  outer loop
    vertex 13.178227837610548 14.130037761677286 1.2000000000000002
    vertex 13.178227837610548 14.130037761677286 2.4
    vertex 13.920855999802018 14.43445690385388 3
  endloop
endfacet
facet normal -0.375889840107435 0.9266513649669365 0.004906720790956496
  outer loop
    vertex 13.178227837610548 14.130037761677286 0.6000000000000001
    vertex 13.920855999802018 14.43445690385388 0
    vertex 13.232203903523851 14.155109852583 0
  endloop
endfacet
facet normal -0.4694223419741394 0.8829576551713739 -0.005333294458702875
  outer loop
    vertex 13.178227837610548 14.130037761677286 0.6000000000000001
    vertex 13.232203903523851 14.155109852583 0
    vertex 12.57611935496263 13.806304059332497 0
  endloop
endfacet
facet normal -0.3792909835065406 0.9252774447865036 0
  outer loop
    vertex 13.178227837610548 14.130037761677286 0.6000000000000001
    vertex 13.178227837610548 14.130037761677286 1.2000000000000002
    vertex 13.920855999802018 14.43445690385388 0
  endloop
endfacet
facet normal -0.6492635694816677 0.7605634867280465 0
  outer loop
    vertex 12.255653046871034 13.590283125370672 1.2000000000000002
    vertex 11.98453915811403 13.358843706805251 0
    vertex 11.98453915811403 13.358843706805251 3
  endloop
endfacet
facet normal -0.6492635694816677 0.7605634867280467 0
  outer loop
    vertex 12.255653046871034 13.590283125370672 1.2000000000000002
    vertex 11.98453915811403 13.358843706805251 3
    vertex 12.255653046871034 13.590283125370672 2.4
  endloop
endfacet
facet normal -0.5049777107334613 0.8631323836251267 0
  outer loop
    vertex 12.255653046871034 13.590283125370672 1.2000000000000002
    vertex 13.178227837610548 14.130037761677286 2.4
    vertex 13.178227837610548 14.130037761677286 1.2000000000000002
  endloop
endfacet
facet normal -0.5049777107334613 0.8631323836251267 0
  outer loop
    vertex 12.255653046871034 13.590283125370672 1.2000000000000002
    vertex 12.255653046871034 13.590283125370672 2.4
    vertex 13.178227837610548 14.130037761677286 2.4
  endloop
endfacet
facet normal -0.5627589225944225 0.8266157536244327 -0.0029649452398846777
  outer loop
    vertex 12.255653046871034 13.590283125370672 0.6000000000000001
    vertex 12.57611935496263 13.806304059332497 0
    vertex 12.223610095819314 13.56631621732703 0
  endloop
endfacet
facet normal -0.6554237202818257 0.7552459022546678 0.004834668495752838
  outer loop
    vertex 12.255653046871034 13.590283125370672 0.6000000000000001
    vertex 12.223610095819314 13.56631621732703 0
    vertex 11.98453915811403 13.358843706805251 0
  endloop
endfacet
facet normal -0.5049777107334613 0.8631323836251268 0
  outer loop
    vertex 12.255653046871034 13.590283125370672 0.6000000000000001
    vertex 12.255653046871034 13.590283125370672 1.2000000000000002
    vertex 13.178227837610548 14.130037761677286 1.2000000000000002
  endloop
endfacet
facet normal -0.6492635694816677 0.7605634867280466 0
  outer loop
    vertex 12.255653046871034 13.590283125370672 0.6000000000000001
    vertex 11.98453915811403 13.358843706805251 0
    vertex 12.255653046871034 13.590283125370672 1.2000000000000002
  endloop
endfacet
facet normal -0.5045529048727885 0.8624062848542169 0.04100934074547191
  outer loop
    vertex 12.255653046871034 13.590283125370672 0.6000000000000001
    vertex 13.178227837610548 14.130037761677286 0.6000000000000001
    vertex 12.57611935496263 13.806304059332497 0
  endloop
endfacet
facet normal -0.5049777107334613 0.8631323836251268 0
  outer loop
    vertex 12.255653046871034 13.590283125370672 0.6000000000000001
    vertex 13.178227837610548 14.130037761677286 1.2000000000000002
    vertex 13.178227837610548 14.130037761677286 0.6000000000000001
  endloop
endfacet
facet normal 0.5877852522924782 -0.8090169943749438 0
  outer loop
    vertex 12.079043125528365 -16.007513706009007 0
    vertex 11.491420618207696 -16.43444644799062 3
    vertex 11.491420618207696 -16.43444644799062 0
  endloop
endfacet
facet normal 0.5877852522924782 -0.8090169943749438 0
  outer loop
    vertex 12.079043125528365 -16.007513706009007 0
    vertex 12.079043125528365 -16.007513706009007 3
    vertex 11.491420618207696 -16.43444644799062 3
  endloop
endfacet
facet normal -0.7443576818174835 0.6677811329464931 0
  outer loop
    vertex 11.95657517384262 13.32767300508925 0
    vertex 11.98453915811403 13.358843706805251 3
    vertex 11.98453915811403 13.358843706805251 0
  endloop
endfacet
facet normal -0.7443576818174835 0.6677811329464931 0
  outer loop
    vertex 11.95657517384262 13.32767300508925 0
    vertex 11.95657517384262 13.32767300508925 3
    vertex 11.98453915811403 13.358843706805251 3
  endloop
endfacet
facet normal -0.7516757698807147 -0.6594871677382491 0.007759675432466247
  outer loop
    vertex 9.978776950311163 -15.340170716421417 2.4
    vertex 10.029312310089995 -15.390710593221115 3
    vertex 9.747206025044978 -15.069169144997568 3
  endloop
endfacet
facet normal -0.6572197859233497 -0.7536551523084878 -0.00812800035287511
  outer loop
    vertex 9.978776950311163 -15.340170716421417 2.4
    vertex 10.45941469078662 -15.765778412635232 3
    vertex 10.029312310089995 -15.390710593221115 3
  endloop
endfacet
facet normal -0.5769144578300227 -0.8167437372326274 0.00996875308008624
  outer loop
    vertex 10.805557086667976 -16.017602571332574 2.4
    vertex 10.962150629221725 -16.120890570993108 3
    vertex 10.45941469078662 -15.765778412635232 3
  endloop
endfacet
facet normal -0.5096414559711369 -0.8602547347271646 -0.015079049542835605
  outer loop
    vertex 10.805557086667976 -16.017602571332574 2.4
    vertex 11.491420618207696 -16.43444644799062 3
    vertex 10.962150629221725 -16.120890570993108 3
  endloop
endfacet
facet normal -0.6332526081425441 -0.7728610249322617 -0.0409508293117424
  outer loop
    vertex 10.805557086667976 -16.017602571332574 2.4
    vertex 10.45941469078662 -15.765778412635232 3
    vertex 9.978776950311163 -15.340170716421417 2.4
  endloop
endfacet
facet normal -0.7602483997256584 -0.6496324889617017 0
  outer loop
    vertex 9.978776950311163 -15.340170716421417 1.2000000000000002
    vertex 9.747206025044978 -15.069169144997568 3
    vertex 9.747206025044978 -15.069169144997568 0
  endloop
endfacet
facet normal -0.7602483997256586 -0.6496324889617018 0
  outer loop
    vertex 9.978776950311163 -15.340170716421417 1.2000000000000002
    vertex 9.978776950311163 -15.340170716421417 2.4
    vertex 9.747206025044978 -15.069169144997568 3
  endloop
endfacet
facet normal -0.7516757698807147 -0.6594871677382491 -0.007759675432466247
  outer loop
    vertex 9.978776950311163 -15.340170716421417 0.6000000000000001
    vertex 9.747206025044978 -15.069169144997568 0
    vertex 10.029312310089995 -15.390710593221115 0
  endloop
endfacet
facet normal -0.6572197859233497 -0.7536551523084878 0.00812800035287511
  outer loop
    vertex 9.978776950311163 -15.340170716421417 0.6000000000000001
    vertex 10.029312310089995 -15.390710593221115 0
    vertex 10.45941469078662 -15.765778412635232 0
  endloop
endfacet
facet normal -0.7602483997256585 -0.6496324889617018 0
  outer loop
    vertex 9.978776950311163 -15.340170716421417 0.6000000000000001
    vertex 9.978776950311163 -15.340170716421417 1.2000000000000002
    vertex 9.747206025044978 -15.069169144997568 0
  endloop
endfacet
facet normal -0.5193665641912519 -0.8545515619318557 0
  outer loop
    vertex 10.805557086667976 -16.017602571332574 1.2000000000000002
    vertex 11.491420618207696 -16.43444644799062 0
    vertex 11.491420618207696 -16.43444644799062 3
  endloop
endfacet
facet normal -0.5193665641912519 -0.8545515619318557 0
  outer loop
    vertex 10.805557086667976 -16.017602571332574 1.2000000000000002
    vertex 11.491420618207696 -16.43444644799062 3
    vertex 10.805557086667976 -16.017602571332574 2.4
  endloop
endfacet
facet normal -0.6337842498431604 -0.7735098736607972 0
  outer loop
    vertex 10.805557086667976 -16.017602571332574 1.2000000000000002
    vertex 9.978776950311163 -15.340170716421417 2.4
    vertex 9.978776950311163 -15.340170716421417 1.2000000000000002
  endloop
endfacet
facet normal -0.6337842498431604 -0.7735098736607972 0
  outer loop
    vertex 10.805557086667976 -16.017602571332574 1.2000000000000002
    vertex 10.805557086667976 -16.017602571332574 2.4
    vertex 9.978776950311163 -15.340170716421417 2.4
  endloop
endfacet
facet normal -0.5769144578300227 -0.8167437372326274 -0.00996875308008624
  outer loop
    vertex 10.805557086667976 -16.017602571332574 0.6000000000000001
    vertex 10.45941469078662 -15.765778412635232 0
    vertex 10.962150629221725 -16.120890570993108 0
  endloop
endfacet
facet normal -0.5096414559711369 -0.8602547347271646 0.015079049542835605
  outer loop
    vertex 10.805557086667976 -16.017602571332574 0.6000000000000001
    vertex 10.962150629221725 -16.120890570993108 0
    vertex 11.491420618207696 -16.43444644799062 0
  endloop
endfacet
facet normal -0.519366564191252 -0.8545515619318557 0
  outer loop
    vertex 10.805557086667976 -16.017602571332574 0.6000000000000001
    vertex 11.491420618207696 -16.43444644799062 0
    vertex 10.805557086667976 -16.017602571332574 1.2000000000000002
  endloop
endfacet
facet normal -0.6337842498431605 -0.7735098736607972 0
  outer loop
    vertex 10.805557086667976 -16.017602571332574 0.6000000000000001
    vertex 10.805557086667976 -16.017602571332574 1.2000000000000002
    vertex 9.978776950311163 -15.340170716421417 1.2000000000000002
  endloop
endfacet
facet normal -0.6337842498431605 -0.7735098736607972 0
  outer loop
    vertex 10.805557086667976 -16.017602571332574 0.6000000000000001
    vertex 9.978776950311163 -15.340170716421417 1.2000000000000002
    vertex 9.978776950311163 -15.340170716421417 0.6000000000000001
  endloop
endfacet
facet normal -0.6332526081425441 -0.7728610249322617 0.0409508293117424
  outer loop
    vertex 10.805557086667976 -16.017602571332574 0.6000000000000001
    vertex 9.978776950311163 -15.340170716421417 0.6000000000000001
    vertex 10.45941469078662 -15.765778412635232 0
  endloop
endfacet
facet normal 0.6494480483301838 0.7604059656000308 0
  outer loop
    vertex 11.293166793357837 13.894277289435902 0
    vertex 11.95657517384262 13.32767300508925 3
    vertex 11.95657517384262 13.32767300508925 0
  endloop
endfacet
facet normal 0.6494480483301838 0.7604059656000308 0
  outer loop
    vertex 11.293166793357837 13.894277289435902 0
    vertex 11.293166793357837 13.894277289435902 3
    vertex 11.95657517384262 13.32767300508925 3
  endloop
endfacet
facet normal -0.8396573878599383 -0.5431164433270504 0
  outer loop
    vertex 9.747206025044978 -15.069169144997568 0
    vertex 9.724462495871386 -15.034007675424615 3
    vertex 9.724462495871386 -15.034007675424615 0
  endloop
endfacet
facet normal -0.8396573878599383 -0.5431164433270504 0
  outer loop
    vertex 9.747206025044978 -15.069169144997568 0
    vertex 9.747206025044978 -15.069169144997568 3
    vertex 9.724462495871386 -15.034007675424615 3
  endloop
endfacet
facet normal 0.7760028348342785 -0.630729419267219 0
  outer loop
    vertex 11.319579201091013 13.926773162705228 0
    vertex 11.293166793357837 13.894277289435902 3
    vertex 11.293166793357837 13.894277289435902 0
  endloop
endfacet
facet normal 0.7760028348342785 -0.630729419267219 0
  outer loop
    vertex 11.319579201091013 13.926773162705228 0
    vertex 11.319579201091013 13.926773162705228 3
    vertex 11.293166793357837 13.894277289435902 3
  endloop
endfacet
facet normal 0.5224985647159427 -0.8526401643540961 0
  outer loop
    vertex 9.724462495871386 -15.034007675424615 0
    vertex 8.980585335302194 -15.489856185700702 3
    vertex 8.980585335302194 -15.489856185700702 0
  endloop
endfacet
facet normal 0.5224985647159427 -0.8526401643540961 0
  outer loop
    vertex 9.724462495871386 -15.034007675424615 0
    vertex 9.724462495871386 -15.034007675424615 3
    vertex 8.980585335302194 -15.489856185700702 3
  endloop
endfacet
facet normal 0.8594901554435442 -0.5110933966828511 0.007759675432498621
  outer loop
    vertex 11.50575766020951 14.230754291236426 2.4
    vertex 11.53820765438424 14.2944339552824 3
    vertex 11.319579201091013 13.926773162705228 3
  endloop
endfacet
facet normal 0.9198607265322308 -0.3921609100788344 -0.008128000352916569
  outer loop
    vertex 11.50575766020951 14.230754291236426 2.4
    vertex 11.762009403134373 14.81938795736052 3
    vertex 11.53820765438424 14.2944339552824 3
  endloop
endfacet
facet normal 0.9550458252084494 -0.2962905596098878 0.009968753080088712
  outer loop
    vertex 11.894544527422786 15.226406883160458 2.4
    vertex 11.94438718669664 15.40725393942639 3
    vertex 11.762009403134373 14.81938795736052 3
  endloop
endfacet
facet normal 0.975638742069109 -0.21886449515325684 -0.015079049542875773
  outer loop
    vertex 11.894544527422786 15.226406883160458 2.4
    vertex 12.079043125528354 16.007513706008975 3
    vertex 11.94438718669664 15.40725393942639 3
  endloop
endfacet
facet normal 0.9307203316006857 -0.36343182844076016 -0.040950829311692
  outer loop
    vertex 11.894544527422786 15.226406883160458 2.4
    vertex 11.762009403134373 14.81938795736052 3
    vertex 11.50575766020951 14.230754291236426 2.4
  endloop
endfacet
facet normal 0.8527668872856595 -0.5222917153747774 0
  outer loop
    vertex 11.50575766020951 14.230754291236426 1.2000000000000002
    vertex 11.319579201091013 13.926773162705228 3
    vertex 11.319579201091013 13.926773162705228 0
  endloop
endfacet
facet normal 0.8527668872856594 -0.5222917153747773 0
  outer loop
    vertex 11.50575766020951 14.230754291236426 1.2000000000000002
    vertex 11.50575766020951 14.230754291236426 2.4
    vertex 11.319579201091013 13.926773162705228 3
  endloop
endfacet
facet normal 0.8594901554435442 -0.5110933966828511 -0.007759675432498621
  outer loop
    vertex 11.50575766020951 14.230754291236426 0.6000000000000001
    vertex 11.319579201091013 13.926773162705228 0
    vertex 11.53820765438424 14.2944339552824 0
  endloop
endfacet
facet normal 0.9198607265322308 -0.3921609100788344 0.008128000352916569
  outer loop
    vertex 11.50575766020951 14.230754291236426 0.6000000000000001
    vertex 11.53820765438424 14.2944339552824 0
    vertex 11.762009403134373 14.81938795736052 0
  endloop
endfacet
facet normal 0.8527668872856595 -0.5222917153747774 0
  outer loop
    vertex 11.50575766020951 14.230754291236426 0.6000000000000001
    vertex 11.50575766020951 14.230754291236426 1.2000000000000002
    vertex 11.319579201091013 13.926773162705228 0
  endloop
endfacet
facet normal 0.9732199261307183 -0.22987600001330977 0
  outer loop
    vertex 11.894544527422786 15.226406883160458 1.2000000000000002
    vertex 12.079043125528354 16.007513706008975 0
    vertex 12.079043125528354 16.007513706008975 3
  endloop
endfacet
facet normal 0.9732199261307183 -0.2298760000133098 0
  outer loop
    vertex 11.894544527422786 15.226406883160458 1.2000000000000002
    vertex 12.079043125528354 16.007513706008975 3
    vertex 11.894544527422786 15.226406883160458 2.4
  endloop
endfacet
facet normal 0.9315017097324563 -0.36373694446056887 0
  outer loop
    vertex 11.894544527422786 15.226406883160458 1.2000000000000002
    vertex 11.50575766020951 14.230754291236426 2.4
    vertex 11.50575766020951 14.230754291236426 1.2000000000000002
  endloop
endfacet
facet normal 0.9315017097324563 -0.36373694446056887 0
  outer loop
    vertex 11.894544527422786 15.226406883160458 1.2000000000000002
    vertex 11.894544527422786 15.226406883160458 2.4
    vertex 11.50575766020951 14.230754291236426 2.4
  endloop
endfacet
facet normal 0.9550458252084494 -0.2962905596098878 -0.009968753080088712
  outer loop
    vertex 11.894544527422786 15.226406883160458 0.6000000000000001
    vertex 11.762009403134373 14.81938795736052 0
    vertex 11.94438718669664 15.40725393942639 0
  endloop
endfacet
facet normal 0.975638742069109 -0.21886449515325684 0.015079049542875773
  outer loop
    vertex 11.894544527422786 15.226406883160458 0.6000000000000001
    vertex 11.94438718669664 15.40725393942639 0
    vertex 12.079043125528354 16.007513706008975 0
  endloop
endfacet
facet normal 0.9732199261307183 -0.22987600001330977 0
  outer loop
    vertex 11.894544527422786 15.226406883160458 0.6000000000000001
    vertex 12.079043125528354 16.007513706008975 0
    vertex 11.894544527422786 15.226406883160458 1.2000000000000002
  endloop
endfacet
facet normal 0.9315017097324562 -0.3637369444605688 0
  outer loop
    vertex 11.894544527422786 15.226406883160458 0.6000000000000001
    vertex 11.894544527422786 15.226406883160458 1.2000000000000002
    vertex 11.50575766020951 14.230754291236426 1.2000000000000002
  endloop
endfacet
facet normal 0.9315017097324562 -0.3637369444605688 0
  outer loop
    vertex 11.894544527422786 15.226406883160458 0.6000000000000001
    vertex 11.50575766020951 14.230754291236426 1.2000000000000002
    vertex 11.50575766020951 14.230754291236426 0.6000000000000001
  endloop
endfacet
facet normal 0.9307203316006857 -0.36343182844076016 0.040950829311692
  outer loop
    vertex 11.894544527422786 15.226406883160458 0.6000000000000001
    vertex 11.50575766020951 14.230754291236426 0.6000000000000001
    vertex 11.762009403134373 14.81938795736052 0
  endloop
endfacet
facet normal 0.8651167715229784 0.5015705051432539 0
  outer loop
    vertex 8.980585335302194 -15.489856185700702 0
    vertex 9.001589087916386 -15.526083791720453 3
    vertex 9.001589087916386 -15.526083791720453 0
  endloop
endfacet
facet normal 0.8651167715229784 0.5015705051432539 0
  outer loop
    vertex 8.980585335302194 -15.489856185700702 0
    vertex 8.980585335302194 -15.489856185700702 3
    vertex 9.001589087916386 -15.526083791720453 3
  endloop
endfacet
facet normal 0.5877852522924668 0.809016994374952 0
  outer loop
    vertex 11.491420618207673 16.434446447990585 0
    vertex 12.079043125528354 16.007513706008975 3
    vertex 12.079043125528354 16.007513706008975 0
  endloop
endfacet
facet normal 0.5877852522924668 0.809016994374952 0
  outer loop
    vertex 11.491420618207673 16.434446447990585 0
    vertex 11.491420618207673 16.434446447990585 3
    vertex 12.079043125528354 16.007513706008975 3
  endloop
endfacet
facet normal 0.9974541675916819 0.07114146220780336 -0.004906720790952612
  outer loop
    vertex 9.366168131173097 -16.89966125769974 2.4
    vertex 9.373333584949407 -16.958743249084968 3
    vertex 9.426203217406535 -17.700013298881867 3
  endloop
endfacet
facet normal 0.9848021127727251 0.1735982564676086 0.005333294458708011
  outer loop
    vertex 9.366168131173097 -16.89966125769974 2.4
    vertex 9.244340837609263 -16.226982846084407 3
    vertex 9.373333584949407 -16.958743249084968 3
  endloop
endfacet
facet normal 0.9600603697745446 0.27977722474870864 0.0029649452399022657
  outer loop
    vertex 9.13792225603359 -15.855447135785873 2.4
    vertex 9.125030188388067 -15.81756629649848 3
    vertex 9.244340837609263 -16.226982846084407 3
  endloop
endfacet
facet normal 0.9208186048280314 0.38996118137975466 -0.004834668495780907
  outer loop
    vertex 9.13792225603359 -15.855447135785873 2.4
    vertex 9.001589087916386 -15.526083791720453 3
    vertex 9.125030188388067 -15.81756629649848 3
  endloop
endfacet
facet normal 0.9761125390714344 0.21336012991919953 -0.04100934074548832
  outer loop
    vertex 9.13792225603359 -15.855447135785873 2.4
    vertex 9.244340837609263 -16.226982846084407 3
    vertex 9.366168131173097 -16.89966125769974 2.4
  endloop
endfacet
facet normal 0.9971985029618419 0.0748007064850424 0
  outer loop
    vertex 9.366168131173097 -16.89966125769974 1.2000000000000002
    vertex 9.426203217406535 -17.700013298881867 3
    vertex 9.426203217406535 -17.700013298881867 0
  endloop
endfacet
facet normal 0.9971985029618419 0.0748007064850424 0
  outer loop
    vertex 9.366168131173097 -16.89966125769974 1.2000000000000002
    vertex 9.366168131173097 -16.89966125769974 2.4
    vertex 9.426203217406535 -17.700013298881867 3
  endloop
endfacet
facet normal 0.9974541675916819 0.07114146220780336 0.004906720790952612
  outer loop
    vertex 9.366168131173097 -16.89966125769974 0.6000000000000001
    vertex 9.426203217406535 -17.700013298881867 0
    vertex 9.373333584949407 -16.958743249084968 0
  endloop
endfacet
facet normal 0.9848021127727251 0.1735982564676086 -0.005333294458708011
  outer loop
    vertex 9.366168131173097 -16.89966125769974 0.6000000000000001
    vertex 9.373333584949407 -16.958743249084968 0
    vertex 9.244340837609263 -16.226982846084407 0
  endloop
endfacet
facet normal 0.9971985029618418 0.0748007064850424 0
  outer loop
    vertex 9.366168131173097 -16.89966125769974 0.6000000000000001
    vertex 9.366168131173097 -16.89966125769974 1.2000000000000002
    vertex 9.426203217406535 -17.700013298881867 0
  endloop
endfacet
facet normal 0.9239723369072457 0.38245930584856125 0
  outer loop
    vertex 9.13792225603359 -15.855447135785873 1.2000000000000002
    vertex 9.001589087916386 -15.526083791720453 0
    vertex 9.001589087916386 -15.526083791720453 3
  endloop
endfacet
facet normal 0.9239723369072456 0.38245930584856125 0
  outer loop
    vertex 9.13792225603359 -15.855447135785873 1.2000000000000002
    vertex 9.001589087916386 -15.526083791720453 3
    vertex 9.13792225603359 -15.855447135785873 2.4
  endloop
endfacet
facet normal 0.9769343722692407 0.213539767441347 0
  outer loop
    vertex 9.13792225603359 -15.855447135785873 1.2000000000000002
    vertex 9.366168131173097 -16.89966125769974 2.4
    vertex 9.366168131173097 -16.89966125769974 1.2000000000000002
  endloop
endfacet
facet normal 0.9769343722692407 0.213539767441347 0
  outer loop
    vertex 9.13792225603359 -15.855447135785873 1.2000000000000002
    vertex 9.13792225603359 -15.855447135785873 2.4
    vertex 9.366168131173097 -16.89966125769974 2.4
  endloop
endfacet
facet normal 0.9600603697745446 0.27977722474870864 -0.0029649452399022657
  outer loop
    vertex 9.13792225603359 -15.855447135785873 0.6000000000000001
    vertex 9.244340837609263 -16.226982846084407 0
    vertex 9.125030188388067 -15.81756629649848 0
  endloop
endfacet
facet normal 0.9208186048280314 0.38996118137975466 0.004834668495780907
  outer loop
    vertex 9.13792225603359 -15.855447135785873 0.6000000000000001
    vertex 9.125030188388067 -15.81756629649848 0
    vertex 9.001589087916386 -15.526083791720453 0
  endloop
endfacet
facet normal 0.9769343722692407 0.213539767441347 0
  outer loop
    vertex 9.13792225603359 -15.855447135785873 0.6000000000000001
    vertex 9.13792225603359 -15.855447135785873 1.2000000000000002
    vertex 9.366168131173097 -16.89966125769974 1.2000000000000002
  endloop
endfacet
facet normal 0.9239723369072457 0.3824593058485613 0
  outer loop
    vertex 9.13792225603359 -15.855447135785873 0.6000000000000001
    vertex 9.001589087916386 -15.526083791720453 0
    vertex 9.13792225603359 -15.855447135785873 1.2000000000000002
  endloop
endfacet
facet normal 0.9761125390714344 0.21336012991919953 0.04100934074548832
  outer loop
    vertex 9.13792225603359 -15.855447135785873 0.6000000000000001
    vertex 9.366168131173097 -16.89966125769974 0.6000000000000001
    vertex 9.244340837609263 -16.226982846084407 0
  endloop
endfacet
facet normal 0.9769343722692407 0.213539767441347 0
  outer loop
    vertex 9.13792225603359 -15.855447135785873 0.6000000000000001
    vertex 9.366168131173097 -16.89966125769974 1.2000000000000002
    vertex 9.366168131173097 -16.89966125769974 0.6000000000000001
  endloop
endfacet
facet normal -0.5162222229796853 0.856440622923149 -0.004906720790957051
  outer loop
    vertex 10.805557086667967 16.01760257133256 2.4
    vertex 10.854946478513456 16.050809700190598 3
    vertex 11.491420618207673 16.434446447990585 3
  endloop
endfacet
facet normal -0.6017679824226311 0.7986531483073317 0.005333294458702336
  outer loop
    vertex 10.805557086667967 16.01760257133256 2.4
    vertex 10.261504667124987 15.603664049689701 3
    vertex 10.854946478513456 16.050809700190598 3
  endloop
endfacet
facet normal -0.6851416196245746 0.72840385100433 0.002964945239983638
  outer loop
    vertex 9.978776950311158 15.340170716421405 2.4
    vertex 9.950877751596677 15.31148625887955 3
    vertex 10.261504667124987 15.603664049689701 3
  endloop
endfacet
facet normal -0.7655008553650591 0.6434167128820152 -0.004834668495917892
  outer loop
    vertex 9.978776950311158 15.340170716421405 2.4
    vertex 9.747206025044962 15.069169144997545 3
    vertex 9.950877751596677 15.31148625887955 3
  endloop
endfacet
facet normal -0.6332510871747643 0.7728591686482087 -0.04100934074547526
  outer loop
    vertex 9.978776950311158 15.340170716421405 2.4
    vertex 10.261504667124987 15.603664049689701 3
    vertex 10.805557086667967 16.01760257133256 2.4
  endloop
endfacet
facet normal -0.5193665641912404 0.8545515619318627 0
  outer loop
    vertex 10.805557086667967 16.01760257133256 1.2000000000000002
    vertex 11.491420618207673 16.434446447990585 3
    vertex 11.491420618207673 16.434446447990585 0
  endloop
endfacet
facet normal -0.5193665641912405 0.8545515619318628 0
  outer loop
    vertex 10.805557086667967 16.01760257133256 1.2000000000000002
    vertex 10.805557086667967 16.01760257133256 2.4
    vertex 11.491420618207673 16.434446447990585 3
  endloop
endfacet
facet normal -0.5162222229796853 0.856440622923149 0.004906720790957051
  outer loop
    vertex 10.805557086667967 16.01760257133256 0.6000000000000001
    vertex 11.491420618207673 16.434446447990585 0
    vertex 10.854946478513456 16.050809700190598 0
  endloop
endfacet
facet normal -0.6017679824226311 0.7986531483073317 -0.005333294458702336
  outer loop
    vertex 10.805557086667967 16.01760257133256 0.6000000000000001
    vertex 10.854946478513456 16.050809700190598 0
    vertex 10.261504667124987 15.603664049689701 0
  endloop
endfacet
facet normal -0.5193665641912404 0.8545515619318628 0
  outer loop
    vertex 10.805557086667967 16.01760257133256 0.6000000000000001
    vertex 10.805557086667967 16.01760257133256 1.2000000000000002
    vertex 11.491420618207673 16.434446447990585 0
  endloop
endfacet
facet normal -0.7602483997256563 0.6496324889617042 0
  outer loop
    vertex 9.978776950311158 15.340170716421405 1.2000000000000002
    vertex 9.747206025044962 15.069169144997545 0
    vertex 9.747206025044962 15.069169144997545 3
  endloop
endfacet
facet normal -0.7602483997256564 0.6496324889617043 0
  outer loop
    vertex 9.978776950311158 15.340170716421405 1.2000000000000002
    vertex 9.747206025044962 15.069169144997545 3
    vertex 9.978776950311158 15.340170716421405 2.4
  endloop
endfacet
facet normal -0.6337842498431611 0.7735098736607966 0
  outer loop
    vertex 9.978776950311158 15.340170716421405 1.2000000000000002
    vertex 10.805557086667967 16.01760257133256 2.4
    vertex 10.805557086667967 16.01760257133256 1.2000000000000002
  endloop
endfacet
facet normal -0.6337842498431611 0.7735098736607966 0
  outer loop
    vertex 9.978776950311158 15.340170716421405 1.2000000000000002
    vertex 9.978776950311158 15.340170716421405 2.4
    vertex 10.805557086667967 16.01760257133256 2.4
  endloop
endfacet
facet normal -0.6851416196245746 0.72840385100433 -0.002964945239983638
  outer loop
    vertex 9.978776950311158 15.340170716421405 0.6000000000000001
    vertex 10.261504667124987 15.603664049689701 0
    vertex 9.950877751596677 15.31148625887955 0
  endloop
endfacet
facet normal -0.7655008553650591 0.6434167128820152 0.004834668495917892
  outer loop
    vertex 9.978776950311158 15.340170716421405 0.6000000000000001
    vertex 9.950877751596677 15.31148625887955 0
    vertex 9.747206025044962 15.069169144997545 0
  endloop
endfacet
facet normal -0.6337842498431611 0.7735098736607966 0
  outer loop
    vertex 9.978776950311158 15.340170716421405 0.6000000000000001
    vertex 9.978776950311158 15.340170716421405 1.2000000000000002
    vertex 10.805557086667967 16.01760257133256 1.2000000000000002
  endloop
endfacet
facet normal -0.7602483997256563 0.6496324889617043 0
  outer loop
    vertex 9.978776950311158 15.340170716421405 0.6000000000000001
    vertex 9.747206025044962 15.069169144997545 0
    vertex 9.978776950311158 15.340170716421405 1.2000000000000002
  endloop
endfacet
facet normal -0.6332510871747643 0.7728591686482087 0.04100934074547526
  outer loop
    vertex 9.978776950311158 15.340170716421405 0.6000000000000001
    vertex 10.805557086667967 16.01760257133256 0.6000000000000001
    vertex 10.261504667124987 15.603664049689701 0
  endloop
endfacet
facet normal -0.6337842498431611 0.7735098736607966 0
  outer loop
    vertex 9.978776950311158 15.340170716421405 0.6000000000000001
    vertex 10.805557086667967 16.01760257133256 1.2000000000000002
    vertex 10.805557086667967 16.01760257133256 0.6000000000000001
  endloop
endfacet
facet normal 0.45399049973955147 -0.8910065241883655 0
  outer loop
    vertex 9.426203217406535 -17.700013298881867 0
    vertex 8.779028323154575 -18.02976537777711 3
    vertex 8.779028323154575 -18.02976537777711 0
  endloop
endfacet
facet normal 0.45399049973955147 -0.8910065241883655 0
  outer loop
    vertex 9.426203217406535 -17.700013298881867 0
    vertex 9.426203217406535 -17.700013298881867 3
    vertex 8.779028323154575 -18.02976537777711 3
  endloop
endfacet
facet normal -0.8396573878599963 0.5431164433269607 0
  outer loop
    vertex 9.724462495871375 15.034007675424592 0
    vertex 9.747206025044962 15.069169144997545 3
    vertex 9.747206025044962 15.069169144997545 0
  endloop
endfacet
facet normal -0.8396573878599963 0.5431164433269607 0
  outer loop
    vertex 9.724462495871375 15.034007675424592 0
    vertex 9.724462495871375 15.034007675424592 3
    vertex 9.747206025044962 15.069169144997545 3
  endloop
endfacet
facet normal -0.8455879161051062 -0.5337797894021533 0.007759675432445085
  outer loop
    vertex 7.45619024757264 -16.712332393326104 2.4
    vertex 7.49819725462348 -16.770155512348715 3
    vertex 7.269864330517155 -16.408441627134923 3
  endloop
endfacet
facet normal -0.7670259603411638 -0.6415645811397162 -0.00812800035284185
  outer loop
    vertex 7.45619024757264 -16.712332393326104 2.4
    vertex 7.864330827615677 -17.207888460353093 3
    vertex 7.49819725462348 -16.770155512348715 3
  endloop
endfacet
facet normal -0.69757855312847 -0.7164389619341054 0.009968753080085048
  outer loop
    vertex 8.166817658663685 -17.51076084630646 2.4
    vertex 8.305325471884347 -17.637273826352544 3
    vertex 7.864330827615677 -17.207888460353093 3
  endloop
endfacet
facet normal -0.637940413172002 -0.7699380829046063 -0.015079049542818445
  outer loop
    vertex 8.166817658663685 -17.51076084630646 2.4
    vertex 8.779028323154575 -18.02976537777711 3
    vertex 8.305325471884347 -17.637273826352544 3
  endloop
endfacet
facet normal -0.7463583186995754 -0.6642832902358919 -0.0409508293117597
  outer loop
    vertex 8.166817658663685 -17.51076084630646 2.4
    vertex 7.864330827615677 -17.207888460353093 3
    vertex 7.45619024757264 -16.712332393326104 2.4
  endloop
endfacet
facet normal -0.8525133912486232 -0.5227053833104951 0
  outer loop
    vertex 7.45619024757264 -16.712332393326104 1.2000000000000002
    vertex 7.269864330517155 -16.408441627134923 3
    vertex 7.269864330517155 -16.408441627134923 0
  endloop
endfacet
facet normal -0.8525133912486232 -0.5227053833104952 0
  outer loop
    vertex 7.45619024757264 -16.712332393326104 1.2000000000000002
    vertex 7.45619024757264 -16.712332393326104 2.4
    vertex 7.269864330517155 -16.408441627134923 3
  endloop
endfacet
facet normal -0.8455879161051062 -0.5337797894021533 -0.007759675432445085
  outer loop
    vertex 7.45619024757264 -16.712332393326104 0.6000000000000001
    vertex 7.269864330517155 -16.408441627134923 0
    vertex 7.49819725462348 -16.770155512348715 0
  endloop
endfacet
facet normal -0.7670259603411638 -0.6415645811397162 0.00812800035284185
  outer loop
    vertex 7.45619024757264 -16.712332393326104 0.6000000000000001
    vertex 7.49819725462348 -16.770155512348715 0
    vertex 7.864330827615677 -17.207888460353093 0
  endloop
endfacet
facet normal -0.8525133912486234 -0.5227053833104952 0
  outer loop
    vertex 7.45619024757264 -16.712332393326104 0.6000000000000001
    vertex 7.45619024757264 -16.712332393326104 1.2000000000000002
    vertex 7.269864330517155 -16.408441627134923 0
  endloop
endfacet
facet normal -0.6466536163867593 -0.7627837835284162 0
  outer loop
    vertex 8.166817658663685 -17.51076084630646 1.2000000000000002
    vertex 8.779028323154575 -18.02976537777711 0
    vertex 8.779028323154575 -18.02976537777711 3
  endloop
endfacet
facet normal -0.6466536163867594 -0.7627837835284164 0
  outer loop
    vertex 8.166817658663685 -17.51076084630646 1.2000000000000002
    vertex 8.779028323154575 -18.02976537777711 3
    vertex 8.166817658663685 -17.51076084630646 2.4
  endloop
endfacet
facet normal -0.7469849173123891 -0.6648409834748479 0
  outer loop
    vertex 8.166817658663685 -17.51076084630646 1.2000000000000002
    vertex 7.45619024757264 -16.712332393326104 2.4
    vertex 7.45619024757264 -16.712332393326104 1.2000000000000002
  endloop
endfacet
facet normal -0.7469849173123891 -0.6648409834748479 0
  outer loop
    vertex 8.166817658663685 -17.51076084630646 1.2000000000000002
    vertex 8.166817658663685 -17.51076084630646 2.4
    vertex 7.45619024757264 -16.712332393326104 2.4
  endloop
endfacet
facet normal -0.69757855312847 -0.7164389619341054 -0.009968753080085048
  outer loop
    vertex 8.166817658663685 -17.51076084630646 0.6000000000000001
    vertex 7.864330827615677 -17.207888460353093 0
    vertex 8.305325471884347 -17.637273826352544 0
  endloop
endfacet
facet normal -0.637940413172002 -0.7699380829046063 0.015079049542818445
  outer loop
    vertex 8.166817658663685 -17.51076084630646 0.6000000000000001
    vertex 8.305325471884347 -17.637273826352544 0
    vertex 8.779028323154575 -18.02976537777711 0
  endloop
endfacet
facet normal -0.6466536163867593 -0.7627837835284162 0
  outer loop
    vertex 8.166817658663685 -17.51076084630646 0.6000000000000001
    vertex 8.779028323154575 -18.02976537777711 0
    vertex 8.166817658663685 -17.51076084630646 1.2000000000000002
  endloop
endfacet
facet normal -0.7469849173123893 -0.664840983474848 0
  outer loop
    vertex 8.166817658663685 -17.51076084630646 0.6000000000000001
    vertex 8.166817658663685 -17.51076084630646 1.2000000000000002
    vertex 7.45619024757264 -16.712332393326104 1.2000000000000002
  endloop
endfacet
facet normal -0.7469849173123893 -0.664840983474848 0
  outer loop
    vertex 8.166817658663685 -17.51076084630646 0.6000000000000001
    vertex 7.45619024757264 -16.712332393326104 1.2000000000000002
    vertex 7.45619024757264 -16.712332393326104 0.6000000000000001
  endloop
endfacet
facet normal -0.7463583186995754 -0.6642832902358919 0.0409508293117597
  outer loop
    vertex 8.166817658663685 -17.51076084630646 0.6000000000000001
    vertex 7.45619024757264 -16.712332393326104 0.6000000000000001
    vertex 7.864330827615677 -17.207888460353093 0
  endloop
endfacet
facet normal 0.5224985647159476 0.8526401643540928 0
  outer loop
    vertex 8.980585335302182 15.489856185700686 0
    vertex 9.724462495871375 15.034007675424592 3
    vertex 9.724462495871375 15.034007675424592 0
  endloop
endfacet
facet normal 0.5224985647159476 0.8526401643540928 0
  outer loop
    vertex 8.980585335302182 15.489856185700686 0
    vertex 8.980585335302182 15.489856185700686 3
    vertex 9.724462495871375 15.034007675424592 3
  endloop
endfacet
facet normal -0.9142819423502319 -0.40507842437272257 0
  outer loop
    vertex 7.269864330517155 -16.408441627134923 0
    vertex 7.252901277611085 -16.37015518178013 3
    vertex 7.252901277611085 -16.37015518178013 0
  endloop
endfacet
facet normal -0.9142819423502319 -0.40507842437272257 0
  outer loop
    vertex 7.269864330517155 -16.408441627134923 0
    vertex 7.269864330517155 -16.408441627134923 3
    vertex 7.252901277611085 -16.37015518178013 3
  endloop
endfacet
facet normal 0.8651167715228089 -0.5015705051435465 0
  outer loop
    vertex 9.001589087916381 15.52608379172042 0
    vertex 8.980585335302182 15.489856185700686 3
    vertex 8.980585335302182 15.489856185700686 0
  endloop
endfacet
facet normal 0.8651167715228089 -0.5015705051435465 0
  outer loop
    vertex 9.001589087916381 15.52608379172042 0
    vertex 9.001589087916381 15.52608379172042 3
    vertex 8.980585335302182 15.489856185700686 3
  endloop
endfacet
facet normal 0.3826834323650813 -0.9238795325112903 0
  outer loop
    vertex 7.252901277611085 -16.37015518178013 0
    vertex 6.446872061437452 -16.704023414788196 3
    vertex 6.446872061437452 -16.704023414788196 0
  endloop
endfacet
facet normal 0.3826834323650813 -0.9238795325112903 0
  outer loop
    vertex 7.252901277611085 -16.37015518178013 0
    vertex 7.252901277611085 -16.37015518178013 3
    vertex 6.446872061437452 -16.704023414788196 3
  endloop
endfacet
facet normal 0.9288610274835423 -0.37034710618472655 0.0077596754324583
  outer loop
    vertex 9.137922256033587 15.855447135785859 2.4
    vertex 9.16001104275326 15.923419094976 3
    vertex 9.001589087916381 15.52608379172042 3
  endloop
endfacet
facet normal 0.9698831967450997 -0.24343483785557474 -0.008128000352865261
  outer loop
    vertex 9.137922256033587 15.855447135785859 2.4
    vertex 9.298936522112694 16.476920349017597 3
    vertex 9.16001104275326 15.923419094976 3
  endloop
endfacet
facet normal 0.9896376814814764 -0.14324064839980327 0.009968753080088228
  outer loop
    vertex 9.366168131173094 16.899661257699726 2.4
    vertex 9.387106432101028 17.086078896343786 3
    vertex 9.298936522112694 16.476920349017597 3
  endloop
endfacet
facet normal 0.9978649603901647 -0.06354638534503519 -0.015079049542839267
  outer loop
    vertex 9.366168131173094 16.899661257699726 2.4
    vertex 9.42620321740653 17.700013298881835 3
    vertex 9.387106432101028 17.086078896343786 3
  endloop
endfacet
facet normal 0.9761148835375597 -0.2133606423760906 -0.040950829311727326
  outer loop
    vertex 9.366168131173094 16.899661257699726 2.4
    vertex 9.298936522112694 16.476920349017597 3
    vertex 9.137922256033587 15.855447135785859 2.4
  endloop
endfacet
facet normal 0.9239723369072511 -0.38245930584854787 0
  outer loop
    vertex 9.137922256033587 15.855447135785859 1.2000000000000002
    vertex 9.001589087916381 15.52608379172042 3
    vertex 9.001589087916381 15.52608379172042 0
  endloop
endfacet
facet normal 0.9239723369072511 -0.38245930584854787 0
  outer loop
    vertex 9.137922256033587 15.855447135785859 1.2000000000000002
    vertex 9.137922256033587 15.855447135785859 2.4
    vertex 9.001589087916381 15.52608379172042 3
  endloop
endfacet
facet normal 0.9288610274835423 -0.37034710618472655 -0.0077596754324583
  outer loop
    vertex 9.137922256033587 15.855447135785859 0.6000000000000001
    vertex 9.001589087916381 15.52608379172042 0
    vertex 9.16001104275326 15.923419094976 0
  endloop
endfacet
facet normal 0.9698831967450997 -0.24343483785557474 0.008128000352865261
  outer loop
    vertex 9.137922256033587 15.855447135785859 0.6000000000000001
    vertex 9.16001104275326 15.923419094976 0
    vertex 9.298936522112694 16.476920349017597 0
  endloop
endfacet
facet normal 0.9239723369072511 -0.3824593058485479 0
  outer loop
    vertex 9.137922256033587 15.855447135785859 0.6000000000000001
    vertex 9.137922256033587 15.855447135785859 1.2000000000000002
    vertex 9.001589087916381 15.52608379172042 0
  endloop
endfacet
facet normal 0.9971985029618419 -0.07480070648504185 0
  outer loop
    vertex 9.366168131173094 16.899661257699726 1.2000000000000002
    vertex 9.42620321740653 17.700013298881835 0
    vertex 9.42620321740653 17.700013298881835 3
  endloop
endfacet
facet normal 0.997198502961842 -0.07480070648504185 0
  outer loop
    vertex 9.366168131173094 16.899661257699726 1.2000000000000002
    vertex 9.42620321740653 17.700013298881835 3
    vertex 9.366168131173094 16.899661257699726 2.4
  endloop
endfacet
facet normal 0.9769343722692407 -0.213539767441347 0
  outer loop
    vertex 9.366168131173094 16.899661257699726 1.2000000000000002
    vertex 9.137922256033587 15.855447135785859 2.4
    vertex 9.137922256033587 15.855447135785859 1.2000000000000002
  endloop
endfacet
facet normal 0.9769343722692407 -0.213539767441347 0
  outer loop
    vertex 9.366168131173094 16.899661257699726 1.2000000000000002
    vertex 9.366168131173094 16.899661257699726 2.4
    vertex 9.137922256033587 15.855447135785859 2.4
  endloop
endfacet
facet normal 0.9769343722692407 -0.213539767441347 0
  outer loop
    vertex 9.366168131173094 16.899661257699726 1.2000000000000002
    vertex 9.137922256033587 15.855447135785859 1.2000000000000002
    vertex 9.137922256033587 15.855447135785859 0.6000000000000001
  endloop
endfacet
facet normal 0.9896376814814764 -0.14324064839980327 -0.009968753080088228
  outer loop
    vertex 9.366168131173094 16.899661257699726 0.6000000000000001
    vertex 9.298936522112694 16.476920349017597 0
    vertex 9.387106432101028 17.086078896343786 0
  endloop
endfacet
facet normal 0.9978649603901647 -0.06354638534503519 0.015079049542839267
  outer loop
    vertex 9.366168131173094 16.899661257699726 0.6000000000000001
    vertex 9.387106432101028 17.086078896343786 0
    vertex 9.42620321740653 17.700013298881835 0
  endloop
endfacet
facet normal 0.9769343722692407 -0.213539767441347 0
  outer loop
    vertex 9.366168131173094 16.899661257699726 0.6000000000000001
    vertex 9.366168131173094 16.899661257699726 1.2000000000000002
    vertex 9.137922256033587 15.855447135785859 0.6000000000000001
  endloop
endfacet
facet normal 0.9971985029618419 -0.07480070648504185 0
  outer loop
    vertex 9.366168131173094 16.899661257699726 0.6000000000000001
    vertex 9.42620321740653 17.700013298881835 0
    vertex 9.366168131173094 16.899661257699726 1.2000000000000002
  endloop
endfacet
facet normal 0.9761148835375597 -0.2133606423760906 0.040950829311727326
  outer loop
    vertex 9.366168131173094 16.899661257699726 0.6000000000000001
    vertex 9.137922256033587 15.855447135785859 0.6000000000000001
    vertex 9.298936522112694 16.476920349017597 0
  endloop
endfacet
facet normal 0.9329286621385936 0.3600612605658844 0
  outer loop
    vertex 6.446872061437452 -16.704023414788196 0
    vertex 6.461949976835847 -16.743090709665616 3
    vertex 6.461949976835847 -16.743090709665616 0
  endloop
endfacet
facet normal 0.9329286621385936 0.3600612605658844 0
  outer loop
    vertex 6.446872061437452 -16.704023414788196 0
    vertex 6.446872061437452 -16.704023414788196 3
    vertex 6.461949976835847 -16.743090709665616 3
  endloop
endfacet
facet normal 0.4539904997395377 0.8910065241883723 0
  outer loop
    vertex 8.77902832315456 18.02976537777707 0
    vertex 9.42620321740653 17.700013298881835 3
    vertex 9.42620321740653 17.700013298881835 0
  endloop
endfacet
facet normal 0.4539904997395377 0.8910065241883723 0
  outer loop
    vertex 8.77902832315456 18.02976537777707 0
    vertex 8.77902832315456 18.02976537777707 3
    vertex 9.42620321740653 17.700013298881835 3
  endloop
endfacet
facet normal 0.9963028281909903 -0.08577061635381812 -0.004906720790953247
  outer loop
    vertex 6.607165591004045 -18.156789885314318 2.4
    vertex 6.60500036643812 -18.216265403272914 3
    vertex 6.541258902297251 -18.956679821359995 3
  endloop
endfacet
facet normal 0.9998343149615058 0.017403982178612915 0.005333294458707232
  outer loop
    vertex 6.607165591004045 -18.156789885314318 2.4
    vertex 6.592068281049941 -17.473335273695838 3
    vertex 6.60500036643812 -18.216265403272914 3
  endloop
endfacet
facet normal 0.992007233977758 0.1261461724965193 0.0029649452400082764
  outer loop
    vertex 6.545080878888871 -17.089726250640112 2.4
    vertex 6.5382734028181755 -17.05029502363723 3
    vertex 6.592068281049941 -17.473335273695838 3
  endloop
endfacet
facet normal 0.9704851685872544 0.24111234628841044 -0.004834668495956245
  outer loop
    vertex 6.545080878888871 -17.089726250640112 2.4
    vertex 6.461949976835847 -16.743090709665616 3
    vertex 6.5382734028181755 -17.05029502363723 3
  endloop
endfacet
facet normal 0.9974718517343959 0.058035669800355995 -0.041009340745487184
  outer loop
    vertex 6.545080878888871 -17.089726250640112 2.4
    vertex 6.592068281049941 -17.473335273695838 3
    vertex 6.607165591004045 -18.156789885314318 2.4
  endloop
endfacet
facet normal 0.996622743137956 -0.0821164286862004 0
  outer loop
    vertex 6.607165591004045 -18.156789885314318 1.2000000000000002
    vertex 6.541258902297251 -18.956679821359995 3
    vertex 6.541258902297251 -18.956679821359995 0
  endloop
endfacet
facet normal 0.996622743137956 -0.08211642868620041 0
  outer loop
    vertex 6.607165591004045 -18.156789885314318 1.2000000000000002
    vertex 6.607165591004045 -18.156789885314318 2.4
    vertex 6.541258902297251 -18.956679821359995 3
  endloop
endfacet
facet normal 0.9963028281909903 -0.08577061635381812 0.004906720790953247
  outer loop
    vertex 6.607165591004045 -18.156789885314318 0.6000000000000001
    vertex 6.541258902297251 -18.956679821359995 0
    vertex 6.60500036643812 -18.216265403272914 0
  endloop
endfacet
facet normal 0.9998343149615058 0.017403982178612915 -0.005333294458707232
  outer loop
    vertex 6.607165591004045 -18.156789885314318 0.6000000000000001
    vertex 6.60500036643812 -18.216265403272914 0
    vertex 6.592068281049941 -17.473335273695838 0
  endloop
endfacet
facet normal 0.9966227431379561 -0.08211642868620042 0
  outer loop
    vertex 6.607165591004045 -18.156789885314318 0.6000000000000001
    vertex 6.607165591004045 -18.156789885314318 1.2000000000000002
    vertex 6.541258902297251 -18.956679821359995 0
  endloop
endfacet
facet normal 0.9724265211058069 0.23320947890267657 0
  outer loop
    vertex 6.545080878888871 -17.089726250640112 1.2000000000000002
    vertex 6.461949976835847 -16.743090709665616 0
    vertex 6.461949976835847 -16.743090709665616 3
  endloop
endfacet
facet normal 0.9724265211058067 0.23320947890267657 0
  outer loop
    vertex 6.545080878888871 -17.089726250640112 1.2000000000000002
    vertex 6.461949976835847 -16.743090709665616 3
    vertex 6.545080878888871 -17.089726250640112 2.4
  endloop
endfacet
facet normal 0.9983116683014613 0.05808453264986331 0
  outer loop
    vertex 6.545080878888871 -17.089726250640112 1.2000000000000002
    vertex 6.607165591004045 -18.156789885314318 2.4
    vertex 6.607165591004045 -18.156789885314318 1.2000000000000002
  endloop
endfacet
facet normal 0.9983116683014613 0.05808453264986331 0
  outer loop
    vertex 6.545080878888871 -17.089726250640112 1.2000000000000002
    vertex 6.545080878888871 -17.089726250640112 2.4
    vertex 6.607165591004045 -18.156789885314318 2.4
  endloop
endfacet
facet normal 0.992007233977758 0.1261461724965193 -0.0029649452400082764
  outer loop
    vertex 6.545080878888871 -17.089726250640112 0.6000000000000001
    vertex 6.592068281049941 -17.473335273695838 0
    vertex 6.5382734028181755 -17.05029502363723 0
  endloop
endfacet
facet normal 0.9704851685872544 0.24111234628841044 0.004834668495956245
  outer loop
    vertex 6.545080878888871 -17.089726250640112 0.6000000000000001
    vertex 6.5382734028181755 -17.05029502363723 0
    vertex 6.461949976835847 -16.743090709665616 0
  endloop
endfacet
facet normal 0.9983116683014613 0.05808453264986331 0
  outer loop
    vertex 6.545080878888871 -17.089726250640112 0.6000000000000001
    vertex 6.545080878888871 -17.089726250640112 1.2000000000000002
    vertex 6.607165591004045 -18.156789885314318 1.2000000000000002
  endloop
endfacet
facet normal 0.9724265211058067 0.23320947890267654 0
  outer loop
    vertex 6.545080878888871 -17.089726250640112 0.6000000000000001
    vertex 6.461949976835847 -16.743090709665616 0
    vertex 6.545080878888871 -17.089726250640112 1.2000000000000002
  endloop
endfacet
facet normal 0.9974718517343959 0.058035669800355995 0.041009340745487184
  outer loop
    vertex 6.545080878888871 -17.089726250640112 0.6000000000000001
    vertex 6.607165591004045 -18.156789885314318 0.6000000000000001
    vertex 6.592068281049941 -17.473335273695838 0
  endloop
endfacet
facet normal 0.9983116683014613 0.05808453264986331 0
  outer loop
    vertex 6.545080878888871 -17.089726250640112 0.6000000000000001
    vertex 6.607165591004045 -18.156789885314318 1.2000000000000002
    vertex 6.607165591004045 -18.156789885314318 0.6000000000000001
  endloop
endfacet
facet normal -0.6438435014788417 0.7651414703795271 -0.004906720790954536
  outer loop
    vertex 8.166817658663676 17.510760846306447 2.4
    vertex 8.210404245700122 17.55128534339618 3
    vertex 8.77902832315456 18.02976537777707 3
  endloop
endfacet
facet normal -0.7192960979904468 0.6946831503541269 0.005333294458705074
  outer loop
    vertex 8.166817658663676 17.510760846306447 2.4
    vertex 7.694217678401249 17.01681004555156 3
    vertex 8.210404245700122 17.55128534339618 3
  endloop
endfacet
facet normal -0.7906538561247533 0.6122562281388257 0.002964945239965514
  outer loop
    vertex 7.45619024757264 16.712332393326093 2.4
    vertex 7.433121772061064 16.67963669282995 3
    vertex 7.694217678401249 17.01681004555156 3
  endloop
endfacet
facet normal -0.8567288188372908 0.5157444686607847 -0.004834668495888641
  outer loop
    vertex 7.45619024757264 16.712332393326093 2.4
    vertex 7.269864330517144 16.4084416271349 3
    vertex 7.433121772061064 16.67963669282995 3
  endloop
endfacet
facet normal -0.7463565260706327 0.6642816947375553 -0.04100934074547571
  outer loop
    vertex 7.45619024757264 16.712332393326093 2.4
    vertex 7.694217678401249 17.01681004555156 3
    vertex 8.166817658663676 17.510760846306447 2.4
  endloop
endfacet
facet normal -0.6466536163867457 0.7627837835284278 0
  outer loop
    vertex 8.166817658663676 17.510760846306447 1.2000000000000002
    vertex 8.77902832315456 18.02976537777707 3
    vertex 8.77902832315456 18.02976537777707 0
  endloop
endfacet
facet normal -0.6466536163867457 0.7627837835284279 0
  outer loop
    vertex 8.166817658663676 17.510760846306447 1.2000000000000002
    vertex 8.166817658663676 17.510760846306447 2.4
    vertex 8.77902832315456 18.02976537777707 3
  endloop
endfacet
facet normal -0.6438435014788417 0.7651414703795271 0.004906720790954536
  outer loop
    vertex 8.166817658663676 17.510760846306447 0.6000000000000001
    vertex 8.77902832315456 18.02976537777707 0
    vertex 8.210404245700122 17.55128534339618 0
  endloop
endfacet
facet normal -0.7192960979904468 0.6946831503541269 -0.005333294458705074
  outer loop
    vertex 8.166817658663676 17.510760846306447 0.6000000000000001
    vertex 8.210404245700122 17.55128534339618 0
    vertex 7.694217678401249 17.01681004555156 0
  endloop
endfacet
facet normal -0.6466536163867457 0.7627837835284279 0
  outer loop
    vertex 8.166817658663676 17.510760846306447 0.6000000000000001
    vertex 8.166817658663676 17.510760846306447 1.2000000000000002
    vertex 8.77902832315456 18.02976537777707 0
  endloop
endfacet
facet normal -0.8525133912486208 0.5227053833104991 0
  outer loop
    vertex 7.45619024757264 16.712332393326093 1.2000000000000002
    vertex 7.269864330517144 16.4084416271349 0
    vertex 7.269864330517144 16.4084416271349 3
  endloop
endfacet
facet normal -0.8525133912486208 0.5227053833104991 0
  outer loop
    vertex 7.45619024757264 16.712332393326093 1.2000000000000002
    vertex 7.269864330517144 16.4084416271349 3
    vertex 7.45619024757264 16.712332393326093 2.4
  endloop
endfacet
facet normal -0.7469849173123918 0.6648409834748449 0
  outer loop
    vertex 7.45619024757264 16.712332393326093 1.2000000000000002
    vertex 8.166817658663676 17.510760846306447 2.4
    vertex 8.166817658663676 17.510760846306447 1.2000000000000002
  endloop
endfacet
facet normal -0.7469849173123918 0.6648409834748449 0
  outer loop
    vertex 7.45619024757264 16.712332393326093 1.2000000000000002
    vertex 7.45619024757264 16.712332393326093 2.4
    vertex 8.166817658663676 17.510760846306447 2.4
  endloop
endfacet
facet normal -0.7906538561247533 0.6122562281388257 -0.002964945239965514
  outer loop
    vertex 7.45619024757264 16.712332393326093 0.6000000000000001
    vertex 7.694217678401249 17.01681004555156 0
    vertex 7.433121772061064 16.67963669282995 0
  endloop
endfacet
facet normal -0.8567288188372908 0.5157444686607847 0.004834668495888641
  outer loop
    vertex 7.45619024757264 16.712332393326093 0.6000000000000001
    vertex 7.433121772061064 16.67963669282995 0
    vertex 7.269864330517144 16.4084416271349 0
  endloop
endfacet
facet normal -0.7469849173123918 0.664840983474845 0
  outer loop
    vertex 7.45619024757264 16.712332393326093 0.6000000000000001
    vertex 7.45619024757264 16.712332393326093 1.2000000000000002
    vertex 8.166817658663676 17.510760846306447 1.2000000000000002
  endloop
endfacet
facet normal -0.8525133912486209 0.5227053833104992 0
  outer loop
    vertex 7.45619024757264 16.712332393326093 0.6000000000000001
    vertex 7.269864330517144 16.4084416271349 0
    vertex 7.45619024757264 16.712332393326093 1.2000000000000002
  endloop
endfacet
facet normal -0.7463565260706327 0.6642816947375553 0.04100934074547571
  outer loop
    vertex 7.45619024757264 16.712332393326093 0.6000000000000001
    vertex 8.166817658663676 17.510760846306447 0.6000000000000001
    vertex 7.694217678401249 17.01681004555156 0
  endloop
endfacet
facet normal -0.7469849173123918 0.664840983474845 0
  outer loop
    vertex 7.45619024757264 16.712332393326093 0.6000000000000001
    vertex 8.166817658663676 17.510760846306447 1.2000000000000002
    vertex 8.166817658663676 17.510760846306447 0.6000000000000001
  endloop
endfacet
facet normal 0.30901699437495306 -0.9510565162951516 0
  outer loop
    vertex 6.541258902297251 -18.956679821359995 0
    vertex 5.850467214860819 -19.18113164660206 3
    vertex 5.850467214860819 -19.18113164660206 0
  endloop
endfacet
facet normal 0.30901699437495306 -0.9510565162951516 0
  outer loop
    vertex 6.541258902297251 -18.956679821359995 0
    vertex 6.541258902297251 -18.956679821359995 3
    vertex 5.850467214860819 -19.18113164660206 3
  endloop
endfacet
facet normal -0.914281942350271 0.40507842437263386 0
  outer loop
    vertex 7.252901277611079 16.370155181780106 0
    vertex 7.269864330517144 16.4084416271349 3
    vertex 7.269864330517144 16.4084416271349 0
  endloop
endfacet
facet normal -0.914281942350271 0.40507842437263386 0
  outer loop
    vertex 7.252901277611079 16.370155181780106 0
    vertex 7.252901277611079 16.370155181780106 3
    vertex 7.269864330517144 16.4084416271349 3
  endloop
endfacet
facet normal -0.918678881489578 -0.39492898113742125 0.007759675432425551
  outer loop
    vertex 4.750007395262181 -17.67298098165584 2.4
    vertex 4.782451697658247 -17.73666354580709 3
    vertex 4.613514448875564 -17.34368381991658 3
  endloop
endfacet
facet normal -0.8579454100021378 -0.5136765607525112 -0.008128000352816087
  outer loop
    vertex 4.750007395262181 -17.67298098165584 2.4
    vertex 5.075601039251368 -18.226283184469448 3
    vertex 4.782451697658247 -17.73666354580709 3
  endloop
endfacet
facet normal -0.8010659493183865 -0.5984930816681681 0.009968753080086077
  outer loop
    vertex 5.326984075789232 -18.5727460743609 2.4
    vertex 5.443995637634314 -18.719368865351257 3
    vertex 5.075601039251368 -18.226283184469448 3
  endloop
endfacet
facet normal -0.7505311601977254 -0.6606630002029341 -0.015079049542798791
  outer loop
    vertex 5.326984075789232 -18.5727460743609 2.4
    vertex 5.850467214860819 -19.18113164660206 3
    vertex 5.443995637634314 -18.719368865351257 3
  endloop
endfacet
facet normal -0.8410862104289756 -0.5393486963040725 -0.04095082931177459
  outer loop
    vertex 5.326984075789232 -18.5727460743609 2.4
    vertex 5.075601039251368 -18.226283184469448 3
    vertex 4.750007395262181 -17.67298098165584 2.4
  endloop
endfacet
facet normal -0.9237866737493112 -0.38290753636247943 0
  outer loop
    vertex 4.750007395262181 -17.67298098165584 1.2000000000000002
    vertex 4.613514448875564 -17.34368381991658 3
    vertex 4.613514448875564 -17.34368381991658 0
  endloop
endfacet
facet normal -0.9237866737493112 -0.38290753636247943 0
  outer loop
    vertex 4.750007395262181 -17.67298098165584 1.2000000000000002
    vertex 4.750007395262181 -17.67298098165584 2.4
    vertex 4.613514448875564 -17.34368381991658 3
  endloop
endfacet
facet normal -0.918678881489578 -0.39492898113742125 -0.007759675432425551
  outer loop
    vertex 4.750007395262181 -17.67298098165584 0.6000000000000001
    vertex 4.613514448875564 -17.34368381991658 0
    vertex 4.782451697658247 -17.73666354580709 0
  endloop
endfacet
facet normal -0.8579454100021378 -0.5136765607525112 0.008128000352816087
  outer loop
    vertex 4.750007395262181 -17.67298098165584 0.6000000000000001
    vertex 4.782451697658247 -17.73666354580709 0
    vertex 5.075601039251368 -18.226283184469448 0
  endloop
endfacet
facet normal -0.9237866737493112 -0.3829075363624795 0
  outer loop
    vertex 4.750007395262181 -17.67298098165584 0.6000000000000001
    vertex 4.750007395262181 -17.67298098165584 1.2000000000000002
    vertex 4.613514448875564 -17.34368381991658 0
  endloop
endfacet
facet normal -0.7580179104265152 -0.6522337368402674 0
  outer loop
    vertex 5.326984075789232 -18.5727460743609 1.2000000000000002
    vertex 5.850467214860819 -19.18113164660206 0
    vertex 5.850467214860819 -19.18113164660206 3
  endloop
endfacet
facet normal -0.7580179104265155 -0.6522337368402675 0
  outer loop
    vertex 5.326984075789232 -18.5727460743609 1.2000000000000002
    vertex 5.850467214860819 -19.18113164660206 3
    vertex 5.326984075789232 -18.5727460743609 2.4
  endloop
endfacet
facet normal -0.8417923370165783 -0.5398015017950277 0
  outer loop
    vertex 5.326984075789232 -18.5727460743609 1.2000000000000002
    vertex 4.750007395262181 -17.67298098165584 2.4
    vertex 4.750007395262181 -17.67298098165584 1.2000000000000002
  endloop
endfacet
facet normal -0.8417923370165783 -0.5398015017950277 0
  outer loop
    vertex 5.326984075789232 -18.5727460743609 1.2000000000000002
    vertex 5.326984075789232 -18.5727460743609 2.4
    vertex 4.750007395262181 -17.67298098165584 2.4
  endloop
endfacet
facet normal -0.8010659493183865 -0.5984930816681681 -0.009968753080086077
  outer loop
    vertex 5.326984075789232 -18.5727460743609 0.6000000000000001
    vertex 5.075601039251368 -18.226283184469448 0
    vertex 5.443995637634314 -18.719368865351257 0
  endloop
endfacet
facet normal -0.7505311601977254 -0.6606630002029341 0.015079049542798791
  outer loop
    vertex 5.326984075789232 -18.5727460743609 0.6000000000000001
    vertex 5.443995637634314 -18.719368865351257 0
    vertex 5.850467214860819 -19.18113164660206 0
  endloop
endfacet
facet normal -0.8417923370165783 -0.5398015017950278 0
  outer loop
    vertex 5.326984075789232 -18.5727460743609 0.6000000000000001
    vertex 5.326984075789232 -18.5727460743609 1.2000000000000002
    vertex 4.750007395262181 -17.67298098165584 1.2000000000000002
  endloop
endfacet
facet normal -0.8410862104289756 -0.5393486963040725 0.04095082931177459
  outer loop
    vertex 5.326984075789232 -18.5727460743609 0.6000000000000001
    vertex 4.750007395262181 -17.67298098165584 0.6000000000000001
    vertex 5.075601039251368 -18.226283184469448 0
  endloop
endfacet
facet normal -0.7580179104265153 -0.6522337368402675 0
  outer loop
    vertex 5.326984075789232 -18.5727460743609 0.6000000000000001
    vertex 5.850467214860819 -19.18113164660206 0
    vertex 5.326984075789232 -18.5727460743609 1.2000000000000002
  endloop
endfacet
facet normal -0.8417923370165783 -0.5398015017950278 0
  outer loop
    vertex 5.326984075789232 -18.5727460743609 0.6000000000000001
    vertex 4.750007395262181 -17.67298098165584 1.2000000000000002
    vertex 4.750007395262181 -17.67298098165584 0.6000000000000001
  endloop
endfacet
facet normal 0.38268343236509095 0.9238795325112862 0
  outer loop
    vertex 6.446872061437444 16.704023414788182 0
    vertex 7.252901277611079 16.370155181780106 3
    vertex 7.252901277611079 16.370155181780106 0
  endloop
endfacet
facet normal 0.38268343236509095 0.9238795325112862 0
  outer loop
    vertex 6.446872061437444 16.704023414788182 0
    vertex 6.446872061437444 16.704023414788182 3
    vertex 7.252901277611079 16.370155181780106 3
  endloop
endfacet
facet normal -0.9663938410920909 -0.2570660302320679 0
  outer loop
    vertex 4.613514448875564 -17.34368381991658 0
    vertex 4.602749558896709 -17.303215138130007 3
    vertex 4.602749558896709 -17.303215138130007 0
  endloop
endfacet
facet normal -0.9663938410920909 -0.2570660302320679 0
  outer loop
    vertex 4.613514448875564 -17.34368381991658 0
    vertex 4.613514448875564 -17.34368381991658 3
    vertex 4.602749558896709 -17.303215138130007 3
  endloop
endfacet
facet normal 0.9329286621384856 -0.36006126056616455 0
  outer loop
    vertex 6.461949976835847 16.743090709665587 0
    vertex 6.446872061437444 16.704023414788182 3
    vertex 6.446872061437444 16.704023414788182 0
  endloop
endfacet
facet normal 0.9329286621384856 -0.36006126056616455 0
  outer loop
    vertex 6.461949976835847 16.743090709665587 0
    vertex 6.461949976835847 16.743090709665587 3
    vertex 6.446872061437444 16.704023414788182 3
  endloop
endfacet
facet normal 0.23344536385589723 -0.9723699203976786 0
  outer loop
    vertex 4.602749558896709 -17.303215138130007 0
    vertex 3.754415401478429 -17.506882149928256 3
    vertex 3.754415401478429 -17.506882149928256 0
  endloop
endfacet
facet normal 0.23344536385589723 -0.9723699203976786 0
  outer loop
    vertex 4.602749558896709 -17.303215138130007 0
    vertex 4.602749558896709 -17.303215138130007 3
    vertex 3.754415401478429 -17.506882149928256 3
  endloop
endfacet
facet normal 0.9753602583139295 -0.22048164082065183 0.0077596754324839685
  outer loop
    vertex 6.545080878888867 17.089726250640094 2.4
    vertex 6.556264558916172 17.160316809753734 3
    vertex 6.461949976835847 16.743090709665587 3
  endloop
endfacet
facet normal 0.9960239237963736 -0.08871459201021561 -0.008128000352899192
  outer loop
    vertex 6.545080878888867 17.089726250640094 2.4
    vertex 6.606892962515969 17.728736277919808 3
    vertex 6.556264558916172 17.160316809753734 3
  endloop
endfacet
facet normal 0.999861373617297 0.013336322962510052 0.009968753080088603
  outer loop
    vertex 6.607165591004043 18.1567898853143 2.4
    vertex 6.598683963127072 18.344187885389122 3
    vertex 6.606892962515969 17.728736277919808 3
  endloop
endfacet
facet normal 0.9955204316624838 0.0933364473687846 -0.015079049542859824
  outer loop
    vertex 6.607165591004043 18.1567898853143 2.4
    vertex 6.541258902297251 18.956679821359963 3
    vertex 6.598683963127072 18.344187885389122 3
  endloop
endfacet
facet normal 0.9974742475021727 -0.0580358091927499 -0.04095082931170984
  outer loop
    vertex 6.607165591004043 18.1567898853143 2.4
    vertex 6.606892962515969 17.728736277919808 3
    vertex 6.545080878888867 17.089726250640094 2.4
  endloop
endfacet
facet normal 0.9724265211058106 -0.23320947890266033 0
  outer loop
    vertex 6.545080878888867 17.089726250640094 1.2000000000000002
    vertex 6.461949976835847 16.743090709665587 3
    vertex 6.461949976835847 16.743090709665587 0
  endloop
endfacet
facet normal 0.9724265211058107 -0.2332094789026604 0
  outer loop
    vertex 6.545080878888867 17.089726250640094 1.2000000000000002
    vertex 6.545080878888867 17.089726250640094 2.4
    vertex 6.461949976835847 16.743090709665587 3
  endloop
endfacet
facet normal 0.9753602583139295 -0.22048164082065183 -0.0077596754324839685
  outer loop
    vertex 6.545080878888867 17.089726250640094 0.6000000000000001
    vertex 6.461949976835847 16.743090709665587 0
    vertex 6.556264558916172 17.160316809753734 0
  endloop
endfacet
facet normal 0.9960239237963736 -0.08871459201021561 0.008128000352899192
  outer loop
    vertex 6.545080878888867 17.089726250640094 0.6000000000000001
    vertex 6.556264558916172 17.160316809753734 0
    vertex 6.606892962515969 17.728736277919808 0
  endloop
endfacet
facet normal 0.9724265211058107 -0.2332094789026604 0
  outer loop
    vertex 6.545080878888867 17.089726250640094 0.6000000000000001
    vertex 6.545080878888867 17.089726250640094 1.2000000000000002
    vertex 6.461949976835847 16.743090709665587 0
  endloop
endfacet
facet normal 0.9966227431379561 0.08211642868619966 0
  outer loop
    vertex 6.607165591004043 18.1567898853143 1.2000000000000002
    vertex 6.541258902297251 18.956679821359963 0
    vertex 6.541258902297251 18.956679821359963 3
  endloop
endfacet
facet normal 0.9966227431379562 0.08211642868619966 0
  outer loop
    vertex 6.607165591004043 18.1567898853143 1.2000000000000002
    vertex 6.541258902297251 18.956679821359963 3
    vertex 6.607165591004043 18.1567898853143 2.4
  endloop
endfacet
facet normal 0.9983116683014613 -0.05808453264986496 0
  outer loop
    vertex 6.607165591004043 18.1567898853143 1.2000000000000002
    vertex 6.545080878888867 17.089726250640094 2.4
    vertex 6.545080878888867 17.089726250640094 1.2000000000000002
  endloop
endfacet
facet normal 0.9983116683014613 -0.05808453264986496 0
  outer loop
    vertex 6.607165591004043 18.1567898853143 1.2000000000000002
    vertex 6.607165591004043 18.1567898853143 2.4
    vertex 6.545080878888867 17.089726250640094 2.4
  endloop
endfacet
facet normal 0.9983116683014613 -0.05808453264986497 0
  outer loop
    vertex 6.607165591004043 18.1567898853143 1.2000000000000002
    vertex 6.545080878888867 17.089726250640094 1.2000000000000002
    vertex 6.545080878888867 17.089726250640094 0.6000000000000001
  endloop
endfacet
facet normal 0.999861373617297 0.013336322962510052 -0.009968753080088603
  outer loop
    vertex 6.607165591004043 18.1567898853143 0.6000000000000001
    vertex 6.606892962515969 17.728736277919808 0
    vertex 6.598683963127072 18.344187885389122 0
  endloop
endfacet
facet normal 0.9955204316624838 0.0933364473687846 0.015079049542859824
  outer loop
    vertex 6.607165591004043 18.1567898853143 0.6000000000000001
    vertex 6.598683963127072 18.344187885389122 0
    vertex 6.541258902297251 18.956679821359963 0
  endloop
endfacet
facet normal 0.9983116683014613 -0.05808453264986497 0
  outer loop
    vertex 6.607165591004043 18.1567898853143 0.6000000000000001
    vertex 6.607165591004043 18.1567898853143 1.2000000000000002
    vertex 6.545080878888867 17.089726250640094 0.6000000000000001
  endloop
endfacet
facet normal 0.9966227431379562 0.08211642868619966 0
  outer loop
    vertex 6.607165591004043 18.1567898853143 0.6000000000000001
    vertex 6.541258902297251 18.956679821359963 0
    vertex 6.607165591004043 18.1567898853143 1.2000000000000002
  endloop
endfacet
facet normal 0.9974742475021727 -0.0580358091927499 0.04095082931170984
  outer loop
    vertex 6.607165591004043 18.1567898853143 0.6000000000000001
    vertex 6.545080878888867 17.089726250640094 0.6000000000000001
    vertex 6.606892962515969 17.728736277919808 0
  endloop
endfacet
facet normal 0.9777687528796337 0.20968611277861432 0
  outer loop
    vertex 3.754415401478429 -17.506882149928256 0
    vertex 3.763196211343187 -17.547827167206545 3
    vertex 3.763196211343187 -17.547827167206545 0
  endloop
endfacet
facet normal 0.9777687528796337 0.20968611277861432 0
  outer loop
    vertex 3.754415401478429 -17.506882149928256 0
    vertex 3.754415401478429 -17.506882149928256 3
    vertex 3.763196211343187 -17.547827167206545 3
  endloop
endfacet
facet normal 0.3090169943749407 0.9510565162951558 0
  outer loop
    vertex 5.85046721486081 19.181131646602022 0
    vertex 6.541258902297251 18.956679821359963 3
    vertex 6.541258902297251 18.956679821359963 0
  endloop
endfacet
facet normal 0.3090169943749407 0.9510565162951558 0
  outer loop
    vertex 5.85046721486081 19.181131646602022 0
    vertex 5.85046721486081 19.181131646602022 3
    vertex 6.541258902297251 18.956679821359963 3
  endloop
endfacet
facet normal 0.9706192066207214 -0.24057073768445086 -0.004906720790954406
  outer loop
    vertex 3.6854727060590577 -18.966838087021614 2.4
    vertex 3.6740301181656805 -19.025242646913515 3
    vertex 3.495247083819755 -19.7465699730229 3
  endloop
endfacet
facet normal 0.9902472780560867 -0.13921883591212786 0.005333294458706218
  outer loop
    vertex 3.6854727060590577 -18.966838087021614 2.4
    vertex 3.777477125590855 -18.289436196193847 3
    vertex 3.6740301181656805 -19.025242646913515 3
  endloop
endfacet
facet normal 0.9995275877972288 -0.030591017177874966 0.002964945239979242
  outer loop
    vertex 3.791077888627837 -17.90319958765392 2.4
    vertex 3.7905226267860144 -17.8631889006108 3
    vertex 3.777477125590855 -18.289436196193847 3
  endloop
endfacet
facet normal 0.9962551666403681 0.08632652502508843 -0.004834668495907581
  outer loop
    vertex 3.791077888627837 -17.90319958765392 2.4
    vertex 3.763196211343187 -17.547827167206545 3
    vertex 3.7905226267860144 -17.8631889006108 3
  endloop
endfacet
facet normal 0.9942700969883749 -0.09871782111831705 -0.04100934074548958
  outer loop
    vertex 3.791077888627837 -17.90319958765392 2.4
    vertex 3.777477125590855 -18.289436196193847 3
    vertex 3.6854727060590577 -18.966838087021614 2.4
  endloop
endfacet
facet normal 0.9715068237767622 -0.23701158485438442 0
  outer loop
    vertex 3.6854727060590577 -18.966838087021614 1.2000000000000002
    vertex 3.495247083819755 -19.7465699730229 3
    vertex 3.495247083819755 -19.7465699730229 0
  endloop
endfacet
facet normal 0.9715068237767622 -0.23701158485438442 0
  outer loop
    vertex 3.6854727060590577 -18.966838087021614 1.2000000000000002
    vertex 3.6854727060590577 -18.966838087021614 2.4
    vertex 3.495247083819755 -19.7465699730229 3
  endloop
endfacet
facet normal 0.9706192066207214 -0.24057073768445086 0.004906720790954406
  outer loop
    vertex 3.6854727060590577 -18.966838087021614 0.6000000000000001
    vertex 3.495247083819755 -19.7465699730229 0
    vertex 3.6740301181656805 -19.025242646913515 0
  endloop
endfacet
facet normal 0.9902472780560867 -0.13921883591212786 -0.005333294458706218
  outer loop
    vertex 3.6854727060590577 -18.966838087021614 0.6000000000000001
    vertex 3.6740301181656805 -19.025242646913515 0
    vertex 3.777477125590855 -18.289436196193847 0
  endloop
endfacet
facet normal 0.9715068237767621 -0.23701158485438442 0
  outer loop
    vertex 3.6854727060590577 -18.966838087021614 0.6000000000000001
    vertex 3.6854727060590577 -18.966838087021614 1.2000000000000002
    vertex 3.495247083819755 -19.7465699730229 0
  endloop
endfacet
facet normal 0.9969363370561486 0.07821726060831677 0
  outer loop
    vertex 3.791077888627837 -17.90319958765392 1.2000000000000002
    vertex 3.763196211343187 -17.547827167206545 0
    vertex 3.763196211343187 -17.547827167206545 3
  endloop
endfacet
facet normal 0.9951072178536272 -0.09880093610697126 0
  outer loop
    vertex 3.791077888627837 -17.90319958765392 1.2000000000000002
    vertex 3.6854727060590577 -18.966838087021614 2.4
    vertex 3.6854727060590577 -18.966838087021614 1.2000000000000002
  endloop
endfacet
facet normal 0.9969363370561484 0.07821726060831677 0
  outer loop
    vertex 3.791077888627837 -17.90319958765392 1.2000000000000002
    vertex 3.763196211343187 -17.547827167206545 3
    vertex 3.791077888627837 -17.90319958765392 2.4
  endloop
endfacet
facet normal 0.9951072178536272 -0.09880093610697126 0
  outer loop
    vertex 3.791077888627837 -17.90319958765392 1.2000000000000002
    vertex 3.791077888627837 -17.90319958765392 2.4
    vertex 3.6854727060590577 -18.966838087021614 2.4
  endloop
endfacet
facet normal 0.9995275877972288 -0.030591017177874966 -0.002964945239979242
  outer loop
    vertex 3.791077888627837 -17.90319958765392 0.6000000000000001
    vertex 3.777477125590855 -18.289436196193847 0
    vertex 3.7905226267860144 -17.8631889006108 0
  endloop
endfacet
facet normal 0.9962551666403681 0.08632652502508843 0.004834668495907581
  outer loop
    vertex 3.791077888627837 -17.90319958765392 0.6000000000000001
    vertex 3.7905226267860144 -17.8631889006108 0
    vertex 3.763196211343187 -17.547827167206545 0
  endloop
endfacet
facet normal 0.9951072178536272 -0.09880093610697126 0
  outer loop
    vertex 3.791077888627837 -17.90319958765392 0.6000000000000001
    vertex 3.791077888627837 -17.90319958765392 1.2000000000000002
    vertex 3.6854727060590577 -18.966838087021614 1.2000000000000002
  endloop
endfacet
facet normal 0.9969363370561486 0.07821726060831677 0
  outer loop
    vertex 3.791077888627837 -17.90319958765392 0.6000000000000001
    vertex 3.763196211343187 -17.547827167206545 0
    vertex 3.791077888627837 -17.90319958765392 1.2000000000000002
  endloop
endfacet
facet normal 0.9942700969883749 -0.09871782111831705 0.04100934074548958
  outer loop
    vertex 3.791077888627837 -17.90319958765392 0.6000000000000001
    vertex 3.6854727060590577 -18.966838087021614 0.6000000000000001
    vertex 3.777477125590855 -18.289436196193847 0
  endloop
endfacet
facet normal 0.9951072178536272 -0.09880093610697126 0
  outer loop
    vertex 3.791077888627837 -17.90319958765392 0.6000000000000001
    vertex 3.6854727060590577 -18.966838087021614 1.2000000000000002
    vertex 3.6854727060590577 -18.966838087021614 0.6000000000000001
  endloop
endfacet
facet normal -0.7556112161775197 0.6550019954762042 -0.004906720790954578
  outer loop
    vertex 5.326984075789228 18.572746074360886 2.4
    vertex 5.363694611588205 18.619590092070876 3
    vertex 5.85046721486081 19.181131646602022 3
  endloop
endfacet
facet normal -0.8191127564188521 0.5736077477180089 0.005333294458705132
  outer loop
    vertex 5.326984075789228 18.572746074360886 2.4
    vertex 4.93747351479082 18.010945702537274 3
    vertex 5.363694611588205 18.619590092070876 3
  endloop
endfacet
facet normal -0.8766975706574566 0.48103282497459343 0.0029649452399754285
  outer loop
    vertex 4.750007395262181 17.672980981655826 2.4
    vertex 4.732337665380272 17.63707911486214 3
    vertex 4.93747351479082 18.010945702537274 3
  endloop
endfacet
facet normal -0.926861275469853 0.37537288396330976 -0.004834668495902512
  outer loop
    vertex 4.750007395262181 17.672980981655826 2.4
    vertex 4.613514448875558 17.343683819916556 3
    vertex 4.732337665380272 17.63707911486214 3
  endloop
endfacet
facet normal -0.8410841902793417 0.5393474008779183 -0.04100934074547418
  outer loop
    vertex 4.750007395262181 17.672980981655826 2.4
    vertex 4.93747351479082 18.010945702537274 3
    vertex 5.326984075789228 18.572746074360886 2.4
  endloop
endfacet
facet normal -0.7580179104265048 0.6522337368402796 0
  outer loop
    vertex 5.326984075789228 18.572746074360886 1.2000000000000002
    vertex 5.85046721486081 19.181131646602022 3
    vertex 5.85046721486081 19.181131646602022 0
  endloop
endfacet
facet normal -0.758017910426505 0.6522337368402797 0
  outer loop
    vertex 5.326984075789228 18.572746074360886 1.2000000000000002
    vertex 5.326984075789228 18.572746074360886 2.4
    vertex 5.85046721486081 19.181131646602022 3
  endloop
endfacet
facet normal -0.7556112161775197 0.6550019954762042 0.004906720790954578
  outer loop
    vertex 5.326984075789228 18.572746074360886 0.6000000000000001
    vertex 5.85046721486081 19.181131646602022 0
    vertex 5.363694611588205 18.619590092070876 0
  endloop
endfacet
facet normal -0.8191127564188521 0.5736077477180089 -0.005333294458705132
  outer loop
    vertex 5.326984075789228 18.572746074360886 0.6000000000000001
    vertex 5.363694611588205 18.619590092070876 0
    vertex 4.93747351479082 18.010945702537274 0
  endloop
endfacet
facet normal -0.7580179104265049 0.6522337368402796 0
  outer loop
    vertex 5.326984075789228 18.572746074360886 0.6000000000000001
    vertex 5.326984075789228 18.572746074360886 1.2000000000000002
    vertex 5.85046721486081 19.181131646602022 0
  endloop
endfacet
facet normal -0.9237866737493104 0.3829075363624817 0
  outer loop
    vertex 4.750007395262181 17.672980981655826 1.2000000000000002
    vertex 4.613514448875558 17.343683819916556 0
    vertex 4.613514448875558 17.343683819916556 3
  endloop
endfacet
facet normal -0.9237866737493103 0.3829075363624816 0
  outer loop
    vertex 4.750007395262181 17.672980981655826 1.2000000000000002
    vertex 4.613514448875558 17.343683819916556 3
    vertex 4.750007395262181 17.672980981655826 2.4
  endloop
endfacet
facet normal -0.8417923370165803 0.5398015017950248 0
  outer loop
    vertex 4.750007395262181 17.672980981655826 1.2000000000000002
    vertex 5.326984075789228 18.572746074360886 2.4
    vertex 5.326984075789228 18.572746074360886 1.2000000000000002
  endloop
endfacet
facet normal -0.8417923370165803 0.5398015017950248 0
  outer loop
    vertex 4.750007395262181 17.672980981655826 1.2000000000000002
    vertex 4.750007395262181 17.672980981655826 2.4
    vertex 5.326984075789228 18.572746074360886 2.4
  endloop
endfacet
facet normal -0.8766975706574566 0.48103282497459343 -0.0029649452399754285
  outer loop
    vertex 4.750007395262181 17.672980981655826 0.6000000000000001
    vertex 4.93747351479082 18.010945702537274 0
    vertex 4.732337665380272 17.63707911486214 0
  endloop
endfacet
facet normal -0.926861275469853 0.37537288396330976 0.004834668495902512
  outer loop
    vertex 4.750007395262181 17.672980981655826 0.6000000000000001
    vertex 4.732337665380272 17.63707911486214 0
    vertex 4.613514448875558 17.343683819916556 0
  endloop
endfacet
facet normal -0.8417923370165802 0.539801501795025 0
  outer loop
    vertex 4.750007395262181 17.672980981655826 0.6000000000000001
    vertex 4.750007395262181 17.672980981655826 1.2000000000000002
    vertex 5.326984075789228 18.572746074360886 1.2000000000000002
  endloop
endfacet
facet normal -0.9237866737493103 0.3829075363624816 0
  outer loop
    vertex 4.750007395262181 17.672980981655826 0.6000000000000001
    vertex 4.613514448875558 17.343683819916556 0
    vertex 4.750007395262181 17.672980981655826 1.2000000000000002
  endloop
endfacet
facet normal -0.8410841902793417 0.5393474008779183 0.04100934074547418
  outer loop
    vertex 4.750007395262181 17.672980981655826 0.6000000000000001
    vertex 5.326984075789228 18.572746074360886 0.6000000000000001
    vertex 4.93747351479082 18.010945702537274 0
  endloop
endfacet
facet normal -0.8417923370165802 0.539801501795025 0
  outer loop
    vertex 4.750007395262181 17.672980981655826 0.6000000000000001
    vertex 5.326984075789228 18.572746074360886 1.2000000000000002
    vertex 5.326984075789228 18.572746074360886 0.6000000000000001
  endloop
endfacet
facet normal 0.15643446504023545 -0.987688340595137 0
  outer loop
    vertex 3.495247083819755 -19.7465699730229 0
    vertex 2.777848187149703 -19.86019479576143 3
    vertex 2.777848187149703 -19.86019479576143 0
  endloop
endfacet
facet normal 0.15643446504023545 -0.987688340595137 0
  outer loop
    vertex 3.495247083819755 -19.7465699730229 0
    vertex 3.495247083819755 -19.7465699730229 3
    vertex 2.777848187149703 -19.86019479576143 3
  endloop
endfacet
facet normal -0.9663938410921011 0.25706603023202956 0
  outer loop
    vertex 4.602749558896706 17.303215138129985 0
    vertex 4.613514448875558 17.343683819916556 3
    vertex 4.613514448875558 17.343683819916556 0
  endloop
endfacet
facet normal -0.9663938410921011 0.25706603023202956 0
  outer loop
    vertex 4.602749558896706 17.303215138129985 0
    vertex 4.602749558896706 17.303215138129985 3
    vertex 4.613514448875558 17.343683819916556 3
  endloop
endfacet
facet normal -0.9691489238913579 -0.24635371066295453 0.0077596754324168096
  outer loop
    vertex 1.9268635965096317 -18.198462124956066 2.4
    vertex 1.9489463078495504 -18.26643605815631 3
    vertex 1.843564530126039 -17.851866956665372 3
  endloop
endfacet
facet normal -0.9277393963112621 -0.3731401186448327 -0.008128000352804119
  outer loop
    vertex 1.9268635965096317 -18.198462124956066 2.4
    vertex 2.1618931083468214 -18.795886327018437 3
    vertex 1.9489463078495504 -18.26643605815631 3
  endloop
endfacet
facet normal -0.8848284432505966 -0.46581031544691454 0.009968753080086677
  outer loop
    vertex 2.355982465722293 -19.177408654654293 2.4
    vertex 2.448616563200175 -19.340530916861656 3
    vertex 2.1618931083468214 -18.795886327018437 3
  endloop
endfacet
facet normal -0.8446413391892555 -0.5351202018214852 -0.015079049542792126
  outer loop
    vertex 2.355982465722293 -19.177408654654293 2.4
    vertex 2.777848187149703 -19.86019479576143 3
    vertex 2.448616563200175 -19.340530916861656 3
  endloop
endfacet
facet normal -0.9151037682525219 -0.40113354747354674 -0.04095082931178125
  outer loop
    vertex 2.355982465722293 -19.177408654654293 2.4
    vertex 2.1618931083468214 -18.795886327018437 3
    vertex 1.9268635965096317 -18.198462124956066 2.4
  endloop
endfacet
facet normal -0.9723132624700961 -0.23368123507196248 0
  outer loop
    vertex 1.9268635965096317 -18.198462124956066 1.2000000000000002
    vertex 1.843564530126039 -17.851866956665372 3
    vertex 1.843564530126039 -17.851866956665372 0
  endloop
endfacet
facet normal -0.9723132624700961 -0.23368123507196245 0
  outer loop
    vertex 1.9268635965096317 -18.198462124956066 1.2000000000000002
    vertex 1.9268635965096317 -18.198462124956066 2.4
    vertex 1.843564530126039 -17.851866956665372 3
  endloop
endfacet
facet normal -0.9691489238913579 -0.24635371066295453 -0.0077596754324168096
  outer loop
    vertex 1.9268635965096317 -18.198462124956066 0.6000000000000001
    vertex 1.843564530126039 -17.851866956665372 0
    vertex 1.9489463078495504 -18.26643605815631 0
  endloop
endfacet
facet normal -0.9277393963112621 -0.3731401186448327 0.008128000352804119
  outer loop
    vertex 1.9268635965096317 -18.198462124956066 0.6000000000000001
    vertex 1.9489463078495504 -18.26643605815631 0
    vertex 2.1618931083468214 -18.795886327018437 0
  endloop
endfacet
facet normal -0.9723132624700963 -0.23368123507196253 0
  outer loop
    vertex 1.9268635965096317 -18.198462124956066 0.6000000000000001
    vertex 1.9268635965096317 -18.198462124956066 1.2000000000000002
    vertex 1.843564530126039 -17.851866956665372 0
  endloop
endfacet
facet normal -0.8507172877943547 -0.5256235309114471 0
  outer loop
    vertex 2.355982465722293 -19.177408654654293 1.2000000000000002
    vertex 2.777848187149703 -19.86019479576143 0
    vertex 2.777848187149703 -19.86019479576143 3
  endloop
endfacet
facet normal -0.8507172877943547 -0.5256235309114472 0
  outer loop
    vertex 2.355982465722293 -19.177408654654293 1.2000000000000002
    vertex 2.777848187149703 -19.86019479576143 3
    vertex 2.355982465722293 -19.177408654654293 2.4
  endloop
endfacet
facet normal -0.9158720356348262 -0.4014703156425386 0
  outer loop
    vertex 2.355982465722293 -19.177408654654293 1.2000000000000002
    vertex 1.9268635965096317 -18.198462124956066 2.4
    vertex 1.9268635965096317 -18.198462124956066 1.2000000000000002
  endloop
endfacet
facet normal -0.9158720356348262 -0.4014703156425386 0
  outer loop
    vertex 2.355982465722293 -19.177408654654293 1.2000000000000002
    vertex 2.355982465722293 -19.177408654654293 2.4
    vertex 1.9268635965096317 -18.198462124956066 2.4
  endloop
endfacet
facet normal -0.8848284432505966 -0.46581031544691454 -0.009968753080086677
  outer loop
    vertex 2.355982465722293 -19.177408654654293 0.6000000000000001
    vertex 2.1618931083468214 -18.795886327018437 0
    vertex 2.448616563200175 -19.340530916861656 0
  endloop
endfacet
facet normal -0.8446413391892555 -0.5351202018214852 0.015079049542792126
  outer loop
    vertex 2.355982465722293 -19.177408654654293 0.6000000000000001
    vertex 2.448616563200175 -19.340530916861656 0
    vertex 2.777848187149703 -19.86019479576143 0
  endloop
endfacet
facet normal -0.8507172877943547 -0.5256235309114472 0
  outer loop
    vertex 2.355982465722293 -19.177408654654293 0.6000000000000001
    vertex 2.777848187149703 -19.86019479576143 0
    vertex 2.355982465722293 -19.177408654654293 1.2000000000000002
  endloop
endfacet
facet normal -0.9158720356348261 -0.4014703156425386 0
  outer loop
    vertex 2.355982465722293 -19.177408654654293 0.6000000000000001
    vertex 2.355982465722293 -19.177408654654293 1.2000000000000002
    vertex 1.9268635965096317 -18.198462124956066 1.2000000000000002
  endloop
endfacet
facet normal -0.9158720356348261 -0.4014703156425386 0
  outer loop
    vertex 2.355982465722293 -19.177408654654293 0.6000000000000001
    vertex 1.9268635965096317 -18.198462124956066 1.2000000000000002
    vertex 1.9268635965096317 -18.198462124956066 0.6000000000000001
  endloop
endfacet
facet normal -0.9151037682525219 -0.40113354747354674 0.04095082931178125
  outer loop
    vertex 2.355982465722293 -19.177408654654293 0.6000000000000001
    vertex 1.9268635965096317 -18.198462124956066 0.6000000000000001
    vertex 2.1618931083468214 -18.795886327018437 0
  endloop
endfacet
facet normal 0.23344536385590847 0.972369920397676 0
  outer loop
    vertex 3.754415401478425 17.506882149928245 0
    vertex 4.602749558896706 17.303215138129985 3
    vertex 4.602749558896706 17.303215138129985 0
  endloop
endfacet
facet normal 0.23344536385590847 0.972369920397676 0
  outer loop
    vertex 3.754415401478425 17.506882149928245 0
    vertex 3.754415401478425 17.506882149928245 3
    vertex 4.602749558896706 17.303215138129985 3
  endloop
endfacet
facet normal -0.994709916188976 -0.10272381727389322 0
  outer loop
    vertex 1.843564530126039 -17.851866956665372 0
    vertex 1.8392628703923 -17.81021251170046 3
    vertex 1.8392628703923 -17.81021251170046 0
  endloop
endfacet
facet normal -0.994709916188976 -0.10272381727389322 0
  outer loop
    vertex 1.843564530126039 -17.851866956665372 0
    vertex 1.843564530126039 -17.851866956665372 3
    vertex 1.8392628703923 -17.81021251170046 3
  endloop
endfacet
facet normal 0.9777687528795797 -0.2096861127788664 0
  outer loop
    vertex 3.763196211343191 17.54782716720652 0
    vertex 3.754415401478425 17.506882149928245 3
    vertex 3.754415401478425 17.506882149928245 0
  endloop
endfacet
facet normal 0.9777687528795797 -0.2096861127788664 0
  outer loop
    vertex 3.763196211343191 17.54782716720652 0
    vertex 3.763196211343191 17.54782716720652 3
    vertex 3.754415401478425 17.506882149928245 3
  endloop
endfacet
facet normal 0.07845909572783662 -0.9969173337331287 0
  outer loop
    vertex 1.8392628703923 -17.81021251170046 0
    vertex 0.969512574144663 -17.87866334452636 3
    vertex 0.969512574144663 -17.87866334452636 0
  endloop
endfacet
facet normal 0.07845909572783662 -0.9969173337331287 0
  outer loop
    vertex 1.8392628703923 -17.81021251170046 0
    vertex 1.8392628703923 -17.81021251170046 3
    vertex 0.969512574144663 -17.87866334452636 3
  endloop
endfacet
facet normal 0.997842882549501 -0.06518718572300389 0.00775967543248201
  outer loop
    vertex 3.7910778886278376 17.90319958765391 2.4
    vertex 3.79108108264392 17.974670572848773 3
    vertex 3.763196211343191 17.54782716720652 3
  endloop
endfacet
facet normal 0.997639236229879 0.06819010151720627 -0.008128000352895607
  outer loop
    vertex 3.7910778886278376 17.90319958765391 2.4
    vertex 3.752165771161379 18.54401188135663 3
    vertex 3.79108108264392 17.974670572848773 3
  endloop
endfacet
facet normal 0.9854651603850011 0.16958490979268237 0.009968753080089213
  outer loop
    vertex 3.68547270605906 18.96683808702161 2.4
    vertex 3.6477799952044014 19.150602087826726 3
    vertex 3.752165771161379 18.54401188135663 3
  endloop
endfacet
facet normal 0.9686628859643809 0.24792102698246593 -0.015079049542860969
  outer loop
    vertex 3.68547270605906 18.96683808702161 2.4
    vertex 3.495247083819759 19.746569973022872 3
    vertex 3.6477799952044014 19.150602087826726 3
  endloop
endfacet
facet normal 0.9942724850660498 0.09871805822272477 -0.04095082931170892
  outer loop
    vertex 3.68547270605906 18.96683808702161 2.4
    vertex 3.752165771161379 18.54401188135663 3
    vertex 3.7910778886278376 17.90319958765391 2.4
  endloop
endfacet
facet normal 0.9969363370561496 -0.07821726060830375 0
  outer loop
    vertex 3.7910778886278376 17.90319958765391 1.2000000000000002
    vertex 3.763196211343191 17.54782716720652 3
    vertex 3.763196211343191 17.54782716720652 0
  endloop
endfacet
facet normal 0.9969363370561496 -0.07821726060830375 0
  outer loop
    vertex 3.7910778886278376 17.90319958765391 1.2000000000000002
    vertex 3.7910778886278376 17.90319958765391 2.4
    vertex 3.763196211343191 17.54782716720652 3
  endloop
endfacet
facet normal 0.997842882549501 -0.06518718572300389 -0.00775967543248201
  outer loop
    vertex 3.7910778886278376 17.90319958765391 0.6000000000000001
    vertex 3.763196211343191 17.54782716720652 0
    vertex 3.79108108264392 17.974670572848773 0
  endloop
endfacet
facet normal 0.997639236229879 0.06819010151720627 0.008128000352895607
  outer loop
    vertex 3.7910778886278376 17.90319958765391 0.6000000000000001
    vertex 3.79108108264392 17.974670572848773 0
    vertex 3.752165771161379 18.54401188135663 0
  endloop
endfacet
facet normal 0.9969363370561496 -0.07821726060830375 0
  outer loop
    vertex 3.7910778886278376 17.90319958765391 0.6000000000000001
    vertex 3.7910778886278376 17.90319958765391 1.2000000000000002
    vertex 3.763196211343191 17.54782716720652 0
  endloop
endfacet
facet normal 0.971506823776761 0.23701158485438945 0
  outer loop
    vertex 3.68547270605906 18.96683808702161 1.2000000000000002
    vertex 3.495247083819759 19.746569973022872 0
    vertex 3.495247083819759 19.746569973022872 3
  endloop
endfacet
facet normal 0.971506823776761 0.23701158485438945 0
  outer loop
    vertex 3.68547270605906 18.96683808702161 1.2000000000000002
    vertex 3.495247083819759 19.746569973022872 3
    vertex 3.68547270605906 18.96683808702161 2.4
  endloop
endfacet
facet normal 0.9951072178536273 0.09880093610696895 0
  outer loop
    vertex 3.68547270605906 18.96683808702161 1.2000000000000002
    vertex 3.7910778886278376 17.90319958765391 2.4
    vertex 3.7910778886278376 17.90319958765391 1.2000000000000002
  endloop
endfacet
facet normal 0.9951072178536273 0.09880093610696895 0
  outer loop
    vertex 3.68547270605906 18.96683808702161 1.2000000000000002
    vertex 3.68547270605906 18.96683808702161 2.4
    vertex 3.7910778886278376 17.90319958765391 2.4
  endloop
endfacet
facet normal 0.9854651603850011 0.16958490979268237 -0.009968753080089213
  outer loop
    vertex 3.68547270605906 18.96683808702161 0.6000000000000001
    vertex 3.752165771161379 18.54401188135663 0
    vertex 3.6477799952044014 19.150602087826726 0
  endloop
endfacet
facet normal 0.9686628859643809 0.24792102698246593 0.015079049542860969
  outer loop
    vertex 3.68547270605906 18.96683808702161 0.6000000000000001
    vertex 3.6477799952044014 19.150602087826726 0
    vertex 3.495247083819759 19.746569973022872 0
  endloop
endfacet
facet normal 0.971506823776761 0.23701158485438945 0
  outer loop
    vertex 3.68547270605906 18.96683808702161 0.6000000000000001
    vertex 3.495247083819759 19.746569973022872 0
    vertex 3.68547270605906 18.96683808702161 1.2000000000000002
  endloop
endfacet
facet normal 0.9951072178536274 0.09880093610696897 0
  outer loop
    vertex 3.68547270605906 18.96683808702161 0.6000000000000001
    vertex 3.68547270605906 18.96683808702161 1.2000000000000002
    vertex 3.7910778886278376 17.90319958765391 1.2000000000000002
  endloop
endfacet
facet normal 0.9951072178536274 0.09880093610696897 0
  outer loop
    vertex 3.68547270605906 18.96683808702161 0.6000000000000001
    vertex 3.7910778886278376 17.90319958765391 1.2000000000000002
    vertex 3.7910778886278376 17.90319958765391 0.6000000000000001
  endloop
endfacet
facet normal 0.9942724850660498 0.09871805822272477 0.04095082931170892
  outer loop
    vertex 3.68547270605906 18.96683808702161 0.6000000000000001
    vertex 3.7910778886278376 17.90319958765391 0.6000000000000001
    vertex 3.752165771161379 18.54401188135663 0
  endloop
endfacet
facet normal 0.9985329318963505 0.0541477969863775 0
  outer loop
    vertex 0.969512574144663 -17.87866334452636 0
    vertex 0.971780065795075 -17.920477881991403 3
    vertex 0.971780065795075 -17.920477881991403 0
  endloop
endfacet
facet normal 0.9985329318963505 0.0541477969863775 0
  outer loop
    vertex 0.969512574144663 -17.87866334452636 0
    vertex 0.969512574144663 -17.87866334452636 3
    vertex 0.971780065795075 -17.920477881991403 3
  endloop
endfacet
facet normal 0.15643446504022468 0.9876883405951387 0
  outer loop
    vertex 2.777848187149701 19.860194795761394 0
    vertex 3.495247083819759 19.746569973022872 3
    vertex 3.495247083819759 19.746569973022872 0
  endloop
endfacet
facet normal 0.15643446504022468 0.9876883405951387 0
  outer loop
    vertex 2.777848187149701 19.860194795761394 0
    vertex 2.777848187149701 19.860194795761394 3
    vertex 3.495247083819759 19.746569973022872 3
  endloop
endfacet
facet normal 0.921035718882989 -0.38944720904478874 -0.004906720790951601
  outer loop
    vertex 0.6730312517082393 -19.309859787699757 2.4
    vertex 0.6525930549771166 -19.365755275426796 3
    vertex 0.363170682078604 -20.05023403684153 3
  endloop
endfacet
facet normal 0.95627706672263 -0.29241362422188727 0.005333294458707681
  outer loop
    vertex 0.6730312517082393 -19.309859787699757 2.4
    vertex 0.8698719465719034 -18.65519050038286 3
    vertex 0.6525930549771166 -19.365755275426796 3
  endloop
endfacet
facet normal 0.9824362551632552 -0.18657495448350842 0.002964945240003388
  outer loop
    vertex 0.9437259788826242 -18.2758367335068 2.4
    vertex 0.9494366036590056 -18.236231782325607 3
    vertex 0.8698719465719034 -18.65519050038286 3
  endloop
endfacet
facet normal 0.9974940561094445 -0.07058494178550405 -0.004834668495949211
  outer loop
    vertex 0.9437259788826242 -18.2758367335068 2.4
    vertex 0.971780065795075 -17.920477881991403 3
    vertex 0.9494366036590056 -18.236231782325607 3
  endloop
endfacet
facet normal 0.9665861126612332 -0.2530405516553945 -0.04100934074548953
  outer loop
    vertex 0.9437259788826242 -18.2758367335068 2.4
    vertex 0.8698719465719034 -18.65519050038286 3
    vertex 0.6730312517082393 -19.309859787699757 2.4
  endloop
endfacet
facet normal 0.9224691821678898 -0.3860707292071036 0
  outer loop
    vertex 0.6730312517082393 -19.309859787699757 1.2000000000000002
    vertex 0.363170682078604 -20.05023403684153 3
    vertex 0.363170682078604 -20.05023403684153 0
  endloop
endfacet
facet normal 0.9224691821678896 -0.3860707292071036 0
  outer loop
    vertex 0.6730312517082393 -19.309859787699757 1.2000000000000002
    vertex 0.6730312517082393 -19.309859787699757 2.4
    vertex 0.363170682078604 -20.05023403684153 3
  endloop
endfacet
facet normal 0.921035718882989 -0.38944720904478874 0.004906720790951601
  outer loop
    vertex 0.6730312517082393 -19.309859787699757 0.6000000000000001
    vertex 0.363170682078604 -20.05023403684153 0
    vertex 0.6525930549771166 -19.365755275426796 0
  endloop
endfacet
facet normal 0.95627706672263 -0.29241362422188727 -0.005333294458707681
  outer loop
    vertex 0.6730312517082393 -19.309859787699757 0.6000000000000001
    vertex 0.6525930549771166 -19.365755275426796 0
    vertex 0.8698719465719034 -18.65519050038286 0
  endloop
endfacet
facet normal 0.9224691821678898 -0.3860707292071036 0
  outer loop
    vertex 0.6730312517082393 -19.309859787699757 0.6000000000000001
    vertex 0.6730312517082393 -19.309859787699757 1.2000000000000002
    vertex 0.363170682078604 -20.05023403684153 0
  endloop
endfacet
facet normal 0.9968982717461567 -0.0787009262304161 0
  outer loop
    vertex 0.9437259788826242 -18.2758367335068 1.2000000000000002
    vertex 0.971780065795075 -17.920477881991403 0
    vertex 0.971780065795075 -17.920477881991403 3
  endloop
endfacet
facet normal 0.9673999251307248 -0.25325359791534674 0
  outer loop
    vertex 0.9437259788826242 -18.2758367335068 1.2000000000000002
    vertex 0.6730312517082393 -19.309859787699757 2.4
    vertex 0.6730312517082393 -19.309859787699757 1.2000000000000002
  endloop
endfacet
facet normal 0.9968982717461569 -0.07870092623041611 0
  outer loop
    vertex 0.9437259788826242 -18.2758367335068 1.2000000000000002
    vertex 0.971780065795075 -17.920477881991403 3
    vertex 0.9437259788826242 -18.2758367335068 2.4
  endloop
endfacet
facet normal 0.9673999251307248 -0.25325359791534674 0
  outer loop
    vertex 0.9437259788826242 -18.2758367335068 1.2000000000000002
    vertex 0.9437259788826242 -18.2758367335068 2.4
    vertex 0.6730312517082393 -19.309859787699757 2.4
  endloop
endfacet
facet normal 0.9824362551632552 -0.18657495448350842 -0.002964945240003388
  outer loop
    vertex 0.9437259788826242 -18.2758367335068 0.6000000000000001
    vertex 0.8698719465719034 -18.65519050038286 0
    vertex 0.9494366036590056 -18.236231782325607 0
  endloop
endfacet
facet normal 0.9974940561094445 -0.07058494178550405 0.004834668495949211
  outer loop
    vertex 0.9437259788826242 -18.2758367335068 0.6000000000000001
    vertex 0.9494366036590056 -18.236231782325607 0
    vertex 0.971780065795075 -17.920477881991403 0
  endloop
endfacet
facet normal 0.9673999251307247 -0.2532535979153467 0
  outer loop
    vertex 0.9437259788826242 -18.2758367335068 0.6000000000000001
    vertex 0.9437259788826242 -18.2758367335068 1.2000000000000002
    vertex 0.6730312517082393 -19.309859787699757 1.2000000000000002
  endloop
endfacet
facet normal 0.9968982717461569 -0.07870092623041611 0
  outer loop
    vertex 0.9437259788826242 -18.2758367335068 0.6000000000000001
    vertex 0.971780065795075 -17.920477881991403 0
    vertex 0.9437259788826242 -18.2758367335068 1.2000000000000002
  endloop
endfacet
facet normal 0.9665861126612332 -0.2530405516553945 0.04100934074548953
  outer loop
    vertex 0.9437259788826242 -18.2758367335068 0.6000000000000001
    vertex 0.6730312517082393 -19.309859787699757 0.6000000000000001
    vertex 0.8698719465719034 -18.65519050038286 0
  endloop
endfacet
facet normal 0.9673999251307247 -0.2532535979153467 0
  outer loop
    vertex 0.9437259788826242 -18.2758367335068 0.6000000000000001
    vertex 0.6730312517082393 -19.309859787699757 1.2000000000000002
    vertex 0.6730312517082393 -19.309859787699757 0.6000000000000001
  endloop
endfacet
facet normal -0.8487732750040519 0.5287341976172675 -0.004906720790953757
  outer loop
    vertex 2.3559824657222923 19.17740865465428 2.4
    vertex 2.384913015057145 19.22941873780212 3
    vertex 2.777848187149701 19.860194795761394 3
  endloop
endfacet
facet normal -0.898760140304844 0.4384082186381024 0.00533329445870587
  outer loop
    vertex 2.3559824657222923 19.17740865465428 2.4
    vertex 2.059152366711123 18.561592101424775 3
    vertex 2.384913015057145 19.22941873780212 3
  endloop
endfacet
facet normal -0.94115408140815 0.3379647972030596 0.002964945239988219
  outer loop
    vertex 1.9268635965096332 18.198462124956052 2.4
    vertex 1.9150276996495657 18.160238114976664 3
    vertex 2.059152366711123 18.561592101424775 3
  endloop
endfacet
facet normal -0.9741713314241304 0.22575837307145874 -0.004834668495928304
  outer loop
    vertex 1.9268635965096332 18.198462124956052 2.4
    vertex 1.843564530126037 17.851866956665347 3
    vertex 1.9150276996495657 18.160238114976664 3
  endloop
endfacet
facet normal -0.9151015703249842 0.4011325840172668 -0.0410093407454736
  outer loop
    vertex 1.9268635965096332 18.198462124956052 2.4
    vertex 2.059152366711123 18.561592101424775 3
    vertex 2.3559824657222923 19.17740865465428 2.4
  endloop
endfacet
facet normal -0.8507172877943477 0.5256235309114582 0
  outer loop
    vertex 2.3559824657222923 19.17740865465428 1.2000000000000002
    vertex 2.777848187149701 19.860194795761394 3
    vertex 2.777848187149701 19.860194795761394 0
  endloop
endfacet
facet normal -0.8507172877943479 0.5256235309114583 0
  outer loop
    vertex 2.3559824657222923 19.17740865465428 1.2000000000000002
    vertex 2.3559824657222923 19.17740865465428 2.4
    vertex 2.777848187149701 19.860194795761394 3
  endloop
endfacet
facet normal -0.8487732750040519 0.5287341976172675 0.004906720790953757
  outer loop
    vertex 2.3559824657222923 19.17740865465428 0.6000000000000001
    vertex 2.777848187149701 19.860194795761394 0
    vertex 2.384913015057145 19.22941873780212 0
  endloop
endfacet
facet normal -0.898760140304844 0.4384082186381024 -0.00533329445870587
  outer loop
    vertex 2.3559824657222923 19.17740865465428 0.6000000000000001
    vertex 2.384913015057145 19.22941873780212 0
    vertex 2.059152366711123 18.561592101424775 0
  endloop
endfacet
facet normal -0.8507172877943479 0.5256235309114582 0
  outer loop
    vertex 2.3559824657222923 19.17740865465428 0.6000000000000001
    vertex 2.3559824657222923 19.17740865465428 1.2000000000000002
    vertex 2.777848187149701 19.860194795761394 0
  endloop
endfacet
facet normal -0.9723132624700955 0.23368123507196512 0
  outer loop
    vertex 1.9268635965096332 18.198462124956052 1.2000000000000002
    vertex 1.843564530126037 17.851866956665347 0
    vertex 1.843564530126037 17.851866956665347 3
  endloop
endfacet
facet normal -0.9723132624700956 0.23368123507196512 0
  outer loop
    vertex 1.9268635965096332 18.198462124956052 1.2000000000000002
    vertex 1.843564530126037 17.851866956665347 3
    vertex 1.9268635965096332 18.198462124956052 2.4
  endloop
endfacet
facet normal -0.9158720356348271 0.4014703156425367 0
  outer loop
    vertex 1.9268635965096332 18.198462124956052 1.2000000000000002
    vertex 2.3559824657222923 19.17740865465428 2.4
    vertex 2.3559824657222923 19.17740865465428 1.2000000000000002
  endloop
endfacet
facet normal -0.9158720356348271 0.4014703156425367 0
  outer loop
    vertex 1.9268635965096332 18.198462124956052 1.2000000000000002
    vertex 1.9268635965096332 18.198462124956052 2.4
    vertex 2.3559824657222923 19.17740865465428 2.4
  endloop
endfacet
facet normal -0.94115408140815 0.3379647972030596 -0.002964945239988219
  outer loop
    vertex 1.9268635965096332 18.198462124956052 0.6000000000000001
    vertex 2.059152366711123 18.561592101424775 0
    vertex 1.9150276996495657 18.160238114976664 0
  endloop
endfacet
facet normal -0.9741713314241304 0.22575837307145874 0.004834668495928304
  outer loop
    vertex 1.9268635965096332 18.198462124956052 0.6000000000000001
    vertex 1.9150276996495657 18.160238114976664 0
    vertex 1.843564530126037 17.851866956665347 0
  endloop
endfacet
facet normal -0.9158720356348272 0.40147031564253677 0
  outer loop
    vertex 1.9268635965096332 18.198462124956052 0.6000000000000001
    vertex 1.9268635965096332 18.198462124956052 1.2000000000000002
    vertex 2.3559824657222923 19.17740865465428 1.2000000000000002
  endloop
endfacet
facet normal -0.9723132624700956 0.23368123507196514 0
  outer loop
    vertex 1.9268635965096332 18.198462124956052 0.6000000000000001
    vertex 1.843564530126037 17.851866956665347 0
    vertex 1.9268635965096332 18.198462124956052 1.2000000000000002
  endloop
endfacet
facet normal -0.9151015703249842 0.4011325840172668 0.0410093407454736
  outer loop
    vertex 1.9268635965096332 18.198462124956052 0.6000000000000001
    vertex 2.3559824657222923 19.17740865465428 0.6000000000000001
    vertex 2.059152366711123 18.561592101424775 0
  endloop
endfacet
facet normal -0.9158720356348272 0.40147031564253677 0
  outer loop
    vertex 1.9268635965096332 18.198462124956052 0.6000000000000001
    vertex 2.3559824657222923 19.17740865465428 1.2000000000000002
    vertex 2.3559824657222923 19.17740865465428 0.6000000000000001
  endloop
endfacet
facet normal 4.8912451556751885e-15 -1 0
  outer loop
    vertex 0.363170682078604 -20.05023403684153 0
    vertex -0.363170682078614 -20.050234036841534 3
    vertex -0.363170682078614 -20.050234036841534 0
  endloop
endfacet
facet normal 4.8912451556751885e-15 -1 0
  outer loop
    vertex 0.363170682078604 -20.05023403684153 0
    vertex 0.363170682078604 -20.05023403684153 3
    vertex -0.363170682078614 -20.050234036841534 3
  endloop
endfacet
facet normal -0.994709916188985 0.10272381727380746 0
  outer loop
    vertex 1.839262870392302 17.81021251170044 0
    vertex 1.843564530126037 17.851866956665347 3
    vertex 1.843564530126037 17.851866956665347 0
  endloop
endfacet
facet normal -0.994709916188985 0.10272381727380746 0
  outer loop
    vertex 1.839262870392302 17.81021251170044 0
    vertex 1.839262870392302 17.81021251170044 3
    vertex 1.843564530126037 17.851866956665347 3
  endloop
endfacet
facet normal -0.9957553033660521 -0.09171239423090377 0.007759675432426238
  outer loop
    vertex -0.943725978882628 -18.275836733506797 2.4
    vertex -0.932548608240307 -18.346428291928262 3
    vertex -0.971780065795079 -17.920477881991403 3
  endloop
endfacet
facet normal -0.974689359692652 -0.223415728435114 -0.008128000352817414
  outer loop
    vertex -0.943725978882628 -18.275836733506797 2.4
    vertex -0.8050478057969215 -18.9026723682263 3
    vertex -0.932548608240307 -18.346428291928262 3
  endloop
endfacet
facet normal -0.9468035243327078 -0.3216577533236092 0.00996875308008634
  outer loop
    vertex -0.6730312517082443 -19.309859787699757 2.4
    vertex -0.6070555775123063 -19.48546490965701 3
    vertex -0.8050478057969215 -18.9026723682263 3
  endloop
endfacet
facet normal -0.9179536452060547 -0.39640096810906306 -0.01507904954279552
  outer loop
    vertex -0.6730312517082443 -19.309859787699757 2.4
    vertex -0.363170682078614 -20.050234036841534 3
    vertex -0.6070555775123063 -19.48546490965701 3
  endloop
endfacet
facet normal -0.966588434246405 -0.2530411594183066 -0.040950829311779756
  outer loop
    vertex -0.6730312517082443 -19.309859787699757 2.4
    vertex -0.8050478057969215 -18.9026723682263 3
    vertex -0.943725978882628 -18.275836733506797 2.4
  endloop
endfacet
facet normal -0.9968982717461567 -0.07870092623041751 0
  outer loop
    vertex -0.943725978882628 -18.275836733506797 1.2000000000000002
    vertex -0.971780065795079 -17.920477881991403 3
    vertex -0.971780065795079 -17.920477881991403 0
  endloop
endfacet
facet normal -0.996898271746157 -0.07870092623041752 0
  outer loop
    vertex -0.943725978882628 -18.275836733506797 1.2000000000000002
    vertex -0.943725978882628 -18.275836733506797 2.4
    vertex -0.971780065795079 -17.920477881991403 3
  endloop
endfacet
facet normal -0.9957553033660521 -0.09171239423090377 -0.007759675432426238
  outer loop
    vertex -0.943725978882628 -18.275836733506797 0.6000000000000001
    vertex -0.971780065795079 -17.920477881991403 0
    vertex -0.932548608240307 -18.346428291928262 0
  endloop
endfacet
facet normal -0.974689359692652 -0.223415728435114 0.008128000352817414
  outer loop
    vertex -0.943725978882628 -18.275836733506797 0.6000000000000001
    vertex -0.932548608240307 -18.346428291928262 0
    vertex -0.8050478057969215 -18.9026723682263 0
  endloop
endfacet
facet normal -0.9968982717461567 -0.0787009262304175 0
  outer loop
    vertex -0.943725978882628 -18.275836733506797 0.6000000000000001
    vertex -0.943725978882628 -18.275836733506797 1.2000000000000002
    vertex -0.971780065795079 -17.920477881991403 0
  endloop
endfacet
facet normal -0.9224691821678926 -0.38607072920709673 0
  outer loop
    vertex -0.6730312517082443 -19.309859787699757 1.2000000000000002
    vertex -0.363170682078614 -20.050234036841534 0
    vertex -0.363170682078614 -20.050234036841534 3
  endloop
endfacet
facet normal -0.9224691821678925 -0.3860707292070966 0
  outer loop
    vertex -0.6730312517082443 -19.309859787699757 1.2000000000000002
    vertex -0.363170682078614 -20.050234036841534 3
    vertex -0.6730312517082443 -19.309859787699757 2.4
  endloop
endfacet
facet normal -0.9673999251307253 -0.25325359791534485 0
  outer loop
    vertex -0.6730312517082443 -19.309859787699757 1.2000000000000002
    vertex -0.943725978882628 -18.275836733506797 2.4
    vertex -0.943725978882628 -18.275836733506797 1.2000000000000002
  endloop
endfacet
facet normal -0.9673999251307253 -0.25325359791534485 0
  outer loop
    vertex -0.6730312517082443 -19.309859787699757 1.2000000000000002
    vertex -0.6730312517082443 -19.309859787699757 2.4
    vertex -0.943725978882628 -18.275836733506797 2.4
  endloop
endfacet
facet normal -0.9468035243327078 -0.3216577533236092 -0.00996875308008634
  outer loop
    vertex -0.6730312517082443 -19.309859787699757 0.6000000000000001
    vertex -0.8050478057969215 -18.9026723682263 0
    vertex -0.6070555775123063 -19.48546490965701 0
  endloop
endfacet
facet normal -0.9179536452060547 -0.39640096810906306 0.01507904954279552
  outer loop
    vertex -0.6730312517082443 -19.309859787699757 0.6000000000000001
    vertex -0.6070555775123063 -19.48546490965701 0
    vertex -0.363170682078614 -20.050234036841534 0
  endloop
endfacet
facet normal -0.9224691821678926 -0.3860707292070967 0
  outer loop
    vertex -0.6730312517082443 -19.309859787699757 0.6000000000000001
    vertex -0.363170682078614 -20.050234036841534 0
    vertex -0.6730312517082443 -19.309859787699757 1.2000000000000002
  endloop
endfacet
facet normal -0.9673999251307254 -0.25325359791534485 0
  outer loop
    vertex -0.6730312517082443 -19.309859787699757 0.6000000000000001
    vertex -0.6730312517082443 -19.309859787699757 1.2000000000000002
    vertex -0.943725978882628 -18.275836733506797 1.2000000000000002
  endloop
endfacet
facet normal -0.9673999251307254 -0.25325359791534485 0
  outer loop
    vertex -0.6730312517082443 -19.309859787699757 0.6000000000000001
    vertex -0.943725978882628 -18.275836733506797 1.2000000000000002
    vertex -0.943725978882628 -18.275836733506797 0.6000000000000001
  endloop
endfacet
facet normal -0.966588434246405 -0.2530411594183066 0.040950829311779756
  outer loop
    vertex -0.6730312517082443 -19.309859787699757 0.6000000000000001
    vertex -0.943725978882628 -18.275836733506797 0.6000000000000001
    vertex -0.8050478057969215 -18.9026723682263 0
  endloop
endfacet
facet normal 0.07845909572784848 0.9969173337331276 0
  outer loop
    vertex 0.969512574144662 17.87866334452635 0
    vertex 1.839262870392302 17.81021251170044 3
    vertex 1.839262870392302 17.81021251170044 0
  endloop
endfacet
facet normal 0.07845909572784848 0.9969173337331276 0
  outer loop
    vertex 0.969512574144662 17.87866334452635 0
    vertex 0.969512574144662 17.87866334452635 3
    vertex 1.839262870392302 17.81021251170044 3
  endloop
endfacet
facet normal -0.9985329318963501 0.05414779698638668 0
  outer loop
    vertex -0.971780065795079 -17.920477881991403 0
    vertex -0.969512574144667 -17.878663344526366 3
    vertex -0.969512574144667 -17.878663344526366 0
  endloop
endfacet
facet normal -0.9985329318963501 0.05414779698638668 0
  outer loop
    vertex -0.971780065795079 -17.920477881991403 0
    vertex -0.971780065795079 -17.920477881991403 3
    vertex -0.969512574144667 -17.878663344526366 3
  endloop
endfacet
facet normal 0.998532931896337 -0.05414779698662917 0
  outer loop
    vertex 0.971780065795084 17.92047788199138 0
    vertex 0.969512574144662 17.87866334452635 3
    vertex 0.969512574144662 17.87866334452635 0
  endloop
endfacet
facet normal 0.998532931896337 -0.05414779698662917 0
  outer loop
    vertex 0.971780065795084 17.92047788199138 0
    vertex 0.971780065795084 17.92047788199138 3
    vertex 0.969512574144662 17.87866334452635 3
  endloop
endfacet
facet normal -0.07845909572785287 -0.9969173337331273 0
  outer loop
    vertex -0.969512574144667 -17.878663344526366 0
    vertex -1.839262870392303 -17.810212511700453 3
    vertex -1.839262870392303 -17.810212511700453 0
  endloop
endfacet
facet normal -0.07845909572785287 -0.9969173337331273 0
  outer loop
    vertex -0.969512574144667 -17.878663344526366 0
    vertex -0.969512574144667 -17.878663344526366 3
    vertex -1.839262870392303 -17.810212511700453 3
  endloop
endfacet
facet normal 0.9957553033660476 0.09171239423095223 0.007759675432447369
  outer loop
    vertex 0.943725978882627 18.27583673350679 2.4
    vertex 0.9325486082402705 18.346428291928465 3
    vertex 0.971780065795084 17.92047788199138 3
  endloop
endfacet
facet normal 0.9746893596926312 0.22341572843520396 -0.008128000352848724
  outer loop
    vertex 0.943725978882627 18.27583673350679 2.4
    vertex 0.8050478057967657 18.902672368226785 3
    vertex 0.9325486082402705 18.346428291928465 3
  endloop
endfacet
facet normal 0.9468035243326973 0.3216577533236399 0.009968753080087553
  outer loop
    vertex 0.6730312517082436 19.309859787699747 2.4
    vertex 0.6070555775122164 19.485464909657242 3
    vertex 0.8050478057967657 18.902672368226785 3
  endloop
endfacet
facet normal 0.9179536452060405 0.39640096810909453 -0.0150790495428293
  outer loop
    vertex 0.6730312517082436 19.309859787699747 2.4
    vertex 0.363170682078613 20.050234036841506 3
    vertex 0.6070555775122164 19.485464909657242 3
  endloop
endfacet
facet normal 0.9665884342464064 0.25304115941830757 -0.04095082931173934
  outer loop
    vertex 0.6730312517082436 19.309859787699747 2.4
    vertex 0.8050478057967657 18.902672368226785 3
    vertex 0.943725978882627 18.27583673350679 2.4
  endloop
endfacet
facet normal 0.9968982717461556 0.0787009262304311 0
  outer loop
    vertex 0.943725978882627 18.27583673350679 1.2000000000000002
    vertex 0.971780065795084 17.92047788199138 3
    vertex 0.971780065795084 17.92047788199138 0
  endloop
endfacet
facet normal 0.9968982717461556 0.0787009262304311 0
  outer loop
    vertex 0.943725978882627 18.27583673350679 1.2000000000000002
    vertex 0.943725978882627 18.27583673350679 2.4
    vertex 0.971780065795084 17.92047788199138 3
  endloop
endfacet
facet normal 0.9957553033660476 0.09171239423095223 -0.007759675432447369
  outer loop
    vertex 0.943725978882627 18.27583673350679 0.6000000000000001
    vertex 0.971780065795084 17.92047788199138 0
    vertex 0.9325486082402705 18.346428291928465 0
  endloop
endfacet
facet normal 0.9746893596926312 0.22341572843520396 0.008128000352848724
  outer loop
    vertex 0.943725978882627 18.27583673350679 0.6000000000000001
    vertex 0.9325486082402705 18.346428291928465 0
    vertex 0.8050478057967657 18.902672368226785 0
  endloop
endfacet
facet normal 0.9968982717461556 0.0787009262304311 0
  outer loop
    vertex 0.943725978882627 18.27583673350679 0.6000000000000001
    vertex 0.943725978882627 18.27583673350679 1.2000000000000002
    vertex 0.971780065795084 17.92047788199138 0
  endloop
endfacet
facet normal 0.9224691821678891 0.3860707292071049 0
  outer loop
    vertex 0.6730312517082436 19.309859787699747 1.2000000000000002
    vertex 0.363170682078613 20.050234036841506 0
    vertex 0.363170682078613 20.050234036841506 3
  endloop
endfacet
facet normal 0.9224691821678891 0.3860707292071049 0
  outer loop
    vertex 0.6730312517082436 19.309859787699747 1.2000000000000002
    vertex 0.363170682078613 20.050234036841506 3
    vertex 0.6730312517082436 19.309859787699747 2.4
  endloop
endfacet
facet normal 0.9673999251307251 0.25325359791534535 0
  outer loop
    vertex 0.6730312517082436 19.309859787699747 1.2000000000000002
    vertex 0.943725978882627 18.27583673350679 2.4
    vertex 0.943725978882627 18.27583673350679 1.2000000000000002
  endloop
endfacet
facet normal 0.9673999251307251 0.25325359791534535 0
  outer loop
    vertex 0.6730312517082436 19.309859787699747 1.2000000000000002
    vertex 0.6730312517082436 19.309859787699747 2.4
    vertex 0.943725978882627 18.27583673350679 2.4
  endloop
endfacet
facet normal 0.9468035243326973 0.3216577533236399 -0.009968753080087553
  outer loop
    vertex 0.6730312517082436 19.309859787699747 0.6000000000000001
    vertex 0.8050478057967657 18.902672368226785 0
    vertex 0.6070555775122164 19.485464909657242 0
  endloop
endfacet
facet normal 0.9179536452060405 0.39640096810909453 0.0150790495428293
  outer loop
    vertex 0.6730312517082436 19.309859787699747 0.6000000000000001
    vertex 0.6070555775122164 19.485464909657242 0
    vertex 0.363170682078613 20.050234036841506 0
  endloop
endfacet
facet normal 0.9224691821678893 0.38607072920710495 0
  outer loop
    vertex 0.6730312517082436 19.309859787699747 0.6000000000000001
    vertex 0.363170682078613 20.050234036841506 0
    vertex 0.6730312517082436 19.309859787699747 1.2000000000000002
  endloop
endfacet
facet normal 0.9673999251307251 0.25325359791534535 0
  outer loop
    vertex 0.6730312517082436 19.309859787699747 0.6000000000000001
    vertex 0.6730312517082436 19.309859787699747 1.2000000000000002
    vertex 0.943725978882627 18.27583673350679 1.2000000000000002
  endloop
endfacet
facet normal 0.9673999251307251 0.25325359791534535 0
  outer loop
    vertex 0.6730312517082436 19.309859787699747 0.6000000000000001
    vertex 0.943725978882627 18.27583673350679 1.2000000000000002
    vertex 0.943725978882627 18.27583673350679 0.6000000000000001
  endloop
endfacet
facet normal 0.9665884342464064 0.25304115941830757 0.04095082931173934
  outer loop
    vertex 0.6730312517082436 19.309859787699747 0.6000000000000001
    vertex 0.943725978882627 18.27583673350679 0.6000000000000001
    vertex 0.8050478057967657 18.902672368226785 0
  endloop
endfacet
facet normal 0.9947099161889774 -0.10272381727387932 0
  outer loop
    vertex -1.839262870392303 -17.810212511700453 0
    vertex -1.843564530126042 -17.85186695666537 3
    vertex -1.843564530126042 -17.85186695666537 0
  endloop
endfacet
facet normal 0.9947099161889774 -0.10272381727387932 0
  outer loop
    vertex -1.839262870392303 -17.810212511700453 0
    vertex -1.839262870392303 -17.810212511700453 3
    vertex -1.843564530126042 -17.85186695666537 3
  endloop
endfacet
facet normal -4.891245155675148e-15 1 0
  outer loop
    vertex -0.363170682078611 20.050234036841502 0
    vertex 0.363170682078613 20.050234036841506 3
    vertex 0.363170682078613 20.050234036841506 0
  endloop
endfacet
facet normal -4.891245155675148e-15 1 0
  outer loop
    vertex -0.363170682078611 20.050234036841502 0
    vertex -0.363170682078611 20.050234036841502 3
    vertex 0.363170682078613 20.050234036841506 3
  endloop
endfacet
facet normal 0.8487732750040556 -0.5287341976172615 -0.004906720790956141
  outer loop
    vertex -2.355982465722298 -19.177408654654283 2.4
    vertex -2.3849130150571596 -19.229418737802142 3
    vertex -2.777848187149712 -19.86019479576142 3
  endloop
endfacet
facet normal 0.8987601403048345 -0.4384082186381215 0.005333294458704072
  outer loop
    vertex -2.355982465722298 -19.177408654654283 2.4
    vertex -2.0591523667111233 -18.561592101424804 3
    vertex -2.3849130150571596 -19.229418737802142 3
  endloop
endfacet
facet normal 0.9411540814081687 -0.33796479720300815 0.002964945240012314
  outer loop
    vertex -1.9268635965096357 -18.198462124956066 2.4
    vertex -1.9150276996494837 -18.160238114976394 3
    vertex -2.0591523667111233 -18.561592101424804 3
  endloop
endfacet
facet normal 0.9741713314241436 -0.22575837307140084 -0.004834668495962306
  outer loop
    vertex -1.9268635965096357 -18.198462124956066 2.4
    vertex -1.843564530126042 -17.85186695666537 3
    vertex -1.9150276996494837 -18.160238114976394 3
  endloop
endfacet
facet normal 0.9151015703249809 -0.4011325840172728 -0.04100934074549054
  outer loop
    vertex -1.9268635965096357 -18.198462124956066 2.4
    vertex -2.0591523667111233 -18.561592101424804 3
    vertex -2.355982465722298 -19.177408654654283 2.4
  endloop
endfacet
facet normal 0.8507172877943524 -0.5256235309114508 0
  outer loop
    vertex -2.355982465722298 -19.177408654654283 1.2000000000000002
    vertex -2.777848187149712 -19.86019479576142 3
    vertex -2.777848187149712 -19.86019479576142 0
  endloop
endfacet
facet normal 0.8507172877943525 -0.5256235309114508 0
  outer loop
    vertex -2.355982465722298 -19.177408654654283 1.2000000000000002
    vertex -2.355982465722298 -19.177408654654283 2.4
    vertex -2.777848187149712 -19.86019479576142 3
  endloop
endfacet
facet normal 0.8487732750040556 -0.5287341976172615 0.004906720790956141
  outer loop
    vertex -2.355982465722298 -19.177408654654283 0.6000000000000001
    vertex -2.777848187149712 -19.86019479576142 0
    vertex -2.3849130150571596 -19.229418737802142 0
  endloop
endfacet
facet normal 0.8987601403048345 -0.4384082186381215 -0.005333294458704072
  outer loop
    vertex -2.355982465722298 -19.177408654654283 0.6000000000000001
    vertex -2.3849130150571596 -19.229418737802142 0
    vertex -2.0591523667111233 -18.561592101424804 0
  endloop
endfacet
facet normal 0.8507172877943525 -0.5256235309114508 0
  outer loop
    vertex -2.355982465722298 -19.177408654654283 0.6000000000000001
    vertex -2.355982465722298 -19.177408654654283 1.2000000000000002
    vertex -2.777848187149712 -19.86019479576142 0
  endloop
endfacet
facet normal 0.972313262470096 -0.23368123507196317 0
  outer loop
    vertex -1.9268635965096357 -18.198462124956066 1.2000000000000002
    vertex -1.843564530126042 -17.85186695666537 0
    vertex -1.843564530126042 -17.85186695666537 3
  endloop
endfacet
facet normal 0.9158720356348243 -0.40147031564254304 0
  outer loop
    vertex -1.9268635965096357 -18.198462124956066 1.2000000000000002
    vertex -2.355982465722298 -19.177408654654283 2.4
    vertex -2.355982465722298 -19.177408654654283 1.2000000000000002
  endloop
endfacet
facet normal 0.972313262470096 -0.23368123507196317 0
  outer loop
    vertex -1.9268635965096357 -18.198462124956066 1.2000000000000002
    vertex -1.843564530126042 -17.85186695666537 3
    vertex -1.9268635965096357 -18.198462124956066 2.4
  endloop
endfacet
facet normal 0.9158720356348243 -0.40147031564254304 0
  outer loop
    vertex -1.9268635965096357 -18.198462124956066 1.2000000000000002
    vertex -1.9268635965096357 -18.198462124956066 2.4
    vertex -2.355982465722298 -19.177408654654283 2.4
  endloop
endfacet
facet normal 0.9411540814081687 -0.33796479720300815 -0.002964945240012314
  outer loop
    vertex -1.9268635965096357 -18.198462124956066 0.6000000000000001
    vertex -2.0591523667111233 -18.561592101424804 0
    vertex -1.9150276996494837 -18.160238114976394 0
  endloop
endfacet
facet normal 0.9741713314241436 -0.22575837307140084 0.004834668495962306
  outer loop
    vertex -1.9268635965096357 -18.198462124956066 0.6000000000000001
    vertex -1.9150276996494837 -18.160238114976394 0
    vertex -1.843564530126042 -17.85186695666537 0
  endloop
endfacet
facet normal 0.9158720356348244 -0.4014703156425431 0
  outer loop
    vertex -1.9268635965096357 -18.198462124956066 0.6000000000000001
    vertex -1.9268635965096357 -18.198462124956066 1.2000000000000002
    vertex -2.355982465722298 -19.177408654654283 1.2000000000000002
  endloop
endfacet
facet normal 0.972313262470096 -0.23368123507196317 0
  outer loop
    vertex -1.9268635965096357 -18.198462124956066 0.6000000000000001
    vertex -1.843564530126042 -17.85186695666537 0
    vertex -1.9268635965096357 -18.198462124956066 1.2000000000000002
  endloop
endfacet
facet normal 0.9151015703249809 -0.4011325840172728 0.04100934074549054
  outer loop
    vertex -1.9268635965096357 -18.198462124956066 0.6000000000000001
    vertex -2.355982465722298 -19.177408654654283 0.6000000000000001
    vertex -2.0591523667111233 -18.561592101424804 0
  endloop
endfacet
facet normal 0.9158720356348244 -0.4014703156425431 0
  outer loop
    vertex -1.9268635965096357 -18.198462124956066 0.6000000000000001
    vertex -2.355982465722298 -19.177408654654283 1.2000000000000002
    vertex -2.355982465722298 -19.177408654654283 0.6000000000000001
  endloop
endfacet
facet normal -0.9210357188829856 0.38944720904479674 -0.0049067207909541475
  outer loop
    vertex -0.6730312517082432 19.30985978769975 2.4
    vertex -0.6525930549771276 19.365755275426775 3
    vertex -0.363170682078611 20.050234036841502 3
  endloop
endfacet
facet normal -0.9562770667226361 0.29241362422186806 0.005333294458705289
  outer loop
    vertex -0.6730312517082432 19.30985978769975 2.4
    vertex -0.8698719465719008 18.655190500382833 3
    vertex -0.6525930549771276 19.365755275426775 3
  endloop
endfacet
facet normal -0.9824362551632474 0.18657495448354966 0.0029649452399862406
  outer loop
    vertex -0.9437259788826243 18.27583673350679 2.4
    vertex -0.9494366036589768 18.236231782325813 3
    vertex -0.8698719465719008 18.655190500382833 3
  endloop
endfacet
facet normal -0.9974940561094411 0.07058494178555365 -0.004834668495923227
  outer loop
    vertex -0.9437259788826243 18.27583673350679 2.4
    vertex -0.971780065795078 17.92047788199138 3
    vertex -0.9494366036589768 18.236231782325813 3
  endloop
endfacet
facet normal -0.9665861126612348 0.2530405516553906 -0.041009340745475034
  outer loop
    vertex -0.9437259788826243 18.27583673350679 2.4
    vertex -0.8698719465719008 18.655190500382833 3
    vertex -0.6730312517082432 19.30985978769975 2.4
  endloop
endfacet
facet normal -0.922469182167887 0.3860707292071098 0
  outer loop
    vertex -0.6730312517082432 19.30985978769975 1.2000000000000002
    vertex -0.363170682078611 20.050234036841502 3
    vertex -0.363170682078611 20.050234036841502 0
  endloop
endfacet
facet normal -0.9224691821678871 0.3860707292071098 0
  outer loop
    vertex -0.6730312517082432 19.30985978769975 1.2000000000000002
    vertex -0.6730312517082432 19.30985978769975 2.4
    vertex -0.363170682078611 20.050234036841502 3
  endloop
endfacet
facet normal -0.9210357188829856 0.38944720904479674 0.0049067207909541475
  outer loop
    vertex -0.6730312517082432 19.30985978769975 0.6000000000000001
    vertex -0.363170682078611 20.050234036841502 0
    vertex -0.6525930549771276 19.365755275426775 0
  endloop
endfacet
facet normal -0.9562770667226361 0.29241362422186806 -0.005333294458705289
  outer loop
    vertex -0.6730312517082432 19.30985978769975 0.6000000000000001
    vertex -0.6525930549771276 19.365755275426775 0
    vertex -0.8698719465719008 18.655190500382833 0
  endloop
endfacet
facet normal -0.9224691821678871 0.3860707292071098 0
  outer loop
    vertex -0.6730312517082432 19.30985978769975 0.6000000000000001
    vertex -0.6730312517082432 19.30985978769975 1.2000000000000002
    vertex -0.363170682078611 20.050234036841502 0
  endloop
endfacet
facet normal -0.9968982717461565 0.07870092623042181 0
  outer loop
    vertex -0.9437259788826243 18.27583673350679 1.2000000000000002
    vertex -0.971780065795078 17.92047788199138 0
    vertex -0.971780065795078 17.92047788199138 3
  endloop
endfacet
facet normal -0.9968982717461564 0.07870092623042181 0
  outer loop
    vertex -0.9437259788826243 18.27583673350679 1.2000000000000002
    vertex -0.971780065795078 17.92047788199138 3
    vertex -0.9437259788826243 18.27583673350679 2.4
  endloop
endfacet
facet normal -0.9673999251307259 0.25325359791534263 0
  outer loop
    vertex -0.9437259788826243 18.27583673350679 1.2000000000000002
    vertex -0.6730312517082432 19.30985978769975 2.4
    vertex -0.6730312517082432 19.30985978769975 1.2000000000000002
  endloop
endfacet
facet normal -0.9673999251307259 0.25325359791534263 0
  outer loop
    vertex -0.9437259788826243 18.27583673350679 1.2000000000000002
    vertex -0.9437259788826243 18.27583673350679 2.4
    vertex -0.6730312517082432 19.30985978769975 2.4
  endloop
endfacet
facet normal -0.967399925130726 0.25325359791534263 0
  outer loop
    vertex -0.9437259788826243 18.27583673350679 1.2000000000000002
    vertex -0.6730312517082432 19.30985978769975 1.2000000000000002
    vertex -0.6730312517082432 19.30985978769975 0.6000000000000001
  endloop
endfacet
facet normal -0.9824362551632474 0.18657495448354966 -0.0029649452399862406
  outer loop
    vertex -0.9437259788826243 18.27583673350679 0.6000000000000001
    vertex -0.8698719465719008 18.655190500382833 0
    vertex -0.9494366036589768 18.236231782325813 0
  endloop
endfacet
facet normal -0.9974940561094411 0.07058494178555365 0.004834668495923227
  outer loop
    vertex -0.9437259788826243 18.27583673350679 0.6000000000000001
    vertex -0.9494366036589768 18.236231782325813 0
    vertex -0.971780065795078 17.92047788199138 0
  endloop
endfacet
facet normal -0.967399925130726 0.25325359791534263 0
  outer loop
    vertex -0.9437259788826243 18.27583673350679 0.6000000000000001
    vertex -0.9437259788826243 18.27583673350679 1.2000000000000002
    vertex -0.6730312517082432 19.30985978769975 0.6000000000000001
  endloop
endfacet
facet normal -0.9968982717461564 0.07870092623042181 0
  outer loop
    vertex -0.9437259788826243 18.27583673350679 0.6000000000000001
    vertex -0.971780065795078 17.92047788199138 0
    vertex -0.9437259788826243 18.27583673350679 1.2000000000000002
  endloop
endfacet
facet normal -0.9665861126612348 0.2530405516553906 0.041009340745475034
  outer loop
    vertex -0.9437259788826243 18.27583673350679 0.6000000000000001
    vertex -0.6730312517082432 19.30985978769975 0.6000000000000001
    vertex -0.8698719465719008 18.655190500382833 0
  endloop
endfacet
facet normal -0.1564344650402259 -0.9876883405951384 0
  outer loop
    vertex -2.777848187149712 -19.86019479576142 0
    vertex -3.495247083819764 -19.746569973022897 3
    vertex -3.495247083819764 -19.746569973022897 0
  endloop
endfacet
facet normal -0.1564344650402259 -0.9876883405951384 0
  outer loop
    vertex -2.777848187149712 -19.86019479576142 0
    vertex -2.777848187149712 -19.86019479576142 3
    vertex -3.495247083819764 -19.746569973022897 3
  endloop
endfacet
facet normal -0.998532931896345 -0.054147796986481846 0
  outer loop
    vertex -0.969512574144662 17.878663344526345 0
    vertex -0.971780065795078 17.92047788199138 3
    vertex -0.971780065795078 17.92047788199138 0
  endloop
endfacet
facet normal -0.998532931896345 -0.054147796986481846 0
  outer loop
    vertex -0.969512574144662 17.878663344526345 0
    vertex -0.969512574144662 17.878663344526345 3
    vertex -0.971780065795078 17.92047788199138 3
  endloop
endfacet
facet normal -0.9978428825494953 0.06518718572309758 0.007759675432434801
  outer loop
    vertex -3.7910778886278407 -17.90319958765392 2.4
    vertex -3.791081082643927 -17.974670572848307 3
    vertex -3.76319621134319 -17.547827167206542 3
  endloop
endfacet
facet normal -0.9976392362298913 -0.06819010151703432 -0.008128000352827666
  outer loop
    vertex -3.7910778886278407 -17.90319958765392 2.4
    vertex -3.7521657711615286 -18.544011881355523 3
    vertex -3.791081082643927 -17.974670572848307 3
  endloop
endfacet
facet normal -0.9854651603850195 -0.16958490979257587 0.009968753080087989
  outer loop
    vertex -3.6854727060590626 -18.966838087021625 2.4
    vertex -3.6477799952045196 -19.150602087826194 3
    vertex -3.7521657711615286 -18.544011881355523 3
  endloop
endfacet
facet normal -0.9686628859643933 -0.24792102698242113 -0.015079049542806824
  outer loop
    vertex -3.6854727060590626 -18.966838087021625 2.4
    vertex -3.495247083819764 -19.746569973022897 3
    vertex -3.6477799952045196 -19.150602087826194 3
  endloop
endfacet
facet normal -0.9942724850660473 -0.0987180582227246 -0.04095082931176763
  outer loop
    vertex -3.6854727060590626 -18.966838087021625 2.4
    vertex -3.7521657711615286 -18.544011881355523 3
    vertex -3.7910778886278407 -17.90319958765392 2.4
  endloop
endfacet
facet normal -0.9969363370561485 0.07821726060831848 0
  outer loop
    vertex -3.7910778886278407 -17.90319958765392 1.2000000000000002
    vertex -3.76319621134319 -17.547827167206542 3
    vertex -3.76319621134319 -17.547827167206542 0
  endloop
endfacet
facet normal -0.9969363370561486 0.07821726060831848 0
  outer loop
    vertex -3.7910778886278407 -17.90319958765392 1.2000000000000002
    vertex -3.7910778886278407 -17.90319958765392 2.4
    vertex -3.76319621134319 -17.547827167206542 3
  endloop
endfacet
facet normal -0.9978428825494953 0.06518718572309758 -0.007759675432434801
  outer loop
    vertex -3.7910778886278407 -17.90319958765392 0.6000000000000001
    vertex -3.76319621134319 -17.547827167206542 0
    vertex -3.791081082643927 -17.974670572848307 0
  endloop
endfacet
facet normal -0.9976392362298913 -0.06819010151703432 0.008128000352827666
  outer loop
    vertex -3.7910778886278407 -17.90319958765392 0.6000000000000001
    vertex -3.791081082643927 -17.974670572848307 0
    vertex -3.7521657711615286 -18.544011881355523 0
  endloop
endfacet
facet normal -0.9969363370561486 0.07821726060831848 0
  outer loop
    vertex -3.7910778886278407 -17.90319958765392 0.6000000000000001
    vertex -3.7910778886278407 -17.90319958765392 1.2000000000000002
    vertex -3.76319621134319 -17.547827167206542 0
  endloop
endfacet
facet normal -0.9715068237767625 -0.2370115848543838 0
  outer loop
    vertex -3.6854727060590626 -18.966838087021625 1.2000000000000002
    vertex -3.495247083819764 -19.746569973022897 0
    vertex -3.495247083819764 -19.746569973022897 3
  endloop
endfacet
facet normal -0.9715068237767622 -0.23701158485438376 0
  outer loop
    vertex -3.6854727060590626 -18.966838087021625 1.2000000000000002
    vertex -3.495247083819764 -19.746569973022897 3
    vertex -3.6854727060590626 -18.966838087021625 2.4
  endloop
endfacet
facet normal -0.9951072178536274 -0.09880093610696905 0
  outer loop
    vertex -3.6854727060590626 -18.966838087021625 1.2000000000000002
    vertex -3.7910778886278407 -17.90319958765392 2.4
    vertex -3.7910778886278407 -17.90319958765392 1.2000000000000002
  endloop
endfacet
facet normal -0.9951072178536274 -0.09880093610696905 0
  outer loop
    vertex -3.6854727060590626 -18.966838087021625 1.2000000000000002
    vertex -3.6854727060590626 -18.966838087021625 2.4
    vertex -3.7910778886278407 -17.90319958765392 2.4
  endloop
endfacet
facet normal -0.9854651603850195 -0.16958490979257587 -0.009968753080087989
  outer loop
    vertex -3.6854727060590626 -18.966838087021625 0.6000000000000001
    vertex -3.7521657711615286 -18.544011881355523 0
    vertex -3.6477799952045196 -19.150602087826194 0
  endloop
endfacet
facet normal -0.9686628859643933 -0.24792102698242113 0.015079049542806824
  outer loop
    vertex -3.6854727060590626 -18.966838087021625 0.6000000000000001
    vertex -3.6477799952045196 -19.150602087826194 0
    vertex -3.495247083819764 -19.746569973022897 0
  endloop
endfacet
facet normal -0.9715068237767623 -0.23701158485438378 0
  outer loop
    vertex -3.6854727060590626 -18.966838087021625 0.6000000000000001
    vertex -3.495247083819764 -19.746569973022897 0
    vertex -3.6854727060590626 -18.966838087021625 1.2000000000000002
  endloop
endfacet
facet normal -0.9951072178536274 -0.09880093610696906 0
  outer loop
    vertex -3.6854727060590626 -18.966838087021625 0.6000000000000001
    vertex -3.6854727060590626 -18.966838087021625 1.2000000000000002
    vertex -3.7910778886278407 -17.90319958765392 1.2000000000000002
  endloop
endfacet
facet normal -0.9951072178536274 -0.09880093610696906 0
  outer loop
    vertex -3.6854727060590626 -18.966838087021625 0.6000000000000001
    vertex -3.7910778886278407 -17.90319958765392 1.2000000000000002
    vertex -3.7910778886278407 -17.90319958765392 0.6000000000000001
  endloop
endfacet
facet normal -0.9942724850660473 -0.0987180582227246 0.04095082931176763
  outer loop
    vertex -3.6854727060590626 -18.966838087021625 0.6000000000000001
    vertex -3.7910778886278407 -17.90319958765392 0.6000000000000001
    vertex -3.7521657711615286 -18.544011881355523 0
  endloop
endfacet
facet normal -0.0784590957278403 0.9969173337331284 0
  outer loop
    vertex -1.839262870392303 17.810212511700442 0
    vertex -0.969512574144662 17.878663344526345 3
    vertex -0.969512574144662 17.878663344526345 0
  endloop
endfacet
facet normal -0.0784590957278403 0.9969173337331284 0
  outer loop
    vertex -1.839262870392303 17.810212511700442 0
    vertex -1.839262870392303 17.810212511700442 3
    vertex -0.969512574144662 17.878663344526345 3
  endloop
endfacet
facet normal -0.977768752879629 0.20968611277863608 0
  outer loop
    vertex -3.76319621134319 -17.547827167206542 0
    vertex -3.754415401478433 -17.506882149928263 3
    vertex -3.754415401478433 -17.506882149928263 0
  endloop
endfacet
facet normal -0.977768752879629 0.20968611277863608 0
  outer loop
    vertex -3.76319621134319 -17.547827167206542 0
    vertex -3.76319621134319 -17.547827167206542 3
    vertex -3.754415401478433 -17.506882149928263 3
  endloop
endfacet
facet normal 0.9947099161890024 0.10272381727363959 0
  outer loop
    vertex -1.843564530126031 17.85186695666535 0
    vertex -1.839262870392303 17.810212511700442 3
    vertex -1.839262870392303 17.810212511700442 0
  endloop
endfacet
facet normal 0.9947099161890024 0.10272381727363959 0
  outer loop
    vertex -1.843564530126031 17.85186695666535 0
    vertex -1.843564530126031 17.85186695666535 3
    vertex -1.839262870392303 17.810212511700442 3
  endloop
endfacet
facet normal -0.23344536385591347 -0.9723699203976747 0
  outer loop
    vertex -3.754415401478433 -17.506882149928263 0
    vertex -4.60274955889671 -17.30321513813 3
    vertex -4.60274955889671 -17.30321513813 0
  endloop
endfacet
facet normal -0.23344536385591347 -0.9723699203976747 0
  outer loop
    vertex -3.754415401478433 -17.506882149928263 0
    vertex -3.754415401478433 -17.506882149928263 3
    vertex -4.60274955889671 -17.30321513813 3
  endloop
endfacet
facet normal 0.9691489238913481 0.24635371066299197 0.007759675432431994
  outer loop
    vertex -1.9268635965096312 18.198462124956055 2.4
    vertex -1.9489463078496 18.266436058156447 3
    vertex -1.843564530126031 17.85186695666535 3
  endloop
endfacet
facet normal 0.9277393963112377 0.3731401186448929 -0.008128000352827042
  outer loop
    vertex -1.9268635965096312 18.198462124956055 2.4
    vertex -2.1618931083469968 18.79588632701879 3
    vertex -1.9489463078496 18.266436058156447 3
  endloop
endfacet
facet normal 0.884828443250581 0.46581031544694446 0.00996875308008599
  outer loop
    vertex -2.3559824657222928 19.17740865465428 2.4
    vertex -2.448616563200269 19.34053091686181 3
    vertex -2.1618931083469968 18.79588632701879 3
  endloop
endfacet
facet normal 0.844641339189243 0.5351202018215042 -0.015079049542815018
  outer loop
    vertex -2.3559824657222928 19.17740865465428 2.4
    vertex -2.777848187149699 19.8601947957614 3
    vertex -2.448616563200269 19.34053091686181 3
  endloop
endfacet
facet normal 0.9151037682525222 0.4011335474735483 -0.04095082931175675
  outer loop
    vertex -2.3559824657222928 19.17740865465428 2.4
    vertex -2.1618931083469968 18.79588632701879 3
    vertex -1.9268635965096312 18.198462124956055 2.4
  endloop
endfacet
facet normal 0.972313262470093 0.23368123507197572 0
  outer loop
    vertex -1.9268635965096312 18.198462124956055 1.2000000000000002
    vertex -1.843564530126031 17.85186695666535 3
    vertex -1.843564530126031 17.85186695666535 0
  endloop
endfacet
facet normal 0.9723132624700931 0.23368123507197572 0
  outer loop
    vertex -1.9268635965096312 18.198462124956055 1.2000000000000002
    vertex -1.9268635965096312 18.198462124956055 2.4
    vertex -1.843564530126031 17.85186695666535 3
  endloop
endfacet
facet normal 0.9691489238913481 0.24635371066299197 -0.007759675432431994
  outer loop
    vertex -1.9268635965096312 18.198462124956055 0.6000000000000001
    vertex -1.843564530126031 17.85186695666535 0
    vertex -1.9489463078496 18.266436058156447 0
  endloop
endfacet
facet normal 0.9277393963112377 0.3731401186448929 0.008128000352827042
  outer loop
    vertex -1.9268635965096312 18.198462124956055 0.6000000000000001
    vertex -1.9489463078496 18.266436058156447 0
    vertex -2.1618931083469968 18.79588632701879 0
  endloop
endfacet
facet normal 0.9723132624700931 0.23368123507197572 0
  outer loop
    vertex -1.9268635965096312 18.198462124956055 0.6000000000000001
    vertex -1.9268635965096312 18.198462124956055 1.2000000000000002
    vertex -1.843564530126031 17.85186695666535 0
  endloop
endfacet
facet normal 0.8507172877943519 0.5256235309114519 0
  outer loop
    vertex -2.3559824657222928 19.17740865465428 1.2000000000000002
    vertex -2.777848187149699 19.8601947957614 0
    vertex -2.777848187149699 19.8601947957614 3
  endloop
endfacet
facet normal 0.8507172877943519 0.5256235309114519 0
  outer loop
    vertex -2.3559824657222928 19.17740865465428 1.2000000000000002
    vertex -2.777848187149699 19.8601947957614 3
    vertex -2.3559824657222928 19.17740865465428 2.4
  endloop
endfacet
facet normal 0.9158720356348258 0.4014703156425398 0
  outer loop
    vertex -2.3559824657222928 19.17740865465428 1.2000000000000002
    vertex -1.9268635965096312 18.198462124956055 2.4
    vertex -1.9268635965096312 18.198462124956055 1.2000000000000002
  endloop
endfacet
facet normal 0.9158720356348258 0.4014703156425398 0
  outer loop
    vertex -2.3559824657222928 19.17740865465428 1.2000000000000002
    vertex -2.3559824657222928 19.17740865465428 2.4
    vertex -1.9268635965096312 18.198462124956055 2.4
  endloop
endfacet
facet normal 0.884828443250581 0.46581031544694446 -0.00996875308008599
  outer loop
    vertex -2.3559824657222928 19.17740865465428 0.6000000000000001
    vertex -2.1618931083469968 18.79588632701879 0
    vertex -2.448616563200269 19.34053091686181 0
  endloop
endfacet
facet normal 0.844641339189243 0.5351202018215042 0.015079049542815018
  outer loop
    vertex -2.3559824657222928 19.17740865465428 0.6000000000000001
    vertex -2.448616563200269 19.34053091686181 0
    vertex -2.777848187149699 19.8601947957614 0
  endloop
endfacet
facet normal 0.8507172877943516 0.5256235309114518 0
  outer loop
    vertex -2.3559824657222928 19.17740865465428 0.6000000000000001
    vertex -2.777848187149699 19.8601947957614 0
    vertex -2.3559824657222928 19.17740865465428 1.2000000000000002
  endloop
endfacet
facet normal 0.9158720356348258 0.4014703156425398 0
  outer loop
    vertex -2.3559824657222928 19.17740865465428 0.6000000000000001
    vertex -2.3559824657222928 19.17740865465428 1.2000000000000002
    vertex -1.9268635965096312 18.198462124956055 1.2000000000000002
  endloop
endfacet
facet normal 0.9158720356348258 0.4014703156425398 0
  outer loop
    vertex -2.3559824657222928 19.17740865465428 0.6000000000000001
    vertex -1.9268635965096312 18.198462124956055 1.2000000000000002
    vertex -1.9268635965096312 18.198462124956055 0.6000000000000001
  endloop
endfacet
facet normal 0.9151037682525222 0.4011335474735483 0.04095082931175675
  outer loop
    vertex -2.3559824657222928 19.17740865465428 0.6000000000000001
    vertex -1.9268635965096312 18.198462124956055 0.6000000000000001
    vertex -2.1618931083469968 18.79588632701879 0
  endloop
endfacet
facet normal 0.9663938410920861 -0.2570660302320865 0
  outer loop
    vertex -4.60274955889671 -17.30321513813 0
    vertex -4.613514448875566 -17.343683819916578 3
    vertex -4.613514448875566 -17.343683819916578 0
  endloop
endfacet
facet normal 0.9663938410920861 -0.2570660302320865 0
  outer loop
    vertex -4.60274955889671 -17.30321513813 0
    vertex -4.60274955889671 -17.30321513813 3
    vertex -4.613514448875566 -17.343683819916578 3
  endloop
endfacet
facet normal -0.156434465040239 0.9876883405951364 0
  outer loop
    vertex -3.495247083819757 19.74656997302287 0
    vertex -2.777848187149699 19.8601947957614 3
    vertex -2.777848187149699 19.8601947957614 0
  endloop
endfacet
facet normal -0.156434465040239 0.9876883405951364 0
  outer loop
    vertex -3.495247083819757 19.74656997302287 0
    vertex -3.495247083819757 19.74656997302287 3
    vertex -2.777848187149699 19.8601947957614 3
  endloop
endfacet
facet normal 0.7556112161775249 -0.6550019954761981 -0.0049067207909519895
  outer loop
    vertex -5.326984075789233 -18.57274607436089 2.4
    vertex -5.363694611588221 -18.61959009207089 3
    vertex -5.850467214860824 -19.181131646602044 3
  endloop
endfacet
facet normal 0.8191127564188401 -0.5736077477180261 0.005333294458707419
  outer loop
    vertex -5.326984075789233 -18.57274607436089 2.4
    vertex -4.937473514790825 -18.0109457025373 3
    vertex -5.363694611588221 -18.61959009207089 3
  endloop
endfacet
facet normal 0.8766975706574618 -0.4810328249745841 0.00296494523997374
  outer loop
    vertex -4.750007395262186 -17.67298098165584 2.4
    vertex -4.732337665380293 -17.637079114862185 3
    vertex -4.937473514790825 -18.0109457025373 3
  endloop
endfacet
facet normal 0.9268612754698493 -0.3753728839633186 -0.004834668495895817
  outer loop
    vertex -4.750007395262186 -17.67298098165584 2.4
    vertex -4.613514448875566 -17.343683819916578 3
    vertex -4.732337665380293 -17.637079114862185 3
  endloop
endfacet
facet normal 0.8410841902793379 -0.539347400877923 -0.04100934074548762
  outer loop
    vertex -4.750007395262186 -17.67298098165584 2.4
    vertex -4.937473514790825 -18.0109457025373 3
    vertex -5.326984075789233 -18.57274607436089 2.4
  endloop
endfacet
facet normal 0.7580179104265088 -0.6522337368402751 0
  outer loop
    vertex -5.326984075789233 -18.57274607436089 1.2000000000000002
    vertex -5.850467214860824 -19.181131646602044 3
    vertex -5.850467214860824 -19.181131646602044 0
  endloop
endfacet
facet normal 0.7580179104265088 -0.6522337368402751 0
  outer loop
    vertex -5.326984075789233 -18.57274607436089 1.2000000000000002
    vertex -5.326984075789233 -18.57274607436089 2.4
    vertex -5.850467214860824 -19.181131646602044 3
  endloop
endfacet
facet normal 0.7556112161775249 -0.6550019954761981 0.0049067207909519895
  outer loop
    vertex -5.326984075789233 -18.57274607436089 0.6000000000000001
    vertex -5.850467214860824 -19.181131646602044 0
    vertex -5.363694611588221 -18.61959009207089 0
  endloop
endfacet
facet normal 0.8191127564188401 -0.5736077477180261 -0.005333294458707419
  outer loop
    vertex -5.326984075789233 -18.57274607436089 0.6000000000000001
    vertex -5.363694611588221 -18.61959009207089 0
    vertex -4.937473514790825 -18.0109457025373 0
  endloop
endfacet
facet normal 0.7580179104265089 -0.6522337368402751 0
  outer loop
    vertex -5.326984075789233 -18.57274607436089 0.6000000000000001
    vertex -5.326984075789233 -18.57274607436089 1.2000000000000002
    vertex -5.850467214860824 -19.181131646602044 0
  endloop
endfacet
facet normal 0.9237866737493111 -0.3829075363624802 0
  outer loop
    vertex -4.750007395262186 -17.67298098165584 1.2000000000000002
    vertex -4.613514448875566 -17.343683819916578 0
    vertex -4.613514448875566 -17.343683819916578 3
  endloop
endfacet
facet normal 0.923786673749311 -0.3829075363624802 0
  outer loop
    vertex -4.750007395262186 -17.67298098165584 1.2000000000000002
    vertex -4.613514448875566 -17.343683819916578 3
    vertex -4.750007395262186 -17.67298098165584 2.4
  endloop
endfacet
facet normal 0.841792337016577 -0.5398015017950301 0
  outer loop
    vertex -4.750007395262186 -17.67298098165584 1.2000000000000002
    vertex -5.326984075789233 -18.57274607436089 2.4
    vertex -5.326984075789233 -18.57274607436089 1.2000000000000002
  endloop
endfacet
facet normal 0.841792337016577 -0.5398015017950301 0
  outer loop
    vertex -4.750007395262186 -17.67298098165584 1.2000000000000002
    vertex -4.750007395262186 -17.67298098165584 2.4
    vertex -5.326984075789233 -18.57274607436089 2.4
  endloop
endfacet
facet normal 0.8766975706574618 -0.4810328249745841 -0.00296494523997374
  outer loop
    vertex -4.750007395262186 -17.67298098165584 0.6000000000000001
    vertex -4.937473514790825 -18.0109457025373 0
    vertex -4.732337665380293 -17.637079114862185 0
  endloop
endfacet
facet normal 0.9268612754698493 -0.3753728839633186 0.004834668495895817
  outer loop
    vertex -4.750007395262186 -17.67298098165584 0.6000000000000001
    vertex -4.732337665380293 -17.637079114862185 0
    vertex -4.613514448875566 -17.343683819916578 0
  endloop
endfacet
facet normal 0.8410841902793379 -0.539347400877923 0.04100934074548762
  outer loop
    vertex -4.750007395262186 -17.67298098165584 0.6000000000000001
    vertex -5.326984075789233 -18.57274607436089 0.6000000000000001
    vertex -4.937473514790825 -18.0109457025373 0
  endloop
endfacet
facet normal 0.8417923370165771 -0.5398015017950301 0
  outer loop
    vertex -4.750007395262186 -17.67298098165584 0.6000000000000001
    vertex -4.750007395262186 -17.67298098165584 1.2000000000000002
    vertex -5.326984075789233 -18.57274607436089 1.2000000000000002
  endloop
endfacet
facet normal 0.9237866737493109 -0.38290753636248015 0
  outer loop
    vertex -4.750007395262186 -17.67298098165584 0.6000000000000001
    vertex -4.613514448875566 -17.343683819916578 0
    vertex -4.750007395262186 -17.67298098165584 1.2000000000000002
  endloop
endfacet
facet normal 0.8417923370165771 -0.5398015017950301 0
  outer loop
    vertex -4.750007395262186 -17.67298098165584 0.6000000000000001
    vertex -5.326984075789233 -18.57274607436089 1.2000000000000002
    vertex -5.326984075789233 -18.57274607436089 0.6000000000000001
  endloop
endfacet
facet normal -0.9706192066207192 0.24057073768445925 -0.004906720790953199
  outer loop
    vertex -3.6854727060590595 18.966838087021614 2.4
    vertex -3.674030118165687 19.02524264691349 3
    vertex -3.495247083819757 19.74656997302287 3
  endloop
endfacet
facet normal -0.990247278056089 0.13921883591211145 0.005333294458705569
  outer loop
    vertex -3.6854727060590595 18.966838087021614 2.4
    vertex -3.777477125590849 18.289436196193822 3
    vertex -3.674030118165687 19.02524264691349 3
  endloop
endfacet
facet normal -0.9995275877972285 0.03059101717788926 0.0029649452399783376
  outer loop
    vertex -3.791077888627836 17.903199587653912 2.4
    vertex -3.7905226267860144 17.863188900610787 3
    vertex -3.777477125590849 18.289436196193822 3
  endloop
endfacet
facet normal -0.9962551666403676 -0.08632652502509346 -0.004834668495911151
  outer loop
    vertex -3.791077888627836 17.903199587653912 2.4
    vertex -3.763196211343185 17.547827167206524 3
    vertex -3.7905226267860144 17.863188900610787 3
  endloop
endfacet
facet normal -0.9942700969883757 0.09871782111831358 -0.04100934074547703
  outer loop
    vertex -3.791077888627836 17.903199587653912 2.4
    vertex -3.777477125590849 18.289436196193822 3
    vertex -3.6854727060590595 18.966838087021614 2.4
  endloop
endfacet
facet normal -0.97150682377676 0.2370115848543936 0
  outer loop
    vertex -3.6854727060590595 18.966838087021614 1.2000000000000002
    vertex -3.495247083819757 19.74656997302287 3
    vertex -3.495247083819757 19.74656997302287 0
  endloop
endfacet
facet normal -0.97150682377676 0.2370115848543936 0
  outer loop
    vertex -3.6854727060590595 18.966838087021614 1.2000000000000002
    vertex -3.6854727060590595 18.966838087021614 2.4
    vertex -3.495247083819757 19.74656997302287 3
  endloop
endfacet
facet normal -0.9706192066207192 0.24057073768445925 0.004906720790953199
  outer loop
    vertex -3.6854727060590595 18.966838087021614 0.6000000000000001
    vertex -3.495247083819757 19.74656997302287 0
    vertex -3.674030118165687 19.02524264691349 0
  endloop
endfacet
facet normal -0.990247278056089 0.13921883591211145 -0.005333294458705569
  outer loop
    vertex -3.6854727060590595 18.966838087021614 0.6000000000000001
    vertex -3.674030118165687 19.02524264691349 0
    vertex -3.777477125590849 18.289436196193822 0
  endloop
endfacet
facet normal -0.97150682377676 0.23701158485439358 0
  outer loop
    vertex -3.6854727060590595 18.966838087021614 0.6000000000000001
    vertex -3.6854727060590595 18.966838087021614 1.2000000000000002
    vertex -3.495247083819757 19.74656997302287 0
  endloop
endfacet
facet normal -0.9969363370561486 -0.07821726060831613 0
  outer loop
    vertex -3.791077888627836 17.903199587653912 1.2000000000000002
    vertex -3.763196211343185 17.547827167206524 0
    vertex -3.763196211343185 17.547827167206524 3
  endloop
endfacet
facet normal -0.9969363370561486 -0.07821726060831613 0
  outer loop
    vertex -3.791077888627836 17.903199587653912 1.2000000000000002
    vertex -3.763196211343185 17.547827167206524 3
    vertex -3.791077888627836 17.903199587653912 2.4
  endloop
endfacet
facet normal -0.9951072178536275 0.09880093610696772 0
  outer loop
    vertex -3.791077888627836 17.903199587653912 1.2000000000000002
    vertex -3.6854727060590595 18.966838087021614 2.4
    vertex -3.6854727060590595 18.966838087021614 1.2000000000000002
  endloop
endfacet
facet normal -0.9951072178536275 0.09880093610696772 0
  outer loop
    vertex -3.791077888627836 17.903199587653912 1.2000000000000002
    vertex -3.791077888627836 17.903199587653912 2.4
    vertex -3.6854727060590595 18.966838087021614 2.4
  endloop
endfacet
facet normal -0.9995275877972285 0.03059101717788926 -0.0029649452399783376
  outer loop
    vertex -3.791077888627836 17.903199587653912 0.6000000000000001
    vertex -3.777477125590849 18.289436196193822 0
    vertex -3.7905226267860144 17.863188900610787 0
  endloop
endfacet
facet normal -0.9962551666403676 -0.08632652502509346 0.004834668495911151
  outer loop
    vertex -3.791077888627836 17.903199587653912 0.6000000000000001
    vertex -3.7905226267860144 17.863188900610787 0
    vertex -3.763196211343185 17.547827167206524 0
  endloop
endfacet
facet normal -0.9951072178536275 0.09880093610696773 0
  outer loop
    vertex -3.791077888627836 17.903199587653912 0.6000000000000001
    vertex -3.791077888627836 17.903199587653912 1.2000000000000002
    vertex -3.6854727060590595 18.966838087021614 1.2000000000000002
  endloop
endfacet
facet normal -0.9969363370561486 -0.07821726060831613 0
  outer loop
    vertex -3.791077888627836 17.903199587653912 0.6000000000000001
    vertex -3.763196211343185 17.547827167206524 0
    vertex -3.791077888627836 17.903199587653912 1.2000000000000002
  endloop
endfacet
facet normal -0.9942700969883757 0.09871782111831358 0.04100934074547703
  outer loop
    vertex -3.791077888627836 17.903199587653912 0.6000000000000001
    vertex -3.6854727060590595 18.966838087021614 0.6000000000000001
    vertex -3.777477125590849 18.289436196193822 0
  endloop
endfacet
facet normal -0.9951072178536275 0.09880093610696773 0
  outer loop
    vertex -3.791077888627836 17.903199587653912 0.6000000000000001
    vertex -3.6854727060590595 18.966838087021614 1.2000000000000002
    vertex -3.6854727060590595 18.966838087021614 0.6000000000000001
  endloop
endfacet
facet normal -0.3090169943749384 -0.9510565162951565 0
  outer loop
    vertex -5.850467214860824 -19.181131646602044 0
    vertex -6.54125890229726 -18.956679821359987 3
    vertex -6.54125890229726 -18.956679821359987 0
  endloop
endfacet
facet normal -0.3090169943749384 -0.9510565162951565 0
  outer loop
    vertex -5.850467214860824 -19.181131646602044 0
    vertex -5.850467214860824 -19.181131646602044 3
    vertex -6.54125890229726 -18.956679821359987 3
  endloop
endfacet
facet normal -0.9777687528796218 -0.2096861127786694 0
  outer loop
    vertex -3.754415401478426 17.50688214992824 0
    vertex -3.763196211343185 17.547827167206524 3
    vertex -3.763196211343185 17.547827167206524 0
  endloop
endfacet
facet normal -0.9777687528796218 -0.2096861127786694 0
  outer loop
    vertex -3.754415401478426 17.50688214992824 0
    vertex -3.754415401478426 17.50688214992824 3
    vertex -3.763196211343185 17.547827167206524 3
  endloop
endfacet
facet normal -0.9753602583139147 0.22048164082071928 0.007759675432451343
  outer loop
    vertex -6.545080878888874 -17.08972625064011 2.4
    vertex -6.556264558916131 -17.160316809753425 3
    vertex -6.46194997683585 -16.74309070966561 3
  endloop
endfacet
facet normal -0.9960239237963633 0.08871459201033448 -0.008128000352853198
  outer loop
    vertex -6.545080878888874 -17.08972625064011 2.4
    vertex -6.606892962515956 -17.72873627791904 3
    vertex -6.556264558916131 -17.160316809753425 3
  endloop
endfacet
facet normal -0.999861373617298 -0.013336322962440762 0.009968753080087702
  outer loop
    vertex -6.6071655910040485 -18.156789885314318 2.4
    vertex -6.598683963127096 -18.344187885388756 3
    vertex -6.606892962515956 -17.72873627791904 3
  endloop
endfacet
facet normal -0.9955204316624878 -0.09333644736874998 -0.01507904954282021
  outer loop
    vertex -6.6071655910040485 -18.156789885314318 2.4
    vertex -6.54125890229726 -18.956679821359987 3
    vertex -6.598683963127096 -18.344187885388756 3
  endloop
endfacet
facet normal -0.9974742475021712 0.058035809192747964 -0.04095082931175339
  outer loop
    vertex -6.6071655910040485 -18.156789885314318 2.4
    vertex -6.606892962515956 -17.72873627791904 3
    vertex -6.545080878888874 -17.08972625064011 2.4
  endloop
endfacet
facet normal -0.9724265211058073 0.2332094789026743 0
  outer loop
    vertex -6.545080878888874 -17.08972625064011 1.2000000000000002
    vertex -6.46194997683585 -16.74309070966561 3
    vertex -6.46194997683585 -16.74309070966561 0
  endloop
endfacet
facet normal -0.9724265211058073 0.2332094789026743 0
  outer loop
    vertex -6.545080878888874 -17.08972625064011 1.2000000000000002
    vertex -6.545080878888874 -17.08972625064011 2.4
    vertex -6.46194997683585 -16.74309070966561 3
  endloop
endfacet
facet normal -0.9753602583139147 0.22048164082071928 -0.007759675432451343
  outer loop
    vertex -6.545080878888874 -17.08972625064011 0.6000000000000001
    vertex -6.46194997683585 -16.74309070966561 0
    vertex -6.556264558916131 -17.160316809753425 0
  endloop
endfacet
facet normal -0.9960239237963633 0.08871459201033448 0.008128000352853198
  outer loop
    vertex -6.545080878888874 -17.08972625064011 0.6000000000000001
    vertex -6.556264558916131 -17.160316809753425 0
    vertex -6.606892962515956 -17.72873627791904 0
  endloop
endfacet
facet normal -0.9724265211058074 0.23320947890267427 0
  outer loop
    vertex -6.545080878888874 -17.08972625064011 0.6000000000000001
    vertex -6.545080878888874 -17.08972625064011 1.2000000000000002
    vertex -6.46194997683585 -16.74309070966561 0
  endloop
endfacet
facet normal -0.9966227431379564 -0.08211642868619452 0
  outer loop
    vertex -6.6071655910040485 -18.156789885314318 1.2000000000000002
    vertex -6.54125890229726 -18.956679821359987 0
    vertex -6.54125890229726 -18.956679821359987 3
  endloop
endfacet
facet normal -0.9966227431379565 -0.08211642868619454 0
  outer loop
    vertex -6.6071655910040485 -18.156789885314318 1.2000000000000002
    vertex -6.54125890229726 -18.956679821359987 3
    vertex -6.6071655910040485 -18.156789885314318 2.4
  endloop
endfacet
facet normal -0.9983116683014613 0.058084532649863116 0
  outer loop
    vertex -6.6071655910040485 -18.156789885314318 1.2000000000000002
    vertex -6.545080878888874 -17.08972625064011 2.4
    vertex -6.545080878888874 -17.08972625064011 1.2000000000000002
  endloop
endfacet
facet normal -0.9983116683014613 0.058084532649863116 0
  outer loop
    vertex -6.6071655910040485 -18.156789885314318 1.2000000000000002
    vertex -6.6071655910040485 -18.156789885314318 2.4
    vertex -6.545080878888874 -17.08972625064011 2.4
  endloop
endfacet
facet normal -0.999861373617298 -0.013336322962440762 -0.009968753080087702
  outer loop
    vertex -6.6071655910040485 -18.156789885314318 0.6000000000000001
    vertex -6.606892962515956 -17.72873627791904 0
    vertex -6.598683963127096 -18.344187885388756 0
  endloop
endfacet
facet normal -0.9955204316624878 -0.09333644736874998 0.01507904954282021
  outer loop
    vertex -6.6071655910040485 -18.156789885314318 0.6000000000000001
    vertex -6.598683963127096 -18.344187885388756 0
    vertex -6.54125890229726 -18.956679821359987 0
  endloop
endfacet
facet normal -0.9966227431379564 -0.08211642868619452 0
  outer loop
    vertex -6.6071655910040485 -18.156789885314318 0.6000000000000001
    vertex -6.54125890229726 -18.956679821359987 0
    vertex -6.6071655910040485 -18.156789885314318 1.2000000000000002
  endloop
endfacet
facet normal -0.9983116683014613 0.05808453264986312 0
  outer loop
    vertex -6.6071655910040485 -18.156789885314318 0.6000000000000001
    vertex -6.6071655910040485 -18.156789885314318 1.2000000000000002
    vertex -6.545080878888874 -17.08972625064011 1.2000000000000002
  endloop
endfacet
facet normal -0.9983116683014613 0.05808453264986312 0
  outer loop
    vertex -6.6071655910040485 -18.156789885314318 0.6000000000000001
    vertex -6.545080878888874 -17.08972625064011 1.2000000000000002
    vertex -6.545080878888874 -17.08972625064011 0.6000000000000001
  endloop
endfacet
facet normal -0.9974742475021712 0.058035809192747964 0.04095082931175339
  outer loop
    vertex -6.6071655910040485 -18.156789885314318 0.6000000000000001
    vertex -6.545080878888874 -17.08972625064011 0.6000000000000001
    vertex -6.606892962515956 -17.72873627791904 0
  endloop
endfacet
facet normal -0.23344536385590028 0.9723699203976779 0
  outer loop
    vertex -4.602749558896709 17.30321513812999 0
    vertex -3.754415401478426 17.50688214992824 3
    vertex -3.754415401478426 17.50688214992824 0
  endloop
endfacet
facet normal -0.23344536385590028 0.9723699203976779 0
  outer loop
    vertex -4.602749558896709 17.30321513812999 0
    vertex -4.602749558896709 17.30321513812999 3
    vertex -3.754415401478426 17.50688214992824 3
  endloop
endfacet
facet normal -0.9329286621385536 0.3600612605659884 0
  outer loop
    vertex -6.46194997683585 -16.74309070966561 0
    vertex -6.446872061437455 -16.7040234147882 3
    vertex -6.446872061437455 -16.7040234147882 0
  endloop
endfacet
facet normal -0.9329286621385536 0.3600612605659884 0
  outer loop
    vertex -6.46194997683585 -16.74309070966561 0
    vertex -6.46194997683585 -16.74309070966561 3
    vertex -6.446872061437455 -16.7040234147882 3
  endloop
endfacet
facet normal 0.9663938410921541 0.2570660302318302 0
  outer loop
    vertex -4.613514448875553 17.343683819916563 0
    vertex -4.602749558896709 17.30321513812999 3
    vertex -4.602749558896709 17.30321513812999 0
  endloop
endfacet
facet normal 0.9663938410921541 0.2570660302318302 0
  outer loop
    vertex -4.613514448875553 17.343683819916563 0
    vertex -4.613514448875553 17.343683819916563 3
    vertex -4.602749558896709 17.30321513812999 3
  endloop
endfacet
facet normal -0.38268343236509667 -0.9238795325112841 0
  outer loop
    vertex -6.446872061437455 -16.7040234147882 0
    vertex -7.252901277611084 -16.37015518178012 3
    vertex -7.252901277611084 -16.37015518178012 0
  endloop
endfacet
facet normal -0.38268343236509667 -0.9238795325112841 0
  outer loop
    vertex -6.446872061437455 -16.7040234147882 0
    vertex -6.446872061437455 -16.7040234147882 3
    vertex -7.252901277611084 -16.37015518178012 3
  endloop
endfacet
facet normal 0.9186788814895653 0.39492898113745023 0.007759675432432688
  outer loop
    vertex -4.750007395262181 17.67298098165583 2.4
    vertex -4.782451697658292 17.73666354580717 3
    vertex -4.613514448875553 17.343683819916563 3
  endloop
endfacet
facet normal 0.857945410002114 0.5136765607525505 -0.00812800035283281
  outer loop
    vertex -4.750007395262181 17.67298098165583 2.4
    vertex -5.075601039251512 18.22628318446964 3
    vertex -4.782451697658292 17.73666354580717 3
  endloop
endfacet
facet normal 0.8010659493183783 0.5984930816681788 0.009968753080088143
  outer loop
    vertex -5.326984075789228 18.572746074360886 2.4
    vertex -5.443995637634384 18.719368865351335 3
    vertex -5.075601039251512 18.22628318446964 3
  endloop
endfacet
facet normal 0.7505311601977126 0.6606630002029482 -0.015079049542814232
  outer loop
    vertex -5.326984075789228 18.572746074360886 2.4
    vertex -5.85046721486081 19.181131646602033 3
    vertex -5.443995637634384 18.719368865351335 3
  endloop
endfacet
facet normal 0.8410862104289774 0.5393486963040716 -0.04095082931175313
  outer loop
    vertex -5.326984075789228 18.572746074360886 2.4
    vertex -5.075601039251512 18.22628318446964 3
    vertex -4.750007395262181 17.67298098165583 2.4
  endloop
endfacet
facet normal 0.9237866737493037 0.38290753636249797 0
  outer loop
    vertex -4.750007395262181 17.67298098165583 1.2000000000000002
    vertex -4.613514448875553 17.343683819916563 3
    vertex -4.613514448875553 17.343683819916563 0
  endloop
endfacet
facet normal 0.9237866737493037 0.38290753636249797 0
  outer loop
    vertex -4.750007395262181 17.67298098165583 1.2000000000000002
    vertex -4.750007395262181 17.67298098165583 2.4
    vertex -4.613514448875553 17.343683819916563 3
  endloop
endfacet
facet normal 0.9186788814895653 0.39492898113745023 -0.007759675432432688
  outer loop
    vertex -4.750007395262181 17.67298098165583 0.6000000000000001
    vertex -4.613514448875553 17.343683819916563 0
    vertex -4.782451697658292 17.73666354580717 0
  endloop
endfacet
facet normal 0.857945410002114 0.5136765607525505 0.00812800035283281
  outer loop
    vertex -4.750007395262181 17.67298098165583 0.6000000000000001
    vertex -4.782451697658292 17.73666354580717 0
    vertex -5.075601039251512 18.22628318446964 0
  endloop
endfacet
facet normal 0.9237866737493037 0.38290753636249797 0
  outer loop
    vertex -4.750007395262181 17.67298098165583 0.6000000000000001
    vertex -4.750007395262181 17.67298098165583 1.2000000000000002
    vertex -4.613514448875553 17.343683819916563 0
  endloop
endfacet
facet normal 0.7580179104265105 0.652233736840273 0
  outer loop
    vertex -5.326984075789228 18.572746074360886 1.2000000000000002
    vertex -5.85046721486081 19.181131646602033 0
    vertex -5.85046721486081 19.181131646602033 3
  endloop
endfacet
facet normal 0.7580179104265107 0.6522337368402732 0
  outer loop
    vertex -5.326984075789228 18.572746074360886 1.2000000000000002
    vertex -5.85046721486081 19.181131646602033 3
    vertex -5.326984075789228 18.572746074360886 2.4
  endloop
endfacet
facet normal 0.8417923370165792 0.5398015017950264 0
  outer loop
    vertex -5.326984075789228 18.572746074360886 1.2000000000000002
    vertex -4.750007395262181 17.67298098165583 2.4
    vertex -4.750007395262181 17.67298098165583 1.2000000000000002
  endloop
endfacet
facet normal 0.8417923370165792 0.5398015017950264 0
  outer loop
    vertex -5.326984075789228 18.572746074360886 1.2000000000000002
    vertex -5.326984075789228 18.572746074360886 2.4
    vertex -4.750007395262181 17.67298098165583 2.4
  endloop
endfacet
facet normal 0.8010659493183783 0.5984930816681788 -0.009968753080088143
  outer loop
    vertex -5.326984075789228 18.572746074360886 0.6000000000000001
    vertex -5.075601039251512 18.22628318446964 0
    vertex -5.443995637634384 18.719368865351335 0
  endloop
endfacet
facet normal 0.7505311601977126 0.6606630002029482 0.015079049542814232
  outer loop
    vertex -5.326984075789228 18.572746074360886 0.6000000000000001
    vertex -5.443995637634384 18.719368865351335 0
    vertex -5.85046721486081 19.181131646602033 0
  endloop
endfacet
facet normal 0.7580179104265106 0.6522337368402731 0
  outer loop
    vertex -5.326984075789228 18.572746074360886 0.6000000000000001
    vertex -5.85046721486081 19.181131646602033 0
    vertex -5.326984075789228 18.572746074360886 1.2000000000000002
  endloop
endfacet
facet normal 0.8417923370165792 0.5398015017950264 0
  outer loop
    vertex -5.326984075789228 18.572746074360886 0.6000000000000001
    vertex -5.326984075789228 18.572746074360886 1.2000000000000002
    vertex -4.750007395262181 17.67298098165583 1.2000000000000002
  endloop
endfacet
facet normal 0.8417923370165792 0.5398015017950264 0
  outer loop
    vertex -5.326984075789228 18.572746074360886 0.6000000000000001
    vertex -4.750007395262181 17.67298098165583 1.2000000000000002
    vertex -4.750007395262181 17.67298098165583 0.6000000000000001
  endloop
endfacet
facet normal 0.8410862104289774 0.5393486963040716 0.04095082931175313
  outer loop
    vertex -5.326984075789228 18.572746074360886 0.6000000000000001
    vertex -4.750007395262181 17.67298098165583 0.6000000000000001
    vertex -5.075601039251512 18.22628318446964 0
  endloop
endfacet
facet normal 0.9142819423502299 -0.4050784243727265 0
  outer loop
    vertex -7.252901277611084 -16.37015518178012 0
    vertex -7.269864330517156 -16.408441627134916 3
    vertex -7.269864330517156 -16.408441627134916 0
  endloop
endfacet
facet normal 0.9142819423502299 -0.4050784243727265 0
  outer loop
    vertex -7.252901277611084 -16.37015518178012 0
    vertex -7.252901277611084 -16.37015518178012 3
    vertex -7.269864330517156 -16.408441627134916 3
  endloop
endfacet
facet normal -0.3090169943749546 0.9510565162951512 0
  outer loop
    vertex -6.541258902297249 18.956679821359963 0
    vertex -5.85046721486081 19.181131646602033 3
    vertex -5.85046721486081 19.181131646602033 0
  endloop
endfacet
facet normal -0.3090169943749546 0.9510565162951512 0
  outer loop
    vertex -6.541258902297249 18.956679821359963 0
    vertex -6.541258902297249 18.956679821359963 3
    vertex -5.85046721486081 19.181131646602033 3
  endloop
endfacet
facet normal 0.6438435014788428 -0.7651414703795257 -0.004906720790956536
  outer loop
    vertex -8.166817658663685 -17.510760846306454 2.4
    vertex -8.210404245700142 -17.5512853433962 3
    vertex -8.779028323154577 -18.02976537777709 3
  endloop
endfacet
facet normal 0.7192960979904366 -0.6946831503541372 0.005333294458704077
  outer loop
    vertex -8.166817658663685 -17.510760846306454 2.4
    vertex -7.694217678401257 -17.01681004555158 3
    vertex -8.210404245700142 -17.5512853433962 3
  endloop
endfacet
facet normal 0.7906538561247948 -0.6122562281387723 0.002964945240002936
  outer loop
    vertex -7.456190247572647 -16.712332393326108 2.4
    vertex -7.433121772060797 -16.67963669282957 3
    vertex -7.694217678401257 -17.01681004555158 3
  endloop
endfacet
facet normal 0.8567288188373444 -0.5157444686606956 -0.004834668495947204
  outer loop
    vertex -7.456190247572647 -16.712332393326108 2.4
    vertex -7.269864330517156 -16.408441627134916 3
    vertex -7.433121772060797 -16.67963669282957 3
  endloop
endfacet
facet normal 0.7463565260706286 -0.6642816947375592 -0.041009340745486136
  outer loop
    vertex -7.456190247572647 -16.712332393326108 2.4
    vertex -7.694217678401257 -17.01681004555158 3
    vertex -8.166817658663685 -17.510760846306454 2.4
  endloop
endfacet
facet normal 0.646653616386748 -0.7627837835284259 0
  outer loop
    vertex -8.166817658663685 -17.510760846306454 1.2000000000000002
    vertex -8.779028323154577 -18.02976537777709 3
    vertex -8.779028323154577 -18.02976537777709 0
  endloop
endfacet
facet normal 0.646653616386748 -0.7627837835284259 0
  outer loop
    vertex -8.166817658663685 -17.510760846306454 1.2000000000000002
    vertex -8.166817658663685 -17.510760846306454 2.4
    vertex -8.779028323154577 -18.02976537777709 3
  endloop
endfacet
facet normal 0.6438435014788428 -0.7651414703795257 0.004906720790956536
  outer loop
    vertex -8.166817658663685 -17.510760846306454 0.6000000000000001
    vertex -8.779028323154577 -18.02976537777709 0
    vertex -8.210404245700142 -17.5512853433962 0
  endloop
endfacet
facet normal 0.7192960979904366 -0.6946831503541372 -0.005333294458704077
  outer loop
    vertex -8.166817658663685 -17.510760846306454 0.6000000000000001
    vertex -8.210404245700142 -17.5512853433962 0
    vertex -7.694217678401257 -17.01681004555158 0
  endloop
endfacet
facet normal 0.646653616386748 -0.7627837835284259 0
  outer loop
    vertex -8.166817658663685 -17.510760846306454 0.6000000000000001
    vertex -8.166817658663685 -17.510760846306454 1.2000000000000002
    vertex -8.779028323154577 -18.02976537777709 0
  endloop
endfacet
facet normal 0.8525133912486236 -0.5227053833104944 0
  outer loop
    vertex -7.456190247572647 -16.712332393326108 1.2000000000000002
    vertex -7.269864330517156 -16.408441627134916 0
    vertex -7.269864330517156 -16.408441627134916 3
  endloop
endfacet
facet normal 0.8525133912486238 -0.5227053833104945 0
  outer loop
    vertex -7.456190247572647 -16.712332393326108 1.2000000000000002
    vertex -7.269864330517156 -16.408441627134916 3
    vertex -7.456190247572647 -16.712332393326108 2.4
  endloop
endfacet
facet normal 0.7469849173123881 -0.6648409834748492 0
  outer loop
    vertex -7.456190247572647 -16.712332393326108 1.2000000000000002
    vertex -8.166817658663685 -17.510760846306454 2.4
    vertex -8.166817658663685 -17.510760846306454 1.2000000000000002
  endloop
endfacet
facet normal 0.7469849173123881 -0.6648409834748492 0
  outer loop
    vertex -7.456190247572647 -16.712332393326108 1.2000000000000002
    vertex -7.456190247572647 -16.712332393326108 2.4
    vertex -8.166817658663685 -17.510760846306454 2.4
  endloop
endfacet
facet normal 0.7906538561247948 -0.6122562281387723 -0.002964945240002936
  outer loop
    vertex -7.456190247572647 -16.712332393326108 0.6000000000000001
    vertex -7.694217678401257 -17.01681004555158 0
    vertex -7.433121772060797 -16.67963669282957 0
  endloop
endfacet
facet normal 0.8567288188373444 -0.5157444686606956 0.004834668495947204
  outer loop
    vertex -7.456190247572647 -16.712332393326108 0.6000000000000001
    vertex -7.433121772060797 -16.67963669282957 0
    vertex -7.269864330517156 -16.408441627134916 0
  endloop
endfacet
facet normal 0.7469849173123881 -0.6648409834748492 0
  outer loop
    vertex -7.456190247572647 -16.712332393326108 0.6000000000000001
    vertex -7.456190247572647 -16.712332393326108 1.2000000000000002
    vertex -8.166817658663685 -17.510760846306454 1.2000000000000002
  endloop
endfacet
facet normal 0.8525133912486237 -0.5227053833104945 0
  outer loop
    vertex -7.456190247572647 -16.712332393326108 0.6000000000000001
    vertex -7.269864330517156 -16.408441627134916 0
    vertex -7.456190247572647 -16.712332393326108 1.2000000000000002
  endloop
endfacet
facet normal 0.7463565260706286 -0.6642816947375592 0.041009340745486136
  outer loop
    vertex -7.456190247572647 -16.712332393326108 0.6000000000000001
    vertex -8.166817658663685 -17.510760846306454 0.6000000000000001
    vertex -7.694217678401257 -17.01681004555158 0
  endloop
endfacet
facet normal 0.7469849173123881 -0.6648409834748492 0
  outer loop
    vertex -7.456190247572647 -16.712332393326108 0.6000000000000001
    vertex -8.166817658663685 -17.510760846306454 1.2000000000000002
    vertex -8.166817658663685 -17.510760846306454 0.6000000000000001
  endloop
endfacet
facet normal -0.9963028281909896 0.08577061635382444 -0.004906720790953779
  outer loop
    vertex -6.607165591004046 18.15678988531431 2.4
    vertex -6.605000366438123 18.216265403272885 3
    vertex -6.541258902297249 18.956679821359963 3
  endloop
endfacet
facet normal -0.9998343149615053 -0.017403982178629727 0.005333294458705318
  outer loop
    vertex -6.607165591004046 18.15678988531431 2.4
    vertex -6.592068281049931 17.473335273695813 3
    vertex -6.605000366438123 18.216265403272885 3
  endloop
endfacet
facet normal -0.9920072339777635 -0.12614617249647572 0.0029649452399836216
  outer loop
    vertex -6.545080878888864 17.089726250640098 2.4
    vertex -6.5382734028182234 17.05029502363751 3
    vertex -6.592068281049931 17.473335273695813 3
  endloop
endfacet
facet normal -0.9704851685872721 -0.24111234628834058 -0.00483466849592059
  outer loop
    vertex -6.545080878888864 17.089726250640098 2.4
    vertex -6.461949976835843 16.743090709665594 3
    vertex -6.5382734028182234 17.05029502363751 3
  endloop
endfacet
facet normal -0.9974718517343958 -0.05803566980036225 -0.04100934074547831
  outer loop
    vertex -6.545080878888864 17.089726250640098 2.4
    vertex -6.592068281049931 17.473335273695813 3
    vertex -6.607165591004046 18.15678988531431 2.4
  endloop
endfacet
facet normal -0.9966227431379555 0.08211642868620624 0
  outer loop
    vertex -6.607165591004046 18.15678988531431 1.2000000000000002
    vertex -6.541258902297249 18.956679821359963 3
    vertex -6.541258902297249 18.956679821359963 0
  endloop
endfacet
facet normal -0.9966227431379554 0.08211642868620622 0
  outer loop
    vertex -6.607165591004046 18.15678988531431 1.2000000000000002
    vertex -6.607165591004046 18.15678988531431 2.4
    vertex -6.541258902297249 18.956679821359963 3
  endloop
endfacet
facet normal -0.9963028281909896 0.08577061635382444 0.004906720790953779
  outer loop
    vertex -6.607165591004046 18.15678988531431 0.6000000000000001
    vertex -6.541258902297249 18.956679821359963 0
    vertex -6.605000366438123 18.216265403272885 0
  endloop
endfacet
facet normal -0.9998343149615053 -0.017403982178629727 -0.005333294458705318
  outer loop
    vertex -6.607165591004046 18.15678988531431 0.6000000000000001
    vertex -6.605000366438123 18.216265403272885 0
    vertex -6.592068281049931 17.473335273695813 0
  endloop
endfacet
facet normal -0.9966227431379554 0.08211642868620622 0
  outer loop
    vertex -6.607165591004046 18.15678988531431 0.6000000000000001
    vertex -6.607165591004046 18.15678988531431 1.2000000000000002
    vertex -6.541258902297249 18.956679821359963 0
  endloop
endfacet
facet normal -0.9724265211058095 -0.23320947890266497 0
  outer loop
    vertex -6.545080878888864 17.089726250640098 1.2000000000000002
    vertex -6.461949976835843 16.743090709665594 0
    vertex -6.461949976835843 16.743090709665594 3
  endloop
endfacet
facet normal -0.9724265211058095 -0.23320947890266494 0
  outer loop
    vertex -6.545080878888864 17.089726250640098 1.2000000000000002
    vertex -6.461949976835843 16.743090709665594 3
    vertex -6.545080878888864 17.089726250640098 2.4
  endloop
endfacet
facet normal -0.9983116683014609 -0.05808453264986955 0
  outer loop
    vertex -6.545080878888864 17.089726250640098 1.2000000000000002
    vertex -6.607165591004046 18.15678988531431 2.4
    vertex -6.607165591004046 18.15678988531431 1.2000000000000002
  endloop
endfacet
facet normal -0.9983116683014609 -0.05808453264986955 0
  outer loop
    vertex -6.545080878888864 17.089726250640098 1.2000000000000002
    vertex -6.545080878888864 17.089726250640098 2.4
    vertex -6.607165591004046 18.15678988531431 2.4
  endloop
endfacet
facet normal -0.9920072339777635 -0.12614617249647572 -0.0029649452399836216
  outer loop
    vertex -6.545080878888864 17.089726250640098 0.6000000000000001
    vertex -6.592068281049931 17.473335273695813 0
    vertex -6.5382734028182234 17.05029502363751 0
  endloop
endfacet
facet normal -0.9704851685872721 -0.24111234628834058 0.00483466849592059
  outer loop
    vertex -6.545080878888864 17.089726250640098 0.6000000000000001
    vertex -6.5382734028182234 17.05029502363751 0
    vertex -6.461949976835843 16.743090709665594 0
  endloop
endfacet
facet normal -0.998311668301461 -0.05808453264986955 0
  outer loop
    vertex -6.545080878888864 17.089726250640098 0.6000000000000001
    vertex -6.545080878888864 17.089726250640098 1.2000000000000002
    vertex -6.607165591004046 18.15678988531431 1.2000000000000002
  endloop
endfacet
facet normal -0.9724265211058096 -0.233209478902665 0
  outer loop
    vertex -6.545080878888864 17.089726250640098 0.6000000000000001
    vertex -6.461949976835843 16.743090709665594 0
    vertex -6.545080878888864 17.089726250640098 1.2000000000000002
  endloop
endfacet
facet normal -0.9974718517343958 -0.05803566980036225 0.04100934074547831
  outer loop
    vertex -6.545080878888864 17.089726250640098 0.6000000000000001
    vertex -6.607165591004046 18.15678988531431 0.6000000000000001
    vertex -6.592068281049931 17.473335273695813 0
  endloop
endfacet
facet normal -0.998311668301461 -0.05808453264986955 0
  outer loop
    vertex -6.545080878888864 17.089726250640098 0.6000000000000001
    vertex -6.607165591004046 18.15678988531431 1.2000000000000002
    vertex -6.607165591004046 18.15678988531431 0.6000000000000001
  endloop
endfacet
facet normal -0.45399049973953687 -0.891006524188373 0
  outer loop
    vertex -8.779028323154577 -18.02976537777709 0
    vertex -9.426203217406542 -17.700013298881856 3
    vertex -9.426203217406542 -17.700013298881856 0
  endloop
endfacet
facet normal -0.45399049973953687 -0.891006524188373 0
  outer loop
    vertex -8.779028323154577 -18.02976537777709 0
    vertex -8.779028323154577 -18.02976537777709 3
    vertex -9.426203217406542 -17.700013298881856 3
  endloop
endfacet
facet normal -0.9329286621385503 -0.3600612605659968 0
  outer loop
    vertex -6.446872061437446 16.704023414788182 0
    vertex -6.461949976835843 16.743090709665594 3
    vertex -6.461949976835843 16.743090709665594 0
  endloop
endfacet
facet normal -0.9329286621385503 -0.3600612605659968 0
  outer loop
    vertex -6.446872061437446 16.704023414788182 0
    vertex -6.446872061437446 16.704023414788182 3
    vertex -6.461949976835843 16.743090709665594 3
  endloop
endfacet
facet normal -0.9288610274835403 0.3703471061847315 0.007759675432460017
  outer loop
    vertex -9.137922256033592 -15.855447135785866 2.4
    vertex -9.160011042753268 -15.923419094976017 3
    vertex -9.001589087916388 -15.52608379172044 3
  endloop
endfacet
facet normal -0.9698831967450956 0.24343483785559084 -0.008128000352864706
  outer loop
    vertex -9.137922256033592 -15.855447135785866 2.4
    vertex -9.298936522112715 -16.476920349017625 3
    vertex -9.160011042753268 -15.923419094976017 3
  endloop
endfacet
facet normal -0.9896376814814808 0.143240648399773 0.009968753080087071
  outer loop
    vertex -9.366168131173099 -16.89966125769974 2.4
    vertex -9.38710643210103 -17.08607889634381 3
    vertex -9.298936522112715 -16.476920349017625 3
  endloop
endfacet
facet normal -0.9978649603901637 0.0635463853450528 -0.015079049542826725
  outer loop
    vertex -9.366168131173099 -16.89966125769974 2.4
    vertex -9.426203217406542 -17.700013298881856 3
    vertex -9.38710643210103 -17.08607889634381 3
  endloop
endfacet
facet normal -0.9761148835375593 0.21336064237608904 -0.04095082931174724
  outer loop
    vertex -9.366168131173099 -16.89966125769974 2.4
    vertex -9.298936522112715 -16.476920349017625 3
    vertex -9.137922256033592 -15.855447135785866 2.4
  endloop
endfacet
facet normal -0.923972336907248 0.38245930584855603 0
  outer loop
    vertex -9.137922256033592 -15.855447135785866 1.2000000000000002
    vertex -9.001589087916388 -15.52608379172044 3
    vertex -9.001589087916388 -15.52608379172044 0
  endloop
endfacet
facet normal -0.9239723369072479 0.38245930584855603 0
  outer loop
    vertex -9.137922256033592 -15.855447135785866 1.2000000000000002
    vertex -9.137922256033592 -15.855447135785866 2.4
    vertex -9.001589087916388 -15.52608379172044 3
  endloop
endfacet
facet normal -0.9288610274835403 0.3703471061847315 -0.007759675432460017
  outer loop
    vertex -9.137922256033592 -15.855447135785866 0.6000000000000001
    vertex -9.001589087916388 -15.52608379172044 0
    vertex -9.160011042753268 -15.923419094976017 0
  endloop
endfacet
facet normal -0.9698831967450956 0.24343483785559084 0.008128000352864706
  outer loop
    vertex -9.137922256033592 -15.855447135785866 0.6000000000000001
    vertex -9.160011042753268 -15.923419094976017 0
    vertex -9.298936522112715 -16.476920349017625 0
  endloop
endfacet
facet normal -0.9239723369072479 0.382459305848556 0
  outer loop
    vertex -9.137922256033592 -15.855447135785866 0.6000000000000001
    vertex -9.137922256033592 -15.855447135785866 1.2000000000000002
    vertex -9.001589087916388 -15.52608379172044 0
  endloop
endfacet
facet normal -0.9971985029618413 0.07480070648505 0
  outer loop
    vertex -9.366168131173099 -16.89966125769974 1.2000000000000002
    vertex -9.426203217406542 -17.700013298881856 0
    vertex -9.426203217406542 -17.700013298881856 3
  endloop
endfacet
facet normal -0.9971985029618412 0.07480070648504998 0
  outer loop
    vertex -9.366168131173099 -16.89966125769974 1.2000000000000002
    vertex -9.426203217406542 -17.700013298881856 3
    vertex -9.366168131173099 -16.89966125769974 2.4
  endloop
endfacet
facet normal -0.9769343722692411 0.21353976744134565 0
  outer loop
    vertex -9.366168131173099 -16.89966125769974 1.2000000000000002
    vertex -9.137922256033592 -15.855447135785866 2.4
    vertex -9.137922256033592 -15.855447135785866 1.2000000000000002
  endloop
endfacet
facet normal -0.9769343722692411 0.21353976744134565 0
  outer loop
    vertex -9.366168131173099 -16.89966125769974 1.2000000000000002
    vertex -9.366168131173099 -16.89966125769974 2.4
    vertex -9.137922256033592 -15.855447135785866 2.4
  endloop
endfacet
facet normal -0.9896376814814808 0.143240648399773 -0.009968753080087071
  outer loop
    vertex -9.366168131173099 -16.89966125769974 0.6000000000000001
    vertex -9.298936522112715 -16.476920349017625 0
    vertex -9.38710643210103 -17.08607889634381 0
  endloop
endfacet
facet normal -0.9978649603901637 0.0635463853450528 0.015079049542826725
  outer loop
    vertex -9.366168131173099 -16.89966125769974 0.6000000000000001
    vertex -9.38710643210103 -17.08607889634381 0
    vertex -9.426203217406542 -17.700013298881856 0
  endloop
endfacet
facet normal -0.9971985029618413 0.07480070648505 0
  outer loop
    vertex -9.366168131173099 -16.89966125769974 0.6000000000000001
    vertex -9.426203217406542 -17.700013298881856 0
    vertex -9.366168131173099 -16.89966125769974 1.2000000000000002
  endloop
endfacet
facet normal -0.976934372269241 0.21353976744134565 0
  outer loop
    vertex -9.366168131173099 -16.89966125769974 0.6000000000000001
    vertex -9.366168131173099 -16.89966125769974 1.2000000000000002
    vertex -9.137922256033592 -15.855447135785866 1.2000000000000002
  endloop
endfacet
facet normal -0.976934372269241 0.21353976744134565 0
  outer loop
    vertex -9.366168131173099 -16.89966125769974 0.6000000000000001
    vertex -9.137922256033592 -15.855447135785866 1.2000000000000002
    vertex -9.137922256033592 -15.855447135785866 0.6000000000000001
  endloop
endfacet
facet normal -0.9761148835375593 0.21336064237608904 0.04095082931174724
  outer loop
    vertex -9.366168131173099 -16.89966125769974 0.6000000000000001
    vertex -9.137922256033592 -15.855447135785866 0.6000000000000001
    vertex -9.298936522112715 -16.476920349017625 0
  endloop
endfacet
facet normal -0.38268343236508334 0.9238795325112895 0
  outer loop
    vertex -7.252901277611082 16.370155181780113 0
    vertex -6.446872061437446 16.704023414788182 3
    vertex -6.446872061437446 16.704023414788182 0
  endloop
endfacet
facet normal -0.38268343236508334 0.9238795325112895 0
  outer loop
    vertex -7.252901277611082 16.370155181780113 0
    vertex -7.252901277611082 16.370155181780113 3
    vertex -6.446872061437446 16.704023414788182 3
  endloop
endfacet
facet normal -0.8651167715229038 0.5015705051433827 0
  outer loop
    vertex -9.001589087916388 -15.52608379172044 0
    vertex -8.980585335302196 -15.489856185700702 3
    vertex -8.980585335302196 -15.489856185700702 0
  endloop
endfacet
facet normal -0.8651167715229038 0.5015705051433827 0
  outer loop
    vertex -9.001589087916388 -15.52608379172044 0
    vertex -9.001589087916388 -15.52608379172044 3
    vertex -8.980585335302196 -15.489856185700702 3
  endloop
endfacet
facet normal 0.9142819423503182 0.4050784243725275 0
  outer loop
    vertex -7.269864330517143 16.408441627134906 0
    vertex -7.252901277611082 16.370155181780113 3
    vertex -7.252901277611082 16.370155181780113 0
  endloop
endfacet
facet normal 0.9142819423503182 0.4050784243725275 0
  outer loop
    vertex -7.269864330517143 16.408441627134906 0
    vertex -7.269864330517143 16.408441627134906 3
    vertex -7.252901277611082 16.370155181780113 3
  endloop
endfacet
facet normal -0.5224985647159542 -0.8526401643540888 0
  outer loop
    vertex -8.980585335302196 -15.489856185700702 0
    vertex -9.724462495871382 -15.034007675424604 3
    vertex -9.724462495871382 -15.034007675424604 0
  endloop
endfacet
facet normal -0.5224985647159542 -0.8526401643540888 0
  outer loop
    vertex -8.980585335302196 -15.489856185700702 0
    vertex -8.980585335302196 -15.489856185700702 3
    vertex -9.724462495871382 -15.034007675424604 3
  endloop
endfacet
facet normal 0.845587916105079 0.5337797894021957 0.007759675432468226
  outer loop
    vertex -7.456190247572639 16.712332393326097 2.4
    vertex -7.4981972546236095 16.770155512348882 3
    vertex -7.269864330517143 16.408441627134906 3
  endloop
endfacet
facet normal 0.76702596034111 0.64156458113978 -0.008128000352871
  outer loop
    vertex -7.456190247572639 16.712332393326097 2.4
    vertex -7.864330827616041 17.207888460353466 3
    vertex -7.4981972546236095 16.770155512348882 3
  endloop
endfacet
facet normal 0.6975785531284334 0.716438961934141 0.00996875308008845
  outer loop
    vertex -8.166817658663676 17.510760846306443 2.4
    vertex -8.305325471884533 17.6372738263527 3
    vertex -7.864330827616041 17.207888460353466 3
  endloop
endfacet
facet normal 0.6379404131719861 0.7699380829046193 -0.015079049542840443
  outer loop
    vertex -8.166817658663676 17.510760846306443 2.4
    vertex -8.779028323154563 18.029765377777085 3
    vertex -8.305325471884533 17.6372738263527 3
  endloop
endfacet
facet normal 0.7463583186995755 0.6642832902358936 -0.04095082931172766
  outer loop
    vertex -8.166817658663676 17.510760846306443 2.4
    vertex -7.864330827616041 17.207888460353466 3
    vertex -7.456190247572639 16.712332393326097 2.4
  endloop
endfacet
facet normal 0.852513391248617 0.5227053833105054 0
  outer loop
    vertex -7.456190247572639 16.712332393326097 1.2000000000000002
    vertex -7.269864330517143 16.408441627134906 3
    vertex -7.269864330517143 16.408441627134906 0
  endloop
endfacet
facet normal 0.8525133912486171 0.5227053833105054 0
  outer loop
    vertex -7.456190247572639 16.712332393326097 1.2000000000000002
    vertex -7.456190247572639 16.712332393326097 2.4
    vertex -7.269864330517143 16.408441627134906 3
  endloop
endfacet
facet normal 0.845587916105079 0.5337797894021957 -0.007759675432468226
  outer loop
    vertex -7.456190247572639 16.712332393326097 0.6000000000000001
    vertex -7.269864330517143 16.408441627134906 0
    vertex -7.4981972546236095 16.770155512348882 0
  endloop
endfacet
facet normal 0.76702596034111 0.64156458113978 0.008128000352871
  outer loop
    vertex -7.456190247572639 16.712332393326097 0.6000000000000001
    vertex -7.4981972546236095 16.770155512348882 0
    vertex -7.864330827616041 17.207888460353466 0
  endloop
endfacet
facet normal 0.852513391248617 0.5227053833105054 0
  outer loop
    vertex -7.456190247572639 16.712332393326097 0.6000000000000001
    vertex -7.456190247572639 16.712332393326097 1.2000000000000002
    vertex -7.269864330517143 16.408441627134906 0
  endloop
endfacet
facet normal 0.6466536163867563 0.7627837835284188 0
  outer loop
    vertex -8.166817658663676 17.510760846306443 1.2000000000000002
    vertex -8.779028323154563 18.029765377777085 0
    vertex -8.779028323154563 18.029765377777085 3
  endloop
endfacet
facet normal 0.6466536163867563 0.7627837835284189 0
  outer loop
    vertex -8.166817658663676 17.510760846306443 1.2000000000000002
    vertex -8.779028323154563 18.029765377777085 3
    vertex -8.166817658663676 17.510760846306443 2.4
  endloop
endfacet
facet normal 0.7469849173123886 0.6648409834748488 0
  outer loop
    vertex -8.166817658663676 17.510760846306443 1.2000000000000002
    vertex -7.456190247572639 16.712332393326097 2.4
    vertex -7.456190247572639 16.712332393326097 1.2000000000000002
  endloop
endfacet
facet normal 0.7469849173123886 0.6648409834748488 0
  outer loop
    vertex -8.166817658663676 17.510760846306443 1.2000000000000002
    vertex -8.166817658663676 17.510760846306443 2.4
    vertex -7.456190247572639 16.712332393326097 2.4
  endloop
endfacet
facet normal 0.6975785531284334 0.716438961934141 -0.00996875308008845
  outer loop
    vertex -8.166817658663676 17.510760846306443 0.6000000000000001
    vertex -7.864330827616041 17.207888460353466 0
    vertex -8.305325471884533 17.6372738263527 0
  endloop
endfacet
facet normal 0.6379404131719861 0.7699380829046193 0.015079049542840443
  outer loop
    vertex -8.166817658663676 17.510760846306443 0.6000000000000001
    vertex -8.305325471884533 17.6372738263527 0
    vertex -8.779028323154563 18.029765377777085 0
  endloop
endfacet
facet normal 0.6466536163867563 0.7627837835284188 0
  outer loop
    vertex -8.166817658663676 17.510760846306443 0.6000000000000001
    vertex -8.779028323154563 18.029765377777085 0
    vertex -8.166817658663676 17.510760846306443 1.2000000000000002
  endloop
endfacet
facet normal 0.7469849173123885 0.6648409834748488 0
  outer loop
    vertex -8.166817658663676 17.510760846306443 0.6000000000000001
    vertex -8.166817658663676 17.510760846306443 1.2000000000000002
    vertex -7.456190247572639 16.712332393326097 1.2000000000000002
  endloop
endfacet
facet normal 0.7469849173123885 0.6648409834748488 0
  outer loop
    vertex -8.166817658663676 17.510760846306443 0.6000000000000001
    vertex -7.456190247572639 16.712332393326097 1.2000000000000002
    vertex -7.456190247572639 16.712332393326097 0.6000000000000001
  endloop
endfacet
facet normal 0.7463583186995755 0.6642832902358936 0.04095082931172766
  outer loop
    vertex -8.166817658663676 17.510760846306443 0.6000000000000001
    vertex -7.456190247572639 16.712332393326097 0.6000000000000001
    vertex -7.864330827616041 17.207888460353466 0
  endloop
endfacet
facet normal 0.8396573878599121 -0.5431164433270909 0
  outer loop
    vertex -9.724462495871382 -15.034007675424604 0
    vertex -9.747206025044978 -15.06916914499756 3
    vertex -9.747206025044978 -15.06916914499756 0
  endloop
endfacet
facet normal 0.8396573878599121 -0.5431164433270909 0
  outer loop
    vertex -9.724462495871382 -15.034007675424604 0
    vertex -9.724462495871382 -15.034007675424604 3
    vertex -9.747206025044978 -15.06916914499756 3
  endloop
endfacet
facet normal -0.45399049973955624 0.891006524188363 0
  outer loop
    vertex -9.426203217406528 17.700013298881835 0
    vertex -8.779028323154563 18.029765377777085 3
    vertex -8.779028323154563 18.029765377777085 0
  endloop
endfacet
facet normal -0.45399049973955624 0.891006524188363 0
  outer loop
    vertex -9.426203217406528 17.700013298881835 0
    vertex -9.426203217406528 17.700013298881835 3
    vertex -8.779028323154563 18.029765377777085 3
  endloop
endfacet
facet normal 0.5162222229796879 -0.8564406229231476 -0.004906720790951148
  outer loop
    vertex -10.805557086667973 -16.017602571332567 2.4
    vertex -10.854946478513474 -16.05080970019061 3
    vertex -11.491420618207693 -16.4344464479906 3
  endloop
endfacet
facet normal 0.6017679824226215 -0.7986531483073389 0.005333294458708888
  outer loop
    vertex -10.805557086667973 -16.017602571332567 2.4
    vertex -10.261504667125 -15.60366404968972 3
    vertex -10.854946478513474 -16.05080970019061 3
  endloop
endfacet
facet normal 0.6851416196246298 -0.7284038510042783 0.002964945240025556
  outer loop
    vertex -9.978776950311167 -15.340170716421413 2.4
    vertex -9.950877751596304 -15.31148625887916 3
    vertex -10.261504667125 -15.60366404968972 3
  endloop
endfacet
facet normal 0.7655008553651367 -0.643416712881922 -0.004834668495986518
  outer loop
    vertex -9.978776950311167 -15.340170716421413 2.4
    vertex -9.747206025044978 -15.06916914499756 3
    vertex -9.950877751596304 -15.31148625887916 3
  endloop
endfacet
facet normal 0.6332510871747647 -0.772859168648208 -0.04100934074548241
  outer loop
    vertex -9.978776950311167 -15.340170716421413 2.4
    vertex -10.261504667125 -15.60366404968972 3
    vertex -10.805557086667973 -16.017602571332567 2.4
  endloop
endfacet
facet normal 0.519366564191239 -0.8545515619318635 0
  outer loop
    vertex -10.805557086667973 -16.017602571332567 1.2000000000000002
    vertex -11.491420618207693 -16.4344464479906 3
    vertex -11.491420618207693 -16.4344464479906 0
  endloop
endfacet
facet normal 0.519366564191239 -0.8545515619318635 0
  outer loop
    vertex -10.805557086667973 -16.017602571332567 1.2000000000000002
    vertex -10.805557086667973 -16.017602571332567 2.4
    vertex -11.491420618207693 -16.4344464479906 3
  endloop
endfacet
facet normal 0.5162222229796879 -0.8564406229231476 0.004906720790951148
  outer loop
    vertex -10.805557086667973 -16.017602571332567 0.6000000000000001
    vertex -11.491420618207693 -16.4344464479906 0
    vertex -10.854946478513474 -16.05080970019061 0
  endloop
endfacet
facet normal 0.6017679824226215 -0.7986531483073389 -0.005333294458708888
  outer loop
    vertex -10.805557086667973 -16.017602571332567 0.6000000000000001
    vertex -10.854946478513474 -16.05080970019061 0
    vertex -10.261504667125 -15.60366404968972 0
  endloop
endfacet
facet normal 0.519366564191239 -0.8545515619318635 0
  outer loop
    vertex -10.805557086667973 -16.017602571332567 0.6000000000000001
    vertex -10.805557086667973 -16.017602571332567 1.2000000000000002
    vertex -11.491420618207693 -16.4344464479906 0
  endloop
endfacet
facet normal 0.7602483997256598 -0.6496324889617001 0
  outer loop
    vertex -9.978776950311167 -15.340170716421413 1.2000000000000002
    vertex -9.747206025044978 -15.06916914499756 0
    vertex -9.747206025044978 -15.06916914499756 3
  endloop
endfacet
facet normal 0.7602483997256597 -0.6496324889617 0
  outer loop
    vertex -9.978776950311167 -15.340170716421413 1.2000000000000002
    vertex -9.747206025044978 -15.06916914499756 3
    vertex -9.978776950311167 -15.340170716421413 2.4
  endloop
endfacet
facet normal 0.6337842498431617 -0.773509873660796 0
  outer loop
    vertex -9.978776950311167 -15.340170716421413 1.2000000000000002
    vertex -10.805557086667973 -16.017602571332567 2.4
    vertex -10.805557086667973 -16.017602571332567 1.2000000000000002
  endloop
endfacet
facet normal 0.6337842498431617 -0.773509873660796 0
  outer loop
    vertex -9.978776950311167 -15.340170716421413 1.2000000000000002
    vertex -9.978776950311167 -15.340170716421413 2.4
    vertex -10.805557086667973 -16.017602571332567 2.4
  endloop
endfacet
facet normal 0.6851416196246298 -0.7284038510042783 -0.002964945240025556
  outer loop
    vertex -9.978776950311167 -15.340170716421413 0.6000000000000001
    vertex -10.261504667125 -15.60366404968972 0
    vertex -9.950877751596304 -15.31148625887916 0
  endloop
endfacet
facet normal 0.7655008553651367 -0.643416712881922 0.004834668495986518
  outer loop
    vertex -9.978776950311167 -15.340170716421413 0.6000000000000001
    vertex -9.950877751596304 -15.31148625887916 0
    vertex -9.747206025044978 -15.06916914499756 0
  endloop
endfacet
facet normal 0.6337842498431617 -0.7735098736607962 0
  outer loop
    vertex -9.978776950311167 -15.340170716421413 0.6000000000000001
    vertex -9.978776950311167 -15.340170716421413 1.2000000000000002
    vertex -10.805557086667973 -16.017602571332567 1.2000000000000002
  endloop
endfacet
facet normal 0.7602483997256597 -0.6496324889617 0
  outer loop
    vertex -9.978776950311167 -15.340170716421413 0.6000000000000001
    vertex -9.747206025044978 -15.06916914499756 0
    vertex -9.978776950311167 -15.340170716421413 1.2000000000000002
  endloop
endfacet
facet normal 0.6332510871747647 -0.772859168648208 0.04100934074548241
  outer loop
    vertex -9.978776950311167 -15.340170716421413 0.6000000000000001
    vertex -10.805557086667973 -16.017602571332567 0.6000000000000001
    vertex -10.261504667125 -15.60366404968972 0
  endloop
endfacet
facet normal 0.6337842498431617 -0.7735098736607962 0
  outer loop
    vertex -9.978776950311167 -15.340170716421413 0.6000000000000001
    vertex -10.805557086667973 -16.017602571332567 1.2000000000000002
    vertex -10.805557086667973 -16.017602571332567 0.6000000000000001
  endloop
endfacet
facet normal -0.9974541675916825 -0.07114146220779657 -0.004906720790952862
  outer loop
    vertex -9.366168131173097 16.899661257699734 2.4
    vertex -9.373333584949405 16.95874324908494 3
    vertex -9.426203217406528 17.700013298881835 3
  endloop
endfacet
facet normal -0.9848021127727223 -0.17359825646762325 0.005333294458706239
  outer loop
    vertex -9.366168131173097 16.899661257699734 2.4
    vertex -9.24434083760925 16.226982846084383 3
    vertex -9.373333584949405 16.95874324908494 3
  endloop
endfacet
facet normal -0.960060369774534 -0.2797772247487438 0.0029649452399277795
  outer loop
    vertex -9.137922256033583 15.855447135785862 2.4
    vertex -9.12503018838795 15.817566296498152 3
    vertex -9.24434083760925 16.226982846084383 3
  endloop
endfacet
facet normal -0.9208186048280084 -0.3899611813798082 -0.004834668495822418
  outer loop
    vertex -9.137922256033583 15.855447135785862 2.4
    vertex -9.00158908791638 15.526083791720431 3
    vertex -9.12503018838795 15.817566296498152 3
  endloop
endfacet
facet normal -0.9761125390714336 -0.21336012991920525 -0.041009340745481036
  outer loop
    vertex -9.137922256033583 15.855447135785862 2.4
    vertex -9.24434083760925 16.226982846084383 3
    vertex -9.366168131173097 16.899661257699734 2.4
  endloop
endfacet
facet normal -0.9971985029618424 -0.07480070648503591 0
  outer loop
    vertex -9.366168131173097 16.899661257699734 1.2000000000000002
    vertex -9.426203217406528 17.700013298881835 3
    vertex -9.426203217406528 17.700013298881835 0
  endloop
endfacet
facet normal -0.9971985029618424 -0.07480070648503591 0
  outer loop
    vertex -9.366168131173097 16.899661257699734 1.2000000000000002
    vertex -9.366168131173097 16.899661257699734 2.4
    vertex -9.426203217406528 17.700013298881835 3
  endloop
endfacet
facet normal -0.9974541675916825 -0.07114146220779657 0.004906720790952862
  outer loop
    vertex -9.366168131173097 16.899661257699734 0.6000000000000001
    vertex -9.426203217406528 17.700013298881835 0
    vertex -9.373333584949405 16.95874324908494 0
  endloop
endfacet
facet normal -0.9848021127727223 -0.17359825646762325 -0.005333294458706239
  outer loop
    vertex -9.366168131173097 16.899661257699734 0.6000000000000001
    vertex -9.373333584949405 16.95874324908494 0
    vertex -9.24434083760925 16.226982846084383 0
  endloop
endfacet
facet normal -0.9971985029618423 -0.07480070648503591 0
  outer loop
    vertex -9.366168131173097 16.899661257699734 0.6000000000000001
    vertex -9.366168131173097 16.899661257699734 1.2000000000000002
    vertex -9.426203217406528 17.700013298881835 0
  endloop
endfacet
facet normal -0.9239723369072501 -0.3824593058485507 0
  outer loop
    vertex -9.137922256033583 15.855447135785862 1.2000000000000002
    vertex -9.00158908791638 15.526083791720431 0
    vertex -9.00158908791638 15.526083791720431 3
  endloop
endfacet
facet normal -0.92397233690725 -0.3824593058485507 0
  outer loop
    vertex -9.137922256033583 15.855447135785862 1.2000000000000002
    vertex -9.00158908791638 15.526083791720431 3
    vertex -9.137922256033583 15.855447135785862 2.4
  endloop
endfacet
facet normal -0.9769343722692395 -0.2135397674413526 0
  outer loop
    vertex -9.137922256033583 15.855447135785862 1.2000000000000002
    vertex -9.366168131173097 16.899661257699734 2.4
    vertex -9.366168131173097 16.899661257699734 1.2000000000000002
  endloop
endfacet
facet normal -0.9769343722692395 -0.2135397674413526 0
  outer loop
    vertex -9.137922256033583 15.855447135785862 1.2000000000000002
    vertex -9.137922256033583 15.855447135785862 2.4
    vertex -9.366168131173097 16.899661257699734 2.4
  endloop
endfacet
facet normal -0.960060369774534 -0.2797772247487438 -0.0029649452399277795
  outer loop
    vertex -9.137922256033583 15.855447135785862 0.6000000000000001
    vertex -9.24434083760925 16.226982846084383 0
    vertex -9.12503018838795 15.817566296498152 0
  endloop
endfacet
facet normal -0.9208186048280084 -0.3899611813798082 0.004834668495822418
  outer loop
    vertex -9.137922256033583 15.855447135785862 0.6000000000000001
    vertex -9.12503018838795 15.817566296498152 0
    vertex -9.00158908791638 15.526083791720431 0
  endloop
endfacet
facet normal -0.9769343722692395 -0.21353976744135264 0
  outer loop
    vertex -9.137922256033583 15.855447135785862 0.6000000000000001
    vertex -9.137922256033583 15.855447135785862 1.2000000000000002
    vertex -9.366168131173097 16.899661257699734 1.2000000000000002
  endloop
endfacet
facet normal -0.92397233690725 -0.3824593058485507 0
  outer loop
    vertex -9.137922256033583 15.855447135785862 0.6000000000000001
    vertex -9.00158908791638 15.526083791720431 0
    vertex -9.137922256033583 15.855447135785862 1.2000000000000002
  endloop
endfacet
facet normal -0.9761125390714336 -0.21336012991920525 0.041009340745481036
  outer loop
    vertex -9.137922256033583 15.855447135785862 0.6000000000000001
    vertex -9.366168131173097 16.899661257699734 0.6000000000000001
    vertex -9.24434083760925 16.226982846084383 0
  endloop
endfacet
facet normal -0.9769343722692395 -0.21353976744135264 0
  outer loop
    vertex -9.137922256033583 15.855447135785862 0.6000000000000001
    vertex -9.366168131173097 16.899661257699734 1.2000000000000002
    vertex -9.366168131173097 16.899661257699734 0.6000000000000001
  endloop
endfacet
facet normal -0.5877852522924659 -0.8090169943749526 0
  outer loop
    vertex -11.491420618207693 -16.4344464479906 0
    vertex -12.07904312552837 -16.007513706008993 3
    vertex -12.07904312552837 -16.007513706008993 0
  endloop
endfacet
facet normal -0.5877852522924659 -0.8090169943749526 0
  outer loop
    vertex -11.491420618207693 -16.4344464479906 0
    vertex -11.491420618207693 -16.4344464479906 3
    vertex -12.07904312552837 -16.007513706008993 3
  endloop
endfacet
facet normal -0.8651167715229066 -0.5015705051433776 0
  outer loop
    vertex -8.980585335302186 15.48985618570069 0
    vertex -9.00158908791638 15.526083791720431 3
    vertex -9.00158908791638 15.526083791720431 0
  endloop
endfacet
facet normal -0.8651167715229066 -0.5015705051433776 0
  outer loop
    vertex -8.980585335302186 15.48985618570069 0
    vertex -8.980585335302186 15.48985618570069 3
    vertex -9.00158908791638 15.526083791720431 3
  endloop
endfacet
facet normal -0.8594901554434686 0.5110933966829799 0.0077596754324174904
  outer loop
    vertex -11.505757660209518 -14.230754291236435 2.4
    vertex -11.538207654383895 -14.294433955281699 3
    vertex -11.319579201091022 -13.926773162705246 3
  endloop
endfacet
facet normal -0.9198607265321239 0.39216091007908754 -0.00812800035280639
  outer loop
    vertex -11.505757660209518 -14.230754291236435 2.4
    vertex -11.762009403133757 -14.819387957358781 3
    vertex -11.538207654383895 -14.294433955281699 3
  endloop
endfacet
facet normal -0.9550458252083924 0.29629055961007056 0.009968753080087267
  outer loop
    vertex -11.894544527422799 -15.226406883160472 2.4
    vertex -11.944387186696412 -15.407253939425507 3
    vertex -11.762009403133757 -14.819387957358781 3
  endloop
endfacet
facet normal -0.975638742069096 0.21886449515332107 -0.01507904954279259
  outer loop
    vertex -11.894544527422799 -15.226406883160472 2.4
    vertex -12.07904312552837 -16.007513706008993 3
    vertex -11.944387186696412 -15.407253939425507 3
  endloop
endfacet
facet normal -0.930720331600682 0.3634318284407601 -0.040950829311779305
  outer loop
    vertex -11.894544527422799 -15.226406883160472 2.4
    vertex -11.762009403133757 -14.819387957358781 3
    vertex -11.505757660209518 -14.230754291236435 2.4
  endloop
endfacet
facet normal -0.8527668872856526 0.5222917153747885 0
  outer loop
    vertex -11.505757660209518 -14.230754291236435 1.2000000000000002
    vertex -11.319579201091022 -13.926773162705246 3
    vertex -11.319579201091022 -13.926773162705246 0
  endloop
endfacet
facet normal -0.8527668872856528 0.5222917153747885 0
  outer loop
    vertex -11.505757660209518 -14.230754291236435 1.2000000000000002
    vertex -11.505757660209518 -14.230754291236435 2.4
    vertex -11.319579201091022 -13.926773162705246 3
  endloop
endfacet
facet normal -0.8594901554434686 0.5110933966829799 -0.0077596754324174904
  outer loop
    vertex -11.505757660209518 -14.230754291236435 0.6000000000000001
    vertex -11.319579201091022 -13.926773162705246 0
    vertex -11.538207654383895 -14.294433955281699 0
  endloop
endfacet
facet normal -0.9198607265321239 0.39216091007908754 0.00812800035280639
  outer loop
    vertex -11.505757660209518 -14.230754291236435 0.6000000000000001
    vertex -11.538207654383895 -14.294433955281699 0
    vertex -11.762009403133757 -14.819387957358781 0
  endloop
endfacet
facet normal -0.8527668872856528 0.5222917153747885 0
  outer loop
    vertex -11.505757660209518 -14.230754291236435 0.6000000000000001
    vertex -11.505757660209518 -14.230754291236435 1.2000000000000002
    vertex -11.319579201091022 -13.926773162705246 0
  endloop
endfacet
facet normal -0.9732199261307176 0.22987600001331301 0
  outer loop
    vertex -11.894544527422799 -15.226406883160472 1.2000000000000002
    vertex -12.07904312552837 -16.007513706008993 0
    vertex -12.07904312552837 -16.007513706008993 3
  endloop
endfacet
facet normal -0.9732199261307175 0.22987600001331296 0
  outer loop
    vertex -11.894544527422799 -15.226406883160472 1.2000000000000002
    vertex -12.07904312552837 -16.007513706008993 3
    vertex -11.894544527422799 -15.226406883160472 2.4
  endloop
endfacet
facet normal -0.9315017097324557 0.36373694446057003 0
  outer loop
    vertex -11.894544527422799 -15.226406883160472 1.2000000000000002
    vertex -11.505757660209518 -14.230754291236435 2.4
    vertex -11.505757660209518 -14.230754291236435 1.2000000000000002
  endloop
endfacet
facet normal -0.9315017097324557 0.36373694446057003 0
  outer loop
    vertex -11.894544527422799 -15.226406883160472 1.2000000000000002
    vertex -11.894544527422799 -15.226406883160472 2.4
    vertex -11.505757660209518 -14.230754291236435 2.4
  endloop
endfacet
facet normal -0.9550458252083924 0.29629055961007056 -0.009968753080087267
  outer loop
    vertex -11.894544527422799 -15.226406883160472 0.6000000000000001
    vertex -11.762009403133757 -14.819387957358781 0
    vertex -11.944387186696412 -15.407253939425507 0
  endloop
endfacet
facet normal -0.975638742069096 0.21886449515332107 0.01507904954279259
  outer loop
    vertex -11.894544527422799 -15.226406883160472 0.6000000000000001
    vertex -11.944387186696412 -15.407253939425507 0
    vertex -12.07904312552837 -16.007513706008993 0
  endloop
endfacet
facet normal -0.9732199261307176 0.229876000013313 0
  outer loop
    vertex -11.894544527422799 -15.226406883160472 0.6000000000000001
    vertex -12.07904312552837 -16.007513706008993 0
    vertex -11.894544527422799 -15.226406883160472 1.2000000000000002
  endloop
endfacet
facet normal -0.9315017097324558 0.36373694446057003 0
  outer loop
    vertex -11.894544527422799 -15.226406883160472 0.6000000000000001
    vertex -11.894544527422799 -15.226406883160472 1.2000000000000002
    vertex -11.505757660209518 -14.230754291236435 1.2000000000000002
  endloop
endfacet
facet normal -0.9315017097324558 0.36373694446057003 0
  outer loop
    vertex -11.894544527422799 -15.226406883160472 0.6000000000000001
    vertex -11.505757660209518 -14.230754291236435 1.2000000000000002
    vertex -11.505757660209518 -14.230754291236435 0.6000000000000001
  endloop
endfacet
facet normal -0.930720331600682 0.3634318284407601 0.040950829311779305
  outer loop
    vertex -11.894544527422799 -15.226406883160472 0.6000000000000001
    vertex -11.505757660209518 -14.230754291236435 0.6000000000000001
    vertex -11.762009403133757 -14.819387957358781 0
  endloop
endfacet
facet normal -0.5224985647159447 0.8526401643540947 0
  outer loop
    vertex -9.724462495871379 15.034007675424599 0
    vertex -8.980585335302186 15.48985618570069 3
    vertex -8.980585335302186 15.48985618570069 0
  endloop
endfacet
facet normal -0.5224985647159447 0.8526401643540947 0
  outer loop
    vertex -9.724462495871379 15.034007675424599 0
    vertex -9.724462495871379 15.034007675424599 3
    vertex -8.980585335302186 15.48985618570069 3
  endloop
endfacet
facet normal -0.776002834834433 0.6307294192670292 0
  outer loop
    vertex -11.319579201091022 -13.926773162705246 0
    vertex -11.293166793357855 -13.894277289435914 3
    vertex -11.293166793357855 -13.894277289435914 0
  endloop
endfacet
facet normal -0.776002834834433 0.6307294192670292 0
  outer loop
    vertex -11.319579201091022 -13.926773162705246 0
    vertex -11.319579201091022 -13.926773162705246 3
    vertex -11.293166793357855 -13.894277289435914 3
  endloop
endfacet
facet normal 0.8396573878600156 0.5431164433269308 0
  outer loop
    vertex -9.747206025044964 15.069169144997552 0
    vertex -9.724462495871379 15.034007675424599 3
    vertex -9.724462495871379 15.034007675424599 0
  endloop
endfacet
facet normal 0.8396573878600156 0.5431164433269308 0
  outer loop
    vertex -9.747206025044964 15.069169144997552 0
    vertex -9.747206025044964 15.069169144997552 3
    vertex -9.724462495871379 15.034007675424599 3
  endloop
endfacet
facet normal -0.6494480483301888 -0.7604059656000265 0
  outer loop
    vertex -11.293166793357855 -13.894277289435914 0
    vertex -11.956575173842628 -13.327673005089263 3
    vertex -11.956575173842628 -13.327673005089263 0
  endloop
endfacet
facet normal -0.6494480483301888 -0.7604059656000265 0
  outer loop
    vertex -11.293166793357855 -13.894277289435914 0
    vertex -11.293166793357855 -13.894277289435914 3
    vertex -11.956575173842628 -13.327673005089263 3
  endloop
endfacet
facet normal 0.7516757698807626 0.659487167738195 0.007759675432416351
  outer loop
    vertex -9.978776950311156 15.340170716421403 2.4
    vertex -10.029312310089633 15.39071059322075 3
    vertex -9.747206025044964 15.069169144997552 3
  endloop
endfacet
facet normal 0.6572197859234628 0.7536551523083902 -0.00812800035280474
  outer loop
    vertex -9.978776950311156 15.340170716421403 2.4
    vertex -10.459414690785724 15.765778412634514 3
    vertex -10.029312310089633 15.39071059322075 3
  endloop
endfacet
facet normal 0.5769144578301414 0.8167437372325433 0.009968753080087798
  outer loop
    vertex -10.805557086667967 16.01760257133256 2.4
    vertex -10.962150629221233 16.120890570992785 3
    vertex -10.459414690785724 15.765778412634514 3
  endloop
endfacet
facet normal 0.5096414559711612 0.860254734727151 -0.01507904954279417
  outer loop
    vertex -10.805557086667967 16.01760257133256 2.4
    vertex -11.49142061820768 16.4344464479906 3
    vertex -10.962150629221233 16.120890570992785 3
  endloop
endfacet
facet normal 0.6332526081425441 0.77286102493226 -0.04095082931177254
  outer loop
    vertex -10.805557086667967 16.01760257133256 2.4
    vertex -10.459414690785724 15.765778412634514 3
    vertex -9.978776950311156 15.340170716421403 2.4
  endloop
endfacet
facet normal 0.7602483997256506 0.6496324889617107 0
  outer loop
    vertex -9.978776950311156 15.340170716421403 1.2000000000000002
    vertex -9.747206025044964 15.069169144997552 3
    vertex -9.747206025044964 15.069169144997552 0
  endloop
endfacet
facet normal 0.7602483997256506 0.6496324889617108 0
  outer loop
    vertex -9.978776950311156 15.340170716421403 1.2000000000000002
    vertex -9.978776950311156 15.340170716421403 2.4
    vertex -9.747206025044964 15.069169144997552 3
  endloop
endfacet
facet normal 0.7516757698807626 0.659487167738195 -0.007759675432416351
  outer loop
    vertex -9.978776950311156 15.340170716421403 0.6000000000000001
    vertex -9.747206025044964 15.069169144997552 0
    vertex -10.029312310089633 15.39071059322075 0
  endloop
endfacet
facet normal 0.6572197859234628 0.7536551523083902 0.00812800035280474
  outer loop
    vertex -9.978776950311156 15.340170716421403 0.6000000000000001
    vertex -10.029312310089633 15.39071059322075 0
    vertex -10.459414690785724 15.765778412634514 0
  endloop
endfacet
facet normal 0.7602483997256506 0.6496324889617108 0
  outer loop
    vertex -9.978776950311156 15.340170716421403 0.6000000000000001
    vertex -9.978776950311156 15.340170716421403 1.2000000000000002
    vertex -9.747206025044964 15.069169144997552 0
  endloop
endfacet
facet normal 0.5193665641912494 0.8545515619318571 0
  outer loop
    vertex -10.805557086667967 16.01760257133256 1.2000000000000002
    vertex -11.49142061820768 16.4344464479906 0
    vertex -11.49142061820768 16.4344464479906 3
  endloop
endfacet
facet normal 0.5193665641912494 0.8545515619318572 0
  outer loop
    vertex -10.805557086667967 16.01760257133256 1.2000000000000002
    vertex -11.49142061820768 16.4344464479906 3
    vertex -10.805557086667967 16.01760257133256 2.4
  endloop
endfacet
facet normal 0.6337842498431613 0.7735098736607966 0
  outer loop
    vertex -10.805557086667967 16.01760257133256 1.2000000000000002
    vertex -9.978776950311156 15.340170716421403 2.4
    vertex -9.978776950311156 15.340170716421403 1.2000000000000002
  endloop
endfacet
facet normal 0.6337842498431613 0.7735098736607966 0
  outer loop
    vertex -10.805557086667967 16.01760257133256 1.2000000000000002
    vertex -10.805557086667967 16.01760257133256 2.4
    vertex -9.978776950311156 15.340170716421403 2.4
  endloop
endfacet
facet normal 0.5769144578301414 0.8167437372325433 -0.009968753080087798
  outer loop
    vertex -10.805557086667967 16.01760257133256 0.6000000000000001
    vertex -10.459414690785724 15.765778412634514 0
    vertex -10.962150629221233 16.120890570992785 0
  endloop
endfacet
facet normal 0.5096414559711612 0.860254734727151 0.01507904954279417
  outer loop
    vertex -10.805557086667967 16.01760257133256 0.6000000000000001
    vertex -10.962150629221233 16.120890570992785 0
    vertex -11.49142061820768 16.4344464479906 0
  endloop
endfacet
facet normal 0.5193665641912494 0.8545515619318572 0
  outer loop
    vertex -10.805557086667967 16.01760257133256 0.6000000000000001
    vertex -11.49142061820768 16.4344464479906 0
    vertex -10.805557086667967 16.01760257133256 1.2000000000000002
  endloop
endfacet
facet normal 0.6337842498431613 0.7735098736607965 0
  outer loop
    vertex -10.805557086667967 16.01760257133256 0.6000000000000001
    vertex -10.805557086667967 16.01760257133256 1.2000000000000002
    vertex -9.978776950311156 15.340170716421403 1.2000000000000002
  endloop
endfacet
facet normal 0.6337842498431613 0.7735098736607965 0
  outer loop
    vertex -10.805557086667967 16.01760257133256 0.6000000000000001
    vertex -9.978776950311156 15.340170716421403 1.2000000000000002
    vertex -9.978776950311156 15.340170716421403 0.6000000000000001
  endloop
endfacet
facet normal 0.6332526081425441 0.77286102493226 0.04095082931177254
  outer loop
    vertex -10.805557086667967 16.01760257133256 0.6000000000000001
    vertex -9.978776950311156 15.340170716421403 0.6000000000000001
    vertex -10.459414690785724 15.765778412634514 0
  endloop
endfacet
facet normal 0.7443576818173782 -0.6677811329466106 0
  outer loop
    vertex -11.956575173842628 -13.327673005089263 0
    vertex -11.984539158114048 -13.358843706805263 3
    vertex -11.984539158114048 -13.358843706805263 0
  endloop
endfacet
facet normal 0.7443576818173782 -0.6677811329466106 0
  outer loop
    vertex -11.956575173842628 -13.327673005089263 0
    vertex -11.956575173842628 -13.327673005089263 3
    vertex -11.984539158114048 -13.358843706805263 3
  endloop
endfacet
facet normal -0.5877852522924811 0.8090169943749418 0
  outer loop
    vertex -12.079043125528354 16.00751370600898 0
    vertex -11.49142061820768 16.4344464479906 3
    vertex -11.49142061820768 16.4344464479906 0
  endloop
endfacet
facet normal -0.5877852522924811 0.8090169943749418 0
  outer loop
    vertex -12.079043125528354 16.00751370600898 0
    vertex -12.079043125528354 16.00751370600898 3
    vertex -11.49142061820768 16.4344464479906 3
  endloop
endfacet
facet normal 0.37588984010743587 -0.9266513649669362 -0.004906720790955737
  outer loop
    vertex -13.178227837610557 -14.130037761677292 2.4
    vertex -13.232203903523875 -14.15510985258301 3
    vertex -13.92085599980204 -14.43445690385389 3
  endloop
endfacet
facet normal 0.4694223419741251 -0.8829576551713815 0.0053332944587045515
  outer loop
    vertex -13.178227837610557 -14.130037761677292 2.4
    vertex -12.576119354962644 -13.806304059332517 3
    vertex -13.232203903523875 -14.15510985258301 3
  endloop
endfacet
facet normal 0.5627589225945888 -0.8266157536243194 0.0029649452400006887
  outer loop
    vertex -12.25565304687104 -13.590283125370675 2.4
    vertex -12.22361009581809 -13.566316217326102 3
    vertex -12.576119354962644 -13.806304059332517 3
  endloop
endfacet
facet normal 0.6554237202820736 -0.7552459022544515 -0.004834668495945851
  outer loop
    vertex -12.25565304687104 -13.590283125370675 2.4
    vertex -11.984539158114048 -13.358843706805263 3
    vertex -12.22361009581809 -13.566316217326102 3
  endloop
endfacet
facet normal 0.5045529048727879 -0.8624062848542164 -0.04100934074548755
  outer loop
    vertex -12.25565304687104 -13.590283125370675 2.4
    vertex -12.576119354962644 -13.806304059332517 3
    vertex -13.178227837610557 -14.130037761677292 2.4
  endloop
endfacet
facet normal 0.37929098350654084 -0.9252774447865035 0
  outer loop
    vertex -13.178227837610557 -14.130037761677292 1.2000000000000002
    vertex -13.92085599980204 -14.43445690385389 3
    vertex -13.92085599980204 -14.43445690385389 0
  endloop
endfacet
facet normal 0.37929098350654084 -0.9252774447865035 0
  outer loop
    vertex -13.178227837610557 -14.130037761677292 1.2000000000000002
    vertex -13.178227837610557 -14.130037761677292 2.4
    vertex -13.92085599980204 -14.43445690385389 3
  endloop
endfacet
facet normal 0.37588984010743587 -0.9266513649669362 0.004906720790955737
  outer loop
    vertex -13.178227837610557 -14.130037761677292 0.6000000000000001
    vertex -13.92085599980204 -14.43445690385389 0
    vertex -13.232203903523875 -14.15510985258301 0
  endloop
endfacet
facet normal 0.4694223419741251 -0.8829576551713815 -0.0053332944587045515
  outer loop
    vertex -13.178227837610557 -14.130037761677292 0.6000000000000001
    vertex -13.232203903523875 -14.15510985258301 0
    vertex -12.576119354962644 -13.806304059332517 0
  endloop
endfacet
facet normal 0.37929098350654084 -0.9252774447865034 0
  outer loop
    vertex -13.178227837610557 -14.130037761677292 0.6000000000000001
    vertex -13.178227837610557 -14.130037761677292 1.2000000000000002
    vertex -13.92085599980204 -14.43445690385389 0
  endloop
endfacet
facet normal 0.6492635694816706 -0.7605634867280443 0
  outer loop
    vertex -12.25565304687104 -13.590283125370675 1.2000000000000002
    vertex -11.984539158114048 -13.358843706805263 0
    vertex -11.984539158114048 -13.358843706805263 3
  endloop
endfacet
facet normal 0.6492635694816706 -0.7605634867280443 0
  outer loop
    vertex -12.25565304687104 -13.590283125370675 1.2000000000000002
    vertex -11.984539158114048 -13.358843706805263 3
    vertex -12.25565304687104 -13.590283125370675 2.4
  endloop
endfacet
facet normal 0.5049777107334609 -0.8631323836251267 0
  outer loop
    vertex -12.25565304687104 -13.590283125370675 1.2000000000000002
    vertex -13.178227837610557 -14.130037761677292 2.4
    vertex -13.178227837610557 -14.130037761677292 1.2000000000000002
  endloop
endfacet
facet normal 0.5049777107334609 -0.8631323836251267 0
  outer loop
    vertex -12.25565304687104 -13.590283125370675 1.2000000000000002
    vertex -12.25565304687104 -13.590283125370675 2.4
    vertex -13.178227837610557 -14.130037761677292 2.4
  endloop
endfacet
facet normal 0.5627589225945888 -0.8266157536243194 -0.0029649452400006887
  outer loop
    vertex -12.25565304687104 -13.590283125370675 0.6000000000000001
    vertex -12.576119354962644 -13.806304059332517 0
    vertex -12.22361009581809 -13.566316217326102 0
  endloop
endfacet
facet normal 0.6554237202820736 -0.7552459022544515 0.004834668495945851
  outer loop
    vertex -12.25565304687104 -13.590283125370675 0.6000000000000001
    vertex -12.22361009581809 -13.566316217326102 0
    vertex -11.984539158114048 -13.358843706805263 0
  endloop
endfacet
facet normal 0.504977710733461 -0.8631323836251268 0
  outer loop
    vertex -12.25565304687104 -13.590283125370675 0.6000000000000001
    vertex -12.25565304687104 -13.590283125370675 1.2000000000000002
    vertex -13.178227837610557 -14.130037761677292 1.2000000000000002
  endloop
endfacet
facet normal 0.6492635694816706 -0.7605634867280443 0
  outer loop
    vertex -12.25565304687104 -13.590283125370675 0.6000000000000001
    vertex -11.984539158114048 -13.358843706805263 0
    vertex -12.25565304687104 -13.590283125370675 1.2000000000000002
  endloop
endfacet
facet normal 0.5045529048727879 -0.8624062848542164 0.04100934074548755
  outer loop
    vertex -12.25565304687104 -13.590283125370675 0.6000000000000001
    vertex -13.178227837610557 -14.130037761677292 0.6000000000000001
    vertex -12.576119354962644 -13.806304059332517 0
  endloop
endfacet
facet normal 0.504977710733461 -0.8631323836251268 0
  outer loop
    vertex -12.25565304687104 -13.590283125370675 0.6000000000000001
    vertex -13.178227837610557 -14.130037761677292 1.2000000000000002
    vertex -13.178227837610557 -14.130037761677292 0.6000000000000001
  endloop
endfacet
facet normal -0.9740448750256772 -0.22630180186488244 -0.004906720790952812
  outer loop
    vertex -11.894544527422793 15.226406883160465 2.4
    vertex -11.910864222288582 15.28364055326251 3
    vertex -12.079043125528354 16.00751370600898 3
  endloop
endfacet
facet normal -0.945520814196646 -0.3255179655428076 0.0053332944587069775
  outer loop
    vertex -11.894544527422793 15.226406883160465 2.4
    vertex -11.66898704253836 14.581068246533887 3
    vertex -11.910864222288582 15.28364055326251 3
  endloop
endfacet
facet normal -0.9044736330097001 -0.42651923320051865 0.00296494524000969
  outer loop
    vertex -11.505757660209511 14.230754291236437 2.4
    vertex -11.487098446479989 14.195356591644442 3
    vertex -11.66898704253836 14.581068246533887 3
  endloop
endfacet
facet normal -0.8484784309959719 -0.5292078779791056 -0.00483466849596268
  outer loop
    vertex -11.505757660209511 14.230754291236437 2.4
    vertex -11.319579201091013 13.92677316270524 3
    vertex -11.487098446479989 14.195356591644442 3
  endloop
endfacet
facet normal -0.9307180961647455 -0.3634309555377649 -0.04100934074547918
  outer loop
    vertex -11.505757660209511 14.230754291236437 2.4
    vertex -11.66898704253836 14.581068246533887 3
    vertex -11.894544527422793 15.226406883160465 2.4
  endloop
endfacet
facet normal -0.9732199261307201 -0.22987600001330238 0
  outer loop
    vertex -11.894544527422793 15.226406883160465 1.2000000000000002
    vertex -12.079043125528354 16.00751370600898 3
    vertex -12.079043125528354 16.00751370600898 0
  endloop
endfacet
facet normal -0.9732199261307201 -0.2298760000133024 0
  outer loop
    vertex -11.894544527422793 15.226406883160465 1.2000000000000002
    vertex -11.894544527422793 15.226406883160465 2.4
    vertex -12.079043125528354 16.00751370600898 3
  endloop
endfacet
facet normal -0.9740448750256772 -0.22630180186488244 0.004906720790952812
  outer loop
    vertex -11.894544527422793 15.226406883160465 0.6000000000000001
    vertex -12.079043125528354 16.00751370600898 0
    vertex -11.910864222288582 15.28364055326251 0
  endloop
endfacet
facet normal -0.945520814196646 -0.3255179655428076 -0.0053332944587069775
  outer loop
    vertex -11.894544527422793 15.226406883160465 0.6000000000000001
    vertex -11.910864222288582 15.28364055326251 0
    vertex -11.66898704253836 14.581068246533887 0
  endloop
endfacet
facet normal -0.97321992613072 -0.22987600001330238 0
  outer loop
    vertex -11.894544527422793 15.226406883160465 0.6000000000000001
    vertex -11.894544527422793 15.226406883160465 1.2000000000000002
    vertex -12.079043125528354 16.00751370600898 0
  endloop
endfacet
facet normal -0.852766887285656 -0.5222917153747832 0
  outer loop
    vertex -11.505757660209511 14.230754291236437 1.2000000000000002
    vertex -11.319579201091013 13.92677316270524 0
    vertex -11.319579201091013 13.92677316270524 3
  endloop
endfacet
facet normal -0.852766887285656 -0.5222917153747831 0
  outer loop
    vertex -11.505757660209511 14.230754291236437 1.2000000000000002
    vertex -11.319579201091013 13.92677316270524 3
    vertex -11.505757660209511 14.230754291236437 2.4
  endloop
endfacet
facet normal -0.931501709732454 -0.36373694446057425 0
  outer loop
    vertex -11.505757660209511 14.230754291236437 1.2000000000000002
    vertex -11.894544527422793 15.226406883160465 2.4
    vertex -11.894544527422793 15.226406883160465 1.2000000000000002
  endloop
endfacet
facet normal -0.931501709732454 -0.36373694446057425 0
  outer loop
    vertex -11.505757660209511 14.230754291236437 1.2000000000000002
    vertex -11.505757660209511 14.230754291236437 2.4
    vertex -11.894544527422793 15.226406883160465 2.4
  endloop
endfacet
facet normal -0.9044736330097001 -0.42651923320051865 -0.00296494524000969
  outer loop
    vertex -11.505757660209511 14.230754291236437 0.6000000000000001
    vertex -11.66898704253836 14.581068246533887 0
    vertex -11.487098446479989 14.195356591644442 0
  endloop
endfacet
facet normal -0.8484784309959719 -0.5292078779791056 0.00483466849596268
  outer loop
    vertex -11.505757660209511 14.230754291236437 0.6000000000000001
    vertex -11.487098446479989 14.195356591644442 0
    vertex -11.319579201091013 13.92677316270524 0
  endloop
endfacet
facet normal -0.9315017097324542 -0.36373694446057425 0
  outer loop
    vertex -11.505757660209511 14.230754291236437 0.6000000000000001
    vertex -11.505757660209511 14.230754291236437 1.2000000000000002
    vertex -11.894544527422793 15.226406883160465 1.2000000000000002
  endloop
endfacet
facet normal -0.8527668872856559 -0.5222917153747831 0
  outer loop
    vertex -11.505757660209511 14.230754291236437 0.6000000000000001
    vertex -11.319579201091013 13.92677316270524 0
    vertex -11.505757660209511 14.230754291236437 1.2000000000000002
  endloop
endfacet
facet normal -0.9307180961647455 -0.3634309555377649 0.04100934074547918
  outer loop
    vertex -11.505757660209511 14.230754291236437 0.6000000000000001
    vertex -11.894544527422793 15.226406883160465 0.6000000000000001
    vertex -11.66898704253836 14.581068246533887 0
  endloop
endfacet
facet normal -0.9315017097324542 -0.36373694446057425 0
  outer loop
    vertex -11.505757660209511 14.230754291236437 0.6000000000000001
    vertex -11.894544527422793 15.226406883160465 1.2000000000000002
    vertex -11.894544527422793 15.226406883160465 0.6000000000000001
  endloop
endfacet
facet normal -0.7071067811865415 -0.7071067811865537 0
  outer loop
    vertex -13.92085599980204 -14.43445690385389 0
    vertex -14.434456903853903 -13.920855999802036 3
    vertex -14.434456903853903 -13.920855999802036 0
  endloop
endfacet
facet normal -0.7071067811865415 -0.7071067811865537 0
  outer loop
    vertex -13.92085599980204 -14.43445690385389 0
    vertex -13.92085599980204 -14.43445690385389 3
    vertex -14.434456903853903 -13.920855999802036 3
  endloop
endfacet
facet normal -0.776002834834446 -0.6307294192670132 0
  outer loop
    vertex -11.293166793357845 13.894277289435905 0
    vertex -11.319579201091013 13.92677316270524 3
    vertex -11.319579201091013 13.92677316270524 0
  endloop
endfacet
facet normal -0.776002834834446 -0.6307294192670132 0
  outer loop
    vertex -11.293166793357845 13.894277289435905 0
    vertex -11.293166793357845 13.894277289435905 3
    vertex -11.319579201091013 13.92677316270524 3
  endloop
endfacet
facet normal -0.7689557832921035 0.6392548715331089 0.0077596754323990295
  outer loop
    vertex -13.590283125370675 -12.255653046871037 2.4
    vertex -13.632295300447847 -12.31347241110219 3
    vertex -13.358843706805265 -11.984539158114043 3
  endloop
endfacet
facet normal -0.84718823238921 0.5312306791889101 -0.00812800035278241
  outer loop
    vertex -13.590283125370675 -12.255653046871037 2.4
    vertex -13.935462576778448 -12.796953051461514 3
    vertex -13.632295300447847 -12.31347241110219 3
  endloop
endfacet
facet normal -0.8969375711032975 0.4420448139106996 0.009968753080087236
  outer loop
    vertex -14.130037761677297 -13.178227837610558 2.4
    vertex -14.207557487606941 -13.34905125677465 3
    vertex -13.935462576778448 -12.796953051461514 3
  endloop
endfacet
facet normal -0.929389059958938 0.3687934347212924 -0.01507904954277627
  outer loop
    vertex -14.130037761677297 -13.178227837610558 2.4
    vertex -14.434456903853903 -13.920855999802036 3
    vertex -14.207557487606941 -13.34905125677465 3
  endloop
endfacet
facet normal -0.8624083562161102 0.5045541167281298 -0.040950829311792857
  outer loop
    vertex -14.130037761677297 -13.178227837610558 2.4
    vertex -13.935462576778448 -12.796953051461514 3
    vertex -13.590283125370675 -12.255653046871037 2.4
  endloop
endfacet
facet normal -0.7605634867280509 0.6492635694816628 0
  outer loop
    vertex -13.590283125370675 -12.255653046871037 1.2000000000000002
    vertex -13.358843706805265 -11.984539158114043 3
    vertex -13.358843706805265 -11.984539158114043 0
  endloop
endfacet
facet normal -0.760563486728051 0.6492635694816629 0
  outer loop
    vertex -13.590283125370675 -12.255653046871037 1.2000000000000002
    vertex -13.590283125370675 -12.255653046871037 2.4
    vertex -13.358843706805265 -11.984539158114043 3
  endloop
endfacet
facet normal -0.7689557832921035 0.6392548715331089 -0.0077596754323990295
  outer loop
    vertex -13.590283125370675 -12.255653046871037 0.6000000000000001
    vertex -13.358843706805265 -11.984539158114043 0
    vertex -13.632295300447847 -12.31347241110219 0
  endloop
endfacet
facet normal -0.84718823238921 0.5312306791889101 0.00812800035278241
  outer loop
    vertex -13.590283125370675 -12.255653046871037 0.6000000000000001
    vertex -13.632295300447847 -12.31347241110219 0
    vertex -13.935462576778448 -12.796953051461514 0
  endloop
endfacet
facet normal -0.760563486728051 0.6492635694816629 0
  outer loop
    vertex -13.590283125370675 -12.255653046871037 0.6000000000000001
    vertex -13.590283125370675 -12.255653046871037 1.2000000000000002
    vertex -13.358843706805265 -11.984539158114043 0
  endloop
endfacet
facet normal -0.9252774447864994 0.3792909835065507 0
  outer loop
    vertex -14.130037761677297 -13.178227837610558 1.2000000000000002
    vertex -14.434456903853903 -13.920855999802036 0
    vertex -14.434456903853903 -13.920855999802036 3
  endloop
endfacet
facet normal -0.9252774447864995 0.37929098350655077 0
  outer loop
    vertex -14.130037761677297 -13.178227837610558 1.2000000000000002
    vertex -14.434456903853903 -13.920855999802036 3
    vertex -14.130037761677297 -13.178227837610558 2.4
  endloop
endfacet
facet normal -0.8631323836251256 0.5049777107334633 0
  outer loop
    vertex -14.130037761677297 -13.178227837610558 1.2000000000000002
    vertex -13.590283125370675 -12.255653046871037 2.4
    vertex -13.590283125370675 -12.255653046871037 1.2000000000000002
  endloop
endfacet
facet normal -0.8631323836251256 0.5049777107334633 0
  outer loop
    vertex -14.130037761677297 -13.178227837610558 1.2000000000000002
    vertex -14.130037761677297 -13.178227837610558 2.4
    vertex -13.590283125370675 -12.255653046871037 2.4
  endloop
endfacet
facet normal -0.8969375711032975 0.4420448139106996 -0.009968753080087236
  outer loop
    vertex -14.130037761677297 -13.178227837610558 0.6000000000000001
    vertex -13.935462576778448 -12.796953051461514 0
    vertex -14.207557487606941 -13.34905125677465 0
  endloop
endfacet
facet normal -0.929389059958938 0.3687934347212924 0.01507904954277627
  outer loop
    vertex -14.130037761677297 -13.178227837610558 0.6000000000000001
    vertex -14.207557487606941 -13.34905125677465 0
    vertex -14.434456903853903 -13.920855999802036 0
  endloop
endfacet
facet normal -0.9252774447864994 0.3792909835065507 0
  outer loop
    vertex -14.130037761677297 -13.178227837610558 0.6000000000000001
    vertex -14.434456903853903 -13.920855999802036 0
    vertex -14.130037761677297 -13.178227837610558 1.2000000000000002
  endloop
endfacet
facet normal -0.8631323836251253 0.5049777107334632 0
  outer loop
    vertex -14.130037761677297 -13.178227837610558 0.6000000000000001
    vertex -14.130037761677297 -13.178227837610558 1.2000000000000002
    vertex -13.590283125370675 -12.255653046871037 1.2000000000000002
  endloop
endfacet
facet normal -0.8631323836251253 0.5049777107334632 0
  outer loop
    vertex -14.130037761677297 -13.178227837610558 0.6000000000000001
    vertex -13.590283125370675 -12.255653046871037 1.2000000000000002
    vertex -13.590283125370675 -12.255653046871037 0.6000000000000001
  endloop
endfacet
facet normal -0.8624083562161102 0.5045541167281298 0.040950829311792857
  outer loop
    vertex -14.130037761677297 -13.178227837610558 0.6000000000000001
    vertex -13.590283125370675 -12.255653046871037 0.6000000000000001
    vertex -13.935462576778448 -12.796953051461514 0
  endloop
endfacet
facet normal -0.6494480483301802 0.7604059656000338 0
  outer loop
    vertex -11.956575173842626 13.32767300508926 0
    vertex -11.293166793357845 13.894277289435905 3
    vertex -11.293166793357845 13.894277289435905 0
  endloop
endfacet
facet normal -0.6494480483301802 0.7604059656000338 0
  outer loop
    vertex -11.956575173842626 13.32767300508926 0
    vertex -11.956575173842626 13.32767300508926 3
    vertex -11.293166793357845 13.894277289435905 3
  endloop
endfacet
facet normal -0.6677811329465377 0.7443576818174437 0
  outer loop
    vertex -13.358843706805265 -11.984539158114043 0
    vertex -13.327673005089267 -11.95657517384263 3
    vertex -13.327673005089267 -11.95657517384263 0
  endloop
endfacet
facet normal -0.6677811329465377 0.7443576818174437 0
  outer loop
    vertex -13.358843706805265 -11.984539158114043 0
    vertex -13.358843706805265 -11.984539158114043 3
    vertex -13.327673005089267 -11.95657517384263 3
  endloop
endfacet
facet normal 0.7443576818174857 0.6677811329464907 0
  outer loop
    vertex -11.984539158114035 13.358843706805258 0
    vertex -11.956575173842626 13.32767300508926 3
    vertex -11.956575173842626 13.32767300508926 0
  endloop
endfacet
facet normal 0.7443576818174857 0.6677811329464907 0
  outer loop
    vertex -11.984539158114035 13.358843706805258 0
    vertex -11.984539158114035 13.358843706805258 3
    vertex -11.956575173842626 13.32767300508926 3
  endloop
endfacet
facet normal -0.7604059656000348 -0.6494480483301791 0
  outer loop
    vertex -13.327673005089267 -11.95657517384263 0
    vertex -13.89427728943591 -11.293166793357848 3
    vertex -13.89427728943591 -11.293166793357848 0
  endloop
endfacet
facet normal -0.7604059656000348 -0.6494480483301791 0
  outer loop
    vertex -13.327673005089267 -11.95657517384263 0
    vertex -13.327673005089267 -11.95657517384263 3
    vertex -13.89427728943591 -11.293166793357848 3
  endloop
endfacet
facet normal 0.6392548715330442 0.7689557832921569 0.0077596754324427905
  outer loop
    vertex -12.255653046871034 13.590283125370666 2.4
    vertex -12.313472411102538 13.632295300448089 3
    vertex -11.984539158114035 13.358843706805258 3
  endloop
endfacet
facet normal 0.5312306791887959 0.8471882323892811 -0.008128000352840633
  outer loop
    vertex -12.255653046871034 13.590283125370666 2.4
    vertex -12.7969530514624 13.935462576778937 3
    vertex -12.313472411102538 13.632295300448089 3
  endloop
endfacet
facet normal 0.4420448139105959 0.8969375711033489 0.009968753080087255
  outer loop
    vertex -13.178227837610551 14.13003776167729 2.4
    vertex -13.349051256775107 14.207557487607138 3
    vertex -12.7969530514624 13.935462576778937 3
  endloop
endfacet
facet normal 0.36879343472125975 0.9293890599589502 -0.015079049542818633
  outer loop
    vertex -13.178227837610551 14.13003776167729 2.4
    vertex -13.920855999802027 14.434456903853892 3
    vertex -13.349051256775107 14.207557487607138 3
  endloop
endfacet
facet normal 0.5045541167281331 0.8624083562161098 -0.040950829311756066
  outer loop
    vertex -13.178227837610551 14.13003776167729 2.4
    vertex -12.7969530514624 13.935462576778937 3
    vertex -12.255653046871034 13.590283125370666 2.4
  endloop
endfacet
facet normal 0.649263569481655 0.7605634867280575 0
  outer loop
    vertex -12.255653046871034 13.590283125370666 1.2000000000000002
    vertex -11.984539158114035 13.358843706805258 3
    vertex -11.984539158114035 13.358843706805258 0
  endloop
endfacet
facet normal 0.649263569481655 0.7605634867280575 0
  outer loop
    vertex -12.255653046871034 13.590283125370666 1.2000000000000002
    vertex -12.255653046871034 13.590283125370666 2.4
    vertex -11.984539158114035 13.358843706805258 3
  endloop
endfacet
facet normal 0.6392548715330442 0.7689557832921569 -0.0077596754324427905
  outer loop
    vertex -12.255653046871034 13.590283125370666 0.6000000000000001
    vertex -11.984539158114035 13.358843706805258 0
    vertex -12.313472411102538 13.632295300448089 0
  endloop
endfacet
facet normal 0.5312306791887959 0.8471882323892811 0.008128000352840633
  outer loop
    vertex -12.255653046871034 13.590283125370666 0.6000000000000001
    vertex -12.313472411102538 13.632295300448089 0
    vertex -12.7969530514624 13.935462576778937 0
  endloop
endfacet
facet normal 0.649263569481655 0.7605634867280575 0
  outer loop
    vertex -12.255653046871034 13.590283125370666 0.6000000000000001
    vertex -12.255653046871034 13.590283125370666 1.2000000000000002
    vertex -11.984539158114035 13.358843706805258 0
  endloop
endfacet
facet normal 0.37929098350654766 0.9252774447865005 0
  outer loop
    vertex -13.178227837610551 14.13003776167729 1.2000000000000002
    vertex -13.920855999802027 14.434456903853892 0
    vertex -13.920855999802027 14.434456903853892 3
  endloop
endfacet
facet normal 0.37929098350654766 0.9252774447865005 0
  outer loop
    vertex -13.178227837610551 14.13003776167729 1.2000000000000002
    vertex -13.920855999802027 14.434456903853892 3
    vertex -13.178227837610551 14.13003776167729 2.4
  endloop
endfacet
facet normal 0.5049777107334659 0.8631323836251238 0
  outer loop
    vertex -13.178227837610551 14.13003776167729 1.2000000000000002
    vertex -12.255653046871034 13.590283125370666 2.4
    vertex -12.255653046871034 13.590283125370666 1.2000000000000002
  endloop
endfacet
facet normal 0.5049777107334659 0.8631323836251238 0
  outer loop
    vertex -13.178227837610551 14.13003776167729 1.2000000000000002
    vertex -13.178227837610551 14.13003776167729 2.4
    vertex -12.255653046871034 13.590283125370666 2.4
  endloop
endfacet
facet normal 0.4420448139105959 0.8969375711033489 -0.009968753080087255
  outer loop
    vertex -13.178227837610551 14.13003776167729 0.6000000000000001
    vertex -12.7969530514624 13.935462576778937 0
    vertex -13.349051256775107 14.207557487607138 0
  endloop
endfacet
facet normal 0.36879343472125975 0.9293890599589502 0.015079049542818633
  outer loop
    vertex -13.178227837610551 14.13003776167729 0.6000000000000001
    vertex -13.349051256775107 14.207557487607138 0
    vertex -13.920855999802027 14.434456903853892 0
  endloop
endfacet
facet normal 0.3792909835065477 0.9252774447865005 0
  outer loop
    vertex -13.178227837610551 14.13003776167729 0.6000000000000001
    vertex -13.920855999802027 14.434456903853892 0
    vertex -13.178227837610551 14.13003776167729 1.2000000000000002
  endloop
endfacet
facet normal 0.504977710733466 0.8631323836251239 0
  outer loop
    vertex -13.178227837610551 14.13003776167729 0.6000000000000001
    vertex -13.178227837610551 14.13003776167729 1.2000000000000002
    vertex -12.255653046871034 13.590283125370666 1.2000000000000002
  endloop
endfacet
facet normal 0.504977710733466 0.8631323836251239 0
  outer loop
    vertex -13.178227837610551 14.13003776167729 0.6000000000000001
    vertex -12.255653046871034 13.590283125370666 1.2000000000000002
    vertex -12.255653046871034 13.590283125370666 0.6000000000000001
  endloop
endfacet
facet normal 0.5045541167281331 0.8624083562161098 0.040950829311756066
  outer loop
    vertex -13.178227837610551 14.13003776167729 0.6000000000000001
    vertex -12.255653046871034 13.590283125370666 0.6000000000000001
    vertex -12.7969530514624 13.935462576778937 0
  endloop
endfacet
facet normal 0.6307294192669972 -0.7760028348344589 0
  outer loop
    vertex -13.89427728943591 -11.293166793357848 0
    vertex -13.92677316270525 -11.319579201091019 3
    vertex -13.92677316270525 -11.319579201091019 0
  endloop
endfacet
facet normal 0.6307294192669972 -0.7760028348344589 0
  outer loop
    vertex -13.89427728943591 -11.293166793357848 0
    vertex -13.89427728943591 -11.293166793357848 3
    vertex -13.92677316270525 -11.319579201091019 3
  endloop
endfacet
facet normal -0.7071067811865538 0.7071067811865416 0
  outer loop
    vertex -14.434456903853885 13.920855999802026 0
    vertex -13.920855999802027 14.434456903853892 3
    vertex -13.920855999802027 14.434456903853892 0
  endloop
endfacet
facet normal -0.7071067811865538 0.7071067811865416 0
  outer loop
    vertex -14.434456903853885 13.920855999802026 0
    vertex -14.434456903853885 13.920855999802026 3
    vertex -13.920855999802027 14.434456903853892 3
  endloop
endfacet
facet normal 0.2263018018648796 -0.9740448750256777 -0.004906720790956183
  outer loop
    vertex -15.22640688316047 -11.894544527422795 2.4
    vertex -15.283640553262522 -11.910864222288588 3
    vertex -16.007513706008993 -12.079043125528358 3
  endloop
endfacet
facet normal 0.3255179655428026 -0.9455208141966477 0.005333294458704706
  outer loop
    vertex -15.22640688316047 -11.894544527422795 2.4
    vertex -14.581068246533897 -11.668987042538369 3
    vertex -15.283640553262522 -11.910864222288588 3
  endloop
endfacet
facet normal 0.4265192332004995 -0.9044736330097091 0.0029649452399970197
  outer loop
    vertex -14.230754291236439 -11.505757660209516 2.4
    vertex -14.195356591644616 -11.487098446480084 3
    vertex -14.581068246533897 -11.668987042538369 3
  endloop
endfacet
facet normal 0.5292078779790773 -0.8484784309959894 -0.004834668495936594
  outer loop
    vertex -14.230754291236439 -11.505757660209516 2.4
    vertex -13.92677316270525 -11.319579201091019 3
    vertex -14.195356591644616 -11.487098446480084 3
  endloop
endfacet
facet normal 0.3634309555377608 -0.9307180961647469 -0.04100934074548207
  outer loop
    vertex -14.230754291236439 -11.505757660209516 2.4
    vertex -14.581068246533897 -11.668987042538369 3
    vertex -15.22640688316047 -11.894544527422795 2.4
  endloop
endfacet
facet normal 0.22987600001330202 -0.9732199261307202 0
  outer loop
    vertex -15.22640688316047 -11.894544527422795 1.2000000000000002
    vertex -16.007513706008993 -12.079043125528358 3
    vertex -16.007513706008993 -12.079043125528358 0
  endloop
endfacet
facet normal 0.229876000013302 -0.9732199261307201 0
  outer loop
    vertex -15.22640688316047 -11.894544527422795 1.2000000000000002
    vertex -15.22640688316047 -11.894544527422795 2.4
    vertex -16.007513706008993 -12.079043125528358 3
  endloop
endfacet
facet normal 0.2263018018648796 -0.9740448750256777 0.004906720790956183
  outer loop
    vertex -15.22640688316047 -11.894544527422795 0.6000000000000001
    vertex -16.007513706008993 -12.079043125528358 0
    vertex -15.283640553262522 -11.910864222288588 0
  endloop
endfacet
facet normal 0.3255179655428026 -0.9455208141966477 -0.005333294458704706
  outer loop
    vertex -15.22640688316047 -11.894544527422795 0.6000000000000001
    vertex -15.283640553262522 -11.910864222288588 0
    vertex -14.581068246533897 -11.668987042538369 0
  endloop
endfacet
facet normal 0.22987600001330202 -0.9732199261307203 0
  outer loop
    vertex -15.22640688316047 -11.894544527422795 0.6000000000000001
    vertex -15.22640688316047 -11.894544527422795 1.2000000000000002
    vertex -16.007513706008993 -12.079043125528358 0
  endloop
endfacet
facet normal 0.522291715374792 -0.8527668872856503 0
  outer loop
    vertex -14.230754291236439 -11.505757660209516 1.2000000000000002
    vertex -13.92677316270525 -11.319579201091019 0
    vertex -13.92677316270525 -11.319579201091019 3
  endloop
endfacet
facet normal 0.36373694446057026 -0.9315017097324556 0
  outer loop
    vertex -14.230754291236439 -11.505757660209516 1.2000000000000002
    vertex -15.22640688316047 -11.894544527422795 2.4
    vertex -15.22640688316047 -11.894544527422795 1.2000000000000002
  endloop
endfacet
facet normal 0.522291715374792 -0.8527668872856503 0
  outer loop
    vertex -14.230754291236439 -11.505757660209516 1.2000000000000002
    vertex -13.92677316270525 -11.319579201091019 3
    vertex -14.230754291236439 -11.505757660209516 2.4
  endloop
endfacet
facet normal 0.36373694446057026 -0.9315017097324556 0
  outer loop
    vertex -14.230754291236439 -11.505757660209516 1.2000000000000002
    vertex -14.230754291236439 -11.505757660209516 2.4
    vertex -15.22640688316047 -11.894544527422795 2.4
  endloop
endfacet
facet normal 0.4265192332004995 -0.9044736330097091 -0.0029649452399970197
  outer loop
    vertex -14.230754291236439 -11.505757660209516 0.6000000000000001
    vertex -14.581068246533897 -11.668987042538369 0
    vertex -14.195356591644616 -11.487098446480084 0
  endloop
endfacet
facet normal 0.5292078779790773 -0.8484784309959894 0.004834668495936594
  outer loop
    vertex -14.230754291236439 -11.505757660209516 0.6000000000000001
    vertex -14.195356591644616 -11.487098446480084 0
    vertex -13.92677316270525 -11.319579201091019 0
  endloop
endfacet
facet normal 0.3637369444605702 -0.9315017097324555 0
  outer loop
    vertex -14.230754291236439 -11.505757660209516 0.6000000000000001
    vertex -14.230754291236439 -11.505757660209516 1.2000000000000002
    vertex -15.22640688316047 -11.894544527422795 1.2000000000000002
  endloop
endfacet
facet normal 0.5222917153747921 -0.8527668872856504 0
  outer loop
    vertex -14.230754291236439 -11.505757660209516 0.6000000000000001
    vertex -13.92677316270525 -11.319579201091019 0
    vertex -14.230754291236439 -11.505757660209516 1.2000000000000002
  endloop
endfacet
facet normal 0.3634309555377608 -0.9307180961647469 0.04100934074548207
  outer loop
    vertex -14.230754291236439 -11.505757660209516 0.6000000000000001
    vertex -15.22640688316047 -11.894544527422795 0.6000000000000001
    vertex -14.581068246533897 -11.668987042538369 0
  endloop
endfacet
facet normal 0.3637369444605702 -0.9315017097324555 0
  outer loop
    vertex -14.230754291236439 -11.505757660209516 0.6000000000000001
    vertex -15.22640688316047 -11.894544527422795 1.2000000000000002
    vertex -15.22640688316047 -11.894544527422795 0.6000000000000001
  endloop
endfacet
facet normal -0.9266513649669361 -0.3758898401074358 -0.0049067207909541805
  outer loop
    vertex -14.130037761677292 13.178227837610553 2.4
    vertex -14.155109852583005 13.23220390352386 3
    vertex -14.434456903853885 13.920855999802026 3
  endloop
endfacet
facet normal -0.8829576551713763 -0.4694223419741347 0.005333294458705124
  outer loop
    vertex -14.130037761677292 13.178227837610553 2.4
    vertex -13.806304059332506 12.576119354962637 3
    vertex -14.155109852583005 13.23220390352386 3
  endloop
endfacet
facet normal -0.8266157536242702 -0.5627589225946608 0.0029649452400574666
  outer loop
    vertex -13.59028312537067 12.25565304687104 2.4
    vertex -13.566316217325644 12.223610095817492 3
    vertex -13.806304059332506 12.576119354962637 3
  endloop
endfacet
facet normal -0.755245902254354 -0.6554237202821852 -0.004834668496039462
  outer loop
    vertex -13.59028312537067 12.25565304687104 2.4
    vertex -13.358843706805256 11.98453915811404 3
    vertex -13.566316217325644 12.223610095817492 3
  endloop
endfacet
facet normal -0.8624062848542136 -0.5045529048727933 -0.041009340745482
  outer loop
    vertex -13.59028312537067 12.25565304687104 2.4
    vertex -13.806304059332506 12.576119354962637 3
    vertex -14.130037761677292 13.178227837610553 2.4
  endloop
endfacet
facet normal -0.9252774447865039 -0.3792909835065398 0
  outer loop
    vertex -14.130037761677292 13.178227837610553 1.2000000000000002
    vertex -14.434456903853885 13.920855999802026 3
    vertex -14.434456903853885 13.920855999802026 0
  endloop
endfacet
facet normal -0.9252774447865039 -0.3792909835065398 0
  outer loop
    vertex -14.130037761677292 13.178227837610553 1.2000000000000002
    vertex -14.130037761677292 13.178227837610553 2.4
    vertex -14.434456903853885 13.920855999802026 3
  endloop
endfacet
facet normal -0.8631323836251237 -0.5049777107334662 0
  outer loop
    vertex -14.130037761677292 13.178227837610553 1.2000000000000002
    vertex -13.59028312537067 12.25565304687104 2.4
    vertex -14.130037761677292 13.178227837610553 2.4
  endloop
endfacet
facet normal -0.9266513649669361 -0.3758898401074358 0.0049067207909541805
  outer loop
    vertex -14.130037761677292 13.178227837610553 0.6000000000000001
    vertex -14.434456903853885 13.920855999802026 0
    vertex -14.155109852583005 13.23220390352386 0
  endloop
endfacet
facet normal -0.8829576551713763 -0.4694223419741347 -0.005333294458705124
  outer loop
    vertex -14.130037761677292 13.178227837610553 0.6000000000000001
    vertex -14.155109852583005 13.23220390352386 0
    vertex -13.806304059332506 12.576119354962637 0
  endloop
endfacet
facet normal -0.9252774447865039 -0.3792909835065398 0
  outer loop
    vertex -14.130037761677292 13.178227837610553 0.6000000000000001
    vertex -14.130037761677292 13.178227837610553 1.2000000000000002
    vertex -14.434456903853885 13.920855999802026 0
  endloop
endfacet
facet normal -0.7605634867280501 -0.6492635694816635 0
  outer loop
    vertex -13.59028312537067 12.25565304687104 1.2000000000000002
    vertex -13.358843706805256 11.98453915811404 0
    vertex -13.358843706805256 11.98453915811404 3
  endloop
endfacet
facet normal -0.7605634867280501 -0.6492635694816635 0
  outer loop
    vertex -13.59028312537067 12.25565304687104 1.2000000000000002
    vertex -13.358843706805256 11.98453915811404 3
    vertex -13.59028312537067 12.25565304687104 2.4
  endloop
endfacet
facet normal -0.8631323836251237 -0.5049777107334662 0
  outer loop
    vertex -13.59028312537067 12.25565304687104 1.2000000000000002
    vertex -13.59028312537067 12.25565304687104 2.4
    vertex -14.130037761677292 13.178227837610553 1.2000000000000002
  endloop
endfacet
facet normal -0.8266157536242702 -0.5627589225946608 -0.0029649452400574666
  outer loop
    vertex -13.59028312537067 12.25565304687104 0.6000000000000001
    vertex -13.806304059332506 12.576119354962637 0
    vertex -13.566316217325644 12.223610095817492 0
  endloop
endfacet
facet normal -0.755245902254354 -0.6554237202821852 0.004834668496039462
  outer loop
    vertex -13.59028312537067 12.25565304687104 0.6000000000000001
    vertex -13.566316217325644 12.223610095817492 0
    vertex -13.358843706805256 11.98453915811404 0
  endloop
endfacet
facet normal -0.8631323836251237 -0.5049777107334662 0
  outer loop
    vertex -13.59028312537067 12.25565304687104 0.6000000000000001
    vertex -13.59028312537067 12.25565304687104 1.2000000000000002
    vertex -14.130037761677292 13.178227837610553 1.2000000000000002
  endloop
endfacet
facet normal -0.7605634867280502 -0.6492635694816637 0
  outer loop
    vertex -13.59028312537067 12.25565304687104 0.6000000000000001
    vertex -13.358843706805256 11.98453915811404 0
    vertex -13.59028312537067 12.25565304687104 1.2000000000000002
  endloop
endfacet
facet normal -0.8624062848542136 -0.5045529048727933 0.041009340745482
  outer loop
    vertex -13.59028312537067 12.25565304687104 0.6000000000000001
    vertex -14.130037761677292 13.178227837610553 0.6000000000000001
    vertex -13.806304059332506 12.576119354962637 0
  endloop
endfacet
facet normal -0.8631323836251237 -0.5049777107334662 0
  outer loop
    vertex -13.59028312537067 12.25565304687104 0.6000000000000001
    vertex -14.130037761677292 13.178227837610553 1.2000000000000002
    vertex -14.130037761677292 13.178227837610553 0.6000000000000001
  endloop
endfacet
facet normal -0.8090169943749422 -0.5877852522924802 0
  outer loop
    vertex -16.007513706008993 -12.079043125528358 0
    vertex -16.43444644799061 -11.491420618207687 3
    vertex -16.43444644799061 -11.491420618207687 0
  endloop
endfacet
facet normal -0.8090169943749422 -0.5877852522924802 0
  outer loop
    vertex -16.007513706008993 -12.079043125528358 0
    vertex -16.007513706008993 -12.079043125528358 3
    vertex -16.43444644799061 -11.491420618207687 3
  endloop
endfacet
facet normal -0.6677811329466082 -0.7443576818173804 0
  outer loop
    vertex -13.327673005089258 11.956575173842623 0
    vertex -13.358843706805256 11.98453915811404 3
    vertex -13.358843706805256 11.98453915811404 0
  endloop
endfacet
facet normal -0.6677811329466082 -0.7443576818173804 0
  outer loop
    vertex -13.327673005089258 11.956575173842623 0
    vertex -13.327673005089258 11.956575173842623 3
    vertex -13.358843706805256 11.98453915811404 3
  endloop
endfacet
facet normal -0.6594871677381883 0.7516757698807689 0.0077596754324155475
  outer loop
    vertex -15.340170716421408 -9.978776950311158 2.4
    vertex -15.390710593220742 -10.029312310089622 3
    vertex -15.06916914499756 -9.74720602504497 3
  endloop
endfacet
facet normal -0.7536551523083802 0.657219785923474 -0.008128000352800955
  outer loop
    vertex -15.340170716421408 -9.978776950311158 2.4
    vertex -15.765778412634488 -10.459414690785678 3
    vertex -15.390710593220742 -10.029312310089622 3
  endloop
endfacet
facet normal -0.8167437372325466 0.5769144578301372 0.009968753080086674
  outer loop
    vertex -16.017602571332564 -10.805557086667969 2.4
    vertex -16.120890570992774 -10.962150629221215 3
    vertex -15.765778412634488 -10.459414690785678 3
  endloop
endfacet
facet normal -0.8602547347271463 0.5096414559711692 -0.015079049542787517
  outer loop
    vertex -16.017602571332564 -10.805557086667969 2.4
    vertex -16.43444644799061 -11.491420618207687 3
    vertex -16.120890570992774 -10.962150629221215 3
  endloop
endfacet
facet normal -0.7728610249322606 0.6332526081425429 -0.040950829311783336
  outer loop
    vertex -16.017602571332564 -10.805557086667969 2.4
    vertex -15.765778412634488 -10.459414690785678 3
    vertex -15.340170716421408 -9.978776950311158 2.4
  endloop
endfacet
facet normal -0.6496324889617047 0.760248399725656 0
  outer loop
    vertex -15.340170716421408 -9.978776950311158 1.2000000000000002
    vertex -15.06916914499756 -9.74720602504497 3
    vertex -15.06916914499756 -9.74720602504497 0
  endloop
endfacet
facet normal -0.6496324889617046 0.7602483997256559 0
  outer loop
    vertex -15.340170716421408 -9.978776950311158 1.2000000000000002
    vertex -15.340170716421408 -9.978776950311158 2.4
    vertex -15.06916914499756 -9.74720602504497 3
  endloop
endfacet
facet normal -0.6594871677381883 0.7516757698807689 -0.0077596754324155475
  outer loop
    vertex -15.340170716421408 -9.978776950311158 0.6000000000000001
    vertex -15.06916914499756 -9.74720602504497 0
    vertex -15.390710593220742 -10.029312310089622 0
  endloop
endfacet
facet normal -0.7536551523083802 0.657219785923474 0.008128000352800955
  outer loop
    vertex -15.340170716421408 -9.978776950311158 0.6000000000000001
    vertex -15.390710593220742 -10.029312310089622 0
    vertex -15.765778412634488 -10.459414690785678 0
  endloop
endfacet
facet normal -0.6496324889617047 0.7602483997256559 0
  outer loop
    vertex -15.340170716421408 -9.978776950311158 0.6000000000000001
    vertex -15.340170716421408 -9.978776950311158 1.2000000000000002
    vertex -15.06916914499756 -9.74720602504497 0
  endloop
endfacet
facet normal -0.8545515619318551 0.5193665641912529 0
  outer loop
    vertex -16.017602571332564 -10.805557086667969 1.2000000000000002
    vertex -16.43444644799061 -11.491420618207687 0
    vertex -16.43444644799061 -11.491420618207687 3
  endloop
endfacet
facet normal -0.8545515619318551 0.5193665641912529 0
  outer loop
    vertex -16.017602571332564 -10.805557086667969 1.2000000000000002
    vertex -16.43444644799061 -11.491420618207687 3
    vertex -16.017602571332564 -10.805557086667969 2.4
  endloop
endfacet
facet normal -0.7735098736607974 0.6337842498431603 0
  outer loop
    vertex -16.017602571332564 -10.805557086667969 1.2000000000000002
    vertex -15.340170716421408 -9.978776950311158 2.4
    vertex -15.340170716421408 -9.978776950311158 1.2000000000000002
  endloop
endfacet
facet normal -0.7735098736607974 0.6337842498431603 0
  outer loop
    vertex -16.017602571332564 -10.805557086667969 1.2000000000000002
    vertex -16.017602571332564 -10.805557086667969 2.4
    vertex -15.340170716421408 -9.978776950311158 2.4
  endloop
endfacet
facet normal -0.8167437372325466 0.5769144578301372 -0.009968753080086674
  outer loop
    vertex -16.017602571332564 -10.805557086667969 0.6000000000000001
    vertex -15.765778412634488 -10.459414690785678 0
    vertex -16.120890570992774 -10.962150629221215 0
  endloop
endfacet
facet normal -0.8602547347271463 0.5096414559711692 0.015079049542787517
  outer loop
    vertex -16.017602571332564 -10.805557086667969 0.6000000000000001
    vertex -16.120890570992774 -10.962150629221215 0
    vertex -16.43444644799061 -11.491420618207687 0
  endloop
endfacet
facet normal -0.854551561931855 0.5193665641912529 0
  outer loop
    vertex -16.017602571332564 -10.805557086667969 0.6000000000000001
    vertex -16.43444644799061 -11.491420618207687 0
    vertex -16.017602571332564 -10.805557086667969 1.2000000000000002
  endloop
endfacet
facet normal -0.7735098736607974 0.6337842498431604 0
  outer loop
    vertex -16.017602571332564 -10.805557086667969 0.6000000000000001
    vertex -16.017602571332564 -10.805557086667969 1.2000000000000002
    vertex -15.340170716421408 -9.978776950311158 1.2000000000000002
  endloop
endfacet
facet normal -0.7735098736607974 0.6337842498431604 0
  outer loop
    vertex -16.017602571332564 -10.805557086667969 0.6000000000000001
    vertex -15.340170716421408 -9.978776950311158 1.2000000000000002
    vertex -15.340170716421408 -9.978776950311158 0.6000000000000001
  endloop
endfacet
facet normal -0.7728610249322606 0.6332526081425429 0.040950829311783336
  outer loop
    vertex -16.017602571332564 -10.805557086667969 0.6000000000000001
    vertex -15.340170716421408 -9.978776950311158 0.6000000000000001
    vertex -15.765778412634488 -10.459414690785678 0
  endloop
endfacet
facet normal -0.7604059656000265 0.6494480483301891 0
  outer loop
    vertex -13.89427728943591 11.293166793357848 0
    vertex -13.327673005089258 11.956575173842623 3
    vertex -13.327673005089258 11.956575173842623 0
  endloop
endfacet
facet normal -0.7604059656000265 0.6494480483301891 0
  outer loop
    vertex -13.89427728943591 11.293166793357848 0
    vertex -13.89427728943591 11.293166793357848 3
    vertex -13.327673005089258 11.956575173842623 3
  endloop
endfacet
facet normal -0.5431164433270099 0.8396573878599645 0
  outer loop
    vertex -15.06916914499756 -9.74720602504497 0
    vertex -15.034007675424608 -9.724462495871382 3
    vertex -15.034007675424608 -9.724462495871382 0
  endloop
endfacet
facet normal -0.5431164433270099 0.8396573878599645 0
  outer loop
    vertex -15.06916914499756 -9.74720602504497 0
    vertex -15.06916914499756 -9.74720602504497 3
    vertex -15.034007675424608 -9.724462495871382 3
  endloop
endfacet
facet normal 0.630729419267117 0.7760028348343616 0
  outer loop
    vertex -13.926773162705237 11.319579201091017 0
    vertex -13.89427728943591 11.293166793357848 3
    vertex -13.89427728943591 11.293166793357848 0
  endloop
endfacet
facet normal 0.630729419267117 0.7760028348343616 0
  outer loop
    vertex -13.926773162705237 11.319579201091017 0
    vertex -13.926773162705237 11.319579201091017 3
    vertex -13.89427728943591 11.293166793357848 3
  endloop
endfacet
facet normal -0.8526401643540965 -0.5224985647159417 0
  outer loop
    vertex -15.034007675424608 -9.724462495871382 0
    vertex -15.489856185700695 -8.98058533530219 3
    vertex -15.489856185700695 -8.98058533530219 0
  endloop
endfacet
facet normal -0.8526401643540965 -0.5224985647159417 0
  outer loop
    vertex -15.034007675424608 -9.724462495871382 0
    vertex -15.034007675424608 -9.724462495871382 3
    vertex -15.489856185700695 -8.98058533530219 3
  endloop
endfacet
facet normal 0.5110933966829696 0.8594901554434746 0.007759675432419581
  outer loop
    vertex -14.230754291236435 11.505757660209515 2.4
    vertex -14.294433955281706 11.538207654383893 3
    vertex -13.926773162705237 11.319579201091017 3
  endloop
endfacet
facet normal 0.3921609100790801 0.919860726532127 -0.00812800035280543
  outer loop
    vertex -14.230754291236435 11.505757660209515 2.4
    vertex -14.819387957358805 11.762009403133757 3
    vertex -14.294433955281706 11.538207654383893 3
  endloop
endfacet
facet normal 0.2962905596100735 0.9550458252083917 0.009968753080086752
  outer loop
    vertex -15.226406883160463 11.89454452742279 2.4
    vertex -15.407253939425512 11.944387186696408 3
    vertex -14.819387957358805 11.762009403133757 3
  endloop
endfacet
facet normal 0.21886449515331835 0.9756387420690966 -0.015079049542796947
  outer loop
    vertex -15.226406883160463 11.89454452742279 2.4
    vertex -16.007513706008982 12.079043125528361 3
    vertex -15.407253939425512 11.944387186696408 3
  endloop
endfacet
facet normal 0.3634318284407587 0.9307203316006828 -0.040950829311772574
  outer loop
    vertex -15.226406883160463 11.89454452742279 2.4
    vertex -14.819387957358805 11.762009403133757 3
    vertex -14.230754291236435 11.505757660209515 2.4
  endloop
endfacet
facet normal 0.5222917153747809 0.8527668872856572 0
  outer loop
    vertex -14.230754291236435 11.505757660209515 1.2000000000000002
    vertex -13.926773162705237 11.319579201091017 3
    vertex -13.926773162705237 11.319579201091017 0
  endloop
endfacet
facet normal 0.5222917153747809 0.8527668872856571 0
  outer loop
    vertex -14.230754291236435 11.505757660209515 1.2000000000000002
    vertex -14.230754291236435 11.505757660209515 2.4
    vertex -13.926773162705237 11.319579201091017 3
  endloop
endfacet
facet normal 0.5110933966829696 0.8594901554434746 -0.007759675432419581
  outer loop
    vertex -14.230754291236435 11.505757660209515 0.6000000000000001
    vertex -13.926773162705237 11.319579201091017 0
    vertex -14.294433955281706 11.538207654383893 0
  endloop
endfacet
facet normal 0.3921609100790801 0.919860726532127 0.00812800035280543
  outer loop
    vertex -14.230754291236435 11.505757660209515 0.6000000000000001
    vertex -14.294433955281706 11.538207654383893 0
    vertex -14.819387957358805 11.762009403133757 0
  endloop
endfacet
facet normal 0.522291715374781 0.8527668872856572 0
  outer loop
    vertex -14.230754291236435 11.505757660209515 0.6000000000000001
    vertex -14.230754291236435 11.505757660209515 1.2000000000000002
    vertex -13.926773162705237 11.319579201091017 0
  endloop
endfacet
facet normal 0.22987600001331346 0.9732199261307174 0
  outer loop
    vertex -15.226406883160463 11.89454452742279 1.2000000000000002
    vertex -16.007513706008982 12.079043125528361 0
    vertex -16.007513706008982 12.079043125528361 3
  endloop
endfacet
facet normal 0.22987600001331346 0.9732199261307174 0
  outer loop
    vertex -15.226406883160463 11.89454452742279 1.2000000000000002
    vertex -16.007513706008982 12.079043125528361 3
    vertex -15.226406883160463 11.89454452742279 2.4
  endloop
endfacet
facet normal 0.3637369444605685 0.9315017097324563 0
  outer loop
    vertex -15.226406883160463 11.89454452742279 1.2000000000000002
    vertex -14.230754291236435 11.505757660209515 2.4
    vertex -14.230754291236435 11.505757660209515 1.2000000000000002
  endloop
endfacet
facet normal 0.3637369444605685 0.9315017097324563 0
  outer loop
    vertex -15.226406883160463 11.89454452742279 1.2000000000000002
    vertex -15.226406883160463 11.89454452742279 2.4
    vertex -14.230754291236435 11.505757660209515 2.4
  endloop
endfacet
facet normal 0.2962905596100735 0.9550458252083917 -0.009968753080086752
  outer loop
    vertex -15.226406883160463 11.89454452742279 0.6000000000000001
    vertex -14.819387957358805 11.762009403133757 0
    vertex -15.407253939425512 11.944387186696408 0
  endloop
endfacet
facet normal 0.21886449515331835 0.9756387420690966 0.015079049542796947
  outer loop
    vertex -15.226406883160463 11.89454452742279 0.6000000000000001
    vertex -15.407253939425512 11.944387186696408 0
    vertex -16.007513706008982 12.079043125528361 0
  endloop
endfacet
facet normal 0.22987600001331343 0.9732199261307173 0
  outer loop
    vertex -15.226406883160463 11.89454452742279 0.6000000000000001
    vertex -16.007513706008982 12.079043125528361 0
    vertex -15.226406883160463 11.89454452742279 1.2000000000000002
  endloop
endfacet
facet normal 0.36373694446056853 0.9315017097324564 0
  outer loop
    vertex -15.226406883160463 11.89454452742279 0.6000000000000001
    vertex -15.226406883160463 11.89454452742279 1.2000000000000002
    vertex -14.230754291236435 11.505757660209515 1.2000000000000002
  endloop
endfacet
facet normal 0.36373694446056853 0.9315017097324564 0
  outer loop
    vertex -15.226406883160463 11.89454452742279 0.6000000000000001
    vertex -14.230754291236435 11.505757660209515 1.2000000000000002
    vertex -14.230754291236435 11.505757660209515 0.6000000000000001
  endloop
endfacet
facet normal 0.3634318284407587 0.9307203316006828 0.040950829311772574
  outer loop
    vertex -15.226406883160463 11.89454452742279 0.6000000000000001
    vertex -14.230754291236435 11.505757660209515 0.6000000000000001
    vertex -14.819387957358805 11.762009403133757 0
  endloop
endfacet
facet normal 0.5015705051433224 -0.8651167715229386 0
  outer loop
    vertex -15.489856185700695 -8.98058533530219 0
    vertex -15.526083791720442 -9.001589087916383 3
    vertex -15.526083791720442 -9.001589087916383 0
  endloop
endfacet
facet normal 0.5015705051433224 -0.8651167715229386 0
  outer loop
    vertex -15.489856185700695 -8.98058533530219 0
    vertex -15.489856185700695 -8.98058533530219 3
    vertex -15.526083791720442 -9.001589087916383 3
  endloop
endfacet
facet normal -0.809016994374952 0.5877852522924668 0
  outer loop
    vertex -16.43444644799059 11.49142061820768 0
    vertex -16.007513706008982 12.079043125528361 3
    vertex -16.007513706008982 12.079043125528361 0
  endloop
endfacet
facet normal -0.809016994374952 0.5877852522924668 0
  outer loop
    vertex -16.43444644799059 11.49142061820768 0
    vertex -16.43444644799059 11.49142061820768 3
    vertex -16.007513706008982 12.079043125528361 3
  endloop
endfacet
facet normal 0.07114146220779893 -0.9974541675916825 -0.004906720790954315
  outer loop
    vertex -16.899661257699737 -9.366168131173097 2.4
    vertex -16.958743249084954 -9.373333584949407 3
    vertex -17.70001329888185 -9.426203217406531 3
  endloop
endfacet
facet normal 0.17359825646761554 -0.984802112772724 0.005333294458705628
  outer loop
    vertex -16.899661257699737 -9.366168131173097 2.4
    vertex -16.226982846084393 -9.244340837609258 3
    vertex -16.958743249084954 -9.373333584949407 3
  endloop
endfacet
facet normal 0.2797772247489935 -0.9600603697744607 0.002964945240095085
  outer loop
    vertex -15.855447135785868 -9.137922256033589 2.4
    vertex -15.817566296496054 -9.125030188387226 3
    vertex -16.226982846084393 -9.244340837609258 3
  endloop
endfacet
facet normal 0.38996118138025343 -0.9208186048278184 -0.004834668496103831
  outer loop
    vertex -15.855447135785868 -9.137922256033589 2.4
    vertex -15.526083791720442 -9.001589087916383 3
    vertex -15.817566296496054 -9.125030188387226 3
  endloop
endfacet
facet normal 0.21336012991920084 -0.9761125390714344 -0.04100934074548492
  outer loop
    vertex -15.855447135785868 -9.137922256033589 2.4
    vertex -16.226982846084393 -9.244340837609258 3
    vertex -16.899661257699737 -9.366168131173097 2.4
  endloop
endfacet
facet normal 0.07480070648503931 -0.9971985029618421 0
  outer loop
    vertex -16.899661257699737 -9.366168131173097 1.2000000000000002
    vertex -17.70001329888185 -9.426203217406531 3
    vertex -17.70001329888185 -9.426203217406531 0
  endloop
endfacet
facet normal 0.07480070648503931 -0.9971985029618421 0
  outer loop
    vertex -16.899661257699737 -9.366168131173097 1.2000000000000002
    vertex -16.899661257699737 -9.366168131173097 2.4
    vertex -17.70001329888185 -9.426203217406531 3
  endloop
endfacet
facet normal 0.21353976744134825 -0.9769343722692405 0
  outer loop
    vertex -16.899661257699737 -9.366168131173097 1.2000000000000002
    vertex -15.855447135785868 -9.137922256033589 2.4
    vertex -16.899661257699737 -9.366168131173097 2.4
  endloop
endfacet
facet normal 0.07114146220779893 -0.9974541675916825 0.004906720790954315
  outer loop
    vertex -16.899661257699737 -9.366168131173097 0.6000000000000001
    vertex -17.70001329888185 -9.426203217406531 0
    vertex -16.958743249084954 -9.373333584949407 0
  endloop
endfacet
facet normal 0.17359825646761554 -0.984802112772724 -0.005333294458705628
  outer loop
    vertex -16.899661257699737 -9.366168131173097 0.6000000000000001
    vertex -16.958743249084954 -9.373333584949407 0
    vertex -16.226982846084393 -9.244340837609258 0
  endloop
endfacet
facet normal 0.07480070648503931 -0.9971985029618421 0
  outer loop
    vertex -16.899661257699737 -9.366168131173097 0.6000000000000001
    vertex -16.899661257699737 -9.366168131173097 1.2000000000000002
    vertex -17.70001329888185 -9.426203217406531 0
  endloop
endfacet
facet normal 0.3824593058485602 -0.923972336907246 0
  outer loop
    vertex -15.855447135785868 -9.137922256033589 1.2000000000000002
    vertex -15.526083791720442 -9.001589087916383 0
    vertex -15.526083791720442 -9.001589087916383 3
  endloop
endfacet
facet normal 0.3824593058485602 -0.9239723369072461 0
  outer loop
    vertex -15.855447135785868 -9.137922256033589 1.2000000000000002
    vertex -15.526083791720442 -9.001589087916383 3
    vertex -15.855447135785868 -9.137922256033589 2.4
  endloop
endfacet
facet normal 0.21353976744134825 -0.9769343722692405 0
  outer loop
    vertex -15.855447135785868 -9.137922256033589 1.2000000000000002
    vertex -15.855447135785868 -9.137922256033589 2.4
    vertex -16.899661257699737 -9.366168131173097 1.2000000000000002
  endloop
endfacet
facet normal 0.2797772247489935 -0.9600603697744607 -0.002964945240095085
  outer loop
    vertex -15.855447135785868 -9.137922256033589 0.6000000000000001
    vertex -16.226982846084393 -9.244340837609258 0
    vertex -15.817566296496054 -9.125030188387226 0
  endloop
endfacet
facet normal 0.38996118138025343 -0.9208186048278184 0.004834668496103831
  outer loop
    vertex -15.855447135785868 -9.137922256033589 0.6000000000000001
    vertex -15.817566296496054 -9.125030188387226 0
    vertex -15.526083791720442 -9.001589087916383 0
  endloop
endfacet
facet normal 0.21353976744134825 -0.9769343722692404 0
  outer loop
    vertex -15.855447135785868 -9.137922256033589 0.6000000000000001
    vertex -15.855447135785868 -9.137922256033589 1.2000000000000002
    vertex -16.899661257699737 -9.366168131173097 1.2000000000000002
  endloop
endfacet
facet normal 0.38245930584856025 -0.9239723369072461 0
  outer loop
    vertex -15.855447135785868 -9.137922256033589 0.6000000000000001
    vertex -15.526083791720442 -9.001589087916383 0
    vertex -15.855447135785868 -9.137922256033589 1.2000000000000002
  endloop
endfacet
facet normal 0.21336012991920084 -0.9761125390714344 0.04100934074548492
  outer loop
    vertex -15.855447135785868 -9.137922256033589 0.6000000000000001
    vertex -16.899661257699737 -9.366168131173097 0.6000000000000001
    vertex -16.226982846084393 -9.244340837609258 0
  endloop
endfacet
facet normal 0.21353976744134825 -0.9769343722692404 0
  outer loop
    vertex -15.855447135785868 -9.137922256033589 0.6000000000000001
    vertex -16.899661257699737 -9.366168131173097 1.2000000000000002
    vertex -16.899661257699737 -9.366168131173097 0.6000000000000001
  endloop
endfacet
facet normal -0.8564406229231476 -0.516222222979688 -0.004906720790953708
  outer loop
    vertex -16.017602571332564 10.805557086667969 2.4
    vertex -16.0508097001906 10.854946478513462 3
    vertex -16.43444644799059 11.49142061820768 3
  endloop
endfacet
facet normal -0.7986531483073339 -0.601767982422628 0.005333294458705519
  outer loop
    vertex -16.017602571332564 10.805557086667969 2.4
    vertex -15.603664049689709 10.261504667124992 3
    vertex -16.0508097001906 10.854946478513462 3
  endloop
endfacet
facet normal -0.7284038510043879 -0.6851416196245137 0.0029649452399230173
  outer loop
    vertex -15.340170716421406 9.978776950311163 2.4
    vertex -15.311486258880132 9.950877751597242 3
    vertex -15.603664049689709 10.261504667124992 3
  endloop
endfacet
facet normal -0.6434167128821491 -0.7655008553649468 -0.004834668495815279
  outer loop
    vertex -15.340170716421406 9.978776950311163 2.4
    vertex -15.069169144997552 9.74720602504497 3
    vertex -15.311486258880132 9.950877751597242 3
  endloop
endfacet
facet normal -0.7728591686482065 -0.6332510871747669 -0.041009340745479954
  outer loop
    vertex -15.340170716421406 9.978776950311163 2.4
    vertex -15.603664049689709 10.261504667124992 3
    vertex -16.017602571332564 10.805557086667969 2.4
  endloop
endfacet
facet normal -0.8545515619318624 -0.5193665641912407 0
  outer loop
    vertex -16.017602571332564 10.805557086667969 1.2000000000000002
    vertex -16.43444644799059 11.49142061820768 3
    vertex -16.43444644799059 11.49142061820768 0
  endloop
endfacet
facet normal -0.8545515619318625 -0.5193665641912407 0
  outer loop
    vertex -16.017602571332564 10.805557086667969 1.2000000000000002
    vertex -16.017602571332564 10.805557086667969 2.4
    vertex -16.43444644799059 11.49142061820768 3
  endloop
endfacet
facet normal -0.8564406229231476 -0.516222222979688 0.004906720790953708
  outer loop
    vertex -16.017602571332564 10.805557086667969 0.6000000000000001
    vertex -16.43444644799059 11.49142061820768 0
    vertex -16.0508097001906 10.854946478513462 0
  endloop
endfacet
facet normal -0.7986531483073339 -0.601767982422628 -0.005333294458705519
  outer loop
    vertex -16.017602571332564 10.805557086667969 0.6000000000000001
    vertex -16.0508097001906 10.854946478513462 0
    vertex -15.603664049689709 10.261504667124992 0
  endloop
endfacet
facet normal -0.8545515619318623 -0.5193665641912407 0
  outer loop
    vertex -16.017602571332564 10.805557086667969 0.6000000000000001
    vertex -16.017602571332564 10.805557086667969 1.2000000000000002
    vertex -16.43444644799059 11.49142061820768 0
  endloop
endfacet
facet normal -0.6496324889617059 -0.7602483997256549 0
  outer loop
    vertex -15.340170716421406 9.978776950311163 1.2000000000000002
    vertex -15.069169144997552 9.74720602504497 0
    vertex -15.069169144997552 9.74720602504497 3
  endloop
endfacet
facet normal -0.7735098736607946 -0.6337842498431637 0
  outer loop
    vertex -15.340170716421406 9.978776950311163 1.2000000000000002
    vertex -16.017602571332564 10.805557086667969 2.4
    vertex -16.017602571332564 10.805557086667969 1.2000000000000002
  endloop
endfacet
facet normal -0.6496324889617058 -0.7602483997256548 0
  outer loop
    vertex -15.340170716421406 9.978776950311163 1.2000000000000002
    vertex -15.069169144997552 9.74720602504497 3
    vertex -15.340170716421406 9.978776950311163 2.4
  endloop
endfacet
facet normal -0.7735098736607946 -0.6337842498431637 0
  outer loop
    vertex -15.340170716421406 9.978776950311163 1.2000000000000002
    vertex -15.340170716421406 9.978776950311163 2.4
    vertex -16.017602571332564 10.805557086667969 2.4
  endloop
endfacet
facet normal -0.7284038510043879 -0.6851416196245137 -0.0029649452399230173
  outer loop
    vertex -15.340170716421406 9.978776950311163 0.6000000000000001
    vertex -15.603664049689709 10.261504667124992 0
    vertex -15.311486258880132 9.950877751597242 0
  endloop
endfacet
facet normal -0.6434167128821491 -0.7655008553649468 0.004834668495815279
  outer loop
    vertex -15.340170716421406 9.978776950311163 0.6000000000000001
    vertex -15.311486258880132 9.950877751597242 0
    vertex -15.069169144997552 9.74720602504497 0
  endloop
endfacet
facet normal -0.7735098736607945 -0.6337842498431637 0
  outer loop
    vertex -15.340170716421406 9.978776950311163 0.6000000000000001
    vertex -15.340170716421406 9.978776950311163 1.2000000000000002
    vertex -16.017602571332564 10.805557086667969 1.2000000000000002
  endloop
endfacet
facet normal -0.6496324889617059 -0.7602483997256548 0
  outer loop
    vertex -15.340170716421406 9.978776950311163 0.6000000000000001
    vertex -15.069169144997552 9.74720602504497 0
    vertex -15.340170716421406 9.978776950311163 1.2000000000000002
  endloop
endfacet
facet normal -0.7728591686482065 -0.6332510871747669 0.041009340745479954
  outer loop
    vertex -15.340170716421406 9.978776950311163 0.6000000000000001
    vertex -16.017602571332564 10.805557086667969 0.6000000000000001
    vertex -15.603664049689709 10.261504667124992 0
  endloop
endfacet
facet normal -0.7735098736607945 -0.6337842498431637 0
  outer loop
    vertex -15.340170716421406 9.978776950311163 0.6000000000000001
    vertex -16.017602571332564 10.805557086667969 1.2000000000000002
    vertex -16.017602571332564 10.805557086667969 0.6000000000000001
  endloop
endfacet
facet normal -0.8910065241883645 -0.45399049973955335 0
  outer loop
    vertex -17.70001329888185 -9.426203217406531 0
    vertex -18.029765377777096 -8.779028323154568 3
    vertex -18.029765377777096 -8.779028323154568 0
  endloop
endfacet
facet normal -0.8910065241883645 -0.45399049973955335 0
  outer loop
    vertex -17.70001329888185 -9.426203217406531 0
    vertex -17.70001329888185 -9.426203217406531 3
    vertex -18.029765377777096 -8.779028323154568 3
  endloop
endfacet
facet normal -0.5431164433270504 -0.8396573878599383 0
  outer loop
    vertex -15.034007675424599 9.724462495871379 0
    vertex -15.069169144997552 9.74720602504497 3
    vertex -15.069169144997552 9.74720602504497 0
  endloop
endfacet
facet normal -0.5431164433270504 -0.8396573878599383 0
  outer loop
    vertex -15.034007675424599 9.724462495871379 0
    vertex -15.034007675424599 9.724462495871379 3
    vertex -15.069169144997552 9.74720602504497 3
  endloop
endfacet
facet normal -0.5337797894020322 0.8455879161051836 0.0077596754323598065
  outer loop
    vertex -16.7123323933261 -7.456190247572639 2.4
    vertex -16.77015551234804 -7.4981972546229825 3
    vertex -16.408441627134913 -7.26986433051715 3
  endloop
endfacet
facet normal -0.6415645811395163 0.7670259603413324 -0.008128000352727496
  outer loop
    vertex -16.7123323933261 -7.456190247572639 2.4
    vertex -17.20788846035167 -7.864330827614358 3
    vertex -16.77015551234804 -7.4981972546229825 3
  endloop
endfacet
facet normal -0.7164389619339435 0.6975785531286359 0.00996875308008493
  outer loop
    vertex -17.510760846306454 -8.16681765866368 2.4
    vertex -17.63727382635189 -8.305325471883615 3
    vertex -17.20788846035167 -7.864330827614358 3
  endloop
endfacet
facet normal -0.7699380829045761 0.6379404131720402 -0.015079049542745946
  outer loop
    vertex -17.510760846306454 -8.16681765866368 2.4
    vertex -18.029765377777096 -8.779028323154568 3
    vertex -17.63727382635189 -8.305325471883615 3
  endloop
endfacet
facet normal -0.6642832902358895 0.7463583186995739 -0.040950829311824886
  outer loop
    vertex -17.510760846306454 -8.16681765866368 2.4
    vertex -17.20788846035167 -7.864330827614358 3
    vertex -16.7123323933261 -7.456190247572639 2.4
  endloop
endfacet
facet normal -0.5227053833104953 0.8525133912486231 0
  outer loop
    vertex -16.7123323933261 -7.456190247572639 1.2000000000000002
    vertex -16.408441627134913 -7.26986433051715 3
    vertex -16.408441627134913 -7.26986433051715 0
  endloop
endfacet
facet normal -0.5227053833104954 0.8525133912486234 0
  outer loop
    vertex -16.7123323933261 -7.456190247572639 1.2000000000000002
    vertex -16.7123323933261 -7.456190247572639 2.4
    vertex -16.408441627134913 -7.26986433051715 3
  endloop
endfacet
facet normal -0.5337797894020322 0.8455879161051836 -0.0077596754323598065
  outer loop
    vertex -16.7123323933261 -7.456190247572639 0.6000000000000001
    vertex -16.408441627134913 -7.26986433051715 0
    vertex -16.77015551234804 -7.4981972546229825 0
  endloop
endfacet
facet normal -0.6415645811395163 0.7670259603413324 0.008128000352727496
  outer loop
    vertex -16.7123323933261 -7.456190247572639 0.6000000000000001
    vertex -16.77015551234804 -7.4981972546229825 0
    vertex -17.20788846035167 -7.864330827614358 0
  endloop
endfacet
facet normal -0.5227053833104954 0.8525133912486232 0
  outer loop
    vertex -16.7123323933261 -7.456190247572639 0.6000000000000001
    vertex -16.7123323933261 -7.456190247572639 1.2000000000000002
    vertex -16.408441627134913 -7.26986433051715 0
  endloop
endfacet
facet normal -0.7627837835284197 0.6466536163867552 0
  outer loop
    vertex -17.510760846306454 -8.16681765866368 1.2000000000000002
    vertex -18.029765377777096 -8.779028323154568 0
    vertex -18.029765377777096 -8.779028323154568 3
  endloop
endfacet
facet normal -0.7627837835284197 0.6466536163867552 0
  outer loop
    vertex -17.510760846306454 -8.16681765866368 1.2000000000000002
    vertex -18.029765377777096 -8.779028323154568 3
    vertex -17.510760846306454 -8.16681765866368 2.4
  endloop
endfacet
facet normal -0.6648409834748472 0.7469849173123898 0
  outer loop
    vertex -17.510760846306454 -8.16681765866368 1.2000000000000002
    vertex -16.7123323933261 -7.456190247572639 2.4
    vertex -16.7123323933261 -7.456190247572639 1.2000000000000002
  endloop
endfacet
facet normal -0.6648409834748472 0.7469849173123898 0
  outer loop
    vertex -17.510760846306454 -8.16681765866368 1.2000000000000002
    vertex -17.510760846306454 -8.16681765866368 2.4
    vertex -16.7123323933261 -7.456190247572639 2.4
  endloop
endfacet
facet normal -0.7164389619339435 0.6975785531286359 -0.00996875308008493
  outer loop
    vertex -17.510760846306454 -8.16681765866368 0.6000000000000001
    vertex -17.20788846035167 -7.864330827614358 0
    vertex -17.63727382635189 -8.305325471883615 0
  endloop
endfacet
facet normal -0.7699380829045761 0.6379404131720402 0.015079049542745946
  outer loop
    vertex -17.510760846306454 -8.16681765866368 0.6000000000000001
    vertex -17.63727382635189 -8.305325471883615 0
    vertex -18.029765377777096 -8.779028323154568 0
  endloop
endfacet
facet normal -0.7627837835284198 0.6466536163867553 0
  outer loop
    vertex -17.510760846306454 -8.16681765866368 0.6000000000000001
    vertex -18.029765377777096 -8.779028323154568 0
    vertex -17.510760846306454 -8.16681765866368 1.2000000000000002
  endloop
endfacet
facet normal -0.6648409834748472 0.7469849173123897 0
  outer loop
    vertex -17.510760846306454 -8.16681765866368 0.6000000000000001
    vertex -17.510760846306454 -8.16681765866368 1.2000000000000002
    vertex -16.7123323933261 -7.456190247572639 1.2000000000000002
  endloop
endfacet
facet normal -0.6648409834748472 0.7469849173123897 0
  outer loop
    vertex -17.510760846306454 -8.16681765866368 0.6000000000000001
    vertex -16.7123323933261 -7.456190247572639 1.2000000000000002
    vertex -16.7123323933261 -7.456190247572639 0.6000000000000001
  endloop
endfacet
facet normal -0.6642832902358895 0.7463583186995739 0.040950829311824886
  outer loop
    vertex -17.510760846306454 -8.16681765866368 0.6000000000000001
    vertex -16.7123323933261 -7.456190247572639 0.6000000000000001
    vertex -17.20788846035167 -7.864330827614358 0
  endloop
endfacet
facet normal -0.8526401643540895 0.5224985647159534 0
  outer loop
    vertex -15.489856185700697 8.980585335302191 0
    vertex -15.034007675424599 9.724462495871379 3
    vertex -15.034007675424599 9.724462495871379 0
  endloop
endfacet
facet normal -0.8526401643540895 0.5224985647159534 0
  outer loop
    vertex -15.489856185700697 8.980585335302191 0
    vertex -15.489856185700697 8.980585335302191 3
    vertex -15.034007675424599 9.724462495871379 3
  endloop
endfacet
facet normal -0.4050784243726653 0.9142819423502572 0
  outer loop
    vertex -16.408441627134913 -7.26986433051715 0
    vertex -16.370155181780124 -7.252901277611084 3
    vertex -16.370155181780124 -7.252901277611084 0
  endloop
endfacet
facet normal -0.4050784243726653 0.9142819423502572 0
  outer loop
    vertex -16.408441627134913 -7.26986433051715 0
    vertex -16.408441627134913 -7.26986433051715 3
    vertex -16.370155181780124 -7.252901277611084 3
  endloop
endfacet
facet normal 0.5015705051434195 0.8651167715228824 0
  outer loop
    vertex -15.526083791720431 9.001589087916383 0
    vertex -15.489856185700697 8.980585335302191 3
    vertex -15.489856185700697 8.980585335302191 0
  endloop
endfacet
facet normal 0.5015705051434195 0.8651167715228824 0
  outer loop
    vertex -15.526083791720431 9.001589087916383 0
    vertex -15.526083791720431 9.001589087916383 3
    vertex -15.489856185700697 8.980585335302191 3
  endloop
endfacet
facet normal -0.9238795325112908 -0.38268343236507985 0
  outer loop
    vertex -16.370155181780124 -7.252901277611084 0
    vertex -16.70402341478819 -6.446872061437448 3
    vertex -16.70402341478819 -6.446872061437448 0
  endloop
endfacet
facet normal -0.9238795325112908 -0.38268343236507985 0
  outer loop
    vertex -16.370155181780124 -7.252901277611084 0
    vertex -16.370155181780124 -7.252901277611084 3
    vertex -16.70402341478819 -6.446872061437448 3
  endloop
endfacet
facet normal 0.37034710618474836 0.9288610274835335 0.007759675432449222
  outer loop
    vertex -15.855447135785866 9.13792225603359 2.4
    vertex -15.923419094975898 9.160011042753228 3
    vertex -15.526083791720431 9.001589087916383 3
  endloop
endfacet
facet normal 0.24343483785562559 0.9698831967450872 -0.008128000352845579
  outer loop
    vertex -15.855447135785866 9.13792225603359 2.4
    vertex -16.476920349017345 9.298936522112655 3
    vertex -15.923419094975898 9.160011042753228 3
  endloop
endfacet
facet normal 0.1432406483998134 0.989637681481475 0.009968753080086414
  outer loop
    vertex -16.899661257699734 9.366168131173096 2.4
    vertex -17.08607889634366 9.387106432101014 3
    vertex -16.476920349017345 9.298936522112655 3
  endloop
endfacet
facet normal 0.06354638534505327 0.9978649603901638 -0.015079049542820943
  outer loop
    vertex -16.899661257699734 9.366168131173096 2.4
    vertex -17.700013298881842 9.426203217406535 3
    vertex -17.08607889634366 9.387106432101014 3
  endloop
endfacet
facet normal 0.21336064237608876 0.976114883537559 -0.04095082931175188
  outer loop
    vertex -16.899661257699734 9.366168131173096 2.4
    vertex -16.476920349017345 9.298936522112655 3
    vertex -15.855447135785866 9.13792225603359 2.4
  endloop
endfacet
facet normal 0.3824593058485557 0.923972336907248 0
  outer loop
    vertex -15.855447135785866 9.13792225603359 1.2000000000000002
    vertex -15.526083791720431 9.001589087916383 3
    vertex -15.526083791720431 9.001589087916383 0
  endloop
endfacet
facet normal 0.38245930584855564 0.9239723369072479 0
  outer loop
    vertex -15.855447135785866 9.13792225603359 1.2000000000000002
    vertex -15.855447135785866 9.13792225603359 2.4
    vertex -15.526083791720431 9.001589087916383 3
  endloop
endfacet
facet normal 0.37034710618474836 0.9288610274835335 -0.007759675432449222
  outer loop
    vertex -15.855447135785866 9.13792225603359 0.6000000000000001
    vertex -15.526083791720431 9.001589087916383 0
    vertex -15.923419094975898 9.160011042753228 0
  endloop
endfacet
facet normal 0.24343483785562559 0.9698831967450872 0.008128000352845579
  outer loop
    vertex -15.855447135785866 9.13792225603359 0.6000000000000001
    vertex -15.923419094975898 9.160011042753228 0
    vertex -16.476920349017345 9.298936522112655 0
  endloop
endfacet
facet normal 0.3824593058485557 0.923972336907248 0
  outer loop
    vertex -15.855447135785866 9.13792225603359 0.6000000000000001
    vertex -15.855447135785866 9.13792225603359 1.2000000000000002
    vertex -15.526083791720431 9.001589087916383 0
  endloop
endfacet
facet normal 0.07480070648504625 0.9971985029618416 0
  outer loop
    vertex -16.899661257699734 9.366168131173096 1.2000000000000002
    vertex -17.700013298881842 9.426203217406535 0
    vertex -17.700013298881842 9.426203217406535 3
  endloop
endfacet
facet normal 0.07480070648504625 0.9971985029618415 0
  outer loop
    vertex -16.899661257699734 9.366168131173096 1.2000000000000002
    vertex -17.700013298881842 9.426203217406535 3
    vertex -16.899661257699734 9.366168131173096 2.4
  endloop
endfacet
facet normal 0.21353976744134542 0.9769343722692412 0
  outer loop
    vertex -16.899661257699734 9.366168131173096 1.2000000000000002
    vertex -15.855447135785866 9.13792225603359 2.4
    vertex -15.855447135785866 9.13792225603359 1.2000000000000002
  endloop
endfacet
facet normal 0.21353976744134542 0.9769343722692412 0
  outer loop
    vertex -16.899661257699734 9.366168131173096 1.2000000000000002
    vertex -16.899661257699734 9.366168131173096 2.4
    vertex -15.855447135785866 9.13792225603359 2.4
  endloop
endfacet
facet normal 0.1432406483998134 0.989637681481475 -0.009968753080086414
  outer loop
    vertex -16.899661257699734 9.366168131173096 0.6000000000000001
    vertex -16.476920349017345 9.298936522112655 0
    vertex -17.08607889634366 9.387106432101014 0
  endloop
endfacet
facet normal 0.06354638534505327 0.9978649603901638 0.015079049542820943
  outer loop
    vertex -16.899661257699734 9.366168131173096 0.6000000000000001
    vertex -17.08607889634366 9.387106432101014 0
    vertex -17.700013298881842 9.426203217406535 0
  endloop
endfacet
facet normal 0.07480070648504625 0.9971985029618416 0
  outer loop
    vertex -16.899661257699734 9.366168131173096 0.6000000000000001
    vertex -17.700013298881842 9.426203217406535 0
    vertex -16.899661257699734 9.366168131173096 1.2000000000000002
  endloop
endfacet
facet normal 0.2135397674413454 0.9769343722692411 0
  outer loop
    vertex -16.899661257699734 9.366168131173096 0.6000000000000001
    vertex -16.899661257699734 9.366168131173096 1.2000000000000002
    vertex -15.855447135785866 9.13792225603359 1.2000000000000002
  endloop
endfacet
facet normal 0.2135397674413454 0.9769343722692411 0
  outer loop
    vertex -16.899661257699734 9.366168131173096 0.6000000000000001
    vertex -15.855447135785866 9.13792225603359 1.2000000000000002
    vertex -15.855447135785866 9.13792225603359 0.6000000000000001
  endloop
endfacet
facet normal 0.21336064237608876 0.976114883537559 0.04095082931175188
  outer loop
    vertex -16.899661257699734 9.366168131173096 0.6000000000000001
    vertex -15.855447135785866 9.13792225603359 0.6000000000000001
    vertex -16.476920349017345 9.298936522112655 0
  endloop
endfacet
facet normal 0.3600612605659683 -0.9329286621385613 0
  outer loop
    vertex -16.70402341478819 -6.446872061437448 0
    vertex -16.743090709665605 -6.461949976835845 3
    vertex -16.743090709665605 -6.461949976835845 0
  endloop
endfacet
facet normal 0.3600612605659683 -0.9329286621385613 0
  outer loop
    vertex -16.70402341478819 -6.446872061437448 0
    vertex -16.70402341478819 -6.446872061437448 3
    vertex -16.743090709665605 -6.461949976835845 3
  endloop
endfacet
facet normal -0.8910065241883699 0.4539904997395426 0
  outer loop
    vertex -18.029765377777082 8.779028323154566 0
    vertex -17.700013298881842 9.426203217406535 3
    vertex -17.700013298881842 9.426203217406535 0
  endloop
endfacet
facet normal -0.8910065241883699 0.4539904997395426 0
  outer loop
    vertex -18.029765377777082 8.779028323154566 0
    vertex -18.029765377777082 8.779028323154566 3
    vertex -17.700013298881842 9.426203217406535 3
  endloop
endfacet
facet normal -0.08577061635382205 -0.9963028281909898 -0.004906720790953592
  outer loop
    vertex -18.156789885314314 -6.607165591004046 2.4
    vertex -18.2162654032729 -6.605000366438122 3
    vertex -18.956679821359977 -6.54125890229725 3
  endloop
endfacet
facet normal 0.01740398217862017 -0.9998343149615055 0.0053332944587061604
  outer loop
    vertex -18.156789885314314 -6.607165591004046 2.4
    vertex -17.473335273695827 -6.592068281049937 3
    vertex -18.2162654032729 -6.605000366438122 3
  endloop
endfacet
facet normal 0.12614617249651516 -0.9920072339777585 0.002964945240009227
  outer loop
    vertex -17.089726250640105 -6.54508087888887 2.4
    vertex -17.050295023637204 -6.538273402818172 3
    vertex -17.473335273695827 -6.592068281049937 3
  endloop
endfacet
facet normal 0.24111234628841563 -0.9704851685872531 -0.004834668495959431
  outer loop
    vertex -17.089726250640105 -6.54508087888887 2.4
    vertex -16.743090709665605 -6.461949976835845 3
    vertex -17.050295023637204 -6.538273402818172 3
  endloop
endfacet
facet normal 0.05803566980035746 -0.9974718517343959 -0.04100934074548215
  outer loop
    vertex -17.089726250640105 -6.54508087888887 2.4
    vertex -17.473335273695827 -6.592068281049937 3
    vertex -18.156789885314314 -6.607165591004046 2.4
  endloop
endfacet
facet normal -0.08211642868620404 -0.9966227431379557 0
  outer loop
    vertex -18.156789885314314 -6.607165591004046 1.2000000000000002
    vertex -18.956679821359977 -6.54125890229725 3
    vertex -18.956679821359977 -6.54125890229725 0
  endloop
endfacet
facet normal -0.08211642868620404 -0.9966227431379557 0
  outer loop
    vertex -18.156789885314314 -6.607165591004046 1.2000000000000002
    vertex -18.156789885314314 -6.607165591004046 2.4
    vertex -18.956679821359977 -6.54125890229725 3
  endloop
endfacet
facet normal -0.08577061635382205 -0.9963028281909898 0.004906720790953592
  outer loop
    vertex -18.156789885314314 -6.607165591004046 0.6000000000000001
    vertex -18.956679821359977 -6.54125890229725 0
    vertex -18.2162654032729 -6.605000366438122 0
  endloop
endfacet
facet normal 0.01740398217862017 -0.9998343149615055 -0.0053332944587061604
  outer loop
    vertex -18.156789885314314 -6.607165591004046 0.6000000000000001
    vertex -18.2162654032729 -6.605000366438122 0
    vertex -17.473335273695827 -6.592068281049937 0
  endloop
endfacet
facet normal -0.08211642868620403 -0.9966227431379555 0
  outer loop
    vertex -18.156789885314314 -6.607165591004046 0.6000000000000001
    vertex -18.156789885314314 -6.607165591004046 1.2000000000000002
    vertex -18.956679821359977 -6.54125890229725 0
  endloop
endfacet
facet normal 0.23320947890267665 -0.9724265211058067 0
  outer loop
    vertex -17.089726250640105 -6.54508087888887 1.2000000000000002
    vertex -16.743090709665605 -6.461949976835845 0
    vertex -16.743090709665605 -6.461949976835845 3
  endloop
endfacet
facet normal 0.23320947890267663 -0.9724265211058066 0
  outer loop
    vertex -17.089726250640105 -6.54508087888887 1.2000000000000002
    vertex -16.743090709665605 -6.461949976835845 3
    vertex -17.089726250640105 -6.54508087888887 2.4
  endloop
endfacet
facet normal 0.05808453264986477 -0.9983116683014612 0
  outer loop
    vertex -17.089726250640105 -6.54508087888887 1.2000000000000002
    vertex -18.156789885314314 -6.607165591004046 2.4
    vertex -18.156789885314314 -6.607165591004046 1.2000000000000002
  endloop
endfacet
facet normal 0.05808453264986477 -0.9983116683014612 0
  outer loop
    vertex -17.089726250640105 -6.54508087888887 1.2000000000000002
    vertex -17.089726250640105 -6.54508087888887 2.4
    vertex -18.156789885314314 -6.607165591004046 2.4
  endloop
endfacet
facet normal 0.12614617249651516 -0.9920072339777585 -0.002964945240009227
  outer loop
    vertex -17.089726250640105 -6.54508087888887 0.6000000000000001
    vertex -17.473335273695827 -6.592068281049937 0
    vertex -17.050295023637204 -6.538273402818172 0
  endloop
endfacet
facet normal 0.24111234628841563 -0.9704851685872531 0.004834668495959431
  outer loop
    vertex -17.089726250640105 -6.54508087888887 0.6000000000000001
    vertex -17.050295023637204 -6.538273402818172 0
    vertex -16.743090709665605 -6.461949976835845 0
  endloop
endfacet
facet normal 0.058084532649864774 -0.9983116683014613 0
  outer loop
    vertex -17.089726250640105 -6.54508087888887 0.6000000000000001
    vertex -17.089726250640105 -6.54508087888887 1.2000000000000002
    vertex -18.156789885314314 -6.607165591004046 1.2000000000000002
  endloop
endfacet
facet normal 0.23320947890267665 -0.9724265211058069 0
  outer loop
    vertex -17.089726250640105 -6.54508087888887 0.6000000000000001
    vertex -16.743090709665605 -6.461949976835845 0
    vertex -17.089726250640105 -6.54508087888887 1.2000000000000002
  endloop
endfacet
facet normal 0.05803566980035746 -0.9974718517343959 0.04100934074548215
  outer loop
    vertex -17.089726250640105 -6.54508087888887 0.6000000000000001
    vertex -18.156789885314314 -6.607165591004046 0.6000000000000001
    vertex -17.473335273695827 -6.592068281049937 0
  endloop
endfacet
facet normal 0.058084532649864774 -0.9983116683014613 0
  outer loop
    vertex -17.089726250640105 -6.54508087888887 0.6000000000000001
    vertex -18.156789885314314 -6.607165591004046 1.2000000000000002
    vertex -18.156789885314314 -6.607165591004046 0.6000000000000001
  endloop
endfacet
facet normal -0.765141470379525 -0.6438435014788441 -0.004906720790954951
  outer loop
    vertex -17.510760846306454 8.166817658663684 2.4
    vertex -17.55128534339619 8.210404245700133 3
    vertex -18.029765377777082 8.779028323154566 3
  endloop
endfacet
facet normal -0.69468315035413 -0.7192960979904437 0.005333294458704803
  outer loop
    vertex -17.510760846306454 8.166817658663684 2.4
    vertex -17.01681004555157 7.694217678401255 3
    vertex -17.55128534339619 8.210404245700133 3
  endloop
endfacet
facet normal -0.6122562281386645 -0.7906538561248776 0.0029649452400904446
  outer loop
    vertex -16.712332393326093 7.456190247572643 2.4
    vertex -16.679636692828588 7.433121772060118 3
    vertex -17.01681004555157 7.694217678401255 3
  endloop
endfacet
facet normal -0.5157444686604928 -0.8567288188374655 -0.0048346684960961055
  outer loop
    vertex -16.712332393326093 7.456190247572643 2.4
    vertex -16.40844162713491 7.26986433051715 3
    vertex -16.679636692828588 7.433121772060118 3
  endloop
endfacet
facet normal -0.664281694737554 -0.7463565260706334 -0.04100934074548225
  outer loop
    vertex -16.712332393326093 7.456190247572643 2.4
    vertex -17.01681004555157 7.694217678401255 3
    vertex -17.510760846306454 8.166817658663684 2.4
  endloop
endfacet
facet normal -0.7627837835284257 -0.6466536163867482 0
  outer loop
    vertex -17.510760846306454 8.166817658663684 1.2000000000000002
    vertex -18.029765377777082 8.779028323154566 3
    vertex -18.029765377777082 8.779028323154566 0
  endloop
endfacet
facet normal -0.7627837835284256 -0.6466536163867482 0
  outer loop
    vertex -17.510760846306454 8.166817658663684 1.2000000000000002
    vertex -17.510760846306454 8.166817658663684 2.4
    vertex -18.029765377777082 8.779028323154566 3
  endloop
endfacet
facet normal -0.765141470379525 -0.6438435014788441 0.004906720790954951
  outer loop
    vertex -17.510760846306454 8.166817658663684 0.6000000000000001
    vertex -18.029765377777082 8.779028323154566 0
    vertex -17.55128534339619 8.210404245700133 0
  endloop
endfacet
facet normal -0.69468315035413 -0.7192960979904437 -0.005333294458704803
  outer loop
    vertex -17.510760846306454 8.166817658663684 0.6000000000000001
    vertex -17.55128534339619 8.210404245700133 0
    vertex -17.01681004555157 7.694217678401255 0
  endloop
endfacet
facet normal -0.7627837835284258 -0.6466536163867483 0
  outer loop
    vertex -17.510760846306454 8.166817658663684 0.6000000000000001
    vertex -17.510760846306454 8.166817658663684 1.2000000000000002
    vertex -18.029765377777082 8.779028323154566 0
  endloop
endfacet
facet normal -0.522705383310507 -0.852513391248616 0
  outer loop
    vertex -16.712332393326093 7.456190247572643 1.2000000000000002
    vertex -16.40844162713491 7.26986433051715 0
    vertex -16.40844162713491 7.26986433051715 3
  endloop
endfacet
facet normal -0.5227053833105071 -0.8525133912486161 0
  outer loop
    vertex -16.712332393326093 7.456190247572643 1.2000000000000002
    vertex -16.40844162713491 7.26986433051715 3
    vertex -16.712332393326093 7.456190247572643 2.4
  endloop
endfacet
facet normal -0.664840983474844 -0.7469849173123928 0
  outer loop
    vertex -16.712332393326093 7.456190247572643 1.2000000000000002
    vertex -17.510760846306454 8.166817658663684 2.4
    vertex -17.510760846306454 8.166817658663684 1.2000000000000002
  endloop
endfacet
facet normal -0.664840983474844 -0.7469849173123928 0
  outer loop
    vertex -16.712332393326093 7.456190247572643 1.2000000000000002
    vertex -16.712332393326093 7.456190247572643 2.4
    vertex -17.510760846306454 8.166817658663684 2.4
  endloop
endfacet
facet normal -0.6122562281386645 -0.7906538561248776 -0.0029649452400904446
  outer loop
    vertex -16.712332393326093 7.456190247572643 0.6000000000000001
    vertex -17.01681004555157 7.694217678401255 0
    vertex -16.679636692828588 7.433121772060118 0
  endloop
endfacet
facet normal -0.5157444686604928 -0.8567288188374655 0.0048346684960961055
  outer loop
    vertex -16.712332393326093 7.456190247572643 0.6000000000000001
    vertex -16.679636692828588 7.433121772060118 0
    vertex -16.40844162713491 7.26986433051715 0
  endloop
endfacet
facet normal -0.664840983474844 -0.7469849173123928 0
  outer loop
    vertex -16.712332393326093 7.456190247572643 0.6000000000000001
    vertex -16.712332393326093 7.456190247572643 1.2000000000000002
    vertex -17.510760846306454 8.166817658663684 1.2000000000000002
  endloop
endfacet
facet normal -0.5227053833105071 -0.8525133912486161 0
  outer loop
    vertex -16.712332393326093 7.456190247572643 0.6000000000000001
    vertex -16.40844162713491 7.26986433051715 0
    vertex -16.712332393326093 7.456190247572643 1.2000000000000002
  endloop
endfacet
facet normal -0.664281694737554 -0.7463565260706334 0.04100934074548225
  outer loop
    vertex -16.712332393326093 7.456190247572643 0.6000000000000001
    vertex -17.510760846306454 8.166817658663684 0.6000000000000001
    vertex -17.01681004555157 7.694217678401255 0
  endloop
endfacet
facet normal -0.664840983474844 -0.7469849173123928 0
  outer loop
    vertex -16.712332393326093 7.456190247572643 0.6000000000000001
    vertex -17.510760846306454 8.166817658663684 1.2000000000000002
    vertex -17.510760846306454 8.166817658663684 0.6000000000000001
  endloop
endfacet
facet normal -0.9510565162951522 -0.3090169943749513 0
  outer loop
    vertex -18.956679821359977 -6.54125890229725 0
    vertex -19.181131646602044 -5.850467214860814 3
    vertex -19.181131646602044 -5.850467214860814 0
  endloop
endfacet
facet normal -0.9510565162951522 -0.3090169943749513 0
  outer loop
    vertex -18.956679821359977 -6.54125890229725 0
    vertex -18.956679821359977 -6.54125890229725 3
    vertex -19.181131646602044 -5.850467214860814 3
  endloop
endfacet
facet normal -0.4050784243726556 -0.9142819423502614 0
  outer loop
    vertex -16.370155181780113 7.252901277611081 0
    vertex -16.40844162713491 7.26986433051715 3
    vertex -16.40844162713491 7.26986433051715 0
  endloop
endfacet
facet normal -0.4050784243726556 -0.9142819423502614 0
  outer loop
    vertex -16.370155181780113 7.252901277611081 0
    vertex -16.370155181780113 7.252901277611081 3
    vertex -16.40844162713491 7.26986433051715 3
  endloop
endfacet
facet normal -0.3949289811374099 0.9186788814895829 0.0077596754324188
  outer loop
    vertex -17.672980981655837 -4.7500073952621795 2.4
    vertex -17.736663545807023 -4.782451697658212 3
    vertex -17.34368381991657 -4.613514448875559 3
  endloop
endfacet
facet normal -0.5136765607524936 0.8579454100021485 -0.008128000352805871
  outer loop
    vertex -17.672980981655837 -4.7500073952621795 2.4
    vertex -18.226283184469313 -5.075601039251279 3
    vertex -17.736663545807023 -4.782451697658212 3
  endloop
endfacet
facet normal -0.5984930816681516 0.8010659493183987 0.009968753080086308
  outer loop
    vertex -18.572746074360897 -5.32698407578923 2.4
    vertex -18.719368865351186 -5.4439956376342575 3
    vertex -18.226283184469313 -5.075601039251279 3
  endloop
endfacet
facet normal -0.6606630002029384 0.7505311601977218 -0.0150790495427951
  outer loop
    vertex -18.572746074360897 -5.32698407578923 2.4
    vertex -19.181131646602044 -5.850467214860814 3
    vertex -18.719368865351186 -5.4439956376342575 3
  endloop
endfacet
facet normal -0.5393486963040725 0.8410862104289756 -0.040950829311778444
  outer loop
    vertex -18.572746074360897 -5.32698407578923 2.4
    vertex -18.226283184469313 -5.075601039251279 3
    vertex -17.672980981655837 -4.7500073952621795 2.4
  endloop
endfacet
facet normal -0.3829075363624788 0.9237866737493116 0
  outer loop
    vertex -17.672980981655837 -4.7500073952621795 1.2000000000000002
    vertex -17.34368381991657 -4.613514448875559 3
    vertex -17.34368381991657 -4.613514448875559 0
  endloop
endfacet
facet normal -0.3829075363624788 0.9237866737493116 0
  outer loop
    vertex -17.672980981655837 -4.7500073952621795 1.2000000000000002
    vertex -17.672980981655837 -4.7500073952621795 2.4
    vertex -17.34368381991657 -4.613514448875559 3
  endloop
endfacet
facet normal -0.3949289811374099 0.9186788814895829 -0.0077596754324188
  outer loop
    vertex -17.672980981655837 -4.7500073952621795 0.6000000000000001
    vertex -17.34368381991657 -4.613514448875559 0
    vertex -17.736663545807023 -4.782451697658212 0
  endloop
endfacet
facet normal -0.5136765607524936 0.8579454100021485 0.008128000352805871
  outer loop
    vertex -17.672980981655837 -4.7500073952621795 0.6000000000000001
    vertex -17.736663545807023 -4.782451697658212 0
    vertex -18.226283184469313 -5.075601039251279 0
  endloop
endfacet
facet normal -0.38290753636247876 0.9237866737493116 0
  outer loop
    vertex -17.672980981655837 -4.7500073952621795 0.6000000000000001
    vertex -17.672980981655837 -4.7500073952621795 1.2000000000000002
    vertex -17.34368381991657 -4.613514448875559 0
  endloop
endfacet
facet normal -0.6522337368402737 0.75801791042651 0
  outer loop
    vertex -18.572746074360897 -5.32698407578923 1.2000000000000002
    vertex -19.181131646602044 -5.850467214860814 0
    vertex -19.181131646602044 -5.850467214860814 3
  endloop
endfacet
facet normal -0.6522337368402737 0.75801791042651 0
  outer loop
    vertex -18.572746074360897 -5.32698407578923 1.2000000000000002
    vertex -19.181131646602044 -5.850467214860814 3
    vertex -18.572746074360897 -5.32698407578923 2.4
  endloop
endfacet
facet normal -0.5398015017950277 0.8417923370165783 0
  outer loop
    vertex -18.572746074360897 -5.32698407578923 1.2000000000000002
    vertex -17.672980981655837 -4.7500073952621795 2.4
    vertex -17.672980981655837 -4.7500073952621795 1.2000000000000002
  endloop
endfacet
facet normal -0.5398015017950277 0.8417923370165783 0
  outer loop
    vertex -18.572746074360897 -5.32698407578923 1.2000000000000002
    vertex -18.572746074360897 -5.32698407578923 2.4
    vertex -17.672980981655837 -4.7500073952621795 2.4
  endloop
endfacet
facet normal -0.5984930816681516 0.8010659493183987 -0.009968753080086308
  outer loop
    vertex -18.572746074360897 -5.32698407578923 0.6000000000000001
    vertex -18.226283184469313 -5.075601039251279 0
    vertex -18.719368865351186 -5.4439956376342575 0
  endloop
endfacet
facet normal -0.6606630002029384 0.7505311601977218 0.0150790495427951
  outer loop
    vertex -18.572746074360897 -5.32698407578923 0.6000000000000001
    vertex -18.719368865351186 -5.4439956376342575 0
    vertex -19.181131646602044 -5.850467214860814 0
  endloop
endfacet
facet normal -0.6522337368402739 0.75801791042651 0
  outer loop
    vertex -18.572746074360897 -5.32698407578923 0.6000000000000001
    vertex -19.181131646602044 -5.850467214860814 0
    vertex -18.572746074360897 -5.32698407578923 1.2000000000000002
  endloop
endfacet
facet normal -0.5398015017950278 0.8417923370165783 0
  outer loop
    vertex -18.572746074360897 -5.32698407578923 0.6000000000000001
    vertex -18.572746074360897 -5.32698407578923 1.2000000000000002
    vertex -17.672980981655837 -4.7500073952621795 1.2000000000000002
  endloop
endfacet
facet normal -0.5398015017950278 0.8417923370165783 0
  outer loop
    vertex -18.572746074360897 -5.32698407578923 0.6000000000000001
    vertex -17.672980981655837 -4.7500073952621795 1.2000000000000002
    vertex -17.672980981655837 -4.7500073952621795 0.6000000000000001
  endloop
endfacet
facet normal -0.5393486963040725 0.8410862104289756 0.040950829311778444
  outer loop
    vertex -18.572746074360897 -5.32698407578923 0.6000000000000001
    vertex -17.672980981655837 -4.7500073952621795 0.6000000000000001
    vertex -18.226283184469313 -5.075601039251279 0
  endloop
endfacet
facet normal -0.9238795325112841 0.38268343236509667 0
  outer loop
    vertex -16.704023414788193 6.446872061437452 0
    vertex -16.370155181780113 7.252901277611081 3
    vertex -16.370155181780113 7.252901277611081 0
  endloop
endfacet
facet normal -0.9238795325112841 0.38268343236509667 0
  outer loop
    vertex -16.704023414788193 6.446872061437452 0
    vertex -16.704023414788193 6.446872061437452 3
    vertex -16.370155181780113 7.252901277611081 3
  endloop
endfacet
facet normal -0.25706603023199 0.9663938410921118 0
  outer loop
    vertex -17.34368381991657 -4.613514448875559 0
    vertex -17.30321513813 -4.602749558896709 3
    vertex -17.30321513813 -4.602749558896709 0
  endloop
endfacet
facet normal -0.25706603023199 0.9663938410921118 0
  outer loop
    vertex -17.34368381991657 -4.613514448875559 0
    vertex -17.34368381991657 -4.613514448875559 3
    vertex -17.30321513813 -4.602749558896709 3
  endloop
endfacet
facet normal 0.3600612605659984 0.9329286621385496 0
  outer loop
    vertex -16.743090709665598 6.461949976835847 0
    vertex -16.704023414788193 6.446872061437452 3
    vertex -16.704023414788193 6.446872061437452 0
  endloop
endfacet
facet normal 0.3600612605659984 0.9329286621385496 0
  outer loop
    vertex -16.743090709665598 6.461949976835847 0
    vertex -16.743090709665598 6.461949976835847 3
    vertex -16.704023414788193 6.446872061437452 3
  endloop
endfacet
facet normal -0.9723699203976788 -0.2334453638558967 0
  outer loop
    vertex -17.30321513813 -4.602749558896709 0
    vertex -17.50688214992825 -3.754415401478427 3
    vertex -17.50688214992825 -3.754415401478427 0
  endloop
endfacet
facet normal -0.9723699203976788 -0.2334453638558967 0
  outer loop
    vertex -17.30321513813 -4.602749558896709 0
    vertex -17.30321513813 -4.602749558896709 3
    vertex -17.50688214992825 -3.754415401478427 3
  endloop
endfacet
facet normal 0.22048164082077307 0.9753602583139028 0.0077596754324189155
  outer loop
    vertex -17.089726250640105 6.545080878888872 2.4
    vertex -17.160316809753088 6.5562645589160775 3
    vertex -16.743090709665598 6.461949976835847 3
  endloop
endfacet
facet normal 0.08871459201043518 0.996023923796355 -0.00812800035280506
  outer loop
    vertex -17.089726250640105 6.545080878888872 2.4
    vertex -17.728736277918262 6.606892962515921 3
    vertex -17.160316809753088 6.5562645589160775 3
  endloop
endfacet
facet normal -0.013336322962340117 0.9998613736172993 0.0099687530800864
  outer loop
    vertex -18.156789885314314 6.607165591004046 2.4
    vertex -18.34418788538836 6.598683963127118 3
    vertex -17.728736277918262 6.606892962515921 3
  endloop
endfacet
facet normal -0.09333644736873693 0.9955204316624893 -0.015079049542796584
  outer loop
    vertex -18.156789885314314 6.607165591004046 2.4
    vertex -18.956679821359973 6.541258902297255 3
    vertex -18.34418788538836 6.598683963127118 3
  endloop
endfacet
facet normal 0.05803580919274708 0.9974742475021703 -0.040950829311774524
  outer loop
    vertex -18.156789885314314 6.607165591004046 2.4
    vertex -17.728736277918262 6.606892962515921 3
    vertex -17.089726250640105 6.545080878888872 2.4
  endloop
endfacet
facet normal 0.2332094789026745 0.9724265211058073 0
  outer loop
    vertex -17.089726250640105 6.545080878888872 1.2000000000000002
    vertex -16.743090709665598 6.461949976835847 3
    vertex -16.743090709665598 6.461949976835847 0
  endloop
endfacet
facet normal 0.2332094789026745 0.9724265211058073 0
  outer loop
    vertex -17.089726250640105 6.545080878888872 1.2000000000000002
    vertex -17.089726250640105 6.545080878888872 2.4
    vertex -16.743090709665598 6.461949976835847 3
  endloop
endfacet
facet normal 0.22048164082077307 0.9753602583139028 -0.0077596754324189155
  outer loop
    vertex -17.089726250640105 6.545080878888872 0.6000000000000001
    vertex -16.743090709665598 6.461949976835847 0
    vertex -17.160316809753088 6.5562645589160775 0
  endloop
endfacet
facet normal 0.08871459201043518 0.996023923796355 0.00812800035280506
  outer loop
    vertex -17.089726250640105 6.545080878888872 0.6000000000000001
    vertex -17.160316809753088 6.5562645589160775 0
    vertex -17.728736277918262 6.606892962515921 0
  endloop
endfacet
facet normal 0.2332094789026745 0.9724265211058073 0
  outer loop
    vertex -17.089726250640105 6.545080878888872 0.6000000000000001
    vertex -17.089726250640105 6.545080878888872 1.2000000000000002
    vertex -16.743090709665598 6.461949976835847 0
  endloop
endfacet
facet normal -0.08211642868619892 0.9966227431379562 0
  outer loop
    vertex -18.156789885314314 6.607165591004046 1.2000000000000002
    vertex -18.956679821359973 6.541258902297255 0
    vertex -18.956679821359973 6.541258902297255 3
  endloop
endfacet
facet normal -0.0821164286861989 0.9966227431379561 0
  outer loop
    vertex -18.156789885314314 6.607165591004046 1.2000000000000002
    vertex -18.956679821359973 6.541258902297255 3
    vertex -18.156789885314314 6.607165591004046 2.4
  endloop
endfacet
facet normal 0.05808453264986228 0.9983116683014613 0
  outer loop
    vertex -18.156789885314314 6.607165591004046 1.2000000000000002
    vertex -17.089726250640105 6.545080878888872 2.4
    vertex -17.089726250640105 6.545080878888872 1.2000000000000002
  endloop
endfacet
facet normal 0.05808453264986228 0.9983116683014613 0
  outer loop
    vertex -18.156789885314314 6.607165591004046 1.2000000000000002
    vertex -18.156789885314314 6.607165591004046 2.4
    vertex -17.089726250640105 6.545080878888872 2.4
  endloop
endfacet
facet normal -0.013336322962340117 0.9998613736172993 -0.0099687530800864
  outer loop
    vertex -18.156789885314314 6.607165591004046 0.6000000000000001
    vertex -17.728736277918262 6.606892962515921 0
    vertex -18.34418788538836 6.598683963127118 0
  endloop
endfacet
facet normal -0.09333644736873693 0.9955204316624893 0.015079049542796584
  outer loop
    vertex -18.156789885314314 6.607165591004046 0.6000000000000001
    vertex -18.34418788538836 6.598683963127118 0
    vertex -18.956679821359973 6.541258902297255 0
  endloop
endfacet
facet normal -0.08211642868619891 0.9966227431379562 0
  outer loop
    vertex -18.156789885314314 6.607165591004046 0.6000000000000001
    vertex -18.956679821359973 6.541258902297255 0
    vertex -18.156789885314314 6.607165591004046 1.2000000000000002
  endloop
endfacet
facet normal 0.05808453264986229 0.9983116683014613 0
  outer loop
    vertex -18.156789885314314 6.607165591004046 0.6000000000000001
    vertex -18.156789885314314 6.607165591004046 1.2000000000000002
    vertex -17.089726250640105 6.545080878888872 1.2000000000000002
  endloop
endfacet
facet normal 0.05808453264986229 0.9983116683014613 0
  outer loop
    vertex -18.156789885314314 6.607165591004046 0.6000000000000001
    vertex -17.089726250640105 6.545080878888872 1.2000000000000002
    vertex -17.089726250640105 6.545080878888872 0.6000000000000001
  endloop
endfacet
facet normal 0.05803580919274708 0.9974742475021703 0.040950829311774524
  outer loop
    vertex -18.156789885314314 6.607165591004046 0.6000000000000001
    vertex -17.089726250640105 6.545080878888872 0.6000000000000001
    vertex -17.728736277918262 6.606892962515921 0
  endloop
endfacet
facet normal 0.2096861127786824 -0.977768752879619 0
  outer loop
    vertex -17.50688214992825 -3.754415401478427 0
    vertex -17.547827167206535 -3.763196211343187 3
    vertex -17.547827167206535 -3.763196211343187 0
  endloop
endfacet
facet normal 0.2096861127786824 -0.977768752879619 0
  outer loop
    vertex -17.50688214992825 -3.754415401478427 0
    vertex -17.50688214992825 -3.754415401478427 3
    vertex -17.547827167206535 -3.763196211343187 3
  endloop
endfacet
facet normal -0.9510565162951558 0.309016994374941 0
  outer loop
    vertex -19.181131646602033 5.850467214860815 0
    vertex -18.956679821359973 6.541258902297255 3
    vertex -18.956679821359973 6.541258902297255 0
  endloop
endfacet
facet normal -0.9510565162951558 0.309016994374941 0
  outer loop
    vertex -19.181131646602033 5.850467214860815 0
    vertex -19.181131646602033 5.850467214860815 3
    vertex -18.956679821359973 6.541258902297255 3
  endloop
endfacet
facet normal -0.24057073768445364 -0.9706192066207208 -0.004906720790953306
  outer loop
    vertex -18.966838087021614 -3.685472706059058 2.4
    vertex -19.0252426469135 -3.6740301181656836 3
    vertex -19.746569973022883 -3.495247083819757 3
  endloop
endfacet
facet normal -0.13921883591212084 -0.9902472780560876 0.005333294458705822
  outer loop
    vertex -18.966838087021614 -3.685472706059058 2.4
    vertex -18.289436196193833 -3.7774771255908526 3
    vertex -19.0252426469135 -3.6740301181656836 3
  endloop
endfacet
facet normal -0.030591017177868343 -0.9995275877972291 0.0029649452399862727
  outer loop
    vertex -17.903199587653916 -3.7910778886278362 2.4
    vertex -17.863188900610695 -3.790522626786012 3
    vertex -18.289436196193833 -3.7774771255908526 3
  endloop
endfacet
facet normal 0.08632652502510751 -0.9962551666403663 -0.0048346684959214665
  outer loop
    vertex -17.903199587653916 -3.7910778886278362 2.4
    vertex -17.547827167206535 -3.763196211343187 3
    vertex -17.863188900610695 -3.790522626786012 3
  endloop
endfacet
facet normal -0.09871782111831552 -0.9942700969883751 -0.04100934074548462
  outer loop
    vertex -17.903199587653916 -3.7910778886278362 2.4
    vertex -18.289436196193833 -3.7774771255908526 3
    vertex -18.966838087021614 -3.685472706059058 2.4
  endloop
endfacet
facet normal -0.23701158485438795 -0.9715068237767615 0
  outer loop
    vertex -18.966838087021614 -3.685472706059058 1.2000000000000002
    vertex -19.746569973022883 -3.495247083819757 3
    vertex -19.746569973022883 -3.495247083819757 0
  endloop
endfacet
facet normal -0.23701158485438792 -0.9715068237767612 0
  outer loop
    vertex -18.966838087021614 -3.685472706059058 1.2000000000000002
    vertex -18.966838087021614 -3.685472706059058 2.4
    vertex -19.746569973022883 -3.495247083819757 3
  endloop
endfacet
facet normal -0.24057073768445364 -0.9706192066207208 0.004906720790953306
  outer loop
    vertex -18.966838087021614 -3.685472706059058 0.6000000000000001
    vertex -19.746569973022883 -3.495247083819757 0
    vertex -19.0252426469135 -3.6740301181656836 0
  endloop
endfacet
facet normal -0.13921883591212084 -0.9902472780560876 -0.005333294458705822
  outer loop
    vertex -18.966838087021614 -3.685472706059058 0.6000000000000001
    vertex -19.0252426469135 -3.6740301181656836 0
    vertex -18.289436196193833 -3.7774771255908526 0
  endloop
endfacet
facet normal -0.23701158485438797 -0.9715068237767615 0
  outer loop
    vertex -18.966838087021614 -3.685472706059058 0.6000000000000001
    vertex -18.966838087021614 -3.685472706059058 1.2000000000000002
    vertex -19.746569973022883 -3.495247083819757 0
  endloop
endfacet
facet normal 0.07821726060831273 -0.9969363370561488 0
  outer loop
    vertex -17.903199587653916 -3.7910778886278362 1.2000000000000002
    vertex -17.547827167206535 -3.763196211343187 0
    vertex -17.547827167206535 -3.763196211343187 3
  endloop
endfacet
facet normal 0.07821726060831274 -0.9969363370561489 0
  outer loop
    vertex -17.903199587653916 -3.7910778886278362 1.2000000000000002
    vertex -17.547827167206535 -3.763196211343187 3
    vertex -17.903199587653916 -3.7910778886278362 2.4
  endloop
endfacet
facet normal -0.09880093610696968 -0.9951072178536272 0
  outer loop
    vertex -17.903199587653916 -3.7910778886278362 1.2000000000000002
    vertex -18.966838087021614 -3.685472706059058 2.4
    vertex -18.966838087021614 -3.685472706059058 1.2000000000000002
  endloop
endfacet
facet normal -0.09880093610696968 -0.9951072178536272 0
  outer loop
    vertex -17.903199587653916 -3.7910778886278362 1.2000000000000002
    vertex -17.903199587653916 -3.7910778886278362 2.4
    vertex -18.966838087021614 -3.685472706059058 2.4
  endloop
endfacet
facet normal -0.030591017177868343 -0.9995275877972291 -0.0029649452399862727
  outer loop
    vertex -17.903199587653916 -3.7910778886278362 0.6000000000000001
    vertex -18.289436196193833 -3.7774771255908526 0
    vertex -17.863188900610695 -3.790522626786012 0
  endloop
endfacet
facet normal 0.08632652502510751 -0.9962551666403663 0.0048346684959214665
  outer loop
    vertex -17.903199587653916 -3.7910778886278362 0.6000000000000001
    vertex -17.863188900610695 -3.790522626786012 0
    vertex -17.547827167206535 -3.763196211343187 0
  endloop
endfacet
facet normal -0.09880093610696969 -0.9951072178536272 0
  outer loop
    vertex -17.903199587653916 -3.7910778886278362 0.6000000000000001
    vertex -17.903199587653916 -3.7910778886278362 1.2000000000000002
    vertex -18.966838087021614 -3.685472706059058 1.2000000000000002
  endloop
endfacet
facet normal 0.07821726060831274 -0.9969363370561489 0
  outer loop
    vertex -17.903199587653916 -3.7910778886278362 0.6000000000000001
    vertex -17.547827167206535 -3.763196211343187 0
    vertex -17.903199587653916 -3.7910778886278362 1.2000000000000002
  endloop
endfacet
facet normal -0.09871782111831552 -0.9942700969883751 0.04100934074548462
  outer loop
    vertex -17.903199587653916 -3.7910778886278362 0.6000000000000001
    vertex -18.966838087021614 -3.685472706059058 0.6000000000000001
    vertex -18.289436196193833 -3.7774771255908526 0
  endloop
endfacet
facet normal -0.09880093610696969 -0.9951072178536272 0
  outer loop
    vertex -17.903199587653916 -3.7910778886278362 0.6000000000000001
    vertex -18.966838087021614 -3.685472706059058 1.2000000000000002
    vertex -18.966838087021614 -3.685472706059058 0.6000000000000001
  endloop
endfacet
facet normal -0.6550019954762021 -0.7556112161775215 -0.004906720790956472
  outer loop
    vertex -18.57274607436089 5.32698407578923 2.4
    vertex -18.619590092070887 5.363694611588212 3
    vertex -19.181131646602033 5.850467214860815 3
  endloop
endfacet
facet normal -0.5736077477180177 -0.8191127564188461 0.005333294458703357
  outer loop
    vertex -18.57274607436089 5.32698407578923 2.4
    vertex -18.01094570253729 4.93747351479082 3
    vertex -18.619590092070887 5.363694611588212 3
  endloop
endfacet
facet normal -0.4810328249746401 -0.8766975706574311 0.002964945239933197
  outer loop
    vertex -17.672980981655837 4.750007395262185 2.4
    vertex -17.637079114862647 4.732337665380517 3
    vertex -18.01094570253729 4.93747351479082 3
  endloop
endfacet
facet normal -0.3753728839634212 -0.926861275469808 -0.004834668495832503
  outer loop
    vertex -17.672980981655837 4.750007395262185 2.4
    vertex -17.343683819916567 4.613514448875561 3
    vertex -17.637079114862647 4.732337665380517 3
  endloop
endfacet
facet normal -0.5393474008779204 -0.8410841902793398 -0.04100934074548418
  outer loop
    vertex -17.672980981655837 4.750007395262185 2.4
    vertex -18.01094570253729 4.93747351479082 3
    vertex -18.57274607436089 5.32698407578923 2.4
  endloop
endfacet
facet normal -0.6522337368402766 -0.7580179104265076 0
  outer loop
    vertex -18.57274607436089 5.32698407578923 1.2000000000000002
    vertex -19.181131646602033 5.850467214860815 3
    vertex -19.181131646602033 5.850467214860815 0
  endloop
endfacet
facet normal -0.6522337368402765 -0.7580179104265076 0
  outer loop
    vertex -18.57274607436089 5.32698407578923 1.2000000000000002
    vertex -18.57274607436089 5.32698407578923 2.4
    vertex -19.181131646602033 5.850467214860815 3
  endloop
endfacet
facet normal -0.6550019954762021 -0.7556112161775215 0.004906720790956472
  outer loop
    vertex -18.57274607436089 5.32698407578923 0.6000000000000001
    vertex -19.181131646602033 5.850467214860815 0
    vertex -18.619590092070887 5.363694611588212 0
  endloop
endfacet
facet normal -0.5736077477180177 -0.8191127564188461 -0.005333294458703357
  outer loop
    vertex -18.57274607436089 5.32698407578923 0.6000000000000001
    vertex -18.619590092070887 5.363694611588212 0
    vertex -18.01094570253729 4.93747351479082 0
  endloop
endfacet
facet normal -0.6522337368402765 -0.7580179104265076 0
  outer loop
    vertex -18.57274607436089 5.32698407578923 0.6000000000000001
    vertex -18.57274607436089 5.32698407578923 1.2000000000000002
    vertex -19.181131646602033 5.850467214860815 0
  endloop
endfacet
facet normal -0.38290753636248376 -0.9237866737493096 0
  outer loop
    vertex -17.672980981655837 4.750007395262185 1.2000000000000002
    vertex -17.343683819916567 4.613514448875561 0
    vertex -17.343683819916567 4.613514448875561 3
  endloop
endfacet
facet normal -0.38290753636248376 -0.9237866737493095 0
  outer loop
    vertex -17.672980981655837 4.750007395262185 1.2000000000000002
    vertex -17.343683819916567 4.613514448875561 3
    vertex -17.672980981655837 4.750007395262185 2.4
  endloop
endfacet
facet normal -0.5398015017950274 -0.8417923370165786 0
  outer loop
    vertex -17.672980981655837 4.750007395262185 1.2000000000000002
    vertex -18.57274607436089 5.32698407578923 2.4
    vertex -18.57274607436089 5.32698407578923 1.2000000000000002
  endloop
endfacet
facet normal -0.5398015017950274 -0.8417923370165786 0
  outer loop
    vertex -17.672980981655837 4.750007395262185 1.2000000000000002
    vertex -17.672980981655837 4.750007395262185 2.4
    vertex -18.57274607436089 5.32698407578923 2.4
  endloop
endfacet
facet normal -0.4810328249746401 -0.8766975706574311 -0.002964945239933197
  outer loop
    vertex -17.672980981655837 4.750007395262185 0.6000000000000001
    vertex -18.01094570253729 4.93747351479082 0
    vertex -17.637079114862647 4.732337665380517 0
  endloop
endfacet
facet normal -0.3753728839634212 -0.926861275469808 0.004834668495832503
  outer loop
    vertex -17.672980981655837 4.750007395262185 0.6000000000000001
    vertex -17.637079114862647 4.732337665380517 0
    vertex -17.343683819916567 4.613514448875561 0
  endloop
endfacet
facet normal -0.5398015017950273 -0.8417923370165786 0
  outer loop
    vertex -17.672980981655837 4.750007395262185 0.6000000000000001
    vertex -17.672980981655837 4.750007395262185 1.2000000000000002
    vertex -18.57274607436089 5.32698407578923 1.2000000000000002
  endloop
endfacet
facet normal -0.38290753636248376 -0.9237866737493095 0
  outer loop
    vertex -17.672980981655837 4.750007395262185 0.6000000000000001
    vertex -17.343683819916567 4.613514448875561 0
    vertex -17.672980981655837 4.750007395262185 1.2000000000000002
  endloop
endfacet
facet normal -0.5393474008779204 -0.8410841902793398 0.04100934074548418
  outer loop
    vertex -17.672980981655837 4.750007395262185 0.6000000000000001
    vertex -18.57274607436089 5.32698407578923 0.6000000000000001
    vertex -18.01094570253729 4.93747351479082 0
  endloop
endfacet
facet normal -0.5398015017950273 -0.8417923370165786 0
  outer loop
    vertex -17.672980981655837 4.750007395262185 0.6000000000000001
    vertex -18.57274607436089 5.32698407578923 1.2000000000000002
    vertex -18.57274607436089 5.32698407578923 0.6000000000000001
  endloop
endfacet
facet normal -0.9876883405951372 -0.1564344650402347 0
  outer loop
    vertex -19.746569973022883 -3.495247083819757 0
    vertex -19.860194795761412 -2.777848187149701 3
    vertex -19.860194795761412 -2.777848187149701 0
  endloop
endfacet
facet normal -0.9876883405951372 -0.1564344650402347 0
  outer loop
    vertex -19.746569973022883 -3.495247083819757 0
    vertex -19.746569973022883 -3.495247083819757 3
    vertex -19.860194795761412 -2.777848187149701 3
  endloop
endfacet
facet normal -0.2570660302320283 -0.9663938410921014 0
  outer loop
    vertex -17.303215138129993 4.602749558896708 0
    vertex -17.343683819916567 4.613514448875561 3
    vertex -17.343683819916567 4.613514448875561 0
  endloop
endfacet
facet normal -0.2570660302320283 -0.9663938410921014 0
  outer loop
    vertex -17.303215138129993 4.602749558896708 0
    vertex -17.303215138129993 4.602749558896708 3
    vertex -17.343683819916567 4.613514448875561 3
  endloop
endfacet
facet normal -0.2463537106629613 0.9691489238913559 0.007759675432422113
  outer loop
    vertex -18.198462124956063 -1.9268635965096297 2.4
    vertex -18.26643605815635 -1.948946307849564 3
    vertex -17.85186695666536 -1.843564530126036 3
  endloop
endfacet
facet normal -0.37314011864486135 0.9277393963112505 -0.008128000352812482
  outer loop
    vertex -18.198462124956063 -1.9268635965096297 2.4
    vertex -18.79588632701854 -2.161893108346878 3
    vertex -18.26643605815635 -1.948946307849564 3
  endloop
endfacet
facet normal -0.4658103154469169 0.8848284432505952 0.009968753080088433
  outer loop
    vertex -19.17740865465429 -2.355982465722294 2.4
    vertex -19.340530916861702 -2.4486165632002037 3
    vertex -18.79588632701854 -2.161893108346878 3
  endloop
endfacet
facet normal -0.5351202018214964 0.844641339189248 -0.015079049542801292
  outer loop
    vertex -19.17740865465429 -2.355982465722294 2.4
    vertex -19.860194795761412 -2.777848187149701 3
    vertex -19.340530916861702 -2.4486165632002037 3
  endloop
endfacet
facet normal -0.40113354747354923 0.9151037682525215 -0.0409508293117654
  outer loop
    vertex -19.17740865465429 -2.355982465722294 2.4
    vertex -18.79588632701854 -2.161893108346878 3
    vertex -18.198462124956063 -1.9268635965096297 2.4
  endloop
endfacet
facet normal -0.23368123507196092 0.9723132624700966 0
  outer loop
    vertex -18.198462124956063 -1.9268635965096297 1.2000000000000002
    vertex -17.85186695666536 -1.843564530126036 3
    vertex -17.85186695666536 -1.843564530126036 0
  endloop
endfacet
facet normal -0.2336812350719609 0.9723132624700965 0
  outer loop
    vertex -18.198462124956063 -1.9268635965096297 1.2000000000000002
    vertex -18.198462124956063 -1.9268635965096297 2.4
    vertex -17.85186695666536 -1.843564530126036 3
  endloop
endfacet
facet normal -0.2463537106629613 0.9691489238913559 -0.007759675432422113
  outer loop
    vertex -18.198462124956063 -1.9268635965096297 0.6000000000000001
    vertex -17.85186695666536 -1.843564530126036 0
    vertex -18.26643605815635 -1.948946307849564 0
  endloop
endfacet
facet normal -0.37314011864486135 0.9277393963112505 0.008128000352812482
  outer loop
    vertex -18.198462124956063 -1.9268635965096297 0.6000000000000001
    vertex -18.26643605815635 -1.948946307849564 0
    vertex -18.79588632701854 -2.161893108346878 0
  endloop
endfacet
facet normal -0.2336812350719609 0.9723132624700965 0
  outer loop
    vertex -18.198462124956063 -1.9268635965096297 0.6000000000000001
    vertex -18.198462124956063 -1.9268635965096297 1.2000000000000002
    vertex -17.85186695666536 -1.843564530126036 0
  endloop
endfacet
facet normal -0.5256235309114528 0.8507172877943514 0
  outer loop
    vertex -19.17740865465429 -2.355982465722294 1.2000000000000002
    vertex -19.860194795761412 -2.777848187149701 0
    vertex -19.860194795761412 -2.777848187149701 3
  endloop
endfacet
facet normal -0.5256235309114525 0.8507172877943513 0
  outer loop
    vertex -19.17740865465429 -2.355982465722294 1.2000000000000002
    vertex -19.860194795761412 -2.777848187149701 3
    vertex -19.17740865465429 -2.355982465722294 2.4
  endloop
endfacet
facet normal -0.4014703156425409 0.9158720356348251 0
  outer loop
    vertex -19.17740865465429 -2.355982465722294 1.2000000000000002
    vertex -18.198462124956063 -1.9268635965096297 2.4
    vertex -18.198462124956063 -1.9268635965096297 1.2000000000000002
  endloop
endfacet
facet normal -0.4014703156425409 0.9158720356348251 0
  outer loop
    vertex -19.17740865465429 -2.355982465722294 1.2000000000000002
    vertex -19.17740865465429 -2.355982465722294 2.4
    vertex -18.198462124956063 -1.9268635965096297 2.4
  endloop
endfacet
facet normal -0.4658103154469169 0.8848284432505952 -0.009968753080088433
  outer loop
    vertex -19.17740865465429 -2.355982465722294 0.6000000000000001
    vertex -18.79588632701854 -2.161893108346878 0
    vertex -19.340530916861702 -2.4486165632002037 0
  endloop
endfacet
facet normal -0.5351202018214964 0.844641339189248 0.015079049542801292
  outer loop
    vertex -19.17740865465429 -2.355982465722294 0.6000000000000001
    vertex -19.340530916861702 -2.4486165632002037 0
    vertex -19.860194795761412 -2.777848187149701 0
  endloop
endfacet
facet normal -0.5256235309114526 0.8507172877943513 0
  outer loop
    vertex -19.17740865465429 -2.355982465722294 0.6000000000000001
    vertex -19.860194795761412 -2.777848187149701 0
    vertex -19.17740865465429 -2.355982465722294 1.2000000000000002
  endloop
endfacet
facet normal -0.4014703156425409 0.9158720356348252 0
  outer loop
    vertex -19.17740865465429 -2.355982465722294 0.6000000000000001
    vertex -19.17740865465429 -2.355982465722294 1.2000000000000002
    vertex -18.198462124956063 -1.9268635965096297 1.2000000000000002
  endloop
endfacet
facet normal -0.4014703156425409 0.9158720356348252 0
  outer loop
    vertex -19.17740865465429 -2.355982465722294 0.6000000000000001
    vertex -18.198462124956063 -1.9268635965096297 1.2000000000000002
    vertex -18.198462124956063 -1.9268635965096297 0.6000000000000001
  endloop
endfacet
facet normal -0.40113354747354923 0.9151037682525215 0.0409508293117654
  outer loop
    vertex -19.17740865465429 -2.355982465722294 0.6000000000000001
    vertex -18.198462124956063 -1.9268635965096297 0.6000000000000001
    vertex -18.79588632701854 -2.161893108346878 0
  endloop
endfacet
facet normal -0.9723699203976747 0.23344536385591308 0
  outer loop
    vertex -17.506882149928256 3.75441540147843 0
    vertex -17.303215138129993 4.602749558896708 3
    vertex -17.303215138129993 4.602749558896708 0
  endloop
endfacet
facet normal -0.9723699203976747 0.23344536385591308 0
  outer loop
    vertex -17.506882149928256 3.75441540147843 0
    vertex -17.506882149928256 3.75441540147843 3
    vertex -17.303215138129993 4.602749558896708 3
  endloop
endfacet
facet normal -0.10272381727380221 0.9947099161889854 0
  outer loop
    vertex -17.85186695666536 -1.843564530126036 0
    vertex -17.810212511700453 -1.839262870392301 3
    vertex -17.810212511700453 -1.839262870392301 0
  endloop
endfacet
facet normal -0.10272381727380221 0.9947099161889854 0
  outer loop
    vertex -17.85186695666536 -1.843564530126036 0
    vertex -17.85186695666536 -1.843564530126036 3
    vertex -17.810212511700453 -1.839262870392301 3
  endloop
endfacet
facet normal 0.2096861127787042 0.9777687528796144 0
  outer loop
    vertex -17.54782716720653 3.763196211343189 0
    vertex -17.506882149928256 3.75441540147843 3
    vertex -17.506882149928256 3.75441540147843 0
  endloop
endfacet
facet normal 0.2096861127787042 0.9777687528796144 0
  outer loop
    vertex -17.54782716720653 3.763196211343189 0
    vertex -17.54782716720653 3.763196211343189 3
    vertex -17.506882149928256 3.75441540147843 3
  endloop
endfacet
facet normal -0.9969173337331286 -0.07845909572783642 0
  outer loop
    vertex -17.810212511700453 -1.839262870392301 0
    vertex -17.878663344526352 -0.969512574144662 3
    vertex -17.878663344526352 -0.969512574144662 0
  endloop
endfacet
facet normal -0.9969173337331286 -0.07845909572783642 0
  outer loop
    vertex -17.810212511700453 -1.839262870392301 0
    vertex -17.810212511700453 -1.839262870392301 3
    vertex -17.878663344526352 -0.969512574144662 3
  endloop
endfacet
facet normal 0.06518718572309642 0.9978428825494952 0.0077596754324373
  outer loop
    vertex -17.903199587653912 3.791077888627841 2.4
    vertex -17.97467057284831 3.7910810826439265 3
    vertex -17.54782716720653 3.763196211343189 3
  endloop
endfacet
facet normal -0.06819010151704905 0.9976392362298904 -0.008128000352829153
  outer loop
    vertex -17.903199587653912 3.791077888627841 2.4
    vertex -18.544011881355566 3.752165771161517 3
    vertex -17.97467057284831 3.7910810826439265 3
  endloop
endfacet
facet normal -0.16958490979257432 0.9854651603850199 0.009968753080087106
  outer loop
    vertex -18.966838087021614 3.6854727060590604 2.4
    vertex -19.1506020878262 3.647779995204515 3
    vertex -18.544011881355566 3.752165771161517 3
  endloop
endfacet
facet normal -0.24792102698242743 0.9686628859643917 -0.015079049542812594
  outer loop
    vertex -18.966838087021614 3.6854727060590604 2.4
    vertex -19.746569973022883 3.495247083819761 3
    vertex -19.1506020878262 3.647779995204515 3
  endloop
endfacet
facet normal -0.09871805822272742 0.9942724850660474 -0.04095082931175896
  outer loop
    vertex -18.966838087021614 3.6854727060590604 2.4
    vertex -18.544011881355566 3.752165771161517 3
    vertex -17.903199587653912 3.791077888627841 2.4
  endloop
endfacet
facet normal 0.07821726060832142 0.9969363370561483 0
  outer loop
    vertex -17.903199587653912 3.791077888627841 1.2000000000000002
    vertex -17.54782716720653 3.763196211343189 3
    vertex -17.54782716720653 3.763196211343189 0
  endloop
endfacet
facet normal 0.07821726060832142 0.9969363370561484 0
  outer loop
    vertex -17.903199587653912 3.791077888627841 1.2000000000000002
    vertex -17.903199587653912 3.791077888627841 2.4
    vertex -17.54782716720653 3.763196211343189 3
  endloop
endfacet
facet normal 0.06518718572309642 0.9978428825494952 -0.0077596754324373
  outer loop
    vertex -17.903199587653912 3.791077888627841 0.6000000000000001
    vertex -17.54782716720653 3.763196211343189 0
    vertex -17.97467057284831 3.7910810826439265 0
  endloop
endfacet
facet normal -0.06819010151704905 0.9976392362298904 0.008128000352829153
  outer loop
    vertex -17.903199587653912 3.791077888627841 0.6000000000000001
    vertex -17.97467057284831 3.7910810826439265 0
    vertex -18.544011881355566 3.752165771161517 0
  endloop
endfacet
facet normal 0.0782172606083214 0.9969363370561484 0
  outer loop
    vertex -17.903199587653912 3.791077888627841 0.6000000000000001
    vertex -17.903199587653912 3.791077888627841 1.2000000000000002
    vertex -17.54782716720653 3.763196211343189 0
  endloop
endfacet
facet normal -0.23701158485438586 0.9715068237767619 0
  outer loop
    vertex -18.966838087021614 3.6854727060590604 1.2000000000000002
    vertex -19.746569973022883 3.495247083819761 0
    vertex -19.746569973022883 3.495247083819761 3
  endloop
endfacet
facet normal -0.23701158485438586 0.9715068237767619 0
  outer loop
    vertex -18.966838087021614 3.6854727060590604 1.2000000000000002
    vertex -19.746569973022883 3.495247083819761 3
    vertex -18.966838087021614 3.6854727060590604 2.4
  endloop
endfacet
facet normal -0.09880093610697184 0.9951072178536272 0
  outer loop
    vertex -18.966838087021614 3.6854727060590604 1.2000000000000002
    vertex -17.903199587653912 3.791077888627841 2.4
    vertex -17.903199587653912 3.791077888627841 1.2000000000000002
  endloop
endfacet
facet normal -0.09880093610697184 0.9951072178536272 0
  outer loop
    vertex -18.966838087021614 3.6854727060590604 1.2000000000000002
    vertex -18.966838087021614 3.6854727060590604 2.4
    vertex -17.903199587653912 3.791077888627841 2.4
  endloop
endfacet
facet normal -0.16958490979257432 0.9854651603850199 -0.009968753080087106
  outer loop
    vertex -18.966838087021614 3.6854727060590604 0.6000000000000001
    vertex -18.544011881355566 3.752165771161517 0
    vertex -19.1506020878262 3.647779995204515 0
  endloop
endfacet
facet normal -0.24792102698242743 0.9686628859643917 0.015079049542812594
  outer loop
    vertex -18.966838087021614 3.6854727060590604 0.6000000000000001
    vertex -19.1506020878262 3.647779995204515 0
    vertex -19.746569973022883 3.495247083819761 0
  endloop
endfacet
facet normal -0.23701158485438584 0.9715068237767618 0
  outer loop
    vertex -18.966838087021614 3.6854727060590604 0.6000000000000001
    vertex -19.746569973022883 3.495247083819761 0
    vertex -18.966838087021614 3.6854727060590604 1.2000000000000002
  endloop
endfacet
facet normal -0.09880093610697183 0.995107217853627 0
  outer loop
    vertex -18.966838087021614 3.6854727060590604 0.6000000000000001
    vertex -18.966838087021614 3.6854727060590604 1.2000000000000002
    vertex -17.903199587653912 3.791077888627841 1.2000000000000002
  endloop
endfacet
facet normal -0.09880093610697183 0.995107217853627 0
  outer loop
    vertex -18.966838087021614 3.6854727060590604 0.6000000000000001
    vertex -17.903199587653912 3.791077888627841 1.2000000000000002
    vertex -17.903199587653912 3.791077888627841 0.6000000000000001
  endloop
endfacet
facet normal -0.09871805822272742 0.9942724850660474 0.04095082931175896
  outer loop
    vertex -18.966838087021614 3.6854727060590604 0.6000000000000001
    vertex -17.903199587653912 3.791077888627841 0.6000000000000001
    vertex -18.544011881355566 3.752165771161517 0
  endloop
endfacet
facet normal 0.054147796986453466 -0.9985329318963465 0
  outer loop
    vertex -17.878663344526352 -0.969512574144662 0
    vertex -17.920477881991392 -0.971780065795077 3
    vertex -17.920477881991392 -0.971780065795077 0
  endloop
endfacet
facet normal 0.054147796986453466 -0.9985329318963465 0
  outer loop
    vertex -17.878663344526352 -0.969512574144662 0
    vertex -17.878663344526352 -0.969512574144662 3
    vertex -17.920477881991392 -0.971780065795077 3
  endloop
endfacet
facet normal -0.9876883405951387 0.15643446504022515 0
  outer loop
    vertex -19.860194795761405 2.777848187149705 0
    vertex -19.746569973022883 3.495247083819761 3
    vertex -19.746569973022883 3.495247083819761 0
  endloop
endfacet
facet normal -0.9876883405951387 0.15643446504022515 0
  outer loop
    vertex -19.860194795761405 2.777848187149705 0
    vertex -19.860194795761405 2.777848187149705 3
    vertex -19.746569973022883 3.495247083819761 3
  endloop
endfacet
facet normal -0.3894472090447937 -0.9210357188829869 -0.0049067207909516955
  outer loop
    vertex -19.309859787699757 -0.6730312517082414 2.4
    vertex -19.365755275426785 -0.6525930549771229 3
    vertex -20.050234036841513 -0.363170682078609 3
  endloop
endfacet
facet normal -0.29241362422187767 -0.9562770667226332 0.005333294458707158
  outer loop
    vertex -19.309859787699757 -0.6730312517082414 2.4
    vertex -18.655190500382847 -0.8698719465719029 3
    vertex -19.365755275426785 -0.6525930549771229 3
  endloop
endfacet
facet normal -0.18657495448353334 -0.9824362551632505 0.0029649452399890777
  outer loop
    vertex -18.27583673350679 -0.9437259788826243 2.4
    vertex -18.23623178232578 -0.9494366036589804 3
    vertex -18.655190500382847 -0.8698719465719029 3
  endloop
endfacet
facet normal -0.07058494178554846 -0.9974940561094414 -0.0048346684959259005
  outer loop
    vertex -18.27583673350679 -0.9437259788826243 2.4
    vertex -17.920477881991392 -0.971780065795077 3
    vertex -18.23623178232578 -0.9494366036589804 3
  endloop
endfacet
facet normal -0.25304055165539036 -0.9665861126612344 -0.04100934074548436
  outer loop
    vertex -18.27583673350679 -0.9437259788826243 2.4
    vertex -18.655190500382847 -0.8698719465719029 3
    vertex -19.309859787699757 -0.6730312517082414 2.4
  endloop
endfacet
facet normal -0.3860707292071085 -0.9224691821678878 0
  outer loop
    vertex -19.309859787699757 -0.6730312517082414 1.2000000000000002
    vertex -20.050234036841513 -0.363170682078609 3
    vertex -20.050234036841513 -0.363170682078609 0
  endloop
endfacet
facet normal -0.3860707292071084 -0.9224691821678875 0
  outer loop
    vertex -19.309859787699757 -0.6730312517082414 1.2000000000000002
    vertex -19.309859787699757 -0.6730312517082414 2.4
    vertex -20.050234036841513 -0.363170682078609 3
  endloop
endfacet
facet normal -0.3894472090447937 -0.9210357188829869 0.0049067207909516955
  outer loop
    vertex -19.309859787699757 -0.6730312517082414 0.6000000000000001
    vertex -20.050234036841513 -0.363170682078609 0
    vertex -19.365755275426785 -0.6525930549771229 0
  endloop
endfacet
facet normal -0.29241362422187767 -0.9562770667226332 -0.005333294458707158
  outer loop
    vertex -19.309859787699757 -0.6730312517082414 0.6000000000000001
    vertex -19.365755275426785 -0.6525930549771229 0
    vertex -18.655190500382847 -0.8698719465719029 0
  endloop
endfacet
facet normal -0.38607072920710844 -0.9224691821678878 0
  outer loop
    vertex -19.309859787699757 -0.6730312517082414 0.6000000000000001
    vertex -19.309859787699757 -0.6730312517082414 1.2000000000000002
    vertex -20.050234036841513 -0.363170682078609 0
  endloop
endfacet
facet normal -0.07870092623042137 -0.9968982717461564 0
  outer loop
    vertex -18.27583673350679 -0.9437259788826243 1.2000000000000002
    vertex -17.920477881991392 -0.971780065795077 0
    vertex -17.920477881991392 -0.971780065795077 3
  endloop
endfacet
facet normal -0.07870092623042138 -0.9968982717461565 0
  outer loop
    vertex -18.27583673350679 -0.9437259788826243 1.2000000000000002
    vertex -17.920477881991392 -0.971780065795077 3
    vertex -18.27583673350679 -0.9437259788826243 2.4
  endloop
endfacet
facet normal -0.2532535979153425 -0.9673999251307258 0
  outer loop
    vertex -18.27583673350679 -0.9437259788826243 1.2000000000000002
    vertex -19.309859787699757 -0.6730312517082414 2.4
    vertex -19.309859787699757 -0.6730312517082414 1.2000000000000002
  endloop
endfacet
facet normal -0.2532535979153425 -0.9673999251307258 0
  outer loop
    vertex -18.27583673350679 -0.9437259788826243 1.2000000000000002
    vertex -18.27583673350679 -0.9437259788826243 2.4
    vertex -19.309859787699757 -0.6730312517082414 2.4
  endloop
endfacet
facet normal -0.2532535979153425 -0.9673999251307258 0
  outer loop
    vertex -18.27583673350679 -0.9437259788826243 1.2000000000000002
    vertex -19.309859787699757 -0.6730312517082414 1.2000000000000002
    vertex -19.309859787699757 -0.6730312517082414 0.6000000000000001
  endloop
endfacet
facet normal -0.18657495448353334 -0.9824362551632505 -0.0029649452399890777
  outer loop
    vertex -18.27583673350679 -0.9437259788826243 0.6000000000000001
    vertex -18.655190500382847 -0.8698719465719029 0
    vertex -18.23623178232578 -0.9494366036589804 0
  endloop
endfacet
facet normal -0.07058494178554846 -0.9974940561094414 0.0048346684959259005
  outer loop
    vertex -18.27583673350679 -0.9437259788826243 0.6000000000000001
    vertex -18.23623178232578 -0.9494366036589804 0
    vertex -17.920477881991392 -0.971780065795077 0
  endloop
endfacet
facet normal -0.2532535979153425 -0.9673999251307258 0
  outer loop
    vertex -18.27583673350679 -0.9437259788826243 0.6000000000000001
    vertex -18.27583673350679 -0.9437259788826243 1.2000000000000002
    vertex -19.309859787699757 -0.6730312517082414 0.6000000000000001
  endloop
endfacet
facet normal -0.07870092623042137 -0.9968982717461565 0
  outer loop
    vertex -18.27583673350679 -0.9437259788826243 0.6000000000000001
    vertex -17.920477881991392 -0.971780065795077 0
    vertex -18.27583673350679 -0.9437259788826243 1.2000000000000002
  endloop
endfacet
facet normal -0.25304055165539036 -0.9665861126612344 0.04100934074548436
  outer loop
    vertex -18.27583673350679 -0.9437259788826243 0.6000000000000001
    vertex -19.309859787699757 -0.6730312517082414 0.6000000000000001
    vertex -18.655190500382847 -0.8698719465719029 0
  endloop
endfacet
facet normal -0.5287341976172655 -0.8487732750040533 -0.0049067207909516035
  outer loop
    vertex -19.177408654654286 2.355982465722295 2.4
    vertex -19.22941873780213 2.384913015057151 3
    vertex -19.860194795761405 2.777848187149705 3
  endloop
endfacet
facet normal -0.4384082186381134 -0.8987601403048385 0.005333294458707372
  outer loop
    vertex -19.177408654654286 2.355982465722295 2.4
    vertex -18.561592101424793 2.0591523667111225 3
    vertex -19.22941873780213 2.384913015057151 3
  endloop
endfacet
facet normal -0.33796479720310496 -0.9411540814081338 0.002964945239948384
  outer loop
    vertex -18.19846212495606 1.9268635965096346 2.4
    vertex -18.160238114977194 1.915027699649727 3
    vertex -18.561592101424793 2.0591523667111225 3
  endloop
endfacet
facet normal -0.2257583730715764 -0.9741713314241034 -0.0048346684958568455
  outer loop
    vertex -18.19846212495606 1.9268635965096346 2.4
    vertex -17.851866956665358 1.843564530126039 3
    vertex -18.160238114977194 1.915027699649727 3
  endloop
endfacet
facet normal -0.4011325840172676 -0.9151015703249833 -0.04100934074548411
  outer loop
    vertex -18.19846212495606 1.9268635965096346 2.4
    vertex -18.561592101424793 2.0591523667111225 3
    vertex -19.177408654654286 2.355982465722295 2.4
  endloop
endfacet
facet normal -0.5256235309114574 -0.8507172877943484 0
  outer loop
    vertex -19.177408654654286 2.355982465722295 1.2000000000000002
    vertex -19.860194795761405 2.777848187149705 3
    vertex -19.860194795761405 2.777848187149705 0
  endloop
endfacet
facet normal -0.5256235309114574 -0.8507172877943482 0
  outer loop
    vertex -19.177408654654286 2.355982465722295 1.2000000000000002
    vertex -19.177408654654286 2.355982465722295 2.4
    vertex -19.860194795761405 2.777848187149705 3
  endloop
endfacet
facet normal -0.5287341976172655 -0.8487732750040533 0.0049067207909516035
  outer loop
    vertex -19.177408654654286 2.355982465722295 0.6000000000000001
    vertex -19.860194795761405 2.777848187149705 0
    vertex -19.22941873780213 2.384913015057151 0
  endloop
endfacet
facet normal -0.4384082186381134 -0.8987601403048385 -0.005333294458707372
  outer loop
    vertex -19.177408654654286 2.355982465722295 0.6000000000000001
    vertex -19.22941873780213 2.384913015057151 0
    vertex -18.561592101424793 2.0591523667111225 0
  endloop
endfacet
facet normal -0.5256235309114575 -0.8507172877943484 0
  outer loop
    vertex -19.177408654654286 2.355982465722295 0.6000000000000001
    vertex -19.177408654654286 2.355982465722295 1.2000000000000002
    vertex -19.860194795761405 2.777848187149705 0
  endloop
endfacet
facet normal -0.23368123507196562 -0.9723132624700954 0
  outer loop
    vertex -18.19846212495606 1.9268635965096346 1.2000000000000002
    vertex -17.851866956665358 1.843564530126039 0
    vertex -17.851866956665358 1.843564530126039 3
  endloop
endfacet
facet normal -0.23368123507196564 -0.9723132624700954 0
  outer loop
    vertex -18.19846212495606 1.9268635965096346 1.2000000000000002
    vertex -17.851866956665358 1.843564530126039 3
    vertex -18.19846212495606 1.9268635965096346 2.4
  endloop
endfacet
facet normal -0.4014703156425377 -0.9158720356348266 0
  outer loop
    vertex -18.19846212495606 1.9268635965096346 1.2000000000000002
    vertex -19.177408654654286 2.355982465722295 2.4
    vertex -19.177408654654286 2.355982465722295 1.2000000000000002
  endloop
endfacet
facet normal -0.4014703156425377 -0.9158720356348266 0
  outer loop
    vertex -18.19846212495606 1.9268635965096346 1.2000000000000002
    vertex -18.19846212495606 1.9268635965096346 2.4
    vertex -19.177408654654286 2.355982465722295 2.4
  endloop
endfacet
facet normal -0.33796479720310496 -0.9411540814081338 -0.002964945239948384
  outer loop
    vertex -18.19846212495606 1.9268635965096346 0.6000000000000001
    vertex -18.561592101424793 2.0591523667111225 0
    vertex -18.160238114977194 1.915027699649727 0
  endloop
endfacet
facet normal -0.2257583730715764 -0.9741713314241034 0.0048346684958568455
  outer loop
    vertex -18.19846212495606 1.9268635965096346 0.6000000000000001
    vertex -18.160238114977194 1.915027699649727 0
    vertex -17.851866956665358 1.843564530126039 0
  endloop
endfacet
facet normal -0.40147031564253777 -0.9158720356348267 0
  outer loop
    vertex -18.19846212495606 1.9268635965096346 0.6000000000000001
    vertex -18.19846212495606 1.9268635965096346 1.2000000000000002
    vertex -19.177408654654286 2.355982465722295 1.2000000000000002
  endloop
endfacet
facet normal -0.23368123507196562 -0.9723132624700954 0
  outer loop
    vertex -18.19846212495606 1.9268635965096346 0.6000000000000001
    vertex -17.851866956665358 1.843564530126039 0
    vertex -18.19846212495606 1.9268635965096346 1.2000000000000002
  endloop
endfacet
facet normal -0.4011325840172676 -0.9151015703249833 0.04100934074548411
  outer loop
    vertex -18.19846212495606 1.9268635965096346 0.6000000000000001
    vertex -19.177408654654286 2.355982465722295 0.6000000000000001
    vertex -18.561592101424793 2.0591523667111225 0
  endloop
endfacet
facet normal -0.40147031564253777 -0.9158720356348267 0
  outer loop
    vertex -18.19846212495606 1.9268635965096346 0.6000000000000001
    vertex -19.177408654654286 2.355982465722295 1.2000000000000002
    vertex -19.177408654654286 2.355982465722295 0.6000000000000001
  endloop
endfacet
facet normal -1 -4.891245155675162e-15 0
  outer loop
    vertex -20.050234036841513 -0.363170682078609 0
    vertex -20.050234036841516 0.363170682078613 3
    vertex -20.050234036841516 0.363170682078613 0
  endloop
endfacet
facet normal -1 -4.891245155675162e-15 0
  outer loop
    vertex -20.050234036841513 -0.363170682078609 0
    vertex -20.050234036841513 -0.363170682078609 3
    vertex -20.050234036841516 0.363170682078613 3
  endloop
endfacet
facet normal -0.10272381727384601 -0.994709916188981 0
  outer loop
    vertex -17.810212511700446 1.839262870392302 0
    vertex -17.851866956665358 1.843564530126039 3
    vertex -17.851866956665358 1.843564530126039 0
  endloop
endfacet
facet normal -0.10272381727384601 -0.994709916188981 0
  outer loop
    vertex -17.810212511700446 1.839262870392302 0
    vertex -17.810212511700446 1.839262870392302 3
    vertex -17.851866956665358 1.843564530126039 3
  endloop
endfacet
facet normal -0.09171239423091411 0.9957553033660512 0.007759675432434939
  outer loop
    vertex -18.275836733506797 0.9437259788826295 2.4
    vertex -18.346428291928323 0.9325486082402971 3
    vertex -17.920477881991392 0.97178006579508 3
  endloop
endfacet
facet normal -0.22341572843515195 0.9746893596926433 -0.008128000352825767
  outer loop
    vertex -18.275836733506797 0.9437259788826295 2.4
    vertex -18.90267236822644 0.80504780579687 3
    vertex -18.346428291928323 0.9325486082402971 3
  endloop
endfacet
facet normal -0.32165775332361046 0.9468035243327075 0.009968753080087817
  outer loop
    vertex -19.309859787699754 0.6730312517082426 2.4
    vertex -19.485464909657082 0.6070555775122781 3
    vertex -18.90267236822644 0.80504780579687 3
  endloop
endfacet
facet normal -0.3964009681090784 0.9179536452060479 -0.015079049542809399
  outer loop
    vertex -19.309859787699754 0.6730312517082426 2.4
    vertex -20.050234036841516 0.363170682078613 3
    vertex -19.485464909657082 0.6070555775122781 3
  endloop
endfacet
facet normal -0.25304115941831046 0.9665884342464048 -0.040950829311758224
  outer loop
    vertex -19.309859787699754 0.6730312517082426 2.4
    vertex -18.90267236822644 0.80504780579687 3
    vertex -18.275836733506797 0.9437259788826295 2.4
  endloop
endfacet
facet normal -0.07870092623041361 0.9968982717461571 0
  outer loop
    vertex -18.275836733506797 0.9437259788826295 1.2000000000000002
    vertex -17.920477881991392 0.97178006579508 3
    vertex -17.920477881991392 0.97178006579508 0
  endloop
endfacet
facet normal -0.07870092623041362 0.9968982717461571 0
  outer loop
    vertex -18.275836733506797 0.9437259788826295 1.2000000000000002
    vertex -18.275836733506797 0.9437259788826295 2.4
    vertex -17.920477881991392 0.97178006579508 3
  endloop
endfacet
facet normal -0.09171239423091411 0.9957553033660512 -0.007759675432434939
  outer loop
    vertex -18.275836733506797 0.9437259788826295 0.6000000000000001
    vertex -17.920477881991392 0.97178006579508 0
    vertex -18.346428291928323 0.9325486082402971 0
  endloop
endfacet
facet normal -0.22341572843515195 0.9746893596926433 0.008128000352825767
  outer loop
    vertex -18.275836733506797 0.9437259788826295 0.6000000000000001
    vertex -18.346428291928323 0.9325486082402971 0
    vertex -18.90267236822644 0.80504780579687 0
  endloop
endfacet
facet normal -0.07870092623041361 0.9968982717461571 0
  outer loop
    vertex -18.275836733506797 0.9437259788826295 0.6000000000000001
    vertex -18.275836733506797 0.9437259788826295 1.2000000000000002
    vertex -17.920477881991392 0.97178006579508 0
  endloop
endfacet
facet normal -0.38607072920710234 0.9224691821678903 0
  outer loop
    vertex -19.309859787699754 0.6730312517082426 1.2000000000000002
    vertex -20.050234036841516 0.363170682078613 0
    vertex -20.050234036841516 0.363170682078613 3
  endloop
endfacet
facet normal -0.3860707292071023 0.9224691821678903 0
  outer loop
    vertex -19.309859787699754 0.6730312517082426 1.2000000000000002
    vertex -20.050234036841516 0.363170682078613 3
    vertex -19.309859787699754 0.6730312517082426 2.4
  endloop
endfacet
facet normal -0.2532535979153484 0.9673999251307243 0
  outer loop
    vertex -19.309859787699754 0.6730312517082426 1.2000000000000002
    vertex -18.275836733506797 0.9437259788826295 2.4
    vertex -18.275836733506797 0.9437259788826295 1.2000000000000002
  endloop
endfacet
facet normal -0.2532535979153484 0.9673999251307243 0
  outer loop
    vertex -19.309859787699754 0.6730312517082426 1.2000000000000002
    vertex -19.309859787699754 0.6730312517082426 2.4
    vertex -18.275836733506797 0.9437259788826295 2.4
  endloop
endfacet
facet normal -0.25325359791534846 0.9673999251307244 0
  outer loop
    vertex -19.309859787699754 0.6730312517082426 1.2000000000000002
    vertex -18.275836733506797 0.9437259788826295 1.2000000000000002
    vertex -18.275836733506797 0.9437259788826295 0.6000000000000001
  endloop
endfacet
facet normal -0.32165775332361046 0.9468035243327075 -0.009968753080087817
  outer loop
    vertex -19.309859787699754 0.6730312517082426 0.6000000000000001
    vertex -18.90267236822644 0.80504780579687 0
    vertex -19.485464909657082 0.6070555775122781 0
  endloop
endfacet
facet normal -0.3964009681090784 0.9179536452060479 0.015079049542809399
  outer loop
    vertex -19.309859787699754 0.6730312517082426 0.6000000000000001
    vertex -19.485464909657082 0.6070555775122781 0
    vertex -20.050234036841516 0.363170682078613 0
  endloop
endfacet
facet normal -0.25325359791534846 0.9673999251307244 0
  outer loop
    vertex -19.309859787699754 0.6730312517082426 0.6000000000000001
    vertex -19.309859787699754 0.6730312517082426 1.2000000000000002
    vertex -18.275836733506797 0.9437259788826295 0.6000000000000001
  endloop
endfacet
facet normal -0.38607072920710234 0.9224691821678903 0
  outer loop
    vertex -19.309859787699754 0.6730312517082426 0.6000000000000001
    vertex -20.050234036841516 0.363170682078613 0
    vertex -19.309859787699754 0.6730312517082426 1.2000000000000002
  endloop
endfacet
facet normal -0.25304115941831046 0.9665884342464048 0.040950829311758224
  outer loop
    vertex -19.309859787699754 0.6730312517082426 0.6000000000000001
    vertex -18.275836733506797 0.9437259788826295 0.6000000000000001
    vertex -18.90267236822644 0.80504780579687 0
  endloop
endfacet
facet normal -0.9969173337331273 0.07845909572785278 0
  outer loop
    vertex -17.87866334452636 0.969512574144665 0
    vertex -17.810212511700446 1.839262870392302 3
    vertex -17.810212511700446 1.839262870392302 0
  endloop
endfacet
facet normal -0.9969173337331273 0.07845909572785278 0
  outer loop
    vertex -17.87866334452636 0.969512574144665 0
    vertex -17.87866334452636 0.969512574144665 3
    vertex -17.810212511700446 1.839262870392302 3
  endloop
endfacet
facet normal 0.054147796986462646 0.9985329318963462 0
  outer loop
    vertex -17.920477881991392 0.97178006579508 0
    vertex -17.87866334452636 0.969512574144665 3
    vertex -17.87866334452636 0.969512574144665 0
  endloop
endfacet
facet normal 0.054147796986462646 0.9985329318963462 0
  outer loop
    vertex -17.920477881991392 0.97178006579508 0
    vertex -17.920477881991392 0.97178006579508 3
    vertex -17.87866334452636 0.969512574144665 3
  endloop
endfacet
facet normal -0.992708874098054 -0.12053668025532313 0
  outer loop
    vertex -12.929058182573948 0.23931566428755774 3
    vertex -12.9 0 0
    vertex -12.9 0 3
  endloop
endfacet
facet normal -0.992708874098054 -0.12053668025532313 0
  outer loop
    vertex -12.929058182573948 0.23931566428755774 3
    vertex -12.929058182573948 0.23931566428755774 0
    vertex -12.9 0 0
  endloop
endfacet
facet normal -0.9350162426854159 -0.35460488704253273 0
  outer loop
    vertex -13.01454397434679 0.4647231720437685 3
    vertex -13.01454397434679 0.4647231720437685 0
    vertex -12.929058182573948 0.23931566428755774 0
  endloop
endfacet
facet normal -0.9350162426854159 -0.35460488704253273 0
  outer loop
    vertex -13.01454397434679 0.4647231720437685 3
    vertex -12.929058182573948 0.23931566428755774 0
    vertex -12.929058182573948 0.23931566428755774 3
  endloop
endfacet
facet normal -0.8229838658936558 -0.5680647467311568 0
  outer loop
    vertex -13.151489251828899 0.6631226582407952 3
    vertex -13.151489251828899 0.6631226582407952 0
    vertex -13.01454397434679 0.4647231720437685 0
  endloop
endfacet
facet normal -0.8229838658936558 -0.5680647467311568 0
  outer loop
    vertex -13.151489251828899 0.6631226582407952 3
    vertex -13.01454397434679 0.4647231720437685 0
    vertex -13.01454397434679 0.4647231720437685 3
  endloop
endfacet
facet normal -0.663122658240796 -0.7485107481711005 0
  outer loop
    vertex -13.331935253268844 0.8229838658936564 3
    vertex -13.331935253268844 0.8229838658936564 0
    vertex -13.151489251828899 0.6631226582407952 0
  endloop
endfacet
facet normal -0.4647231720437669 -0.8854560256532107 0
  outer loop
    vertex -13.331935253268844 0.8229838658936564 3
    vertex -13.545395112957465 0.9350162426854147 0
    vertex -13.331935253268844 0.8229838658936564 0
  endloop
endfacet
facet normal -0.663122658240796 -0.7485107481711005 0
  outer loop
    vertex -13.331935253268844 0.8229838658936564 3
    vertex -13.151489251828899 0.6631226582407952 0
    vertex -13.151489251828899 0.6631226582407952 3
  endloop
endfacet
facet normal -0.4647231720437669 -0.8854560256532107 0
  outer loop
    vertex -13.545395112957465 0.9350162426854147 3
    vertex -13.545395112957465 0.9350162426854147 0
    vertex -13.331935253268844 0.8229838658936564 3
  endloop
endfacet
facet normal -0.23931566428755868 -0.9709418174260519 0
  outer loop
    vertex -13.779463319744677 0.992708874098054 3
    vertex -13.779463319744677 0.992708874098054 0
    vertex -13.545395112957465 0.9350162426854147 0
  endloop
endfacet
facet normal -0.23931566428755868 -0.9709418174260519 0
  outer loop
    vertex -13.779463319744677 0.992708874098054 3
    vertex -13.545395112957465 0.9350162426854147 0
    vertex -13.545395112957465 0.9350162426854147 3
  endloop
endfacet
facet normal 0 -1 0
  outer loop
    vertex -14.020536680255324 0.992708874098054 3
    vertex -14.020536680255324 0.992708874098054 0
    vertex -13.779463319744677 0.992708874098054 0
  endloop
endfacet
facet normal 0 -1 0
  outer loop
    vertex -14.020536680255324 0.992708874098054 3
    vertex -13.779463319744677 0.992708874098054 0
    vertex -13.779463319744677 0.992708874098054 3
  endloop
endfacet
facet normal 0.23931566428755827 -0.970941817426052 0
  outer loop
    vertex -14.254604887042536 0.9350162426854148 3
    vertex -14.254604887042536 0.9350162426854148 0
    vertex -14.020536680255324 0.992708874098054 0
  endloop
endfacet
facet normal 0.23931566428755827 -0.970941817426052 0
  outer loop
    vertex -14.254604887042536 0.9350162426854148 3
    vertex -14.020536680255324 0.992708874098054 0
    vertex -14.020536680255324 0.992708874098054 3
  endloop
endfacet
facet normal 0.46472317204376995 -0.8854560256532091 0
  outer loop
    vertex -14.468064746731155 0.8229838658936565 3
    vertex -14.468064746731155 0.8229838658936565 0
    vertex -14.254604887042536 0.9350162426854148 0
  endloop
endfacet
facet normal 0.6631226582407918 -0.7485107481711042 0
  outer loop
    vertex -14.468064746731155 0.8229838658936565 3
    vertex -14.648510748171102 0.6631226582407955 0
    vertex -14.468064746731155 0.8229838658936565 0
  endloop
endfacet
facet normal 0.46472317204376995 -0.8854560256532091 0
  outer loop
    vertex -14.468064746731155 0.8229838658936565 3
    vertex -14.254604887042536 0.9350162426854148 0
    vertex -14.254604887042536 0.9350162426854148 3
  endloop
endfacet
facet normal 0.6631226582407918 -0.7485107481711042 0
  outer loop
    vertex -14.648510748171102 0.6631226582407955 3
    vertex -14.648510748171102 0.6631226582407955 0
    vertex -14.468064746731155 0.8229838658936565 3
  endloop
endfacet
facet normal 0.822983865893659 -0.5680647467311523 0
  outer loop
    vertex -14.78545602565321 0.46472317204376906 3
    vertex -14.648510748171102 0.6631226582407955 0
    vertex -14.648510748171102 0.6631226582407955 3
  endloop
endfacet
facet normal 0.822983865893659 -0.5680647467311523 0
  outer loop
    vertex -14.78545602565321 0.46472317204376906 3
    vertex -14.78545602565321 0.46472317204376906 0
    vertex -14.648510748171102 0.6631226582407955 0
  endloop
endfacet
facet normal 0.9350162426854133 -0.35460488704253945 0
  outer loop
    vertex -14.870941817426052 0.23931566428755854 3
    vertex -14.78545602565321 0.46472317204376906 0
    vertex -14.78545602565321 0.46472317204376906 3
  endloop
endfacet
facet normal 0.9350162426854133 -0.35460488704253945 0
  outer loop
    vertex -14.870941817426052 0.23931566428755854 3
    vertex -14.870941817426052 0.23931566428755854 0
    vertex -14.78545602565321 0.46472317204376906 0
  endloop
endfacet
facet normal 0.992708874098054 -0.12053668025532323 0
  outer loop
    vertex -14.9 1.0106430996148606e-15 3
    vertex -14.870941817426052 0.23931566428755854 0
    vertex -14.870941817426052 0.23931566428755854 3
  endloop
endfacet
facet normal 0.992708874098054 -0.12053668025532323 0
  outer loop
    vertex -14.9 1.0106430996148606e-15 3
    vertex -14.9 1.0106430996148606e-15 0
    vertex -14.870941817426052 0.23931566428755854 0
  endloop
endfacet
facet normal 0.992708874098054 0.12053668025532321 0
  outer loop
    vertex -14.9 1.0106430996148606e-15 3
    vertex -14.870941817426052 -0.23931566428755657 0
    vertex -14.9 1.0106430996148606e-15 0
  endloop
endfacet
facet normal 0.992708874098054 0.12053668025532321 0
  outer loop
    vertex -14.870941817426052 -0.23931566428755657 3
    vertex -14.870941817426052 -0.23931566428755657 0
    vertex -14.9 1.0106430996148606e-15 3
  endloop
endfacet
facet normal 0.9350162426854159 0.35460488704253285 0
  outer loop
    vertex -14.785456025653211 -0.4647231720437673 3
    vertex -14.870941817426052 -0.23931566428755657 0
    vertex -14.870941817426052 -0.23931566428755657 3
  endloop
endfacet
facet normal 0.9350162426854159 0.35460488704253285 0
  outer loop
    vertex -14.785456025653211 -0.4647231720437673 3
    vertex -14.785456025653211 -0.4647231720437673 0
    vertex -14.870941817426052 -0.23931566428755657 0
  endloop
endfacet
facet normal 0.8229838658936558 0.5680647467311568 0
  outer loop
    vertex -14.648510748171102 -0.663122658240794 3
    vertex -14.785456025653211 -0.4647231720437673 0
    vertex -14.785456025653211 -0.4647231720437673 3
  endloop
endfacet
facet normal 0.8229838658936558 0.5680647467311568 0
  outer loop
    vertex -14.648510748171102 -0.663122658240794 3
    vertex -14.648510748171102 -0.663122658240794 0
    vertex -14.785456025653211 -0.4647231720437673 0
  endloop
endfacet
facet normal 0.6631226582407964 0.7485107481711001 0
  outer loop
    vertex -14.468064746731157 -0.8229838658936554 3
    vertex -14.648510748171102 -0.663122658240794 0
    vertex -14.648510748171102 -0.663122658240794 3
  endloop
endfacet
facet normal 0.6631226582407964 0.7485107481711001 0
  outer loop
    vertex -14.468064746731157 -0.8229838658936554 3
    vertex -14.468064746731157 -0.8229838658936554 0
    vertex -14.648510748171102 -0.663122658240794 0
  endloop
endfacet
facet normal 0.464723172043771 0.8854560256532086 0
  outer loop
    vertex -14.254604887042538 -0.9350162426854141 3
    vertex -14.468064746731157 -0.8229838658936554 0
    vertex -14.468064746731157 -0.8229838658936554 3
  endloop
endfacet
facet normal 0.464723172043771 0.8854560256532086 0
  outer loop
    vertex -14.254604887042538 -0.9350162426854141 3
    vertex -14.254604887042538 -0.9350162426854141 0
    vertex -14.468064746731157 -0.8229838658936554 0
  endloop
endfacet
facet normal 0.2393156642875604 0.9709418174260513 0
  outer loop
    vertex -14.020536680255326 -0.9927088740980538 3
    vertex -14.254604887042538 -0.9350162426854141 0
    vertex -14.254604887042538 -0.9350162426854141 3
  endloop
endfacet
facet normal 0.2393156642875604 0.9709418174260513 0
  outer loop
    vertex -14.020536680255326 -0.9927088740980538 3
    vertex -14.020536680255326 -0.9927088740980538 0
    vertex -14.254604887042538 -0.9350162426854141 0
  endloop
endfacet
facet normal 2.302666338315989e-15 0.9999999999999999 0
  outer loop
    vertex -13.77946331974468 -0.9927088740980543 3
    vertex -14.020536680255326 -0.9927088740980538 0
    vertex -14.020536680255326 -0.9927088740980538 3
  endloop
endfacet
facet normal 2.302666338315989e-15 0.9999999999999999 0
  outer loop
    vertex -13.77946331974468 -0.9927088740980543 3
    vertex -13.77946331974468 -0.9927088740980543 0
    vertex -14.020536680255326 -0.9927088740980538 0
  endloop
endfacet
facet normal -0.2393156642875539 0.970941817426053 0
  outer loop
    vertex -13.545395112957467 -0.9350162426854158 3
    vertex -13.77946331974468 -0.9927088740980543 0
    vertex -13.77946331974468 -0.9927088740980543 3
  endloop
endfacet
facet normal -0.2393156642875539 0.970941817426053 0
  outer loop
    vertex -13.545395112957467 -0.9350162426854158 3
    vertex -13.545395112957467 -0.9350162426854158 0
    vertex -13.77946331974468 -0.9927088740980543 0
  endloop
endfacet
facet normal -0.4647231720437682 0.8854560256532101 0
  outer loop
    vertex -13.331935253268847 -0.822983865893658 3
    vertex -13.545395112957467 -0.9350162426854158 0
    vertex -13.545395112957467 -0.9350162426854158 3
  endloop
endfacet
facet normal -0.4647231720437682 0.8854560256532101 0
  outer loop
    vertex -13.331935253268847 -0.822983865893658 3
    vertex -13.331935253268847 -0.822983865893658 0
    vertex -13.545395112957467 -0.9350162426854158 0
  endloop
endfacet
facet normal -0.6631226582407906 0.7485107481711051 0
  outer loop
    vertex -13.1514892518289 -0.6631226582407975 3
    vertex -13.331935253268847 -0.822983865893658 0
    vertex -13.331935253268847 -0.822983865893658 3
  endloop
endfacet
facet normal -0.6631226582407906 0.7485107481711051 0
  outer loop
    vertex -13.1514892518289 -0.6631226582407975 3
    vertex -13.1514892518289 -0.6631226582407975 0
    vertex -13.331935253268847 -0.822983865893658 0
  endloop
endfacet
facet normal -0.8229838658936549 0.5680647467311583 0
  outer loop
    vertex -13.014543974346791 -0.46472317204377156 3
    vertex -13.1514892518289 -0.6631226582407975 0
    vertex -13.1514892518289 -0.6631226582407975 3
  endloop
endfacet
facet normal -0.8229838658936549 0.5680647467311583 0
  outer loop
    vertex -13.014543974346791 -0.46472317204377156 3
    vertex -13.014543974346791 -0.46472317204377156 0
    vertex -13.1514892518289 -0.6631226582407975 0
  endloop
endfacet
facet normal -0.9350162426854156 0.3546048870425333 0
  outer loop
    vertex -12.92905818257395 -0.23931566428756124 3
    vertex -12.92905818257395 -0.23931566428756124 0
    vertex -13.014543974346791 -0.46472317204377156 0
  endloop
endfacet
facet normal -0.9350162426854156 0.3546048870425333 0
  outer loop
    vertex -12.92905818257395 -0.23931566428756124 3
    vertex -13.014543974346791 -0.46472317204377156 0
    vertex -13.014543974346791 -0.46472317204377156 3
  endloop
endfacet
facet normal -0.9927088740980532 0.12053668025532865 0
  outer loop
    vertex -12.9 0 3
    vertex -12.9 0 0
    vertex -12.92905818257395 -0.23931566428756124 0
  endloop
endfacet
facet normal -0.9927088740980532 0.12053668025532865 0
  outer loop
    vertex -12.9 0 3
    vertex -12.92905818257395 -0.23931566428756124 0
    vertex -12.92905818257395 -0.23931566428756124 3
  endloop
endfacet
facet normal -0.992708874098054 -0.1205366802553231 0
  outer loop
    vertex 0.970941817426052 -13.66068433571244 3
    vertex 1 -13.899999999999999 0
    vertex 1 -13.899999999999999 3
  endloop
endfacet
facet normal -0.992708874098054 -0.1205366802553231 0
  outer loop
    vertex 0.970941817426052 -13.66068433571244 3
    vertex 0.970941817426052 -13.66068433571244 0
    vertex 1 -13.899999999999999 0
  endloop
endfacet
facet normal -0.9350162426854149 -0.35460488704253523 0
  outer loop
    vertex 0.8854560256532099 -13.43527682795623 3
    vertex 0.8854560256532099 -13.43527682795623 0
    vertex 0.970941817426052 -13.66068433571244 0
  endloop
endfacet
facet normal -0.9350162426854149 -0.35460488704253523 0
  outer loop
    vertex 0.8854560256532099 -13.43527682795623 3
    vertex 0.970941817426052 -13.66068433571244 0
    vertex 0.970941817426052 -13.66068433571244 3
  endloop
endfacet
facet normal -0.8229838658936557 -0.5680647467311569 0
  outer loop
    vertex 0.7485107481711012 -13.236877341759204 3
    vertex 0.7485107481711012 -13.236877341759204 0
    vertex 0.8854560256532099 -13.43527682795623 0
  endloop
endfacet
facet normal -0.8229838658936557 -0.5680647467311569 0
  outer loop
    vertex 0.7485107481711012 -13.236877341759204 3
    vertex 0.8854560256532099 -13.43527682795623 0
    vertex 0.8854560256532099 -13.43527682795623 3
  endloop
endfacet
facet normal -0.6631226582407956 -0.7485107481711006 0
  outer loop
    vertex 0.5680647467311559 -13.077016134106342 3
    vertex 0.5680647467311559 -13.077016134106342 0
    vertex 0.7485107481711012 -13.236877341759204 0
  endloop
endfacet
facet normal -0.464723172043767 -0.8854560256532107 0
  outer loop
    vertex 0.5680647467311559 -13.077016134106342 3
    vertex 0.3546048870425358 -12.964983757314585 0
    vertex 0.5680647467311559 -13.077016134106342 0
  endloop
endfacet
facet normal -0.6631226582407956 -0.7485107481711006 0
  outer loop
    vertex 0.5680647467311559 -13.077016134106342 3
    vertex 0.7485107481711012 -13.236877341759204 0
    vertex 0.7485107481711012 -13.236877341759204 3
  endloop
endfacet
facet normal -0.464723172043767 -0.8854560256532107 0
  outer loop
    vertex 0.3546048870425358 -12.964983757314585 3
    vertex 0.3546048870425358 -12.964983757314585 0
    vertex 0.5680647467311559 -13.077016134106342 3
  endloop
endfacet
facet normal -0.23931566428756373 -0.9709418174260506 0
  outer loop
    vertex 0.12053668025532323 -12.907291125901944 3
    vertex 0.12053668025532323 -12.907291125901944 0
    vertex 0.3546048870425358 -12.964983757314585 0
  endloop
endfacet
facet normal -0.23931566428756373 -0.9709418174260506 0
  outer loop
    vertex 0.12053668025532323 -12.907291125901944 3
    vertex 0.3546048870425358 -12.964983757314585 0
    vertex 0.3546048870425358 -12.964983757314585 3
  endloop
endfacet
facet normal 0 -1 0
  outer loop
    vertex -0.12053668025532288 -12.907291125901944 3
    vertex -0.12053668025532288 -12.907291125901944 0
    vertex 0.12053668025532323 -12.907291125901944 0
  endloop
endfacet
facet normal 0 -1 0
  outer loop
    vertex -0.12053668025532288 -12.907291125901944 3
    vertex 0.12053668025532323 -12.907291125901944 0
    vertex 0.12053668025532323 -12.907291125901944 3
  endloop
endfacet
facet normal 0.23931566428756373 -0.9709418174260506 0
  outer loop
    vertex -0.35460488704253545 -12.964983757314585 3
    vertex -0.35460488704253545 -12.964983757314585 0
    vertex -0.12053668025532288 -12.907291125901944 0
  endloop
endfacet
facet normal 0.23931566428756373 -0.9709418174260506 0
  outer loop
    vertex -0.35460488704253545 -12.964983757314585 3
    vertex -0.12053668025532288 -12.907291125901944 0
    vertex -0.12053668025532288 -12.907291125901944 3
  endloop
endfacet
facet normal 0.4647231720437668 -0.8854560256532108 0
  outer loop
    vertex -0.5680647467311557 -13.077016134106342 3
    vertex -0.5680647467311557 -13.077016134106342 0
    vertex -0.35460488704253545 -12.964983757314585 0
  endloop
endfacet
facet normal 0.6631226582407959 -0.7485107481711004 0
  outer loop
    vertex -0.5680647467311557 -13.077016134106342 3
    vertex -0.7485107481711009 -13.236877341759204 0
    vertex -0.5680647467311557 -13.077016134106342 0
  endloop
endfacet
facet normal 0.4647231720437668 -0.8854560256532108 0
  outer loop
    vertex -0.5680647467311557 -13.077016134106342 3
    vertex -0.35460488704253545 -12.964983757314585 0
    vertex -0.35460488704253545 -12.964983757314585 3
  endloop
endfacet
facet normal 0.6631226582407959 -0.7485107481711004 0
  outer loop
    vertex -0.7485107481711009 -13.236877341759204 3
    vertex -0.7485107481711009 -13.236877341759204 0
    vertex -0.5680647467311557 -13.077016134106342 3
  endloop
endfacet
facet normal 0.8229838658936557 -0.5680647467311569 0
  outer loop
    vertex -0.8854560256532096 -13.43527682795623 3
    vertex -0.7485107481711009 -13.236877341759204 0
    vertex -0.7485107481711009 -13.236877341759204 3
  endloop
endfacet
facet normal 0.8229838658936557 -0.5680647467311569 0
  outer loop
    vertex -0.8854560256532096 -13.43527682795623 3
    vertex -0.8854560256532096 -13.43527682795623 0
    vertex -0.7485107481711009 -13.236877341759204 0
  endloop
endfacet
facet normal 0.9350162426854149 -0.3546048870425357 0
  outer loop
    vertex -0.9709418174260518 -13.66068433571244 3
    vertex -0.8854560256532096 -13.43527682795623 0
    vertex -0.8854560256532096 -13.43527682795623 3
  endloop
endfacet
facet normal 0.9350162426854149 -0.3546048870425357 0
  outer loop
    vertex -0.9709418174260518 -13.66068433571244 3
    vertex -0.9709418174260518 -13.66068433571244 0
    vertex -0.8854560256532096 -13.43527682795623 0
  endloop
endfacet
facet normal 0.9927088740980538 -0.1205366802553249 0
  outer loop
    vertex -1 -13.899999999999997 3
    vertex -0.9709418174260518 -13.66068433571244 0
    vertex -0.9709418174260518 -13.66068433571244 3
  endloop
endfacet
facet normal 0.9927088740980538 -0.1205366802553249 0
  outer loop
    vertex -1 -13.899999999999997 3
    vertex -1 -13.899999999999997 0
    vertex -0.9709418174260518 -13.66068433571244 0
  endloop
endfacet
facet normal 0.9927088740980541 0.12053668025532174 0
  outer loop
    vertex -1 -13.899999999999997 3
    vertex -0.9709418174260523 -14.139315664287555 0
    vertex -1 -13.899999999999997 0
  endloop
endfacet
facet normal 0.9927088740980541 0.12053668025532174 0
  outer loop
    vertex -0.9709418174260523 -14.139315664287555 3
    vertex -0.9709418174260523 -14.139315664287555 0
    vertex -1 -13.899999999999997 3
  endloop
endfacet
facet normal 0.9350162426854154 0.354604887042534 0
  outer loop
    vertex -0.8854560256532106 -14.364723172043766 3
    vertex -0.9709418174260523 -14.139315664287555 0
    vertex -0.9709418174260523 -14.139315664287555 3
  endloop
endfacet
facet normal 0.9350162426854154 0.354604887042534 0
  outer loop
    vertex -0.8854560256532106 -14.364723172043766 3
    vertex -0.8854560256532106 -14.364723172043766 0
    vertex -0.9709418174260523 -14.139315664287555 0
  endloop
endfacet
facet normal 0.8229838658936587 0.5680647467311526 0
  outer loop
    vertex -0.7485107481711022 -14.563122658240793 3
    vertex -0.8854560256532106 -14.364723172043766 0
    vertex -0.8854560256532106 -14.364723172043766 3
  endloop
endfacet
facet normal 0.8229838658936587 0.5680647467311526 0
  outer loop
    vertex -0.7485107481711022 -14.563122658240793 3
    vertex -0.7485107481711022 -14.563122658240793 0
    vertex -0.8854560256532106 -14.364723172043766 0
  endloop
endfacet
facet normal 0.6631226582407966 0.7485107481710999 0
  outer loop
    vertex -0.5680647467311574 -14.722983865893655 3
    vertex -0.7485107481711022 -14.563122658240793 0
    vertex -0.7485107481711022 -14.563122658240793 3
  endloop
endfacet
facet normal 0.6631226582407966 0.7485107481710999 0
  outer loop
    vertex -0.5680647467311574 -14.722983865893655 3
    vertex -0.5680647467311574 -14.722983865893655 0
    vertex -0.7485107481711022 -14.563122658240793 0
  endloop
endfacet
facet normal 0.46472317204376756 0.8854560256532105 0
  outer loop
    vertex -0.35460488704253756 -14.835016242685413 3
    vertex -0.5680647467311574 -14.722983865893655 0
    vertex -0.5680647467311574 -14.722983865893655 3
  endloop
endfacet
facet normal 0.46472317204376756 0.8854560256532105 0
  outer loop
    vertex -0.35460488704253756 -14.835016242685413 3
    vertex -0.35460488704253756 -14.835016242685413 0
    vertex -0.5680647467311574 -14.722983865893655 0
  endloop
endfacet
facet normal 0.2393156642875571 0.9709418174260523 0
  outer loop
    vertex -0.12053668025532534 -14.892708874098052 3
    vertex -0.35460488704253756 -14.835016242685413 0
    vertex -0.35460488704253756 -14.835016242685413 3
  endloop
endfacet
facet normal 0.2393156642875571 0.9709418174260523 0
  outer loop
    vertex -0.12053668025532534 -14.892708874098052 3
    vertex -0.12053668025532534 -14.892708874098052 0
    vertex -0.35460488704253756 -14.835016242685413 0
  endloop
endfacet
facet normal 7.36853228261115e-15 1 0
  outer loop
    vertex 0.12053668025532056 -14.892708874098053 3
    vertex -0.12053668025532534 -14.892708874098052 0
    vertex -0.12053668025532534 -14.892708874098052 3
  endloop
endfacet
facet normal 7.36853228261115e-15 1 0
  outer loop
    vertex 0.12053668025532056 -14.892708874098053 3
    vertex 0.12053668025532056 -14.892708874098053 0
    vertex -0.12053668025532534 -14.892708874098052 0
  endloop
endfacet
facet normal -0.23931566428755685 0.9709418174260522 0
  outer loop
    vertex 0.35460488704253307 -14.835016242685414 3
    vertex 0.12053668025532056 -14.892708874098053 0
    vertex 0.12053668025532056 -14.892708874098053 3
  endloop
endfacet
facet normal -0.23931566428755685 0.9709418174260522 0
  outer loop
    vertex 0.35460488704253307 -14.835016242685414 3
    vertex 0.35460488704253307 -14.835016242685414 0
    vertex 0.12053668025532056 -14.892708874098053 0
  endloop
endfacet
facet normal -0.4647231720437668 0.8854560256532109 0
  outer loop
    vertex 0.5680647467311534 -14.722983865893656 3
    vertex 0.35460488704253307 -14.835016242685414 0
    vertex 0.35460488704253307 -14.835016242685414 3
  endloop
endfacet
facet normal -0.4647231720437668 0.8854560256532109 0
  outer loop
    vertex 0.5680647467311534 -14.722983865893656 3
    vertex 0.5680647467311534 -14.722983865893656 0
    vertex 0.35460488704253307 -14.835016242685414 0
  endloop
endfacet
facet normal -0.6631226582407909 0.7485107481711049 0
  outer loop
    vertex 0.748510748171099 -14.563122658240797 3
    vertex 0.5680647467311534 -14.722983865893656 0
    vertex 0.5680647467311534 -14.722983865893656 3
  endloop
endfacet
facet normal -0.6631226582407909 0.7485107481711049 0
  outer loop
    vertex 0.748510748171099 -14.563122658240797 3
    vertex 0.748510748171099 -14.563122658240797 0
    vertex 0.5680647467311534 -14.722983865893656 0
  endloop
endfacet
facet normal -0.8229838658936544 0.5680647467311588 0
  outer loop
    vertex 0.8854560256532084 -14.364723172043771 3
    vertex 0.748510748171099 -14.563122658240797 0
    vertex 0.748510748171099 -14.563122658240797 3
  endloop
endfacet
facet normal -0.8229838658936544 0.5680647467311588 0
  outer loop
    vertex 0.8854560256532084 -14.364723172043771 3
    vertex 0.8854560256532084 -14.364723172043771 0
    vertex 0.748510748171099 -14.563122658240797 0
  endloop
endfacet
facet normal -0.9350162426854141 0.3546048870425376 0
  outer loop
    vertex 0.9709418174260511 -14.13931566428756 3
    vertex 0.9709418174260511 -14.13931566428756 0
    vertex 0.8854560256532084 -14.364723172043771 0
  endloop
endfacet
facet normal -0.9350162426854141 0.3546048870425376 0
  outer loop
    vertex 0.9709418174260511 -14.13931566428756 3
    vertex 0.8854560256532084 -14.364723172043771 0
    vertex 0.8854560256532084 -14.364723172043771 3
  endloop
endfacet
facet normal -0.9927088740980538 0.12053668025532496 0
  outer loop
    vertex 1 -13.899999999999999 3
    vertex 1 -13.899999999999999 0
    vertex 0.9709418174260511 -14.13931566428756 0
  endloop
endfacet
facet normal -0.9927088740980538 0.12053668025532496 0
  outer loop
    vertex 1 -13.899999999999999 3
    vertex 0.9709418174260511 -14.13931566428756 0
    vertex 0.9709418174260511 -14.13931566428756 3
  endloop
endfacet
facet normal -0.9961946980917455 -0.08715574274765812 0
  outer loop
    vertex 3.397586747892118 0.5990862129509097 3
    vertex 3.45 0 0
    vertex 3.45 0 3
  endloop
endfacet
facet normal -0.9961946980917455 -0.08715574274765812 0
  outer loop
    vertex 3.397586747892118 0.5990862129509097 3
    vertex 3.397586747892118 0.5990862129509097 0
    vertex 3.45 0 0
  endloop
endfacet
facet normal -0.9659258262890682 -0.25881904510252085 0
  outer loop
    vertex 3.241939541711384 1.179969494473557 3
    vertex 3.241939541711384 1.179969494473557 0
    vertex 3.397586747892118 0.5990862129509097 0
  endloop
endfacet
facet normal -0.9659258262890682 -0.25881904510252085 0
  outer loop
    vertex 3.241939541711384 1.179969494473557 3
    vertex 3.397586747892118 0.5990862129509097 0
    vertex 3.397586747892118 0.5990862129509097 3
  endloop
endfacet
facet normal -0.90630778703665 -0.4226182617406995 0
  outer loop
    vertex 2.9877876430563135 1.7249999999999999 3
    vertex 2.9877876430563135 1.7249999999999999 0
    vertex 3.241939541711384 1.179969494473557 0
  endloop
endfacet
facet normal -0.90630778703665 -0.4226182617406995 0
  outer loop
    vertex 2.9877876430563135 1.7249999999999999 3
    vertex 3.241939541711384 1.179969494473557 0
    vertex 3.241939541711384 1.179969494473557 3
  endloop
endfacet
facet normal -0.8191520442889916 -0.5735764363510465 0
  outer loop
    vertex 2.642853328760474 2.2176172534185605 3
    vertex 2.642853328760474 2.2176172534185605 0
    vertex 2.9877876430563135 1.7249999999999999 0
  endloop
endfacet
facet normal -0.8191520442889916 -0.5735764363510465 0
  outer loop
    vertex 2.642853328760474 2.2176172534185605 3
    vertex 2.9877876430563135 1.7249999999999999 0
    vertex 2.9877876430563135 1.7249999999999999 3
  endloop
endfacet
facet normal -0.7071067811865479 -0.7071067811865471 0
  outer loop
    vertex 2.217617253418561 2.642853328760474 3
    vertex 2.217617253418561 2.642853328760474 0
    vertex 2.642853328760474 2.2176172534185605 0
  endloop
endfacet
facet normal -0.7071067811865479 -0.7071067811865471 0
  outer loop
    vertex 2.217617253418561 2.642853328760474 3
    vertex 2.642853328760474 2.2176172534185605 0
    vertex 2.642853328760474 2.2176172534185605 3
  endloop
endfacet
facet normal -0.5735764363510467 -0.8191520442889915 0
  outer loop
    vertex 1.7250000000000005 2.9877876430563135 3
    vertex 2.217617253418561 2.642853328760474 0
    vertex 2.217617253418561 2.642853328760474 3
  endloop
endfacet
facet normal -0.5735764363510467 -0.8191520442889915 0
  outer loop
    vertex 1.7250000000000005 2.9877876430563135 3
    vertex 1.7250000000000005 2.9877876430563135 0
    vertex 2.217617253418561 2.642853328760474 0
  endloop
endfacet
facet normal -0.4226182617406988 -0.9063077870366504 0
  outer loop
    vertex 1.1799694944735575 3.2419395417113837 3
    vertex 1.7250000000000005 2.9877876430563135 0
    vertex 1.7250000000000005 2.9877876430563135 3
  endloop
endfacet
facet normal -0.4226182617406988 -0.9063077870366504 0
  outer loop
    vertex 1.1799694944735575 3.2419395417113837 3
    vertex 1.1799694944735575 3.2419395417113837 0
    vertex 1.7250000000000005 2.9877876430563135 0
  endloop
endfacet
facet normal -0.2588190451025214 -0.9659258262890681 0
  outer loop
    vertex 0.5990862129509099 3.397586747892118 3
    vertex 1.1799694944735575 3.2419395417113837 0
    vertex 1.1799694944735575 3.2419395417113837 3
  endloop
endfacet
facet normal -0.2588190451025214 -0.9659258262890681 0
  outer loop
    vertex 0.5990862129509099 3.397586747892118 3
    vertex 0.5990862129509099 3.397586747892118 0
    vertex 1.1799694944735575 3.2419395417113837 0
  endloop
endfacet
facet normal -0.08715574274765812 -0.9961946980917455 0
  outer loop
    vertex 0.5990862129509099 3.397586747892118 3
    vertex 2.1125157285291844e-16 3.45 0
    vertex 0.5990862129509099 3.397586747892118 0
  endloop
endfacet
facet normal -0.08715574274765812 -0.9961946980917455 0
  outer loop
    vertex 2.1125157285291844e-16 3.45 3
    vertex 2.1125157285291844e-16 3.45 0
    vertex 0.5990862129509099 3.397586747892118 3
  endloop
endfacet
facet normal 0.08715574274765812 -0.9961946980917457 0
  outer loop
    vertex -0.5990862129509096 3.397586747892118 3
    vertex 2.1125157285291844e-16 3.45 0
    vertex 2.1125157285291844e-16 3.45 3
  endloop
endfacet
facet normal 0.08715574274765812 -0.9961946980917457 0
  outer loop
    vertex -0.5990862129509096 3.397586747892118 3
    vertex -0.5990862129509096 3.397586747892118 0
    vertex 2.1125157285291844e-16 3.45 0
  endloop
endfacet
facet normal 0.2588190451025208 -0.9659258262890683 0
  outer loop
    vertex -1.179969494473557 3.241939541711384 3
    vertex -0.5990862129509096 3.397586747892118 0
    vertex -0.5990862129509096 3.397586747892118 3
  endloop
endfacet
facet normal 0.2588190451025208 -0.9659258262890683 0
  outer loop
    vertex -1.179969494473557 3.241939541711384 3
    vertex -1.179969494473557 3.241939541711384 0
    vertex -0.5990862129509096 3.397586747892118 0
  endloop
endfacet
facet normal 0.4226182617406998 -0.9063077870366498 0
  outer loop
    vertex -1.179969494473557 3.241939541711384 3
    vertex -1.7249999999999994 2.9877876430563135 0
    vertex -1.179969494473557 3.241939541711384 0
  endloop
endfacet
facet normal 0.4226182617406998 -0.9063077870366498 0
  outer loop
    vertex -1.7249999999999994 2.9877876430563135 3
    vertex -1.7249999999999994 2.9877876430563135 0
    vertex -1.179969494473557 3.241939541711384 3
  endloop
endfacet
facet normal 0.5735764363510453 -0.8191520442889922 0
  outer loop
    vertex -1.7249999999999994 2.9877876430563135 3
    vertex -2.2176172534185596 2.6428533287604754 0
    vertex -1.7249999999999994 2.9877876430563135 0
  endloop
endfacet
facet normal 0.5735764363510453 -0.8191520442889922 0
  outer loop
    vertex -2.2176172534185596 2.6428533287604754 3
    vertex -2.2176172534185596 2.6428533287604754 0
    vertex -1.7249999999999994 2.9877876430563135 3
  endloop
endfacet
facet normal 0.7071067811865476 -0.7071067811865476 0
  outer loop
    vertex -2.6428533287604727 2.2176172534185623 3
    vertex -2.2176172534185596 2.6428533287604754 0
    vertex -2.2176172534185596 2.6428533287604754 3
  endloop
endfacet
facet normal 0.7071067811865476 -0.7071067811865476 0
  outer loop
    vertex -2.6428533287604727 2.2176172534185623 3
    vertex -2.6428533287604727 2.2176172534185623 0
    vertex -2.2176172534185596 2.6428533287604754 0
  endloop
endfacet
facet normal 0.8191520442889909 -0.5735764363510473 0
  outer loop
    vertex -2.987787643056312 1.7250000000000028 3
    vertex -2.6428533287604727 2.2176172534185623 0
    vertex -2.6428533287604727 2.2176172534185623 3
  endloop
endfacet
facet normal 0.8191520442889909 -0.5735764363510473 0
  outer loop
    vertex -2.987787643056312 1.7250000000000028 3
    vertex -2.987787643056312 1.7250000000000028 0
    vertex -2.6428533287604727 2.2176172534185623 0
  endloop
endfacet
facet normal 0.9063077870366498 -0.42261826174069994 0
  outer loop
    vertex -2.987787643056312 1.7250000000000028 3
    vertex -3.2419395417113828 1.1799694944735606 0
    vertex -2.987787643056312 1.7250000000000028 0
  endloop
endfacet
facet normal 0.9063077870366498 -0.42261826174069994 0
  outer loop
    vertex -3.2419395417113828 1.1799694944735606 3
    vertex -3.2419395417113828 1.1799694944735606 0
    vertex -2.987787643056312 1.7250000000000028 3
  endloop
endfacet
facet normal 0.965925826289068 -0.25881904510252185 0
  outer loop
    vertex -3.397586747892117 0.599086212950914 3
    vertex -3.2419395417113828 1.1799694944735606 0
    vertex -3.2419395417113828 1.1799694944735606 3
  endloop
endfacet
facet normal 0.965925826289068 -0.25881904510252185 0
  outer loop
    vertex -3.397586747892117 0.599086212950914 3
    vertex -3.397586747892117 0.599086212950914 0
    vertex -3.2419395417113828 1.1799694944735606 0
  endloop
endfacet
facet normal 0.9961946980917454 -0.0871557427476597 0
  outer loop
    vertex -3.45 5.0188264676539854e-15 3
    vertex -3.397586747892117 0.599086212950914 0
    vertex -3.397586747892117 0.599086212950914 3
  endloop
endfacet
facet normal 0.9961946980917454 -0.0871557427476597 0
  outer loop
    vertex -3.45 5.0188264676539854e-15 3
    vertex -3.45 5.0188264676539854e-15 0
    vertex -3.397586747892117 0.599086212950914 0
  endloop
endfacet
facet normal 0.9961946980917458 0.08715574274765675 0
  outer loop
    vertex -3.397586747892119 -0.5990862129509041 3
    vertex -3.45 5.0188264676539854e-15 0
    vertex -3.45 5.0188264676539854e-15 3
  endloop
endfacet
facet normal 0.9961946980917458 0.08715574274765675 0
  outer loop
    vertex -3.397586747892119 -0.5990862129509041 3
    vertex -3.397586747892119 -0.5990862129509041 0
    vertex -3.45 5.0188264676539854e-15 0
  endloop
endfacet
facet normal 0.9659258262890688 0.25881904510251885 0
  outer loop
    vertex -3.397586747892119 -0.5990862129509041 3
    vertex -3.2419395417113863 -1.1799694944735513 0
    vertex -3.397586747892119 -0.5990862129509041 0
  endloop
endfacet
facet normal 0.9659258262890688 0.25881904510251885 0
  outer loop
    vertex -3.2419395417113863 -1.1799694944735513 3
    vertex -3.2419395417113863 -1.1799694944735513 0
    vertex -3.397586747892119 -0.5990862129509041 3
  endloop
endfacet
facet normal 0.9063077870366507 0.4226182617406978 0
  outer loop
    vertex -2.987787643056317 -1.7249999999999939 3
    vertex -2.987787643056317 -1.7249999999999939 0
    vertex -3.2419395417113863 -1.1799694944735513 0
  endloop
endfacet
facet normal 0.9063077870366507 0.4226182617406978 0
  outer loop
    vertex -2.987787643056317 -1.7249999999999939 3
    vertex -3.2419395417113863 -1.1799694944735513 0
    vertex -3.2419395417113863 -1.1799694944735513 3
  endloop
endfacet
facet normal 0.819152044288993 0.5735764363510443 0
  outer loop
    vertex -2.6428533287604794 -2.2176172534185548 3
    vertex -2.6428533287604794 -2.2176172534185548 0
    vertex -2.987787643056317 -1.7249999999999939 0
  endloop
endfacet
facet normal 0.707106781186549 0.707106781186546 0
  outer loop
    vertex -2.6428533287604794 -2.2176172534185548 3
    vertex -2.2176172534185663 -2.6428533287604696 0
    vertex -2.6428533287604794 -2.2176172534185548 0
  endloop
endfacet
facet normal 0.819152044288993 0.5735764363510443 0
  outer loop
    vertex -2.6428533287604794 -2.2176172534185548 3
    vertex -2.987787643056317 -1.7249999999999939 0
    vertex -2.987787643056317 -1.7249999999999939 3
  endloop
endfacet
facet normal 0.707106781186549 0.707106781186546 0
  outer loop
    vertex -2.2176172534185663 -2.6428533287604696 3
    vertex -2.2176172534185663 -2.6428533287604696 0
    vertex -2.6428533287604794 -2.2176172534185548 3
  endloop
endfacet
facet normal 0.5735764363510477 0.8191520442889907 0
  outer loop
    vertex -1.7250000000000065 -2.9877876430563095 3
    vertex -1.7250000000000065 -2.9877876430563095 0
    vertex -2.2176172534185663 -2.6428533287604696 0
  endloop
endfacet
facet normal 0.5735764363510477 0.8191520442889907 0
  outer loop
    vertex -1.7250000000000065 -2.9877876430563095 3
    vertex -2.2176172534185663 -2.6428533287604696 0
    vertex -2.2176172534185663 -2.6428533287604696 3
  endloop
endfacet
facet normal 0.42261826174070166 0.9063077870366489 0
  outer loop
    vertex -1.1799694944735653 -3.241939541711381 3
    vertex -1.1799694944735653 -3.241939541711381 0
    vertex -1.7250000000000065 -2.9877876430563095 0
  endloop
endfacet
facet normal 0.42261826174070166 0.9063077870366489 0
  outer loop
    vertex -1.1799694944735653 -3.241939541711381 3
    vertex -1.7250000000000065 -2.9877876430563095 0
    vertex -1.7250000000000065 -2.9877876430563095 3
  endloop
endfacet
facet normal 0.25881904510252324 0.9659258262890675 0
  outer loop
    vertex -0.5990862129509187 -3.3975867478921162 3
    vertex -0.5990862129509187 -3.3975867478921162 0
    vertex -1.1799694944735653 -3.241939541711381 0
  endloop
endfacet
facet normal 0.25881904510252324 0.9659258262890675 0
  outer loop
    vertex -0.5990862129509187 -3.3975867478921162 3
    vertex -1.1799694944735653 -3.241939541711381 0
    vertex -1.1799694944735653 -3.241939541711381 3
  endloop
endfacet
facet normal 0.08715574274766118 0.9961946980917452 0
  outer loop
    vertex -9.826401362455052e-15 -3.45 3
    vertex -9.826401362455052e-15 -3.45 0
    vertex -0.5990862129509187 -3.3975867478921162 0
  endloop
endfacet
facet normal 0.08715574274766118 0.9961946980917452 0
  outer loop
    vertex -9.826401362455052e-15 -3.45 3
    vertex -0.5990862129509187 -3.3975867478921162 0
    vertex -0.5990862129509187 -3.3975867478921162 3
  endloop
endfacet
facet normal -0.08715574274765525 0.9961946980917458 0
  outer loop
    vertex 0.5990862129508994 -3.39758674789212 3
    vertex 0.5990862129508994 -3.39758674789212 0
    vertex -9.826401362455052e-15 -3.45 0
  endloop
endfacet
facet normal -0.08715574274765525 0.9961946980917458 0
  outer loop
    vertex 0.5990862129508994 -3.39758674789212 3
    vertex -9.826401362455052e-15 -3.45 0
    vertex -9.826401362455052e-15 -3.45 3
  endloop
endfacet
facet normal -0.2588190451025174 0.9659258262890691 0
  outer loop
    vertex 1.1799694944735466 -3.241939541711388 3
    vertex 1.1799694944735466 -3.241939541711388 0
    vertex 0.5990862129508994 -3.39758674789212 0
  endloop
endfacet
facet normal -0.4226182617406969 0.9063077870366512 0
  outer loop
    vertex 1.1799694944735466 -3.241939541711388 3
    vertex 1.7249999999999897 -2.9877876430563193 0
    vertex 1.1799694944735466 -3.241939541711388 0
  endloop
endfacet
facet normal -0.2588190451025174 0.9659258262890691 0
  outer loop
    vertex 1.1799694944735466 -3.241939541711388 3
    vertex 0.5990862129508994 -3.39758674789212 0
    vertex 0.5990862129508994 -3.39758674789212 3
  endloop
endfacet
facet normal -0.5735764363510432 0.8191520442889939 0
  outer loop
    vertex 1.7249999999999897 -2.9877876430563193 3
    vertex 2.2176172534185508 -2.6428533287604825 0
    vertex 1.7249999999999897 -2.9877876430563193 0
  endloop
endfacet
facet normal -0.4226182617406969 0.9063077870366512 0
  outer loop
    vertex 1.7249999999999897 -2.9877876430563193 3
    vertex 1.7249999999999897 -2.9877876430563193 0
    vertex 1.1799694944735466 -3.241939541711388 3
  endloop
endfacet
facet normal -0.5735764363510432 0.8191520442889939 0
  outer loop
    vertex 2.2176172534185508 -2.6428533287604825 3
    vertex 2.2176172534185508 -2.6428533287604825 0
    vertex 1.7249999999999897 -2.9877876430563193 3
  endloop
endfacet
facet normal -0.7071067811865449 0.7071067811865501 0
  outer loop
    vertex 2.6428533287604656 -2.2176172534185707 3
    vertex 2.2176172534185508 -2.6428533287604825 0
    vertex 2.2176172534185508 -2.6428533287604825 3
  endloop
endfacet
facet normal -0.7071067811865449 0.7071067811865501 0
  outer loop
    vertex 2.6428533287604656 -2.2176172534185707 3
    vertex 2.6428533287604656 -2.2176172534185707 0
    vertex 2.2176172534185508 -2.6428533287604825 0
  endloop
endfacet
facet normal -0.8191520442889891 0.5735764363510496 0
  outer loop
    vertex 2.6428533287604656 -2.2176172534185707 3
    vertex 2.9877876430563064 -1.7250000000000123 0
    vertex 2.6428533287604656 -2.2176172534185707 0
  endloop
endfacet
facet normal -0.8191520442889891 0.5735764363510496 0
  outer loop
    vertex 2.9877876430563064 -1.7250000000000123 3
    vertex 2.9877876430563064 -1.7250000000000123 0
    vertex 2.6428533287604656 -2.2176172534185707 3
  endloop
endfacet
facet normal -0.9063077870366484 0.4226182617407029 0
  outer loop
    vertex 3.2419395417113788 -1.179969494473571 3
    vertex 2.9877876430563064 -1.7250000000000123 0
    vertex 2.9877876430563064 -1.7250000000000123 3
  endloop
endfacet
facet normal -0.9063077870366484 0.4226182617407029 0
  outer loop
    vertex 3.2419395417113788 -1.179969494473571 3
    vertex 3.2419395417113788 -1.179969494473571 0
    vertex 2.9877876430563064 -1.7250000000000123 0
  endloop
endfacet
facet normal -0.965925826289067 0.2588190451025255 0
  outer loop
    vertex 3.3975867478921153 -0.599086212950925 3
    vertex 3.2419395417113788 -1.179969494473571 0
    vertex 3.2419395417113788 -1.179969494473571 3
  endloop
endfacet
facet normal -0.965925826289067 0.2588190451025255 0
  outer loop
    vertex 3.3975867478921153 -0.599086212950925 3
    vertex 3.3975867478921153 -0.599086212950925 0
    vertex 3.2419395417113788 -1.179969494473571 0
  endloop
endfacet
facet normal -0.9961946980917453 0.08715574274766032 0
  outer loop
    vertex 3.45 0 3
    vertex 3.3975867478921153 -0.599086212950925 0
    vertex 3.3975867478921153 -0.599086212950925 3
  endloop
endfacet
facet normal -0.9961946980917453 0.08715574274766032 0
  outer loop
    vertex 3.45 0 3
    vertex 3.45 0 0
    vertex 3.3975867478921153 -0.599086212950925 0
  endloop
endfacet
facet normal -0.992708874098054 -0.12053668025532313 0
  outer loop
    vertex 14.870941817426052 0.23931566428755774 3
    vertex 14.9 0 0
    vertex 14.9 0 3
  endloop
endfacet
facet normal -0.992708874098054 -0.12053668025532313 0
  outer loop
    vertex 14.870941817426052 0.23931566428755774 3
    vertex 14.870941817426052 0.23931566428755774 0
    vertex 14.9 0 0
  endloop
endfacet
facet normal -0.9350162426854159 -0.35460488704253273 0
  outer loop
    vertex 14.785456025653211 0.4647231720437685 3
    vertex 14.785456025653211 0.4647231720437685 0
    vertex 14.870941817426052 0.23931566428755774 0
  endloop
endfacet
facet normal -0.9350162426854159 -0.35460488704253273 0
  outer loop
    vertex 14.785456025653211 0.4647231720437685 3
    vertex 14.870941817426052 0.23931566428755774 0
    vertex 14.870941817426052 0.23931566428755774 3
  endloop
endfacet
facet normal -0.8229838658936558 -0.5680647467311568 0
  outer loop
    vertex 14.648510748171102 0.6631226582407952 3
    vertex 14.648510748171102 0.6631226582407952 0
    vertex 14.785456025653211 0.4647231720437685 0
  endloop
endfacet
facet normal -0.8229838658936558 -0.5680647467311568 0
  outer loop
    vertex 14.648510748171102 0.6631226582407952 3
    vertex 14.785456025653211 0.4647231720437685 0
    vertex 14.785456025653211 0.4647231720437685 3
  endloop
endfacet
facet normal -0.663122658240796 -0.7485107481711005 0
  outer loop
    vertex 14.468064746731157 0.8229838658936564 3
    vertex 14.468064746731157 0.8229838658936564 0
    vertex 14.648510748171102 0.6631226582407952 0
  endloop
endfacet
facet normal -0.4647231720437669 -0.8854560256532107 0
  outer loop
    vertex 14.468064746731157 0.8229838658936564 3
    vertex 14.254604887042536 0.9350162426854147 0
    vertex 14.468064746731157 0.8229838658936564 0
  endloop
endfacet
facet normal -0.663122658240796 -0.7485107481711005 0
  outer loop
    vertex 14.468064746731157 0.8229838658936564 3
    vertex 14.648510748171102 0.6631226582407952 0
    vertex 14.648510748171102 0.6631226582407952 3
  endloop
endfacet
facet normal -0.4647231720437669 -0.8854560256532107 0
  outer loop
    vertex 14.254604887042536 0.9350162426854147 3
    vertex 14.254604887042536 0.9350162426854147 0
    vertex 14.468064746731157 0.8229838658936564 3
  endloop
endfacet
facet normal -0.23931566428755868 -0.9709418174260519 0
  outer loop
    vertex 14.020536680255324 0.992708874098054 3
    vertex 14.020536680255324 0.992708874098054 0
    vertex 14.254604887042536 0.9350162426854147 0
  endloop
endfacet
facet normal -0.23931566428755868 -0.9709418174260519 0
  outer loop
    vertex 14.020536680255324 0.992708874098054 3
    vertex 14.254604887042536 0.9350162426854147 0
    vertex 14.254604887042536 0.9350162426854147 3
  endloop
endfacet
facet normal 0 -1 0
  outer loop
    vertex 13.779463319744677 0.992708874098054 3
    vertex 13.779463319744677 0.992708874098054 0
    vertex 14.020536680255324 0.992708874098054 0
  endloop
endfacet
facet normal 0 -1 0
  outer loop
    vertex 13.779463319744677 0.992708874098054 3
    vertex 14.020536680255324 0.992708874098054 0
    vertex 14.020536680255324 0.992708874098054 3
  endloop
endfacet
facet normal 0.23931566428755827 -0.970941817426052 0
  outer loop
    vertex 13.545395112957465 0.9350162426854148 3
    vertex 13.545395112957465 0.9350162426854148 0
    vertex 13.779463319744677 0.992708874098054 0
  endloop
endfacet
facet normal 0.23931566428755827 -0.970941817426052 0
  outer loop
    vertex 13.545395112957465 0.9350162426854148 3
    vertex 13.779463319744677 0.992708874098054 0
    vertex 13.779463319744677 0.992708874098054 3
  endloop
endfacet
facet normal 0.46472317204376995 -0.8854560256532091 0
  outer loop
    vertex 13.331935253268846 0.8229838658936565 3
    vertex 13.331935253268846 0.8229838658936565 0
    vertex 13.545395112957465 0.9350162426854148 0
  endloop
endfacet
facet normal 0.6631226582407918 -0.7485107481711042 0
  outer loop
    vertex 13.331935253268846 0.8229838658936565 3
    vertex 13.151489251828899 0.6631226582407955 0
    vertex 13.331935253268846 0.8229838658936565 0
  endloop
endfacet
facet normal 0.46472317204376995 -0.8854560256532091 0
  outer loop
    vertex 13.331935253268846 0.8229838658936565 3
    vertex 13.545395112957465 0.9350162426854148 0
    vertex 13.545395112957465 0.9350162426854148 3
  endloop
endfacet
facet normal 0.6631226582407918 -0.7485107481711042 0
  outer loop
    vertex 13.151489251828899 0.6631226582407955 3
    vertex 13.151489251828899 0.6631226582407955 0
    vertex 13.331935253268846 0.8229838658936565 3
  endloop
endfacet
facet normal 0.822983865893659 -0.5680647467311523 0
  outer loop
    vertex 13.014543974346791 0.46472317204376906 3
    vertex 13.151489251828899 0.6631226582407955 0
    vertex 13.151489251828899 0.6631226582407955 3
  endloop
endfacet
facet normal 0.822983865893659 -0.5680647467311523 0
  outer loop
    vertex 13.014543974346791 0.46472317204376906 3
    vertex 13.014543974346791 0.46472317204376906 0
    vertex 13.151489251828899 0.6631226582407955 0
  endloop
endfacet
facet normal 0.9350162426854133 -0.35460488704253945 0
  outer loop
    vertex 12.929058182573948 0.23931566428755854 3
    vertex 13.014543974346791 0.46472317204376906 0
    vertex 13.014543974346791 0.46472317204376906 3
  endloop
endfacet
facet normal 0.9350162426854133 -0.35460488704253945 0
  outer loop
    vertex 12.929058182573948 0.23931566428755854 3
    vertex 12.929058182573948 0.23931566428755854 0
    vertex 13.014543974346791 0.46472317204376906 0
  endloop
endfacet
facet normal 0.992708874098054 -0.12053668025532323 0
  outer loop
    vertex 12.9 1.0106430996148606e-15 3
    vertex 12.929058182573948 0.23931566428755854 0
    vertex 12.929058182573948 0.23931566428755854 3
  endloop
endfacet
facet normal 0.992708874098054 -0.12053668025532323 0
  outer loop
    vertex 12.9 1.0106430996148606e-15 3
    vertex 12.9 1.0106430996148606e-15 0
    vertex 12.929058182573948 0.23931566428755854 0
  endloop
endfacet
facet normal 0.992708874098054 0.12053668025532321 0
  outer loop
    vertex 12.9 1.0106430996148606e-15 3
    vertex 12.929058182573948 -0.23931566428755657 0
    vertex 12.9 1.0106430996148606e-15 0
  endloop
endfacet
facet normal 0.992708874098054 0.12053668025532321 0
  outer loop
    vertex 12.929058182573948 -0.23931566428755657 3
    vertex 12.929058182573948 -0.23931566428755657 0
    vertex 12.9 1.0106430996148606e-15 3
  endloop
endfacet
facet normal 0.9350162426854159 0.35460488704253285 0
  outer loop
    vertex 13.01454397434679 -0.4647231720437673 3
    vertex 12.929058182573948 -0.23931566428755657 0
    vertex 12.929058182573948 -0.23931566428755657 3
  endloop
endfacet
facet normal 0.9350162426854159 0.35460488704253285 0
  outer loop
    vertex 13.01454397434679 -0.4647231720437673 3
    vertex 13.01454397434679 -0.4647231720437673 0
    vertex 12.929058182573948 -0.23931566428755657 0
  endloop
endfacet
facet normal 0.8229838658936558 0.5680647467311568 0
  outer loop
    vertex 13.151489251828899 -0.663122658240794 3
    vertex 13.01454397434679 -0.4647231720437673 0
    vertex 13.01454397434679 -0.4647231720437673 3
  endloop
endfacet
facet normal 0.8229838658936558 0.5680647467311568 0
  outer loop
    vertex 13.151489251828899 -0.663122658240794 3
    vertex 13.151489251828899 -0.663122658240794 0
    vertex 13.01454397434679 -0.4647231720437673 0
  endloop
endfacet
facet normal 0.6631226582407964 0.7485107481711001 0
  outer loop
    vertex 13.331935253268844 -0.8229838658936554 3
    vertex 13.151489251828899 -0.663122658240794 0
    vertex 13.151489251828899 -0.663122658240794 3
  endloop
endfacet
facet normal 0.6631226582407964 0.7485107481711001 0
  outer loop
    vertex 13.331935253268844 -0.8229838658936554 3
    vertex 13.331935253268844 -0.8229838658936554 0
    vertex 13.151489251828899 -0.663122658240794 0
  endloop
endfacet
facet normal 0.464723172043771 0.8854560256532086 0
  outer loop
    vertex 13.545395112957463 -0.9350162426854141 3
    vertex 13.331935253268844 -0.8229838658936554 0
    vertex 13.331935253268844 -0.8229838658936554 3
  endloop
endfacet
facet normal 0.464723172043771 0.8854560256532086 0
  outer loop
    vertex 13.545395112957463 -0.9350162426854141 3
    vertex 13.545395112957463 -0.9350162426854141 0
    vertex 13.331935253268844 -0.8229838658936554 0
  endloop
endfacet
facet normal 0.2393156642875604 0.9709418174260513 0
  outer loop
    vertex 13.779463319744675 -0.9927088740980538 3
    vertex 13.545395112957463 -0.9350162426854141 0
    vertex 13.545395112957463 -0.9350162426854141 3
  endloop
endfacet
facet normal 0.2393156642875604 0.9709418174260513 0
  outer loop
    vertex 13.779463319744675 -0.9927088740980538 3
    vertex 13.779463319744675 -0.9927088740980538 0
    vertex 13.545395112957463 -0.9350162426854141 0
  endloop
endfacet
facet normal 2.302666338315989e-15 0.9999999999999999 0
  outer loop
    vertex 14.02053668025532 -0.9927088740980543 3
    vertex 13.779463319744675 -0.9927088740980538 0
    vertex 13.779463319744675 -0.9927088740980538 3
  endloop
endfacet
facet normal 2.302666338315989e-15 0.9999999999999999 0
  outer loop
    vertex 14.02053668025532 -0.9927088740980543 3
    vertex 14.02053668025532 -0.9927088740980543 0
    vertex 13.779463319744675 -0.9927088740980538 0
  endloop
endfacet
facet normal -0.2393156642875539 0.970941817426053 0
  outer loop
    vertex 14.254604887042534 -0.9350162426854158 3
    vertex 14.02053668025532 -0.9927088740980543 0
    vertex 14.02053668025532 -0.9927088740980543 3
  endloop
endfacet
facet normal -0.2393156642875539 0.970941817426053 0
  outer loop
    vertex 14.254604887042534 -0.9350162426854158 3
    vertex 14.254604887042534 -0.9350162426854158 0
    vertex 14.02053668025532 -0.9927088740980543 0
  endloop
endfacet
facet normal -0.4647231720437682 0.8854560256532101 0
  outer loop
    vertex 14.468064746731153 -0.822983865893658 3
    vertex 14.254604887042534 -0.9350162426854158 0
    vertex 14.254604887042534 -0.9350162426854158 3
  endloop
endfacet
facet normal -0.4647231720437682 0.8854560256532101 0
  outer loop
    vertex 14.468064746731153 -0.822983865893658 3
    vertex 14.468064746731153 -0.822983865893658 0
    vertex 14.254604887042534 -0.9350162426854158 0
  endloop
endfacet
facet normal -0.6631226582407906 0.7485107481711051 0
  outer loop
    vertex 14.6485107481711 -0.6631226582407975 3
    vertex 14.468064746731153 -0.822983865893658 0
    vertex 14.468064746731153 -0.822983865893658 3
  endloop
endfacet
facet normal -0.6631226582407906 0.7485107481711051 0
  outer loop
    vertex 14.6485107481711 -0.6631226582407975 3
    vertex 14.6485107481711 -0.6631226582407975 0
    vertex 14.468064746731153 -0.822983865893658 0
  endloop
endfacet
facet normal -0.8229838658936549 0.5680647467311583 0
  outer loop
    vertex 14.78545602565321 -0.46472317204377156 3
    vertex 14.6485107481711 -0.6631226582407975 0
    vertex 14.6485107481711 -0.6631226582407975 3
  endloop
endfacet
facet normal -0.8229838658936549 0.5680647467311583 0
  outer loop
    vertex 14.78545602565321 -0.46472317204377156 3
    vertex 14.78545602565321 -0.46472317204377156 0
    vertex 14.6485107481711 -0.6631226582407975 0
  endloop
endfacet
facet normal -0.9350162426854156 0.3546048870425333 0
  outer loop
    vertex 14.87094181742605 -0.23931566428756124 3
    vertex 14.87094181742605 -0.23931566428756124 0
    vertex 14.78545602565321 -0.46472317204377156 0
  endloop
endfacet
facet normal -0.9350162426854156 0.3546048870425333 0
  outer loop
    vertex 14.87094181742605 -0.23931566428756124 3
    vertex 14.78545602565321 -0.46472317204377156 0
    vertex 14.78545602565321 -0.46472317204377156 3
  endloop
endfacet
facet normal -0.9927088740980532 0.12053668025532865 0
  outer loop
    vertex 14.9 0 3
    vertex 14.9 0 0
    vertex 14.87094181742605 -0.23931566428756124 0
  endloop
endfacet
facet normal -0.9927088740980532 0.12053668025532865 0
  outer loop
    vertex 14.9 0 3
    vertex 14.87094181742605 -0.23931566428756124 0
    vertex 14.87094181742605 -0.23931566428756124 3
  endloop
endfacet
facet normal -0.992708874098054 -0.1205366802553231 0
  outer loop
    vertex 0.970941817426052 14.139315664287556 3
    vertex 1 13.899999999999999 0
    vertex 1 13.899999999999999 3
  endloop
endfacet
facet normal -0.992708874098054 -0.1205366802553231 0
  outer loop
    vertex 0.970941817426052 14.139315664287556 3
    vertex 0.970941817426052 14.139315664287556 0
    vertex 1 13.899999999999999 0
  endloop
endfacet
facet normal -0.9350162426854149 -0.35460488704253523 0
  outer loop
    vertex 0.8854560256532099 14.364723172043767 3
    vertex 0.8854560256532099 14.364723172043767 0
    vertex 0.970941817426052 14.139315664287556 0
  endloop
endfacet
facet normal -0.9350162426854149 -0.35460488704253523 0
  outer loop
    vertex 0.8854560256532099 14.364723172043767 3
    vertex 0.970941817426052 14.139315664287556 0
    vertex 0.970941817426052 14.139315664287556 3
  endloop
endfacet
facet normal -0.8229838658936557 -0.5680647467311569 0
  outer loop
    vertex 0.7485107481711012 14.563122658240793 3
    vertex 0.7485107481711012 14.563122658240793 0
    vertex 0.8854560256532099 14.364723172043767 0
  endloop
endfacet
facet normal -0.8229838658936557 -0.5680647467311569 0
  outer loop
    vertex 0.7485107481711012 14.563122658240793 3
    vertex 0.8854560256532099 14.364723172043767 0
    vertex 0.8854560256532099 14.364723172043767 3
  endloop
endfacet
facet normal -0.6631226582407956 -0.7485107481711006 0
  outer loop
    vertex 0.5680647467311559 14.722983865893655 3
    vertex 0.5680647467311559 14.722983865893655 0
    vertex 0.7485107481711012 14.563122658240793 0
  endloop
endfacet
facet normal -0.464723172043767 -0.8854560256532107 0
  outer loop
    vertex 0.5680647467311559 14.722983865893655 3
    vertex 0.3546048870425358 14.835016242685413 0
    vertex 0.5680647467311559 14.722983865893655 0
  endloop
endfacet
facet normal -0.6631226582407956 -0.7485107481711006 0
  outer loop
    vertex 0.5680647467311559 14.722983865893655 3
    vertex 0.7485107481711012 14.563122658240793 0
    vertex 0.7485107481711012 14.563122658240793 3
  endloop
endfacet
facet normal -0.464723172043767 -0.8854560256532107 0
  outer loop
    vertex 0.3546048870425358 14.835016242685413 3
    vertex 0.3546048870425358 14.835016242685413 0
    vertex 0.5680647467311559 14.722983865893655 3
  endloop
endfacet
facet normal -0.23931566428756373 -0.9709418174260506 0
  outer loop
    vertex 0.12053668025532323 14.892708874098053 3
    vertex 0.12053668025532323 14.892708874098053 0
    vertex 0.3546048870425358 14.835016242685413 0
  endloop
endfacet
facet normal -0.23931566428756373 -0.9709418174260506 0
  outer loop
    vertex 0.12053668025532323 14.892708874098053 3
    vertex 0.3546048870425358 14.835016242685413 0
    vertex 0.3546048870425358 14.835016242685413 3
  endloop
endfacet
facet normal 0 -1 0
  outer loop
    vertex -0.12053668025532288 14.892708874098053 3
    vertex -0.12053668025532288 14.892708874098053 0
    vertex 0.12053668025532323 14.892708874098053 0
  endloop
endfacet
facet normal 0 -1 0
  outer loop
    vertex -0.12053668025532288 14.892708874098053 3
    vertex 0.12053668025532323 14.892708874098053 0
    vertex 0.12053668025532323 14.892708874098053 3
  endloop
endfacet
facet normal 0.23931566428756373 -0.9709418174260506 0
  outer loop
    vertex -0.35460488704253545 14.835016242685413 3
    vertex -0.35460488704253545 14.835016242685413 0
    vertex -0.12053668025532288 14.892708874098053 0
  endloop
endfacet
facet normal 0.23931566428756373 -0.9709418174260506 0
  outer loop
    vertex -0.35460488704253545 14.835016242685413 3
    vertex -0.12053668025532288 14.892708874098053 0
    vertex -0.12053668025532288 14.892708874098053 3
  endloop
endfacet
facet normal 0.4647231720437668 -0.8854560256532108 0
  outer loop
    vertex -0.5680647467311557 14.722983865893655 3
    vertex -0.5680647467311557 14.722983865893655 0
    vertex -0.35460488704253545 14.835016242685413 0
  endloop
endfacet
facet normal 0.6631226582407959 -0.7485107481711004 0
  outer loop
    vertex -0.5680647467311557 14.722983865893655 3
    vertex -0.7485107481711009 14.563122658240793 0
    vertex -0.5680647467311557 14.722983865893655 0
  endloop
endfacet
facet normal 0.4647231720437668 -0.8854560256532108 0
  outer loop
    vertex -0.5680647467311557 14.722983865893655 3
    vertex -0.35460488704253545 14.835016242685413 0
    vertex -0.35460488704253545 14.835016242685413 3
  endloop
endfacet
facet normal 0.6631226582407959 -0.7485107481711004 0
  outer loop
    vertex -0.7485107481711009 14.563122658240793 3
    vertex -0.7485107481711009 14.563122658240793 0
    vertex -0.5680647467311557 14.722983865893655 3
  endloop
endfacet
facet normal 0.8229838658936557 -0.5680647467311569 0
  outer loop
    vertex -0.8854560256532096 14.364723172043767 3
    vertex -0.7485107481711009 14.563122658240793 0
    vertex -0.7485107481711009 14.563122658240793 3
  endloop
endfacet
facet normal 0.8229838658936557 -0.5680647467311569 0
  outer loop
    vertex -0.8854560256532096 14.364723172043767 3
    vertex -0.8854560256532096 14.364723172043767 0
    vertex -0.7485107481711009 14.563122658240793 0
  endloop
endfacet
facet normal 0.9350162426854149 -0.3546048870425357 0
  outer loop
    vertex -0.9709418174260518 14.139315664287556 3
    vertex -0.8854560256532096 14.364723172043767 0
    vertex -0.8854560256532096 14.364723172043767 3
  endloop
endfacet
facet normal 0.9350162426854149 -0.3546048870425357 0
  outer loop
    vertex -0.9709418174260518 14.139315664287556 3
    vertex -0.9709418174260518 14.139315664287556 0
    vertex -0.8854560256532096 14.364723172043767 0
  endloop
endfacet
facet normal 0.9927088740980538 -0.1205366802553249 0
  outer loop
    vertex -1 13.9 3
    vertex -0.9709418174260518 14.139315664287556 0
    vertex -0.9709418174260518 14.139315664287556 3
  endloop
endfacet
facet normal 0.9927088740980538 -0.1205366802553249 0
  outer loop
    vertex -1 13.9 3
    vertex -1 13.9 0
    vertex -0.9709418174260518 14.139315664287556 0
  endloop
endfacet
facet normal 0.9927088740980541 0.12053668025532174 0
  outer loop
    vertex -1 13.9 3
    vertex -0.9709418174260523 13.660684335712443 0
    vertex -1 13.9 0
  endloop
endfacet
facet normal 0.9927088740980541 0.12053668025532174 0
  outer loop
    vertex -0.9709418174260523 13.660684335712443 3
    vertex -0.9709418174260523 13.660684335712443 0
    vertex -1 13.9 3
  endloop
endfacet
facet normal 0.9350162426854154 0.354604887042534 0
  outer loop
    vertex -0.8854560256532106 13.435276827956232 3
    vertex -0.9709418174260523 13.660684335712443 0
    vertex -0.9709418174260523 13.660684335712443 3
  endloop
endfacet
facet normal 0.9350162426854154 0.354604887042534 0
  outer loop
    vertex -0.8854560256532106 13.435276827956232 3
    vertex -0.8854560256532106 13.435276827956232 0
    vertex -0.9709418174260523 13.660684335712443 0
  endloop
endfacet
facet normal 0.8229838658936587 0.5680647467311526 0
  outer loop
    vertex -0.7485107481711022 13.236877341759204 3
    vertex -0.8854560256532106 13.435276827956232 0
    vertex -0.8854560256532106 13.435276827956232 3
  endloop
endfacet
facet normal 0.8229838658936587 0.5680647467311526 0
  outer loop
    vertex -0.7485107481711022 13.236877341759204 3
    vertex -0.7485107481711022 13.236877341759204 0
    vertex -0.8854560256532106 13.435276827956232 0
  endloop
endfacet
facet normal 0.6631226582407966 0.7485107481710999 0
  outer loop
    vertex -0.5680647467311574 13.077016134106342 3
    vertex -0.7485107481711022 13.236877341759204 0
    vertex -0.7485107481711022 13.236877341759204 3
  endloop
endfacet
facet normal 0.6631226582407966 0.7485107481710999 0
  outer loop
    vertex -0.5680647467311574 13.077016134106342 3
    vertex -0.5680647467311574 13.077016134106342 0
    vertex -0.7485107481711022 13.236877341759204 0
  endloop
endfacet
facet normal 0.46472317204376756 0.8854560256532105 0
  outer loop
    vertex -0.35460488704253756 12.964983757314585 3
    vertex -0.5680647467311574 13.077016134106342 0
    vertex -0.5680647467311574 13.077016134106342 3
  endloop
endfacet
facet normal 0.46472317204376756 0.8854560256532105 0
  outer loop
    vertex -0.35460488704253756 12.964983757314585 3
    vertex -0.35460488704253756 12.964983757314585 0
    vertex -0.5680647467311574 13.077016134106342 0
  endloop
endfacet
facet normal 0.2393156642875571 0.9709418174260523 0
  outer loop
    vertex -0.12053668025532534 12.907291125901946 3
    vertex -0.35460488704253756 12.964983757314585 0
    vertex -0.35460488704253756 12.964983757314585 3
  endloop
endfacet
facet normal 0.2393156642875571 0.9709418174260523 0
  outer loop
    vertex -0.12053668025532534 12.907291125901946 3
    vertex -0.12053668025532534 12.907291125901946 0
    vertex -0.35460488704253756 12.964983757314585 0
  endloop
endfacet
facet normal 7.36853228261115e-15 1 0
  outer loop
    vertex 0.12053668025532056 12.907291125901944 3
    vertex -0.12053668025532534 12.907291125901946 0
    vertex -0.12053668025532534 12.907291125901946 3
  endloop
endfacet
facet normal 7.36853228261115e-15 1 0
  outer loop
    vertex 0.12053668025532056 12.907291125901944 3
    vertex 0.12053668025532056 12.907291125901944 0
    vertex -0.12053668025532534 12.907291125901946 0
  endloop
endfacet
facet normal -0.23931566428755685 0.9709418174260522 0
  outer loop
    vertex 0.35460488704253307 12.964983757314583 3
    vertex 0.12053668025532056 12.907291125901944 0
    vertex 0.12053668025532056 12.907291125901944 3
  endloop
endfacet
facet normal -0.23931566428755685 0.9709418174260522 0
  outer loop
    vertex 0.35460488704253307 12.964983757314583 3
    vertex 0.35460488704253307 12.964983757314583 0
    vertex 0.12053668025532056 12.907291125901944 0
  endloop
endfacet
facet normal -0.4647231720437668 0.8854560256532109 0
  outer loop
    vertex 0.5680647467311534 13.07701613410634 3
    vertex 0.35460488704253307 12.964983757314583 0
    vertex 0.35460488704253307 12.964983757314583 3
  endloop
endfacet
facet normal -0.4647231720437668 0.8854560256532109 0
  outer loop
    vertex 0.5680647467311534 13.07701613410634 3
    vertex 0.5680647467311534 13.07701613410634 0
    vertex 0.35460488704253307 12.964983757314583 0
  endloop
endfacet
facet normal -0.6631226582407909 0.7485107481711049 0
  outer loop
    vertex 0.748510748171099 13.2368773417592 3
    vertex 0.5680647467311534 13.07701613410634 0
    vertex 0.5680647467311534 13.07701613410634 3
  endloop
endfacet
facet normal -0.6631226582407909 0.7485107481711049 0
  outer loop
    vertex 0.748510748171099 13.2368773417592 3
    vertex 0.748510748171099 13.2368773417592 0
    vertex 0.5680647467311534 13.07701613410634 0
  endloop
endfacet
facet normal -0.8229838658936544 0.5680647467311588 0
  outer loop
    vertex 0.8854560256532084 13.435276827956226 3
    vertex 0.748510748171099 13.2368773417592 0
    vertex 0.748510748171099 13.2368773417592 3
  endloop
endfacet
facet normal -0.8229838658936544 0.5680647467311588 0
  outer loop
    vertex 0.8854560256532084 13.435276827956226 3
    vertex 0.8854560256532084 13.435276827956226 0
    vertex 0.748510748171099 13.2368773417592 0
  endloop
endfacet
facet normal -0.9350162426854141 0.3546048870425376 0
  outer loop
    vertex 0.9709418174260511 13.660684335712437 3
    vertex 0.9709418174260511 13.660684335712437 0
    vertex 0.8854560256532084 13.435276827956226 0
  endloop
endfacet
facet normal -0.9350162426854141 0.3546048870425376 0
  outer loop
    vertex 0.9709418174260511 13.660684335712437 3
    vertex 0.8854560256532084 13.435276827956226 0
    vertex 0.8854560256532084 13.435276827956226 3
  endloop
endfacet
facet normal -0.9927088740980538 0.12053668025532496 0
  outer loop
    vertex 1 13.899999999999999 3
    vertex 1 13.899999999999999 0
    vertex 0.9709418174260511 13.660684335712437 0
  endloop
endfacet
facet normal -0.9927088740980538 0.12053668025532496 0
  outer loop
    vertex 1 13.899999999999999 3
    vertex 0.9709418174260511 13.660684335712437 0
    vertex 0.9709418174260511 13.660684335712437 3
  endloop
endfacet
endsolid Model
