solid Model
facet normal 0 0 1
  outer loop
    vertex 10.550406530937785 27.864686083251897 10
    vertex 0 0 10
    vertex 11.110912703473984 27.208417674334488 10
  endloop
endfacet
facet normal 0 0 1
  outer loop
    vertex 11.767181112391393 26.647911501798287 10
    vertex 11.110912703473984 27.208417674334488 10
    vertex 0 0 10
  endloop
endfacet
facet normal 0 0 1
  outer loop
    vertex 10.099464116963972 28.60055722229299 10
    vertex 0 0 10
    vertex 10.550406530937785 27.864686083251897 10
  endloop
endfacet
facet normal 0 0 1
  outer loop
    vertex 12.503052251432488 26.196969087824474 10
    vertex 11.767181112391393 26.647911501798287 10
    vertex 0 0 10
  endloop
endfacet
facet normal 0 0 1
  outer loop
    vertex 13.300406530937785 25.866694131237153 10
    vertex 12.503052251432488 26.196969087824474 10
    vertex 0 0 10
  endloop
endfacet
facet normal 0 0 1
  outer loop
    vertex 9.769189160376651 29.397911501798287 10
    vertex 0 0 10
    vertex 10.099464116963972 28.60055722229299 10
  endloop
endfacet
facet normal 0 0 1
  outer loop
    vertex 9.567714126726738 30.23711541313923 10
    vertex 0 0 10
    vertex 9.769189160376651 29.397911501798287 10
  endloop
endfacet
facet normal 0 0 1
  outer loop
    vertex 14.139610442278725 25.66521909758724 10
    vertex 13.300406530937785 25.866694131237153 10
    vertex 0 0 10
  endloop
endfacet
facet normal 0 0 1
  outer loop
    vertex 14.999999999999995 25.5975049708605 10
    vertex 0 0 10
    vertex 30 0 10
  endloop
endfacet
facet normal 0 0 1
  outer loop
    vertex 14.999999999999995 25.5975049708605 10
    vertex 14.139610442278725 25.66521909758724 10
    vertex 0 0 10
  endloop
endfacet
facet normal 0 0 1
  outer loop
    vertex 9.499999999999995 31.0975049708605 10
    vertex 0 0 10
    vertex 9.567714126726738 30.23711541313923 10
  endloop
endfacet
facet normal 0 0 1
  outer loop
    vertex 15.860389557721264 25.66521909758724 10
    vertex 14.999999999999995 25.5975049708605 10
    vertex 30 0 10
  endloop
endfacet
facet normal 0 0 1
  outer loop
    vertex 16.699593469062204 25.866694131237153 10
    vertex 15.860389557721264 25.66521909758724 10
    vertex 30 0 10
  endloop
endfacet
facet normal 0 0 1
  outer loop
    vertex 17.496947748567504 26.196969087824478 10
    vertex 16.699593469062204 25.866694131237153 10
    vertex 30 0 10
  endloop
endfacet
facet normal 0 0 1
  outer loop
    vertex 18.232818887608598 26.647911501798287 10
    vertex 17.496947748567504 26.196969087824478 10
    vertex 30 0 10
  endloop
endfacet
facet normal 0 0 0.9999999999999999
  outer loop
    vertex 18.889087296526007 27.208417674334488 10
    vertex 18.232818887608598 26.647911501798287 10
    vertex 30 0 10
  endloop
endfacet
facet normal 0 0 1
  outer loop
    vertex 19.449593469062208 27.864686083251897 10
    vertex 18.889087296526007 27.208417674334488 10
    vertex 30 0 10
  endloop
endfacet
facet normal 0 0 1
  outer loop
    vertex 19.900535883036017 28.60055722229299 10
    vertex 19.449593469062208 27.864686083251897 10
    vertex 30 0 10
  endloop
endfacet
facet normal 0 0 1
  outer loop
    vertex 20.230810839623338 29.397911501798287 10
    vertex 19.900535883036017 28.60055722229299 10
    vertex 30 0 10
  endloop
endfacet
facet normal 0 0 0.9999999999999999
  outer loop
    vertex 20.43228587327325 30.23711541313923 10
    vertex 20.230810839623338 29.397911501798287 10
    vertex 30 0 10
  endloop
endfacet
facet normal 0 0 1
  outer loop
    vertex 20.499999999999993 31.0975049708605 10
    vertex 20.43228587327325 30.23711541313923 10
    vertex 30 0 10
  endloop
endfacet
facet normal 0 0 1
  outer loop
    vertex 0 62.195009941721 10
    vertex 9.499999999999995 31.0975049708605 10
    vertex 9.567714126726738 31.957894528581768 10
  endloop
endfacet
facet normal 0 0 0.9999999999999999
  outer loop
    vertex 0 62.195009941721 10
    vertex 9.567714126726738 31.957894528581768 10
    vertex 9.76918916037665 32.797098439922706 10
  endloop
endfacet
facet normal 0 0 1
  outer loop
    vertex 0 62.195009941721 10
    vertex 9.76918916037665 32.797098439922706 10
    vertex 10.099464116963972 33.594452719428006 10
  endloop
endfacet
facet normal 0 0 0.9999999999999999
  outer loop
    vertex 0 62.195009941721 10
    vertex 10.099464116963972 33.594452719428006 10
    vertex 10.550406530937783 34.3303238584691 10
  endloop
endfacet
facet normal 0 0 1
  outer loop
    vertex 0 62.195009941721 10
    vertex 10.550406530937783 34.3303238584691 10
    vertex 11.110912703473982 34.98659226738651 10
  endloop
endfacet
facet normal 0 0 1
  outer loop
    vertex 0 62.195009941721 10
    vertex 11.110912703473982 34.98659226738651 10
    vertex 11.767181112391391 35.547098439922706 10
  endloop
endfacet
facet normal 0 0 1
  outer loop
    vertex 0 62.195009941721 10
    vertex 11.767181112391391 35.547098439922706 10
    vertex 12.503052251432486 35.99804085389652 10
  endloop
endfacet
facet normal 0 0 1
  outer loop
    vertex 0 62.195009941721 10
    vertex 12.503052251432486 35.99804085389652 10
    vertex 13.300406530937783 36.32831581048384 10
  endloop
endfacet
facet normal 0 0 0.9999999999999999
  outer loop
    vertex 0 62.195009941721 10
    vertex 13.300406530937783 36.32831581048384 10
    vertex 14.139610442278723 36.52979084413376 10
  endloop
endfacet
facet normal 0 0 1
  outer loop
    vertex 0 62.195009941721 10
    vertex 14.139610442278723 36.52979084413376 10
    vertex 14.999999999999993 36.5975049708605 10
  endloop
endfacet
facet normal 0 0 1
  outer loop
    vertex 0 62.195009941721 10
    vertex 0 0 10
    vertex 9.499999999999995 31.0975049708605 10
  endloop
endfacet
facet normal 0 0 1
  outer loop
    vertex 30 62.195009941721 10
    vertex 20.499999999999993 31.0975049708605 10
    vertex 30 0 10
  endloop
endfacet
facet normal 0 0 1
  outer loop
    vertex 30 62.195009941721 10
    vertex 14.999999999999993 36.5975049708605 10
    vertex 15.860389557721263 36.52979084413376 10
  endloop
endfacet
facet normal 0 0 1
  outer loop
    vertex 30 62.195009941721 10
    vertex 15.860389557721263 36.52979084413376 10
    vertex 16.699593469062204 36.32831581048384 10
  endloop
endfacet
facet normal 0 0 1
  outer loop
    vertex 30 62.195009941721 10
    vertex 16.699593469062204 36.32831581048384 10
    vertex 17.4969477485675 35.998040853896526 10
  endloop
endfacet
facet normal 0 0 1
  outer loop
    vertex 30 62.195009941721 10
    vertex 17.4969477485675 35.998040853896526 10
    vertex 18.232818887608595 35.547098439922706 10
  endloop
endfacet
facet normal 0 0 1
  outer loop
    vertex 30 62.195009941721 10
    vertex 18.232818887608595 35.547098439922706 10
    vertex 18.889087296526004 34.98659226738651 10
  endloop
endfacet
facet normal 0 0 0.9999999999999999
  outer loop
    vertex 30 62.195009941721 10
    vertex 18.889087296526004 34.98659226738651 10
    vertex 19.449593469062204 34.3303238584691 10
  endloop
endfacet
facet normal 0 0 1
  outer loop
    vertex 30 62.195009941721 10
    vertex 19.449593469062204 34.3303238584691 10
    vertex 19.900535883036017 33.594452719428006 10
  endloop
endfacet
facet normal 0 0 1
  outer loop
    vertex 30 62.195009941721 10
    vertex 19.900535883036017 33.594452719428006 10
    vertex 20.230810839623338 32.79709843992271 10
  endloop
endfacet
facet normal 0 0 0.9999999999999999
  outer loop
    vertex 30 62.195009941721 10
    vertex 20.230810839623338 32.79709843992271 10
    vertex 20.43228587327325 31.957894528581768 10
  endloop
endfacet
facet normal 0 0 1
  outer loop
    vertex 30 62.195009941721 10
    vertex 20.43228587327325 31.957894528581768 10
    vertex 20.499999999999993 31.0975049708605 10
  endloop
endfacet
facet normal 0 0 1
  outer loop
    vertex 30 62.195009941721 10
    vertex 0 62.195009941721 10
    vertex 14.999999999999993 36.5975049708605 10
  endloop
endfacet
facet normal -0.706014370370787 0.05556453599088852 0.706014370370787
  outer loop
    vertex 19.499999999999993 31.0975049708605 9
    vertex 20.43228587327325 30.23711541313923 10
    vertex 20.499999999999993 31.0975049708605 10
  endloop
endfacet
facet normal -0.706014370370787 -0.05556453599088852 0.706014370370787
  outer loop
    vertex 19.499999999999993 31.0975049708605 9
    vertex 20.499999999999993 31.0975049708605 10
    vertex 20.43228587327325 31.957894528581768 10
  endloop
endfacet
facet normal -0.6931423441918302 0.16640875385945758 0.7013286086615866
  outer loop
    vertex 19.394792500695385 30.13013798991089 9
    vertex 20.230810839623338 29.397911501798287 10
    vertex 20.43228587327325 30.23711541313923 10
  endloop
endfacet
facet normal -0.6960214051186142 0.0756968895332014 0.7140197367942347
  outer loop
    vertex 19.394792500695385 30.13013798991089 9
    vertex 20.43228587327325 30.23711541313923 10
    vertex 19.499999999999993 31.0975049708605 9
  endloop
endfacet
facet normal -0.6576210719450566 0.272395566901975 0.7023782320559102
  outer loop
    vertex 19.084089388519303 29.208004013839307 9
    vertex 19.900535883036017 28.60055722229299 10
    vertex 20.230810839623338 29.397911501798287 10
  endloop
endfacet
facet normal -0.6614194474093341 0.22285815954786156 0.7161414352707649
  outer loop
    vertex 19.084089388519303 29.208004013839307 9
    vertex 20.230810839623338 29.397911501798287 10
    vertex 19.394792500695385 30.13013798991089 9
  endloop
endfacet
facet normal -0.705025097311488 0.0766761000694056 0.705025097311488
  outer loop
    vertex 18.418171944985296 30.345108430121915 8
    vertex 19.499999999999993 31.0975049708605 9
    vertex 18.499999999999993 31.0975049708605 8
  endloop
endfacet
facet normal -0.705025097311488 0.0766761000694056 0.705025097311488
  outer loop
    vertex 18.418171944985296 30.345108430121915 8
    vertex 18.499999999999993 31.0975049708605 8
    vertex 17.499999999999993 31.0975049708605 7
  endloop
endfacet
facet normal -0.7025673946593002 0.08211835112852141 0.7068632345578427
  outer loop
    vertex 18.418171944985296 30.345108430121915 8
    vertex 17.499999999999993 31.0975049708605 7
    vertex 17.432612176449553 30.520965294004398 7
  endloop
endfacet
facet normal -0.7050250973114878 0.0766761000694043 0.7050250973114887
  outer loop
    vertex 18.418171944985296 30.345108430121915 8
    vertex 19.394792500695385 30.13013798991089 9
    vertex 19.499999999999993 31.0975049708605 9
  endloop
endfacet
facet normal -0.6012160930560662 0.3684256956671657 0.709085126217272
  outer loop
    vertex 18.58241879567539 28.374221002488557 9
    vertex 19.449593469062208 27.864686083251897 10
    vertex 19.900535883036017 28.60055722229299 10
  endloop
endfacet
facet normal -0.6020394909931366 0.36223514301722753 0.7115716073931094
  outer loop
    vertex 18.58241879567539 28.374221002488557 9
    vertex 19.900535883036017 28.60055722229299 10
    vertex 19.084089388519303 29.208004013839307 9
  endloop
endfacet
facet normal -0.5402965538872553 0.46145685109757684 0.7036598670044107
  outer loop
    vertex 18.58241879567539 28.374221002488557 9
    vertex 18.889087296526007 27.208417674334488 10
    vertex 19.449593469062208 27.864686083251897 10
  endloop
endfacet
facet normal -0.6720589073403184 0.2264430109883348 0.7050250973114888
  outer loop
    vertex 18.176513968848344 29.627893115399573 8
    vertex 19.084089388519303 29.208004013839307 9
    vertex 19.394792500695385 30.13013798991089 9
  endloop
endfacet
facet normal -0.6720589073403183 0.22644301098833455 0.7050250973114889
  outer loop
    vertex 18.176513968848344 29.627893115399573 8
    vertex 19.394792500695385 30.13013798991089 9
    vertex 18.418171944985296 30.345108430121915 8
  endloop
endfacet
facet normal -0.6629737456854806 0.24130270952948352 0.7086880942315126
  outer loop
    vertex 18.176513968848344 29.627893115399573 8
    vertex 17.432612176449553 30.520965294004398 7
    vertex 17.234081600808526 29.975507020359345 7
  endloop
endfacet
facet normal -0.6734103039607353 0.22689834952551388 0.7035877354687956
  outer loop
    vertex 18.176513968848344 29.627893115399573 8
    vertex 18.418171944985296 30.345108430121915 8
    vertex 17.432612176449553 30.520965294004398 7
  endloop
endfacet
facet normal -0.4631346932784699 0.5422610546767592 0.7010415140793778
  outer loop
    vertex 17.91323828151822 27.667775722786136 9
    vertex 18.232818887608598 26.647911501798287 10
    vertex 18.889087296526007 27.208417674334488 10
  endloop
endfacet
facet normal -0.5071416051497342 0.4803900455355108 0.7155646696676277
  outer loop
    vertex 17.91323828151822 27.667775722786136 9
    vertex 18.889087296526007 27.208417674334488 10
    vertex 18.58241879567539 28.374221002488557 9
  endloop
endfacet
facet normal -0.6099186875716781 0.3669758983035284 0.7023730380753238
  outer loop
    vertex 17.786325729969747 28.97939521768232 8
    vertex 18.176513968848344 29.627893115399573 8
    vertex 17.234081600808526 29.975507020359345 7
  endloop
endfacet
facet normal -0.588195523889807 0.38686228191874955 0.7101856098968872
  outer loop
    vertex 17.786325729969747 28.97939521768232 8
    vertex 17.234081600808526 29.975507020359345 7
    vertex 16.91511110779744 29.49053594664415 7
  endloop
endfacet
facet normal -0.6076679898017425 0.3656216983867837 0.7050250973114881
  outer loop
    vertex 17.786325729969747 28.97939521768232 8
    vertex 18.58241879567539 28.374221002488557 9
    vertex 19.084089388519303 29.208004013839307 9
  endloop
endfacet
facet normal -0.5148631924345016 0.48770432152799353 0.7050250973114878
  outer loop
    vertex 17.786325729969747 28.97939521768232 8
    vertex 17.91323828151822 27.667775722786136 9
    vertex 18.58241879567539 28.374221002488557 9
  endloop
endfacet
facet normal -0.6076679898017427 0.36562169838678177 0.7050250973114888
  outer loop
    vertex 17.786325729969747 28.97939521768232 8
    vertex 19.084089388519303 29.208004013839307 9
    vertex 18.176513968848344 29.627893115399573 8
  endloop
endfacet
facet normal -0.37098523568929187 0.6053928827594464 0.7041799574006403
  outer loop
    vertex 17.10783798314905 27.121700770853394 9
    vertex 17.496947748567504 26.196969087824478 10
    vertex 18.232818887608598 26.647911501798287 10
  endloop
endfacet
facet normal -0.2701591540583967 0.6522218937270204 0.7082518145558053
  outer loop
    vertex 17.10783798314905 27.121700770853394 9
    vertex 16.699593469062204 25.866694131237153 10
    vertex 17.496947748567504 26.196969087824478 10
  endloop
endfacet
facet normal -0.3921891778084281 0.5784357618054077 0.7152619927512901
  outer loop
    vertex 17.10783798314905 27.121700770853394 9
    vertex 18.232818887608598 26.647911501798287 10
    vertex 17.91323828151822 27.667775722786136 9
  endloop
endfacet
facet normal -0.4823086626077327 0.5112173160648704 0.711361518307654
  outer loop
    vertex 17.26585199673639 28.42993777791377 8
    vertex 16.91511110779744 29.49053594664415 7
    vertex 16.49289647925696 29.09219698897289 7
  endloop
endfacet
facet normal -0.5174771267981254 0.4901803716789124 0.7013847920089801
  outer loop
    vertex 17.26585199673639 28.42993777791377 8
    vertex 17.786325729969747 28.97939521768232 8
    vertex 16.91511110779744 29.49053594664415 7
  endloop
endfacet
facet normal -0.5148631924345014 0.48770432152799365 0.7050250973114879
  outer loop
    vertex 17.26585199673639 28.42993777791377 8
    vertex 17.91323828151822 27.667775722786136 9
    vertex 17.786325729969747 28.97939521768232 8
  endloop
endfacet
facet normal -0.25980217180814036 0.6520542826663335 0.712269642747932
  outer loop
    vertex 16.203877523381486 26.761530004523998 9
    vertex 16.699593469062204 25.866694131237153 10
    vertex 17.10783798314905 27.121700770853394 9
  endloop
endfacet
facet normal -0.16624410066139472 0.692456514263793 0.702044781227609
  outer loop
    vertex 16.203877523381486 26.761530004523998 9
    vertex 15.860389557721264 25.66521909758724 10
    vertex 16.699593469062204 25.866694131237153 10
  endloop
endfacet
facet normal -0.3979839644183614 0.5869824326389764 0.7050250973114887
  outer loop
    vertex 16.63942954244926 28.00521281529942 8
    vertex 17.10783798314905 27.121700770853394 9
    vertex 17.91323828151822 27.667775722786136 9
  endloop
endfacet
facet normal -0.3509780009302952 0.6079117299502222 0.7122203110357792
  outer loop
    vertex 16.63942954244926 28.00521281529942 8
    vertex 16.49289647925696 29.09219698897289 7
    vertex 15.990199415097887 28.801964703659813 7
  endloop
endfacet
facet normal -0.3979839644183605 0.5869824326389779 0.7050250973114879
  outer loop
    vertex 16.63942954244926 28.00521281529942 8
    vertex 17.91323828151822 27.667775722786136 9
    vertex 17.26585199673639 28.42993777791377 8
  endloop
endfacet
facet normal -0.4004230284219409 0.5905797829098014 0.7006260902418734
  outer loop
    vertex 16.63942954244926 28.00521281529942 8
    vertex 17.26585199673639 28.42993777791377 8
    vertex 16.49289647925696 29.09219698897289 7
  endloop
endfacet
facet normal -0.11290292390317418 0.6886773692633993 0.7162237156353854
  outer loop
    vertex 15.243625088634372 26.60410460853044 9
    vertex 15.860389557721264 25.66521909758724 10
    vertex 16.203877523381486 26.761530004523998 9
  endloop
endfacet
facet normal -0.05591387120501494 0.7104530951230327 0.7015198063041214
  outer loop
    vertex 15.243625088634372 26.60410460853044 9
    vertex 14.999999999999995 25.5975049708605 10
    vertex 15.860389557721264 25.66521909758724 10
  endloop
endfacet
facet normal -0.2642954773579482 0.6633316292207764 0.7000993146143227
  outer loop
    vertex 15.936349184852267 27.725079997043217 8
    vertex 16.63942954244926 28.00521281529942 8
    vertex 15.990199415097887 28.801964703659813 7
  endloop
endfacet
facet normal -0.26249544855342477 0.6588138975838791 0.7050250973114889
  outer loop
    vertex 15.936349184852267 27.725079997043217 8
    vertex 17.10783798314905 27.121700770853394 9
    vertex 16.63942954244926 28.00521281529942 8
  endloop
endfacet
facet normal -0.2011645485493427 0.6719363862752533 0.7127652609424034
  outer loop
    vertex 15.936349184852267 27.725079997043217 8
    vertex 15.990199415097887 28.801964703659813 7
    vertex 15.43412044416732 28.635485588329978 7
  endloop
endfacet
facet normal -0.26249544855342116 0.6588138975838828 0.7050250973114868
  outer loop
    vertex 15.936349184852267 27.725079997043217 8
    vertex 16.203877523381486 26.761530004523998 9
    vertex 17.10783798314905 27.121700770853394 9
  endloop
endfacet
facet normal 0.03793308001100661 0.6996344933979998 0.7134932775356772
  outer loop
    vertex 14.271981015512553 26.65678561942363 9
    vertex 14.999999999999995 25.5975049708605 10
    vertex 15.243625088634372 26.60410460853044 9
  endloop
endfacet
facet normal 0.055509604550099054 0.705316400237663 0.7067159679521021
  outer loop
    vertex 14.271981015512553 26.65678561942363 9
    vertex 14.139610442278725 25.66521909758724 10
    vertex 14.999999999999995 25.5975049708605 10
  endloop
endfacet
facet normal 0.16547813700352873 0.6892660460157861 0.7053575717206172
  outer loop
    vertex 14.271981015512553 26.65678561942363 9
    vertex 13.300406530937785 25.866694131237153 10
    vertex 14.139610442278725 25.66521909758724 10
  endloop
endfacet
facet normal -0.1147329372568673 0.6998399568968169 0.7050250973114881
  outer loop
    vertex 15.189486180048956 27.602638022381566 8
    vertex 15.243625088634372 26.60410460853044 9
    vertex 16.203877523381486 26.761530004523998 9
  endloop
endfacet
facet normal -0.11556619130516284 0.7049225817401091 0.6998061225654416
  outer loop
    vertex 15.189486180048956 27.602638022381566 8
    vertex 15.936349184852267 27.725079997043217 8
    vertex 15.43412044416732 28.635485588329978 7
  endloop
endfacet
facet normal -0.04076915483431907 0.6999793556807938 0.7129984415374243
  outer loop
    vertex 15.189486180048956 27.602638022381566 8
    vertex 15.43412044416732 28.635485588329978 7
    vertex 14.854637927723806 28.601734575182327 7
  endloop
endfacet
facet normal -0.11473293725686422 0.6998399568968189 0.7050250973114867
  outer loop
    vertex 15.189486180048956 27.602638022381566 8
    vertex 16.203877523381486 26.761530004523998 9
    vertex 15.936349184852267 27.725079997043217 8
  endloop
endfacet
facet normal 0.2728453562665832 0.6587069595293064 0.7011851061106604
  outer loop
    vertex 13.334378300970378 26.91710973168494 9
    vertex 12.503052251432488 26.196969087824474 10
    vertex 13.300406530937785 25.866694131237153 10
  endloop
endfacet
facet normal 0.18717509479949423 0.6741437643030747 0.7144897962449014
  outer loop
    vertex 13.334378300970378 26.91710973168494 9
    vertex 13.300406530937785 25.866694131237153 10
    vertex 14.271981015512553 26.65678561942363 9
  endloop
endfacet
facet normal 0.0383943586693215 0.7081422776415048 0.7050250973114883
  outer loop
    vertex 14.433763012065317 27.643612141965157 8
    vertex 15.243625088634372 26.60410460853044 9
    vertex 15.189486180048956 27.602638022381566 8
  endloop
endfacet
facet normal 0.03839435866932123 0.7081422776415047 0.7050250973114884
  outer loop
    vertex 14.433763012065317 27.643612141965157 8
    vertex 14.271981015512553 26.65678561942363 9
    vertex 15.243625088634372 26.60410460853044 9
  endloop
endfacet
facet normal 0.03867631199558861 0.7133426007507153 0.6997474378978644
  outer loop
    vertex 14.433763012065317 27.643612141965157 8
    vertex 15.189486180048956 27.602638022381566 8
    vertex 14.854637927723806 28.601734575182327 7
  endloop
endfacet
facet normal 0.12176985066296754 0.6905911402424384 0.7129207392748282
  outer loop
    vertex 14.433763012065317 27.643612141965157 8
    vertex 14.854637927723806 28.601734575182327 7
    vertex 14.282991918222269 28.702531190071777 7
  endloop
endfacet
facet normal 0.1897263770563986 0.6833326525272885 0.7050250973114882
  outer loop
    vertex 14.433763012065317 27.643612141965157 8
    vertex 13.334378300970378 26.91710973168494 9
    vertex 14.271981015512553 26.65678561942363 9
  endloop
endfacet
facet normal 0.3269940274418002 0.6167761649963645 0.7160042376339462
  outer loop
    vertex 12.474658205869273 27.372904479154492 9
    vertex 12.503052251432488 26.196969087824474 10
    vertex 13.334378300970378 26.91710973168494 9
  endloop
endfacet
facet normal 0.37172024648082574 0.6065923113596641 0.7027587254211609
  outer loop
    vertex 12.474658205869273 27.372904479154492 9
    vertex 11.767181112391393 26.647911501798287 10
    vertex 12.503052251432488 26.196969087824474 10
  endloop
endfacet
facet normal 0.27790531123920187 0.6442569271316518 0.7125318588160982
  outer loop
    vertex 13.704516456310294 27.84608645150173 8
    vertex 14.282991918222269 28.702531190071777 7
    vertex 13.749999999999995 28.932441461399403 7
  endloop
endfacet
facet normal 0.1910735209387087 0.6881846262840055 0.6999234456298978
  outer loop
    vertex 13.704516456310294 27.84608645150173 8
    vertex 14.433763012065317 27.643612141965157 8
    vertex 14.282991918222269 28.702531190071777 7
  endloop
endfacet
facet normal 0.18972637705639883 0.6833326525272883 0.7050250973114883
  outer loop
    vertex 13.704516456310294 27.84608645150173 8
    vertex 13.334378300970378 26.91710973168494 9
    vertex 14.433763012065317 27.643612141965157 8
  endloop
endfacet
facet normal 0.4573677017712829 0.5355087751727947 0.7099613630961814
  outer loop
    vertex 11.733020286345905 28.002857406020095 9
    vertex 11.110912703473984 27.208417674334488 10
    vertex 11.767181112391393 26.647911501798287 10
  endloop
endfacet
facet normal 0.5406531407592102 0.4617614050576019 0.7031860253065549
  outer loop
    vertex 11.733020286345905 28.002857406020095 9
    vertex 10.550406530937785 27.864686083251897 10
    vertex 11.110912703473984 27.208417674334488 10
  endloop
endfacet
facet normal 0.4553576304882276 0.536088446155325 0.7108154516151967
  outer loop
    vertex 11.733020286345905 28.002857406020095 9
    vertex 11.767181112391393 26.647911501798287 10
    vertex 12.474658205869273 27.372904479154492 9
  endloop
endfacet
facet normal 0.3343573015433254 0.6306647732920142 0.700333590964476
  outer loop
    vertex 13.035845271231656 28.200593477311383 8
    vertex 13.704516456310294 27.84608645150173 8
    vertex 13.749999999999995 28.932441461399403 7
  endloop
endfacet
facet normal 0.3321870009180379 0.6265711520505918 0.7050250973114882
  outer loop
    vertex 13.035845271231656 28.200593477311383 8
    vertex 13.334378300970378 26.91710973168494 9
    vertex 13.704516456310294 27.84608645150173 8
  endloop
endfacet
facet normal 0.3321870009180385 0.6265711520505918 0.7050250973114881
  outer loop
    vertex 13.035845271231656 28.200593477311383 8
    vertex 12.474658205869273 27.372904479154492 9
    vertex 13.334378300970378 26.91710973168494 9
  endloop
endfacet
facet normal 0.41941521738410653 0.5633724071504814 0.7118303212761555
  outer loop
    vertex 13.035845271231656 28.200593477311383 8
    vertex 13.749999999999995 28.932441461399403 7
    vertex 13.28439590532816 29.279070866927878 7
  endloop
endfacet
facet normal 0.45911492981608554 0.5405118808878279 0.7050250973114882
  outer loop
    vertex 13.035845271231656 28.200593477311383 8
    vertex 11.733020286345905 28.002857406020095 9
    vertex 12.474658205869273 27.372904479154492 9
  endloop
endfacet
facet normal 0.6079950186984232 0.372579826643547 0.7010893880356258
  outer loop
    vertex 11.144142707245843 28.777512613563903 9
    vertex 10.099464116963972 28.60055722229299 10
    vertex 10.550406530937785 27.864686083251897 10
  endloop
endfacet
facet normal 0.5559062310926599 0.42258893038419565 0.715812027105647
  outer loop
    vertex 11.144142707245843 28.777512613563903 9
    vertex 10.550406530937785 27.864686083251897 10
    vertex 11.733020286345905 28.002857406020095 9
  endloop
endfacet
facet normal 0.4617057276186487 0.5435620038577447 0.700976582380815
  outer loop
    vertex 12.459015778269036 28.690556864873518 8
    vertex 13.035845271231656 28.200593477311383 8
    vertex 13.28439590532816 29.279070866927878 7
  endloop
endfacet
facet normal 0.5388207799335489 0.4521243177128953 0.7108134554469626
  outer loop
    vertex 12.459015778269036 28.690556864873518 8
    vertex 13.28439590532816 29.279070866927878 7
    vertex 12.911280471467654 29.723732525683484 7
  endloop
endfacet
facet normal 0.4591149298160854 0.5405118808878283 0.705025097311488
  outer loop
    vertex 12.459015778269036 28.690556864873518 8
    vertex 11.733020286345905 28.002857406020095 9
    vertex 13.035845271231656 28.200593477311383 8
  endloop
endfacet
facet normal 0.655455324873725 0.2714984850923597 0.7047459752898438
  outer loop
    vertex 10.735560729677385 29.660648085248592 9
    vertex 9.769189160376651 29.397911501798287 10
    vertex 10.099464116963972 28.60055722229299 10
  endloop
endfacet
facet normal 0.6872238504569849 0.16498784922797247 0.7074619346439806
  outer loop
    vertex 10.735560729677385 29.660648085248592 9
    vertex 9.567714126726738 30.23711541313923 10
    vertex 9.769189160376651 29.397911501798287 10
  endloop
endfacet
facet normal 0.6345974612583184 0.29359604952366897 0.7149037850428491
  outer loop
    vertex 10.735560729677385 29.660648085248592 9
    vertex 10.099464116963972 28.60055722229299 10
    vertex 11.144142707245843 28.777512613563903 9
  endloop
endfacet
facet normal 0.5645751548655289 0.4291788749105563 0.705025097311488
  outer loop
    vertex 12.000999883413431 29.293066470740925 8
    vertex 11.144142707245843 28.777512613563903 9
    vertex 11.733020286345905 28.002857406020095 9
  endloop
endfacet
facet normal 0.5670764968348889 0.4310803456411134 0.7018503988311244
  outer loop
    vertex 12.000999883413431 29.293066470740925 8
    vertex 12.459015778269036 28.690556864873518 8
    vertex 12.911280471467654 29.723732525683484 7
  endloop
endfacet
facet normal 0.5645751548655289 0.4291788749105564 0.7050250973114881
  outer loop
    vertex 12.000999883413431 29.293066470740925 8
    vertex 11.733020286345905 28.002857406020095 9
    vertex 12.459015778269036 28.690556864873518 8
  endloop
endfacet
facet normal 0.6297681275229575 0.31628144115952966 0.7094773819751261
  outer loop
    vertex 12.000999883413431 29.293066470740925 8
    vertex 12.911280471467654 29.723732525683484 7
    vertex 12.650768448035224 30.242454612546325 7
  endloop
endfacet
facet normal 0.7102186966000981 0.05589542364118428 0.70175858000856
  outer loop
    vertex 10.526379192805376 30.610969387952764 9
    vertex 9.499999999999995 31.0975049708605 10
    vertex 9.567714126726738 30.23711541313923 10
  endloop
endfacet
facet normal 0.6848605258358877 0.15074920127505465 0.7129100493517566
  outer loop
    vertex 10.526379192805376 30.610969387952764 9
    vertex 9.567714126726738 30.23711541313923 10
    vertex 10.735560729677385 29.660648085248592 9
  endloop
endfacet
facet normal 0.6455012138784851 0.2986406626677525 0.702952301001119
  outer loop
    vertex 11.683213900860185 29.97994961538457 8
    vertex 12.000999883413431 29.293066470740925 8
    vertex 12.650768448035224 30.242454612546325 7
  endloop
endfacet
facet normal 0.6436364731536747 0.29777794174052935 0.7050250973114881
  outer loop
    vertex 11.683213900860185 29.97994961538457 8
    vertex 11.144142707245843 28.777512613563903 9
    vertex 12.000999883413431 29.293066470740925 8
  endloop
endfacet
facet normal 0.6873548661059666 0.1629060958531375 0.707816990453279
  outer loop
    vertex 11.683213900860185 29.97994961538457 8
    vertex 12.650768448035224 30.242454612546325 7
    vertex 12.516904105645137 30.807272685547424 7
  endloop
endfacet
facet normal 0.6436364731536763 0.2977779417405278 0.7050250973114871
  outer loop
    vertex 11.683213900860185 29.97994961538457 8
    vertex 10.735560729677385 29.660648085248592 9
    vertex 11.144142707245843 28.777512613563903 9
  endloop
endfacet
facet normal 0.7102186966000968 -0.05589542364118419 0.7017585800085611
  outer loop
    vertex 10.52637919280538 31.58404055376824 9
    vertex 9.567714126726738 31.957894528581768 10
    vertex 9.499999999999995 31.0975049708605 10
  endloop
endfacet
facet normal 0.6978426112657803 -2.547845499682535e-15 0.7162511360561721
  outer loop
    vertex 10.52637919280538 31.58404055376824 9
    vertex 9.499999999999995 31.0975049708605 10
    vertex 10.526379192805376 30.610969387952764 9
  endloop
endfacet
facet normal 0.692602065307718 0.15245324297112212 0.705025097311487
  outer loop
    vertex 11.520517149959737 30.719088406376706 8
    vertex 10.735560729677385 29.660648085248592 9
    vertex 11.683213900860185 29.97994961538457 8
  endloop
endfacet
facet normal 0.7091823546598759 -2.5892472623547736e-15 0.7050250973114885
  outer loop
    vertex 11.520517149959737 30.719088406376706 8
    vertex 10.52637919280538 31.58404055376824 9
    vertex 10.526379192805376 30.610969387952764 9
  endloop
endfacet
facet normal 0.6933258352243117 0.15261255677695176 0.7042788465689652
  outer loop
    vertex 11.520517149959737 30.719088406376706 8
    vertex 11.683213900860185 29.97994961538457 8
    vertex 12.516904105645137 30.807272685547424 7
  endloop
endfacet
facet normal 0.6926020653077155 0.15245324297112547 0.7050250973114887
  outer loop
    vertex 11.520517149959737 30.719088406376706 8
    vertex 10.526379192805376 30.610969387952764 9
    vertex 10.735560729677385 29.660648085248592 9
  endloop
endfacet
facet normal 0.6872238504569855 -0.16498784922797186 0.7074619346439798
  outer loop
    vertex 10.735560729677385 32.534361856472415 9
    vertex 9.76918916037665 32.797098439922706 10
    vertex 9.567714126726738 31.957894528581768 10
  endloop
endfacet
facet normal 0.6554553248737264 -0.2714984850923604 0.7047459752898425
  outer loop
    vertex 10.735560729677385 32.534361856472415 9
    vertex 10.099464116963972 33.594452719428006 10
    vertex 9.76918916037665 32.797098439922706 10
  endloop
endfacet
facet normal 0.684860525835888 -0.1507492012750516 0.7129100493517571
  outer loop
    vertex 10.735560729677385 32.534361856472415 9
    vertex 9.567714126726738 31.957894528581768 10
    vertex 10.52637919280538 31.58404055376824 9
  endloop
endfacet
facet normal 0.7091823546598771 0 0.7050250973114874
  outer loop
    vertex 11.520517149959737 31.4759215353443 8
    vertex 10.52637919280538 31.58404055376824 9
    vertex 11.520517149959737 30.719088406376706 8
  endloop
endfacet
facet normal 0.7083853369870289 0 0.7058259093726821
  outer loop
    vertex 11.520517149959737 31.4759215353443 8
    vertex 11.520517149959737 30.719088406376706 8
    vertex 12.516904105645137 30.807272685547424 7
  endloop
endfacet
facet normal 0.7083853369870289 0 0.7058259093726822
  outer loop
    vertex 11.520517149959737 31.4759215353443 8
    vertex 12.516904105645137 30.807272685547424 7
    vertex 12.516904105645137 31.387737256173573 7
  endloop
endfacet
facet normal 0.6079950186984233 -0.37257982664354566 0.7010893880356266
  outer loop
    vertex 11.144142707245846 33.4174973281571 9
    vertex 10.550406530937783 34.3303238584691 10
    vertex 10.099464116963972 33.594452719428006 10
  endloop
endfacet
facet normal 0.6345974612583166 -0.2935960495236731 0.7149037850428491
  outer loop
    vertex 11.144142707245846 33.4174973281571 9
    vertex 10.099464116963972 33.594452719428006 10
    vertex 10.735560729677385 32.534361856472415 9
  endloop
endfacet
facet normal 0.6926020653077162 -0.15245324297112245 0.7050250973114884
  outer loop
    vertex 11.683213900860189 32.215060326336435 8
    vertex 10.735560729677385 32.534361856472415 9
    vertex 10.52637919280538 31.58404055376824 9
  endloop
endfacet
facet normal 0.6926020653077167 -0.1524532429711252 0.7050250973114874
  outer loop
    vertex 11.683213900860189 32.215060326336435 8
    vertex 10.52637919280538 31.58404055376824 9
    vertex 11.520517149959737 31.4759215353443 8
  endloop
endfacet
facet normal 0.6933258352243108 -0.15261255677695493 0.7042788465689658
  outer loop
    vertex 11.683213900860189 32.215060326336435 8
    vertex 11.520517149959737 31.4759215353443 8
    vertex 12.516904105645137 31.387737256173573 7
  endloop
endfacet
facet normal 0.6436364731536731 -0.2977779417405313 0.7050250973114884
  outer loop
    vertex 11.683213900860189 32.215060326336435 8
    vertex 11.144142707245846 33.4174973281571 9
    vertex 10.735560729677385 32.534361856472415 9
  endloop
endfacet
facet normal 0.6873548661059683 -0.16290609585313573 0.7078169904532776
  outer loop
    vertex 11.683213900860189 32.215060326336435 8
    vertex 12.516904105645137 31.387737256173573 7
    vertex 12.650768448035222 31.952555329174672 7
  endloop
endfacet
facet normal 0.5406531407592104 -0.4617614050575996 0.7031860253065562
  outer loop
    vertex 11.733020286345909 34.192152535700906 9
    vertex 11.110912703473982 34.98659226738651 10
    vertex 10.550406530937783 34.3303238584691 10
  endloop
endfacet
facet normal 0.4573677017712787 -0.5355087751727966 0.7099613630961827
  outer loop
    vertex 11.733020286345909 34.192152535700906 9
    vertex 11.767181112391391 35.547098439922706 10
    vertex 11.110912703473982 34.98659226738651 10
  endloop
endfacet
facet normal 0.5559062310926594 -0.42258893038419526 0.7158120271056476
  outer loop
    vertex 11.733020286345909 34.192152535700906 9
    vertex 10.550406530937783 34.3303238584691 10
    vertex 11.144142707245846 33.4174973281571 9
  endloop
endfacet
facet normal 0.6455012138784858 -0.29864066266775285 0.7029523010011185
  outer loop
    vertex 12.000999883413435 32.90194347098008 8
    vertex 11.683213900860189 32.215060326336435 8
    vertex 12.650768448035222 31.952555329174672 7
  endloop
endfacet
facet normal 0.6436364731536752 -0.2977779417405296 0.7050250973114874
  outer loop
    vertex 12.000999883413435 32.90194347098008 8
    vertex 11.144142707245846 33.4174973281571 9
    vertex 11.683213900860189 32.215060326336435 8
  endloop
endfacet
facet normal 0.629768127522958 -0.3162814411595299 0.7094773819751254
  outer loop
    vertex 12.000999883413435 32.90194347098008 8
    vertex 12.650768448035222 31.952555329174672 7
    vertex 12.911280471467654 32.471277416037516 7
  endloop
endfacet
facet normal 0.3717202464808258 -0.6065923113596641 0.7027587254211608
  outer loop
    vertex 12.474658205869277 34.822105462566505 9
    vertex 12.503052251432486 35.99804085389652 10
    vertex 11.767181112391391 35.547098439922706 10
  endloop
endfacet
facet normal 0.455357630488226 -0.5360884461553261 0.7108154516151969
  outer loop
    vertex 12.474658205869277 34.822105462566505 9
    vertex 11.767181112391391 35.547098439922706 10
    vertex 11.733020286345909 34.192152535700906 9
  endloop
endfacet
facet normal 0.5645751548655285 -0.42917887491055856 0.7050250973114871
  outer loop
    vertex 12.45901577826904 33.50445307684748 8
    vertex 11.144142707245846 33.4174973281571 9
    vertex 12.000999883413435 32.90194347098008 8
  endloop
endfacet
facet normal 0.5670764968348881 -0.4310803456411153 0.701850398831124
  outer loop
    vertex 12.45901577826904 33.50445307684748 8
    vertex 12.000999883413435 32.90194347098008 8
    vertex 12.911280471467654 32.471277416037516 7
  endloop
endfacet
facet normal 0.5388207799335497 -0.4521243177128959 0.7108134554469616
  outer loop
    vertex 12.45901577826904 33.50445307684748 8
    vertex 12.911280471467654 32.471277416037516 7
    vertex 13.28439590532816 32.91593907479312 7
  endloop
endfacet
facet normal 0.5645751548655289 -0.4291788749105563 0.705025097311488
  outer loop
    vertex 12.45901577826904 33.50445307684748 8
    vertex 11.733020286345909 34.192152535700906 9
    vertex 11.144142707245846 33.4174973281571 9
  endloop
endfacet
facet normal 0.27284535626658546 -0.6587069595293048 0.7011851061106609
  outer loop
    vertex 13.334378300970384 35.27790021003606 9
    vertex 13.300406530937783 36.32831581048384 10
    vertex 12.503052251432486 35.99804085389652 10
  endloop
endfacet
facet normal 0.3269940274417997 -0.6167761649963648 0.7160042376339462
  outer loop
    vertex 13.334378300970384 35.27790021003606 9
    vertex 12.503052251432486 35.99804085389652 10
    vertex 12.474658205869277 34.822105462566505 9
  endloop
endfacet
facet normal 0.46170572761865 -0.5435620038577444 0.7009765823808142
  outer loop
    vertex 13.035845271231658 33.99441646440962 8
    vertex 12.45901577826904 33.50445307684748 8
    vertex 13.28439590532816 32.91593907479312 7
  endloop
endfacet
facet normal 0.4591149298160862 -0.5405118808878275 0.7050250973114881
  outer loop
    vertex 13.035845271231658 33.99441646440962 8
    vertex 11.733020286345909 34.192152535700906 9
    vertex 12.45901577826904 33.50445307684748 8
  endloop
endfacet
facet normal 0.4194152173841079 -0.5633724071504812 0.7118303212761549
  outer loop
    vertex 13.035845271231658 33.99441646440962 8
    vertex 13.28439590532816 32.91593907479312 7
    vertex 13.749999999999993 33.2625684803216 7
  endloop
endfacet
facet normal 0.45911492981608487 -0.5405118808878302 0.7050250973114869
  outer loop
    vertex 13.035845271231658 33.99441646440962 8
    vertex 12.474658205869277 34.822105462566505 9
    vertex 11.733020286345909 34.192152535700906 9
  endloop
endfacet
facet normal 0.16547813700352865 -0.6892660460157858 0.7053575717206176
  outer loop
    vertex 14.271981015512557 35.53822432229737 9
    vertex 14.139610442278723 36.52979084413376 10
    vertex 13.300406530937783 36.32831581048384 10
  endloop
endfacet
facet normal 0.05550960455009904 -0.7053164002376627 0.7067159679521022
  outer loop
    vertex 14.271981015512557 35.53822432229737 9
    vertex 14.999999999999993 36.5975049708605 10
    vertex 14.139610442278723 36.52979084413376 10
  endloop
endfacet
facet normal 0.1871750947994944 -0.674143764303074 0.714489796244902
  outer loop
    vertex 14.271981015512557 35.53822432229737 9
    vertex 13.300406530937783 36.32831581048384 10
    vertex 13.334378300970384 35.27790021003606 9
  endloop
endfacet
facet normal 0.33435730154332505 -0.6306647732920153 0.7003335909644754
  outer loop
    vertex 13.704516456310298 34.34892349021927 8
    vertex 13.035845271231658 33.99441646440962 8
    vertex 13.749999999999993 33.2625684803216 7
  endloop
endfacet
facet normal 0.33218700091803804 -0.6265711520505937 0.7050250973114868
  outer loop
    vertex 13.704516456310298 34.34892349021927 8
    vertex 12.474658205869277 34.822105462566505 9
    vertex 13.035845271231658 33.99441646440962 8
  endloop
endfacet
facet normal 0.2779053112392013 -0.6442569271316526 0.7125318588160975
  outer loop
    vertex 13.704516456310298 34.34892349021927 8
    vertex 13.749999999999993 33.2625684803216 7
    vertex 14.282991918222269 33.49247875164922 7
  endloop
endfacet
facet normal 0.3321870009180385 -0.6265711520505931 0.705025097311487
  outer loop
    vertex 13.704516456310298 34.34892349021927 8
    vertex 13.334378300970384 35.27790021003606 9
    vertex 12.474658205869277 34.822105462566505 9
  endloop
endfacet
facet normal -0.05591387120501495 -0.7104530951230329 0.7015198063041213
  outer loop
    vertex 15.243625088634378 35.590905333190555 9
    vertex 15.860389557721263 36.52979084413376 10
    vertex 14.999999999999993 36.5975049708605 10
  endloop
endfacet
facet normal 0.03793308001100654 -0.6996344933979997 0.7134932775356773
  outer loop
    vertex 15.243625088634378 35.590905333190555 9
    vertex 14.999999999999993 36.5975049708605 10
    vertex 14.271981015512557 35.53822432229737 9
  endloop
endfacet
facet normal 0.1910735209387054 -0.6881846262840073 0.6999234456298968
  outer loop
    vertex 14.433763012065322 34.55139779975584 8
    vertex 13.704516456310298 34.34892349021927 8
    vertex 14.282991918222269 33.49247875164922 7
  endloop
endfacet
facet normal 0.18972637705639575 -0.6833326525272907 0.7050250973114868
  outer loop
    vertex 14.433763012065322 34.55139779975584 8
    vertex 13.334378300970384 35.27790021003606 9
    vertex 13.704516456310298 34.34892349021927 8
  endloop
endfacet
facet normal 0.1217698506629639 -0.6905911402424398 0.7129207392748274
  outer loop
    vertex 14.433763012065322 34.55139779975584 8
    vertex 14.282991918222269 33.49247875164922 7
    vertex 14.854637927723804 33.59327536653867 7
  endloop
endfacet
facet normal 0.1897263770563989 -0.6833326525272881 0.7050250973114882
  outer loop
    vertex 14.433763012065322 34.55139779975584 8
    vertex 14.271981015512557 35.53822432229737 9
    vertex 13.334378300970384 35.27790021003606 9
  endloop
endfacet
facet normal -0.16624410066139456 -0.6924565142637936 0.7020447812276085
  outer loop
    vertex 16.203877523381493 35.433479937197 9
    vertex 16.699593469062204 36.32831581048384 10
    vertex 15.860389557721263 36.52979084413376 10
  endloop
endfacet
facet normal -0.11290292390317407 -0.6886773692633998 0.716223715635385
  outer loop
    vertex 16.203877523381493 35.433479937197 9
    vertex 15.860389557721263 36.52979084413376 10
    vertex 15.243625088634378 35.590905333190555 9
  endloop
endfacet
facet normal 0.03839435866932109 -0.7081422776415035 0.7050250973114894
  outer loop
    vertex 15.18948618004896 34.59237191933943 8
    vertex 15.243625088634378 35.590905333190555 9
    vertex 14.271981015512557 35.53822432229737 9
  endloop
endfacet
facet normal 0.038394358669318264 -0.708142277641505 0.7050250973114882
  outer loop
    vertex 15.18948618004896 34.59237191933943 8
    vertex 14.271981015512557 35.53822432229737 9
    vertex 14.433763012065322 34.55139779975584 8
  endloop
endfacet
facet normal -0.040769154834319005 -0.699979355680795 0.7129984415374232
  outer loop
    vertex 15.18948618004896 34.59237191933943 8
    vertex 14.854637927723804 33.59327536653867 7
    vertex 15.43412044416732 33.55952435339102 7
  endloop
endfacet
facet normal 0.03867631199558539 -0.7133426007507162 0.6997474378978635
  outer loop
    vertex 15.18948618004896 34.59237191933943 8
    vertex 14.433763012065322 34.55139779975584 8
    vertex 14.854637927723804 33.59327536653867 7
  endloop
endfacet
facet normal -0.2701591540583914 -0.6522218937270188 0.708251814555809
  outer loop
    vertex 17.107837983149054 35.073309170867596 9
    vertex 17.4969477485675 35.998040853896526 10
    vertex 16.699593469062204 36.32831581048384 10
  endloop
endfacet
facet normal -0.370985235689297 -0.6053928827594405 0.7041799574006429
  outer loop
    vertex 17.107837983149054 35.073309170867596 9
    vertex 18.232818887608595 35.547098439922706 10
    vertex 17.4969477485675 35.998040853896526 10
  endloop
endfacet
facet normal -0.2598021718081459 -0.6520542826663319 0.7122696427479316
  outer loop
    vertex 17.107837983149054 35.073309170867596 9
    vertex 16.699593469062204 36.32831581048384 10
    vertex 16.203877523381493 35.433479937197 9
  endloop
endfacet
facet normal -0.11473293725686726 -0.699839956896818 0.7050250973114871
  outer loop
    vertex 15.93634918485227 34.46992994467778 8
    vertex 16.203877523381493 35.433479937197 9
    vertex 15.243625088634378 35.590905333190555 9
  endloop
endfacet
facet normal -0.20116454854934318 -0.6719363862752528 0.7127652609424041
  outer loop
    vertex 15.93634918485227 34.46992994467778 8
    vertex 15.43412044416732 33.55952435339102 7
    vertex 15.990199415097885 33.393045238061184 7
  endloop
endfacet
facet normal -0.11473293725686048 -0.6998399568968163 0.7050250973114899
  outer loop
    vertex 15.93634918485227 34.46992994467778 8
    vertex 15.243625088634378 35.590905333190555 9
    vertex 15.18948618004896 34.59237191933943 8
  endloop
endfacet
facet normal -0.11556619130515963 -0.70492258174011 0.6998061225654412
  outer loop
    vertex 15.93634918485227 34.46992994467778 8
    vertex 15.18948618004896 34.59237191933943 8
    vertex 15.43412044416732 33.55952435339102 7
  endloop
endfacet
facet normal -0.4631346932784669 -0.5422610546767626 0.701041514079377
  outer loop
    vertex 17.913238281518222 34.52723421893486 9
    vertex 18.889087296526004 34.98659226738651 10
    vertex 18.232818887608595 35.547098439922706 10
  endloop
endfacet
facet normal -0.392189177808427 -0.5784357618054099 0.7152619927512892
  outer loop
    vertex 17.913238281518222 34.52723421893486 9
    vertex 18.232818887608595 35.547098439922706 10
    vertex 17.107837983149054 35.073309170867596 9
  endloop
endfacet
facet normal -0.2624954485534262 -0.6588138975838799 0.7050250973114879
  outer loop
    vertex 16.639429542449264 34.189797126421574 8
    vertex 17.107837983149054 35.073309170867596 9
    vertex 16.203877523381493 35.433479937197 9
  endloop
endfacet
facet normal -0.3509780009302912 -0.6079117299502249 0.7122203110357784
  outer loop
    vertex 16.639429542449264 34.189797126421574 8
    vertex 15.990199415097885 33.393045238061184 7
    vertex 16.49289647925696 33.10281295274811 7
  endloop
endfacet
facet normal -0.2642954773579511 -0.6633316292207753 0.7000993146143228
  outer loop
    vertex 16.639429542449264 34.189797126421574 8
    vertex 15.93634918485227 34.46992994467778 8
    vertex 15.990199415097885 33.393045238061184 7
  endloop
endfacet
facet normal -0.2624954485534284 -0.6588138975838798 0.7050250973114868
  outer loop
    vertex 16.639429542449264 34.189797126421574 8
    vertex 16.203877523381493 35.433479937197 9
    vertex 15.93634918485227 34.46992994467778 8
  endloop
endfacet
facet normal -0.5071416051497343 -0.48039004553551085 0.7155646696676276
  outer loop
    vertex 18.582418795675395 33.820788939232436 9
    vertex 18.889087296526004 34.98659226738651 10
    vertex 17.913238281518222 34.52723421893486 9
  endloop
endfacet
facet normal -0.5402965538872572 -0.461456851097576 0.7036598670044099
  outer loop
    vertex 18.582418795675395 33.820788939232436 9
    vertex 19.449593469062204 34.3303238584691 10
    vertex 18.889087296526004 34.98659226738651 10
  endloop
endfacet
facet normal -0.6012160930560662 -0.3684256956671686 0.7090851262172705
  outer loop
    vertex 18.582418795675395 33.820788939232436 9
    vertex 19.900535883036017 33.594452719428006 10
    vertex 19.449593469062204 34.3303238584691 10
  endloop
endfacet
facet normal -0.3979839644183607 -0.5869824326389791 0.7050250973114868
  outer loop
    vertex 17.265851996736394 33.765072163807226 8
    vertex 17.913238281518222 34.52723421893486 9
    vertex 17.107837983149054 35.073309170867596 9
  endloop
endfacet
facet normal -0.48230866260773486 -0.5112173160648682 0.7113615183076542
  outer loop
    vertex 17.265851996736394 33.765072163807226 8
    vertex 16.49289647925696 33.10281295274811 7
    vertex 16.91511110779744 32.704473995076846 7
  endloop
endfacet
facet normal -0.40042302842193894 -0.5905797829098035 0.7006260902418725
  outer loop
    vertex 17.265851996736394 33.765072163807226 8
    vertex 16.639429542449264 34.189797126421574 8
    vertex 16.49289647925696 33.10281295274811 7
  endloop
endfacet
facet normal -0.3979839644183582 -0.5869824326389795 0.7050250973114878
  outer loop
    vertex 17.265851996736394 33.765072163807226 8
    vertex 17.107837983149054 35.073309170867596 9
    vertex 16.639429542449264 34.189797126421574 8
  endloop
endfacet
facet normal -0.6020394909931376 -0.36223514301722404 0.7115716073931107
  outer loop
    vertex 19.084089388519303 32.98700592788168 9
    vertex 19.900535883036017 33.594452719428006 10
    vertex 18.582418795675395 33.820788939232436 9
  endloop
endfacet
facet normal -0.6576210719450553 -0.27239556690197564 0.7023782320559114
  outer loop
    vertex 19.084089388519303 32.98700592788168 9
    vertex 20.230810839623338 32.79709843992271 10
    vertex 19.900535883036017 33.594452719428006 10
  endloop
endfacet
facet normal -0.5148631924345016 -0.48770432152799353 0.7050250973114878
  outer loop
    vertex 17.78632572996975 33.21561472403867 8
    vertex 18.582418795675395 33.820788939232436 9
    vertex 17.913238281518222 34.52723421893486 9
  endloop
endfacet
facet normal -0.5881955238898067 -0.3868622819187494 0.7101856098968874
  outer loop
    vertex 17.78632572996975 33.21561472403867 8
    vertex 16.91511110779744 32.704473995076846 7
    vertex 17.234081600808526 32.21950292136165 7
  endloop
endfacet
facet normal -0.5174771267981269 -0.49018037167891054 0.7013847920089804
  outer loop
    vertex 17.78632572996975 33.21561472403867 8
    vertex 17.265851996736394 33.765072163807226 8
    vertex 16.91511110779744 32.704473995076846 7
  endloop
endfacet
facet normal -0.6076679898017444 -0.3656216983867807 0.7050250973114878
  outer loop
    vertex 17.78632572996975 33.21561472403867 8
    vertex 19.084089388519303 32.98700592788168 9
    vertex 18.582418795675395 33.820788939232436 9
  endloop
endfacet
facet normal -0.5148631924345037 -0.48770432152799265 0.7050250973114869
  outer loop
    vertex 17.78632572996975 33.21561472403867 8
    vertex 17.913238281518222 34.52723421893486 9
    vertex 17.265851996736394 33.765072163807226 8
  endloop
endfacet
facet normal -0.6960214051186138 -0.07569688953320218 0.7140197367942349
  outer loop
    vertex 19.394792500695385 32.0648719518101 9
    vertex 19.499999999999993 31.0975049708605 9
    vertex 20.43228587327325 31.957894528581768 10
  endloop
endfacet
facet normal -0.6931423441918293 -0.16640875385945667 0.7013286086615876
  outer loop
    vertex 19.394792500695385 32.0648719518101 9
    vertex 20.43228587327325 31.957894528581768 10
    vertex 20.230810839623338 32.79709843992271 10
  endloop
endfacet
facet normal -0.661419447409333 -0.22285815954786034 0.7161414352707662
  outer loop
    vertex 19.394792500695385 32.0648719518101 9
    vertex 20.230810839623338 32.79709843992271 10
    vertex 19.084089388519303 32.98700592788168 9
  endloop
endfacet
facet normal -0.6099186875716789 -0.36697589830352684 0.7023730380753236
  outer loop
    vertex 18.176513968848347 32.56711682632142 8
    vertex 17.78632572996975 33.21561472403867 8
    vertex 17.234081600808526 32.21950292136165 7
  endloop
endfacet
facet normal -0.6629737456854804 -0.2413027095294834 0.7086880942315128
  outer loop
    vertex 18.176513968848347 32.56711682632142 8
    vertex 17.234081600808526 32.21950292136165 7
    vertex 17.432612176449553 31.6740446477166 7
  endloop
endfacet
facet normal -0.6076679898017444 -0.36562169838678077 0.7050250973114878
  outer loop
    vertex 18.176513968848347 32.56711682632142 8
    vertex 19.084089388519303 32.98700592788168 9
    vertex 17.78632572996975 33.21561472403867 8
  endloop
endfacet
facet normal -0.6720589073403205 -0.22644301098833464 0.7050250973114869
  outer loop
    vertex 18.4181719449853 31.84990151159908 8
    vertex 19.394792500695385 32.0648719518101 9
    vertex 19.084089388519303 32.98700592788168 9
  endloop
endfacet
facet normal -0.6734103039607342 -0.22689834952551463 0.7035877354687963
  outer loop
    vertex 18.4181719449853 31.84990151159908 8
    vertex 18.176513968848347 32.56711682632142 8
    vertex 17.432612176449553 31.6740446477166 7
  endloop
endfacet
facet normal -0.7050250973114882 -0.07667610006940266 0.7050250973114882
  outer loop
    vertex 18.4181719449853 31.84990151159908 8
    vertex 18.499999999999993 31.0975049708605 8
    vertex 19.499999999999993 31.0975049708605 9
  endloop
endfacet
facet normal -0.7050250973114882 -0.07667610006940266 0.7050250973114882
  outer loop
    vertex 18.4181719449853 31.84990151159908 8
    vertex 17.499999999999993 31.0975049708605 7
    vertex 18.499999999999993 31.0975049708605 8
  endloop
endfacet
facet normal -0.7025673946592992 -0.0821183511285213 0.706863234557844
  outer loop
    vertex 18.4181719449853 31.84990151159908 8
    vertex 17.432612176449553 31.6740446477166 7
    vertex 17.499999999999993 31.0975049708605 7
  endloop
endfacet
facet normal -0.7050250973114891 -0.0766761000694053 0.7050250973114871
  outer loop
    vertex 18.4181719449853 31.84990151159908 8
    vertex 19.499999999999993 31.0975049708605 9
    vertex 19.394792500695385 32.0648719518101 9
  endloop
endfacet
facet normal -0.6720589073403191 -0.22644301098833597 0.7050250973114875
  outer loop
    vertex 18.4181719449853 31.84990151159908 8
    vertex 19.084089388519303 32.98700592788168 9
    vertex 18.176513968848347 32.56711682632142 8
  endloop
endfacet
facet normal 0 1 0
  outer loop
    vertex 27.990140682897 62.195009941721 5
    vertex 30 62.195009941721 10
    vertex 30 62.195009941721 5
  endloop
endfacet
facet normal 0 1 0
  outer loop
    vertex 0 62.195009941721 10
    vertex 30 62.195009941721 10
    vertex 27.990140682897 62.195009941721 5
  endloop
endfacet
facet normal 0 1 0
  outer loop
    vertex 0 62.195009941721 5
    vertex 0 62.195009941721 10
    vertex 27.990140682897 62.195009941721 5
  endloop
endfacet
facet normal 1 0 0
  outer loop
    vertex 30 0.6874123717 5
    vertex 30 0 10
    vertex 30 0 5
  endloop
endfacet
facet normal 1 0 0
  outer loop
    vertex 30 1.507597570021 5
    vertex 30 0 10
    vertex 30 0.6874123717 5
  endloop
endfacet
facet normal 0.9999999999999999 0 0
  outer loop
    vertex 30 3.6874123717 5
    vertex 30 0 10
    vertex 30 1.507597570021 5
  endloop
endfacet
facet normal 1 0 0
  outer loop
    vertex 30 4.507597570021 5
    vertex 30 0 10
    vertex 30 3.6874123717 5
  endloop
endfacet
facet normal 0.9999999999999999 0 0
  outer loop
    vertex 30 6.6874123717 5
    vertex 30 0 10
    vertex 30 4.507597570021 5
  endloop
endfacet
facet normal 1 0 0
  outer loop
    vertex 30 7.507597570021 5
    vertex 30 0 10
    vertex 30 6.6874123717 5
  endloop
endfacet
facet normal 1 0 0
  outer loop
    vertex 30 9.6874123717 5
    vertex 30 0 10
    vertex 30 7.507597570021 5
  endloop
endfacet
facet normal 1 0 0
  outer loop
    vertex 30 10.507597570021 5
    vertex 30 0 10
    vertex 30 9.6874123717 5
  endloop
endfacet
facet normal 1 0 0
  outer loop
    vertex 30 12.6874123717 5
    vertex 30 0 10
    vertex 30 10.507597570021 5
  endloop
endfacet
facet normal 1 0 0
  outer loop
    vertex 30 13.507597570021 5
    vertex 30 0 10
    vertex 30 12.6874123717 5
  endloop
endfacet
facet normal 1 0 0
  outer loop
    vertex 30 15.6874123717 5
    vertex 30 0 10
    vertex 30 13.507597570021 5
  endloop
endfacet
facet normal 1 0 0
  outer loop
    vertex 30 16.507597570021 5
    vertex 30 0 10
    vertex 30 15.6874123717 5
  endloop
endfacet
facet normal 1 0 0
  outer loop
    vertex 30 18.6874123717 5
    vertex 30 0 10
    vertex 30 16.507597570021 5
  endloop
endfacet
facet normal 1 0 0
  outer loop
    vertex 30 19.507597570021 5
    vertex 30 0 10
    vertex 30 18.6874123717 5
  endloop
endfacet
facet normal 1 0 0
  outer loop
    vertex 30 21.6874123717 5
    vertex 30 0 10
    vertex 30 19.507597570021 5
  endloop
endfacet
facet normal 1 0 0
  outer loop
    vertex 30 22.507597570021 5
    vertex 30 0 10
    vertex 30 21.6874123717 5
  endloop
endfacet
facet normal 1 0 0
  outer loop
    vertex 30 24.6874123717 5
    vertex 30 0 10
    vertex 30 22.507597570021 5
  endloop
endfacet
facet normal 1 0 0
  outer loop
    vertex 30 25.507597570021 5
    vertex 30 0 10
    vertex 30 24.6874123717 5
  endloop
endfacet
facet normal 1 0 0
  outer loop
    vertex 30 27.6874123717 5
    vertex 30 0 10
    vertex 30 25.507597570021 5
  endloop
endfacet
facet normal 1 0 0
  outer loop
    vertex 30 28.507597570021 5
    vertex 30 0 10
    vertex 30 27.6874123717 5
  endloop
endfacet
facet normal 1 0 0
  outer loop
    vertex 30 30.6874123717 5
    vertex 30 0 10
    vertex 30 28.507597570021 5
  endloop
endfacet
facet normal 1 0 0
  outer loop
    vertex 30 62.195009941721 10
    vertex 30 54.6874123717 5
    vertex 30 55.507597570021 5
  endloop
endfacet
facet normal 1 0 0
  outer loop
    vertex 30 62.195009941721 10
    vertex 30 52.507597570021 5
    vertex 30 54.6874123717 5
  endloop
endfacet
facet normal 1 0 0
  outer loop
    vertex 30 62.195009941721 10
    vertex 30 51.6874123717 5
    vertex 30 52.507597570021 5
  endloop
endfacet
facet normal 1 0 0
  outer loop
    vertex 30 62.195009941721 10
    vertex 30 49.507597570021 5
    vertex 30 51.6874123717 5
  endloop
endfacet
facet normal 1 0 0
  outer loop
    vertex 30 62.195009941721 10
    vertex 30 48.6874123717 5
    vertex 30 49.507597570021 5
  endloop
endfacet
facet normal 1 0 0
  outer loop
    vertex 30 62.195009941721 10
    vertex 30 46.507597570021 5
    vertex 30 48.6874123717 5
  endloop
endfacet
facet normal 1 0 0
  outer loop
    vertex 30 62.195009941721 10
    vertex 30 45.6874123717 5
    vertex 30 46.507597570021 5
  endloop
endfacet
facet normal 1 0 0
  outer loop
    vertex 30 62.195009941721 10
    vertex 30 43.507597570021 5
    vertex 30 45.6874123717 5
  endloop
endfacet
facet normal 1 0 0
  outer loop
    vertex 30 62.195009941721 10
    vertex 30 42.6874123717 5
    vertex 30 43.507597570021 5
  endloop
endfacet
facet normal 1 0 0
  outer loop
    vertex 30 62.195009941721 10
    vertex 30 40.507597570021 5
    vertex 30 42.6874123717 5
  endloop
endfacet
facet normal 1 0 0
  outer loop
    vertex 30 62.195009941721 10
    vertex 30 39.6874123717 5
    vertex 30 40.507597570021 5
  endloop
endfacet
facet normal 1 0 0
  outer loop
    vertex 30 62.195009941721 10
    vertex 30 37.507597570021 5
    vertex 30 39.6874123717 5
  endloop
endfacet
facet normal 1 0 0
  outer loop
    vertex 30 62.195009941721 10
    vertex 30 36.6874123717 5
    vertex 30 37.507597570021 5
  endloop
endfacet
facet normal 1 0 0
  outer loop
    vertex 30 62.195009941721 10
    vertex 30 34.507597570021 5
    vertex 30 36.6874123717 5
  endloop
endfacet
facet normal 1 0 0
  outer loop
    vertex 30 62.195009941721 10
    vertex 30 33.6874123717 5
    vertex 30 34.507597570021 5
  endloop
endfacet
facet normal 1 0 0
  outer loop
    vertex 30 62.195009941721 10
    vertex 30 31.507597570021 5
    vertex 30 33.6874123717 5
  endloop
endfacet
facet normal 1 0 0
  outer loop
    vertex 30 62.195009941721 10
    vertex 30 30.6874123717 5
    vertex 30 31.507597570021 5
  endloop
endfacet
facet normal 1 0 0
  outer loop
    vertex 30 62.195009941721 10
    vertex 30 0 10
    vertex 30 30.6874123717 5
  endloop
endfacet
facet normal 1 0 0
  outer loop
    vertex 30 57.6874123717 5
    vertex 30 62.195009941721 10
    vertex 30 55.507597570021 5
  endloop
endfacet
facet normal 1 0 0
  outer loop
    vertex 30 58.507597570021 5
    vertex 30 62.195009941721 10
    vertex 30 57.6874123717 5
  endloop
endfacet
facet normal 1 0 0
  outer loop
    vertex 30 60.6874123717 5
    vertex 30 62.195009941721 10
    vertex 30 58.507597570021 5
  endloop
endfacet
facet normal 1 0 0
  outer loop
    vertex 30 61.507597570021 5
    vertex 30 62.195009941721 10
    vertex 30 60.6874123717 5
  endloop
endfacet
facet normal 1 0 0
  outer loop
    vertex 30 62.195009941721 5
    vertex 30 62.195009941721 10
    vertex 30 61.507597570021 5
  endloop
endfacet
facet normal -1 0 0
  outer loop
    vertex 0 0 5
    vertex 0 62.195009941721 10
    vertex 0 62.195009941721 5
  endloop
endfacet
facet normal -1 0 0
  outer loop
    vertex 0 0 5
    vertex 0 0 10
    vertex 0 62.195009941721 10
  endloop
endfacet
facet normal 0 -1 0
  outer loop
    vertex 27.990140682897 0 5
    vertex 0 0 10
    vertex 0 0 5
  endloop
endfacet
facet normal 0 -1 0
  outer loop
    vertex 27.990140682897 0 5
    vertex 30 0 10
    vertex 0 0 10
  endloop
endfacet
facet normal 0 -1 0
  outer loop
    vertex 30 0 5
    vertex 30 0 10
    vertex 27.990140682897 0 5
  endloop
endfacet
facet normal -0.9932383577419429 0.11609291412523018 0
  outer loop
    vertex 17.432612176449553 30.520965294004398 0.5
    vertex 17.499999999999993 31.0975049708605 7
    vertex 17.499999999999993 31.0975049708605 0.5
  endloop
endfacet
facet normal -0.9932383577419429 0.11609291412523018 0
  outer loop
    vertex 17.432612176449553 30.520965294004398 0.5
    vertex 17.432612176449553 30.520965294004398 7
    vertex 17.499999999999993 31.0975049708605 7
  endloop
endfacet
facet normal -0.9396926207859096 0.3420201433256656 0
  outer loop
    vertex 17.234081600808526 29.975507020359345 0.5
    vertex 17.234081600808526 29.975507020359345 7
    vertex 17.432612176449553 30.520965294004398 7
  endloop
endfacet
facet normal -0.9396926207859096 0.3420201433256656 0
  outer loop
    vertex 17.234081600808526 29.975507020359345 0.5
    vertex 17.432612176449553 30.520965294004398 7
    vertex 17.432612176449553 30.520965294004398 0.5
  endloop
endfacet
facet normal -0.8354878114129362 0.5495089780708063 0
  outer loop
    vertex 16.91511110779744 29.49053594664415 0.5
    vertex 16.91511110779744 29.49053594664415 7
    vertex 17.234081600808526 29.975507020359345 7
  endloop
endfacet
facet normal -0.8354878114129362 0.5495089780708063 0
  outer loop
    vertex 16.91511110779744 29.49053594664415 0.5
    vertex 17.234081600808526 29.975507020359345 7
    vertex 17.234081600808526 29.975507020359345 0.5
  endloop
endfacet
facet normal -0.6862416378687323 0.72737364157305 0
  outer loop
    vertex 16.49289647925696 29.09219698897289 0.5
    vertex 16.49289647925696 29.09219698897289 7
    vertex 16.91511110779744 29.49053594664415 7
  endloop
endfacet
facet normal -0.6862416378687323 0.72737364157305 0
  outer loop
    vertex 16.49289647925696 29.09219698897289 0.5
    vertex 16.91511110779744 29.49053594664415 7
    vertex 16.91511110779744 29.49053594664415 0.5
  endloop
endfacet
facet normal -0.5000000000000034 0.8660254037844365 0
  outer loop
    vertex 15.990199415097887 28.801964703659813 0.5
    vertex 15.990199415097887 28.801964703659813 7
    vertex 16.49289647925696 29.09219698897289 7
  endloop
endfacet
facet normal -0.28680323271108993 0.9579895123154889 0
  outer loop
    vertex 15.990199415097887 28.801964703659813 0.5
    vertex 15.43412044416732 28.635485588329978 7
    vertex 15.990199415097887 28.801964703659813 7
  endloop
endfacet
facet normal -0.5000000000000034 0.8660254037844365 0
  outer loop
    vertex 15.990199415097887 28.801964703659813 0.5
    vertex 16.49289647925696 29.09219698897289 7
    vertex 16.49289647925696 29.09219698897289 0.5
  endloop
endfacet
facet normal -0.28680323271108993 0.9579895123154889 0
  outer loop
    vertex 15.43412044416732 28.635485588329978 0.5
    vertex 15.43412044416732 28.635485588329978 7
    vertex 15.990199415097887 28.801964703659813 0.5
  endloop
endfacet
facet normal -0.058144828910476364 0.9983081582712682 0
  outer loop
    vertex 14.854637927723806 28.601734575182327 0.5
    vertex 14.854637927723806 28.601734575182327 7
    vertex 15.43412044416732 28.635485588329978 7
  endloop
endfacet
facet normal 0.1736481776669335 0.9848077530122075 0
  outer loop
    vertex 14.854637927723806 28.601734575182327 0.5
    vertex 14.282991918222269 28.702531190071777 7
    vertex 14.854637927723806 28.601734575182327 7
  endloop
endfacet
facet normal -0.058144828910476364 0.9983081582712682 0
  outer loop
    vertex 14.854637927723806 28.601734575182327 0.5
    vertex 15.43412044416732 28.635485588329978 7
    vertex 15.43412044416732 28.635485588329978 0.5
  endloop
endfacet
facet normal 0.1736481776669335 0.9848077530122075 0
  outer loop
    vertex 14.282991918222269 28.702531190071777 0.5
    vertex 14.282991918222269 28.702531190071777 7
    vertex 14.854637927723806 28.601734575182327 0.5
  endloop
endfacet
facet normal 0.39607976603915684 0.918216106880274 0
  outer loop
    vertex 13.749999999999995 28.932441461399403 0.5
    vertex 13.749999999999995 28.932441461399403 7
    vertex 14.282991918222269 28.702531190071777 7
  endloop
endfacet
facet normal 0.5971585917027863 0.8021231927550437 0
  outer loop
    vertex 13.749999999999995 28.932441461399403 0.5
    vertex 13.28439590532816 29.279070866927878 7
    vertex 13.749999999999995 28.932441461399403 7
  endloop
endfacet
facet normal 0.39607976603915684 0.918216106880274 0
  outer loop
    vertex 13.749999999999995 28.932441461399403 0.5
    vertex 14.282991918222269 28.702531190071777 7
    vertex 14.282991918222269 28.702531190071777 0.5
  endloop
endfacet
facet normal 0.5971585917027863 0.8021231927550437 0
  outer loop
    vertex 13.28439590532816 29.279070866927878 0.5
    vertex 13.28439590532816 29.279070866927878 7
    vertex 13.749999999999995 28.932441461399403 0.5
  endloop
endfacet
facet normal 0.7660444431189781 0.6427876096865394 0
  outer loop
    vertex 12.911280471467654 29.723732525683484 0.5
    vertex 12.911280471467654 29.723732525683484 7
    vertex 13.28439590532816 29.279070866927878 7
  endloop
endfacet
facet normal 0.8936326403234116 0.4487991802004635 0
  outer loop
    vertex 12.911280471467654 29.723732525683484 0.5
    vertex 12.650768448035224 30.242454612546325 7
    vertex 12.911280471467654 29.723732525683484 7
  endloop
endfacet
facet normal 0.7660444431189781 0.6427876096865394 0
  outer loop
    vertex 12.911280471467654 29.723732525683484 0.5
    vertex 13.28439590532816 29.279070866927878 7
    vertex 13.28439590532816 29.279070866927878 0.5
  endloop
endfacet
facet normal 0.8936326403234116 0.4487991802004635 0
  outer loop
    vertex 12.650768448035224 30.242454612546325 0.5
    vertex 12.650768448035224 30.242454612546325 7
    vertex 12.911280471467654 29.723732525683484 0.5
  endloop
endfacet
facet normal 0.973044870579824 0.23061587074243975 0
  outer loop
    vertex 12.516904105645137 30.807272685547424 0.5
    vertex 12.650768448035224 30.242454612546325 7
    vertex 12.650768448035224 30.242454612546325 0.5
  endloop
endfacet
facet normal 0.973044870579824 0.23061587074243975 0
  outer loop
    vertex 12.516904105645137 30.807272685547424 0.5
    vertex 12.516904105645137 30.807272685547424 7
    vertex 12.650768448035224 30.242454612546325 7
  endloop
endfacet
facet normal 1 0 0
  outer loop
    vertex 12.516904105645137 31.387737256173573 0.5
    vertex 12.516904105645137 30.807272685547424 7
    vertex 12.516904105645137 30.807272685547424 0.5
  endloop
endfacet
facet normal 1 0 0
  outer loop
    vertex 12.516904105645137 31.387737256173573 0.5
    vertex 12.516904105645137 31.387737256173573 7
    vertex 12.516904105645137 30.807272685547424 7
  endloop
endfacet
facet normal 0.9730448705798247 -0.23061587074243683 0
  outer loop
    vertex 12.650768448035222 31.952555329174672 0.5
    vertex 12.516904105645137 31.387737256173573 7
    vertex 12.516904105645137 31.387737256173573 0.5
  endloop
endfacet
facet normal 0.9730448705798247 -0.23061587074243683 0
  outer loop
    vertex 12.650768448035222 31.952555329174672 0.5
    vertex 12.650768448035222 31.952555329174672 7
    vertex 12.516904105645137 31.387737256173573 7
  endloop
endfacet
facet normal 0.8936326403234116 -0.44879918020046344 0
  outer loop
    vertex 12.650768448035222 31.952555329174672 0.5
    vertex 12.911280471467654 32.471277416037516 7
    vertex 12.650768448035222 31.952555329174672 7
  endloop
endfacet
facet normal 0.8936326403234116 -0.44879918020046344 0
  outer loop
    vertex 12.911280471467654 32.471277416037516 0.5
    vertex 12.911280471467654 32.471277416037516 7
    vertex 12.650768448035222 31.952555329174672 0.5
  endloop
endfacet
facet normal 0.7660444431189781 -0.6427876096865394 0
  outer loop
    vertex 13.28439590532816 32.91593907479312 0.5
    vertex 12.911280471467654 32.471277416037516 7
    vertex 12.911280471467654 32.471277416037516 0.5
  endloop
endfacet
facet normal 0.7660444431189781 -0.6427876096865394 0
  outer loop
    vertex 13.28439590532816 32.91593907479312 0.5
    vertex 13.28439590532816 32.91593907479312 7
    vertex 12.911280471467654 32.471277416037516 7
  endloop
endfacet
facet normal 0.5971585917027876 -0.8021231927550425 0
  outer loop
    vertex 13.749999999999993 33.2625684803216 0.5
    vertex 13.28439590532816 32.91593907479312 7
    vertex 13.28439590532816 32.91593907479312 0.5
  endloop
endfacet
facet normal 0.5971585917027876 -0.8021231927550425 0
  outer loop
    vertex 13.749999999999993 33.2625684803216 0.5
    vertex 13.749999999999993 33.2625684803216 7
    vertex 13.28439590532816 32.91593907479312 7
  endloop
endfacet
facet normal 0.3960797660391558 -0.9182161068802746 0
  outer loop
    vertex 14.282991918222269 33.49247875164922 0.5
    vertex 13.749999999999993 33.2625684803216 7
    vertex 13.749999999999993 33.2625684803216 0.5
  endloop
endfacet
facet normal 0.3960797660391558 -0.9182161068802746 0
  outer loop
    vertex 14.282991918222269 33.49247875164922 0.5
    vertex 14.282991918222269 33.49247875164922 7
    vertex 13.749999999999993 33.2625684803216 7
  endloop
endfacet
facet normal 0.1736481776669281 -0.9848077530122085 0
  outer loop
    vertex 14.282991918222269 33.49247875164922 0.5
    vertex 14.854637927723804 33.59327536653867 7
    vertex 14.282991918222269 33.49247875164922 7
  endloop
endfacet
facet normal 0.1736481776669281 -0.9848077530122085 0
  outer loop
    vertex 14.854637927723804 33.59327536653867 0.5
    vertex 14.854637927723804 33.59327536653867 7
    vertex 14.282991918222269 33.49247875164922 0.5
  endloop
endfacet
facet normal -0.05814482891047619 -0.9983081582712684 0
  outer loop
    vertex 15.43412044416732 33.55952435339102 0.5
    vertex 14.854637927723804 33.59327536653867 7
    vertex 14.854637927723804 33.59327536653867 0.5
  endloop
endfacet
facet normal -0.05814482891047619 -0.9983081582712684 0
  outer loop
    vertex 15.43412044416732 33.55952435339102 0.5
    vertex 15.43412044416732 33.55952435339102 7
    vertex 14.854637927723804 33.59327536653867 7
  endloop
endfacet
facet normal -0.28680323271109087 -0.9579895123154888 0
  outer loop
    vertex 15.990199415097885 33.393045238061184 0.5
    vertex 15.43412044416732 33.55952435339102 7
    vertex 15.43412044416732 33.55952435339102 0.5
  endloop
endfacet
facet normal -0.28680323271109087 -0.9579895123154888 0
  outer loop
    vertex 15.990199415097885 33.393045238061184 0.5
    vertex 15.990199415097885 33.393045238061184 7
    vertex 15.43412044416732 33.55952435339102 7
  endloop
endfacet
facet normal -0.49999999999999756 -0.8660254037844399 0
  outer loop
    vertex 16.49289647925696 33.10281295274811 0.5
    vertex 15.990199415097885 33.393045238061184 7
    vertex 15.990199415097885 33.393045238061184 0.5
  endloop
endfacet
facet normal -0.49999999999999756 -0.8660254037844399 0
  outer loop
    vertex 16.49289647925696 33.10281295274811 0.5
    vertex 16.49289647925696 33.10281295274811 7
    vertex 15.990199415097885 33.393045238061184 7
  endloop
endfacet
facet normal -0.6862416378687355 -0.727373641573047 0
  outer loop
    vertex 16.49289647925696 33.10281295274811 0.5
    vertex 16.91511110779744 32.704473995076846 7
    vertex 16.49289647925696 33.10281295274811 7
  endloop
endfacet
facet normal -0.6862416378687355 -0.727373641573047 0
  outer loop
    vertex 16.91511110779744 32.704473995076846 0.5
    vertex 16.91511110779744 32.704473995076846 7
    vertex 16.49289647925696 33.10281295274811 0.5
  endloop
endfacet
facet normal -0.8354878114129362 -0.5495089780708063 0
  outer loop
    vertex 17.234081600808526 32.21950292136165 0.5
    vertex 17.234081600808526 32.21950292136165 7
    vertex 16.91511110779744 32.704473995076846 7
  endloop
endfacet
facet normal -0.9396926207859096 -0.3420201433256656 0
  outer loop
    vertex 17.234081600808526 32.21950292136165 0.5
    vertex 17.432612176449553 31.6740446477166 7
    vertex 17.234081600808526 32.21950292136165 7
  endloop
endfacet
facet normal -0.8354878114129362 -0.5495089780708063 0
  outer loop
    vertex 17.234081600808526 32.21950292136165 0.5
    vertex 16.91511110779744 32.704473995076846 7
    vertex 16.91511110779744 32.704473995076846 0.5
  endloop
endfacet
facet normal -0.9396926207859096 -0.3420201433256656 0
  outer loop
    vertex 17.432612176449553 31.6740446477166 0.5
    vertex 17.432612176449553 31.6740446477166 7
    vertex 17.234081600808526 32.21950292136165 0.5
  endloop
endfacet
facet normal -0.9932383577419429 -0.11609291412523018 0
  outer loop
    vertex 17.499999999999993 31.0975049708605 0.5
    vertex 17.499999999999993 31.0975049708605 7
    vertex 17.432612176449553 31.6740446477166 7
  endloop
endfacet
facet normal -0.9932383577419429 -0.11609291412523018 0
  outer loop
    vertex 17.499999999999993 31.0975049708605 0.5
    vertex 17.432612176449553 31.6740446477166 7
    vertex 17.432612176449553 31.6740446477166 0.5
  endloop
endfacet
facet normal 0 0 -0.9999999999999999
  outer loop
    vertex 30 62.195009941721 5
    vertex 30 61.507597570021 5
    vertex 27.990140682897 62.195009941721 5
  endloop
endfacet
facet normal 0 1 0
  outer loop
    vertex 0 62.195009941721 0
    vertex 27.990140682897 62.195009941721 5
    vertex 27.990140682897 62.195009941721 0
  endloop
endfacet
facet normal 0 1 0
  outer loop
    vertex 0 62.195009941721 0
    vertex 0 62.195009941721 5
    vertex 27.990140682897 62.195009941721 5
  endloop
endfacet
facet normal 0 0 -1
  outer loop
    vertex 30 0.6874123717 5
    vertex 30 0 5
    vertex 27.990140682897 0 5
  endloop
endfacet
facet normal 1 0 0
  outer loop
    vertex 30 1.507597570021 0
    vertex 30 0.6874123717 5
    vertex 30 0.6874123717 0
  endloop
endfacet
facet normal 1 0 0
  outer loop
    vertex 30 1.507597570021 0
    vertex 30 1.507597570021 5
    vertex 30 0.6874123717 5
  endloop
endfacet
facet normal 0 0 -1
  outer loop
    vertex 30 3.6874123717 5
    vertex 30 1.507597570021 5
    vertex 27.990140682897 2.195009941721 5
  endloop
endfacet
facet normal 0 0 -1
  outer loop
    vertex 30 3.6874123717 5
    vertex 27.990140682897 2.195009941721 5
    vertex 27.990140682897 3 5
  endloop
endfacet
facet normal 1 0 0
  outer loop
    vertex 30 4.507597570021 0
    vertex 30 3.6874123717 5
    vertex 30 3.6874123717 0
  endloop
endfacet
facet normal 1 0 0
  outer loop
    vertex 30 4.507597570021 0
    vertex 30 4.507597570021 5
    vertex 30 3.6874123717 5
  endloop
endfacet
facet normal 1 0 0
  outer loop
    vertex 30 61.507597570021 0
    vertex 30 60.6874123717 5
    vertex 30 60.6874123717 0
  endloop
endfacet
facet normal 1 0 0
  outer loop
    vertex 30 61.507597570021 0
    vertex 30 61.507597570021 5
    vertex 30 60.6874123717 5
  endloop
endfacet
facet normal 0 0 -1
  outer loop
    vertex 30 6.6874123717 5
    vertex 30 4.507597570021 5
    vertex 27.990140682897 5.195009941721 5
  endloop
endfacet
facet normal 0 0 -1
  outer loop
    vertex 30 6.6874123717 5
    vertex 27.990140682897 5.195009941721 5
    vertex 27.990140682897 6 5
  endloop
endfacet
facet normal 0 0 -0.9999999999999999
  outer loop
    vertex 30 60.6874123717 5
    vertex 27.990140682897 59.195009941721 5
    vertex 27.990140682897 60 5
  endloop
endfacet
facet normal 0 0 -1
  outer loop
    vertex 30 60.6874123717 5
    vertex 30 58.507597570021 5
    vertex 27.990140682897 59.195009941721 5
  endloop
endfacet
facet normal 1 0 0
  outer loop
    vertex 30 7.507597570021 0
    vertex 30 6.6874123717 5
    vertex 30 6.6874123717 0
  endloop
endfacet
facet normal 1 0 0
  outer loop
    vertex 30 7.507597570021 0
    vertex 30 7.507597570021 5
    vertex 30 6.6874123717 5
  endloop
endfacet
facet normal 1 0 0
  outer loop
    vertex 30 58.507597570021 0
    vertex 30 57.6874123717 5
    vertex 30 57.6874123717 0
  endloop
endfacet
facet normal 1 0 0
  outer loop
    vertex 30 58.507597570021 0
    vertex 30 58.507597570021 5
    vertex 30 57.6874123717 5
  endloop
endfacet
facet normal 0 0 -1
  outer loop
    vertex 30 7.507597570021 5
    vertex 27.990140682897 8.195009941721 5
    vertex 27.990140682897 9 5
  endloop
endfacet
facet normal 0 0 -1
  outer loop
    vertex 30 9.6874123717 5
    vertex 30 7.507597570021 5
    vertex 27.990140682897 9 5
  endloop
endfacet
facet normal 0 0 -0.9999999999999999
  outer loop
    vertex 30 57.6874123717 5
    vertex 27.990140682897 56.195009941721 5
    vertex 27.990140682897 57 5
  endloop
endfacet
facet normal 0 0 -1
  outer loop
    vertex 30 57.6874123717 5
    vertex 30 55.507597570021 5
    vertex 27.990140682897 56.195009941721 5
  endloop
endfacet
facet normal 1 0 0
  outer loop
    vertex 30 10.507597570021 0
    vertex 30 9.6874123717 5
    vertex 30 9.6874123717 0
  endloop
endfacet
facet normal 1 0 0
  outer loop
    vertex 30 10.507597570021 0
    vertex 30 10.507597570021 5
    vertex 30 9.6874123717 5
  endloop
endfacet
facet normal 1 0 0
  outer loop
    vertex 30 55.507597570021 0
    vertex 30 54.6874123717 5
    vertex 30 54.6874123717 0
  endloop
endfacet
facet normal 1 0 0
  outer loop
    vertex 30 55.507597570021 0
    vertex 30 55.507597570021 5
    vertex 30 54.6874123717 5
  endloop
endfacet
facet normal 0 0 -1
  outer loop
    vertex 30 10.507597570021 5
    vertex 27.990140682897 11.195009941721 5
    vertex 27.990140682897 12 5
  endloop
endfacet
facet normal 0 0 -1
  outer loop
    vertex 30 12.6874123717 5
    vertex 30 10.507597570021 5
    vertex 27.990140682897 12 5
  endloop
endfacet
facet normal 0 0 -0.9999999999999999
  outer loop
    vertex 30 54.6874123717 5
    vertex 27.990140682897 53.195009941721 5
    vertex 27.990140682897 54 5
  endloop
endfacet
facet normal 0 0 -1
  outer loop
    vertex 30 54.6874123717 5
    vertex 30 52.507597570021 5
    vertex 27.990140682897 53.195009941721 5
  endloop
endfacet
facet normal 1 0 0
  outer loop
    vertex 30 13.507597570021 0
    vertex 30 12.6874123717 5
    vertex 30 12.6874123717 0
  endloop
endfacet
facet normal 1 0 0
  outer loop
    vertex 30 13.507597570021 0
    vertex 30 13.507597570021 5
    vertex 30 12.6874123717 5
  endloop
endfacet
facet normal 1 0 0
  outer loop
    vertex 30 52.507597570021 0
    vertex 30 51.6874123717 5
    vertex 30 51.6874123717 0
  endloop
endfacet
facet normal 1 0 0
  outer loop
    vertex 30 52.507597570021 0
    vertex 30 52.507597570021 5
    vertex 30 51.6874123717 5
  endloop
endfacet
facet normal 0 0 -1
  outer loop
    vertex 30 13.507597570021 5
    vertex 27.990140682897 14.195009941721 5
    vertex 27.990140682897 15 5
  endloop
endfacet
facet normal 0 0 -1
  outer loop
    vertex 30 15.6874123717 5
    vertex 30 13.507597570021 5
    vertex 27.990140682897 15 5
  endloop
endfacet
facet normal 0 0 -0.9999999999999999
  outer loop
    vertex 30 51.6874123717 5
    vertex 27.990140682897 50.195009941721 5
    vertex 27.990140682897 51 5
  endloop
endfacet
facet normal 0 0 -1
  outer loop
    vertex 30 51.6874123717 5
    vertex 30 49.507597570021 5
    vertex 27.990140682897 50.195009941721 5
  endloop
endfacet
facet normal 1 0 0
  outer loop
    vertex 30 16.507597570021 0
    vertex 30 15.6874123717 5
    vertex 30 15.6874123717 0
  endloop
endfacet
facet normal 1 0 0
  outer loop
    vertex 30 16.507597570021 0
    vertex 30 16.507597570021 5
    vertex 30 15.6874123717 5
  endloop
endfacet
facet normal 1 0 0
  outer loop
    vertex 30 49.507597570021 0
    vertex 30 48.6874123717 5
    vertex 30 48.6874123717 0
  endloop
endfacet
facet normal 1 0 0
  outer loop
    vertex 30 49.507597570021 0
    vertex 30 49.507597570021 5
    vertex 30 48.6874123717 5
  endloop
endfacet
facet normal 0 0 -1
  outer loop
    vertex 30 18.6874123717 5
    vertex 30 16.507597570021 5
    vertex 27.990140682897 17.195009941721 5
  endloop
endfacet
facet normal 0 0 -1
  outer loop
    vertex 30 18.6874123717 5
    vertex 27.990140682897 17.195009941721 5
    vertex 27.990140682897 18 5
  endloop
endfacet
facet normal 0 0 -0.9999999999999999
  outer loop
    vertex 30 48.6874123717 5
    vertex 27.990140682897 47.195009941721 5
    vertex 27.990140682897 48 5
  endloop
endfacet
facet normal 0 0 -1
  outer loop
    vertex 30 48.6874123717 5
    vertex 30 46.507597570021 5
    vertex 27.990140682897 47.195009941721 5
  endloop
endfacet
facet normal 1 0 0
  outer loop
    vertex 30 19.507597570021 0
    vertex 30 18.6874123717 5
    vertex 30 18.6874123717 0
  endloop
endfacet
facet normal 1 0 0
  outer loop
    vertex 30 19.507597570021 0
    vertex 30 19.507597570021 5
    vertex 30 18.6874123717 5
  endloop
endfacet
facet normal 1 0 0
  outer loop
    vertex 30 46.507597570021 0
    vertex 30 45.6874123717 5
    vertex 30 45.6874123717 0
  endloop
endfacet
facet normal 1 0 0
  outer loop
    vertex 30 46.507597570021 0
    vertex 30 46.507597570021 5
    vertex 30 45.6874123717 5
  endloop
endfacet
facet normal 0 0 -1
  outer loop
    vertex 30 21.6874123717 5
    vertex 30 19.507597570021 5
    vertex 27.990140682897 20.195009941721 5
  endloop
endfacet
facet normal 0 0 -1
  outer loop
    vertex 30 21.6874123717 5
    vertex 27.990140682897 20.195009941721 5
    vertex 27.990140682897 21 5
  endloop
endfacet
facet normal 0 0 -0.9999999999999999
  outer loop
    vertex 30 45.6874123717 5
    vertex 27.990140682897 44.195009941721 5
    vertex 27.990140682897 45 5
  endloop
endfacet
facet normal 0 0 -1
  outer loop
    vertex 30 45.6874123717 5
    vertex 30 43.507597570021 5
    vertex 27.990140682897 44.195009941721 5
  endloop
endfacet
facet normal 1 0 0
  outer loop
    vertex 30 22.507597570021 0
    vertex 30 21.6874123717 5
    vertex 30 21.6874123717 0
  endloop
endfacet
facet normal 1 0 0
  outer loop
    vertex 30 22.507597570021 0
    vertex 30 22.507597570021 5
    vertex 30 21.6874123717 5
  endloop
endfacet
facet normal 1 0 0
  outer loop
    vertex 30 43.507597570021 0
    vertex 30 42.6874123717 5
    vertex 30 42.6874123717 0
  endloop
endfacet
facet normal 1 0 0
  outer loop
    vertex 30 43.507597570021 0
    vertex 30 43.507597570021 5
    vertex 30 42.6874123717 5
  endloop
endfacet
facet normal 0 0 -1
  outer loop
    vertex 30 24.6874123717 5
    vertex 30 22.507597570021 5
    vertex 27.990140682897 23.195009941721 5
  endloop
endfacet
facet normal 0 0 -1
  outer loop
    vertex 30 24.6874123717 5
    vertex 27.990140682897 23.195009941721 5
    vertex 27.990140682897 24 5
  endloop
endfacet
facet normal 0 0 -0.9999999999999999
  outer loop
    vertex 30 42.6874123717 5
    vertex 27.990140682897 41.195009941721 5
    vertex 27.990140682897 42 5
  endloop
endfacet
facet normal 0 0 -1
  outer loop
    vertex 30 42.6874123717 5
    vertex 30 40.507597570021 5
    vertex 27.990140682897 41.195009941721 5
  endloop
endfacet
facet normal 1 0 0
  outer loop
    vertex 30 25.507597570021 0
    vertex 30 24.6874123717 5
    vertex 30 24.6874123717 0
  endloop
endfacet
facet normal 1 0 0
  outer loop
    vertex 30 25.507597570021 0
    vertex 30 25.507597570021 5
    vertex 30 24.6874123717 5
  endloop
endfacet
facet normal 1 0 0
  outer loop
    vertex 30 40.507597570021 0
    vertex 30 39.6874123717 5
    vertex 30 39.6874123717 0
  endloop
endfacet
facet normal 1 0 0
  outer loop
    vertex 30 40.507597570021 0
    vertex 30 40.507597570021 5
    vertex 30 39.6874123717 5
  endloop
endfacet
facet normal 0 0 -1
  outer loop
    vertex 30 27.6874123717 5
    vertex 30 25.507597570021 5
    vertex 27.990140682897 26.195009941721 5
  endloop
endfacet
facet normal 0 0 -1
  outer loop
    vertex 30 27.6874123717 5
    vertex 27.990140682897 26.195009941721 5
    vertex 27.990140682897 27 5
  endloop
endfacet
facet normal 0 0 -0.9999999999999999
  outer loop
    vertex 30 39.6874123717 5
    vertex 27.990140682897 38.195009941721 5
    vertex 27.990140682897 39 5
  endloop
endfacet
facet normal 0 0 -1
  outer loop
    vertex 30 39.6874123717 5
    vertex 30 37.507597570021 5
    vertex 27.990140682897 38.195009941721 5
  endloop
endfacet
facet normal 1 0 0
  outer loop
    vertex 30 28.507597570021 0
    vertex 30 27.6874123717 5
    vertex 30 27.6874123717 0
  endloop
endfacet
facet normal 1 0 0
  outer loop
    vertex 30 28.507597570021 0
    vertex 30 28.507597570021 5
    vertex 30 27.6874123717 5
  endloop
endfacet
facet normal 1 0 0
  outer loop
    vertex 30 37.507597570021 0
    vertex 30 36.6874123717 5
    vertex 30 36.6874123717 0
  endloop
endfacet
facet normal 1 0 0
  outer loop
    vertex 30 37.507597570021 0
    vertex 30 37.507597570021 5
    vertex 30 36.6874123717 5
  endloop
endfacet
facet normal 0 0 -1
  outer loop
    vertex 30 30.6874123717 5
    vertex 27.990140682897 29.195009941721 5
    vertex 27.990140682897 30 5
  endloop
endfacet
facet normal 0 0 -1
  outer loop
    vertex 30 30.6874123717 5
    vertex 30 28.507597570021 5
    vertex 27.990140682897 29.195009941721 5
  endloop
endfacet
facet normal 0 0 -0.9999999999999999
  outer loop
    vertex 30 36.6874123717 5
    vertex 27.990140682897 35.195009941721 5
    vertex 27.990140682897 36 5
  endloop
endfacet
facet normal 0 0 -1
  outer loop
    vertex 30 36.6874123717 5
    vertex 30 34.507597570021 5
    vertex 27.990140682897 35.195009941721 5
  endloop
endfacet
facet normal 1 0 0
  outer loop
    vertex 30 31.507597570021 0
    vertex 30 30.6874123717 5
    vertex 30 30.6874123717 0
  endloop
endfacet
facet normal 1 0 0
  outer loop
    vertex 30 31.507597570021 0
    vertex 30 31.507597570021 5
    vertex 30 30.6874123717 5
  endloop
endfacet
facet normal 1 0 0
  outer loop
    vertex 30 34.507597570021 0
    vertex 30 33.6874123717 5
    vertex 30 33.6874123717 0
  endloop
endfacet
facet normal 1 0 0
  outer loop
    vertex 30 34.507597570021 0
    vertex 30 34.507597570021 5
    vertex 30 33.6874123717 5
  endloop
endfacet
facet normal 0 0 -0.9999999999999999
  outer loop
    vertex 30 31.507597570021 5
    vertex 27.990140682897 32.195009941721 5
    vertex 27.990140682897 33 5
  endloop
endfacet
facet normal 0 0 -1
  outer loop
    vertex 30 33.6874123717 5
    vertex 30 31.507597570021 5
    vertex 27.990140682897 33 5
  endloop
endfacet
facet normal -1 0 0
  outer loop
    vertex 0 0 0
    vertex 0 62.195009941721 5
    vertex 0 62.195009941721 0
  endloop
endfacet
facet normal -1 0 0
  outer loop
    vertex 0 0 0
    vertex 0 0 5
    vertex 0 62.195009941721 5
  endloop
endfacet
facet normal 0 -1 0
  outer loop
    vertex 27.990140682897 0 0
    vertex 0 0 5
    vertex 0 0 0
  endloop
endfacet
facet normal 0 -1 0
  outer loop
    vertex 27.990140682897 0 0
    vertex 27.990140682897 0 5
    vertex 0 0 5
  endloop
endfacet
facet normal 0 0 -1
  outer loop
    vertex 12.911280471467654 29.723732525683484 0.5
    vertex 13.28439590532816 29.279070866927878 0.5
    vertex 9.999999999999998 21.0975049708605 0.5
  endloop
endfacet
facet normal 0 0 -1
  outer loop
    vertex 13.749999999999995 28.932441461399403 0.5
    vertex 9.999999999999998 21.0975049708605 0.5
    vertex 13.28439590532816 29.279070866927878 0.5
  endloop
endfacet
facet normal 0 0 -0.9999999999999999
  outer loop
    vertex 12.650768448035224 30.242454612546325 0.5
    vertex 12.911280471467654 29.723732525683484 0.5
    vertex 9.999999999999998 21.0975049708605 0.5
  endloop
endfacet
facet normal 0 0 -1
  outer loop
    vertex 14.282991918222269 28.702531190071777 0.5
    vertex 9.999999999999998 21.0975049708605 0.5
    vertex 13.749999999999995 28.932441461399403 0.5
  endloop
endfacet
facet normal 0 0 -1
  outer loop
    vertex 12.516904105645137 30.807272685547424 0.5
    vertex 12.650768448035224 30.242454612546325 0.5
    vertex 9.999999999999998 21.0975049708605 0.5
  endloop
endfacet
facet normal 0 0 -1
  outer loop
    vertex 14.854637927723806 28.601734575182327 0.5
    vertex 19.999999999999996 21.0975049708605 0.5
    vertex 9.999999999999998 21.0975049708605 0.5
  endloop
endfacet
facet normal 0 0 -1
  outer loop
    vertex 14.854637927723806 28.601734575182327 0.5
    vertex 9.999999999999998 21.0975049708605 0.5
    vertex 14.282991918222269 28.702531190071777 0.5
  endloop
endfacet
facet normal 0 0 -1
  outer loop
    vertex 15.43412044416732 28.635485588329978 0.5
    vertex 19.999999999999996 21.0975049708605 0.5
    vertex 14.854637927723806 28.601734575182327 0.5
  endloop
endfacet
facet normal 0 0 -1
  outer loop
    vertex 15.990199415097887 28.801964703659813 0.5
    vertex 19.999999999999996 21.0975049708605 0.5
    vertex 15.43412044416732 28.635485588329978 0.5
  endloop
endfacet
facet normal 0 0 -1
  outer loop
    vertex 16.49289647925696 29.09219698897289 0.5
    vertex 19.999999999999996 21.0975049708605 0.5
    vertex 15.990199415097887 28.801964703659813 0.5
  endloop
endfacet
facet normal 0 0 -1
  outer loop
    vertex 16.91511110779744 29.49053594664415 0.5
    vertex 19.999999999999996 21.0975049708605 0.5
    vertex 16.49289647925696 29.09219698897289 0.5
  endloop
endfacet
facet normal 0 0 -1
  outer loop
    vertex 17.234081600808526 29.975507020359345 0.5
    vertex 19.999999999999996 21.0975049708605 0.5
    vertex 16.91511110779744 29.49053594664415 0.5
  endloop
endfacet
facet normal 0 0 -1
  outer loop
    vertex 17.432612176449553 30.520965294004398 0.5
    vertex 19.999999999999996 21.0975049708605 0.5
    vertex 17.234081600808526 29.975507020359345 0.5
  endloop
endfacet
facet normal 0 0 -1
  outer loop
    vertex 17.499999999999993 31.0975049708605 0.5
    vertex 19.999999999999996 21.0975049708605 0.5
    vertex 17.432612176449553 30.520965294004398 0.5
  endloop
endfacet
facet normal 0 0 -1
  outer loop
    vertex 9.999999999999998 41.0975049708605 0.5
    vertex 12.516904105645137 31.387737256173573 0.5
    vertex 12.516904105645137 30.807272685547424 0.5
  endloop
endfacet
facet normal 0 0 -0.9999999999999999
  outer loop
    vertex 9.999999999999998 41.0975049708605 0.5
    vertex 12.650768448035222 31.952555329174672 0.5
    vertex 12.516904105645137 31.387737256173573 0.5
  endloop
endfacet
facet normal 0 0 -1
  outer loop
    vertex 9.999999999999998 41.0975049708605 0.5
    vertex 12.911280471467654 32.471277416037516 0.5
    vertex 12.650768448035222 31.952555329174672 0.5
  endloop
endfacet
facet normal 0 0 -1
  outer loop
    vertex 9.999999999999998 41.0975049708605 0.5
    vertex 13.28439590532816 32.91593907479312 0.5
    vertex 12.911280471467654 32.471277416037516 0.5
  endloop
endfacet
facet normal 0 0 -1
  outer loop
    vertex 9.999999999999998 41.0975049708605 0.5
    vertex 13.749999999999993 33.2625684803216 0.5
    vertex 13.28439590532816 32.91593907479312 0.5
  endloop
endfacet
facet normal 0 0 -1
  outer loop
    vertex 9.999999999999998 41.0975049708605 0.5
    vertex 14.282991918222269 33.49247875164922 0.5
    vertex 13.749999999999993 33.2625684803216 0.5
  endloop
endfacet
facet normal 0 0 -1
  outer loop
    vertex 9.999999999999998 41.0975049708605 0.5
    vertex 14.854637927723804 33.59327536653867 0.5
    vertex 14.282991918222269 33.49247875164922 0.5
  endloop
endfacet
facet normal 0 0 -1
  outer loop
    vertex 9.999999999999998 41.0975049708605 0.5
    vertex 12.516904105645137 30.807272685547424 0.5
    vertex 9.999999999999998 21.0975049708605 0.5
  endloop
endfacet
facet normal 0 0 -1
  outer loop
    vertex 19.999999999999996 41.0975049708605 0.5
    vertex 15.43412044416732 33.55952435339102 0.5
    vertex 14.854637927723804 33.59327536653867 0.5
  endloop
endfacet
facet normal 0 0 -0.9999999999999999
  outer loop
    vertex 19.999999999999996 41.0975049708605 0.5
    vertex 15.990199415097885 33.393045238061184 0.5
    vertex 15.43412044416732 33.55952435339102 0.5
  endloop
endfacet
facet normal 0 0 -1
  outer loop
    vertex 19.999999999999996 41.0975049708605 0.5
    vertex 16.49289647925696 33.10281295274811 0.5
    vertex 15.990199415097885 33.393045238061184 0.5
  endloop
endfacet
facet normal 0 0 -1
  outer loop
    vertex 19.999999999999996 41.0975049708605 0.5
    vertex 16.91511110779744 32.704473995076846 0.5
    vertex 16.49289647925696 33.10281295274811 0.5
  endloop
endfacet
facet normal 0 0 -1
  outer loop
    vertex 19.999999999999996 41.0975049708605 0.5
    vertex 17.234081600808526 32.21950292136165 0.5
    vertex 16.91511110779744 32.704473995076846 0.5
  endloop
endfacet
facet normal 0 0 -1
  outer loop
    vertex 19.999999999999996 41.0975049708605 0.5
    vertex 17.432612176449553 31.6740446477166 0.5
    vertex 17.234081600808526 32.21950292136165 0.5
  endloop
endfacet
facet normal 0 0 -1
  outer loop
    vertex 19.999999999999996 41.0975049708605 0.5
    vertex 17.499999999999993 31.0975049708605 0.5
    vertex 17.432612176449553 31.6740446477166 0.5
  endloop
endfacet
facet normal 0 0 -1
  outer loop
    vertex 19.999999999999996 41.0975049708605 0.5
    vertex 19.999999999999996 21.0975049708605 0.5
    vertex 17.499999999999993 31.0975049708605 0.5
  endloop
endfacet
facet normal 0 0 -1
  outer loop
    vertex 19.999999999999996 41.0975049708605 0.5
    vertex 14.854637927723804 33.59327536653867 0.5
    vertex 9.999999999999998 41.0975049708605 0.5
  endloop
endfacet
facet normal 0.32361557711818467 0.9461886483394653 0
  outer loop
    vertex 27.990140682897 62.195009941721 0
    vertex 30 61.507597570021 5
    vertex 30 61.507597570021 0
  endloop
endfacet
facet normal 0.32361557711818467 0.9461886483394653 0
  outer loop
    vertex 27.990140682897 62.195009941721 0
    vertex 27.990140682897 62.195009941721 5
    vertex 30 61.507597570021 5
  endloop
endfacet
facet normal 0 0 -1
  outer loop
    vertex 27.990140682897 2.195009941721 0
    vertex 27.990140682897 0 0
    vertex 0 0 0
  endloop
endfacet
facet normal 0 0 -0.9999999999999999
  outer loop
    vertex 27.990140682897 3 0
    vertex 27.990140682897 2.195009941721 0
    vertex 0 0 0
  endloop
endfacet
facet normal 0 0 -1
  outer loop
    vertex 30 1.507597570021 0
    vertex 30 0.6874123717 0
    vertex 27.990140682897 0 0
  endloop
endfacet
facet normal 0 0 -1
  outer loop
    vertex 30 1.507597570021 0
    vertex 27.990140682897 0 0
    vertex 27.990140682897 2.195009941721 0
  endloop
endfacet
facet normal 0 0 -1
  outer loop
    vertex 27.990140682897 5.195009941721 0
    vertex 27.990140682897 3 0
    vertex 0 0 0
  endloop
endfacet
facet normal 0 0 -1
  outer loop
    vertex 27.990140682897 6 0
    vertex 0 0 0
    vertex 9.999999999999998 21.0975049708605 0
  endloop
endfacet
facet normal 0 0 -0.9999999999999999
  outer loop
    vertex 27.990140682897 6 0
    vertex 27.990140682897 5.195009941721 0
    vertex 0 0 0
  endloop
endfacet
facet normal 0 0 -1
  outer loop
    vertex 30 4.507597570021 0
    vertex 30 3.6874123717 0
    vertex 27.990140682897 3 0
  endloop
endfacet
facet normal 0 0 -0.9999999999999999
  outer loop
    vertex 30 4.507597570021 0
    vertex 27.990140682897 3 0
    vertex 27.990140682897 5.195009941721 0
  endloop
endfacet
facet normal 0 0 -1
  outer loop
    vertex 27.990140682897 8.195009941721 0
    vertex 27.990140682897 6 0
    vertex 9.999999999999998 21.0975049708605 0
  endloop
endfacet
facet normal 0 0 -1
  outer loop
    vertex 30 6.6874123717 0
    vertex 27.990140682897 6 0
    vertex 27.990140682897 8.195009941721 0
  endloop
endfacet
facet normal 0 0 -1
  outer loop
    vertex 27.990140682897 9 0
    vertex 27.990140682897 8.195009941721 0
    vertex 9.999999999999998 21.0975049708605 0
  endloop
endfacet
facet normal 0 0 -1
  outer loop
    vertex 30 7.507597570021 0
    vertex 30 6.6874123717 0
    vertex 27.990140682897 8.195009941721 0
  endloop
endfacet
facet normal 0 0 -1
  outer loop
    vertex 30 9.6874123717 0
    vertex 27.990140682897 9 0
    vertex 27.990140682897 11.195009941721 0
  endloop
endfacet
facet normal 0 0 -1
  outer loop
    vertex 30 10.507597570021 0
    vertex 30 9.6874123717 0
    vertex 27.990140682897 11.195009941721 0
  endloop
endfacet
facet normal 0 0 -1
  outer loop
    vertex 19.999999999999996 21.0975049708605 0
    vertex 27.990140682897 12 0
    vertex 27.990140682897 11.195009941721 0
  endloop
endfacet
facet normal 0 0 -1
  outer loop
    vertex 19.999999999999996 21.0975049708605 0
    vertex 27.990140682897 9 0
    vertex 9.999999999999998 21.0975049708605 0
  endloop
endfacet
facet normal 0 0 -1
  outer loop
    vertex 19.999999999999996 21.0975049708605 0
    vertex 27.990140682897 11.195009941721 0
    vertex 27.990140682897 9 0
  endloop
endfacet
facet normal 0 0 -1
  outer loop
    vertex 27.990140682897 14.195009941721 0
    vertex 27.990140682897 12 0
    vertex 19.999999999999996 21.0975049708605 0
  endloop
endfacet
facet normal 0 0 -1
  outer loop
    vertex 30 12.6874123717 0
    vertex 27.990140682897 12 0
    vertex 27.990140682897 14.195009941721 0
  endloop
endfacet
facet normal 0 0 -1
  outer loop
    vertex 27.990140682897 15 0
    vertex 27.990140682897 14.195009941721 0
    vertex 19.999999999999996 21.0975049708605 0
  endloop
endfacet
facet normal 0 0 -1
  outer loop
    vertex 30 13.507597570021 0
    vertex 30 12.6874123717 0
    vertex 27.990140682897 14.195009941721 0
  endloop
endfacet
facet normal 0 0 -1
  outer loop
    vertex 27.990140682897 17.195009941721 0
    vertex 27.990140682897 15 0
    vertex 19.999999999999996 21.0975049708605 0
  endloop
endfacet
facet normal 0 0 -1
  outer loop
    vertex 27.990140682897 18 0
    vertex 27.990140682897 17.195009941721 0
    vertex 19.999999999999996 21.0975049708605 0
  endloop
endfacet
facet normal 0 0 -1
  outer loop
    vertex 30 16.507597570021 0
    vertex 30 15.6874123717 0
    vertex 27.990140682897 15 0
  endloop
endfacet
facet normal 0 0 -1
  outer loop
    vertex 30 16.507597570021 0
    vertex 27.990140682897 15 0
    vertex 27.990140682897 17.195009941721 0
  endloop
endfacet
facet normal 0 0 -1
  outer loop
    vertex 27.990140682897 20.195009941721 0
    vertex 27.990140682897 18 0
    vertex 19.999999999999996 21.0975049708605 0
  endloop
endfacet
facet normal 0 0 -1
  outer loop
    vertex 30 18.6874123717 0
    vertex 27.990140682897 18 0
    vertex 27.990140682897 20.195009941721 0
  endloop
endfacet
facet normal 0 0 -1
  outer loop
    vertex 27.990140682897 21 0
    vertex 27.990140682897 20.195009941721 0
    vertex 19.999999999999996 21.0975049708605 0
  endloop
endfacet
facet normal 0 0 -0.9999999999999999
  outer loop
    vertex 30 19.507597570021 0
    vertex 30 18.6874123717 0
    vertex 27.990140682897 20.195009941721 0
  endloop
endfacet
facet normal 0 0 -1
  outer loop
    vertex 27.990140682897 23.195009941721 0
    vertex 27.990140682897 21 0
    vertex 19.999999999999996 21.0975049708605 0
  endloop
endfacet
facet normal 0 0 -1
  outer loop
    vertex 30 21.6874123717 0
    vertex 27.990140682897 21 0
    vertex 27.990140682897 23.195009941721 0
  endloop
endfacet
facet normal 0 0 -1
  outer loop
    vertex 27.990140682897 24 0
    vertex 27.990140682897 23.195009941721 0
    vertex 19.999999999999996 21.0975049708605 0
  endloop
endfacet
facet normal 0 0 -0.9999999999999999
  outer loop
    vertex 30 22.507597570021 0
    vertex 30 21.6874123717 0
    vertex 27.990140682897 23.195009941721 0
  endloop
endfacet
facet normal 0 0 -1
  outer loop
    vertex 27.990140682897 26.195009941721 0
    vertex 27.990140682897 24 0
    vertex 19.999999999999996 21.0975049708605 0
  endloop
endfacet
facet normal 0 0 -1
  outer loop
    vertex 30 24.6874123717 0
    vertex 27.990140682897 24 0
    vertex 27.990140682897 26.195009941721 0
  endloop
endfacet
facet normal 0 0 -1
  outer loop
    vertex 27.990140682897 27 0
    vertex 27.990140682897 26.195009941721 0
    vertex 19.999999999999996 21.0975049708605 0
  endloop
endfacet
facet normal 0 0 -0.9999999999999999
  outer loop
    vertex 30 25.507597570021 0
    vertex 30 24.6874123717 0
    vertex 27.990140682897 26.195009941721 0
  endloop
endfacet
facet normal 0 0 -1
  outer loop
    vertex 27.990140682897 29.195009941721 0
    vertex 27.990140682897 27 0
    vertex 19.999999999999996 21.0975049708605 0
  endloop
endfacet
facet normal 0 0 -1
  outer loop
    vertex 30 27.6874123717 0
    vertex 27.990140682897 27 0
    vertex 27.990140682897 29.195009941721 0
  endloop
endfacet
facet normal 0 0 -1
  outer loop
    vertex 27.990140682897 30 0
    vertex 27.990140682897 29.195009941721 0
    vertex 19.999999999999996 21.0975049708605 0
  endloop
endfacet
facet normal 0 0 -0.9999999999999999
  outer loop
    vertex 30 28.507597570021 0
    vertex 30 27.6874123717 0
    vertex 27.990140682897 29.195009941721 0
  endloop
endfacet
facet normal 0 0 -1
  outer loop
    vertex 27.990140682897 32.195009941721 0
    vertex 27.990140682897 30 0
    vertex 19.999999999999996 21.0975049708605 0
  endloop
endfacet
facet normal 0 0 -1
  outer loop
    vertex 30 30.6874123717 0
    vertex 27.990140682897 30 0
    vertex 27.990140682897 32.195009941721 0
  endloop
endfacet
facet normal 0 0 -1
  outer loop
    vertex 19.999999999999996 41.0975049708605 0
    vertex 27.990140682897 33 0
    vertex 27.990140682897 32.195009941721 0
  endloop
endfacet
facet normal 0 0 -1
  outer loop
    vertex 19.999999999999996 41.0975049708605 0
    vertex 27.990140682897 32.195009941721 0
    vertex 19.999999999999996 21.0975049708605 0
  endloop
endfacet
facet normal 0 0 -0.9999999999999999
  outer loop
    vertex 30 31.507597570021 0
    vertex 30 30.6874123717 0
    vertex 27.990140682897 32.195009941721 0
  endloop
endfacet
facet normal 0 0 -1
  outer loop
    vertex 0 62.195009941721 0
    vertex 9.999999999999998 21.0975049708605 0
    vertex 0 0 0
  endloop
endfacet
facet normal 0 0 -1
  outer loop
    vertex 0 62.195009941721 0
    vertex 9.999999999999998 41.0975049708605 0
    vertex 9.999999999999998 21.0975049708605 0
  endloop
endfacet
facet normal 0 0 -1
  outer loop
    vertex 27.990140682897 35.195009941721 0
    vertex 27.990140682897 33 0
    vertex 19.999999999999996 41.0975049708605 0
  endloop
endfacet
facet normal 0 0 -1
  outer loop
    vertex 27.990140682897 36 0
    vertex 27.990140682897 35.195009941721 0
    vertex 19.999999999999996 41.0975049708605 0
  endloop
endfacet
facet normal 0 0 -1
  outer loop
    vertex 30 34.507597570021 0
    vertex 30 33.6874123717 0
    vertex 27.990140682897 33 0
  endloop
endfacet
facet normal 0 0 -1
  outer loop
    vertex 30 34.507597570021 0
    vertex 27.990140682897 33 0
    vertex 27.990140682897 35.195009941721 0
  endloop
endfacet
facet normal 0 0 -1
  outer loop
    vertex 27.990140682897 38.195009941721 0
    vertex 27.990140682897 36 0
    vertex 19.999999999999996 41.0975049708605 0
  endloop
endfacet
facet normal 0 0 -1
  outer loop
    vertex 27.990140682897 39 0
    vertex 27.990140682897 38.195009941721 0
    vertex 19.999999999999996 41.0975049708605 0
  endloop
endfacet
facet normal 0 0 -1
  outer loop
    vertex 30 37.507597570021 0
    vertex 27.990140682897 36 0
    vertex 27.990140682897 38.195009941721 0
  endloop
endfacet
facet normal 0 0 -1
  outer loop
    vertex 30 37.507597570021 0
    vertex 30 36.6874123717 0
    vertex 27.990140682897 36 0
  endloop
endfacet
facet normal 0 0 -1
  outer loop
    vertex 27.990140682897 41.195009941721 0
    vertex 27.990140682897 39 0
    vertex 19.999999999999996 41.0975049708605 0
  endloop
endfacet
facet normal 0 0 -1
  outer loop
    vertex 30 39.6874123717 0
    vertex 27.990140682897 39 0
    vertex 27.990140682897 41.195009941721 0
  endloop
endfacet
facet normal 0 0 -1
  outer loop
    vertex 27.990140682897 42 0
    vertex 27.990140682897 41.195009941721 0
    vertex 19.999999999999996 41.0975049708605 0
  endloop
endfacet
facet normal 0 0 -1
  outer loop
    vertex 30 40.507597570021 0
    vertex 30 39.6874123717 0
    vertex 27.990140682897 41.195009941721 0
  endloop
endfacet
facet normal 0 0 -1
  outer loop
    vertex 27.990140682897 44.195009941721 0
    vertex 27.990140682897 42 0
    vertex 19.999999999999996 41.0975049708605 0
  endloop
endfacet
facet normal 0 0 -1
  outer loop
    vertex 27.990140682897 45 0
    vertex 27.990140682897 44.195009941721 0
    vertex 19.999999999999996 41.0975049708605 0
  endloop
endfacet
facet normal 0 0 -1
  outer loop
    vertex 30 43.507597570021 0
    vertex 27.990140682897 42 0
    vertex 27.990140682897 44.195009941721 0
  endloop
endfacet
facet normal 0 0 -1
  outer loop
    vertex 30 43.507597570021 0
    vertex 30 42.6874123717 0
    vertex 27.990140682897 42 0
  endloop
endfacet
facet normal 0 0 -1
  outer loop
    vertex 27.990140682897 47.195009941721 0
    vertex 27.990140682897 45 0
    vertex 19.999999999999996 41.0975049708605 0
  endloop
endfacet
facet normal 0 0 -1
  outer loop
    vertex 27.990140682897 48 0
    vertex 27.990140682897 47.195009941721 0
    vertex 19.999999999999996 41.0975049708605 0
  endloop
endfacet
facet normal 0 0 -1
  outer loop
    vertex 30 46.507597570021 0
    vertex 27.990140682897 45 0
    vertex 27.990140682897 47.195009941721 0
  endloop
endfacet
facet normal 0 0 -1
  outer loop
    vertex 30 46.507597570021 0
    vertex 30 45.6874123717 0
    vertex 27.990140682897 45 0
  endloop
endfacet
facet normal 0 0 -1
  outer loop
    vertex 27.990140682897 50.195009941721 0
    vertex 27.990140682897 48 0
    vertex 19.999999999999996 41.0975049708605 0
  endloop
endfacet
facet normal 0 0 -1
  outer loop
    vertex 27.990140682897 51 0
    vertex 27.990140682897 50.195009941721 0
    vertex 19.999999999999996 41.0975049708605 0
  endloop
endfacet
facet normal 0 0 -1
  outer loop
    vertex 30 49.507597570021 0
    vertex 27.990140682897 48 0
    vertex 27.990140682897 50.195009941721 0
  endloop
endfacet
facet normal 0 0 -1
  outer loop
    vertex 30 49.507597570021 0
    vertex 30 48.6874123717 0
    vertex 27.990140682897 48 0
  endloop
endfacet
facet normal 0 0 -1
  outer loop
    vertex 27.990140682897 53.195009941721 0
    vertex 27.990140682897 51 0
    vertex 19.999999999999996 41.0975049708605 0
  endloop
endfacet
facet normal 0 0 -1
  outer loop
    vertex 27.990140682897 53.195009941721 0
    vertex 19.999999999999996 41.0975049708605 0
    vertex 9.999999999999998 41.0975049708605 0
  endloop
endfacet
facet normal 0 0 -1
  outer loop
    vertex 27.990140682897 54 0
    vertex 27.990140682897 53.195009941721 0
    vertex 9.999999999999998 41.0975049708605 0
  endloop
endfacet
facet normal 0 0 -1
  outer loop
    vertex 30 52.507597570021 0
    vertex 27.990140682897 51 0
    vertex 27.990140682897 53.195009941721 0
  endloop
endfacet
facet normal 0 0 -1
  outer loop
    vertex 30 52.507597570021 0
    vertex 30 51.6874123717 0
    vertex 27.990140682897 51 0
  endloop
endfacet
facet normal 0 0 -1
  outer loop
    vertex 27.990140682897 56.195009941721 0
    vertex 27.990140682897 54 0
    vertex 9.999999999999998 41.0975049708605 0
  endloop
endfacet
facet normal 0 0 -1
  outer loop
    vertex 27.990140682897 56.195009941721 0
    vertex 9.999999999999998 41.0975049708605 0
    vertex 0 62.195009941721 0
  endloop
endfacet
facet normal 0 0 -1
  outer loop
    vertex 27.990140682897 57 0
    vertex 27.990140682897 56.195009941721 0
    vertex 0 62.195009941721 0
  endloop
endfacet
facet normal 0 0 -1
  outer loop
    vertex 30 55.507597570021 0
    vertex 27.990140682897 54 0
    vertex 27.990140682897 56.195009941721 0
  endloop
endfacet
facet normal 0 0 -1
  outer loop
    vertex 30 55.507597570021 0
    vertex 30 54.6874123717 0
    vertex 27.990140682897 54 0
  endloop
endfacet
facet normal 0 0 -1
  outer loop
    vertex 27.990140682897 59.195009941721 0
    vertex 27.990140682897 57 0
    vertex 0 62.195009941721 0
  endloop
endfacet
facet normal 0 0 -1
  outer loop
    vertex 30 57.6874123717 0
    vertex 27.990140682897 57 0
    vertex 27.990140682897 59.195009941721 0
  endloop
endfacet
facet normal 0 0 -1
  outer loop
    vertex 27.990140682897 60 0
    vertex 27.990140682897 59.195009941721 0
    vertex 0 62.195009941721 0
  endloop
endfacet
facet normal 0 0 -1
  outer loop
    vertex 30 58.507597570021 0
    vertex 30 57.6874123717 0
    vertex 27.990140682897 59.195009941721 0
  endloop
endfacet
facet normal 0 0 -1
  outer loop
    vertex 27.990140682897 62.195009941721 0
    vertex 27.990140682897 60 0
    vertex 0 62.195009941721 0
  endloop
endfacet
facet normal 0 0 -1
  outer loop
    vertex 30 61.507597570021 0
    vertex 27.990140682897 60 0
    vertex 27.990140682897 62.195009941721 0
  endloop
endfacet
facet normal 0 0 -1
  outer loop
    vertex 30 61.507597570021 0
    vertex 30 60.6874123717 0
    vertex 27.990140682897 60 0
  endloop
endfacet
facet normal 0.32361557711818517 -0.9461886483394651 0
  outer loop
    vertex 30 0.6874123717 0
    vertex 27.990140682897 0 5
    vertex 27.990140682897 0 0
  endloop
endfacet
facet normal 0.32361557711818517 -0.9461886483394651 0
  outer loop
    vertex 30 0.6874123717 0
    vertex 30 0.6874123717 5
    vertex 27.990140682897 0 5
  endloop
endfacet
facet normal 0.32361557711818517 0.9461886483394651 0
  outer loop
    vertex 27.990140682897 2.195009941721 0
    vertex 30 1.507597570021 5
    vertex 30 1.507597570021 0
  endloop
endfacet
facet normal 0.32361557711818517 0.9461886483394651 0
  outer loop
    vertex 27.990140682897 2.195009941721 0
    vertex 27.990140682897 2.195009941721 5
    vertex 30 1.507597570021 5
  endloop
endfacet
facet normal 1 0 0
  outer loop
    vertex 27.990140682897 3 0
    vertex 27.990140682897 2.195009941721 5
    vertex 27.990140682897 2.195009941721 0
  endloop
endfacet
facet normal 1 0 0
  outer loop
    vertex 27.990140682897 3 0
    vertex 27.990140682897 3 5
    vertex 27.990140682897 2.195009941721 5
  endloop
endfacet
facet normal 0.32361557711818506 -0.9461886483394651 0
  outer loop
    vertex 30 3.6874123717 0
    vertex 27.990140682897 3 5
    vertex 27.990140682897 3 0
  endloop
endfacet
facet normal 0.32361557711818506 -0.9461886483394651 0
  outer loop
    vertex 30 3.6874123717 0
    vertex 30 3.6874123717 5
    vertex 27.990140682897 3 5
  endloop
endfacet
facet normal 0.32361557711818506 0.9461886483394651 0
  outer loop
    vertex 27.990140682897 5.195009941721 0
    vertex 30 4.507597570021 5
    vertex 30 4.507597570021 0
  endloop
endfacet
facet normal 0.32361557711818506 0.9461886483394651 0
  outer loop
    vertex 27.990140682897 5.195009941721 0
    vertex 27.990140682897 5.195009941721 5
    vertex 30 4.507597570021 5
  endloop
endfacet
facet normal 0.32361557711818467 -0.9461886483394653 0
  outer loop
    vertex 30 60.6874123717 0
    vertex 27.990140682897 60 5
    vertex 27.990140682897 60 0
  endloop
endfacet
facet normal 0.32361557711818467 -0.9461886483394653 0
  outer loop
    vertex 30 60.6874123717 0
    vertex 30 60.6874123717 5
    vertex 27.990140682897 60 5
  endloop
endfacet
facet normal 1 0 0
  outer loop
    vertex 27.990140682897 6 0
    vertex 27.990140682897 5.195009941721 5
    vertex 27.990140682897 5.195009941721 0
  endloop
endfacet
facet normal 1 0 0
  outer loop
    vertex 27.990140682897 6 0
    vertex 27.990140682897 6 5
    vertex 27.990140682897 5.195009941721 5
  endloop
endfacet
facet normal 0.32361557711818506 -0.9461886483394651 0
  outer loop
    vertex 30 6.6874123717 0
    vertex 27.990140682897 6 5
    vertex 27.990140682897 6 0
  endloop
endfacet
facet normal 0.32361557711818506 -0.9461886483394651 0
  outer loop
    vertex 30 6.6874123717 0
    vertex 30 6.6874123717 5
    vertex 27.990140682897 6 5
  endloop
endfacet
facet normal 0.32361557711818467 0.9461886483394653 0
  outer loop
    vertex 27.990140682897 59.195009941721 0
    vertex 30 58.507597570021 5
    vertex 30 58.507597570021 0
  endloop
endfacet
facet normal 0.32361557711818467 0.9461886483394653 0
  outer loop
    vertex 27.990140682897 59.195009941721 0
    vertex 27.990140682897 59.195009941721 5
    vertex 30 58.507597570021 5
  endloop
endfacet
facet normal 1 0 0
  outer loop
    vertex 27.990140682897 60 0
    vertex 27.990140682897 59.195009941721 5
    vertex 27.990140682897 59.195009941721 0
  endloop
endfacet
facet normal 1 0 0
  outer loop
    vertex 27.990140682897 60 0
    vertex 27.990140682897 60 5
    vertex 27.990140682897 59.195009941721 5
  endloop
endfacet
facet normal 0.32361557711818545 0.9461886483394649 0
  outer loop
    vertex 27.990140682897 8.195009941721 0
    vertex 30 7.507597570021 5
    vertex 30 7.507597570021 0
  endloop
endfacet
facet normal 0.32361557711818545 0.9461886483394649 0
  outer loop
    vertex 27.990140682897 8.195009941721 0
    vertex 27.990140682897 8.195009941721 5
    vertex 30 7.507597570021 5
  endloop
endfacet
facet normal 0.32361557711818467 -0.9461886483394653 0
  outer loop
    vertex 30 57.6874123717 0
    vertex 27.990140682897 57 5
    vertex 27.990140682897 57 0
  endloop
endfacet
facet normal 0.32361557711818467 -0.9461886483394653 0
  outer loop
    vertex 30 57.6874123717 0
    vertex 30 57.6874123717 5
    vertex 27.990140682897 57 5
  endloop
endfacet
facet normal 1 0 0
  outer loop
    vertex 27.990140682897 9 0
    vertex 27.990140682897 8.195009941721 5
    vertex 27.990140682897 8.195009941721 0
  endloop
endfacet
facet normal 1 0 0
  outer loop
    vertex 27.990140682897 9 0
    vertex 27.990140682897 9 5
    vertex 27.990140682897 8.195009941721 5
  endloop
endfacet
facet normal 0.32361557711818545 -0.9461886483394649 0
  outer loop
    vertex 30 9.6874123717 0
    vertex 27.990140682897 9 5
    vertex 27.990140682897 9 0
  endloop
endfacet
facet normal 0.32361557711818545 -0.9461886483394649 0
  outer loop
    vertex 30 9.6874123717 0
    vertex 30 9.6874123717 5
    vertex 27.990140682897 9 5
  endloop
endfacet
facet normal 0.32361557711818467 0.9461886483394653 0
  outer loop
    vertex 27.990140682897 56.195009941721 0
    vertex 30 55.507597570021 5
    vertex 30 55.507597570021 0
  endloop
endfacet
facet normal 0.32361557711818467 0.9461886483394653 0
  outer loop
    vertex 27.990140682897 56.195009941721 0
    vertex 27.990140682897 56.195009941721 5
    vertex 30 55.507597570021 5
  endloop
endfacet
facet normal 1 0 0
  outer loop
    vertex 27.990140682897 57 0
    vertex 27.990140682897 56.195009941721 5
    vertex 27.990140682897 56.195009941721 0
  endloop
endfacet
facet normal 1 0 0
  outer loop
    vertex 27.990140682897 57 0
    vertex 27.990140682897 57 5
    vertex 27.990140682897 56.195009941721 5
  endloop
endfacet
facet normal 0.32361557711818545 0.9461886483394649 0
  outer loop
    vertex 27.990140682897 11.195009941721 0
    vertex 30 10.507597570021 5
    vertex 30 10.507597570021 0
  endloop
endfacet
facet normal 0.32361557711818545 0.9461886483394649 0
  outer loop
    vertex 27.990140682897 11.195009941721 0
    vertex 27.990140682897 11.195009941721 5
    vertex 30 10.507597570021 5
  endloop
endfacet
facet normal 0.32361557711818467 -0.9461886483394653 0
  outer loop
    vertex 30 54.6874123717 0
    vertex 27.990140682897 54 5
    vertex 27.990140682897 54 0
  endloop
endfacet
facet normal 0.32361557711818467 -0.9461886483394653 0
  outer loop
    vertex 30 54.6874123717 0
    vertex 30 54.6874123717 5
    vertex 27.990140682897 54 5
  endloop
endfacet
facet normal 1 0 0
  outer loop
    vertex 27.990140682897 12 0
    vertex 27.990140682897 11.195009941721 5
    vertex 27.990140682897 11.195009941721 0
  endloop
endfacet
facet normal 1 0 0
  outer loop
    vertex 27.990140682897 12 0
    vertex 27.990140682897 12 5
    vertex 27.990140682897 11.195009941721 5
  endloop
endfacet
facet normal 0.32361557711818545 -0.9461886483394649 0
  outer loop
    vertex 30 12.6874123717 0
    vertex 27.990140682897 12 5
    vertex 27.990140682897 12 0
  endloop
endfacet
facet normal 0.32361557711818545 -0.9461886483394649 0
  outer loop
    vertex 30 12.6874123717 0
    vertex 30 12.6874123717 5
    vertex 27.990140682897 12 5
  endloop
endfacet
facet normal 0.32361557711818467 0.9461886483394653 0
  outer loop
    vertex 27.990140682897 53.195009941721 0
    vertex 30 52.507597570021 5
    vertex 30 52.507597570021 0
  endloop
endfacet
facet normal 0.32361557711818467 0.9461886483394653 0
  outer loop
    vertex 27.990140682897 53.195009941721 0
    vertex 27.990140682897 53.195009941721 5
    vertex 30 52.507597570021 5
  endloop
endfacet
facet normal 1 0 0
  outer loop
    vertex 27.990140682897 54 0
    vertex 27.990140682897 53.195009941721 5
    vertex 27.990140682897 53.195009941721 0
  endloop
endfacet
facet normal 1 0 0
  outer loop
    vertex 27.990140682897 54 0
    vertex 27.990140682897 54 5
    vertex 27.990140682897 53.195009941721 5
  endloop
endfacet
facet normal 0.32361557711818545 0.9461886483394649 0
  outer loop
    vertex 27.990140682897 14.195009941721 0
    vertex 30 13.507597570021 5
    vertex 30 13.507597570021 0
  endloop
endfacet
facet normal 0.32361557711818545 0.9461886483394649 0
  outer loop
    vertex 27.990140682897 14.195009941721 0
    vertex 27.990140682897 14.195009941721 5
    vertex 30 13.507597570021 5
  endloop
endfacet
facet normal 0.32361557711818467 -0.9461886483394653 0
  outer loop
    vertex 30 51.6874123717 0
    vertex 27.990140682897 51 5
    vertex 27.990140682897 51 0
  endloop
endfacet
facet normal 0.32361557711818467 -0.9461886483394653 0
  outer loop
    vertex 30 51.6874123717 0
    vertex 30 51.6874123717 5
    vertex 27.990140682897 51 5
  endloop
endfacet
facet normal 1 0 0
  outer loop
    vertex 27.990140682897 15 0
    vertex 27.990140682897 14.195009941721 5
    vertex 27.990140682897 14.195009941721 0
  endloop
endfacet
facet normal 1 0 0
  outer loop
    vertex 27.990140682897 15 0
    vertex 27.990140682897 15 5
    vertex 27.990140682897 14.195009941721 5
  endloop
endfacet
facet normal 0.32361557711818545 -0.9461886483394649 0
  outer loop
    vertex 30 15.6874123717 0
    vertex 27.990140682897 15 5
    vertex 27.990140682897 15 0
  endloop
endfacet
facet normal 0.32361557711818545 -0.9461886483394649 0
  outer loop
    vertex 30 15.6874123717 0
    vertex 30 15.6874123717 5
    vertex 27.990140682897 15 5
  endloop
endfacet
facet normal 0.32361557711818467 0.9461886483394653 0
  outer loop
    vertex 27.990140682897 50.195009941721 0
    vertex 30 49.507597570021 5
    vertex 30 49.507597570021 0
  endloop
endfacet
facet normal 0.32361557711818467 0.9461886483394653 0
  outer loop
    vertex 27.990140682897 50.195009941721 0
    vertex 27.990140682897 50.195009941721 5
    vertex 30 49.507597570021 5
  endloop
endfacet
facet normal 1 0 0
  outer loop
    vertex 27.990140682897 51 0
    vertex 27.990140682897 50.195009941721 5
    vertex 27.990140682897 50.195009941721 0
  endloop
endfacet
facet normal 1 0 0
  outer loop
    vertex 27.990140682897 51 0
    vertex 27.990140682897 51 5
    vertex 27.990140682897 50.195009941721 5
  endloop
endfacet
facet normal 0.32361557711818467 0.9461886483394653 0
  outer loop
    vertex 27.990140682897 17.195009941721 0
    vertex 30 16.507597570021 5
    vertex 30 16.507597570021 0
  endloop
endfacet
facet normal 0.32361557711818467 0.9461886483394653 0
  outer loop
    vertex 27.990140682897 17.195009941721 0
    vertex 27.990140682897 17.195009941721 5
    vertex 30 16.507597570021 5
  endloop
endfacet
facet normal 0.32361557711818467 -0.9461886483394653 0
  outer loop
    vertex 30 48.6874123717 0
    vertex 27.990140682897 48 5
    vertex 27.990140682897 48 0
  endloop
endfacet
facet normal 0.32361557711818467 -0.9461886483394653 0
  outer loop
    vertex 30 48.6874123717 0
    vertex 30 48.6874123717 5
    vertex 27.990140682897 48 5
  endloop
endfacet
facet normal 1 0 0
  outer loop
    vertex 27.990140682897 18 0
    vertex 27.990140682897 17.195009941721 5
    vertex 27.990140682897 17.195009941721 0
  endloop
endfacet
facet normal 1 0 0
  outer loop
    vertex 27.990140682897 18 0
    vertex 27.990140682897 18 5
    vertex 27.990140682897 17.195009941721 5
  endloop
endfacet
facet normal 0.32361557711818467 -0.9461886483394653 0
  outer loop
    vertex 30 18.6874123717 0
    vertex 27.990140682897 18 5
    vertex 27.990140682897 18 0
  endloop
endfacet
facet normal 0.32361557711818467 -0.9461886483394653 0
  outer loop
    vertex 30 18.6874123717 0
    vertex 30 18.6874123717 5
    vertex 27.990140682897 18 5
  endloop
endfacet
facet normal 0.32361557711818467 0.9461886483394653 0
  outer loop
    vertex 27.990140682897 47.195009941721 0
    vertex 30 46.507597570021 5
    vertex 30 46.507597570021 0
  endloop
endfacet
facet normal 0.32361557711818467 0.9461886483394653 0
  outer loop
    vertex 27.990140682897 47.195009941721 0
    vertex 27.990140682897 47.195009941721 5
    vertex 30 46.507597570021 5
  endloop
endfacet
facet normal 1 0 0
  outer loop
    vertex 27.990140682897 48 0
    vertex 27.990140682897 47.195009941721 5
    vertex 27.990140682897 47.195009941721 0
  endloop
endfacet
facet normal 1 0 0
  outer loop
    vertex 27.990140682897 48 0
    vertex 27.990140682897 48 5
    vertex 27.990140682897 47.195009941721 5
  endloop
endfacet
facet normal 0.32361557711818467 0.9461886483394653 0
  outer loop
    vertex 27.990140682897 20.195009941721 0
    vertex 30 19.507597570021 5
    vertex 30 19.507597570021 0
  endloop
endfacet
facet normal 0.32361557711818467 0.9461886483394653 0
  outer loop
    vertex 27.990140682897 20.195009941721 0
    vertex 27.990140682897 20.195009941721 5
    vertex 30 19.507597570021 5
  endloop
endfacet
facet normal 0.32361557711818467 -0.9461886483394653 0
  outer loop
    vertex 30 45.6874123717 0
    vertex 27.990140682897 45 5
    vertex 27.990140682897 45 0
  endloop
endfacet
facet normal 0.32361557711818467 -0.9461886483394653 0
  outer loop
    vertex 30 45.6874123717 0
    vertex 30 45.6874123717 5
    vertex 27.990140682897 45 5
  endloop
endfacet
facet normal 1 0 0
  outer loop
    vertex 27.990140682897 21 0
    vertex 27.990140682897 20.195009941721 5
    vertex 27.990140682897 20.195009941721 0
  endloop
endfacet
facet normal 1 0 0
  outer loop
    vertex 27.990140682897 21 0
    vertex 27.990140682897 21 5
    vertex 27.990140682897 20.195009941721 5
  endloop
endfacet
facet normal 0.32361557711818467 -0.9461886483394653 0
  outer loop
    vertex 30 21.6874123717 0
    vertex 27.990140682897 21 5
    vertex 27.990140682897 21 0
  endloop
endfacet
facet normal 0.32361557711818467 -0.9461886483394653 0
  outer loop
    vertex 30 21.6874123717 0
    vertex 30 21.6874123717 5
    vertex 27.990140682897 21 5
  endloop
endfacet
facet normal 0.32361557711818467 0.9461886483394653 0
  outer loop
    vertex 27.990140682897 44.195009941721 0
    vertex 30 43.507597570021 5
    vertex 30 43.507597570021 0
  endloop
endfacet
facet normal 0.32361557711818467 0.9461886483394653 0
  outer loop
    vertex 27.990140682897 44.195009941721 0
    vertex 27.990140682897 44.195009941721 5
    vertex 30 43.507597570021 5
  endloop
endfacet
facet normal 1 0 0
  outer loop
    vertex 27.990140682897 45 0
    vertex 27.990140682897 44.195009941721 5
    vertex 27.990140682897 44.195009941721 0
  endloop
endfacet
facet normal 1 0 0
  outer loop
    vertex 27.990140682897 45 0
    vertex 27.990140682897 45 5
    vertex 27.990140682897 44.195009941721 5
  endloop
endfacet
facet normal 0.32361557711818467 0.9461886483394653 0
  outer loop
    vertex 27.990140682897 23.195009941721 0
    vertex 30 22.507597570021 5
    vertex 30 22.507597570021 0
  endloop
endfacet
facet normal 0.32361557711818467 0.9461886483394653 0
  outer loop
    vertex 27.990140682897 23.195009941721 0
    vertex 27.990140682897 23.195009941721 5
    vertex 30 22.507597570021 5
  endloop
endfacet
facet normal 0.32361557711818467 -0.9461886483394653 0
  outer loop
    vertex 30 42.6874123717 0
    vertex 27.990140682897 42 5
    vertex 27.990140682897 42 0
  endloop
endfacet
facet normal 0.32361557711818467 -0.9461886483394653 0
  outer loop
    vertex 30 42.6874123717 0
    vertex 30 42.6874123717 5
    vertex 27.990140682897 42 5
  endloop
endfacet
facet normal 1 0 0
  outer loop
    vertex 27.990140682897 24 0
    vertex 27.990140682897 23.195009941721 5
    vertex 27.990140682897 23.195009941721 0
  endloop
endfacet
facet normal 1 0 0
  outer loop
    vertex 27.990140682897 24 0
    vertex 27.990140682897 24 5
    vertex 27.990140682897 23.195009941721 5
  endloop
endfacet
facet normal 0.32361557711818467 -0.9461886483394653 0
  outer loop
    vertex 30 24.6874123717 0
    vertex 27.990140682897 24 5
    vertex 27.990140682897 24 0
  endloop
endfacet
facet normal 0.32361557711818467 -0.9461886483394653 0
  outer loop
    vertex 30 24.6874123717 0
    vertex 30 24.6874123717 5
    vertex 27.990140682897 24 5
  endloop
endfacet
facet normal 0.32361557711818467 0.9461886483394653 0
  outer loop
    vertex 27.990140682897 41.195009941721 0
    vertex 30 40.507597570021 5
    vertex 30 40.507597570021 0
  endloop
endfacet
facet normal 0.32361557711818467 0.9461886483394653 0
  outer loop
    vertex 27.990140682897 41.195009941721 0
    vertex 27.990140682897 41.195009941721 5
    vertex 30 40.507597570021 5
  endloop
endfacet
facet normal 1 0 0
  outer loop
    vertex 27.990140682897 42 0
    vertex 27.990140682897 41.195009941721 5
    vertex 27.990140682897 41.195009941721 0
  endloop
endfacet
facet normal 1 0 0
  outer loop
    vertex 27.990140682897 42 0
    vertex 27.990140682897 42 5
    vertex 27.990140682897 41.195009941721 5
  endloop
endfacet
facet normal 0.32361557711818467 0.9461886483394653 0
  outer loop
    vertex 27.990140682897 26.195009941721 0
    vertex 30 25.507597570021 5
    vertex 30 25.507597570021 0
  endloop
endfacet
facet normal 0.32361557711818467 0.9461886483394653 0
  outer loop
    vertex 27.990140682897 26.195009941721 0
    vertex 27.990140682897 26.195009941721 5
    vertex 30 25.507597570021 5
  endloop
endfacet
facet normal 0.32361557711818467 -0.9461886483394653 0
  outer loop
    vertex 30 39.6874123717 0
    vertex 27.990140682897 39 5
    vertex 27.990140682897 39 0
  endloop
endfacet
facet normal 0.32361557711818467 -0.9461886483394653 0
  outer loop
    vertex 30 39.6874123717 0
    vertex 30 39.6874123717 5
    vertex 27.990140682897 39 5
  endloop
endfacet
facet normal 1 0 0
  outer loop
    vertex 27.990140682897 27 0
    vertex 27.990140682897 26.195009941721 5
    vertex 27.990140682897 26.195009941721 0
  endloop
endfacet
facet normal 1 0 0
  outer loop
    vertex 27.990140682897 27 0
    vertex 27.990140682897 27 5
    vertex 27.990140682897 26.195009941721 5
  endloop
endfacet
facet normal 0.32361557711818467 -0.9461886483394653 0
  outer loop
    vertex 30 27.6874123717 0
    vertex 27.990140682897 27 5
    vertex 27.990140682897 27 0
  endloop
endfacet
facet normal 0.32361557711818467 -0.9461886483394653 0
  outer loop
    vertex 30 27.6874123717 0
    vertex 30 27.6874123717 5
    vertex 27.990140682897 27 5
  endloop
endfacet
facet normal 0.32361557711818467 0.9461886483394653 0
  outer loop
    vertex 27.990140682897 38.195009941721 0
    vertex 30 37.507597570021 5
    vertex 30 37.507597570021 0
  endloop
endfacet
facet normal 0.32361557711818467 0.9461886483394653 0
  outer loop
    vertex 27.990140682897 38.195009941721 0
    vertex 27.990140682897 38.195009941721 5
    vertex 30 37.507597570021 5
  endloop
endfacet
facet normal 1 0 0
  outer loop
    vertex 27.990140682897 39 0
    vertex 27.990140682897 38.195009941721 5
    vertex 27.990140682897 38.195009941721 0
  endloop
endfacet
facet normal 1 0 0
  outer loop
    vertex 27.990140682897 39 0
    vertex 27.990140682897 39 5
    vertex 27.990140682897 38.195009941721 5
  endloop
endfacet
facet normal 0.32361557711818467 0.9461886483394653 0
  outer loop
    vertex 27.990140682897 29.195009941721 0
    vertex 30 28.507597570021 5
    vertex 30 28.507597570021 0
  endloop
endfacet
facet normal 0.32361557711818467 0.9461886483394653 0
  outer loop
    vertex 27.990140682897 29.195009941721 0
    vertex 27.990140682897 29.195009941721 5
    vertex 30 28.507597570021 5
  endloop
endfacet
facet normal 0.32361557711818467 -0.9461886483394653 0
  outer loop
    vertex 30 36.6874123717 0
    vertex 27.990140682897 36 5
    vertex 27.990140682897 36 0
  endloop
endfacet
facet normal 0.32361557711818467 -0.9461886483394653 0
  outer loop
    vertex 30 36.6874123717 0
    vertex 30 36.6874123717 5
    vertex 27.990140682897 36 5
  endloop
endfacet
facet normal 1 0 0
  outer loop
    vertex 27.990140682897 30 0
    vertex 27.990140682897 29.195009941721 5
    vertex 27.990140682897 29.195009941721 0
  endloop
endfacet
facet normal 1 0 0
  outer loop
    vertex 27.990140682897 30 0
    vertex 27.990140682897 30 5
    vertex 27.990140682897 29.195009941721 5
  endloop
endfacet
facet normal 0.32361557711818467 -0.9461886483394653 0
  outer loop
    vertex 30 30.6874123717 0
    vertex 27.990140682897 30 5
    vertex 27.990140682897 30 0
  endloop
endfacet
facet normal 0.32361557711818467 -0.9461886483394653 0
  outer loop
    vertex 30 30.6874123717 0
    vertex 30 30.6874123717 5
    vertex 27.990140682897 30 5
  endloop
endfacet
facet normal 0.32361557711818467 0.9461886483394653 0
  outer loop
    vertex 27.990140682897 35.195009941721 0
    vertex 30 34.507597570021 5
    vertex 30 34.507597570021 0
  endloop
endfacet
facet normal 0.32361557711818467 0.9461886483394653 0
  outer loop
    vertex 27.990140682897 35.195009941721 0
    vertex 27.990140682897 35.195009941721 5
    vertex 30 34.507597570021 5
  endloop
endfacet
facet normal 1 0 0
  outer loop
    vertex 27.990140682897 36 0
    vertex 27.990140682897 35.195009941721 5
    vertex 27.990140682897 35.195009941721 0
  endloop
endfacet
facet normal 1 0 0
  outer loop
    vertex 27.990140682897 36 0
    vertex 27.990140682897 36 5
    vertex 27.990140682897 35.195009941721 5
  endloop
endfacet
facet normal 0.32361557711818323 0.9461886483394658 0
  outer loop
    vertex 27.990140682897 32.195009941721 0
    vertex 30 31.507597570021 5
    vertex 30 31.507597570021 0
  endloop
endfacet
facet normal 0.32361557711818323 0.9461886483394658 0
  outer loop
    vertex 27.990140682897 32.195009941721 0
    vertex 27.990140682897 32.195009941721 5
    vertex 30 31.507597570021 5
  endloop
endfacet
facet normal 0.32361557711818467 -0.9461886483394653 0
  outer loop
    vertex 30 33.6874123717 0
    vertex 27.990140682897 33 5
    vertex 27.990140682897 33 0
  endloop
endfacet
facet normal 0.32361557711818467 -0.9461886483394653 0
  outer loop
    vertex 30 33.6874123717 0
    vertex 30 33.6874123717 5
    vertex 27.990140682897 33 5
  endloop
endfacet
facet normal 1 0 0
  outer loop
    vertex 27.990140682897 33 0
    vertex 27.990140682897 32.195009941721 5
    vertex 27.990140682897 32.195009941721 0
  endloop
endfacet
facet normal 1 0 0
  outer loop
    vertex 27.990140682897 33 0
    vertex 27.990140682897 33 5
    vertex 27.990140682897 32.195009941721 5
  endloop
endfacet
facet normal 0 1 0
  outer loop
    vertex 19.999999999999996 21.0975049708605 0
    vertex 9.999999999999998 21.0975049708605 0
    vertex 9.999999999999998 21.0975049708605 0.5
  endloop
endfacet
facet normal 0 1 0
  outer loop
    vertex 19.999999999999996 21.0975049708605 0
    vertex 9.999999999999998 21.0975049708605 0.5
    vertex 19.999999999999996 21.0975049708605 0.5
  endloop
endfacet
facet normal 1 0 0
  outer loop
    vertex 9.999999999999998 21.0975049708605 0.5
    vertex 9.999999999999998 41.0975049708605 0
    vertex 9.999999999999998 41.0975049708605 0.5
  endloop
endfacet
facet normal 1 0 0
  outer loop
    vertex 9.999999999999998 21.0975049708605 0
    vertex 9.999999999999998 41.0975049708605 0
    vertex 9.999999999999998 21.0975049708605 0.5
  endloop
endfacet
facet normal -1 0 0
  outer loop
    vertex 19.999999999999996 41.0975049708605 0.5
    vertex 19.999999999999996 21.0975049708605 0
    vertex 19.999999999999996 21.0975049708605 0.5
  endloop
endfacet
facet normal -1 0 0
  outer loop
    vertex 19.999999999999996 41.0975049708605 0
    vertex 19.999999999999996 21.0975049708605 0
    vertex 19.999999999999996 41.0975049708605 0.5
  endloop
endfacet
facet normal 0 -1 0
  outer loop
    vertex 9.999999999999998 41.0975049708605 0
    vertex 19.999999999999996 41.0975049708605 0
    vertex 19.999999999999996 41.0975049708605 0.5
  endloop
endfacet
facet normal 0 -1 0
  outer loop
    vertex 9.999999999999998 41.0975049708605 0
    vertex 19.999999999999996 41.0975049708605 0.5
    vertex 9.999999999999998 41.0975049708605 0.5
  endloop
endfacet
endsolid Model
